parameter_index	solver_family_id	progress_index	normalised_distance_like_value
0	0	0	0.6425431946960731
0	0	1	0.6462599703922267
0	0	2	0.37504930627472266
0	1	0	0.4706517830664489
0	1	1	0.12830620744411333
0	1	2	0.12223041982215631
1	0	0	0.6589864868568245
1	0	1	0.6138122802236035
1	0	2	0.47775523372079165
1	1	0	0.48506533482543257
1	1	1	0.10464121108708646
1	1	2	0.0961864952332204
2	0	0	0.7645747412752236
2	0	1	0.7589777124349525
2	0	2	0.48306774374311506
2	1	0	0.4249333690768279
2	1	1	0.08545078857223631
2	1	2	0.11142294269265512
3	0	0	0.7568692998061464
3	0	1	0.7202404390976286
3	0	2	0.4141779000619731
3	1	0	0.4800170851437353
3	1	1	0.06211516673703127
3	1	2	0.07513330400848187
4	0	0	0.5469349508620815
4	0	1	0.5358308141505923
4	0	2	0.34776836463459243
4	1	0	0.47364658431213946
4	1	1	0.05261441780970308
4	1	2	0.05254706573260269
5	0	0	0.6897080272137113
5	0	1	0.647053889784145
5	0	2	0.46156894892740796
5	1	0	0.39334883863443226
5	1	1	0.033145991078057546
5	1	2	0.052602408722896746
6	0	0	0.6683980271775232
6	0	1	0.6738821224221041
6	0	2	0.43348439906762115
6	1	0	0.47925179445984395
6	1	1	0.037637671316033086
6	1	2	0.03830791182196888
7	0	0	0.6714818978877338
7	0	1	0.6664077928048884
7	0	2	0.4511016152231203
7	1	0	0.49946375038923174
7	1	1	0.04959089925725689
7	1	2	0.0466212773285197
8	0	0	0.488107924855212
8	0	1	0.4862681103079485
8	0	2	0.4728366901982307
8	1	0	0.3908456700344623
8	1	1	0.08739771068850423
8	1	2	0.08739771054222718
9	0	0	0.4899731612538688
9	0	1	0.4824988829831931
9	0	2	0.44541265724728885
9	1	0	0.44882294917839577
9	1	1	0.031780972116874445
9	1	2	0.03178097211573473
10	0	0	0.6394338129742407
10	0	1	0.6587030004508878
10	0	2	0.4632922794085193
10	1	0	0.4847769311744774
10	1	1	0.021001178717515334
10	1	2	0.02062519760070622
11	0	0	0.6589292772414395
11	0	1	0.6581364983388001
11	0	2	0.4834127606807855
11	1	0	0.4795337158089743
11	1	1	0.09319320768370067
11	1	2	0.09367804526170287
12	0	0	0.6428935838098904
12	0	1	0.6462394037104687
12	0	2	0.41912901771350275
12	1	0	0.428510394503723
12	1	1	0.027139304148758925
12	1	2	0.026818391247698664
13	0	0	0.7988665689288981
13	0	1	0.7686066660263156
13	0	2	0.4043449122422184
13	1	0	0.4341493150451133
13	1	1	0.031728700256073675
13	1	2	0.03213331549989225
14	0	0	0.5516793943407136
14	0	1	0.5461938105152824
14	0	2	0.3866508869365558
14	1	0	0.4282835567807122
14	1	1	0.02895959626592011
14	1	2	0.02943066672861344
15	0	0	0.531792676347171
15	0	1	0.5117111556078342
15	0	2	0.483339637288161
15	1	0	0.4911446783730631
15	1	1	0.03388097653022604
15	1	2	0.03416103802538942
16	0	0	0.5507046261082402
16	0	1	0.5397961260722202
16	0	2	0.4746571490616054
16	1	0	0.42703667424552477
16	1	1	0.04028976169551596
16	1	2	0.040404246100664176
17	0	0	0.6139170343714204
17	0	1	0.6075747469746899
17	0	2	0.46576731276029926
17	1	0	0.45981783910826046
17	1	1	0.06305965575476802
17	1	2	0.0632627592767075
18	0	0	0.5923386544020265
18	0	1	0.5369265392307597
18	0	2	0.4276291263638249
18	1	0	0.4645386986314608
18	1	1	0.06198983120705344
18	1	2	0.06243789111960289
19	0	0	0.529473995554975
19	0	1	0.5130345472332264
19	0	2	0.40016798276907284
19	1	0	0.4521431785578593
19	1	1	0.03244919716486233
19	1	2	0.032286774831014595
20	0	0	0.677182816679029
20	0	1	0.5574978450867866
20	0	2	0.42338239320904225
20	1	0	0.456950192217159
20	1	1	0.11993328754352368
20	1	2	0.12001545034906497
21	0	0	0.7503393776204239
21	0	1	0.6926683799208492
21	0	2	0.46803686136553757
21	1	0	0.4821413534697899
21	1	1	0.05105117029899264
21	1	2	0.0510511815483832
22	0	0	0.5740449747684766
22	0	1	0.4974375251316079
22	0	2	0.48437673131405495
22	1	0	0.4284658291502925
22	1	1	0.0842041350127505
22	1	2	0.08420413621693738
23	0	0	0.47538661027176576
23	0	1	0.47538765174914066
23	0	2	0.4028728862485932
23	1	0	0.4204692645074941
23	1	1	0.043566638027831395
23	1	2	0.043566642239907416
24	0	0	0.5147063684299843
24	0	1	0.4993355615443578
24	0	2	0.4683626847325437
24	1	0	0.4475697588366657
24	1	1	0.01958470178617469
24	1	2	0.019638650464557095
25	0	0	0.5220303882711246
25	0	1	0.48416887306718825
25	0	2	0.3422971170791854
25	1	0	0.42294152662565626
25	1	1	0.044741712315433474
25	1	2	0.044731152414387465
26	0	0	0.4984885222422647
26	0	1	0.48405855310667556
26	0	2	0.4657886475277666
26	1	0	0.41955988581643466
26	1	1	0.0553682865832531
26	1	2	0.055368895461538406
27	0	0	0.5403122187495717
27	0	1	0.5081597624201708
27	0	2	0.4874132355141189
27	1	0	0.47838218186271186
27	1	1	0.0898310068927862
27	1	2	0.08983981745034918
28	0	0	0.5964072394396982
28	0	1	0.5277434780217674
28	0	2	0.4139287278814133
28	1	0	0.47342774391023806
28	1	1	0.05095507960491008
28	1	2	0.05095507990717704
29	0	0	0.4803555485333399
29	0	1	0.47038671142936184
29	0	2	0.4253191858821297
29	1	0	0.4761325910370133
29	1	1	0.10933680945350403
29	1	2	0.10935841671822737
30	0	0	0.49737513345040696
30	0	1	0.4940949357016225
30	0	2	0.4655132507324079
30	1	0	0.4838689670240253
30	1	1	0.05998075320682948
30	1	2	0.05998075360107219
31	0	0	0.5037167394752984
31	0	1	0.542183270044059
31	0	2	0.47234900417085535
31	1	0	0.43111551117841274
31	1	1	0.03587137402293296
31	1	2	0.03587755158263074
32	0	0	0.491463077187822
32	0	1	0.5099066829577446
32	0	2	0.4226142610333756
32	1	0	0.4240553512586869
32	1	1	0.07410685812190829
32	1	2	0.07410685798579975
33	0	0	0.5075764530380014
33	0	1	0.4933377910871999
33	0	2	0.46388182596897354
33	1	0	0.39824186887405516
33	1	1	0.026528087115526844
33	1	2	0.02657169906194984
34	0	0	0.5779782986063977
34	0	1	0.6142330604709125
34	0	2	0.3860721538717067
34	1	0	0.4529321706094959
34	1	1	0.03648950379994445
34	1	2	0.03648942564790281
35	0	0	0.5093064361976618
35	0	1	0.4957689616492432
35	0	2	0.3280547943174646
35	1	0	0.48640413040713526
35	1	1	0.05290689527831931
35	1	2	0.05294293485220787
36	0	0	0.5654230465909508
36	0	1	0.5605588178294364
36	0	2	0.4292561667478817
36	1	0	0.4277639150530366
36	1	1	0.04271938843763784
36	1	2	0.04273644459174741
37	0	0	0.500073595648682
37	0	1	0.49958802082635734
37	0	2	0.3714549313871007
37	1	0	0.46769576797354373
37	1	1	0.03959757979138294
37	1	2	0.039675286502094384
38	0	0	0.6331852842296932
38	0	1	0.6339508601171518
38	0	2	0.4386386295273593
38	1	0	0.40365306763443354
38	1	1	0.03891272089433184
38	1	2	0.10185819067114016
39	0	0	0.6426869428813846
39	0	1	0.626697175549043
39	0	2	0.4545312841649356
39	1	0	0.44739503345467074
39	1	1	0.0320398776470138
39	1	2	0.05897343192144523
40	0	0	0.6237661673243626
40	0	1	0.6173812517503539
40	0	2	0.37891889553669744
40	1	0	0.4898792557991986
40	1	1	0.05116982736045801
40	1	2	0.06176360626650822
41	0	0	0.6869087489734037
41	0	1	0.6389688351915735
41	0	2	0.4400509535066215
41	1	0	0.45701012897626403
41	1	1	0.1027801301007198
41	1	2	0.10020716494243787
42	0	0	0.6914677687023526
42	0	1	0.6652313254800004
42	0	2	0.5005204546233394
42	1	0	0.49804563395160506
42	1	1	0.06939368650358246
42	1	2	0.11300548772390699
43	0	0	0.49728948128018813
43	0	1	0.4972893239342788
43	0	2	0.4744702118152093
43	1	0	0.49505538428888923
43	1	1	0.1677330663076689
43	1	2	0.16770182378110993
44	0	0	0.587549049576576
44	0	1	0.5421831669965185
44	0	2	0.4322589692075431
44	1	0	0.46914639803576724
44	1	1	0.048945761983461414
44	1	2	0.04894584882950996
45	0	0	0.6717068561875507
45	0	1	0.661812965906293
45	0	2	0.458188475017668
45	1	0	0.3723647335680357
45	1	1	0.09480886029670495
45	1	2	0.10410645540399296
46	0	0	0.8365585197480887
46	0	1	0.8681120828129207
46	0	2	0.38274699441727533
46	1	0	0.4876435197806548
46	1	1	0.11055017454719082
46	1	2	0.11041377260000228
47	0	0	0.5928130228270129
47	0	1	0.6456995177353693
47	0	2	0.44197157744980603
47	1	0	0.3822771427133729
47	1	1	0.028214458624959096
47	1	2	0.028138052621172943
48	0	0	0.6122936120559717
48	0	1	0.5780047096978405
48	0	2	0.38022750444043985
48	1	0	0.47563708788233844
48	1	1	0.04721197147129551
48	1	2	0.046966299626086186
49	0	0	0.6267471321585629
49	0	1	0.6269131239283918
49	0	2	0.452477827218554
49	1	0	0.4437997212056342
49	1	1	0.059381223443843195
49	1	2	0.05938122234901848
50	0	0	0.7955599409426394
50	0	1	0.6897300733943325
50	0	2	0.4250984077716937
50	1	0	0.47958618125450814
50	1	1	0.050172273510695184
50	1	2	0.05018528171974811
51	0	0	0.6059159140314012
51	0	1	0.5587366912383704
51	0	2	0.40918655031140916
51	1	0	0.4222206307577404
51	1	1	0.0228233668593322
51	1	2	0.02274777664814709
52	0	0	0.49816012746393057
52	0	1	0.48542487054184424
52	0	2	0.42952107916001037
52	1	0	0.4731253654592533
52	1	1	0.0384530282552142
52	1	2	0.038513049423031964
53	0	0	0.6157676794983897
53	0	1	0.6231845249169692
53	0	2	0.4592783916294526
53	1	0	0.4648832908625219
53	1	1	0.16972825821543508
53	1	2	0.16967005266109786
54	0	0	0.6685742661520804
54	0	1	0.6393398463607876
54	0	2	0.4349051148558888
54	1	0	0.46929163291497455
54	1	1	0.08446607418353587
54	1	2	0.0844661780891895
55	0	0	0.6562870581324047
55	0	1	0.6327323010583674
55	0	2	0.36547923277507427
55	1	0	0.4208904179613302
55	1	1	0.11252884827438527
55	1	2	0.11252876117919629
56	0	0	0.5607976159987011
56	0	1	0.568500401638586
56	0	2	0.4373676955699709
56	1	0	0.4936791625613908
56	1	1	0.20530141159224655
56	1	2	0.21244438042493508
57	0	0	0.6475866474505141
57	0	1	0.6293823406058957
57	0	2	0.46476975967168166
57	1	0	0.39358456862742175
57	1	1	0.06566839949210419
57	1	2	0.05987223839928929
58	0	0	0.6937831271476529
58	0	1	0.6908533206078256
58	0	2	0.46409004055391956
58	1	0	0.4650251110521942
58	1	1	0.06685096014128616
58	1	2	0.07416613314763784
59	0	0	0.585944112746076
59	0	1	0.5678715720639629
59	0	2	0.46730181306445734
59	1	0	0.34229842178071745
59	1	1	0.02634157752946173
59	1	2	0.02373390051138073
60	0	0	0.5649913773585743
60	0	1	0.5145989585390106
60	0	2	0.40817730035097133
60	1	0	0.4024636398712811
60	1	1	0.03223405517453051
60	1	2	0.030832277384023707
61	0	0	0.6398800585785027
61	0	1	0.6380189906781653
61	0	2	0.42596471889200216
61	1	0	0.4613048823010083
61	1	1	0.052209184226608335
61	1	2	0.0522062073216326
62	0	0	0.5709862970192723
62	0	1	0.5851547402605909
62	0	2	0.4260013139284424
62	1	0	0.49341424209330204
62	1	1	0.03889590980586349
62	1	2	0.038830991573502505
63	0	0	0.5759623702498169
63	0	1	0.5250847163477897
63	0	2	0.4796268699564029
63	1	0	0.48232437815320245
63	1	1	0.04903598133300846
63	1	2	0.04913690912666156
64	0	0	0.714652072641933
64	0	1	0.6077186417287024
64	0	2	0.40429282875910877
64	1	0	0.4646956855853977
64	1	1	0.043870770840329615
64	1	2	0.056230300075006914
65	0	0	0.6115233363315868
65	0	1	0.5752310208530687
65	0	2	0.47788620893840583
65	1	0	0.46744152958637125
65	1	1	0.07135891126904478
65	1	2	0.07297460049469606
66	0	0	0.6346817333649014
66	0	1	0.5517341746815378
66	0	2	0.32910933625966937
66	1	0	0.4166038811962967
66	1	1	0.03816740128128543
66	1	2	0.036149381820368504
67	0	0	0.6164341603620253
67	0	1	0.6143895671253261
67	0	2	0.42424962992022175
67	1	0	0.46745189284581506
67	1	1	0.07040984280566318
67	1	2	0.07212075039324051
68	0	0	0.614390471866948
68	0	1	0.6079187569097113
68	0	2	0.49030366296998124
68	1	0	0.46274300780153327
68	1	1	0.07424712606661885
68	1	2	0.07656557594937449
69	0	0	0.6888608620203283
69	0	1	0.6523459678587775
69	0	2	0.3909009188257806
69	1	0	0.3808007620445877
69	1	1	0.025825978005403205
69	1	2	0.025806789925097287
70	0	0	0.49491343698937684
70	0	1	0.4951074910649059
70	0	2	0.45302582684340575
70	1	0	0.4379778378998409
70	1	1	0.16974923654095073
70	1	2	0.16970903592545922
71	0	0	0.505419895698511
71	0	1	0.5004705864419361
71	0	2	0.4277895832456751
71	1	0	0.41782027550892953
71	1	1	0.1293944313602186
71	1	2	0.12942317103339374
72	0	0	0.6062118341333873
72	0	1	0.6087966599617709
72	0	2	0.3400738956912543
72	1	0	0.46179031838178874
72	1	1	0.10983809460192584
72	1	2	0.1098340761598304
73	0	0	0.7516652483986033
73	0	1	0.6276163326660789
73	0	2	0.3981714180566547
73	1	0	0.4361766106241591
73	1	1	0.01964477259564426
73	1	2	0.020605192914713383
74	0	0	0.5289749795930209
74	0	1	0.5066762564918619
74	0	2	0.4308808678388518
74	1	0	0.4502215146809563
74	1	1	0.02304502579326541
74	1	2	0.02304502024711383
75	0	0	0.555228202364161
75	0	1	0.5336429884775814
75	0	2	0.4783127178039828
75	1	0	0.4688212531023846
75	1	1	0.155144898880277
75	1	2	0.1566521582074323
76	0	0	0.4999735809629371
76	0	1	0.48741274349642194
76	0	2	0.4366633437766586
76	1	0	0.46373380357262084
76	1	1	0.039375497045166935
76	1	2	0.03890619660923403
77	0	0	0.6734553200597253
77	0	1	0.6562448161567309
77	0	2	0.4746313498630487
77	1	0	0.387762791161542
77	1	1	0.04508195432763834
77	1	2	0.04581773368660899
78	0	0	0.6279562727260217
78	0	1	0.620953897365782
78	0	2	0.4789019659107051
78	1	0	0.49451080159267286
78	1	1	0.06782249925908347
78	1	2	0.07076874786194108
79	0	0	0.5194902240119971
79	0	1	0.49570113015237294
79	0	2	0.43880175802204935
79	1	0	0.45533592872173617
79	1	1	0.024305091672809545
79	1	2	0.024279676665374936
80	0	0	0.49132524095846997
80	0	1	0.4913252624717038
80	0	2	0.43375263679867304
80	1	0	0.40625256387777814
80	1	1	0.03786801016102846
80	1	2	0.037879728889241335
81	0	0	0.4855642420225965
81	0	1	0.4784492905962201
81	0	2	0.4649398576606156
81	1	0	0.42567574614458487
81	1	1	0.0369769632614763
81	1	2	0.03697696196033794
82	0	0	0.6348319926460497
82	0	1	0.6269034471732795
82	0	2	0.4529121064365753
82	1	0	0.44349382082487676
82	1	1	0.05194672932580069
82	1	2	0.051543414197747967
83	0	0	0.518926903145955
83	0	1	0.5186156252750276
83	0	2	0.4509933772283683
83	1	0	0.42304762366305976
83	1	1	0.04847649428062675
83	1	2	0.0484764576197845
84	0	0	0.5905535208823793
84	0	1	0.579834451491231
84	0	2	0.40100663040522055
84	1	0	0.3368786892864547
84	1	1	0.03193258334484371
84	1	2	0.03064948074687414
85	0	0	0.648046314438697
85	0	1	0.6432865040256681
85	0	2	0.42514101937357496
85	1	0	0.4791065997293094
85	1	1	0.0849868851095426
85	1	2	0.08636728905579774
86	0	0	0.48366089284313796
86	0	1	0.48366092699795626
86	0	2	0.4627407280534073
86	1	0	0.41773753220952825
86	1	1	0.04142129544349896
86	1	2	0.041419583381056196
87	0	0	0.4759325590651182
87	0	1	0.47593255915737737
87	0	2	0.43704254814273835
87	1	0	0.47277448641436676
87	1	1	0.03719558101280221
87	1	2	0.03719558082410539
88	0	0	0.5044706947569725
88	0	1	0.4938536788923579
88	0	2	0.3790251951949889
88	1	0	0.40845057879906255
88	1	1	0.04423815115928058
88	1	2	0.04423812292354409
89	0	0	0.49963983770525916
89	0	1	0.49963719371668613
89	0	2	0.4808137981147586
89	1	0	0.465309803865701
89	1	1	0.05095973759715522
89	1	2	0.051001063443419925
90	0	0	0.5437423432154981
90	0	1	0.5293963995633338
90	0	2	0.3892926641290075
90	1	0	0.45011360880507606
90	1	1	0.03582213410806365
90	1	2	0.0353696064149014
91	0	0	0.5932958876627676
91	0	1	0.5801530737624871
91	0	2	0.3541393876090814
91	1	0	0.4495672212560572
91	1	1	0.06427071333856078
91	1	2	0.06513808912820993
92	0	0	0.8027765645630592
92	0	1	0.47526106445361593
92	0	2	0.3700933583779788
92	1	0	0.4212629048626584
92	1	1	0.04919544386626164
92	1	2	0.049195277118677536
93	0	0	0.5323563030577646
93	0	1	0.5347260272838638
93	0	2	0.4529331231071352
93	1	0	0.4901057437821469
93	1	1	0.17740013693237738
93	1	2	0.17740012170295438
94	0	0	0.6320527121173645
94	0	1	0.5593608307419962
94	0	2	0.42015402919442335
94	1	0	0.3846709489782116
94	1	1	0.02893971108305682
94	1	2	0.0289336698373035
95	0	0	0.570688278442934
95	0	1	0.5350907433098627
95	0	2	0.3924907963398113
95	1	0	0.4275948669860542
95	1	1	0.03786919601145776
95	1	2	0.0378670663106649
96	0	0	0.4964992758551642
96	0	1	0.49635924479381777
96	0	2	0.368238320870622
96	1	0	0.48754853649688573
96	1	1	0.032592303595922356
96	1	2	0.03264672748472275
97	0	0	0.5788857150033941
97	0	1	0.5429444725369645
97	0	2	0.39552764378388855
97	1	0	0.42692760542650215
97	1	1	0.041915346366407064
97	1	2	0.04191533864132414
98	0	0	0.49885250156250494
98	0	1	0.49832446210004794
98	0	2	0.4834370274751886
98	1	0	0.4785245297653798
98	1	1	0.06225361662262413
98	1	2	0.06220489356622476
99	0	0	0.5792456439157567
99	0	1	0.5546968480106517
99	0	2	0.49832659019288494
99	1	0	0.43445254155857815
99	1	1	0.02393466669824279
99	1	2	0.023975641501690917
100	0	0	0.6184583783895401
100	0	1	0.6158715617921693
100	0	2	0.4519421914112736
100	1	0	0.4807531186764724
100	1	1	0.06018110549693874
100	1	2	0.06034687535940379
101	0	0	0.526430485198454
101	0	1	0.4838610432000416
101	0	2	0.3303978026448752
101	1	0	0.37245361494515444
101	1	1	0.03835605970001098
101	1	2	0.03834314418631686
102	0	0	0.6329545274712253
102	0	1	0.6293597060110028
102	0	2	0.45239001648009936
102	1	0	0.4738576501775125
102	1	1	0.07508129252389992
102	1	2	0.07426617517660027
103	0	0	0.546881217503721
103	0	1	0.5557015468604557
103	0	2	0.4893271574721928
103	1	0	0.3552639487153821
103	1	1	0.027147095744741626
103	1	2	0.023677309294986362
104	0	0	0.6158803448765675
104	0	1	0.607873478587686
104	0	2	0.3744406801153446
104	1	0	0.4320270456031022
104	1	1	0.03947354615610696
104	1	2	0.03560619230062802
105	0	0	0.5728592165300717
105	0	1	0.5164954621800575
105	0	2	0.36513873137374675
105	1	0	0.4668770117182714
105	1	1	0.03907559929633325
105	1	2	0.039006241946051984
106	0	0	0.565158521941695
106	0	1	0.5341993953934681
106	0	2	0.4637852064877087
106	1	0	0.4480917700126787
106	1	1	0.050995677075511656
106	1	2	0.05120594524053493
107	0	0	0.5207737529665478
107	0	1	0.4861476800476535
107	0	2	0.47257658911116707
107	1	0	0.4677001315191964
107	1	1	0.02650561709172365
107	1	2	0.02643849913980105
108	0	0	0.5489534184872367
108	0	1	0.5613809879789086
108	0	2	0.4132898322973007
108	1	0	0.40582565031440626
108	1	1	0.020016514286414766
108	1	2	0.020119729779567594
109	0	0	0.5359966231885402
109	0	1	0.521000593754484
109	0	2	0.4631090437528341
109	1	0	0.4348785623131824
109	1	1	0.07488878836912759
109	1	2	0.07484212399846321
110	0	0	0.6182769116361766
110	0	1	0.6182268033862528
110	0	2	0.39886989538708223
110	1	0	0.39478296103707866
110	1	1	0.0626705211713312
110	1	2	0.0681537974115549
111	0	0	0.6279514978435285
111	0	1	0.6243980646426599
111	0	2	0.33993996894188894
111	1	0	0.45881984621516253
111	1	1	0.06199407825430858
111	1	2	0.060311598710410114
112	0	0	0.5486741620363309
112	0	1	0.5372954248795273
112	0	2	0.3865779711501957
112	1	0	0.40678261838371
112	1	1	0.031587632975874136
112	1	2	0.03127464828452692
113	0	0	0.5586020623849881
113	0	1	0.554658962189672
113	0	2	0.4845587871758555
113	1	0	0.47396502238554444
113	1	1	0.05494430435912989
113	1	2	0.05483914189046693
114	0	0	0.5509476437970265
114	0	1	0.5313538328694611
114	0	2	0.40292608092879567
114	1	0	0.4949419528825695
114	1	1	0.05964142399340301
114	1	2	0.059393881499241644
115	0	0	0.6122722917911857
115	0	1	0.6096935711336332
115	0	2	0.44199121964680055
115	1	0	0.4419749541996385
115	1	1	0.05344925030099362
115	1	2	0.05344949858296212
116	0	0	0.4897116543031216
116	0	1	0.4877366901914424
116	0	2	0.3870043896692914
116	1	0	0.47760109340061097
116	1	1	0.05403384147240593
116	1	2	0.053591127831551705
117	0	0	0.4941011735672542
117	0	1	0.4941010737707351
117	0	2	0.4480316792619228
117	1	0	0.4758823931630404
117	1	1	0.0377613919032275
117	1	2	0.03774073566310898
118	0	0	0.5185735415087765
118	0	1	0.4723108919618665
118	0	2	0.40680165112446154
118	1	0	0.46836266258635806
118	1	1	0.04328261100782435
118	1	2	0.04328279327625478
119	0	0	0.6278069872911958
119	0	1	0.5101409774145025
119	0	2	0.46331444162090774
119	1	0	0.4850553502212966
119	1	1	0.07899057765014181
119	1	2	0.07895244645791016
120	0	0	0.4824919291980277
120	0	1	0.5093782830610322
120	0	2	0.4704929355832062
120	1	0	0.4589436774866659
120	1	1	0.05844280481213304
120	1	2	0.05845517508352742
121	0	0	0.5645869931457065
121	0	1	0.5435640227449103
121	0	2	0.43162340072356076
121	1	0	0.43388774948418096
121	1	1	0.021472791555044016
121	1	2	0.021403713845092015
122	0	0	0.6061364705532051
122	0	1	0.5293848878491286
122	0	2	0.49439954532396674
122	1	0	0.30900181093401796
122	1	1	0.03327907695896286
122	1	2	0.03323730335534003
123	0	0	0.6864948985681787
123	0	1	0.6476095453823885
123	0	2	0.48915741177758376
123	1	0	0.48536677503457126
123	1	1	0.06164770017352539
123	1	2	0.061648025190166836
124	0	0	0.5522103029353556
124	0	1	0.5422687245679729
124	0	2	0.44099539404041593
124	1	0	0.4250030639693475
124	1	1	0.03182570422115984
124	1	2	0.03158803877882509
125	0	0	0.49489677812171406
125	0	1	0.4862998179110084
125	0	2	0.4352235972928533
125	1	0	0.3925212574142085
125	1	1	0.03279388538350454
125	1	2	0.03281419796311469
126	0	0	0.49093174898584124
126	0	1	0.4908957750610265
126	0	2	0.4726267474698842
126	1	0	0.43953986722253613
126	1	1	0.03958946512123268
126	1	2	0.039655038342417945
127	0	0	0.5364309301662624
127	0	1	0.4704329471275591
127	0	2	0.43470384142466656
127	1	0	0.4142468486369554
127	1	1	0.026844937701732394
127	1	2	0.026844937449541778
128	0	0	0.5974536783382236
128	0	1	0.556352142014406
128	0	2	0.3327805298412395
128	1	0	0.4559042059991871
128	1	1	0.026993445307801414
128	1	2	0.026910216068864984
129	0	0	0.5210184707336052
129	0	1	0.4646874021879113
129	0	2	0.45736704822622554
129	1	0	0.3809483356996222
129	1	1	0.05128058769062546
129	1	2	0.05136155100707748
130	0	0	0.6263865489706546
130	0	1	0.6021507148930378
130	0	2	0.4433573699393194
130	1	0	0.4351356516094924
130	1	1	0.03504297968275537
130	1	2	0.034677969454955576
131	0	0	0.5264450632729838
131	0	1	0.523571253927829
131	0	2	0.4738122530388348
131	1	0	0.44534585375440305
131	1	1	0.03263821600397426
131	1	2	0.03266746437838694
132	0	0	0.5090399352539555
132	0	1	0.4938540786029883
132	0	2	0.40712054493389427
132	1	0	0.48439033119364383
132	1	1	0.037815509760273425
132	1	2	0.03787419782282095
133	0	0	0.5136232921057163
133	0	1	0.48147258649918456
133	0	2	0.34668252396121224
133	1	0	0.4339446106917985
133	1	1	0.10365601893386349
133	1	2	0.10365962210376263
134	0	0	0.4960340168782054
134	0	1	0.4942258234718331
134	0	2	0.3486931205645942
134	1	0	0.4475632386091528
134	1	1	0.034196228181293545
134	1	2	0.03419622922218156
135	0	0	0.4901750741202232
135	0	1	0.4876468255125953
135	0	2	0.4375171232810442
135	1	0	0.4003255627125025
135	1	1	0.1677436175606445
135	1	2	0.1677535628360896
136	0	0	0.6219808538027634
136	0	1	0.6222943050872106
136	0	2	0.42977358920390324
136	1	0	0.4844787393585809
136	1	1	0.06024555510859156
136	1	2	0.05857636005769698
137	0	0	0.6510492860191986
137	0	1	0.6495910097672133
137	0	2	0.4940775477823466
137	1	0	0.4744712993504622
137	1	1	0.14541594233450675
137	1	2	0.15350626424519287
138	0	0	0.6145058835360663
138	0	1	0.622020495225547
138	0	2	0.40111860007415634
138	1	0	0.43873540856257237
138	1	1	0.04446439690605164
138	1	2	0.04452260072237042
139	0	0	0.6308381866434313
139	0	1	0.6469964418283967
139	0	2	0.46396450331629213
139	1	0	0.45875806044232553
139	1	1	0.058456190246199025
139	1	2	0.05846830159932569
140	0	0	0.5690944297218874
140	0	1	0.5567437028528536
140	0	2	0.389593709392525
140	1	0	0.48348430745731324
140	1	1	0.05410224626340186
140	1	2	0.05409957983898332
141	0	0	0.6851032563469013
141	0	1	0.6305475169396034
141	0	2	0.46902441497430847
141	1	0	0.4374418154624334
141	1	1	0.05841485477035499
141	1	2	0.0583714646213568
142	0	0	0.6387814923317712
142	0	1	0.5882919563750482
142	0	2	0.39418007484853296
142	1	0	0.4714203690100001
142	1	1	0.02255880686490512
142	1	2	0.022563211361828456
143	0	0	0.6271452992707935
143	0	1	0.6265096418836689
143	0	2	0.4514433715757858
143	1	0	0.47714608484254906
143	1	1	0.05111304661121217
143	1	2	0.05111305126256435
144	0	0	0.5348075955806209
144	0	1	0.5183701366757308
144	0	2	0.413332771410032
144	1	0	0.48490686491366747
144	1	1	0.10600844112895304
144	1	2	0.10614847471722003
145	0	0	0.5369897776233501
145	0	1	0.5337356169793128
145	0	2	0.3602889338076797
145	1	0	0.4415005296230027
145	1	1	0.06548731995478113
145	1	2	0.06543701211317506
146	0	0	0.7720971996414211
146	0	1	0.7306344667926298
146	0	2	0.4854665248291397
146	1	0	0.46965313742283743
146	1	1	0.05147467880615922
146	1	2	0.053002803404041135
147	0	0	0.6459141509287306
147	0	1	0.6393702597408147
147	0	2	0.42974398862963437
147	1	0	0.4603630278998952
147	1	1	0.06357919352450028
147	1	2	0.06101939207250748
148	0	0	0.6035311964235016
148	0	1	0.5810545186447218
148	0	2	0.44715160170224044
148	1	0	0.4772958941533935
148	1	1	0.23163316224802244
148	1	2	0.24665931935498936
149	0	0	0.6704635088318112
149	0	1	0.6323583859520332
149	0	2	0.4440269534108097
149	1	0	0.48182336393691383
149	1	1	0.08779624016308413
149	1	2	0.09588656207899057
150	0	0	0.7514273903311464
150	0	1	0.7212256249481033
150	0	2	0.46131460164670146
150	1	0	0.4514326206318087
150	1	1	0.05825516202559877
150	1	2	0.06658640859317412
151	0	0	0.6654635536962074
151	0	1	0.6696171917503131
151	0	2	0.4333709586732988
151	1	0	0.41906333288062353
151	1	1	0.1528655865869495
151	1	2	0.14882588225065646
152	0	0	0.7739931209472826
152	0	1	0.7658772454345402
152	0	2	0.4278377108192032
152	1	0	0.46846807482289055
152	1	1	0.0478012777261205
152	1	2	0.047540359579042124
153	0	0	0.6386594007570667
153	0	1	0.6389923568719202
153	0	2	0.47217096595642083
153	1	0	0.4536988221686346
153	1	1	0.1095670045323089
153	1	2	0.1093722100827152
154	0	0	0.7035346573990737
154	0	1	0.6849326063372325
154	0	2	0.46256078969745906
154	1	0	0.4415101423007221
154	1	1	0.056285060286802635
154	1	2	0.05638330032671726
155	0	0	0.6346695743514444
155	0	1	0.545378629962007
155	0	2	0.4192826643431455
155	1	0	0.4228578157207972
155	1	1	0.033130229398041014
155	1	2	0.03312341021915442
156	0	0	0.652282369331089
156	0	1	0.6590418828878012
156	0	2	0.49027674314830544
156	1	0	0.495600949289411
156	1	1	0.17895081045921943
156	1	2	0.17895415375017043
157	0	0	0.6375543060470755
157	0	1	0.542250576930037
157	0	2	0.369638783658068
157	1	0	0.4061645166556631
157	1	1	0.03717025607825046
157	1	2	0.03405836483706212
158	0	0	0.5817349264143048
158	0	1	0.5516270115716834
158	0	2	0.38099373198069
158	1	0	0.4935591705650007
158	1	1	0.05293020208513101
158	1	2	0.058806517690478066
159	0	0	0.6194887522803946
159	0	1	0.5873740904321031
159	0	2	0.43509140682403313
159	1	0	0.4390362686953633
159	1	1	0.10121483698971742
159	1	2	0.10127963798298247
160	0	0	0.6578632150416863
160	0	1	0.6298735926434265
160	0	2	0.41488863185936387
160	1	0	0.4931576805085531
160	1	1	0.15529942315253265
160	1	2	0.15632172415068732
161	0	0	0.5391426409573418
161	0	1	0.5249805222400656
161	0	2	0.3954149221858712
161	1	0	0.44420619571742687
161	1	1	0.04971580472290123
161	1	2	0.05038393628492216
162	0	0	0.5626969390850955
162	0	1	0.5403005412815323
162	0	2	0.4556188300737355
162	1	0	0.45624949280073995
162	1	1	0.023840333519475565
162	1	2	0.02390825472976879
163	0	0	0.5722132963831421
163	0	1	0.5354692633023705
163	0	2	0.4757264857894123
163	1	0	0.4670913726167068
163	1	1	0.1230928373346458
163	1	2	0.12309276807342302
164	0	0	0.602191816397873
164	0	1	0.5893096551689698
164	0	2	0.4863223442517093
164	1	0	0.40715431405907
164	1	1	0.17008973977091968
164	1	2	0.1700660084570118
165	0	0	0.6873429251295002
165	0	1	0.6432551507767592
165	0	2	0.41977312493521535
165	1	0	0.39320650127673823
165	1	1	0.0778603646351839
165	1	2	0.07773948939447903
166	0	0	0.7265197356746218
166	0	1	0.668575175474919
166	0	2	0.4423482901426936
166	1	0	0.4793886027057209
166	1	1	0.04505990317706528
166	1	2	0.04506911318845394
167	0	0	0.5787624923592243
167	0	1	0.5445169622712736
167	0	2	0.4955611388153801
167	1	0	0.48245813789442776
167	1	1	0.03172025241132859
167	1	2	0.0320447358653468
168	0	0	0.5262291100266857
168	0	1	0.5081822364450079
168	0	2	0.4111290163881991
168	1	0	0.42178972400479886
168	1	1	0.05697177962455867
168	1	2	0.05677576315223319
169	0	0	0.7227870782137498
169	0	1	0.6351294398566509
169	0	2	0.4653628371949632
169	1	0	0.43482090626871694
169	1	1	0.03256650356215719
169	1	2	0.032671626539271054
170	0	0	0.607816224478375
170	0	1	0.6046204287242263
170	0	2	0.4390497101401474
170	1	0	0.3867487374747168
170	1	1	0.15235187511194706
170	1	2	0.15235187489356145
171	0	0	0.537189342520032
171	0	1	0.4906827000070063
171	0	2	0.41330626775614043
171	1	0	0.4592581464747941
171	1	1	0.04374335935897472
171	1	2	0.04373747276011686
172	0	0	0.5025368646688999
172	0	1	0.5006573983249581
172	0	2	0.47228650099320724
172	1	0	0.48427197187058013
172	1	1	0.06023366085432276
172	1	2	0.060172322533318306
173	0	0	0.5184275720892106
173	0	1	0.5167469593407097
173	0	2	0.4546002218988717
173	1	0	0.44523096862926187
173	1	1	0.04743584435187774
173	1	2	0.04743584402104481
174	0	0	0.6182293970140688
174	0	1	0.6259161811103515
174	0	2	0.38681377299071157
174	1	0	0.4180693187068471
174	1	1	0.1342565670058231
174	1	2	0.13372742008657407
175	0	0	0.5099652245163451
175	0	1	0.5099673377773031
175	0	2	0.45116997545450555
175	1	0	0.4039770229263978
175	1	1	0.031276052148091066
175	1	2	0.031505580614863235
176	0	0	0.6233711174646063
176	0	1	0.6054271880062598
176	0	2	0.4100816623700739
176	1	0	0.4188330450945345
176	1	1	0.0888971279742174
176	1	2	0.0888971759856857
177	0	0	0.5609980128142753
177	0	1	0.5467126978660538
177	0	2	0.31492080817764834
177	1	0	0.46012926877368016
177	1	1	0.03342752358647358
177	1	2	0.03470384142951824
178	0	0	0.4952135659587312
178	0	1	0.49521356600305155
178	0	2	0.47717057866790336
178	1	0	0.39728597230754636
178	1	1	0.03410187827998465
178	1	2	0.03410187844285835
179	0	0	0.6610831295739991
179	0	1	0.6226945355908293
179	0	2	0.456990022063013
179	1	0	0.3691721249720735
179	1	1	0.032439905854116574
179	1	2	0.03243277512473254
180	0	0	0.5556295923512359
180	0	1	0.5342672078192605
180	0	2	0.44120820717432974
180	1	0	0.4567717473568548
180	1	1	0.030142266028313047
180	1	2	0.030144945406092805
181	0	0	0.49113420136928837
181	0	1	0.4896030610761538
181	0	2	0.39383450005977694
181	1	0	0.4651484519524725
181	1	1	0.1435065359100518
181	1	2	0.14350653554357606
182	0	0	0.5598527479226416
182	0	1	0.554805063979313
182	0	2	0.3726420840185698
182	1	0	0.422682072759505
182	1	1	0.134246095601251
182	1	2	0.1345595065723795
183	0	0	0.7626577927558422
183	0	1	0.7136611420302972
183	0	2	0.4873132134290006
183	1	0	0.4292337647312131
183	1	1	0.11811153571510316
183	1	2	0.11708775318357537
184	0	0	0.5641112756004169
184	0	1	0.5601181459160445
184	0	2	0.49304918864108516
184	1	0	0.43681033722627305
184	1	1	0.05313547821597543
184	1	2	0.0531195021278464
185	0	0	0.5811367716872589
185	0	1	0.5349060113379542
185	0	2	0.42262835976028906
185	1	0	0.4593073385144349
185	1	1	0.13657295648520573
185	1	2	0.13661255688976326
186	0	0	0.6431413864231872
186	0	1	0.6439481595024601
186	0	2	0.4568527964895809
186	1	0	0.44736758325022774
186	1	1	0.038272906973692344
186	1	2	0.03826815752067636
187	0	0	0.496524702263916
187	0	1	0.4965215013564716
187	0	2	0.4147603673990211
187	1	0	0.3944702760452104
187	1	1	0.03621517044173915
187	1	2	0.03621645310100588
188	0	0	0.5441634183409396
188	0	1	0.536004195611293
188	0	2	0.48772651315110266
188	1	0	0.4405624450238578
188	1	1	0.04739051729590241
188	1	2	0.04740466875748944
189	0	0	0.6161638468319973
189	0	1	0.57320146213613
189	0	2	0.398959402924592
189	1	0	0.4757437147584792
189	1	1	0.03580405560317805
189	1	2	0.03578633956113356
190	0	0	0.5046430774974112
190	0	1	0.5054880583685972
190	0	2	0.46246679813684427
190	1	0	0.42153466103839377
190	1	1	0.021433413151260086
190	1	2	0.021480467077028206
191	0	0	0.5153748941883303
191	0	1	0.5337205323213479
191	0	2	0.41997369555267905
191	1	0	0.4094704649326262
191	1	1	0.026335870261387576
191	1	2	0.026317819649090274
192	0	0	0.5266920222631566
192	0	1	0.5812549098309121
192	0	2	0.3910882497323469
192	1	0	0.4631608929542426
192	1	1	0.03607064998055021
192	1	2	0.0356046857536423
193	0	0	0.5689254057468696
193	0	1	0.5930514722035644
193	0	2	0.39126638895086846
193	1	0	0.48904650803111716
193	1	1	0.04026136594798754
193	1	2	0.04026105992847841
194	0	0	0.6574391153077042
194	0	1	0.6459123654213743
194	0	2	0.43511292323948325
194	1	0	0.4093291393782328
194	1	1	0.22825248598933706
194	1	2	0.2347208955085019
195	0	0	0.6832375406134091
195	0	1	0.6381083815425421
195	0	2	0.4742634980646754
195	1	0	0.470638059598518
195	1	1	0.06971011089629625
195	1	2	0.07252969797676848
196	0	0	0.6448391939390807
196	0	1	0.6379550567304163
196	0	2	0.4883494189869393
196	1	0	0.43513129152941815
196	1	1	0.17827484315182154
196	1	2	0.170940424747897
197	0	0	0.6172377502352366
197	0	1	0.6308008878216187
197	0	2	0.4878650835634275
197	1	0	0.4611413745711825
197	1	1	0.10611689812727561
197	1	2	0.1042121596705341
198	0	0	0.5439126643233821
198	0	1	0.543186113354409
198	0	2	0.33290116637507783
198	1	0	0.4819308763938259
198	1	1	0.04545091882317198
198	1	2	0.04536005588402625
199	0	0	0.5825359760983577
199	0	1	0.6028351649411255
199	0	2	0.4763269331714123
199	1	0	0.4688193896452547
199	1	1	0.07025446918755905
199	1	2	0.07009594786619272
200	0	0	0.5631046801720869
200	0	1	0.5628451017477291
200	0	2	0.48533420340095956
200	1	0	0.3946222457381479
200	1	1	0.02412125554096177
200	1	2	0.024119617195910825
201	0	0	0.7947644359924959
201	0	1	0.7572376720283736
201	0	2	0.47956345169247766
201	1	0	0.4920268102080627
201	1	1	0.030153409465021222
201	1	2	0.030152923094288395
202	0	0	0.54656503320003
202	0	1	0.5638178356485505
202	0	2	0.4687594770735013
202	1	0	0.4165973243711027
202	1	1	0.04737474421201458
202	1	2	0.047222829102118585
203	0	0	0.6133900909904519
203	0	1	0.5923398406076119
203	0	2	0.4432498273507692
203	1	0	0.4124432127615758
203	1	1	0.03779550015202543
203	1	2	0.0446806853254878
204	0	0	0.6582834348196076
204	0	1	0.6393316887085159
204	0	2	0.3859565822662707
204	1	0	0.4567961747438221
204	1	1	0.06521066451995247
204	1	2	0.065210573416753
205	0	0	0.5693227486650552
205	0	1	0.5241678494649075
205	0	2	0.42514409933072284
205	1	0	0.3911133665229579
205	1	1	0.04329327281743876
205	1	2	0.04329332943889548
206	0	0	0.6554527881141405
206	0	1	0.695773236196052
206	0	2	0.45599357028895837
206	1	0	0.48709876405868446
206	1	1	0.16328330738091612
206	1	2	0.156630836899746
207	0	0	0.6261489668901007
207	0	1	0.6374110385728675
207	0	2	0.38385492409466015
207	1	0	0.3483871154577696
207	1	1	0.1541851587394561
207	1	2	0.1551118044617503
208	0	0	0.599251903703239
208	0	1	0.5647541961266584
208	0	2	0.4467759166611186
208	1	0	0.43099152416392067
208	1	1	0.03651926065195439
208	1	2	0.036517171320181646
209	0	0	0.5722086564151664
209	0	1	0.5119104014088496
209	0	2	0.40791839796766005
209	1	0	0.40512252667926113
209	1	1	0.07635661654280486
209	1	2	0.07636343236044682
210	0	0	0.5029144193565991
210	0	1	0.4987777751507557
210	0	2	0.4905416681856568
210	1	0	0.4561646158586497
210	1	1	0.04356942819583352
210	1	2	0.043563258525561074
211	0	0	0.5801049410392229
211	0	1	0.5058664681720816
211	0	2	0.4941558894545095
211	1	0	0.49524098927844956
211	1	1	0.06038635040961826
211	1	2	0.06039155099619291
212	0	0	0.5953503787370034
212	0	1	0.5941828425945983
212	0	2	0.45896281723636084
212	1	0	0.3775931016646649
212	1	1	0.029454657865270822
212	1	2	0.029504088814221868
213	0	0	0.48584391408479827
213	0	1	0.4858439142025792
213	0	2	0.42843333461132765
213	1	0	0.42034596665614105
213	1	1	0.024012400932983194
213	1	2	0.024030529288108907
214	0	0	0.5656961834418752
214	0	1	0.562050208110041
214	0	2	0.47822059695998687
214	1	0	0.486444146215737
214	1	1	0.14761577215981625
214	1	2	0.14761551490118238
215	0	0	0.49643212775505363
215	0	1	0.49643206567918896
215	0	2	0.3622612344260168
215	1	0	0.36298039844627655
215	1	1	0.0960330199622969
215	1	2	0.09603301946951391
216	0	0	0.5816162126773097
216	0	1	0.5688224193758746
216	0	2	0.31507047040662195
216	1	0	0.441813621338876
216	1	1	0.040053581933415155
216	1	2	0.04017703783277983
217	0	0	0.6463931226011348
217	0	1	0.6179605824250001
217	0	2	0.41378523727452055
217	1	0	0.4018886622623456
217	1	1	0.07918581656240395
217	1	2	0.0797967881564147
218	0	0	0.49883474376736764
218	0	1	0.4988765651777247
218	0	2	0.41704794082352464
218	1	0	0.41589369917471
218	1	1	0.06629287889854098
218	1	2	0.06629181047493872
219	0	0	0.5248569796927454
219	0	1	0.5149787654954144
219	0	2	0.4434022762102398
219	1	0	0.4267239996543255
219	1	1	0.024924501076688893
219	1	2	0.02492449945505805
220	0	0	0.5945206888942671
220	0	1	0.5769626294189156
220	0	2	0.34412136022705553
220	1	0	0.43466557948936485
220	1	1	0.08277250542747303
220	1	2	0.0827542170012688
221	0	0	0.5841507293332997
221	0	1	0.5623052488365237
221	0	2	0.45646651935271415
221	1	0	0.4561549738936754
221	1	1	0.04061033660039021
221	1	2	0.040464730524761655
222	0	0	0.6237242693804007
222	0	1	0.6009944307129363
222	0	2	0.3127062647289661
222	1	0	0.3924486834482081
222	1	1	0.02839615758110768
222	1	2	0.028470880215463706
223	0	0	0.6292759685978957
223	0	1	0.5832867461311131
223	0	2	0.46902217335863217
223	1	0	0.42934555321287693
223	1	1	0.02699104144881792
223	1	2	0.026867787891080408
224	0	0	0.5946919850968506
224	0	1	0.6059145897556788
224	0	2	0.45288545061551144
224	1	0	0.49154325025861445
224	1	1	0.0482601929349669
224	1	2	0.04823132386509835
225	0	0	0.4986246830762458
225	0	1	0.49871520024757754
225	0	2	0.4697083075116778
225	1	0	0.47333486036187744
225	1	1	0.03952842225384978
225	1	2	0.03955151629580522
226	0	0	0.5889494950168507
226	0	1	0.5399181406267635
226	0	2	0.3720268017580526
226	1	0	0.4520006842206985
226	1	1	0.12285834244191758
226	1	2	0.12285834222037109
227	0	0	0.5361008674406845
227	0	1	0.5352250497169602
227	0	2	0.42373162043828666
227	1	0	0.47218640342490226
227	1	1	0.051920934013538075
227	1	2	0.05192093470691014
228	0	0	0.5744141004280103
228	0	1	0.49897025465132094
228	0	2	0.4561411999641136
228	1	0	0.48472003468134633
228	1	1	0.058105703093231986
228	1	2	0.05809707184467121
229	0	0	0.6289552284936182
229	0	1	0.5823137165162966
229	0	2	0.4757314191503166
229	1	0	0.45129392792212475
229	1	1	0.12416365753463557
229	1	2	0.13056359519219024
230	0	0	0.626343602371126
230	0	1	0.5627991893498555
230	0	2	0.47561736803149457
230	1	0	0.43435342772247165
230	1	1	0.06704777164683254
230	1	2	0.125807530875431
231	0	0	0.7052689791686104
231	0	1	0.6916754199264448
231	0	2	0.46230132908877586
231	1	0	0.476065834501114
231	1	1	0.10038209016048603
231	1	2	0.10035035782785266
232	0	0	0.5744756567471614
232	0	1	0.542369512924009
232	0	2	0.4865489521174703
232	1	0	0.46221759770749665
232	1	1	0.14000581457351957
232	1	2	0.1400213929865733
233	0	0	0.671781559910253
233	0	1	0.6209428608963803
233	0	2	0.3242551798380868
233	1	0	0.41926582679315294
233	1	1	0.023542759225861395
233	1	2	0.0235430681196519
234	0	0	0.6878022433867912
234	0	1	0.6553111824393766
234	0	2	0.44566779646601257
234	1	0	0.44917383795999677
234	1	1	0.056602236238964446
234	1	2	0.05659838104184382
235	0	0	0.6334891324064549
235	0	1	0.6262949681416455
235	0	2	0.40424478176425643
235	1	0	0.44219417888319745
235	1	1	0.02094565788260999
235	1	2	0.020965453463367048
236	0	0	0.5730960324999852
236	0	1	0.5226871014200168
236	0	2	0.47292626223613815
236	1	0	0.4546326159538478
236	1	1	0.024755847257705285
236	1	2	0.024774826478865627
237	0	0	0.5980054947458147
237	0	1	0.5971499364925011
237	0	2	0.39112851507719315
237	1	0	0.48891566485034993
237	1	1	0.05333913716256519
237	1	2	0.05332607569445966
238	0	0	0.598694784475791
238	0	1	0.5773870862433494
238	0	2	0.4420951078221094
238	1	0	0.4321634524655708
238	1	1	0.08895207081507381
238	1	2	0.08895936770327428
239	0	0	0.6107079819704233
239	0	1	0.6194446108468414
239	0	2	0.4721963825916329
239	1	0	0.44032829583466054
239	1	1	0.06542305697873899
239	1	2	0.06973738170741783
240	0	0	0.6238694888990501
240	0	1	0.629788128852524
240	0	2	0.4529852532133767
240	1	0	0.4784824035010348
240	1	1	0.032499874526081246
240	1	2	0.03622658492209027
241	0	0	0.754043975675369
241	0	1	0.7392011414368291
241	0	2	0.394205149856777
241	1	0	0.37157504622869775
241	1	1	0.08915736547214419
241	1	2	0.20999764835890627
242	0	0	0.6397790162176041
242	0	1	0.6310400904073932
242	0	2	0.4528716847993239
242	1	0	0.4669809118288043
242	1	1	0.049924652748382425
242	1	2	0.1075471926766876
243	0	0	0.6834928140178536
243	0	1	0.6452316202392889
243	0	2	0.4796224662394749
243	1	0	0.41445378839488234
243	1	1	0.07772250398746382
243	1	2	0.08443323940336381
244	0	0	0.765662349761135
244	0	1	0.7332995959705919
244	0	2	0.5014310362172334
244	1	0	0.42959004432853093
244	1	1	0.04171614951031152
244	1	2	0.05183233353226965
245	0	0	0.6505841641520071
245	0	1	0.6399552722652695
245	0	2	0.4364836835185073
245	1	0	0.4859253574828861
245	1	1	0.05724661385694965
245	1	2	0.05726547894110744
246	0	0	0.5499393241793238
246	0	1	0.5382741526015179
246	0	2	0.4912634536291297
246	1	0	0.45021637055966823
246	1	1	0.038367929280736915
246	1	2	0.03838206392196476
247	0	0	0.8064879849733899
247	0	1	0.7869470884229299
247	0	2	0.35049145621137434
247	1	0	0.49479474000300233
247	1	1	0.05795963071967486
247	1	2	0.05784577833689271
248	0	0	0.6671020322450107
248	0	1	0.5941252509895862
248	0	2	0.494223179740814
248	1	0	0.4498674640852101
248	1	1	0.05599437426186715
248	1	2	0.055994346171587994
249	0	0	0.7058074128038573
249	0	1	0.6847465965969455
249	0	2	0.4381808696021686
249	1	0	0.4759148920579726
249	1	1	0.04100936910315123
249	1	2	0.03696130134282721
250	0	0	0.7179139229977318
250	0	1	0.7043714230328182
250	0	2	0.3891378764854653
250	1	0	0.452916627006978
250	1	1	0.047396620840131826
250	1	2	0.046091692210233445
251	0	0	0.6490570334731111
251	0	1	0.5697795427459096
251	0	2	0.4080957753309614
251	1	0	0.4885025324628186
251	1	1	0.12543556184138688
251	1	2	0.12543418895614467
252	0	0	0.6275085158444245
252	0	1	0.5604722902584022
252	0	2	0.4007235063397147
252	1	0	0.4634011468195575
252	1	1	0.06944384381707336
252	1	2	0.07002130056119368
253	0	0	0.6683357394216995
253	0	1	0.6703819720342167
253	0	2	0.35069905512995503
253	1	0	0.47925122345167165
253	1	1	0.06221426256121382
253	1	2	0.10927233811340409
254	0	0	0.6080764466359401
254	0	1	0.5724364771122812
254	0	2	0.4672056843461967
254	1	0	0.37408704676225835
254	1	1	0.06329665370359977
254	1	2	0.06336902642391153
255	0	0	0.606067136419371
255	0	1	0.5806612416577556
255	0	2	0.44905528321454274
255	1	0	0.3846763580423435
255	1	1	0.050187758647865885
255	1	2	0.050170563940579435
256	0	0	0.6033871154813552
256	0	1	0.5877690535047189
256	0	2	0.4727617068629082
256	1	0	0.44520372579609446
256	1	1	0.03792722228575118
256	1	2	0.03801739118791218
257	0	0	0.5523603381489822
257	0	1	0.5303225315399832
257	0	2	0.43848027187552546
257	1	0	0.3942672884967048
257	1	1	0.0419836881121029
257	1	2	0.04230299208236531
258	0	0	0.5780884073047285
258	0	1	0.5676760568223782
258	0	2	0.46445271088518386
258	1	0	0.45595227532591753
258	1	1	0.06933447084428433
258	1	2	0.06934977909964943
259	0	0	0.5737880270352912
259	0	1	0.5427944982188657
259	0	2	0.3191225080509948
259	1	0	0.49276383181941036
259	1	1	0.04365202864539501
259	1	2	0.043662365712534415
260	0	0	0.6135968911881909
260	0	1	0.5668818363046717
260	0	2	0.4435959805262991
260	1	0	0.4650431888928797
260	1	1	0.05625141339138556
260	1	2	0.056251422006403595
261	0	0	0.507575207489467
261	0	1	0.4973182500779075
261	0	2	0.42403413397325423
261	1	0	0.36644794249771995
261	1	1	0.026215973219071265
261	1	2	0.026545522865050325
262	0	0	0.6794543595120864
262	0	1	0.6640091392538452
262	0	2	0.44195812316071514
262	1	0	0.4353861228942622
262	1	1	0.041734555900465736
262	1	2	0.04220086604562187
263	0	0	0.6611971089248461
263	0	1	0.639347268924596
263	0	2	0.4780505090510951
263	1	0	0.4429265035789815
263	1	1	0.049755097190733635
263	1	2	0.07524203283291435
264	0	0	0.541146045811676
264	0	1	0.541329676911309
264	0	2	0.478898858292911
264	1	0	0.4781301682786373
264	1	1	0.14671159702808523
264	1	2	0.14671145496258303
265	0	0	0.5777674967798136
265	0	1	0.577767496780232
265	0	2	0.4907201373623554
265	1	0	0.4920048822440432
265	1	1	0.03843198714186116
265	1	2	0.038590611354911264
266	0	0	0.61588280258405
266	0	1	0.6134486469838507
266	0	2	0.39025773992154167
266	1	0	0.4216277026611813
266	1	1	0.03244685120136709
266	1	2	0.032499728239767406
267	0	0	0.5823841211835498
267	0	1	0.5676166300951611
267	0	2	0.4295688294436074
267	1	0	0.32416419706829336
267	1	1	0.023448918577594277
267	1	2	0.021018625300077157
268	0	0	0.6270977957753254
268	0	1	0.6112524950078104
268	0	2	0.3829054629048181
268	1	0	0.4253210700650658
268	1	1	0.02999315295121109
268	1	2	0.029382274678143444
269	0	0	0.6106543256211872
269	0	1	0.5912002742476252
269	0	2	0.44977405437146173
269	1	0	0.41949138780865053
269	1	1	0.03463982178879828
269	1	2	0.03492366845423557
270	0	0	0.6361752931498494
270	0	1	0.5417048174197721
270	0	2	0.3830974282673522
270	1	0	0.4654765009514545
270	1	1	0.08471736040053858
270	1	2	0.08472398353668631
271	0	0	0.49899780157732987
271	0	1	0.4918658629914148
271	0	2	0.4839656972314152
271	1	0	0.3803813676300894
271	1	1	0.07287967873967886
271	1	2	0.0728709811385749
272	0	0	0.5167166339435759
272	0	1	0.5167166324344115
272	0	2	0.47136729349366113
272	1	0	0.3835404948954158
272	1	1	0.032726753148722476
272	1	2	0.03283451838623011
273	0	0	0.49629176917873014
273	0	1	0.4752590958450963
273	0	2	0.4543790703246091
273	1	0	0.3866918406695536
273	1	1	0.14414161261454797
273	1	2	0.14414161242313928
274	0	0	0.7011604816263285
274	0	1	0.6565512771625508
274	0	2	0.3832510983566838
274	1	0	0.4293645924134635
274	1	1	0.04251428987912552
274	1	2	0.042514369283396386
275	0	0	0.8343606363335391
275	0	1	0.8139461106828934
275	0	2	0.4826397748626265
275	1	0	0.4719216136195026
275	1	1	0.07366506513517158
275	1	2	0.06797271304491496
276	0	0	0.7695731101475181
276	0	1	0.635622568222896
276	0	2	0.46055385162264983
276	1	0	0.474537028419599
276	1	1	0.0581162441469814
276	1	2	0.05606716272871824
277	0	0	0.7759416551082835
277	0	1	0.7269617973339415
277	0	2	0.45680557294870017
277	1	0	0.4914950746161766
277	1	1	0.09948870566199743
277	1	2	0.09375352909611528
278	0	0	0.6586666733886117
278	0	1	0.658153555997936
278	0	2	0.45338648394216874
278	1	0	0.4546862932660883
278	1	1	0.034376630450382875
278	1	2	0.0373749178723914
279	0	0	0.7873181217967868
279	0	1	0.7207783307015717
279	0	2	0.3529527115414309
279	1	0	0.46715992751180474
279	1	1	0.08369281791636388
279	1	2	0.07440498826991188
280	0	0	0.8287109934453203
280	0	1	0.7572125191254405
280	0	2	0.45543530581862035
280	1	0	0.4484249588245494
280	1	1	0.02809551695058042
280	1	2	0.02809563549185365
281	0	0	0.8328768606887229
281	0	1	0.7862196630745582
281	0	2	0.42129593174618357
281	1	0	0.4724328330880279
281	1	1	0.036651736373277774
281	1	2	0.037813590824712764
282	0	0	0.5732801266743056
282	0	1	0.5759802081287844
282	0	2	0.4307850278841567
282	1	0	0.44513938573032047
282	1	1	0.06964137927097976
282	1	2	0.06902201201838239
283	0	0	0.6611352048853251
283	0	1	0.6689898060797808
283	0	2	0.49470238160162405
283	1	0	0.3871011783537668
283	1	1	0.09092263589686789
283	1	2	0.09122075754880193
284	0	0	0.48768676804945466
284	0	1	0.4864254314916572
284	0	2	0.3882351507683597
284	1	0	0.4143960469332859
284	1	1	0.041479738130109675
284	1	2	0.04147975077055542
285	0	0	0.5015401586475271
285	0	1	0.49266453091051254
285	0	2	0.453521770721922
285	1	0	0.42829045933240395
285	1	1	0.028379073122811474
285	1	2	0.02837345329296652
286	0	0	0.5010771400793915
286	0	1	0.4978258222321661
286	0	2	0.45011093396486657
286	1	0	0.4909439193493117
286	1	1	0.03694092438307246
286	1	2	0.03694093427060896
287	0	0	0.5219275546995481
287	0	1	0.48345707479908184
287	0	2	0.47518018625254554
287	1	0	0.477049215679873
287	1	1	0.1758520172789554
287	1	2	0.1758520168847812
288	0	0	0.4939968110910695
288	0	1	0.47415069198642273
288	0	2	0.4385378295903286
288	1	0	0.4876919638930725
288	1	1	0.06317512424082755
288	1	2	0.06317899034426279
289	0	0	0.5131679942021964
289	0	1	0.5008416093388441
289	0	2	0.45906172287268576
289	1	0	0.4081793389762035
289	1	1	0.02664022390311778
289	1	2	0.026640223903152335
290	0	0	0.5259788415708024
290	0	1	0.5072177218511451
290	0	2	0.4653459661488185
290	1	0	0.3606951006415803
290	1	1	0.10562235240086451
290	1	2	0.10562234360210017
291	0	0	0.5885050650503548
291	0	1	0.5685692123228929
291	0	2	0.45534458192906757
291	1	0	0.44474504730073344
291	1	1	0.03215340208659556
291	1	2	0.03214116477171991
292	0	0	0.5739043515149124
292	0	1	0.47298360406633977
292	0	2	0.4591994042784405
292	1	0	0.4652959665882535
292	1	1	0.05532714685937269
292	1	2	0.055327219662999694
293	0	0	0.4813399933694553
293	0	1	0.4813368519400488
293	0	2	0.48352089090488004
293	1	0	0.39401982027259497
293	1	1	0.03190908497126167
293	1	2	0.032084457915676406
294	0	0	0.5175934271616303
294	0	1	0.488101998883065
294	0	2	0.4343874886349224
294	1	0	0.4705993368379579
294	1	1	0.05759798964079642
294	1	2	0.05784358220169278
295	0	0	0.572368239555261
295	0	1	0.4981222163768796
295	0	2	0.43120621392078184
295	1	0	0.4826459383285815
295	1	1	0.12652261166207263
295	1	2	0.12652339446886773
296	0	0	0.5758114149621462
296	0	1	0.5758945153020738
296	0	2	0.47868544766053933
296	1	0	0.44046949565319593
296	1	1	0.0390145454594788
296	1	2	0.03901458142353799
297	0	0	0.5990669974737055
297	0	1	0.5737368604598616
297	0	2	0.47102687211506794
297	1	0	0.47497130157150813
297	1	1	0.15545265938891412
297	1	2	0.15545211818293836
298	0	0	0.5253367547478961
298	0	1	0.5562626072053598
298	0	2	0.4232825113999768
298	1	0	0.42464570433941456
298	1	1	0.05620038863044008
298	1	2	0.056200425156499395
299	0	0	0.5005132455599596
299	0	1	0.49905649599784396
299	0	2	0.4532166271540583
299	1	0	0.49033592900772727
299	1	1	0.03694659744237336
299	1	2	0.03704694299604444
300	0	0	0.5853959242743181
300	0	1	0.4758339622348642
300	0	2	0.47397395186930036
300	1	0	0.489363194139722
300	1	1	0.047510324010271526
300	1	2	0.047521032634884275
301	0	0	0.4946343483481135
301	0	1	0.4837383918371239
301	0	2	0.4204205370674724
301	1	0	0.43689128771136304
301	1	1	0.10062523675293758
301	1	2	0.10062523674861008
302	0	0	0.646298088252692
302	0	1	0.6389158892450202
302	0	2	0.48620525473187637
302	1	0	0.44288923232200555
302	1	1	0.03377214471355462
302	1	2	0.03032258693181457
303	0	0	0.7579861258769525
303	0	1	0.6706497705054206
303	0	2	0.435952127360025
303	1	0	0.4547032225200469
303	1	1	0.07801513462355687
303	1	2	0.0760059900336863
304	0	0	0.6957987014502306
304	0	1	0.6446304936747086
304	0	2	0.4537992821213206
304	1	0	0.4047113324413669
304	1	1	0.019979660769158594
304	1	2	0.02918958333417708
305	0	0	0.6765794840646024
305	0	1	0.6754788415263712
305	0	2	0.46523255494756854
305	1	0	0.4867942980626496
305	1	1	0.05130124333788827
305	1	2	0.05107451790683473
306	0	0	0.6640511549070216
306	0	1	0.6547550535166569
306	0	2	0.5082448452022819
306	1	0	0.48193928341965714
306	1	1	0.07588765931593501
306	1	2	0.07473437115407272
307	0	0	0.7380581780326758
307	0	1	0.5836035709005261
307	0	2	0.45823300069159073
307	1	0	0.4319383425934981
307	1	1	0.05783276487994793
307	1	2	0.051230449213905155
308	0	0	0.559941304758159
308	0	1	0.5501013603950644
308	0	2	0.4632725480903982
308	1	0	0.4697469742365071
308	1	1	0.03848523505603377
308	1	2	0.0383803945734905
309	0	0	0.7801544825823159
309	0	1	0.781498382082074
309	0	2	0.4767418162590628
309	1	0	0.41031261709662675
309	1	1	0.05849435481029844
309	1	2	0.06477386875607948
310	0	0	0.500912366054511
310	0	1	0.49860731548089066
310	0	2	0.42204725291274775
310	1	0	0.4587921464035824
310	1	1	0.048618964133920695
310	1	2	0.04967018935583495
311	0	0	0.6571245235903127
311	0	1	0.6099093544083312
311	0	2	0.4814424661171913
311	1	0	0.47431121510944235
311	1	1	0.05539894519913688
311	1	2	0.055399654653247254
312	0	0	0.4807876296230805
312	0	1	0.46980378916341325
312	0	2	0.35679097677124044
312	1	0	0.48693413516311745
312	1	1	0.030425145234087222
312	1	2	0.030535982628538044
313	0	0	0.7283693535672758
313	0	1	0.6593481356512891
313	0	2	0.4222976479757179
313	1	0	0.44296016381596487
313	1	1	0.07714198120397386
313	1	2	0.07529191031957934
314	0	0	0.6944705661572763
314	0	1	0.6123515184076271
314	0	2	0.3587782215095381
314	1	0	0.45044390977446025
314	1	1	0.0344912047141888
314	1	2	0.0459263045874672
315	0	0	0.6005523518281948
315	0	1	0.6056513488701427
315	0	2	0.4354689989563979
315	1	0	0.48528228034959925
315	1	1	0.06220247981972277
315	1	2	0.06220678688117125
316	0	0	0.5600682922606669
316	0	1	0.5618308906526763
316	0	2	0.4616614870107403
316	1	0	0.4268798832425832
316	1	1	0.05682329999219224
316	1	2	0.059589943663536996
317	0	0	0.6786299513605127
317	0	1	0.6967009514472611
317	0	2	0.4682076239098044
317	1	0	0.4935429569506604
317	1	1	0.07723003244831429
317	1	2	0.061726176320971354
318	0	0	0.5668444702791878
318	0	1	0.5668437196536278
318	0	2	0.45820854020067137
318	1	0	0.45961798321449315
318	1	1	0.07777247915882192
318	1	2	0.07777127253779224
319	0	0	0.7230323228661988
319	0	1	0.716833018646015
319	0	2	0.44569143028031216
319	1	0	0.4403638467131118
319	1	1	0.0262893415913604
319	1	2	0.026377486624654875
320	0	0	0.49631360638791877
320	0	1	0.5120397027129336
320	0	2	0.4464589657679711
320	1	0	0.4505290618269075
320	1	1	0.05228255693317163
320	1	2	0.0526723467757948
321	0	0	0.5792853867824757
321	0	1	0.5577659984651535
321	0	2	0.46259521820452887
321	1	0	0.33790871620548896
321	1	1	0.030388910423039414
321	1	2	0.030470352377774276
322	0	0	0.5602795515553805
322	0	1	0.5736846016324555
322	0	2	0.39775213921542835
322	1	0	0.46192015081130827
322	1	1	0.05449995002520072
322	1	2	0.056850326020100025
323	0	0	0.6439443750704654
323	0	1	0.6743541156784307
323	0	2	0.49653595945892937
323	1	0	0.36742450655570524
323	1	1	0.030827643924872
323	1	2	0.0309326442841677
324	0	0	0.5899749149705655
324	0	1	0.5699926018208439
324	0	2	0.4318663132855848
324	1	0	0.44802366151931944
324	1	1	0.07443838654662563
324	1	2	0.07500227009427415
325	0	0	0.5743780306362962
325	0	1	0.5293640000460417
325	0	2	0.5370090053491452
325	1	0	0.45739274120627643
325	1	1	0.1749996694722562
325	1	2	0.22947068804154414
326	0	0	0.6338695605931145
326	0	1	0.592730342539401
326	0	2	0.4613725353965584
326	1	0	0.46065337392738703
326	1	1	0.026165019048810703
326	1	2	0.05642185590427733
327	0	0	0.5888103885597211
327	0	1	0.5642840118971836
327	0	2	0.48049667663833906
327	1	0	0.4450087755295757
327	1	1	0.030387279148128485
327	1	2	0.05716156614662955
328	0	0	0.6279332436832699
328	0	1	0.6016934814054655
328	0	2	0.3541109541462236
328	1	0	0.40723316017942296
328	1	1	0.04303954221164756
328	1	2	0.0433060675664587
329	0	0	0.7252782196521813
329	0	1	0.7211217902547699
329	0	2	0.4335713576203629
329	1	0	0.4262776120918994
329	1	1	0.04487147633135467
329	1	2	0.06107890831387881
330	0	0	0.7071367323563492
330	0	1	0.7348970085142674
330	0	2	0.4096336793769158
330	1	0	0.4884395517902258
330	1	1	0.03718565431877632
330	1	2	0.03616585029704361
331	0	0	0.7019000790425056
331	0	1	0.70438890383526
331	0	2	0.4244784853750818
331	1	0	0.4757014462005838
331	1	1	0.04861206585621049
331	1	2	0.04786673786561213
332	0	0	0.5464690157334985
332	0	1	0.5809278119775734
332	0	2	0.4621356648617564
332	1	0	0.4440378489721336
332	1	1	0.055649615626957735
332	1	2	0.055629113728950186
333	0	0	0.5817726637582266
333	0	1	0.5896515541737106
333	0	2	0.4705805247530186
333	1	0	0.46188543944932436
333	1	1	0.033650630485675126
333	1	2	0.05098266567938006
334	0	0	0.7048791212694036
334	0	1	0.6178434949605367
334	0	2	0.4428781096836636
334	1	0	0.4092796904662536
334	1	1	0.0674336670608716
334	1	2	0.0697788024417514
335	0	0	0.5629821999885714
335	0	1	0.5698584313083158
335	0	2	0.4744603105958126
335	1	0	0.47831796655404035
335	1	1	0.0475434308157074
335	1	2	0.048716011821874544
336	0	0	0.6534651941277573
336	0	1	0.636809628532423
336	0	2	0.36657950937936207
336	1	0	0.4044662727395828
336	1	1	0.042307084976847834
336	1	2	0.041514025398636564
337	0	0	0.5746883254848038
337	0	1	0.5596852724472665
337	0	2	0.4460739975596728
337	1	0	0.3502472268971188
337	1	1	0.029661317697267514
337	1	2	0.030310760911977486
338	0	0	0.5895901782240375
338	0	1	0.6050263326881842
338	0	2	0.2955550861158023
338	1	0	0.45422624736231004
338	1	1	0.05812661339166918
338	1	2	0.058126599884215785
339	0	0	0.5929161870048623
339	0	1	0.5359126636058955
339	0	2	0.4530761835179953
339	1	0	0.4643744769083862
339	1	1	0.031400377371323535
339	1	2	0.032137092481024795
340	0	0	0.5848848721311641
340	0	1	0.56283218122965
340	0	2	0.40858294845704685
340	1	0	0.45632449671957415
340	1	1	0.05781314937613011
340	1	2	0.057437499426584465
341	0	0	0.5164305436880203
341	0	1	0.5132955707161913
341	0	2	0.40686899557714207
341	1	0	0.4533507169956533
341	1	1	0.05427550696249926
341	1	2	0.05431664044160059
342	0	0	0.6214755860421017
342	0	1	0.5957002339518351
342	0	2	0.42533147328913623
342	1	0	0.45614794911951884
342	1	1	0.045969131411313535
342	1	2	0.07090691096675492
343	0	0	0.5198720523140046
343	0	1	0.5125088986342983
343	0	2	0.4361983634220262
343	1	0	0.4078801886630753
343	1	1	0.03689428214024766
343	1	2	0.03689416032856177
344	0	0	0.632220229127441
344	0	1	0.6440108726795881
344	0	2	0.5504370972541078
344	1	0	0.4492032708842341
344	1	1	0.15504550391847738
344	1	2	0.14652486453890448
345	0	0	0.629675741959119
345	0	1	0.5897405015047226
345	0	2	0.48352784331972715
345	1	0	0.4848672499448347
345	1	1	0.057559228585078545
345	1	2	0.057956800971958516
346	0	0	0.7648366138180892
346	0	1	0.6252085525712565
346	0	2	0.4029036584209273
346	1	0	0.4519634459634513
346	1	1	0.02773080128408323
346	1	2	0.025799332853290405
347	0	0	0.6427087790223671
347	0	1	0.6055811984679742
347	0	2	0.4080025359472519
347	1	0	0.49007386428122085
347	1	1	0.03362496503498176
347	1	2	0.03406911539634093
348	0	0	0.4982670822441455
348	0	1	0.4982670822441455
348	0	2	0.45158782379869955
348	1	0	0.41931080284044936
348	1	1	0.030925420547483373
348	1	2	0.030925368421561017
349	0	0	0.4972137535498454
349	0	1	0.4972137535498454
349	0	2	0.43312011443746695
349	1	0	0.3193281817193689
349	1	1	0.025827586678910927
349	1	2	0.02582957417936732
350	0	0	0.6084853729348558
350	0	1	0.5557601888148165
350	0	2	0.3552793994733367
350	1	0	0.3346427214464732
350	1	1	0.028972889052235593
350	1	2	0.03203954907483733
351	0	0	0.6005389666941314
351	0	1	0.5741928131371352
351	0	2	0.41538871121138987
351	1	0	0.4392875674858755
351	1	1	0.047691039533976465
351	1	2	0.04768148596171093
352	0	0	0.5962875687383586
352	0	1	0.5612070873794535
352	0	2	0.45552655320111657
352	1	0	0.4780445784911312
352	1	1	0.04964446840140131
352	1	2	0.05104957747307666
353	0	0	0.5770023260068058
353	0	1	0.5843036131440444
353	0	2	0.4338490656361448
353	1	0	0.44797166679503553
353	1	1	0.04596253841431003
353	1	2	0.04609819632799464
354	0	0	0.6197644227823762
354	0	1	0.6141361173216716
354	0	2	0.37709255839607886
354	1	0	0.45595363122492993
354	1	1	0.16191547172235604
354	1	2	0.16156034578290449
355	0	0	0.5751083313917809
355	0	1	0.5063695487159667
355	0	2	0.43118548145183566
355	1	0	0.3675687084544073
355	1	1	0.047796394062433814
355	1	2	0.0477963516773333
356	0	0	0.48685974573055246
356	0	1	0.4970194440233475
356	0	2	0.48195755541164376
356	1	0	0.4828254297440933
356	1	1	0.07863291198352736
356	1	2	0.07981734892630023
357	0	0	0.5395312992337581
357	0	1	0.5417195536682201
357	0	2	0.43811079320274005
357	1	0	0.45561722868396204
357	1	1	0.03857247758501044
357	1	2	0.038590881920998174
358	0	0	0.5784607363581848
358	0	1	0.5244646838712375
358	0	2	0.4321481798781842
358	1	0	0.4920696064204563
358	1	1	0.04627345022472193
358	1	2	0.04630217566613863
359	0	0	0.6571325060466751
359	0	1	0.6442644327007582
359	0	2	0.4613422811133231
359	1	0	0.4792171044325949
359	1	1	0.06587307828930802
359	1	2	0.06587899692718267
360	0	0	0.5883846934412988
360	0	1	0.5367791780982129
360	0	2	0.4664158756959195
360	1	0	0.480491016088979
360	1	1	0.061075138792663894
360	1	2	0.061046845101467684
361	0	0	0.583804126862029
361	0	1	0.5369788123845152
361	0	2	0.4401626133562764
361	1	0	0.39313044043655365
361	1	1	0.055503336380664195
361	1	2	0.05537583578853682
362	0	0	0.6324675353968013
362	0	1	0.6052935156850521
362	0	2	0.45741882709947496
362	1	0	0.4441104528559823
362	1	1	0.04173987098731345
362	1	2	0.04187210668888976
363	0	0	0.6250288508764499
363	0	1	0.6607181455552619
363	0	2	0.4505586804835249
363	1	0	0.47294178125908365
363	1	1	0.019202286981656602
363	1	2	0.020312387532097492
364	0	0	0.5245268849109574
364	0	1	0.5270816733371702
364	0	2	0.43777514338023826
364	1	0	0.4570250225583467
364	1	1	0.05178390847719433
364	1	2	0.051783767486535556
365	0	0	0.6192508677423185
365	0	1	0.6044059930832015
365	0	2	0.3561641171595096
365	1	0	0.47687862088152977
365	1	1	0.026105635970622473
365	1	2	0.025873623594539485
366	0	0	0.5620373919532138
366	0	1	0.5487354277536802
366	0	2	0.4363467528278911
366	1	0	0.358056224348141
366	1	1	0.026384000232464247
366	1	2	0.029078312206338747
367	0	0	0.6433299006804092
367	0	1	0.6221718591839431
367	0	2	0.4179970164102929
367	1	0	0.4769545281111543
367	1	1	0.05796127285314566
367	1	2	0.057961560386373484
368	0	0	0.5254223842470881
368	0	1	0.5254082233709858
368	0	2	0.4159444137652897
368	1	0	0.4059960912810825
368	1	1	0.05428835656323426
368	1	2	0.051221352455285
369	0	0	0.6237589673359256
369	0	1	0.6061026157466767
369	0	2	0.4457511705734059
369	1	0	0.4905223687848809
369	1	1	0.14796305921983183
369	1	2	0.15459509749803313
370	0	0	0.5921177647842764
370	0	1	0.6128059113853123
370	0	2	0.4505677811736156
370	1	0	0.4589731706134102
370	1	1	0.13865761481557506
370	1	2	0.13785980198508355
371	0	0	0.6205322505681936
371	0	1	0.6211443771979676
371	0	2	0.47478717214891497
371	1	0	0.4702336454155862
371	1	1	0.07956235201158895
371	1	2	0.0795623564834742
372	0	0	0.5258296206131221
372	0	1	0.5180245338361706
372	0	2	0.4256414471489095
372	1	0	0.4121457273463856
372	1	1	0.037530225286750665
372	1	2	0.0381191611113776
373	0	0	0.6233487532431892
373	0	1	0.6242637607692084
373	0	2	0.48225561755984203
373	1	0	0.48422949399108844
373	1	1	0.06372271725578958
373	1	2	0.06372250162621569
374	0	0	0.5594864689214217
374	0	1	0.5281244374840705
374	0	2	0.4657135733213359
374	1	0	0.3490906039344814
374	1	1	0.034324236149974055
374	1	2	0.0342864005598703
375	0	0	0.5048964920747896
375	0	1	0.5048965046779759
375	0	2	0.4146446841281224
375	1	0	0.49290192523739784
375	1	1	0.031842997871334336
375	1	2	0.0318041019840235
376	0	0	0.5271349614149101
376	0	1	0.5449191392579928
376	0	2	0.4819601219627578
376	1	0	0.4138535581448918
376	1	1	0.16655989642094998
376	1	2	0.16664629037048528
377	0	0	0.6686149444224003
377	0	1	0.5614876559384607
377	0	2	0.4621581574095259
377	1	0	0.4329890419758689
377	1	1	0.04692800101288026
377	1	2	0.046983240569870716
378	0	0	0.49805694422597147
378	0	1	0.5093451066420311
378	0	2	0.4418639191069587
378	1	0	0.49849992178146774
378	1	1	0.1068782331055385
378	1	2	0.10674947099307205
379	0	0	0.6134162215836585
379	0	1	0.5682024446924014
379	0	2	0.47807260253782935
379	1	0	0.4144624917080811
379	1	1	0.06715274816440095
379	1	2	0.0616494728107856
380	0	0	0.5556746963801842
380	0	1	0.5421761787434438
380	0	2	0.46634928362777595
380	1	0	0.4722689663562088
380	1	1	0.04353094605965345
380	1	2	0.043530934158731605
381	0	0	0.6750963937670769
381	0	1	0.5434125176546742
381	0	2	0.4736658063715742
381	1	0	0.4883080106064782
381	1	1	0.07852091962041247
381	1	2	0.07574640686122346
382	0	0	0.5431714207131882
382	0	1	0.5349208244383619
382	0	2	0.44185236883597573
382	1	0	0.4600622643428394
382	1	1	0.01776616074025983
382	1	2	0.016946893962871898
383	0	0	0.4854874446894024
383	0	1	0.487497126239795
383	0	2	0.3758997027526444
383	1	0	0.4530924197866614
383	1	1	0.023815249891290538
383	1	2	0.02374273198912019
384	0	0	0.48423673405400164
384	0	1	0.48423673405400164
384	0	2	0.4067128479298116
384	1	0	0.40848586257112895
384	1	1	0.03018898067480552
384	1	2	0.030188926321973092
385	0	0	0.49676423585334617
385	0	1	0.49676423585334617
385	0	2	0.49676423585334617
385	1	0	0.40061047981915415
385	1	1	0.1624668954338273
385	1	2	0.1624668950973781
386	0	0	0.49260826715248274
386	0	1	0.4917943634085697
386	0	2	0.41092492576098627
386	1	0	0.4666130894575526
386	1	1	0.0491038064914415
386	1	2	0.049103806408814094
387	0	0	0.48622139990855284
387	0	1	0.48622139990855284
387	0	2	0.44697618287868973
387	1	0	0.4500462677865974
387	1	1	0.05333496340843012
387	1	2	0.05333496340725516
388	0	0	0.46208483678069207
388	0	1	0.4534704974141923
388	0	2	0.37153091241356717
388	1	0	0.3554395324467687
388	1	1	0.033252581024879393
388	1	2	0.03325257340229745
389	0	0	0.5691286798190718
389	0	1	0.5485419916600895
389	0	2	0.38432813701952073
389	1	0	0.4904947348346769
389	1	1	0.0385554193902589
389	1	2	0.03857102648882536
390	0	0	0.4936210031329022
390	0	1	0.4936210031329022
390	0	2	0.4051285539026565
390	1	0	0.4512356624399487
390	1	1	0.0492342642166531
390	1	2	0.04923426421368375
391	0	0	0.562446466290248
391	0	1	0.5603736194894566
391	0	2	0.43064451219692357
391	1	0	0.3426735180748565
391	1	1	0.02302362120902872
391	1	2	0.023487756514830274
392	0	0	0.4950810981548367
392	0	1	0.4950810981548367
392	0	2	0.46228497565093263
392	1	0	0.40746838949586267
392	1	1	0.09776164388085459
392	1	2	0.09776158063273796
393	0	0	0.5056602461193013
393	0	1	0.48131921493061824
393	0	2	0.40072755066546994
393	1	0	0.4443113378021611
393	1	1	0.057635290312721965
393	1	2	0.05691017930919423
394	0	0	0.4899585835886562
394	0	1	0.4899585835886562
394	0	2	0.43724720567874514
394	1	0	0.48972735426219977
394	1	1	0.10315302988366336
394	1	2	0.10268407679969913
395	0	0	0.5138649794995163
395	0	1	0.49186197318820446
395	0	2	0.416572288653535
395	1	0	0.40022903988114483
395	1	1	0.09661521439818647
395	1	2	0.0965258077836389
396	0	0	0.49496566701465183
396	0	1	0.4845342709592396
396	0	2	0.4689580412150653
396	1	0	0.4785189487134092
396	1	1	0.09391388908053633
396	1	2	0.0939138889269344
397	0	0	0.49190354973125566
397	0	1	0.49148162606704626
397	0	2	0.4324295806415684
397	1	0	0.45136719908362005
397	1	1	0.03707128130500929
397	1	2	0.037136768364523676
398	0	0	0.496696986299508
398	0	1	0.49282000467825715
398	0	2	0.4188216031639463
398	1	0	0.4319537280804037
398	1	1	0.060660045432735996
398	1	2	0.06065997480253846
399	0	0	0.49850285190743127
399	0	1	0.49850285190743127
399	0	2	0.46962355900772623
399	1	0	0.43888694843169596
399	1	1	0.042805839267068116
399	1	2	0.042805802977632784
400	0	0	0.48958222946387253
400	0	1	0.4751465011133101
400	0	2	0.4472868324143275
400	1	0	0.4476583891425011
400	1	1	0.14366862641861786
400	1	2	0.14366862613543296
401	0	0	0.6200797676347675
401	0	1	0.6204690322796429
401	0	2	0.38628782688063895
401	1	0	0.38299325170783943
401	1	1	0.02307402646045978
401	1	2	0.026245693876956216
402	0	0	0.5924215956824816
402	0	1	0.6048685687362756
402	0	2	0.387303143663441
402	1	0	0.4594404453461179
402	1	1	0.1601615752947388
402	1	2	0.1596937128564717
403	0	0	0.5524500639643684
403	0	1	0.5279648585645627
403	0	2	0.3441388785254361
403	1	0	0.4730930790196545
403	1	1	0.07744073358650311
403	1	2	0.08671020043578861
404	0	0	0.6420520078246295
404	0	1	0.6076032110045972
404	0	2	0.4264582367862667
404	1	0	0.45829214216537634
404	1	1	0.05210036373899617
404	1	2	0.05641555978187776
405	0	0	0.6172837457991018
405	0	1	0.6032242524913203
405	0	2	0.4474143899372409
405	1	0	0.4690397571102713
405	1	1	0.15225192612718536
405	1	2	0.1314502012853525
406	0	0	0.5458288217052302
406	0	1	0.5366582073996542
406	0	2	0.4489041593537982
406	1	0	0.44382709441203716
406	1	1	0.047995513436206214
406	1	2	0.0411272671171395
407	0	0	0.7348543590768646
407	0	1	0.7186664538138378
407	0	2	0.3663856627250173
407	1	0	0.48166667088797827
407	1	1	0.05714111744236129
407	1	2	0.05403896997533046
408	0	0	0.5775238788308379
408	0	1	0.5735005993004233
408	0	2	0.4580035754070575
408	1	0	0.46304672924983536
408	1	1	0.05225210233190625
408	1	2	0.05225237271934993
409	0	0	0.5912206608074289
409	0	1	0.6025821938667149
409	0	2	0.4941452776191714
409	1	0	0.46424091748441104
409	1	1	0.0418097730054198
409	1	2	0.04198540652920965
410	0	0	0.5987616068744372
410	0	1	0.5586460145395418
410	0	2	0.46518905838675334
410	1	0	0.420842066249705
410	1	1	0.03720187420673432
410	1	2	0.03758112720270074
411	0	0	0.5671354546137906
411	0	1	0.5509296496851055
411	0	2	0.4282094861093901
411	1	0	0.48348886076346187
411	1	1	0.10746132709073515
411	1	2	0.10771910033806056
412	0	0	0.8083471779965195
412	0	1	0.67915631547199
412	0	2	0.3966654090298706
412	1	0	0.4824739739662281
412	1	1	0.06690844495646314
412	1	2	0.06528481752455509
413	0	0	0.6606820798134374
413	0	1	0.6946157365493277
413	0	2	0.457928330219874
413	1	0	0.465656247999197
413	1	1	0.06419143639382867
413	1	2	0.07339030473053708
414	0	0	0.5190582808471982
414	0	1	0.5273176875270449
414	0	2	0.40054248556019934
414	1	0	0.4596168819232395
414	1	1	0.16032406790623777
414	1	2	0.2669518813261691
415	0	0	0.4907516847572813
415	0	1	0.4907516847572813
415	0	2	0.4907516847572813
415	1	0	0.44141790153097066
415	1	1	0.03899006774386281
415	1	2	0.03899006774152214
416	0	0	0.617645544375606
416	0	1	0.5952554064185742
416	0	2	0.4554954123896604
416	1	0	0.4649532738580338
416	1	1	0.12046901635214415
416	1	2	0.1432672360429733
417	0	0	0.657202089016012
417	0	1	0.6158813032573649
417	0	2	0.4947952113786792
417	1	0	0.49157126827850167
417	1	1	0.15213325042461545
417	1	2	0.16747782621574547
418	0	0	0.6540406635551791
418	0	1	0.5406198519163584
418	0	2	0.4252610822828332
418	1	0	0.47513573267952275
418	1	1	0.0744347238147065
418	1	2	0.08471646655937813
419	0	0	0.6175492737094812
419	0	1	0.6058196980544258
419	0	2	0.41508905699951937
419	1	0	0.43515625479793557
419	1	1	0.2851584509499129
419	1	2	0.3003943346233911
420	0	0	0.7061478385276527
420	0	1	0.6077261242735434
420	0	2	0.3920785417278141
420	1	0	0.40345279533844713
420	1	1	0.0803935129130232
420	1	2	0.05734116021829355
421	0	0	0.6791570353241944
421	0	1	0.5973524743534022
421	0	2	0.4202378620808389
421	1	0	0.45135890659286654
421	1	1	0.077318318485234
421	1	2	0.05548599058019854
422	0	0	0.6502106820620794
422	0	1	0.6607718437719183
422	0	2	0.48174081093795806
422	1	0	0.4354049823152441
422	1	1	0.07734345172178829
422	1	2	0.07631936364967784
423	0	0	0.7153565117768814
423	0	1	0.6907813919800675
423	0	2	0.4331413357988245
423	1	0	0.3942583944881449
423	1	1	0.07667879643268008
423	1	2	0.07565469910285394
424	0	0	0.48782081936804234
424	0	1	0.48782081936804234
424	0	2	0.48782081936804234
424	1	0	0.4821060616523858
424	1	1	0.05820912627917879
424	1	2	0.0582090837574305
425	0	0	0.47758029452009826
425	0	1	0.47758029452009826
425	0	2	0.4028830811276465
425	1	0	0.47296332556559345
425	1	1	0.041200270609850195
425	1	2	0.04120027060707013
426	0	0	0.4968160798851283
426	0	1	0.4968160798851283
426	0	2	0.4849204676459059
426	1	0	0.4183415938515122
426	1	1	0.05819508381491566
426	1	2	0.058195012636801824
427	0	0	0.478749009461518
427	0	1	0.478749009461518
427	0	2	0.43014714225938405
427	1	0	0.4436236293374152
427	1	1	0.050337743062666473
427	1	2	0.05033765790528935
428	0	0	0.48554703747944455
428	0	1	0.48554703747944455
428	0	2	0.4699001793418627
428	1	0	0.378992661864642
428	1	1	0.03315558473203034
428	1	2	0.03315763520205317
429	0	0	0.6432026154476282
429	0	1	0.5981384724559897
429	0	2	0.416950252179082
429	1	0	0.314064457856081
429	1	1	0.017782511291256034
429	1	2	0.017761257877490985
430	0	0	0.5761216067344979
430	0	1	0.5563059176024346
430	0	2	0.483118996136683
430	1	0	0.41985987931656615
430	1	1	0.06348917367864913
430	1	2	0.06362628793879634
431	0	0	0.487462776443578
431	0	1	0.487462776443578
431	0	2	0.48659960384565837
431	1	0	0.4534839128445699
431	1	1	0.04789568275075448
431	1	2	0.04789549231295091
432	0	0	0.4927618018775645
432	0	1	0.4927618018775645
432	0	2	0.48863588165527005
432	1	0	0.43897195841421804
432	1	1	0.13639843070183932
432	1	2	0.13639843043110444
433	0	0	0.4946859971736511
433	0	1	0.49235306421032393
433	0	2	0.44144806099617123
433	1	0	0.4402629476027823
433	1	1	0.06388280286828044
433	1	2	0.06388280286720471
434	0	0	0.4957008218394944
434	0	1	0.4957008218394944
434	0	2	0.3554636087423487
434	1	0	0.491927197181616
434	1	1	0.14630776654774896
434	1	2	0.14630776623393088
435	0	0	0.4852809675351223
435	0	1	0.4852809675351223
435	0	2	0.47212303777752057
435	1	0	0.3818650533539544
435	1	1	0.0244307455607735
435	1	2	0.024432499735353316
436	0	0	0.5602309780974796
436	0	1	0.5636493934805695
436	0	2	0.35888417018920754
436	1	0	0.4755061843643258
436	1	1	0.04263984110746839
436	1	2	0.04304771346306313
437	0	0	0.5523023830859781
437	0	1	0.530091397976171
437	0	2	0.4375050915338533
437	1	0	0.4952500209590896
437	1	1	0.0365486178578225
437	1	2	0.036548750101588146
438	0	0	0.5821786950347475
438	0	1	0.5895736569056765
438	0	2	0.4815825826262721
438	1	0	0.40403585036553025
438	1	1	0.06128337739831326
438	1	2	0.06125596271717443
439	0	0	0.5444154977464515
439	0	1	0.5251935388071975
439	0	2	0.3617803041863424
439	1	0	0.4371227810151404
439	1	1	0.07097002542836023
439	1	2	0.107399323478815
440	0	0	0.6305275444508802
440	0	1	0.6290349128405299
440	0	2	0.42161407467075196
440	1	0	0.41433458162889963
440	1	1	0.051146177848595514
440	1	2	0.050546670654122314
441	0	0	0.538268858813315
441	0	1	0.5425800806090579
441	0	2	0.46000473787175655
441	1	0	0.45958761367409107
441	1	1	0.03566473181670665
441	1	2	0.02912462281737932
442	0	0	0.6716253837964689
442	0	1	0.6323108969658049
442	0	2	0.4342085821562887
442	1	0	0.4738366172383942
442	1	1	0.03567974342624726
442	1	2	0.07936857169087257
443	0	0	0.5605661247341505
443	0	1	0.5363436587740211
443	0	2	0.43000876107965735
443	1	0	0.386785988308329
443	1	1	0.03445262745174714
443	1	2	0.03379115925791687
444	0	0	0.6880477147436244
444	0	1	0.6382568825302427
444	0	2	0.40007438318633726
444	1	0	0.4243580597643684
444	1	1	0.09316905812331693
444	1	2	0.09628483878590928
445	0	0	0.7072688764227022
445	0	1	0.6915059528126304
445	0	2	0.46385037051380285
445	1	0	0.45446339996544816
445	1	1	0.08104821466975981
445	1	2	0.08432594863185831
446	0	0	0.6384218737298079
446	0	1	0.5463895760456812
446	0	2	0.397124557306615
446	1	0	0.4194167955036584
446	1	1	0.04899996189086188
446	1	2	0.08653303697336945
447	0	0	0.4847194180010894
447	0	1	0.4814012439121339
447	0	2	0.45400551626733604
447	1	0	0.4800914769904645
447	1	1	0.04040934934343442
447	1	2	0.04041330613711028
448	0	0	0.48467338228274814
448	0	1	0.4797436697018729
448	0	2	0.42657764731779724
448	1	0	0.4388569335202336
448	1	1	0.0245718606502906
448	1	2	0.024571860650071234
449	0	0	0.6315255388884415
449	0	1	0.6322272872924394
449	0	2	0.4191540176837757
449	1	0	0.43263215471550065
449	1	1	0.0631836617174809
449	1	2	0.07500757667149169
450	0	0	0.6154239057772262
450	0	1	0.5947041969027037
450	0	2	0.38908868593688
450	1	0	0.3679928559955182
450	1	1	0.16950528682400437
450	1	2	0.22264662080358608
451	0	0	0.6379925174946368
451	0	1	0.6076875592764728
451	0	2	0.42079478230246437
451	1	0	0.3663260907192232
451	1	1	0.09001772299388386
451	1	2	0.0958655372090009
452	0	0	0.5990447423034085
452	0	1	0.5726140299967113
452	0	2	0.4135213396485087
452	1	0	0.47242939096156084
452	1	1	0.055332279725921765
452	1	2	0.07513776354212721
453	0	0	0.49141314569364136
453	0	1	0.49141314569364136
453	0	2	0.4567950253087135
453	1	0	0.48354079678402373
453	1	1	0.04093893591971079
453	1	2	0.0409388629294538
454	0	0	0.4959477027299104
454	0	1	0.4959477027299104
454	0	2	0.4959477027299104
454	1	0	0.32288345322294
454	1	1	0.050856822861634135
454	1	2	0.05085682285831801
455	0	0	0.4954398182425383
455	0	1	0.4954398182425383
455	0	2	0.4819944206635503
455	1	0	0.4068757439807279
455	1	1	0.025401995693520293
455	1	2	0.025526618796538544
456	0	0	0.49027821207351263
456	0	1	0.4781870935130167
456	0	2	0.45623869359146313
456	1	0	0.38052962344791114
456	1	1	0.10204890988697567
456	1	2	0.10204890968900883
457	0	0	0.4973652048152636
457	0	1	0.4973652048152636
457	0	2	0.44255744320627
457	1	0	0.4231024398448983
457	1	1	0.10802075881396925
457	1	2	0.10802067511209695
458	0	0	0.4861258051652246
458	0	1	0.4829954483036783
458	0	2	0.47434727258787107
458	1	0	0.4123495082995838
458	1	1	0.05176826856629471
458	1	2	0.05176822412606866
459	0	0	0.700377596480193
459	0	1	0.679325027083455
459	0	2	0.4098797818043427
459	1	0	0.45322820273196224
459	1	1	0.059961945375401685
459	1	2	0.07530152141537243
460	0	0	0.7028149441901839
460	0	1	0.6952892175488443
460	0	2	0.402199950740852
460	1	0	0.45983831176428996
460	1	1	0.09693582992479262
460	1	2	0.09605158239103136
461	0	0	0.484836814467945
461	0	1	0.484836814467945
461	0	2	0.40475696053470817
461	1	0	0.42455559241697227
461	1	1	0.048006255507214685
461	1	2	0.0480061667945724
462	0	0	0.49528392476087113
462	0	1	0.49528392476087113
462	0	2	0.4027247208062779
462	1	0	0.452554483908799
462	1	1	0.03497837229534331
462	1	2	0.0349783722935611
463	0	0	0.4931992882573917
463	0	1	0.4931992882573917
463	0	2	0.3988815506772649
463	1	0	0.4293425508501438
463	1	1	0.028444335450555386
463	1	2	0.02844424362947759
464	0	0	0.49407062742911906
464	0	1	0.49407062742911906
464	0	2	0.4701144666766852
464	1	0	0.4627655628186133
464	1	1	0.14574401754753252
464	1	2	0.1457440172294756
465	0	0	0.5778699769481002
465	0	1	0.5775618813602696
465	0	2	0.4076887495513035
465	1	0	0.44669883405229993
465	1	1	0.03647784300161169
465	1	2	0.03880149703779823
466	0	0	0.6248262015280563
466	0	1	0.6167733754152576
466	0	2	0.44549753969996964
466	1	0	0.471838785143786
466	1	1	0.05043162892938123
466	1	2	0.05043163578147816
467	0	0	0.6157653470481759
467	0	1	0.6006921345547589
467	0	2	0.499677351424774
467	1	0	0.43118691900935124
467	1	1	0.028039428187274104
467	1	2	0.028039419674425095
468	0	0	0.6672967558011147
468	0	1	0.6494144969857543
468	0	2	0.4953570307590613
468	1	0	0.4757412872362048
468	1	1	0.04711342820406762
468	1	2	0.12470576680348243
469	0	0	0.670981199842057
469	0	1	0.6549162677230501
469	0	2	0.455726720010007
469	1	0	0.4345292597762537
469	1	1	0.09172434397118649
469	1	2	0.1109108530097069
470	0	0	0.6598433509871044
470	0	1	0.5970587239023442
470	0	2	0.44964788687204177
470	1	0	0.40982541087885216
470	1	1	0.026624331872400764
470	1	2	0.03549768145303714
471	0	0	0.6026724590278507
471	0	1	0.6181718953344713
471	0	2	0.47732689651254845
471	1	0	0.46861097610599856
471	1	1	0.07803557110170288
471	1	2	0.07806756293797824
472	0	0	0.6984720988953359
472	0	1	0.6466361240488581
472	0	2	0.39292787076847263
472	1	0	0.4413804328617315
472	1	1	0.02658626281957259
472	1	2	0.026007536102799864
473	0	0	0.5422913111945757
473	0	1	0.5339913057361271
473	0	2	0.3956909498968751
473	1	0	0.41920372574838327
473	1	1	0.02161530783724755
473	1	2	0.02163521782012011
474	0	0	0.6802983913042755
474	0	1	0.6859682454407701
474	0	2	0.44116692805344937
474	1	0	0.45123945147250505
474	1	1	0.06392551820205325
474	1	2	0.11234301066264492
475	0	0	0.7914789894827278
475	0	1	0.7910908218097008
475	0	2	0.33922190815902153
475	1	0	0.47455663768537526
475	1	1	0.049323705799122056
475	1	2	0.04934958805894926
476	0	0	0.5651274628281032
476	0	1	0.560926537874826
476	0	2	0.4811313652428127
476	1	0	0.43107655579212006
476	1	1	0.054313285920363344
476	1	2	0.053009445861576104
477	0	0	0.839113046281873
477	0	1	0.8369134972613435
477	0	2	0.4063068319196791
477	1	0	0.324981125462441
477	1	1	0.036338805718777734
477	1	2	0.05098226708115322
478	0	0	0.7119258240655456
478	0	1	0.6751151378169546
478	0	2	0.4897555087650556
478	1	0	0.470754061639424
478	1	1	0.06816319246199429
478	1	2	0.10075251270828166
479	0	0	0.6404775726210665
479	0	1	0.6181964983958026
479	0	2	0.4283552156948617
479	1	0	0.4031994385422215
479	1	1	0.08971221980579433
479	1	2	0.10326227321277154
480	0	0	0.6467304931133537
480	0	1	0.647405826936596
480	0	2	0.4130506279570729
480	1	0	0.4746149025295862
480	1	1	0.23703111233857976
480	1	2	0.2551753336866066
481	0	0	0.6272525168881478
481	0	1	0.6219699996131306
481	0	2	0.48777181776757894
481	1	0	0.48315363928551447
481	1	1	0.027282146531398946
481	1	2	0.03276250024133513
482	0	0	0.6209093908739165
482	0	1	0.6112887812119315
482	0	2	0.49709900213043845
482	1	0	0.47724733048171597
482	1	1	0.20522411160910062
482	1	2	0.2169556602105273
483	0	0	0.6018454989523472
483	0	1	0.5942391552813104
483	0	2	0.40493249050889435
483	1	0	0.4894038032233017
483	1	1	0.4601520625866756
483	1	2	0.4851102505248171
484	0	0	0.5786408963690761
484	0	1	0.5751027511756706
484	0	2	0.4760802414281414
484	1	0	0.3786665393140429
484	1	1	0.06852596049689419
484	1	2	0.08106009621284586
485	0	0	0.5132916325888237
485	0	1	0.49753999003327093
485	0	2	0.46569794482020077
485	1	0	0.35182990281241744
485	1	1	0.3698534641939306
485	1	2	0.36985349754138797
486	0	0	0.6758021653061992
486	0	1	0.6768238434302251
486	0	2	0.46302268985136963
486	1	0	0.41296275159178375
486	1	1	0.027597495430092475
486	1	2	0.029047809863212246
487	0	0	0.7260134919673651
487	0	1	0.7167697364511684
487	0	2	0.4708171283716368
487	1	0	0.47388066311870447
487	1	1	0.036241401628334446
487	1	2	0.03571392777887902
488	0	0	0.6443604832219236
488	0	1	0.627629141889486
488	0	2	0.42433358471176735
488	1	0	0.44290777728210595
488	1	1	0.028734170180643226
488	1	2	0.028857477244212254
489	0	0	0.6446689150521017
489	0	1	0.6183389401303239
489	0	2	0.4395839954446173
489	1	0	0.3515247723843881
489	1	1	0.1546729681843375
489	1	2	0.15558143843376643
490	0	0	0.5494011712418199
490	0	1	0.5440391475390112
490	0	2	0.48813588130654917
490	1	0	0.45025687536215553
490	1	1	0.05104776235521441
490	1	2	0.057186945710977335
491	0	0	0.6141414567762498
491	0	1	0.6065014595345947
491	0	2	0.36808205408555494
491	1	0	0.41440629820165625
491	1	1	0.06790746663127761
491	1	2	0.06793679959380389
492	0	0	0.5354718283114447
492	0	1	0.5419866996188204
492	0	2	0.4330019612038639
492	1	0	0.4453936432720782
492	1	1	0.0406760870972899
492	1	2	0.04430813520263335
493	0	0	0.562356100252078
493	0	1	0.5625214311303486
493	0	2	0.3640498575459879
493	1	0	0.4242035096842303
493	1	1	0.04046269883567727
493	1	2	0.03990689044913351
494	0	0	0.6764308455887116
494	0	1	0.6327540088090462
494	0	2	0.4376722958711381
494	1	0	0.42077860070593653
494	1	1	0.14619609689356453
494	1	2	0.16411944377978993
495	0	0	0.6920352671977952
495	0	1	0.6745304360889246
495	0	2	0.47641897726064925
495	1	0	0.45420070256567724
495	1	1	0.1310677062255457
495	1	2	0.13106770003219667
496	0	0	0.676016349347589
496	0	1	0.6831863084487798
496	0	2	0.48768298533511845
496	1	0	0.48291497912467385
496	1	1	0.06692189282964255
496	1	2	0.06720390721037225
497	0	0	0.5555680526628017
497	0	1	0.5523894528168096
497	0	2	0.4555614279500183
497	1	0	0.35877158322126323
497	1	1	0.04128913540623663
497	1	2	0.04128936371128358
498	0	0	0.6348809070468424
498	0	1	0.6195913536626649
498	0	2	0.4610985395523274
498	1	0	0.3812851699822278
498	1	1	0.06350359731606929
498	1	2	0.05296026386622696
499	0	0	0.622376118235701
499	0	1	0.6380266342056797
499	0	2	0.4828477571245805
499	1	0	0.4428555555087746
499	1	1	0.04020541804606567
499	1	2	0.04020542060202245
500	0	0	0.5668555403843571
500	0	1	0.5542261857436794
500	0	2	0.46582950725954503
500	1	0	0.4558041352926132
500	1	1	0.045873756182715456
500	1	2	0.0458739346568106
501	0	0	0.635002002698378
501	0	1	0.5930640052165426
501	0	2	0.41714715339025976
501	1	0	0.4895094420989835
501	1	1	0.13275653656294586
501	1	2	0.13275639901278485
502	0	0	0.6151742613526727
502	0	1	0.5939042315861858
502	0	2	0.39787069790178153
502	1	0	0.44649421876282586
502	1	1	0.12412430789808386
502	1	2	0.12412643628186783
503	0	0	0.6170201870914329
503	0	1	0.6238276738466704
503	0	2	0.486546427824312
503	1	0	0.4065941247941076
503	1	1	0.031644684380354615
503	1	2	0.029798291432082763
504	0	0	0.5777514941007311
504	0	1	0.5771061701970215
504	0	2	0.45867356607249654
504	1	0	0.4510165932309733
504	1	1	0.052803557689170805
504	1	2	0.05329935855671493
505	0	0	0.6092856224801169
505	0	1	0.6168674188213722
505	0	2	0.4309186169807082
505	1	0	0.49274190164463094
505	1	1	0.04176652955361973
505	1	2	0.04176652522335994
506	0	0	0.6789480158254364
506	0	1	0.665214873320018
506	0	2	0.4511847292920548
506	1	0	0.45273958592299096
506	1	1	0.08690142088192629
506	1	2	0.08325791286501599
507	0	0	0.7194292531890337
507	0	1	0.6852464864636794
507	0	2	0.3962189060288293
507	1	0	0.4125332492438159
507	1	1	0.03240987457948527
507	1	2	0.030953549760093402
508	0	0	0.7041298040308074
508	0	1	0.5100441093322761
508	0	2	0.43402800119169793
508	1	0	0.45034606586408377
508	1	1	0.0761829599883185
508	1	2	0.07619541088592996
509	0	0	0.5837121073185599
509	0	1	0.5638518341131749
509	0	2	0.45597176822840557
509	1	0	0.4754322373651215
509	1	1	0.15107199526524848
509	1	2	0.15114628634230298
510	0	0	0.69298330357578
510	0	1	0.6694723772217778
510	0	2	0.446907239164149
510	1	0	0.43693072846035785
510	1	1	0.028508815920306407
510	1	2	0.02849082342784688
511	0	0	0.544376880344015
511	0	1	0.5301838587759218
511	0	2	0.4809991326776205
511	1	0	0.4827219003763358
511	1	1	0.09738205164337134
511	1	2	0.0974126418166105
512	0	0	0.5844864723594295
512	0	1	0.5879064148495352
512	0	2	0.46681657457340464
512	1	0	0.42390046288955613
512	1	1	0.19439208031761526
512	1	2	0.2178652531985396
513	0	0	0.6087575101731791
513	0	1	0.5739037917631404
513	0	2	0.41336049772552175
513	1	0	0.47267842205394367
513	1	1	0.04742335932337689
513	1	2	0.06353563508237661
514	0	0	0.5800383225557422
514	0	1	0.5274990686914437
514	0	2	0.4011166308112772
514	1	0	0.4150283445458475
514	1	1	0.015305658665247704
514	1	2	0.015312103455060441
515	0	0	0.4926779603823114
515	0	1	0.5075840077674577
515	0	2	0.3846109538728203
515	1	0	0.4886740730324569
515	1	1	0.0554063552348595
515	1	2	0.05541996709145816
516	0	0	0.613520861381644
516	0	1	0.5876187335128438
516	0	2	0.4129311731991808
516	1	0	0.3898652866093082
516	1	1	0.04964671262628148
516	1	2	0.04964707555992276
517	0	0	0.5101998498679373
517	0	1	0.512688304015513
517	0	2	0.4905969728983034
517	1	0	0.4312513444746503
517	1	1	0.053375556326207385
517	1	2	0.05337551845201792
518	0	0	0.49725835654190986
518	0	1	0.4732158616699321
518	0	2	0.3293729832178142
518	1	0	0.44946129420030373
518	1	1	0.052147976645830624
518	1	2	0.05218525802702813
519	0	0	0.5588718710351146
519	0	1	0.5608866032934774
519	0	2	0.40707912479830566
519	1	0	0.4756422526216795
519	1	1	0.09663983566769108
519	1	2	0.09663983632757896
520	0	0	0.6038529537290809
520	0	1	0.5763882821084663
520	0	2	0.46595643747733206
520	1	0	0.41593007709023466
520	1	1	0.06838545789776482
520	1	2	0.06838545759758001
521	0	0	0.56528222384018
521	0	1	0.5735557985773674
521	0	2	0.4144123147851228
521	1	0	0.42425052655145046
521	1	1	0.07755621783060113
521	1	2	0.07756301783457374
522	0	0	0.5729415207732966
522	0	1	0.5185319205788801
522	0	2	0.41340129489516064
522	1	0	0.4732559631958143
522	1	1	0.027034062584538762
522	1	2	0.027130848534276497
523	0	0	0.5982153648270381
523	0	1	0.5869225880223666
523	0	2	0.4393682932542691
523	1	0	0.4398887913201016
523	1	1	0.041415697710593294
523	1	2	0.041416689923803846
524	0	0	0.7210159660250538
524	0	1	0.6509514812235039
524	0	2	0.4922336388949141
524	1	0	0.4830299653518199
524	1	1	0.07632098093845037
524	1	2	0.07629138494680483
525	0	0	0.6260445495629995
525	0	1	0.6253313005370251
525	0	2	0.48442869950076206
525	1	0	0.41900793952535204
525	1	1	0.05613459998560914
525	1	2	0.058704303832994534
526	0	0	0.7551504989997253
526	0	1	0.6809341277288676
526	0	2	0.48814771136286217
526	1	0	0.4378464638517248
526	1	1	0.02681945993898216
526	1	2	0.028059758844568405
527	0	0	0.5999361910397276
527	0	1	0.6033383376469823
527	0	2	0.386259984014554
527	1	0	0.4641455103538909
527	1	1	0.03099084779297645
527	1	2	0.030905680284936274
528	0	0	0.5932674105218818
528	0	1	0.5721786213970772
528	0	2	0.4585476595544301
528	1	0	0.35151850227865533
528	1	1	0.029423347783973583
528	1	2	0.029170013244335186
529	0	0	0.6303952191362977
529	0	1	0.6267640410028202
529	0	2	0.48183952170757105
529	1	0	0.4782030437078419
529	1	1	0.022746278649509052
529	1	2	0.0228935227599021
530	0	0	0.6044364685461483
530	0	1	0.571809944825616
530	0	2	0.42975684605733633
530	1	0	0.4741658610425366
530	1	1	0.07906671122278773
530	1	2	0.0790421648154565
531	0	0	0.6181258343367917
531	0	1	0.564694378577721
531	0	2	0.34455376380814
531	1	0	0.3336352308342509
531	1	1	0.030547665897186813
531	1	2	0.030491979607125963
532	0	0	0.5779630897620982
532	0	1	0.5379655137877409
532	0	2	0.33593378399964813
532	1	0	0.45722469763029455
532	1	1	0.03660613807843864
532	1	2	0.03660625058978262
533	0	0	0.6532119524493086
533	0	1	0.6693074081227484
533	0	2	0.3978313062621509
533	1	0	0.43431680928401556
533	1	1	0.03241250724477125
533	1	2	0.032412487930645745
534	0	0	0.556102972742828
534	0	1	0.513478941266908
534	0	2	0.4403529080541314
534	1	0	0.43984625907487057
534	1	1	0.05035644332021158
534	1	2	0.05035646645921807
535	0	0	0.5954921377927447
535	0	1	0.5727399594604651
535	0	2	0.4683011341087958
535	1	0	0.4472162659319548
535	1	1	0.04387165062251461
535	1	2	0.04387162155161192
536	0	0	0.46164255026189016
536	0	1	0.4455250592422493
536	0	2	0.361825662819692
536	1	0	0.4567923934005744
536	1	1	0.041661294470120874
536	1	2	0.04165879907057883
537	0	0	0.494575776776203
537	0	1	0.5015268563026386
537	0	2	0.3490500695554662
537	1	0	0.48859616596717637
537	1	1	0.041452859716200136
537	1	2	0.041429709346882504
538	0	0	0.5839854739818835
538	0	1	0.5318776363714164
538	0	2	0.42362462947287205
538	1	0	0.3633126624798091
538	1	1	0.03245228074687456
538	1	2	0.03247401366024816
539	0	0	0.5697693090645954
539	0	1	0.5749602922861166
539	0	2	0.4905561760710877
539	1	0	0.4688180001601058
539	1	1	0.03471355339822815
539	1	2	0.03473079721525242
540	0	0	0.6421505361967021
540	0	1	0.5318883436640478
540	0	2	0.413896780770619
540	1	0	0.4281246636708836
540	1	1	0.04717788824095592
540	1	2	0.04699177794593326
541	0	0	0.7271795850317466
541	0	1	0.7008668697148441
541	0	2	0.45926347762484776
541	1	0	0.3231781466685358
541	1	1	0.12191736325860379
541	1	2	0.12177809135951191
542	0	0	0.591001136790002
542	0	1	0.511539412290011
542	0	2	0.44431464042654645
542	1	0	0.41180893169378147
542	1	1	0.04132463764544497
542	1	2	0.04131437792615131
543	0	0	0.5424386608065616
543	0	1	0.5674684236593559
543	0	2	0.4653924713965192
543	1	0	0.434201949910224
543	1	1	0.03150292952051238
543	1	2	0.031447318498522336
544	0	0	0.724202233055126
544	0	1	0.7184974092585639
544	0	2	0.45954198307110705
544	1	0	0.44231268772234306
544	1	1	0.042024347197824066
544	1	2	0.04202431999105227
545	0	0	0.774340809910161
545	0	1	0.6923539670165335
545	0	2	0.3924606664521921
545	1	0	0.3980390130743122
545	1	1	0.038981596264529544
545	1	2	0.038897962384085355
546	0	0	0.645316100836262
546	0	1	0.6079778106880422
546	0	2	0.40494726718948987
546	1	0	0.4813949656142004
546	1	1	0.05245487584695488
546	1	2	0.07450266928856374
547	0	0	0.5029567145739161
547	0	1	0.4905741291963297
547	0	2	0.46085703718157056
547	1	0	0.4461537254500717
547	1	1	0.054349673060000936
547	1	2	0.054352215270345644
548	0	0	0.5656927426679477
548	0	1	0.5570929302065878
548	0	2	0.4238018298753322
548	1	0	0.48845220965659425
548	1	1	0.04248146693401092
548	1	2	0.04251944930518256
549	0	0	0.585541330435293
549	0	1	0.5761509681074162
549	0	2	0.48203861718291185
549	1	0	0.41042451085710513
549	1	1	0.04220185861703393
549	1	2	0.04220345223942884
550	0	0	0.545945899229853
550	0	1	0.5078904342073746
550	0	2	0.4655441215097367
550	1	0	0.4352672253298154
550	1	1	0.03503454001219007
550	1	2	0.0350723733518811
551	0	0	0.8006976449395666
551	0	1	0.6984565755293106
551	0	2	0.4737666940991952
551	1	0	0.429508186470133
551	1	1	0.08484052755353794
551	1	2	0.084815407559795
552	0	0	0.6072781689254241
552	0	1	0.596798543330173
552	0	2	0.43173827078844196
552	1	0	0.4721523518789851
552	1	1	0.05796306686254378
552	1	2	0.05796150865134406
553	0	0	0.6131358924187776
553	0	1	0.6154971279551662
553	0	2	0.47102245566689577
553	1	0	0.4498978920974687
553	1	1	0.04910264987172212
553	1	2	0.049102652246986164
554	0	0	0.6534097531776333
554	0	1	0.6424084090270772
554	0	2	0.414046145545908
554	1	0	0.4837843487645915
554	1	1	0.03810204750458021
554	1	2	0.03808873247011303
555	0	0	0.5855616767809841
555	0	1	0.5839009935056743
555	0	2	0.46018892196841577
555	1	0	0.4989933278486757
555	1	1	0.04401377489214636
555	1	2	0.04412631621266322
556	0	0	0.5156504764567492
556	0	1	0.5045897021213379
556	0	2	0.4252566115217817
556	1	0	0.4876470496016452
556	1	1	0.03238843601379804
556	1	2	0.032518009069190335
557	0	0	0.5423865392660152
557	0	1	0.5182248457415259
557	0	2	0.46958350124431114
557	1	0	0.3675109921910763
557	1	1	0.02175348854806658
557	1	2	0.02177683555147547
558	0	0	0.5957201381258954
558	0	1	0.5869610559238188
558	0	2	0.42775096221376463
558	1	0	0.4545364888480267
558	1	1	0.05309610341419689
558	1	2	0.05309647207023471
559	0	0	0.4899933869146944
559	0	1	0.48528358699353946
559	0	2	0.46128127306695577
559	1	0	0.4043304872912939
559	1	1	0.0762518911192598
559	1	2	0.07625190378002328
560	0	0	0.6635633875449991
560	0	1	0.6729951316243612
560	0	2	0.4783787055888191
560	1	0	0.4294908368385087
560	1	1	0.024850767031214346
560	1	2	0.024991864197583424
561	0	0	0.5178648779949573
561	0	1	0.5019571457382892
561	0	2	0.4920405534911106
561	1	0	0.45699499361896456
561	1	1	0.03819456648573903
561	1	2	0.03819456648356594
562	0	0	0.6826225860333532
562	0	1	0.6307518669824504
562	0	2	0.3988458097862718
562	1	0	0.47580557376359806
562	1	1	0.05835436437158428
562	1	2	0.05835443268484394
563	0	0	0.6541486175646778
563	0	1	0.6429021204427166
563	0	2	0.45928980773499195
563	1	0	0.40300638192981786
563	1	1	0.04137579208835451
563	1	2	0.041953798132504175
564	0	0	0.6129559616730273
564	0	1	0.6225141776647014
564	0	2	0.4098487200156117
564	1	0	0.4634023085705444
564	1	1	0.05897517444131334
564	1	2	0.058744041034958436
565	0	0	0.6179211774532934
565	0	1	0.5984410442278248
565	0	2	0.40740370969173123
565	1	0	0.44887562431540806
565	1	1	0.0891715483062108
565	1	2	0.089146176691445
566	0	0	0.6664631726001041
566	0	1	0.5914827085904452
566	0	2	0.49237526158499223
566	1	0	0.45596679823265795
566	1	1	0.05437105124860982
566	1	2	0.06644378216881153
567	0	0	0.5848777427571816
567	0	1	0.5879580188563905
567	0	2	0.443190798469581
567	1	0	0.43701991333932816
567	1	1	0.023542184121482693
567	1	2	0.030145821082193297
568	0	0	0.5948985076755132
568	0	1	0.5732503829061582
568	0	2	0.4575777909002203
568	1	0	0.448695930514547
568	1	1	0.0471478824038086
568	1	2	0.047147681727977286
569	0	0	0.5622093916424932
569	0	1	0.5547128568085579
569	0	2	0.47792608715656415
569	1	0	0.48267208922358285
569	1	1	0.03814362966810218
569	1	2	0.03812555021405563
570	0	0	0.6236247438804334
570	0	1	0.6153300074065294
570	0	2	0.4563334815827105
570	1	0	0.4036088809869787
570	1	1	0.05384055576213849
570	1	2	0.05384055539293246
571	0	0	0.49104982104995354
571	0	1	0.5025958962481277
571	0	2	0.43988138604689586
571	1	0	0.46549408895350036
571	1	1	0.02515257746562126
571	1	2	0.025202226196871513
572	0	0	0.5349807176334557
572	0	1	0.5299900556084636
572	0	2	0.4724863239411121
572	1	0	0.4273926772058075
572	1	1	0.03091304211640357
572	1	2	0.03097436820878767
573	0	0	0.5034868806192568
573	0	1	0.4966405673790893
573	0	2	0.324363230561191
573	1	0	0.4260799284187854
573	1	1	0.04068555956149848
573	1	2	0.04068556027754608
574	0	0	0.6342014268972931
574	0	1	0.6233845990229883
574	0	2	0.4690116843008275
574	1	0	0.48565378685686617
574	1	1	0.043100366453048974
574	1	2	0.0431003364575481
575	0	0	0.7037105073207761
575	0	1	0.6895747588513967
575	0	2	0.43283142270463626
575	1	0	0.4452047225515639
575	1	1	0.06390865800051401
575	1	2	0.0646156829662124
576	0	0	0.5036521776917441
576	0	1	0.4965720634786984
576	0	2	0.41612168571133756
576	1	0	0.4530780446672664
576	1	1	0.09494710342816219
576	1	2	0.09493257416493339
577	0	0	0.5997318820723221
577	0	1	0.6039171431117714
577	0	2	0.4554648108037289
577	1	0	0.4525445935484187
577	1	1	0.03400641500904736
577	1	2	0.03795980848753787
578	0	0	0.9175598415176547
578	0	1	0.7772100561703845
578	0	2	0.4576405455845268
578	1	0	0.48593668609220114
578	1	1	0.02551175783789035
578	1	2	0.04181554072279077
579	0	0	0.6988322874361679
579	0	1	0.6679799590253281
579	0	2	0.4547475145014823
579	1	0	0.4751899540508701
579	1	1	0.08245101340867833
579	1	2	0.0945837843001017
580	0	0	0.5813057851828508
580	0	1	0.5492086158840779
580	0	2	0.41273392018161403
580	1	0	0.4812185958547468
580	1	1	0.0629079481084789
580	1	2	0.2150588105580331
581	0	0	0.5471118090472008
581	0	1	0.5249626187346272
581	0	2	0.4333769332367171
581	1	0	0.40790298623900445
581	1	1	0.07301232679969893
581	1	2	0.07364753938801945
582	0	0	0.8253279495184531
582	0	1	0.8406935537760609
582	0	2	0.4833377843885053
582	1	0	0.4856415823447574
582	1	1	0.06859151048992314
582	1	2	0.09498760325443827
583	0	0	0.651937780285956
583	0	1	0.5709291327125987
583	0	2	0.4140968634186447
583	1	0	0.47189455197410757
583	1	1	0.05713552050193192
583	1	2	0.08808569797557189
584	0	0	0.6303628375652796
584	0	1	0.5347252365955609
584	0	2	0.4139783668663506
584	1	0	0.42475313603537046
584	1	1	0.03112339023361603
584	1	2	0.049889302799830074
585	0	0	0.6350227574320937
585	0	1	0.6216391410043023
585	0	2	0.4015674550089856
585	1	0	0.43341656700898534
585	1	1	0.059333425727692804
585	1	2	0.07896958379892786
586	0	0	0.6834141597101646
586	0	1	0.627370815147692
586	0	2	0.44161842897925896
586	1	0	0.4905389359995871
586	1	1	0.051826633311386
586	1	2	0.040491441554169144
587	0	0	0.599759810265596
587	0	1	0.5820121848069916
587	0	2	0.44116201380357245
587	1	0	0.4518853463806166
587	1	1	0.03927854413773843
587	1	2	0.039907028299392064
588	0	0	0.8438656278886121
588	0	1	0.6343605550639222
588	0	2	0.44178435308298414
588	1	0	0.37581335980087605
588	1	1	0.024544973364765646
588	1	2	0.02223966049668742
589	0	0	0.5853374116691039
589	0	1	0.5674800469202184
589	0	2	0.4077939525294952
589	1	0	0.4766231759562703
589	1	1	0.031330912201098876
589	1	2	0.04002785452411019
590	0	0	0.5964846694573491
590	0	1	0.5696581665435979
590	0	2	0.4994122084013929
590	1	0	0.4621456588614573
590	1	1	0.05866713881302901
590	1	2	0.056279947348204365
591	0	0	0.6692711389699108
591	0	1	0.6612119662130096
591	0	2	0.4513601593005803
591	1	0	0.4109679606125427
591	1	1	0.07922507372741223
591	1	2	0.09211380848185181
592	0	0	0.6220600828069299
592	0	1	0.5902467913623186
592	0	2	0.41303026394409476
592	1	0	0.43648917281718486
592	1	1	0.18204761478292175
592	1	2	0.2837644950444498
593	0	0	0.693876290049759
593	0	1	0.6517775656605918
593	0	2	0.4437004840059534
593	1	0	0.41332368904156536
593	1	1	0.13382879247156146
593	1	2	0.12883231736692824
594	0	0	0.6077686535752663
594	0	1	0.6210963025513208
594	0	2	0.4342581537662875
594	1	0	0.4550659455843399
594	1	1	0.16530027852303275
594	1	2	0.13220185520032646
595	0	0	0.6514680958101767
595	0	1	0.5918787523942666
595	0	2	0.37670553906526105
595	1	0	0.3766993246597029
595	1	1	0.02855010591455498
595	1	2	0.028549401127235308
596	0	0	0.5272692359853673
596	0	1	0.5097209122476775
596	0	2	0.4502179982974571
596	1	0	0.4574599552144653
596	1	1	0.047284018345526785
596	1	2	0.04996452075590749
597	0	0	0.6128767618760713
597	0	1	0.5388267136466744
597	0	2	0.44022501064187974
597	1	0	0.40567588438488683
597	1	1	0.12565171498289526
597	1	2	0.1097216655009551
598	0	0	0.5735547162473185
598	0	1	0.5730667942772087
598	0	2	0.3436459923978875
598	1	0	0.4382190929373244
598	1	1	0.027724188100188146
598	1	2	0.028418818161279613
599	0	0	0.7908937324357392
599	0	1	0.6505111724073513
599	0	2	0.4487602860610167
599	1	0	0.43815244358284683
599	1	1	0.3363236507808902
599	1	2	0.4228372364977913
600	0	0	0.6258623420743065
600	0	1	0.5989566394852385
600	0	2	0.4773750516272903
600	1	0	0.42477993283357474
600	1	1	0.10993350106137081
600	1	2	0.15061326716171247
601	0	0	0.6305077404267494
601	0	1	0.6164795176510772
601	0	2	0.4761289840516061
601	1	0	0.39270039778476
601	1	1	0.11658532220207467
601	1	2	0.11675878846643238
602	0	0	0.7056635522384471
602	0	1	0.7056272874466105
602	0	2	0.44990547925274094
602	1	0	0.47281893069140146
602	1	1	0.23536198690527182
602	1	2	0.2367859495424568
603	0	0	0.7234871190236312
603	0	1	0.705756283945359
603	0	2	0.4941638707649441
603	1	0	0.4534307590342266
603	1	1	0.03565373545210865
603	1	2	0.03627077214082054
604	0	0	0.5780915683633423
604	0	1	0.5847021665297116
604	0	2	0.4321463585037101
604	1	0	0.37428289130950365
604	1	1	0.03388636422048874
604	1	2	0.03390448900886209
605	0	0	0.6476962758022786
605	0	1	0.6530925402946425
605	0	2	0.3883021792843392
605	1	0	0.4754068957142572
605	1	1	0.05763259212713569
605	1	2	0.05763259850810659
606	0	0	0.5787273249337909
606	0	1	0.597648532161479
606	0	2	0.4770745725068374
606	1	0	0.44518300045177206
606	1	1	0.24425579495581293
606	1	2	0.23158882904236755
607	0	0	0.5414461561727906
607	0	1	0.5182747243788914
607	0	2	0.48202369735343564
607	1	0	0.4742248543936333
607	1	1	0.08665528674622965
607	1	2	0.0865984304618273
608	0	0	0.4945479304658432
608	0	1	0.5017607212629969
608	0	2	0.485426822765829
608	1	0	0.41201344094639214
608	1	1	0.04981004366349841
608	1	2	0.04980378832721721
609	0	0	0.5847161261375166
609	0	1	0.5566168152343238
609	0	2	0.4798794450873155
609	1	0	0.49103123769272167
609	1	1	0.049406398689240225
609	1	2	0.0494095849312276
610	0	0	0.6659671344770306
610	0	1	0.6561858098217246
610	0	2	0.46248448098072964
610	1	0	0.40239694812823995
610	1	1	0.026173239683820987
610	1	2	0.028307812330163162
611	0	0	0.7636211360548162
611	0	1	0.7555859651960055
611	0	2	0.46180424917312846
611	1	0	0.4511227224017238
611	1	1	0.0627966293435042
611	1	2	0.06192376306586042
612	0	0	0.5881171440806168
612	0	1	0.5679371275169832
612	0	2	0.46501413860808793
612	1	0	0.3010521270384573
612	1	1	0.037151133820195706
612	1	2	0.03791796742601841
613	0	0	0.5528347473083699
613	0	1	0.5105746824400552
613	0	2	0.36281596212627526
613	1	0	0.4284357411444581
613	1	1	0.0849069071715058
613	1	2	0.08490276498366588
614	0	0	0.5634886650050333
614	0	1	0.554113193185858
614	0	2	0.44817410657845014
614	1	0	0.46898265847473897
614	1	1	0.1644523000994846
614	1	2	0.16445546847065334
615	0	0	0.5516489187453241
615	0	1	0.5274292424418542
615	0	2	0.4670443445558803
615	1	0	0.476557284113443
615	1	1	0.035330058602578
615	1	2	0.03539741683372846
616	0	0	0.6132673947602731
616	0	1	0.5973873128250329
616	0	2	0.2975174554700983
616	1	0	0.4825316110341072
616	1	1	0.018273029582157457
616	1	2	0.018272148970965046
617	0	0	0.5482888190782295
617	0	1	0.48962980746793117
617	0	2	0.4650326856781035
617	1	0	0.341462566637936
617	1	1	0.03191606213233231
617	1	2	0.031915181425382216
618	0	0	0.5213475480011962
618	0	1	0.5116927801320539
618	0	2	0.443078421370349
618	1	0	0.4265585584631637
618	1	1	0.024390511010810037
618	1	2	0.024444744979959077
619	0	0	0.6487524830157131
619	0	1	0.6208782684849296
619	0	2	0.39466177805509556
619	1	0	0.48168066733079923
619	1	1	0.0297688223906368
619	1	2	0.029765784908585766
620	0	0	0.5490869413334943
620	0	1	0.5286542171776853
620	0	2	0.44346108344348617
620	1	0	0.41926049732856185
620	1	1	0.059538425196550185
620	1	2	0.05954453290857656
621	0	0	0.5989590850344709
621	0	1	0.5987825701213252
621	0	2	0.4799263970023192
621	1	0	0.43575001632707655
621	1	1	0.032551773753819416
621	1	2	0.03254643843812563
622	0	0	0.5622890813110897
622	0	1	0.5156037751053221
622	0	2	0.47652218006033387
622	1	0	0.41835838486069704
622	1	1	0.04888962054657152
622	1	2	0.04891200626721791
623	0	0	0.8905266429041336
623	0	1	0.7502136155941789
623	0	2	0.4158335240025018
623	1	0	0.4840483983607535
623	1	1	0.07790610254733084
623	1	2	0.08517459401905281
624	0	0	0.6905497504585765
624	0	1	0.591703184526595
624	0	2	0.3864356523758166
624	1	0	0.4382070352962409
624	1	1	0.05304841093933718
624	1	2	0.06113528863426501
625	0	0	0.6174635518715538
625	0	1	0.6460995706094634
625	0	2	0.46941196373104443
625	1	0	0.4813317648209284
625	1	1	0.16604760850577024
625	1	2	0.2534873377434708
626	0	0	0.667447598205331
626	0	1	0.6301303117066923
626	0	2	0.42717008174354176
626	1	0	0.41398670301607954
626	1	1	0.15017672276489838
626	1	2	0.16914500272451236
627	0	0	0.6448469997424984
627	0	1	0.5840387255715579
627	0	2	0.3902537764231401
627	1	0	0.45038707885596907
627	1	1	0.04505328547288494
627	1	2	0.045053283973424035
628	0	0	0.601615548865866
628	0	1	0.5338443611576167
628	0	2	0.42666870599836293
628	1	0	0.4508604372069023
628	1	1	0.04291566149114388
628	1	2	0.042906967256986284
629	0	0	0.6512689060920974
629	0	1	0.6023197410122743
629	0	2	0.4788104035564379
629	1	0	0.45213303634567825
629	1	1	0.03387823714793936
629	1	2	0.033878187176463334
630	0	0	0.6454195684826671
630	0	1	0.6370039043730127
630	0	2	0.4218670472213832
630	1	0	0.4835152912063393
630	1	1	0.050042026940697384
630	1	2	0.04971727765033418
631	0	0	0.5865785124383702
631	0	1	0.5734388005026172
631	0	2	0.39048375278605113
631	1	0	0.44700896797532863
631	1	1	0.05491793843882027
631	1	2	0.05182118970314971
632	0	0	0.8071634857060324
632	0	1	0.7497788797884231
632	0	2	0.4307569152950928
632	1	0	0.4754043821546303
632	1	1	0.02749191423660856
632	1	2	0.023824656833759617
633	0	0	0.609273404460557
633	0	1	0.6185667423500115
633	0	2	0.3894729540642654
633	1	0	0.4701138302356727
633	1	1	0.06378698190814568
633	1	2	0.05704363075451449
634	0	0	0.5997305110765339
634	0	1	0.5872640917905139
634	0	2	0.4656230713729994
634	1	0	0.456133455971879
634	1	1	0.04007952563944653
634	1	2	0.039915066508211486
635	0	0	0.5809757080190339
635	0	1	0.5547434371324967
635	0	2	0.380841266131991
635	1	0	0.43807924946554705
635	1	1	0.038043632839506625
635	1	2	0.038107313590696426
636	0	0	0.6084422409271564
636	0	1	0.5759615555090833
636	0	2	0.454823534907351
636	1	0	0.474888216630459
636	1	1	0.041389301246500074
636	1	2	0.041389258641889415
637	0	0	0.666727412846559
637	0	1	0.6033769450598063
637	0	2	0.41379202454404773
637	1	0	0.272479731421859
637	1	1	0.04124627540756773
637	1	2	0.04169959663772567
638	0	0	0.7270630677688488
638	0	1	0.5256733006258494
638	0	2	0.42000394965957333
638	1	0	0.4685088123666241
638	1	1	0.08376372636703701
638	1	2	0.08378903405081907
639	0	0	0.6670663976681104
639	0	1	0.6385601389170208
639	0	2	0.4135495537699153
639	1	0	0.43928295416839197
639	1	1	0.028061524615832292
639	1	2	0.02802712786544359
640	0	0	0.6004570988761848
640	0	1	0.5583063156897137
640	0	2	0.47171770132688845
640	1	0	0.48235835784409803
640	1	1	0.04016988827153682
640	1	2	0.040184422411062126
641	0	0	0.5481601543965988
641	0	1	0.5483774940959141
641	0	2	0.48392617449546715
641	1	0	0.4802899230871898
641	1	1	0.032631927976959116
641	1	2	0.03271880700301835
642	0	0	0.9331748020270596
642	0	1	0.7446225300855194
642	0	2	0.4464442597520659
642	1	0	0.4852228877785475
642	1	1	0.1279366867585454
642	1	2	0.17441732620385728
643	0	0	0.6561948993659565
643	0	1	0.6185869296402596
643	0	2	0.4238112640852128
643	1	0	0.3711819501930297
643	1	1	0.027951497329103972
643	1	2	0.11065885674808244
644	0	0	0.9900626124110345
644	0	1	0.986533249055962
644	0	2	0.4637103022098977
644	1	0	0.47529471283193314
644	1	1	0.04180934557322025
644	1	2	0.051473766429580514
645	0	0	0.6597919306276001
645	0	1	0.5418324408981797
645	0	2	0.4195210706579021
645	1	0	0.47621125102615747
645	1	1	0.16296641148937818
645	1	2	0.16296640935197598
646	0	0	0.5070096123241359
646	0	1	0.4913683113363319
646	0	2	0.4205739821437301
646	1	0	0.4312955347714673
646	1	1	0.038637519899097944
646	1	2	0.038637524561037986
647	0	0	0.6886104377756758
647	0	1	0.6472086243690554
647	0	2	0.46425197610879654
647	1	0	0.44864696702133006
647	1	1	0.055787216297851105
647	1	2	0.0558100558641719
648	0	0	0.5212170949975977
648	0	1	0.5226300128559687
648	0	2	0.4727342596037537
648	1	0	0.43990782032719944
648	1	1	0.03921985273603193
648	1	2	0.03922907778943166
649	0	0	0.6965819473470795
649	0	1	0.6866512523673378
649	0	2	0.33601646503441646
649	1	0	0.44783243497913966
649	1	1	0.03016962155635712
649	1	2	0.030004364616552523
650	0	0	0.6408484575509739
650	0	1	0.6291991612835772
650	0	2	0.39644690845876535
650	1	0	0.49610941391016916
650	1	1	0.04569221043219372
650	1	2	0.0457070353149035
651	0	0	0.5032749861021676
651	0	1	0.48494057559950643
651	0	2	0.3901970867172121
651	1	0	0.3364422482557933
651	1	1	0.03054965394995149
651	1	2	0.030549729792269373
652	0	0	0.6562476687694874
652	0	1	0.6484878288656528
652	0	2	0.4202290736678719
652	1	0	0.4755572835381254
652	1	1	0.04443817748449927
652	1	2	0.04443811902776912
653	0	0	0.7231494566282521
653	0	1	0.6122257337396562
653	0	2	0.4064687315421194
653	1	0	0.4318689013053682
653	1	1	0.028983805263181256
653	1	2	0.041967123155504854
654	0	0	0.68976792730889
654	0	1	0.7005784266752029
654	0	2	0.4426122123182412
654	1	0	0.4737019738496026
654	1	1	0.15332462363490454
654	1	2	0.1558296603113879
655	0	0	0.7442462750327897
655	0	1	0.6872859292109209
655	0	2	0.45322647860240095
655	1	0	0.4330980047012535
655	1	1	0.07363461936473081
655	1	2	0.1586229173873043
656	0	0	0.6309182867710108
656	0	1	0.591376959221869
656	0	2	0.4665894710364241
656	1	0	0.45700918581187056
656	1	1	0.09718367317677354
656	1	2	0.1449971561006987
657	0	0	0.7233135947478476
657	0	1	0.7111183844264934
657	0	2	0.4875055872450538
657	1	0	0.4799626931999967
657	1	1	0.17053734790642772
657	1	2	0.1716568529804406
658	0	0	0.620787724161476
658	0	1	0.5099473601315643
658	0	2	0.4779083832640211
658	1	0	0.43868053593193596
658	1	1	0.15394442125122404
658	1	2	0.153944422682934
659	0	0	0.6206964009370803
659	0	1	0.602558891640636
659	0	2	0.3845699642432227
659	1	0	0.45082804040338326
659	1	1	0.04593050196694069
659	1	2	0.04600117467970061
660	0	0	0.606881992562753
660	0	1	0.599823482979429
660	0	2	0.46564950256875615
660	1	0	0.4203841894985107
660	1	1	0.02291343152477876
660	1	2	0.022913431236355336
661	0	0	0.5561459636520594
661	0	1	0.5472649295263254
661	0	2	0.4592669835051646
661	1	0	0.4867430298648602
661	1	1	0.02609503188885723
661	1	2	0.025599023048166317
662	0	0	0.5661131754006986
662	0	1	0.5691930481769032
662	0	2	0.47738280710801656
662	1	0	0.43676460162058267
662	1	1	0.16691054402220373
662	1	2	0.16689834754930769
663	0	0	0.5837563541247283
663	0	1	0.572724380334233
663	0	2	0.44827293611885066
663	1	0	0.44479385565994034
663	1	1	0.046528233833267596
663	1	2	0.046514472719509245
664	0	0	0.5994516795721089
664	0	1	0.604368447036412
664	0	2	0.4278773722606627
664	1	0	0.4462346277591858
664	1	1	0.031027615446491186
664	1	2	0.031207016024188045
665	0	0	0.4917540107891065
665	0	1	0.49041257564455376
665	0	2	0.45196202069913705
665	1	0	0.42801074407919126
665	1	1	0.03207956748864639
665	1	2	0.03215701921943186
666	0	0	0.569933516522958
666	0	1	0.5831039588589954
666	0	2	0.44311222074239
666	1	0	0.4510505405741492
666	1	1	0.1125367725324587
666	1	2	0.11253688964064403
667	0	0	0.4931861680122648
667	0	1	0.4931861681219447
667	0	2	0.45541225164436505
667	1	0	0.4477370585732593
667	1	1	0.0502078292020518
667	1	2	0.050207967496480335
668	0	0	0.6613654766039163
668	0	1	0.5607815663745143
668	0	2	0.36019998153609956
668	1	0	0.48024671371113076
668	1	1	0.14895553311429066
668	1	2	0.13618641371841766
669	0	0	0.6912503791032285
669	0	1	0.6967473391869181
669	0	2	0.39571250362880683
669	1	0	0.47215880404210175
669	1	1	0.07249604468284288
669	1	2	0.07249604467886935
670	0	0	0.5610548828475828
670	0	1	0.555261940518873
670	0	2	0.4193528973113051
670	1	0	0.4567111234033638
670	1	1	0.09552836343395123
670	1	2	0.09552835737283322
671	0	0	0.5311103416414966
671	0	1	0.5229994134895564
671	0	2	0.4471265315851311
671	1	0	0.44355816152005095
671	1	1	0.10465160002365223
671	1	2	0.10465159252620533
672	0	0	0.5314818371870594
672	0	1	0.5302609721211253
672	0	2	0.4642037313042219
672	1	0	0.49438870027030546
672	1	1	0.06923596462416905
672	1	2	0.06923592213018395
673	0	0	0.6616763875782249
673	0	1	0.6682684927144864
673	0	2	0.4634353706487335
673	1	0	0.4117010668974022
673	1	1	0.05436700202437314
673	1	2	0.05775652160723299
674	0	0	0.6161424271448126
674	0	1	0.6231158256876974
674	0	2	0.41826914263317294
674	1	0	0.36851849780694257
674	1	1	0.05733393037733224
674	1	2	0.05680146625892585
675	0	0	0.789830514660969
675	0	1	0.7553740698803995
675	0	2	0.415078579010557
675	1	0	0.4547657952174572
675	1	1	0.12596878996462196
675	1	2	0.13175163426866535
676	0	0	0.688483137601564
676	0	1	0.6360312267409525
676	0	2	0.47386880395862285
676	1	0	0.3550984958648263
676	1	1	0.0344694662866107
676	1	2	0.03180083800208673
677	0	0	0.7046924746693772
677	0	1	0.6758345209120616
677	0	2	0.49050746297657166
677	1	0	0.4705444004627905
677	1	1	0.06680183817908852
677	1	2	0.0732219500322561
678	0	0	0.6645887758449852
678	0	1	0.6208225363150583
678	0	2	0.3823817832513394
678	1	0	0.30925242231710565
678	1	1	0.0877252861868174
678	1	2	0.09828530481676813
679	0	0	0.6073509805798208
679	0	1	0.5891642680939209
679	0	2	0.4224647164362756
679	1	0	0.48007997198481794
679	1	1	0.03840115310309286
679	1	2	0.058063611125442297
680	0	0	0.8365931927172992
680	0	1	0.7499082454506143
680	0	2	0.3852725432960845
680	1	0	0.41519624959728935
680	1	1	0.03922283957015321
680	1	2	0.04606320453860173
681	0	0	0.5380346962983749
681	0	1	0.5253548396521478
681	0	2	0.3387221702658486
681	1	0	0.4265787606078648
681	1	1	0.07915609987745564
681	1	2	0.0791555751274513
682	0	0	0.582952644279032
682	0	1	0.5489419531929309
682	0	2	0.5028500024506999
682	1	0	0.3784491577063403
682	1	1	0.0746070884716225
682	1	2	0.07062150434509627
683	0	0	0.6843308195738821
683	0	1	0.6808365837614019
683	0	2	0.47233837268025913
683	1	0	0.4775685603607341
683	1	1	0.03983927704694097
683	1	2	0.04370854093417567
684	0	0	0.6308058414744288
684	0	1	0.6213670931222063
684	0	2	0.4313246144884322
684	1	0	0.4966713810147407
684	1	1	0.18009581959790483
684	1	2	0.18884953203408428
685	0	0	0.6723771600253445
685	0	1	0.6728536546574162
685	0	2	0.4910043881280578
685	1	0	0.39326552454032027
685	1	1	0.19109550961735325
685	1	2	0.19109551092309718
686	0	0	0.7332850375259679
686	0	1	0.6828281106626398
686	0	2	0.48112330497725553
686	1	0	0.43951131517495556
686	1	1	0.040325155017602296
686	1	2	0.03624800986643213
687	0	0	0.5880093099331838
687	0	1	0.5939906037357691
687	0	2	0.47556494237773944
687	1	0	0.42199590504556794
687	1	1	0.08767777229302971
687	1	2	0.11527282582210577
688	0	0	0.5864600594938545
688	0	1	0.5771725331159172
688	0	2	0.4602332045920762
688	1	0	0.4751418568899356
688	1	1	0.05579968796822328
688	1	2	0.05595070332401035
689	0	0	0.6135603327413561
689	0	1	0.5855664753871402
689	0	2	0.43594289864535996
689	1	0	0.4814288507263988
689	1	1	0.15414596786614052
689	1	2	0.14806624446934363
690	0	0	0.642726050761151
690	0	1	0.6471988079075476
690	0	2	0.4528148175189323
690	1	0	0.47421547839461703
690	1	1	0.10905757138667113
690	1	2	0.10482868071288542
691	0	0	0.6525044102718667
691	0	1	0.6252381405996752
691	0	2	0.48506029552425367
691	1	0	0.4354857941124454
691	1	1	0.04833150268246035
691	1	2	0.15061002569644966
692	0	0	0.5883564685473842
692	0	1	0.5833098203113809
692	0	2	0.44700951229733005
692	1	0	0.37072052341208933
692	1	1	0.7781731033499721
692	1	2	0.7362006365739312
693	0	0	0.6566679377231776
693	0	1	0.6552731203951241
693	0	2	0.49828764904354905
693	1	0	0.42784126412953105
693	1	1	0.05263183381222748
693	1	2	0.07445026796942046
694	0	0	0.6592801030885527
694	0	1	0.638771527704033
694	0	2	0.42851538903149955
694	1	0	0.48474886272045076
694	1	1	0.0431520413780819
694	1	2	0.05497000857144575
695	0	0	0.5870245878638397
695	0	1	0.5842584753086906
695	0	2	0.46957754573665583
695	1	0	0.45238079104850615
695	1	1	0.08182130079903818
695	1	2	0.07870125490294938
696	0	0	0.5312338873266448
696	0	1	0.5095296953696624
696	0	2	0.4163500823409739
696	1	0	0.4263425401332183
696	1	1	0.14681761967989693
696	1	2	0.14754222022588534
697	0	0	0.6910708642194728
697	0	1	0.7045753910300393
697	0	2	0.43129776351231686
697	1	0	0.34353884537987417
697	1	1	0.03521018660421381
697	1	2	0.03581728238722115
698	0	0	0.6180920886948831
698	0	1	0.5985744167187999
698	0	2	0.5690836425352387
698	1	0	0.45003068984091477
698	1	1	0.04259799185595152
698	1	2	0.045879718552485405
699	0	0	0.5388527122597133
699	0	1	0.5187115747607296
699	0	2	0.4639775654861129
699	1	0	0.4362803761565986
699	1	1	0.03631724701135895
699	1	2	0.03038622686397928
700	0	0	0.6306018581555676
700	0	1	0.5688457382282146
700	0	2	0.3995153514738301
700	1	0	0.4218231761059528
700	1	1	0.03314263094348113
700	1	2	0.04530945945427965
701	0	0	0.5612722711599574
701	0	1	0.5617425886504966
701	0	2	0.4016890115260775
701	1	0	0.47156955437917497
701	1	1	0.028335790387060966
701	1	2	0.026053749498522086
702	0	0	0.5872205554303915
702	0	1	0.5577790541924255
702	0	2	0.39631246786576557
702	1	0	0.40359083244861177
702	1	1	0.032645232083079276
702	1	2	0.03842157029741125
703	0	0	0.6620618073989789
703	0	1	0.5960427180847463
703	0	2	0.4867678779170087
703	1	0	0.47381459209421706
703	1	1	0.03882229521786007
703	1	2	0.038904483961407194
704	0	0	0.5666576970422702
704	0	1	0.5630238729068628
704	0	2	0.48178577907544773
704	1	0	0.43019905742293335
704	1	1	0.08049248329333561
704	1	2	0.08049248567636744
705	0	0	0.608469345692467
705	0	1	0.5908159293810259
705	0	2	0.4253309084028236
705	1	0	0.48358725089074056
705	1	1	0.03836674199960341
705	1	2	0.03882711576753764
706	0	0	0.6557801615911782
706	0	1	0.6228259930515744
706	0	2	0.431703312915638
706	1	0	0.4301393260667676
706	1	1	0.040011630902539855
706	1	2	0.040874179431984264
707	0	0	0.6649815753194179
707	0	1	0.6500715126805746
707	0	2	0.4313746981584456
707	1	0	0.41057873845594595
707	1	1	0.056268824294885667
707	1	2	0.05603389416439576
708	0	0	0.6499318010132611
708	0	1	0.6496871015548422
708	0	2	0.46717458179610427
708	1	0	0.40907198970992165
708	1	1	0.028514248180104035
708	1	2	0.03867792409202253
709	0	0	0.6382462527330722
709	0	1	0.6411114152091213
709	0	2	0.4065254365841401
709	1	0	0.4445957612021458
709	1	1	0.04385080163116871
709	1	2	0.06091414624895619
710	0	0	0.5987701123922163
710	0	1	0.548779633572673
710	0	2	0.4271711236316358
710	1	0	0.45438814455048765
710	1	1	0.040064169359816104
710	1	2	0.046370506487567076
711	0	0	0.6361744283857284
711	0	1	0.6146309580641861
711	0	2	0.47637981882387603
711	1	0	0.47351201687838357
711	1	1	0.06921431384906178
711	1	2	0.054900019027334324
712	0	0	0.7159653202402447
712	0	1	0.70041835868256
712	0	2	0.48741611191156975
712	1	0	0.4478445047064373
712	1	1	0.06319711590881559
712	1	2	0.06741495659149775
713	0	0	0.6211447243552712
713	0	1	0.6094712029645906
713	0	2	0.4150781426562192
713	1	0	0.46667736868968934
713	1	1	0.05250570030519405
713	1	2	0.054358976204222725
714	0	0	0.6518991106090815
714	0	1	0.5972045552325091
714	0	2	0.4228058565550905
714	1	0	0.4573524020688273
714	1	1	0.03808875096514028
714	1	2	0.03796401913706393
715	0	0	0.628258128839888
715	0	1	0.6198031301091821
715	0	2	0.4502565613573224
715	1	0	0.472301475034498
715	1	1	0.040844302399769494
715	1	2	0.040883310108129664
716	0	0	0.5939086152059909
716	0	1	0.5614624930983029
716	0	2	0.42145792472650834
716	1	0	0.4889752941143825
716	1	1	0.0415708772055768
716	1	2	0.04157092459420059
717	0	0	0.5616871894114501
717	0	1	0.5816617544301349
717	0	2	0.4524956114445334
717	1	0	0.447510663628638
717	1	1	0.033740372927624426
717	1	2	0.03374857274611495
718	0	0	0.49691733804989036
718	0	1	0.5046011998115999
718	0	2	0.3800273188813954
718	1	0	0.46678632662373276
718	1	1	0.05512330284676946
718	1	2	0.055306386948459074
719	0	0	0.5189258500578304
719	0	1	0.523328145787631
719	0	2	0.4049653478741282
719	1	0	0.4555771320381939
719	1	1	0.04595802606670388
719	1	2	0.04597075620615049
720	0	0	0.5205132663036474
720	0	1	0.5205896779887819
720	0	2	0.4089638584421824
720	1	0	0.4258606356387702
720	1	1	0.04175526979187655
720	1	2	0.04175521676461391
721	0	0	0.6456693299107962
721	0	1	0.6548684132977309
721	0	2	0.4616613741251206
721	1	0	0.4664927685113477
721	1	1	0.11330210255102846
721	1	2	0.11330198101920479
722	0	0	0.7699265861761126
722	0	1	0.7110272189957542
722	0	2	0.45468363727390804
722	1	0	0.3743671005222789
722	1	1	0.03431646463392134
722	1	2	0.03380312476445814
723	0	0	0.6497172706819989
723	0	1	0.7021171992873934
723	0	2	0.39680311778711863
723	1	0	0.4459385494638134
723	1	1	0.03960845648282138
723	1	2	0.04142621489349135
724	0	0	0.5787850206369025
724	0	1	0.5193255354146584
724	0	2	0.35765370452915635
724	1	0	0.4863707853395513
724	1	1	0.03790108812542063
724	1	2	0.03790129436344167
725	0	0	0.5630179702844773
725	0	1	0.5894309453925328
725	0	2	0.46271927580549255
725	1	0	0.4699062421063928
725	1	1	0.02688382050171363
725	1	2	0.026877477112530163
726	0	0	0.6141548710122282
726	0	1	0.6142897333824756
726	0	2	0.4307104607933837
726	1	0	0.4728373567749857
726	1	1	0.12176202501969934
726	1	2	0.12176960759462388
727	0	0	0.6063988206103359
727	0	1	0.5789104132689764
727	0	2	0.4510804687584607
727	1	0	0.44320293141082
727	1	1	0.17284356252415523
727	1	2	0.17284354443508593
728	0	0	0.8771393932240119
728	0	1	0.7913712901126436
728	0	2	0.4573325897799424
728	1	0	0.43200120079671267
728	1	1	0.04141807225731964
728	1	2	0.04141845639665093
729	0	0	0.4901546245792173
729	0	1	0.47709438403530247
729	0	2	0.46739750310204853
729	1	0	0.4575892998006685
729	1	1	0.04170415704152487
729	1	2	0.04170427779751347
730	0	0	0.5387305517791481
730	0	1	0.5195507033008363
730	0	2	0.4564913770823032
730	1	0	0.44095232031810344
730	1	1	0.03362496522245623
730	1	2	0.03362492969407045
731	0	0	0.5061208254649414
731	0	1	0.5075825279970356
731	0	2	0.37079609260456414
731	1	0	0.4745199460746802
731	1	1	0.03417330058108681
731	1	2	0.03417330365281103
732	0	0	0.518099609085236
732	0	1	0.5048202355918072
732	0	2	0.41875443586290384
732	1	0	0.4969325888708031
732	1	1	0.018672553299312458
732	1	2	0.018664518319654336
733	0	0	0.5662251857851058
733	0	1	0.5711520077259313
733	0	2	0.44819518897992194
733	1	0	0.4042617729668432
733	1	1	0.04180763766131562
733	1	2	0.04193354853309442
734	0	0	0.6261609969492421
734	0	1	0.571101640685687
734	0	2	0.49641161190158944
734	1	0	0.41917118469840997
734	1	1	0.04015579426029893
734	1	2	0.039649511349759387
735	0	0	0.4956315664582901
735	0	1	0.48691418211709037
735	0	2	0.4092376988370615
735	1	0	0.48273406501704835
735	1	1	0.0525911731098737
735	1	2	0.05259116924345737
736	0	0	0.5516791506800127
736	0	1	0.48276637723177185
736	0	2	0.42608583964280067
736	1	0	0.46936843743888784
736	1	1	0.02614114896970461
736	1	2	0.026141149458393992
737	0	0	0.4876650098195811
737	0	1	0.4875837716833345
737	0	2	0.3343720090595067
737	1	0	0.45947420739912576
737	1	1	0.03273572916441245
737	1	2	0.03285186408013743
738	0	0	0.5605870488641451
738	0	1	0.49621837675143887
738	0	2	0.397739499623217
738	1	0	0.4690921459472871
738	1	1	0.1049447423507289
738	1	2	0.10489873489190217
739	0	0	0.6294356224892137
739	0	1	0.6233393766939888
739	0	2	0.4736843315983432
739	1	0	0.44638240994407113
739	1	1	0.03935263704093088
739	1	2	0.03918407085038261
740	0	0	0.5536399131162304
740	0	1	0.5536399159395369
740	0	2	0.43895986793607145
740	1	0	0.4753326368649978
740	1	1	0.05068293153679537
740	1	2	0.05063137681283757
741	0	0	0.6204638214428122
741	0	1	0.6131966360068489
741	0	2	0.4718628577806938
741	1	0	0.45619742581310985
741	1	1	0.10818300388170196
741	1	2	0.10818295971180246
742	0	0	0.6551784341606017
742	0	1	0.652601979713479
742	0	2	0.47880637789929414
742	1	0	0.43059526280499094
742	1	1	0.0936762540727901
742	1	2	0.09367626200140937
743	0	0	0.5002598041951446
743	0	1	0.49884547435886895
743	0	2	0.4577132817977136
743	1	0	0.3975551328999123
743	1	1	0.03252751918135073
743	1	2	0.032653382902679814
744	0	0	0.6017757393021996
744	0	1	0.6030777696969747
744	0	2	0.412699083168953
744	1	0	0.3906739369707541
744	1	1	0.024765876077729246
744	1	2	0.02473424441940761
745	0	0	0.7877044202345291
745	0	1	0.7967078334914632
745	0	2	0.45694182408322426
745	1	0	0.43418194403692706
745	1	1	0.09578376475841249
745	1	2	0.09872412758594325
746	0	0	0.9877987375442079
746	0	1	0.9835974156110928
746	0	2	0.3007541190769876
746	1	0	0.47381854007982854
746	1	1	0.09994639375801892
746	1	2	0.1764517869116725
747	0	0	0.6654032654257136
747	0	1	0.5855669282585305
747	0	2	0.4671277804460189
747	1	0	0.4157491890182471
747	1	1	0.1081647547867821
747	1	2	0.10815726057579157
748	0	0	0.6759981696823733
748	0	1	0.6750708711739246
748	0	2	0.3498764016070167
748	1	0	0.49573430400001167
748	1	1	0.046179825264570526
748	1	2	0.05141126449990625
749	0	0	0.6797123981093758
749	0	1	0.6784820567493912
749	0	2	0.4410973526913907
749	1	0	0.40399699729003
749	1	1	0.036882521187136655
749	1	2	0.03498975282313439
750	0	0	0.6370544235932595
750	0	1	0.6283260137491893
750	0	2	0.4557245289162398
750	1	0	0.3656349451215014
750	1	1	0.037051889369111926
750	1	2	0.06278102468471711
751	0	0	0.87959422652564
751	0	1	0.8103507569649631
751	0	2	0.4851667681804075
751	1	0	0.4399363150172637
751	1	1	0.04972056443538629
751	1	2	0.08702107344734797
752	0	0	0.655955810146559
752	0	1	0.5899784932515875
752	0	2	0.4731251967083567
752	1	0	0.46655737433513766
752	1	1	0.0281824042756766
752	1	2	0.03138007486370202
753	0	0	0.8075019875552072
753	0	1	0.811159559885239
753	0	2	0.4677700291315899
753	1	0	0.4207609330502167
753	1	1	0.03820557777789868
753	1	2	0.039107457622605965
754	0	0	0.6343814042221942
754	0	1	0.673494812197503
754	0	2	0.4737839163534195
754	1	0	0.46749597717849745
754	1	1	0.09786061293688547
754	1	2	0.10469636352170936
755	0	0	0.6443216233963134
755	0	1	0.5982757076399905
755	0	2	0.43453559469885705
755	1	0	0.41201813129627557
755	1	1	0.03817694135497611
755	1	2	0.03814094738890393
756	0	0	0.6834445686106322
756	0	1	0.6254917648751157
756	0	2	0.47942094514529365
756	1	0	0.43897972034402455
756	1	1	0.042738505388428744
756	1	2	0.04254411530640001
757	0	0	0.6981834362841661
757	0	1	0.6760105284979314
757	0	2	0.34347676964862406
757	1	0	0.4773983005198792
757	1	1	0.0504630299211159
757	1	2	0.05046302925106107
758	0	0	0.669949614161836
758	0	1	0.6598136322629101
758	0	2	0.45306116920970824
758	1	0	0.4377212321780108
758	1	1	0.03399246638531865
758	1	2	0.036073731908818726
759	0	0	0.8242686892803339
759	0	1	0.663956632657313
759	0	2	0.44081304759331885
759	1	0	0.4421071857337337
759	1	1	0.02938986776511336
759	1	2	0.03054385935530425
760	0	0	0.6615158742312043
760	0	1	0.6560719409111722
760	0	2	0.43123035599912385
760	1	0	0.4144813111047838
760	1	1	0.0926396560973808
760	1	2	0.0746506081436718
761	0	0	0.8103128181882115
761	0	1	0.6824632992474488
761	0	2	0.41631573703242286
761	1	0	0.37136312903122176
761	1	1	0.03962409863507996
761	1	2	0.04941526804531908
762	0	0	0.6831448790204153
762	0	1	0.6673221610386804
762	0	2	0.487747592494607
762	1	0	0.4601043084956446
762	1	1	0.03933727851002995
762	1	2	0.033206556673037096
763	0	0	0.6595980022796956
763	0	1	0.5807561356209832
763	0	2	0.4555442243988248
763	1	0	0.4628520503266933
763	1	1	0.03681454301926955
763	1	2	0.03906965071227948
764	0	0	0.9294957691030326
764	0	1	0.9145835692696886
764	0	2	0.4533247797297756
764	1	0	0.49073344480371384
764	1	1	0.14848632942877868
764	1	2	0.22789817146638525
765	0	0	0.6356156962192219
765	0	1	0.6357157730839722
765	0	2	0.3565007197077671
765	1	0	0.48888400368991153
765	1	1	0.22110662839291867
765	1	2	0.27685282899946007
766	0	0	0.7004760125831094
766	0	1	0.7058970795967086
766	0	2	0.4495239127554289
766	1	0	0.440455010803677
766	1	1	0.07471154013930786
766	1	2	0.13114569943764412
767	0	0	0.6613487662936788
767	0	1	0.6684215885654108
767	0	2	0.4282173931395564
767	1	0	0.48618487837305213
767	1	1	0.05678838011373906
767	1	2	0.05899466315363891
768	0	0	0.7298543016856952
768	0	1	0.7133598767839486
768	0	2	0.5121959595574546
768	1	0	0.3640633547420509
768	1	1	0.08490507861277301
768	1	2	0.16774578464388917
769	0	0	0.732286981442438
769	0	1	0.7281776032030185
769	0	2	0.4759291023758346
769	1	0	0.46189921270405054
769	1	1	0.04629161453168909
769	1	2	0.07786234834618436
770	0	0	0.6215726585469648
770	0	1	0.6242900997372174
770	0	2	0.448788111713918
770	1	0	0.45994353153106915
770	1	1	0.06594050751848261
770	1	2	0.07956661207966496
771	0	0	0.6155798751414643
771	0	1	0.5509130900306525
771	0	2	0.338923554459841
771	1	0	0.46661058225358426
771	1	1	0.06382871192997741
771	1	2	0.06739130807002418
772	0	0	0.5057529498635258
772	0	1	0.5166143474016159
772	0	2	0.3730193178899953
772	1	0	0.4222341169083401
772	1	1	0.10551339740025398
772	1	2	0.0964271173383498
773	0	0	0.8588437054277774
773	0	1	0.6493275717832339
773	0	2	0.2759345287060342
773	1	0	0.4409605771650244
773	1	1	0.05656675132064164
773	1	2	0.09199381752714307
774	0	0	0.5816072351916648
774	0	1	0.5734911266669331
774	0	2	0.4526650574351373
774	1	0	0.4794813350544255
774	1	1	0.03293701684533108
774	1	2	0.033681672868043536
775	0	0	0.6304176730389139
775	0	1	0.615165224456538
775	0	2	0.47326263734024515
775	1	0	0.4592252429519308
775	1	1	0.05000516142172054
775	1	2	0.04882565370873472
776	0	0	0.6600491798048752
776	0	1	0.628003237512512
776	0	2	0.3263135745337864
776	1	0	0.38064964266721146
776	1	1	0.031110736165857106
776	1	2	0.03354417472133514
777	0	0	0.7568986224253647
777	0	1	0.7362146594427386
777	0	2	0.5306458503123574
777	1	0	0.4064039471264657
777	1	1	0.06491239014703498
777	1	2	0.13062509709749462
778	0	0	0.699862538242633
778	0	1	0.6869030943858192
778	0	2	0.5531070174662357
778	1	0	0.3668769160406354
778	1	1	0.029902624500358396
778	1	2	0.029406618686246194
779	0	0	0.7280238244452062
779	0	1	0.715975913728238
779	0	2	0.4687724003635749
779	1	0	0.47972731640359156
779	1	1	0.031628541275572616
779	1	2	0.047062628857483246
780	0	0	0.5772783829990384
780	0	1	0.5412809504590472
780	0	2	0.41486882425497823
780	1	0	0.4094360783346612
780	1	1	0.02933205843459459
780	1	2	0.0341971569191525
781	0	0	0.6121871714868875
781	0	1	0.5984107667299451
781	0	2	0.48559622834665106
781	1	0	0.4232235321758885
781	1	1	0.049701703560503546
781	1	2	0.050881211267415155
782	0	0	0.6754100835295782
782	0	1	0.6620981068227247
782	0	2	0.3427895943758442
782	1	0	0.4673822239262296
782	1	1	0.04767435054228168
782	1	2	0.04735594099518846
783	0	0	0.6706235171313426
783	0	1	0.6375682450611047
783	0	2	0.45462294557626814
783	1	0	0.45634858849890697
783	1	1	0.05983901017264222
783	1	2	0.06850268736999882
784	0	0	0.7769669014700517
784	0	1	0.7756390080016247
784	0	2	0.4424179877641915
784	1	0	0.4253124497178514
784	1	1	0.03210481366329235
784	1	2	0.025168413430778025
785	0	0	0.6073182108867334
785	0	1	0.6031659901819416
785	0	2	0.34866812165579564
785	1	0	0.43078088238302
785	1	1	0.06337992082297056
785	1	2	0.06335824076737223
786	0	0	0.4986291927927333
786	0	1	0.49345103318043004
786	0	2	0.4865871169689725
786	1	0	0.408562493914787
786	1	1	0.0449912251715931
786	1	2	0.04487196453344687
787	0	0	0.4927584718056358
787	0	1	0.4851094729389231
787	0	2	0.4393646643095243
787	1	0	0.4649459845860236
787	1	1	0.08735415997354563
787	1	2	0.08735416000534402
788	0	0	0.6519636362296612
788	0	1	0.6384901212687011
788	0	2	0.46700116252296703
788	1	0	0.4333593789281965
788	1	1	0.07460247597127857
788	1	2	0.07004410855690639
789	0	0	0.5889652283140421
789	0	1	0.4884587238297509
789	0	2	0.40976037247896885
789	1	0	0.4573207433822938
789	1	1	0.047522521672074214
789	1	2	0.05334740917867423
790	0	0	0.49834121769093653
790	0	1	0.4817910100353828
790	0	2	0.4252375990497852
790	1	0	0.41070397464290503
790	1	1	0.03983565087029042
790	1	2	0.039080926518982234
791	0	0	0.8197327221788095
791	0	1	0.814340931168578
791	0	2	0.47469334805594987
791	1	0	0.4050194621019124
791	1	1	0.11056020507880272
791	1	2	0.16930377934035434
792	0	0	0.4892368663477255
792	0	1	0.4892368663477255
792	0	2	0.45638646964274393
792	1	0	0.4613541031398439
792	1	1	0.04877422264269589
792	1	2	0.04859208898541059
793	0	0	0.47951496474646493
793	0	1	0.4584435726526462
793	0	2	0.4419509297468364
793	1	0	0.4289763221636567
793	1	1	0.04375574355282283
793	1	2	0.04375565685720591
794	0	0	0.5959752783411392
794	0	1	0.5951690106442453
794	0	2	0.4261181129587833
794	1	0	0.46533043649710915
794	1	1	0.09387422571710664
794	1	2	0.09050110909578271
795	0	0	0.48810825158152493
795	0	1	0.4881322470066626
795	0	2	0.4057582820231276
795	1	0	0.4155451949328748
795	1	1	0.06150952318026169
795	1	2	0.06688827587167127
796	0	0	0.5817313601967276
796	0	1	0.6018679479438889
796	0	2	0.4300655669868534
796	1	0	0.422709476098837
796	1	1	0.07210444724593375
796	1	2	0.12008536854622898
797	0	0	0.5434537396204999
797	0	1	0.5428152836676022
797	0	2	0.42053852834982985
797	1	0	0.42066951394991453
797	1	1	0.0689534213203521
797	1	2	0.09027624394571956
798	0	0	0.6863422312728642
798	0	1	0.6667388363609585
798	0	2	0.40265213691893076
798	1	0	0.4803315977216783
798	1	1	0.06599892503698836
798	1	2	0.06665087021258771
799	0	0	0.6260163423158221
799	0	1	0.5633956195769738
799	0	2	0.3590226758108867
799	1	0	0.413494821894466
799	1	1	0.04651130341928321
799	1	2	0.06670954756965622
800	0	0	0.6317055675612583
800	0	1	0.6087130368234656
800	0	2	0.47443938495518123
800	1	0	0.44381901276829194
800	1	1	0.033544235163121994
800	1	2	0.03344635418592792
801	0	0	0.5605708892955044
801	0	1	0.5569989647313816
801	0	2	0.4469362417038977
801	1	0	0.45773259842905045
801	1	1	0.15289210786630855
801	1	2	0.1654688795020589
802	0	0	0.5352423563650304
802	0	1	0.5215228895491251
802	0	2	0.3811916881451016
802	1	0	0.45710398748500736
802	1	1	0.04473864660467304
802	1	2	0.058786845878165336
803	0	0	0.4919852482615147
803	0	1	0.49180010434411503
803	0	2	0.4779010542915131
803	1	0	0.45038629946075437
803	1	1	0.03393636949112683
803	1	2	0.033936318668105564
804	0	0	0.4566979944458795
804	0	1	0.4566979944458795
804	0	2	0.4566979944458795
804	1	0	0.40655145841593726
804	1	1	0.0343058321688028
804	1	2	0.033935691904354554
805	0	0	0.5047553899257837
805	0	1	0.502779433192516
805	0	2	0.47937757428093664
805	1	0	0.43804841029798935
805	1	1	0.07975130421219892
805	1	2	0.07975539226817296
806	0	0	0.6365148277343683
806	0	1	0.6341790273115461
806	0	2	0.4754926943274952
806	1	0	0.4967272143421568
806	1	1	0.09822524697885564
806	1	2	0.09671382094517761
807	0	0	0.6918783970389575
807	0	1	0.6810214349897347
807	0	2	0.5572174902864124
807	1	0	0.4278523902099702
807	1	1	0.032918429082651246
807	1	2	0.03291833213791495
808	0	0	0.556706489218896
808	0	1	0.5548100213883164
808	0	2	0.5255172586287197
808	1	0	0.4092742720231832
808	1	1	0.05170433143820655
808	1	2	0.0826162301282431
809	0	0	0.6035139748378322
809	0	1	0.5828929897010946
809	0	2	0.42328919480616384
809	1	0	0.4187411875097458
809	1	1	0.04987816881753429
809	1	2	0.05560428808424636
810	0	0	0.5977932911140403
810	0	1	0.5973296856974718
810	0	2	0.46060920206402434
810	1	0	0.4613146256862526
810	1	1	0.08857425307127181
810	1	2	0.08746981005296366
811	0	0	0.5311854768409969
811	0	1	0.4819338412355729
811	0	2	0.41911620759525015
811	1	0	0.4422673959289262
811	1	1	0.04049616821114535
811	1	2	0.04034000373649674
812	0	0	0.5534233011731255
812	0	1	0.5955673936466508
812	0	2	0.43448453362856776
812	1	0	0.4517883206391745
812	1	1	0.0640576147066386
812	1	2	0.06406076584616772
813	0	0	0.6658526384995398
813	0	1	0.6499158282095949
813	0	2	0.45659070506489063
813	1	0	0.4732589905560141
813	1	1	0.057326848438468525
813	1	2	0.059270342185726535
814	0	0	0.6069507958939726
814	0	1	0.5705324409973143
814	0	2	0.4580497884781816
814	1	0	0.46313283540463224
814	1	1	0.048982665318957674
814	1	2	0.04920133757627204
815	0	0	0.5950354662748137
815	0	1	0.5978751079971187
815	0	2	0.4071718303488302
815	1	0	0.42231281387519604
815	1	1	0.17214116937309545
815	1	2	0.17200070293678044
816	0	0	0.6389951810475817
816	0	1	0.6252411635450654
816	0	2	0.4516480543489847
816	1	0	0.4719612904145581
816	1	1	0.05274414093520381
816	1	2	0.05274471069302647
817	0	0	0.716836018303443
817	0	1	0.6748045430197422
817	0	2	0.46766966200868165
817	1	0	0.48842413847586613
817	1	1	0.04381299677054096
817	1	2	0.043939822734149245
818	0	0	0.5883336251118785
818	0	1	0.5776339164183214
818	0	2	0.42125892407130683
818	1	0	0.48240081735345797
818	1	1	0.04228545796959478
818	1	2	0.04122122507454551
819	0	0	0.5282623648387454
819	0	1	0.5512209619995854
819	0	2	0.4613837388137121
819	1	0	0.47807606708987255
819	1	1	0.05045333318411861
819	1	2	0.0510149657718806
820	0	0	0.655846201337438
820	0	1	0.6427698378657509
820	0	2	0.3671465743349567
820	1	0	0.47929622168618846
820	1	1	0.0827467935997955
820	1	2	0.08136634382371616
821	0	0	0.6247892166250928
821	0	1	0.6181159928758144
821	0	2	0.47541179721464477
821	1	0	0.45647787175443943
821	1	1	0.0490203809050848
821	1	2	0.048338353068243314
822	0	0	0.6429396626103644
822	0	1	0.639334174937362
822	0	2	0.4532086324199627
822	1	0	0.497977878381593
822	1	1	0.16174125370927434
822	1	2	0.16483377975331093
823	0	0	0.609951971626971
823	0	1	0.6189190416397068
823	0	2	0.47706489886513853
823	1	0	0.4664658826006106
823	1	1	0.05180440592069231
823	1	2	0.051804292335832974
824	0	0	0.619108172436872
824	0	1	0.5735668307715546
824	0	2	0.377954226232345
824	1	0	0.3915660118162407
824	1	1	0.11712194653873242
824	1	2	0.11692027764061423
825	0	0	0.49578058341926345
825	0	1	0.4783923136289388
825	0	2	0.4628645921405765
825	1	0	0.3839776127657686
825	1	1	0.017539667641331413
825	1	2	0.017084523293354942
826	0	0	0.5333960718522051
826	0	1	0.5343856707379088
826	0	2	0.4380353535878325
826	1	0	0.473500799159608
826	1	1	0.039278797532102144
826	1	2	0.03911729919688328
827	0	0	0.6547024222379434
827	0	1	0.6228394975828694
827	0	2	0.39148000974939945
827	1	0	0.48688599721549664
827	1	1	0.03739867085336741
827	1	2	0.042367086674815924
828	0	0	0.5945126224011974
828	0	1	0.5481044441679448
828	0	2	0.4300451541492142
828	1	0	0.4868085520370642
828	1	1	0.09323231343081423
828	1	2	0.09225018870399963
829	0	0	0.648536219292599
829	0	1	0.6056132325212639
829	0	2	0.4848789862521229
829	1	0	0.4495374321190112
829	1	1	0.0579435043476703
829	1	2	0.05792407830963406
830	0	0	0.557845787189323
830	0	1	0.5434756889721674
830	0	2	0.43219296884352054
830	1	0	0.4773504513944665
830	1	1	0.05074014975039336
830	1	2	0.050613140279997165
831	0	0	0.624783207446739
831	0	1	0.6088029962939893
831	0	2	0.4293157029353796
831	1	0	0.4663593969297475
831	1	1	0.05391436039234873
831	1	2	0.05391415009055625
832	0	0	0.5605125048822412
832	0	1	0.5711458727294346
832	0	2	0.4760439134839594
832	1	0	0.4175091275340287
832	1	1	0.03227710730385533
832	1	2	0.03274345880676571
833	0	0	0.5092744660390373
833	0	1	0.5003654824040764
833	0	2	0.4219067727716538
833	1	0	0.41762720154673627
833	1	1	0.0820993483000471
833	1	2	0.08209917125926725
834	0	0	0.6211173960997856
834	0	1	0.6026079386815235
834	0	2	0.3861921581611253
834	1	0	0.4966731127200522
834	1	1	0.18645634847549758
834	1	2	0.1864563499901749
835	0	0	0.620092606654836
835	0	1	0.6181543275375501
835	0	2	0.44344134310917926
835	1	0	0.4753434082323796
835	1	1	0.07222773217802857
835	1	2	0.07181711863661527
836	0	0	0.5165718725753554
836	0	1	0.4962455238581388
836	0	2	0.4219064309369289
836	1	0	0.4003888404882387
836	1	1	0.03116875995010114
836	1	2	0.030715354238002313
837	0	0	0.6138128602475713
837	0	1	0.6076232094755409
837	0	2	0.46204550037782277
837	1	0	0.45277204665240056
837	1	1	0.019891644649335224
837	1	2	0.01982813409778926
838	0	0	0.5949201991848518
838	0	1	0.46848741926289594
838	0	2	0.48235693114636446
838	1	0	0.4412641414231208
838	1	1	0.02328867030040653
838	1	2	0.024233581979478627
839	0	0	0.9127958211771751
839	0	1	0.7659602637797626
839	0	2	0.4463237571867895
839	1	0	0.36952406548689204
839	1	1	0.09801669589016834
839	1	2	0.0982168006873454
840	0	0	0.5547656267017333
840	0	1	0.5917651263374414
840	0	2	0.45193884783830196
840	1	0	0.45641361373040773
840	1	1	0.05351011890898914
840	1	2	0.0534400488521284
841	0	0	0.6486624868791462
841	0	1	0.6210042342884154
841	0	2	0.3485588697864368
841	1	0	0.47790440523274164
841	1	1	0.059044373201856154
841	1	2	0.05960199260192868
842	0	0	0.5727891660879953
842	0	1	0.5156089905709128
842	0	2	0.45473361598838635
842	1	0	0.4553373176681736
842	1	1	0.027008967407905704
842	1	2	0.027010263778681307
843	0	0	0.5646209378400833
843	0	1	0.5732255963975332
843	0	2	0.3705486410738489
843	1	0	0.4463467639394763
843	1	1	0.02005491015495671
843	1	2	0.020054899000703064
844	0	0	0.5705278452436404
844	0	1	0.5676360008418584
844	0	2	0.4430010708236757
844	1	0	0.4149680563867827
844	1	1	0.024627267505721834
844	1	2	0.02485236227302466
845	0	0	0.5156228073377227
845	0	1	0.49997747038314994
845	0	2	0.3474833696214667
845	1	0	0.45793935141003594
845	1	1	0.03173621026580992
845	1	2	0.031299381595312356
846	0	0	0.5259174871947948
846	0	1	0.5088993837380698
846	0	2	0.425120327296425
846	1	0	0.4232502229031221
846	1	1	0.03657554975211025
846	1	2	0.03623932753850244
847	0	0	0.567339445448074
847	0	1	0.5497111656259009
847	0	2	0.4237193803234471
847	1	0	0.4849527794521402
847	1	1	0.07960945280377725
847	1	2	0.07960945314350462
848	0	0	0.6049259773320491
848	0	1	0.6126661869374038
848	0	2	0.3915015691511923
848	1	0	0.4935098889083634
848	1	1	0.09810278401243352
848	1	2	0.09810290273008108
849	0	0	0.6028598890910597
849	0	1	0.5842195880521253
849	0	2	0.45906408511481456
849	1	0	0.4662067900861982
849	1	1	0.05899019880775326
849	1	2	0.05898989639965396
850	0	0	0.5743742100594165
850	0	1	0.5717342173440525
850	0	2	0.480095747780105
850	1	0	0.46434891665581557
850	1	1	0.054570653879414774
850	1	2	0.05457039363588655
851	0	0	0.5959689726652218
851	0	1	0.5603827773872372
851	0	2	0.45389016486164346
851	1	0	0.4692720652766048
851	1	1	0.07155636078577406
851	1	2	0.07155535788640921
852	0	0	0.5532618255179753
852	0	1	0.5755438009228121
852	0	2	0.4080174940079154
852	1	0	0.3587025239512874
852	1	1	0.03142533579335152
852	1	2	0.031416198407108145
853	0	0	0.6155385831272462
853	0	1	0.6105951321536309
853	0	2	0.47938389246116087
853	1	0	0.4480704015099896
853	1	1	0.02761528881896086
853	1	2	0.027535167985672057
854	0	0	0.5409020952052136
854	0	1	0.5401880330979183
854	0	2	0.4612958956538884
854	1	0	0.4398971490384909
854	1	1	0.08858998743526555
854	1	2	0.08858998746874433
855	0	0	0.6251320761546602
855	0	1	0.6347942296219433
855	0	2	0.4505912126953966
855	1	0	0.4590079791752266
855	1	1	0.02860580181205223
855	1	2	0.02957147722166234
856	0	0	0.5558966225437161
856	0	1	0.5021333740882208
856	0	2	0.4282329460454929
856	1	0	0.43221683449182746
856	1	1	0.03445880875240638
856	1	2	0.034452133945749
857	0	0	0.5830749775499576
857	0	1	0.6143977832967749
857	0	2	0.5567171552058496
857	1	0	0.4598501558450814
857	1	1	0.03299018314536989
857	1	2	0.03370115460719737
858	0	0	0.6402642310448439
858	0	1	0.6285289019865496
858	0	2	0.39421356805573526
858	1	0	0.4550456202981399
858	1	1	0.03127049912991951
858	1	2	0.043401562792220835
859	0	0	0.48233432075735705
859	0	1	0.4629999122053009
859	0	2	0.44527953621325267
859	1	0	0.38362814395489786
859	1	1	0.033982125331653235
859	1	2	0.03403556484018852
860	0	0	0.5769545444447763
860	0	1	0.5920211333974175
860	0	2	0.5470213834911195
860	1	0	0.48921394588479705
860	1	1	0.09594471755430437
860	1	2	0.09606243155802567
861	0	0	0.6196879218754532
861	0	1	0.6077376724925917
861	0	2	0.49886530317429667
861	1	0	0.4005427877701107
861	1	1	0.0409823274886405
861	1	2	0.03724630919424059
862	0	0	0.6167279773968279
862	0	1	0.6175158573525
862	0	2	0.4775850484512666
862	1	0	0.39153161175602763
862	1	1	0.023457769885324192
862	1	2	0.022538730730880016
863	0	0	0.5959305319817255
863	0	1	0.5300328858646159
863	0	2	0.4642698882887572
863	1	0	0.47288671838464696
863	1	1	0.034589267565510395
863	1	2	0.034533148575165123
864	0	0	0.5454746404271769
864	0	1	0.5272591433435704
864	0	2	0.4036836249342909
864	1	0	0.43814393896536075
864	1	1	0.03346125930943382
864	1	2	0.03347371440221415
865	0	0	0.6356194540462156
865	0	1	0.6349113051938647
865	0	2	0.46072156398374925
865	1	0	0.49820036508339044
865	1	1	0.04456109050920247
865	1	2	0.04456979372680345
866	0	0	0.5101517893903694
866	0	1	0.4956667690930563
866	0	2	0.44844194762641926
866	1	0	0.4726709884855791
866	1	1	0.04465949591858878
866	1	2	0.04465950980988423
867	0	0	0.5553611517049006
867	0	1	0.5684445594199329
867	0	2	0.3597493151874723
867	1	0	0.4867795468747465
867	1	1	0.07712712990740202
867	1	2	0.07712717343237431
868	0	0	0.6150699922559674
868	0	1	0.5945170290720543
868	0	2	0.4414637125548756
868	1	0	0.4808952646504478
868	1	1	0.11955946867581373
868	1	2	0.11955947503181577
869	0	0	0.5986464983840051
869	0	1	0.5916774870879065
869	0	2	0.4685800462310182
869	1	0	0.45265203176178304
869	1	1	0.039493347724902095
869	1	2	0.03949318681517802
870	0	0	0.4930326910306134
870	0	1	0.5412686727212466
870	0	2	0.4294136495803566
870	1	0	0.46260272447787776
870	1	1	0.08853330929410105
870	1	2	0.08853881570191924
871	0	0	0.6003289549225106
871	0	1	0.6062154744147755
871	0	2	0.489496226207236
871	1	0	0.40412571061202435
871	1	1	0.030001276282363695
871	1	2	0.030001201595714788
872	0	0	0.641745872142171
872	0	1	0.564914899329725
872	0	2	0.4445473955568865
872	1	0	0.4643331845759614
872	1	1	0.0794901685143606
872	1	2	0.07949323575125476
873	0	0	0.5674573833097725
873	0	1	0.5700004974298294
873	0	2	0.4245397828470815
873	1	0	0.41290086863956654
873	1	1	0.06341277454374368
873	1	2	0.06337744409887708
874	0	0	0.599159461356971
874	0	1	0.5537171579683585
874	0	2	0.4067082994408863
874	1	0	0.4162168095752548
874	1	1	0.06884458665935825
874	1	2	0.06884458857067477
875	0	0	0.7017887622406255
875	0	1	0.6557084708761272
875	0	2	0.4609950513612182
875	1	0	0.3446606917939185
875	1	1	0.06606638662573908
875	1	2	0.11910694816937925
876	0	0	0.5994251744159361
876	0	1	0.6040885499613121
876	0	2	0.4380887204157807
876	1	0	0.45734049349807515
876	1	1	0.05185674638897979
876	1	2	0.05184509029548996
877	0	0	0.5722985457181848
877	0	1	0.5580254434576952
877	0	2	0.3840857397777554
877	1	0	0.4087706124509801
877	1	1	0.11405151922914533
877	1	2	0.11374607995742723
878	0	0	0.5748084502289397
878	0	1	0.5101161742466261
878	0	2	0.4091493050901884
878	1	0	0.42566863781244
878	1	1	0.07379574898332353
878	1	2	0.07383957507878212
879	0	0	0.6145525541669589
879	0	1	0.5475602844821725
879	0	2	0.43055267837477684
879	1	0	0.4349652788555971
879	1	1	0.017954968784166234
879	1	2	0.03091461144211899
880	0	0	0.6280078781977141
880	0	1	0.6280075957158306
880	0	2	0.477676794019835
880	1	0	0.424607143719194
880	1	1	0.02299098356603395
880	1	2	0.01989135511612941
881	0	0	0.606749378209672
881	0	1	0.5762948171002086
881	0	2	0.4693335945205787
881	1	0	0.38195645754570706
881	1	1	0.029604941669117327
881	1	2	0.029617403596419914
882	0	0	0.5622092285855705
882	0	1	0.5644330676003478
882	0	2	0.3753292684388724
882	1	0	0.4781189348585816
882	1	1	0.04712436280111447
882	1	2	0.047087700355375295
883	0	0	0.5812725383061152
883	0	1	0.578656015258426
883	0	2	0.4563907346188608
883	1	0	0.4742457679140893
883	1	1	0.02978637379626925
883	1	2	0.029785893266141603
884	0	0	0.6032105803889101
884	0	1	0.5519919573167354
884	0	2	0.44064455988526136
884	1	0	0.46704566009080967
884	1	1	0.1046423063493124
884	1	2	0.10464230676098164
885	0	0	0.5976293559867185
885	0	1	0.6026660527597858
885	0	2	0.4532920570314592
885	1	0	0.47234037049216154
885	1	1	0.04316278372797702
885	1	2	0.042439580770785634
886	0	0	0.6778608347892348
886	0	1	0.668037545650434
886	0	2	0.4870819316901285
886	1	0	0.4394453982170998
886	1	1	0.03197394541159969
886	1	2	0.03197598849252041
887	0	0	0.4946285394325384
887	0	1	0.49462838452826285
887	0	2	0.4004196661163021
887	1	0	0.49062004091405054
887	1	1	0.08497501962307105
887	1	2	0.08497503261930497
888	0	0	0.47978928206283167
888	0	1	0.4727395584314536
888	0	2	0.33658427400158386
888	1	0	0.4584301926683353
888	1	1	0.0312941067148548
888	1	2	0.031294100582101414
889	0	0	0.6679582216692513
889	0	1	0.6439818262864887
889	0	2	0.4703638753587145
889	1	0	0.44950437238080343
889	1	1	0.01957813134224648
889	1	2	0.030845356651883288
890	0	0	0.4908167709350729
890	0	1	0.49361752935982833
890	0	2	0.45438983288273954
890	1	0	0.4748776626334544
890	1	1	0.05026890704106905
890	1	2	0.05015927926853621
891	0	0	0.4921116063415468
891	0	1	0.4901636290863606
891	0	2	0.4525321542186865
891	1	0	0.4091917834773104
891	1	1	0.04274429638743195
891	1	2	0.042744817734630014
892	0	0	0.5919334085586707
892	0	1	0.4906392748977931
892	0	2	0.4834553328083418
892	1	0	0.4285029680766211
892	1	1	0.1375046239857567
892	1	2	0.13750718054277755
893	0	0	0.46994330985296784
893	0	1	0.4699433098529662
893	0	2	0.43614673823245115
893	1	0	0.4699433098531862
893	1	1	0.03958716065585356
893	1	2	0.0395871192831488
894	0	0	0.4901523354566679
894	0	1	0.49015233495030264
894	0	2	0.4901523354010031
894	1	0	0.47362232796654663
894	1	1	0.04605755621894189
894	1	2	0.04606302490470908
895	0	0	0.5239850664577486
895	0	1	0.4911194573101588
895	0	2	0.40545050276730127
895	1	0	0.4278001255594764
895	1	1	0.020834026631444694
895	1	2	0.020408210293936038
896	0	0	0.5160424808469999
896	0	1	0.49592367697616196
896	0	2	0.4545241051190305
896	1	0	0.39163319778502775
896	1	1	0.03934072325514873
896	1	2	0.0393426953413166
897	0	0	0.47428471950967366
897	0	1	0.4550093036740639
897	0	2	0.44084867281974477
897	1	0	0.440909978650901
897	1	1	0.0406430650868856
897	1	2	0.04065762719202798
898	0	0	0.4939540496842667
898	0	1	0.4929827055686159
898	0	2	0.47986688685040824
898	1	0	0.4450113479010422
898	1	1	0.18663435981378526
898	1	2	0.1866343591414024
899	0	0	0.6000971632956544
899	0	1	0.5774519076733218
899	0	2	0.4633331448939093
899	1	0	0.46675674182461824
899	1	1	0.05533833918714891
899	1	2	0.055392759364720684
900	0	0	0.48238998428281327
900	0	1	0.48251682629148207
900	0	2	0.4182668087949316
900	1	0	0.4482260019554954
900	1	1	0.024668137490995556
900	1	2	0.024668852870824612
901	0	0	0.5701299600461524
901	0	1	0.5060813772591297
901	0	2	0.3412739671985894
901	1	0	0.4247345818160042
901	1	1	0.03907532400782157
901	1	2	0.03907427611115241
902	0	0	0.4807799355809228
902	0	1	0.47436997917541546
902	0	2	0.4327545619681815
902	1	0	0.4473284019692561
902	1	1	0.05327161140377715
902	1	2	0.05327153870730239
903	0	0	0.4904619864742603
903	0	1	0.49066490468059576
903	0	2	0.3963253822139239
903	1	0	0.39540259104722764
903	1	1	0.04941461240024078
903	1	2	0.04941461219668512
904	0	0	0.4907467703698316
904	0	1	0.4907403972715736
904	0	2	0.4387359438423135
904	1	0	0.4736439587833325
904	1	1	0.12440936608942461
904	1	2	0.12440936579616044
905	0	0	0.5387039384060237
905	0	1	0.485985470401919
905	0	2	0.46594609098749323
905	1	0	0.47004894293016586
905	1	1	0.061676034050036896
905	1	2	0.06167625312146917
906	0	0	0.5091224471824631
906	0	1	0.5091225326625177
906	0	2	0.4830478594946131
906	1	0	0.46552955207643953
906	1	1	0.025828300675081628
906	1	2	0.025828302571249184
907	0	0	0.5318649898905474
907	0	1	0.4860134573437696
907	0	2	0.4003808167297661
907	1	0	0.4874236883787301
907	1	1	0.03378658260701345
907	1	2	0.03217386074289309
908	0	0	0.4890012967757701
908	0	1	0.4870104367198219
908	0	2	0.4864906052674126
908	1	0	0.3725299378598963
908	1	1	0.015895700083244188
908	1	2	0.016039712939104653
909	0	0	0.5083276543315185
909	0	1	0.5083413078186775
909	0	2	0.4445257680271773
909	1	0	0.4676653659197592
909	1	1	0.023643448187792043
909	1	2	0.02405929158972213
910	0	0	0.6455105492761319
910	0	1	0.6420829114284334
910	0	2	0.48156890951944864
910	1	0	0.48665311941272366
910	1	1	0.05384594240671532
910	1	2	0.05384594157545952
911	0	0	0.48508135160879645
911	0	1	0.4807469799720406
911	0	2	0.3960191622748246
911	1	0	0.38420071909527104
911	1	1	0.024255218486211177
911	1	2	0.024255210564321783
912	0	0	0.49613284383801975
912	0	1	0.49613246637984204
912	0	2	0.4797445954126725
912	1	0	0.4948891961128896
912	1	1	0.06800968462975049
912	1	2	0.06800968451861597
913	0	0	0.4787574918917622
913	0	1	0.4829358627793042
913	0	2	0.4873802068162757
913	1	0	0.44425904506230984
913	1	1	0.021340626434347476
913	1	2	0.021427157495690505
914	0	0	0.5682498950102501
914	0	1	0.5565154496614896
914	0	2	0.490881318748685
914	1	0	0.41239824433822636
914	1	1	0.028802605998458408
914	1	2	0.028802494124287828
915	0	0	0.5173391602488651
915	0	1	0.5034573555809074
915	0	2	0.38416945647149203
915	1	0	0.403050865186388
915	1	1	0.041396005562155835
915	1	2	0.04139605204200128
916	0	0	0.47924240756788195
916	0	1	0.47915218973674656
916	0	2	0.38061635700649765
916	1	0	0.46304446318913167
916	1	1	0.08628238724355994
916	1	2	0.08627775778994454
917	0	0	0.667900454347734
917	0	1	0.640328622620856
917	0	2	0.4126626823431938
917	1	0	0.44616531479734894
917	1	1	0.026287061223528557
917	1	2	0.026207206542244288
918	0	0	0.49954339164142647
918	0	1	0.48738978992331006
918	0	2	0.4599050493178033
918	1	0	0.46297925712496024
918	1	1	0.05537137329696995
918	1	2	0.05537139938187263
919	0	0	0.5095658155848521
919	0	1	0.5097911052047749
919	0	2	0.37905775645424256
919	1	0	0.3623526326686316
919	1	1	0.036902649542324875
919	1	2	0.036902391705901386
920	0	0	0.5012404149848306
920	0	1	0.4985269748395177
920	0	2	0.4890618646417416
920	1	0	0.45875871255937123
920	1	1	0.1773644372619464
920	1	2	0.1773643598357481
921	0	0	0.5225731527113696
921	0	1	0.49570307207736164
921	0	2	0.4476967296976042
921	1	0	0.46642216993797564
921	1	1	0.01896491731003104
921	1	2	0.018964952890589526
922	0	0	0.495310217282778
922	0	1	0.4953102088945688
922	0	2	0.46390335523961
922	1	0	0.48951687686619677
922	1	1	0.035554456806544635
922	1	2	0.035554446654734964
923	0	0	0.50720297299299
923	0	1	0.5057911982667531
923	0	2	0.4177393888433235
923	1	0	0.465156111798126
923	1	1	0.04275309908252878
923	1	2	0.04275310096822732
924	0	0	0.4872113425998532
924	0	1	0.4810317783885166
924	0	2	0.39160810268843
924	1	0	0.4254405523823398
924	1	1	0.024434054540468875
924	1	2	0.024435524745444664
925	0	0	0.5771997641434272
925	0	1	0.49620035591436007
925	0	2	0.46129506545875676
925	1	0	0.48164687857472116
925	1	1	0.05110029357107948
925	1	2	0.05103710844378813
926	0	0	0.48855816411996167
926	0	1	0.48052740501536234
926	0	2	0.4515293361978406
926	1	0	0.43226905988860564
926	1	1	0.048034878811872864
926	1	2	0.04803896011641602
927	0	0	0.5975282339621175
927	0	1	0.5871792644673888
927	0	2	0.46117441165559736
927	1	0	0.33603214954473903
927	1	1	0.028846479318098542
927	1	2	0.02863369632388417
928	0	0	0.4600925734594393
928	0	1	0.45118741596375134
928	0	2	0.43224829300971723
928	1	0	0.44683258976682044
928	1	1	0.1545114435198291
928	1	2	0.15430959403682099
929	0	0	0.5411838333105621
929	0	1	0.48956647843507156
929	0	2	0.4603724235747946
929	1	0	0.4481531050255575
929	1	1	0.045087269828541054
929	1	2	0.045098320490451246
930	0	0	0.4975435005370601
930	0	1	0.49754327431485534
930	0	2	0.43861530477709587
930	1	0	0.4165804075816814
930	1	1	0.03403305415699476
930	1	2	0.03412949974767454
931	0	0	0.5529844131036965
931	0	1	0.5326178559149004
931	0	2	0.45771387270305375
931	1	0	0.4405243116733039
931	1	1	0.0738807557342699
931	1	2	0.0739893884333056
932	0	0	0.5193746701374847
932	0	1	0.526191881917256
932	0	2	0.40240850908360315
932	1	0	0.43758717010777404
932	1	1	0.047841331675875315
932	1	2	0.04789932566667325
933	0	0	0.5258256968884203
933	0	1	0.48670393383336885
933	0	2	0.42100397398398937
933	1	0	0.45062910261042727
933	1	1	0.026234812980422753
933	1	2	0.026253615006759226
934	0	0	0.5843314481217171
934	0	1	0.5722424111078133
934	0	2	0.48180467963481544
934	1	0	0.4246585574104555
934	1	1	0.016856757636567618
934	1	2	0.016880992015286117
935	0	0	0.6462693723135362
935	0	1	0.6363950551335705
935	0	2	0.45219621378047
935	1	0	0.373993107571936
935	1	1	0.04698991363073564
935	1	2	0.04718270456696355
936	0	0	0.513742187052432
936	0	1	0.48249538546686394
936	0	2	0.42045015208854275
936	1	0	0.4620406034529296
936	1	1	0.03707295321075671
936	1	2	0.036585454394010786
937	0	0	0.5048798529432099
937	0	1	0.504844633640575
937	0	2	0.45560724457349955
937	1	0	0.4665055145507313
937	1	1	0.04797655055905678
937	1	2	0.047976556921730695
938	0	0	0.4664675373872945
938	0	1	0.46646820192752547
938	0	2	0.40475339438335933
938	1	0	0.42373197267030366
938	1	1	0.023228906045376724
938	1	2	0.023229199418097507
939	0	0	0.6762386374485203
939	0	1	0.6169702712789127
939	0	2	0.3982811657934925
939	1	0	0.4460015807789
939	1	1	0.03986404098967976
939	1	2	0.0398686184006703
940	0	0	0.47345030599930105
940	0	1	0.4722020099013333
940	0	2	0.44085899218998625
940	1	0	0.4571846861715349
940	1	1	0.047351724405475346
940	1	2	0.04735314162952582
941	0	0	0.5760830334413247
941	0	1	0.550887011535134
941	0	2	0.43617668644322116
941	1	0	0.45296833824825355
941	1	1	0.05093487619638373
941	1	2	0.05093487622796963
942	0	0	0.5143884372604561
942	0	1	0.5050488551162631
942	0	2	0.39397042608412547
942	1	0	0.47864749186340205
942	1	1	0.0921815326123842
942	1	2	0.0921815323787976
943	0	0	0.5248214964978678
943	0	1	0.4971728656905171
943	0	2	0.4762546139896555
943	1	0	0.4002791881808382
943	1	1	0.028823619850161575
943	1	2	0.02881325033533058
944	0	0	0.4980452441396942
944	0	1	0.512774531198857
944	0	2	0.4383875414338333
944	1	0	0.46485758310074776
944	1	1	0.04276636435586764
944	1	2	0.04276636399399415
945	0	0	0.6801245681433961
945	0	1	0.5567596785141116
945	0	2	0.4538575408445278
945	1	0	0.4905943610359056
945	1	1	0.1564449829987202
945	1	2	0.15644391242578096
946	0	0	0.6010150428863259
946	0	1	0.5738074639390397
946	0	2	0.4302906073340365
946	1	0	0.4600289214146387
946	1	1	0.023969862694541072
946	1	2	0.023447669529580287
947	0	0	0.7055226175744953
947	0	1	0.6970204375553524
947	0	2	0.39973976353035
947	1	0	0.44499332594062346
947	1	1	0.03855134395031519
947	1	2	0.0385514610358301
948	0	0	0.5560401190992584
948	0	1	0.547071656644547
948	0	2	0.44268557152696264
948	1	0	0.38838023747403594
948	1	1	0.0344167081413919
948	1	2	0.034486982496576474
949	0	0	0.6137116458201451
949	0	1	0.5957103532585257
949	0	2	0.5005649706988078
949	1	0	0.43858621362544137
949	1	1	0.043014000005775085
949	1	2	0.04332245127974489
950	0	0	0.6981140458557997
950	0	1	0.6826595974650347
950	0	2	0.4382656604289463
950	1	0	0.446130988106833
950	1	1	0.12215609651111066
950	1	2	0.12338231307613422
951	0	0	0.5952155400242258
951	0	1	0.639041788151997
951	0	2	0.45266046917799235
951	1	0	0.4918983415702342
951	1	1	0.034715516061633075
951	1	2	0.034707421150516504
952	0	0	0.5376197654743784
952	0	1	0.5206561603418632
952	0	2	0.46082232018581554
952	1	0	0.48184830109804117
952	1	1	0.051479029835910725
952	1	2	0.05147251392387375
953	0	0	0.7322844990627844
953	0	1	0.679761655789705
953	0	2	0.45531230229617603
953	1	0	0.43536622486494586
953	1	1	0.03404788874868661
953	1	2	0.03299154657228266
954	0	0	0.6202464557190349
954	0	1	0.6200148151196134
954	0	2	0.48563057994800873
954	1	0	0.46530344256321804
954	1	1	0.04670153934864843
954	1	2	0.046699309993225815
955	0	0	0.7161700325291469
955	0	1	0.7171860669218975
955	0	2	0.4081893816361718
955	1	0	0.4379353092247211
955	1	1	0.034678109147141256
955	1	2	0.034743851647322285
956	0	0	0.5301124959172695
956	0	1	0.5402283699857005
956	0	2	0.4658511761531452
956	1	0	0.4230842275892876
956	1	1	0.14678842973291892
956	1	2	0.14678842850533194
957	0	0	0.5865026191084619
957	0	1	0.5903254417967198
957	0	2	0.4886018447396552
957	1	0	0.47264860283862925
957	1	1	0.02243984624041437
957	1	2	0.022435983510154064
958	0	0	0.6332823090835398
958	0	1	0.6234176605923613
958	0	2	0.4036000666298106
958	1	0	0.49381118190661477
958	1	1	0.0758620215819387
958	1	2	0.07714981729740653
959	0	0	0.6801199114203413
959	0	1	0.6553059977587814
959	0	2	0.4796076128387242
959	1	0	0.4477536558887306
959	1	1	0.049420521313312316
959	1	2	0.05260591772589121
960	0	0	0.6511230792107423
960	0	1	0.6486049823627463
960	0	2	0.4296200027037843
960	1	0	0.45913544831055225
960	1	1	0.05626612661764721
960	1	2	0.056286439945225336
961	0	0	0.6402922720842812
961	0	1	0.5546818637668864
961	0	2	0.4066799394214634
961	1	0	0.4783571278028222
961	1	1	0.04639814730675239
961	1	2	0.04639813588176134
962	0	0	0.7093978049573142
962	0	1	0.7028417855349962
962	0	2	0.48651467313765273
962	1	0	0.4544705903324027
962	1	1	0.027417443170028782
962	1	2	0.027443609119586362
963	0	0	0.5463860354168606
963	0	1	0.5259533975282557
963	0	2	0.4226625650884621
963	1	0	0.40456429285453566
963	1	1	0.042580472128990174
963	1	2	0.04255996488482022
964	0	0	0.629439950328708
964	0	1	0.6235415492242384
964	0	2	0.4448325348581834
964	1	0	0.455200941758793
964	1	1	0.025051763349476064
964	1	2	0.024348216410112075
965	0	0	0.6560390867319533
965	0	1	0.6100472489620867
965	0	2	0.4905301181133103
965	1	0	0.31148296906209905
965	1	1	0.04870058114645927
965	1	2	0.04965346032187615
966	0	0	0.6764390757823572
966	0	1	0.6262547564650216
966	0	2	0.4849070344700669
966	1	0	0.44542134072540607
966	1	1	0.12142550565669386
966	1	2	0.12150704115007016
967	0	0	0.662248957825579
967	0	1	0.5840968806916166
967	0	2	0.45418842168341067
967	1	0	0.44896490432436004
967	1	1	0.03492528234714373
967	1	2	0.03589668972903719
968	0	0	0.7010158349131183
968	0	1	0.6906650321058392
968	0	2	0.4625706235989604
968	1	0	0.426462654856813
968	1	1	0.019843036724998958
968	1	2	0.018834904903717378
969	0	0	0.6130300643423792
969	0	1	0.5362108520299338
969	0	2	0.47298418167306133
969	1	0	0.4622585651010395
969	1	1	0.045386142026100626
969	1	2	0.045423524445373537
970	0	0	0.7104871037826561
970	0	1	0.6635644327640993
970	0	2	0.3878119277087268
970	1	0	0.4883554242101689
970	1	1	0.15547115088729926
970	1	2	0.15547063626618635
971	0	0	0.6879944393767898
971	0	1	0.5977398823193478
971	0	2	0.4018533297860899
971	1	0	0.39445412798579915
971	1	1	0.028674410821768886
971	1	2	0.028492820862123902
972	0	0	0.540421714391514
972	0	1	0.5182083345430442
972	0	2	0.4456345824752559
972	1	0	0.4690980078630753
972	1	1	0.12846347858138346
972	1	2	0.12852728820971143
973	0	0	0.6661541817973786
973	0	1	0.6388827749343491
973	0	2	0.45453660150578634
973	1	0	0.44413499299938874
973	1	1	0.10372947104714467
973	1	2	0.10438301071900578
974	0	0	0.7362943127807273
974	0	1	0.6688796213363559
974	0	2	0.4798062473276479
974	1	0	0.42321846760237775
974	1	1	0.03077822107384888
974	1	2	0.030098263479514498
975	0	0	0.7781380819047674
975	0	1	0.7032322524961792
975	0	2	0.4572225797758506
975	1	0	0.368021155901571
975	1	1	0.02598404982594052
975	1	2	0.02733031082188507
976	0	0	0.7980193169860197
976	0	1	0.6878360082693298
976	0	2	0.42821768719741216
976	1	0	0.45461304813340186
976	1	1	0.04915229748828884
976	1	2	0.04916386314947348
977	0	0	0.8810933253956484
977	0	1	0.7788763097874378
977	0	2	0.4786381778454878
977	1	0	0.415798175254365
977	1	1	0.08669910856779595
977	1	2	0.08665970926691718
978	0	0	0.7245570632482866
978	0	1	0.6626023665279922
978	0	2	0.40605997026209806
978	1	0	0.4552497677197211
978	1	1	0.05064736736481458
978	1	2	0.05086097082685921
979	0	0	0.6506373467004727
979	0	1	0.6486642634478819
979	0	2	0.4936737635713666
979	1	0	0.48625402186584776
979	1	1	0.03747069981389557
979	1	2	0.04469391439690537
980	0	0	0.6160885931926673
980	0	1	0.6004773828273144
980	0	2	0.41320254027372205
980	1	0	0.4688485764831924
980	1	1	0.030753161109479968
980	1	2	0.030780840158437225
981	0	0	0.663885875839207
981	0	1	0.6372090283783225
981	0	2	0.3484409073385549
981	1	0	0.42929339175375203
981	1	1	0.043691823039494426
981	1	2	0.043464442585604696
982	0	0	0.6494279496774967
982	0	1	0.6238150005015137
982	0	2	0.5008404055113198
982	1	0	0.4646048447183193
982	1	1	0.027492384907845543
982	1	2	0.02731621093558284
983	0	0	0.6442169179085201
983	0	1	0.5794248799254976
983	0	2	0.4256401963560502
983	1	0	0.4832977903757638
983	1	1	0.05888064542557951
983	1	2	0.05888064163752889
984	0	0	0.7037590759088854
984	0	1	0.6947667664075269
984	0	2	0.3994232284763911
984	1	0	0.47059276215570367
984	1	1	0.05539332235594219
984	1	2	0.05641956455855872
985	0	0	0.7740844022574256
985	0	1	0.6834165375013814
985	0	2	0.35698132449552167
985	1	0	0.43783341550881766
985	1	1	0.020241448877479862
985	1	2	0.020921192307246164
986	0	0	0.7273657405849718
986	0	1	0.7048148068597573
986	0	2	0.44544117149460816
986	1	0	0.43434544263325947
986	1	1	0.03370019363962505
986	1	2	0.054946610829712875
987	0	0	0.6900874759583647
987	0	1	0.657367125372686
987	0	2	0.4778696505733121
987	1	0	0.3983878053987038
987	1	1	0.09457322574694461
987	1	2	0.1233857715300882
988	0	0	0.5746655328168441
988	0	1	0.555710824017693
988	0	2	0.44072262709714355
988	1	0	0.4529591068010693
988	1	1	0.11930516611148906
988	1	2	0.11701455423875513
989	0	0	0.637300675945965
989	0	1	0.5875043183750812
989	0	2	0.4654683373678641
989	1	0	0.4603177750629214
989	1	1	0.08054940997569597
989	1	2	0.09029484476810162
990	0	0	0.636906688311282
990	0	1	0.6214337576540087
990	0	2	0.4903507695165698
990	1	0	0.48087003434960873
990	1	1	0.06989211734225283
990	1	2	0.06942900502094362
991	0	0	0.5811609303951233
991	0	1	0.6178126934830024
991	0	2	0.4853625657350287
991	1	0	0.44838290359929917
991	1	1	0.041300347360165635
991	1	2	0.042014633023495354
992	0	0	0.5885998663195098
992	0	1	0.5815645797161397
992	0	2	0.46272631704012435
992	1	0	0.4852703944751111
992	1	1	0.01887652029699141
992	1	2	0.03564662068420413
993	0	0	0.6058153487433002
993	0	1	0.593841807019371
993	0	2	0.4626455279414311
993	1	0	0.44904414387922253
993	1	1	0.03964022081435502
993	1	2	0.038395047958111134
994	0	0	0.5276696721898378
994	0	1	0.5569735047393085
994	0	2	0.4767916826135784
994	1	0	0.49808067790198257
994	1	1	0.03535682692801169
994	1	2	0.0357452219507884
995	0	0	0.5553557167704137
995	0	1	0.5346840775315754
995	0	2	0.43128002898672957
995	1	0	0.320855570985477
995	1	1	0.029672894006389006
995	1	2	0.030015854145447635
996	0	0	0.5960551715583127
996	0	1	0.5254438667793209
996	0	2	0.37273444852128645
996	1	0	0.47782887613077396
996	1	1	0.03542339243328589
996	1	2	0.03540826311356726
997	0	0	0.6266199117539392
997	0	1	0.6179440701890349
997	0	2	0.4525697874668261
997	1	0	0.4412607342671275
997	1	1	0.03764037832362502
997	1	2	0.0638976022236452
998	0	0	0.6751371824373804
998	0	1	0.6449875074025474
998	0	2	0.45645260180873265
998	1	0	0.4037966667475565
998	1	1	0.05944795337952444
998	1	2	0.059450907018914395
999	0	0	0.48996197106819384
999	0	1	0.48996197106819384
999	0	2	0.4355782916645834
999	1	0	0.4344214730465039
999	1	1	0.031178790618121635
999	1	2	0.031178705019004077
1000	0	0	0.48051888765387324
1000	0	1	0.48051888765387324
1000	0	2	0.458910486971197
1000	1	0	0.4624071616433776
1000	1	1	0.07740182144051813
1000	1	2	0.07740175279627222
1001	0	0	0.49573074549617857
1001	0	1	0.49573074549617857
1001	0	2	0.48450073500843066
1001	1	0	0.36096255643407194
1001	1	1	0.03091426126915736
1001	1	2	0.030914214727397638
1002	0	0	0.48902110011560346
1002	0	1	0.48902110011560346
1002	0	2	0.36645453812835155
1002	1	0	0.44771117961377366
1002	1	1	0.04556180483816431
1002	1	2	0.04556173997106219
1003	0	0	0.47733387731833193
1003	0	1	0.47659715022191307
1003	0	2	0.34694031528637487
1003	1	0	0.4538110623051332
1003	1	1	0.07513306710469962
1003	1	2	0.07513298344881388
1004	0	0	0.4942338685340022
1004	0	1	0.4693803311764588
1004	0	2	0.44780132246533927
1004	1	0	0.3476142389359639
1004	1	1	0.02955522583185828
1004	1	2	0.029555225831607107
1005	0	0	0.4870622539272068
1005	0	1	0.4870622539272068
1005	0	2	0.35885082524656303
1005	1	0	0.4565853549451136
1005	1	1	0.08870646723047321
1005	1	2	0.088706467065681
1006	0	0	0.49477931165495487
1006	0	1	0.49477931165495487
1006	0	2	0.49145380596376914
1006	1	0	0.42100369999627413
1006	1	1	0.035835186927507034
1006	1	2	0.0358351342150514
1007	0	0	0.4985885246846897
1007	0	1	0.4921037592821869
1007	0	2	0.47730309815294975
1007	1	0	0.46691594713080303
1007	1	1	0.09156136182643652
1007	1	2	0.09156136167325049
1008	0	0	0.488206157506705
1008	0	1	0.47884588739484923
1008	0	2	0.4648037589283653
1008	1	0	0.4618381031225964
1008	1	1	0.08874252686747318
1008	1	2	0.08857237700661154
1009	0	0	0.47885611026153563
1009	0	1	0.47885611026153563
1009	0	2	0.4493120112717275
1009	1	0	0.33115247498157707
1009	1	1	0.07984370409330271
1009	1	2	0.07984362207832156
1010	0	0	0.48517566423782577
1010	0	1	0.48517566423782577
1010	0	2	0.39489539376993193
1010	1	0	0.4513594690292719
1010	1	1	0.04744088397790046
1010	1	2	0.047440883975027506
1011	0	0	0.4860178783441901
1011	0	1	0.4860178783441901
1011	0	2	0.458688891968293
1011	1	0	0.42285716302469356
1011	1	1	0.03157766395912674
1011	1	2	0.03157758174251489
1012	0	0	0.49380531497989555
1012	0	1	0.47671695846699186
1012	0	2	0.4591393008285129
1012	1	0	0.44780165095842794
1012	1	1	0.07270131916690133
1012	1	2	0.0723353218646694
1013	0	0	0.49336079048800624
1013	0	1	0.49336079048800624
1013	0	2	0.4481612699849739
1013	1	0	0.4661209661139798
1013	1	1	0.10006584032943068
1013	1	2	0.10006584014471319
1014	0	0	0.4984329782863024
1014	0	1	0.4984329782863024
1014	0	2	0.4984329782863024
1014	1	0	0.486342002595961
1014	1	1	0.094877107403648
1014	1	2	0.0948770159969048
1015	0	0	0.49292930806803836
1015	0	1	0.49292930806803836
1015	0	2	0.4295582674223451
1015	1	0	0.46461688528438544
1015	1	1	0.040970555450823135
1015	1	2	0.040970555449125534
1016	0	0	0.6160339716383079
1016	0	1	0.5676513123906093
1016	0	2	0.4814253506675008
1016	1	0	0.407419817591254
1016	1	1	0.04224237473649896
1016	1	2	0.04222806325321388
1017	0	0	0.6111092800491265
1017	0	1	0.6079234582025235
1017	0	2	0.47069624540319244
1017	1	0	0.4527821694839922
1017	1	1	0.03890078253144508
1017	1	2	0.03845442911962149
1018	0	0	0.6249026051614263
1018	0	1	0.6166946151164907
1018	0	2	0.41059172604776084
1018	1	0	0.45245328858089634
1018	1	1	0.028417185391823835
1018	1	2	0.02842009079107359
1019	0	0	0.5595858405226367
1019	0	1	0.5595815527764461
1019	0	2	0.39049352941125703
1019	1	0	0.47648966763654055
1019	1	1	0.044276074902393936
1019	1	2	0.04420972757620735
1020	0	0	0.6091172018791676
1020	0	1	0.5973168812900549
1020	0	2	0.4618247475510113
1020	1	0	0.45024280994146704
1020	1	1	0.13125765139597875
1020	1	2	0.13125774360193987
1021	0	0	0.622010620305794
1021	0	1	0.622010620305794
1021	0	2	0.4445896400239802
1021	1	0	0.4473588644906148
1021	1	1	0.051282219598107304
1021	1	2	0.05007303332963833
1022	0	0	0.6247207451601591
1022	0	1	0.5951545454888468
1022	0	2	0.4717922440155563
1022	1	0	0.3812105878917683
1022	1	1	0.03187855691483074
1022	1	2	0.03186546530897637
1023	0	0	0.536967423438136
1023	0	1	0.5373190042131388
1023	0	2	0.39471145930284823
1023	1	0	0.4047317454295314
1023	1	1	0.04508361329775448
1023	1	2	0.04516729886908896
1024	0	0	0.6915005027246024
1024	0	1	0.6575648963902274
1024	0	2	0.4821669265508569
1024	1	0	0.4457937703995301
1024	1	1	0.028984053230429227
1024	1	2	0.028983395634256698
1025	0	0	0.5053496057130782
1025	0	1	0.5229713935446693
1025	0	2	0.4138795041036123
1025	1	0	0.4599125329364505
1025	1	1	0.06280197529816128
1025	1	2	0.0640371541530074
1026	0	0	0.5684846966444356
1026	0	1	0.5646932543851441
1026	0	2	0.4683429808265699
1026	1	0	0.44330546607605714
1026	1	1	0.03628194190470724
1026	1	2	0.03687288584501146
1027	0	0	0.6177521685716577
1027	0	1	0.6156658792026978
1027	0	2	0.2398298349241681
1027	1	0	0.44544145005019287
1027	1	1	0.10579977206552656
1027	1	2	0.12388220827893986
1028	0	0	0.6206362615583689
1028	0	1	0.6118564727969638
1028	0	2	0.48688089412470026
1028	1	0	0.4604607317873642
1028	1	1	0.027750144418675668
1028	1	2	0.027152813778244203
1029	0	0	0.5809526101869559
1029	0	1	0.575087967351702
1029	0	2	0.406177497077739
1029	1	0	0.42017442167722374
1029	1	1	0.03171583473637819
1029	1	2	0.03203256433796274
1030	0	0	0.5938330284981257
1030	0	1	0.5938330284960985
1030	0	2	0.45796753159760284
1030	1	0	0.365392674252216
1030	1	1	0.020608393389142207
1030	1	2	0.02103388754852252
1031	0	0	0.6131176056142864
1031	0	1	0.6212676504677064
1031	0	2	0.4451509720508363
1031	1	0	0.42281729278751495
1031	1	1	0.04077864463016374
1031	1	2	0.04201544154631444
1032	0	0	0.6248445884639675
1032	0	1	0.6141523382498966
1032	0	2	0.45153633464116877
1032	1	0	0.49786609138737703
1032	1	1	0.04106263110733761
1032	1	2	0.042510577465986105
1033	0	0	0.49799903630220693
1033	0	1	0.49799903630220693
1033	0	2	0.3553434004227704
1033	1	0	0.4972004838252654
1033	1	1	0.058186757091000435
1033	1	2	0.05818669444474313
1034	0	0	0.49378411556825463
1034	0	1	0.4760676788946745
1034	0	2	0.4311267851247112
1034	1	0	0.332203450863873
1034	1	1	0.030066467146185646
1034	1	2	0.030175194804737626
1035	0	0	0.4900088757258371
1035	0	1	0.4865476182664666
1035	0	2	0.40685932226971394
1035	1	0	0.47700100005779184
1035	1	1	0.03969380276237258
1035	1	2	0.039693757154268136
1036	0	0	0.4869708992159361
1036	0	1	0.4849211113511952
1036	0	2	0.423683801150837
1036	1	0	0.4051520871008709
1036	1	1	0.03446799077091285
1036	1	2	0.03455827585586427
1037	0	0	0.4916983067028022
1037	0	1	0.48536681702489765
1037	0	2	0.38134950579261145
1037	1	0	0.4597682522396136
1037	1	1	0.05840646613506724
1037	1	2	0.05840646605798175
1038	0	0	0.48328619053534955
1038	0	1	0.46806825961151416
1038	0	2	0.4201621802374155
1038	1	0	0.35816733128067163
1038	1	1	0.043001242438109405
1038	1	2	0.04300436519624952
1039	0	0	0.4897715925078058
1039	0	1	0.4897715925078058
1039	0	2	0.4388637108317782
1039	1	0	0.44104450868951967
1039	1	1	0.03061393008831466
1039	1	2	0.030613930088004823
1040	0	0	0.49476526219360867
1040	0	1	0.49476526219360867
1040	0	2	0.48130331145930627
1040	1	0	0.40768775858276257
1040	1	1	0.021421567862647595
1040	1	2	0.021459400841106188
1041	0	0	0.49575897191088364
1041	0	1	0.49575897191088364
1041	0	2	0.4851613015164587
1041	1	0	0.47357618659916506
1041	1	1	0.06469642552055539
1041	1	2	0.06469642551614266
1042	0	0	0.49480611481858505
1042	0	1	0.49480611481858505
1042	0	2	0.4675220159921696
1042	1	0	0.477928076909364
1042	1	1	0.03212672732280328
1042	1	2	0.032126682243137444
1043	0	0	0.48930822230712034
1043	0	1	0.4886084199638784
1043	0	2	0.48254536809073423
1043	1	0	0.48034822566391866
1043	1	1	0.05654959450616914
1043	1	2	0.056549594445219425
1044	0	0	0.49592586174205366
1044	0	1	0.48965961066610786
1044	0	2	0.418678848158029
1044	1	0	0.46088945808411125
1044	1	1	0.12150946975470853
1044	1	2	0.12150946948441473
1045	0	0	0.4980265744287283
1045	0	1	0.4822845287537009
1045	0	2	0.43178355710001537
1045	1	0	0.457876540551229
1045	1	1	0.03808285498320815
1045	1	2	0.03808524882237464
1046	0	0	0.49015767452025144
1046	0	1	0.49015767452025144
1046	0	2	0.4520514671908643
1046	1	0	0.43831205804718953
1046	1	1	0.1408621554868581
1046	1	2	0.14086215519388604
1047	0	0	0.490801419907464
1047	0	1	0.490801419907464
1047	0	2	0.4749533529221579
1047	1	0	0.4640084271535252
1047	1	1	0.037048785595822975
1047	1	2	0.03704869797506427
1048	0	0	0.49381024719824385
1048	0	1	0.4846120985769927
1048	0	2	0.43620982551785764
1048	1	0	0.37895495368016757
1048	1	1	0.02033123356061997
1048	1	2	0.020414062777554823
1049	0	0	0.4968249725795053
1049	0	1	0.4812695872943045
1049	0	2	0.45319533602037243
1049	1	0	0.37967982250576515
1049	1	1	0.035239092468776406
1049	1	2	0.03523907089016322
1050	0	0	0.4901228592865184
1050	0	1	0.49012284225298897
1050	0	2	0.4360812692014546
1050	1	0	0.4390801362159473
1050	1	1	0.03208301379387081
1050	1	2	0.0320829639563103
1051	0	0	0.5093105820397538
1051	0	1	0.4940663757070137
1051	0	2	0.46749144211357774
1051	1	0	0.40151066260796936
1051	1	1	0.031692577514192966
1051	1	2	0.03169250959125097
1052	0	0	0.4923949810935613
1052	0	1	0.4923948994185979
1052	0	2	0.37263832503034466
1052	1	0	0.46809437000800336
1052	1	1	0.03303226982185045
1052	1	2	0.033032201764296
1053	0	0	0.5622503378192774
1053	0	1	0.49196280256377156
1053	0	2	0.3892376377904416
1053	1	0	0.48394478826011855
1053	1	1	0.158697156936289
1053	1	2	0.1586970877096925
1054	0	0	0.47558864432764836
1054	0	1	0.47509098443454784
1054	0	2	0.4805121755489644
1054	1	0	0.46503926879702373
1054	1	1	0.047003564001643
1054	1	2	0.04700639721990839
1055	0	0	0.49003788875807924
1055	0	1	0.5051364781275214
1055	0	2	0.4222920814200641
1055	1	0	0.4231690178973707
1055	1	1	0.02519680183042948
1055	1	2	0.02519669415041617
1056	0	0	0.496215225284797
1056	0	1	0.49621457160547916
1056	0	2	0.43139184354626614
1056	1	0	0.42647396326195036
1056	1	1	0.037370828744965695
1056	1	2	0.0373708287479837
1057	0	0	0.5156924941402926
1057	0	1	0.5160458191422732
1057	0	2	0.4456023624599246
1057	1	0	0.34471387631992634
1057	1	1	0.029610020209600046
1057	1	2	0.029667125728332744
1058	0	0	0.5135207610416922
1058	0	1	0.5135234120300304
1058	0	2	0.4423668819283149
1058	1	0	0.4923136682952932
1058	1	1	0.06434070925381202
1058	1	2	0.06433915347671827
1059	0	0	0.4976749071638842
1059	0	1	0.4977375246960188
1059	0	2	0.43956895114487227
1059	1	0	0.46920227396859543
1059	1	1	0.08632340807829675
1059	1	2	0.08632345915153149
1060	0	0	0.479212253534157
1060	0	1	0.47644586343207285
1060	0	2	0.4079784939545015
1060	1	0	0.47809879466187916
1060	1	1	0.036861336776187886
1060	1	2	0.0368613170933723
1061	0	0	0.5297635747038676
1061	0	1	0.520370003662054
1061	0	2	0.4270818797810845
1061	1	0	0.47849007285068185
1061	1	1	0.16996474316986
1061	1	2	0.16996474280699558
1062	0	0	0.5896772496131328
1062	0	1	0.5999939657821172
1062	0	2	0.386402757216611
1062	1	0	0.41486443363007974
1062	1	1	0.07573115372711348
1062	1	2	0.07573074772135618
1063	0	0	0.498939607406894
1063	0	1	0.5063334149102868
1063	0	2	0.4208359006080453
1063	1	0	0.46794927247239104
1063	1	1	0.026659417824111714
1063	1	2	0.02665932239781514
1064	0	0	0.5018099744481417
1064	0	1	0.5010781048883052
1064	0	2	0.4746761533879921
1064	1	0	0.3973353793040618
1064	1	1	0.018865582821198087
1064	1	2	0.018864851973230512
1065	0	0	0.5924053679676085
1065	0	1	0.5685612879576833
1065	0	2	0.36685576592050784
1065	1	0	0.4215556424325537
1065	1	1	0.03538725869723769
1065	1	2	0.03522408156458004
1066	0	0	0.6319922342649026
1066	0	1	0.6321964726442493
1066	0	2	0.4721332199892382
1066	1	0	0.45681507183029546
1066	1	1	0.04733800266760313
1066	1	2	0.047431844981545304
1067	0	0	0.6238667786085879
1067	0	1	0.6206802922224395
1067	0	2	0.4812595966026658
1067	1	0	0.3955029882970139
1067	1	1	0.08778634293850375
1067	1	2	0.1242627164139993
1068	0	0	0.6239119134589205
1068	0	1	0.6232035125271769
1068	0	2	0.452174831033419
1068	1	0	0.4007668355459383
1068	1	1	0.24977629906594495
1068	1	2	0.24402928116088757
1069	0	0	0.6106262714263087
1069	0	1	0.6071240162476836
1069	0	2	0.4127118634789586
1069	1	0	0.440626306912133
1069	1	1	0.04680104092814656
1069	1	2	0.04516193641075081
1070	0	0	0.6372262891974383
1070	0	1	0.5842127406354123
1070	0	2	0.48361382787617047
1070	1	0	0.41810168428600436
1070	1	1	0.07486251189928013
1070	1	2	0.07736922186174269
1071	0	0	0.6265047963746859
1071	0	1	0.6171612938580864
1071	0	2	0.45358223802438635
1071	1	0	0.3859989662733954
1071	1	1	0.04958189184001427
1071	1	2	0.0800475891946007
1072	0	0	0.6533886029845088
1072	0	1	0.6529223806734885
1072	0	2	0.4797138093626673
1072	1	0	0.36913713289860883
1072	1	1	0.03344031030045112
1072	1	2	0.03178851410711127
1073	0	0	0.6331863441325177
1073	0	1	0.6334227471590628
1073	0	2	0.42153712352215666
1073	1	0	0.42580043014233826
1073	1	1	0.024196820878127842
1073	1	2	0.020466672886668494
1074	0	0	0.6598749032344937
1074	0	1	0.668781975442507
1074	0	2	0.47801525424183894
1074	1	0	0.4675252928006277
1074	1	1	0.05424455639229607
1074	1	2	0.09464692281795284
1075	0	0	0.6416804904768307
1075	0	1	0.6421569567193739
1075	0	2	0.362538918784302
1075	1	0	0.44780665121722574
1075	1	1	0.05437279037854324
1075	1	2	0.05548049066660393
1076	0	0	0.6187007343819307
1076	0	1	0.6172427555154151
1076	0	2	0.48122199974713764
1076	1	0	0.4282554026999531
1076	1	1	0.03210994113368881
1076	1	2	0.04275545228978532
1077	0	0	0.6467816392804573
1077	0	1	0.6471506942256102
1077	0	2	0.45451099734292727
1077	1	0	0.41176269906450397
1077	1	1	0.030490467064567095
1077	1	2	0.03632006805362585
1078	0	0	0.6454432163614149
1078	0	1	0.647226203097359
1078	0	2	0.46431293279249064
1078	1	0	0.4013921710049057
1078	1	1	0.05393095471904445
1078	1	2	0.05469789259591634
1079	0	0	0.6180087627463524
1079	0	1	0.6224661987691598
1079	0	2	0.4402981397989414
1079	1	0	0.44979267632125686
1079	1	1	0.04833178142784823
1079	1	2	0.048331975275293496
1080	0	0	0.635879028689899
1080	0	1	0.6352359142909245
1080	0	2	0.3599024477595897
1080	1	0	0.43607533853720315
1080	1	1	0.2270123763249875
1080	1	2	0.22690084731970556
1081	0	0	0.6082758234942975
1081	0	1	0.6069633715483149
1081	0	2	0.4481293400138767
1081	1	0	0.44614762951010417
1081	1	1	0.04208575536024178
1081	1	2	0.04162474774220315
1082	0	0	0.6081820621247143
1082	0	1	0.5700696061710028
1082	0	2	0.40411497538014574
1082	1	0	0.4071322577250593
1082	1	1	0.0432382776735549
1082	1	2	0.04055126274038004
1083	0	0	0.654087998833659
1083	0	1	0.6406357307433761
1083	0	2	0.3677195091342862
1083	1	0	0.4727042478928563
1083	1	1	0.07855358739796281
1083	1	2	0.13336614337277836
1084	0	0	0.6375897679770873
1084	0	1	0.5993289388613201
1084	0	2	0.44803869623835807
1084	1	0	0.4225047605871945
1084	1	1	0.05644247612798686
1084	1	2	0.056442289461606385
1085	0	0	0.6243056861979364
1085	0	1	0.5868243459556527
1085	0	2	0.4383394792454663
1085	1	0	0.41614325921604345
1085	1	1	0.02396901031193542
1085	1	2	0.04838934809660793
1086	0	0	0.6426807712977112
1086	0	1	0.623426914991658
1086	0	2	0.4836391853507399
1086	1	0	0.38359426540950253
1086	1	1	0.23281267935834618
1086	1	2	0.2417459761515547
1087	0	0	0.5678768923078932
1087	0	1	0.5703732314902008
1087	0	2	0.4767972738442586
1087	1	0	0.4602227554380333
1087	1	1	0.07977756767161524
1087	1	2	0.07900973508518855
1088	0	0	0.6253935790741704
1088	0	1	0.6225582557671541
1088	0	2	0.4349944714904096
1088	1	0	0.42734435589359676
1088	1	1	0.09134704981673956
1088	1	2	0.09134695885335513
1089	0	0	0.6219179018139832
1089	0	1	0.6068270856110966
1089	0	2	0.47793874200727776
1089	1	0	0.490750262342538
1089	1	1	0.09187115574015486
1089	1	2	0.09188139533588341
1090	0	0	0.6486749579224873
1090	0	1	0.6015817775255847
1090	0	2	0.4453431302766927
1090	1	0	0.4016198606888182
1090	1	1	0.09818573404081932
1090	1	2	0.1228469240121489
1091	0	0	0.5960802141933411
1091	0	1	0.6057144411889062
1091	0	2	0.4831108774928342
1091	1	0	0.45523233508962924
1091	1	1	0.1025024051975595
1091	1	2	0.10309981121007923
1092	0	0	0.6247031492017823
1092	0	1	0.6061590126121814
1092	0	2	0.3875963422232711
1092	1	0	0.4226904436947848
1092	1	1	0.13978338741197296
1092	1	2	0.14885164938509277
1093	0	0	0.6634147327315181
1093	0	1	0.6431321814951976
1093	0	2	0.507641326646328
1093	1	0	0.4464912509470342
1093	1	1	0.10827964271282768
1093	1	2	0.10960549098233195
1094	0	0	0.632983890824955
1094	0	1	0.6140379934894424
1094	0	2	0.5020933646289911
1094	1	0	0.3196228239161687
1094	1	1	0.045754739857270174
1094	1	2	0.04593516569389178
1095	0	0	0.6673361526510744
1095	0	1	0.6495878900119494
1095	0	2	0.46555735569605317
1095	1	0	0.4016587592973895
1095	1	1	0.05634839103304416
1095	1	2	0.05664080451209351
1096	0	0	0.6592545862520829
1096	0	1	0.6545226854262184
1096	0	2	0.44276104691997487
1096	1	0	0.4898920763890153
1096	1	1	0.07279053931016935
1096	1	2	0.0663039396911562
1097	0	0	0.6179850739506594
1097	0	1	0.6188960035389722
1097	0	2	0.47015528293821574
1097	1	0	0.4866571506684191
1097	1	1	0.155189170950473
1097	1	2	0.15518917962157303
1098	0	0	0.6576275711290513
1098	0	1	0.6151455087652012
1098	0	2	0.43537460635267755
1098	1	0	0.4341234607271345
1098	1	1	0.04746412345610472
1098	1	2	0.047471864411117864
1099	0	0	0.669875605897499
1099	0	1	0.6059331808528269
1099	0	2	0.4750698419168119
1099	1	0	0.4449577839099731
1099	1	1	0.09206329955391536
1099	1	2	0.09205990113497724
1100	0	0	0.6106424258738788
1100	0	1	0.5170534560718769
1100	0	2	0.47615378941472
1100	1	0	0.448816965829312
1100	1	1	0.026352702494557026
1100	1	2	0.0258590679231349
1101	0	0	0.828606722883938
1101	0	1	0.7114272628564096
1101	0	2	0.3824899173843024
1101	1	0	0.4604857097621549
1101	1	1	0.033397231413292885
1101	1	2	0.033795450580519165
1102	0	0	0.6210060908018395
1102	0	1	0.6213945302723314
1102	0	2	0.47068336002097944
1102	1	0	0.4825858015933245
1102	1	1	0.07558613385062846
1102	1	2	0.0756790224597239
1103	0	0	0.6555060730837584
1103	0	1	0.6555060752486295
1103	0	2	0.4784053667146684
1103	1	0	0.4756092323950203
1103	1	1	0.03124950104135575
1103	1	2	0.03130968062808352
1104	0	0	0.6202381713234397
1104	0	1	0.5884706248637808
1104	0	2	0.42410798879052936
1104	1	0	0.4686243045322685
1104	1	1	0.03747698496781422
1104	1	2	0.03747700075006445
1105	0	0	0.6404502221502036
1105	0	1	0.6139492219911998
1105	0	2	0.4373035137463225
1105	1	0	0.4553659412605658
1105	1	1	0.030025517598197646
1105	1	2	0.02993014499689159
1106	0	0	0.5845906450470701
1106	0	1	0.5974130816192595
1106	0	2	0.3798508879148613
1106	1	0	0.4765224036471673
1106	1	1	0.08043802000091815
1106	1	2	0.08056812983137383
1107	0	0	0.6113160986944344
1107	0	1	0.5785229329385134
1107	0	2	0.4825201089536192
1107	1	0	0.4407662973633214
1107	1	1	0.03285498451731117
1107	1	2	0.03301896483308901
1108	0	0	0.5356175284849843
1108	0	1	0.5350222014086568
1108	0	2	0.39332602772815217
1108	1	0	0.4428675109043182
1108	1	1	0.0510772468797932
1108	1	2	0.05097950565149363
1109	0	0	0.6011604745627511
1109	0	1	0.5958751208808317
1109	0	2	0.43817012885657813
1109	1	0	0.4230070168652612
1109	1	1	0.052434252941613246
1109	1	2	0.0523692016032431
1110	0	0	0.7493120891473006
1110	0	1	0.7294163072190786
1110	0	2	0.4364744639004077
1110	1	0	0.48579334484893877
1110	1	1	0.042240135347251864
1110	1	2	0.04223295709294893
1111	0	0	0.544350477969169
1111	0	1	0.5241918406529209
1111	0	2	0.3193996503330473
1111	1	0	0.36523133867513974
1111	1	1	0.09073150423539113
1111	1	2	0.0907315064798763
1112	0	0	0.6507659908990253
1112	0	1	0.6023007321985558
1112	0	2	0.4170292431850917
1112	1	0	0.44974734286830276
1112	1	1	0.039617908889594114
1112	1	2	0.03961674547494003
1113	0	0	0.6218349832009495
1113	0	1	0.6236220395613484
1113	0	2	0.4864046102738954
1113	1	0	0.46813766028288195
1113	1	1	0.042318799235175106
1113	1	2	0.11368989078846332
1114	0	0	0.6074964793702029
1114	0	1	0.5995171137871675
1114	0	2	0.47430904067443824
1114	1	0	0.4890254754009318
1114	1	1	0.05945138534800673
1114	1	2	0.059450748630683864
1115	0	0	0.6359724852958544
1115	0	1	0.6348558188959255
1115	0	2	0.45516470357409355
1115	1	0	0.41720351437785413
1115	1	1	0.07157392065103553
1115	1	2	0.07915215122653227
1116	0	0	0.673384928488737
1116	0	1	0.6203201249425162
1116	0	2	0.3720146502049015
1116	1	0	0.48557123145836073
1116	1	1	0.035593380634294625
1116	1	2	0.031288310576023715
1117	0	0	0.5926448728331687
1117	0	1	0.6006872802012813
1117	0	2	0.47819564099259004
1117	1	0	0.36542614747276864
1117	1	1	0.06393187330882143
1117	1	2	0.0721223517427517
1118	0	0	0.6225022859503302
1118	0	1	0.6244518733470885
1118	0	2	0.47151024157487803
1118	1	0	0.33896188219712675
1118	1	1	0.028799514802069617
1118	1	2	0.02688721586601077
1119	0	0	0.6176366479921648
1119	0	1	0.6075131422020749
1119	0	2	0.40826930329539923
1119	1	0	0.4799351832952533
1119	1	1	0.033343959798557726
1119	1	2	0.038152667384354744
1120	0	0	0.6288617338477569
1120	0	1	0.6196642376299087
1120	0	2	0.42574522756255473
1120	1	0	0.46618172542618075
1120	1	1	0.03122679664840783
1120	1	2	0.06256909630718589
1121	0	0	0.5808889412985947
1121	0	1	0.56405837621671
1121	0	2	0.442342153905199
1121	1	0	0.47627141324050376
1121	1	1	0.04659700148664972
1121	1	2	0.04659350403565114
1122	0	0	0.6456882918519595
1122	0	1	0.6312861515667925
1122	0	2	0.4847631085078136
1122	1	0	0.4741872037237432
1122	1	1	0.0371578232291275
1122	1	2	0.0551778087840933
1123	0	0	0.6214128193981232
1123	0	1	0.668489993355931
1123	0	2	0.47893897878989705
1123	1	0	0.4715622644729301
1123	1	1	0.06455716125748188
1123	1	2	0.08534623418109005
1124	0	0	0.619536082226431
1124	0	1	0.6180290567123577
1124	0	2	0.4926592197562064
1124	1	0	0.384364008575621
1124	1	1	0.029926348262000427
1124	1	2	0.040511283440100326
1125	0	0	0.6254738083672824
1125	0	1	0.6222728502793561
1125	0	2	0.49222641191244487
1125	1	0	0.4268763852539382
1125	1	1	0.06973969958829192
1125	1	2	0.07521887272690203
1126	0	0	0.6167421218933724
1126	0	1	0.5488397937622121
1126	0	2	0.467314209092126
1126	1	0	0.4370816414906767
1126	1	1	0.049527088251077406
1126	1	2	0.04952709299313361
1127	0	0	0.635216374529701
1127	0	1	0.5995227085756292
1127	0	2	0.4742889462228801
1127	1	0	0.4473123983104187
1127	1	1	0.05356835323270667
1127	1	2	0.05268315036489257
1128	0	0	0.6473177503898349
1128	0	1	0.6429796558704203
1128	0	2	0.4611849106330709
1128	1	0	0.4717076606074183
1128	1	1	0.039525169098256915
1128	1	2	0.043021172842933525
1129	0	0	0.7311356685698824
1129	0	1	0.7412268848847694
1129	0	2	0.4064678104605579
1129	1	0	0.4383323618582807
1129	1	1	0.08246384671700865
1129	1	2	0.07821483163079576
1130	0	0	0.4930527330960754
1130	0	1	0.4930527330960754
1130	0	2	0.38421153485893417
1130	1	0	0.479144788840967
1130	1	1	0.049642324092693604
1130	1	2	0.04964632774731127
1131	0	0	0.4836172888240771
1131	0	1	0.4836172888240771
1131	0	2	0.4321573670733021
1131	1	0	0.40485055665520475
1131	1	1	0.02976148895666668
1131	1	2	0.029761423503868456
1132	0	0	0.49175763780230847
1132	0	1	0.49175763780230847
1132	0	2	0.46923300159971915
1132	1	0	0.4229548298891722
1132	1	1	0.03922205563812951
1132	1	2	0.039222055592160965
1133	0	0	0.5456454313004138
1133	0	1	0.5387744549369107
1133	0	2	0.4320113111288879
1133	1	0	0.39534478567079967
1133	1	1	0.04320455166333488
1133	1	2	0.043306087818715464
1134	0	0	0.6528191481631482
1134	0	1	0.6133848103949198
1134	0	2	0.4627182544334415
1134	1	0	0.42062616242236084
1134	1	1	0.0444897813331632
1134	1	2	0.06547911815260714
1135	0	0	0.5825274480089034
1135	0	1	0.5607119697001965
1135	0	2	0.43801631634262833
1135	1	0	0.4358848464467324
1135	1	1	0.038891018259000334
1135	1	2	0.0385526206484534
1136	0	0	0.583567532285093
1136	0	1	0.5686006943587927
1136	0	2	0.4393097820151618
1136	1	0	0.41439442139653876
1136	1	1	0.04063475510839555
1136	1	2	0.04068728641888848
1137	0	0	0.5988260813492103
1137	0	1	0.6184848829905689
1137	0	2	0.4738811675910052
1137	1	0	0.4768425058876486
1137	1	1	0.05564193801854522
1137	1	2	0.05564791230856311
1138	0	0	0.5984375612482251
1138	0	1	0.5588482742607173
1138	0	2	0.43632869481624026
1138	1	0	0.3949882571174062
1138	1	1	0.039390002214670275
1138	1	2	0.03929915501895573
1139	0	0	0.6215204358744066
1139	0	1	0.5615938840588066
1139	0	2	0.4727347024404496
1139	1	0	0.49734476472249434
1139	1	1	0.03601218054109545
1139	1	2	0.033824177791903845
1140	0	0	0.5780065155024752
1140	0	1	0.5659447919174629
1140	0	2	0.410522202034347
1140	1	0	0.4895504492972353
1140	1	1	0.04862123634261577
1140	1	2	0.04862048526357446
1141	0	0	0.5865943931780533
1141	0	1	0.5643042943929694
1141	0	2	0.4168323312139447
1141	1	0	0.4800120374830055
1141	1	1	0.1486396585198515
1141	1	2	0.1486358839244153
1142	0	0	0.5226452071205304
1142	0	1	0.5202280219801856
1142	0	2	0.4025156105246393
1142	1	0	0.48500214685608345
1142	1	1	0.035387899593325514
1142	1	2	0.03527453001366221
1143	0	0	0.5298572339003221
1143	0	1	0.5231528118441555
1143	0	2	0.4404965668967863
1143	1	0	0.4086029678381308
1143	1	1	0.032182840862299125
1143	1	2	0.03218262166372736
1144	0	0	0.5140408942133902
1144	0	1	0.49649744941968055
1144	0	2	0.4042691321243624
1144	1	0	0.44804302023529086
1144	1	1	0.07337201373633578
1144	1	2	0.07322439649736233
1145	0	0	0.6027433829534536
1145	0	1	0.6013590986849975
1145	0	2	0.4783115018011439
1145	1	0	0.42212377510346594
1145	1	1	0.05393242606474709
1145	1	2	0.05395245635462252
1146	0	0	0.5616725428668132
1146	0	1	0.5247762663872945
1146	0	2	0.45759355838432086
1146	1	0	0.43786900481971663
1146	1	1	0.06133390908510329
1146	1	2	0.061376722287149674
1147	0	0	0.5188195475669233
1147	0	1	0.5091469144866538
1147	0	2	0.4367746529107771
1147	1	0	0.48244582482147874
1147	1	1	0.03866242350110782
1147	1	2	0.03866563440744955
1148	0	0	0.5233635637740797
1148	0	1	0.5233636135411034
1148	0	2	0.41400655051924895
1148	1	0	0.4747951499853288
1148	1	1	0.036753465970731536
1148	1	2	0.037117980215752785
1149	0	0	0.5746302425827938
1149	0	1	0.4942308270161456
1149	0	2	0.47169859615224613
1149	1	0	0.44904342832540844
1149	1	1	0.03597573073841977
1149	1	2	0.03566320853800373
1150	0	0	0.5554852458841647
1150	0	1	0.5245453113130355
1150	0	2	0.4270552333587816
1150	1	0	0.4383676033925848
1150	1	1	0.03763449470768408
1150	1	2	0.03762791985410174
1151	0	0	0.5545533880465474
1151	0	1	0.5805289840867347
1151	0	2	0.4273121062252545
1151	1	0	0.4873353198996749
1151	1	1	0.024642424216514136
1151	1	2	0.024645370761819482
1152	0	0	0.5694897128809004
1152	0	1	0.5278632815124921
1152	0	2	0.27596512025642045
1152	1	0	0.46869378450476007
1152	1	1	0.15657047906349258
1152	1	2	0.15596494973969777
1153	0	0	0.5933381904600927
1153	0	1	0.5379060213346085
1153	0	2	0.49595016771418277
1153	1	0	0.4863822200686964
1153	1	1	0.04253210834500987
1153	1	2	0.042532623333511294
1154	0	0	0.5456653951928624
1154	0	1	0.5313069887342677
1154	0	2	0.41292230159139515
1154	1	0	0.4557787552279398
1154	1	1	0.061253943093162344
1154	1	2	0.06125269882305086
1155	0	0	0.5010865753853437
1155	0	1	0.49926790283898703
1155	0	2	0.4367833301403487
1155	1	0	0.4039870442053873
1155	1	1	0.03385018951537244
1155	1	2	0.033849546146364734
1156	0	0	0.4915655085502814
1156	0	1	0.4874921082169822
1156	0	2	0.4735609400739763
1156	1	0	0.4195359663333648
1156	1	1	0.030607948724745232
1156	1	2	0.03076156060492166
1157	0	0	0.5704336781946883
1157	0	1	0.5690235481614137
1157	0	2	0.43470291148515416
1157	1	0	0.4608312945294822
1157	1	1	0.04323583153036392
1157	1	2	0.04323851676467527
1158	0	0	0.5407587842644076
1158	0	1	0.5396097856965333
1158	0	2	0.45703985854335194
1158	1	0	0.47087410668688806
1158	1	1	0.13475028793471006
1158	1	2	0.1346458326644337
1159	0	0	0.6995143727953695
1159	0	1	0.6387996946646892
1159	0	2	0.40576026807677584
1159	1	0	0.4744205142171929
1159	1	1	0.03543662677093949
1159	1	2	0.03549263797404645
1160	0	0	0.4945139002560647
1160	0	1	0.49405964246110334
1160	0	2	0.4582859638667171
1160	1	0	0.4093843184967891
1160	1	1	0.0370052588023989
1160	1	2	0.03701158727434023
1161	0	0	0.5259624489819252
1161	0	1	0.4996039827180673
1161	0	2	0.48216755374621
1161	1	0	0.4865693406882398
1161	1	1	0.03910977771583414
1161	1	2	0.03840172304746339
1162	0	0	0.5783474682348283
1162	0	1	0.5689095573536376
1162	0	2	0.4483246056028685
1162	1	0	0.47978012327091085
1162	1	1	0.01923407204438142
1162	1	2	0.02055101670856624
1163	0	0	0.6724892385797241
1163	0	1	0.5731979887079026
1163	0	2	0.3754490658703594
1163	1	0	0.45047117814492893
1163	1	1	0.12339896697365275
1163	1	2	0.12336621646486733
1164	0	0	0.5654838067882881
1164	0	1	0.5620548024114597
1164	0	2	0.36099646189615564
1164	1	0	0.4624112047385531
1164	1	1	0.03324844238247916
1164	1	2	0.03283732290133293
1165	0	0	0.6178383987303238
1165	0	1	0.6149182361333928
1165	0	2	0.4522772208240639
1165	1	0	0.4622677324916145
1165	1	1	0.06279638214282444
1165	1	2	0.062287608322868615
1166	0	0	0.5510247374095771
1166	0	1	0.5497298580687329
1166	0	2	0.4160698448891245
1166	1	0	0.4801593526825555
1166	1	1	0.07938905265850542
1166	1	2	0.07939925290214804
1167	0	0	0.5011221607251504
1167	0	1	0.5014137412801467
1167	0	2	0.38422786590711144
1167	1	0	0.4454473670630993
1167	1	1	0.04282956232235638
1167	1	2	0.04282958708373383
1168	0	0	0.49961824711155445
1168	0	1	0.4871567926574845
1168	0	2	0.3775206624639901
1168	1	0	0.44896834782817263
1168	1	1	0.05904254985942481
1168	1	2	0.05904238482986891
1169	0	0	0.5041089350478372
1169	0	1	0.5251081532652733
1169	0	2	0.4417849873172479
1169	1	0	0.4801473304986802
1169	1	1	0.09879156914965051
1169	1	2	0.0988247083062248
1170	0	0	0.5870829201507499
1170	0	1	0.5866817233889947
1170	0	2	0.43911700705664564
1170	1	0	0.49006713056326284
1170	1	1	0.04213843453016963
1170	1	2	0.0441958328933441
1171	0	0	0.7099307394471082
1171	0	1	0.722003876478844
1171	0	2	0.3868208756781427
1171	1	0	0.42873924119235307
1171	1	1	0.04037210514765491
1171	1	2	0.04043942918496278
1172	0	0	0.5223256725987484
1172	0	1	0.5172469142345559
1172	0	2	0.4361611065989771
1172	1	0	0.4839812326564847
1172	1	1	0.09338824200579067
1172	1	2	0.09339681671072633
1173	0	0	0.6551679509391041
1173	0	1	0.6140866368124716
1173	0	2	0.4338482049673578
1173	1	0	0.4916401879630543
1173	1	1	0.030422403633252895
1173	1	2	0.029133013134968896
1174	0	0	0.5144099888284889
1174	0	1	0.5145094064853857
1174	0	2	0.4368119587551428
1174	1	0	0.4256031097631532
1174	1	1	0.08934317814074277
1174	1	2	0.08953177686699477
1175	0	0	0.5794655330951783
1175	0	1	0.5570960152873001
1175	0	2	0.4068041597834246
1175	1	0	0.4210570154370628
1175	1	1	0.04257870022626001
1175	1	2	0.042571552892651895
1176	0	0	0.6024664011721566
1176	0	1	0.5795134806935203
1176	0	2	0.44690541872408274
1176	1	0	0.40288621476690084
1176	1	1	0.02725242989647582
1176	1	2	0.028656851706275924
1177	0	0	0.6386384869072688
1177	0	1	0.6390782100635558
1177	0	2	0.4691568886390126
1177	1	0	0.43723010577170507
1177	1	1	0.042364282728509256
1177	1	2	0.04629175429572953
1178	0	0	0.6875997344795421
1178	0	1	0.6397043185778275
1178	0	2	0.4558304423155791
1178	1	0	0.4653715044273248
1178	1	1	0.04420693827484949
1178	1	2	0.046521811295359414
1179	0	0	0.6201800934783992
1179	0	1	0.615467221884789
1179	0	2	0.47166402753087106
1179	1	0	0.4725186980163231
1179	1	1	0.05441014872967899
1179	1	2	0.055472512939326396
1180	0	0	0.8784166023413564
1180	0	1	0.8440018038849716
1180	0	2	0.4100117611604972
1180	1	0	0.33743909512026715
1180	1	1	0.024091126510246627
1180	1	2	0.056613466019383635
1181	0	0	0.5278850840820386
1181	0	1	0.5228991777783467
1181	0	2	0.4435288427325068
1181	1	0	0.43133761568841406
1181	1	1	0.059773728506635565
1181	1	2	0.060988339369228886
1182	0	0	0.746590021355179
1182	0	1	0.7284621881984232
1182	0	2	0.4813149254701052
1182	1	0	0.43813275184756095
1182	1	1	0.048966705517882
1182	1	2	0.07276781228316284
1183	0	0	0.6833373101727094
1183	0	1	0.6482504425534716
1183	0	2	0.48374229919779055
1183	1	0	0.44928429671904874
1183	1	1	0.06446935395080224
1183	1	2	0.08071737283401263
1184	0	0	0.7131109238806013
1184	0	1	0.6732387461504092
1184	0	2	0.5012875993632343
1184	1	0	0.45508933030488635
1184	1	1	0.09739744134460818
1184	1	2	0.1159557885412295
1185	0	0	0.6343764262570863
1185	0	1	0.5518834128013597
1185	0	2	0.46411596962669577
1185	1	0	0.46500303922007424
1185	1	1	0.3970466000601259
1185	1	2	0.4302949885937705
1186	0	0	0.7162783436543615
1186	0	1	0.7024712685837234
1186	0	2	0.43467296823435175
1186	1	0	0.31651146973009286
1186	1	1	0.2687516207155505
1186	1	2	0.27825739060530325
1187	0	0	0.5856868221760534
1187	0	1	0.5815289664182746
1187	0	2	0.4539546802189134
1187	1	0	0.4730228401905456
1187	1	1	0.06781752421890658
1187	1	2	0.09224045976311712
1188	0	0	0.6400036295649877
1188	0	1	0.66678664586952
1188	0	2	0.47355915149372196
1188	1	0	0.45782097098036095
1188	1	1	0.1382761682609425
1188	1	2	0.2181215521744103
1189	0	0	0.5847164198942509
1189	0	1	0.6067986231014144
1189	0	2	0.5658266386093159
1189	1	0	0.4249332111861192
1189	1	1	0.03557827355987665
1189	1	2	0.0458090599128098
1190	0	0	0.6331955364183599
1190	0	1	0.6336369163170334
1190	0	2	0.4104621508271208
1190	1	0	0.4730602541948517
1190	1	1	0.32209742751027165
1190	1	2	0.314548407752609
1191	0	0	0.5800511911362465
1191	0	1	0.5782047154293826
1191	0	2	0.46847042735294975
1191	1	0	0.4636987254001497
1191	1	1	0.23853624147254804
1191	1	2	0.2347971794327731
1192	0	0	0.6300800779211012
1192	0	1	0.6072763844214082
1192	0	2	0.47876373813950485
1192	1	0	0.4173823792198958
1192	1	1	0.1929540026882997
1192	1	2	0.286786583153689
1193	0	0	0.7100414028080537
1193	0	1	0.6800205602754037
1193	0	2	0.46867961815920844
1193	1	0	0.4912229771652693
1193	1	1	0.14214243906917332
1193	1	2	0.22397050866524157
1194	0	0	0.49166043138126564
1194	0	1	0.49166043138126564
1194	0	2	0.3554534244709504
1194	1	0	0.47706266603833447
1194	1	1	0.08258816398477783
1194	1	2	0.08240214959615864
1195	0	0	0.4939895772967953
1195	0	1	0.4939895772967953
1195	0	2	0.4889092343242282
1195	1	0	0.40752947428546993
1195	1	1	0.03277915974232609
1195	1	2	0.03277901301729212
1196	0	0	0.4837799927450882
1196	0	1	0.4837799927450882
1196	0	2	0.43510551026346883
1196	1	0	0.41328217244465015
1196	1	1	0.1185590219882463
1196	1	2	0.11855902172938428
1197	0	0	0.49358961977539695
1197	0	1	0.48990053305263437
1197	0	2	0.4569138376879817
1197	1	0	0.4831717105054145
1197	1	1	0.024033694955881993
1197	1	2	0.02403358813944982
1198	0	0	0.48492060997471437
1198	0	1	0.48492060997471437
1198	0	2	0.3919469127992626
1198	1	0	0.42263232452321847
1198	1	1	0.02843194842918642
1198	1	2	0.028431948428402673
1199	0	0	0.49642342490415525
1199	0	1	0.49642342490415525
1199	0	2	0.49642342490415525
1199	1	0	0.46371050345267023
1199	1	1	0.05524889404795433
1199	1	2	0.05524880581366577
1200	0	0	0.4927398238399219
1200	0	1	0.4927398238399219
1200	0	2	0.4927398238399219
1200	1	0	0.3620370239159411
1200	1	1	0.02685697297429747
1200	1	2	0.02685697297409749
1201	0	0	0.4895303450617818
1201	0	1	0.4895303450617818
1201	0	2	0.4895303450617818
1201	1	0	0.45318199309581486
1201	1	1	0.03222606059528804
1201	1	2	0.03222597307743613
1202	0	0	0.4923565848870076
1202	0	1	0.4923565848870076
1202	0	2	0.3901589749032914
1202	1	0	0.428953170632157
1202	1	1	0.12195357289510857
1202	1	2	0.12195348903889916
1203	0	0	0.49188855613946575
1203	0	1	0.48840923786211077
1203	0	2	0.4569948921151251
1203	1	0	0.4821487620897813
1203	1	1	0.06941932638680444
1203	1	2	0.06941923459972577
1204	0	0	0.4950327844941459
1204	0	1	0.49252563147196765
1204	0	2	0.3598174738305575
1204	1	0	0.3986105392853688
1204	1	1	0.027829083311620068
1204	1	2	0.027829029050238374
1205	0	0	0.49565413400228264
1205	0	1	0.49565413400228264
1205	0	2	0.45838070847493967
1205	1	0	0.4807080541607617
1205	1	1	0.028494091497603333
1205	1	2	0.02849404315047928
1206	0	0	0.4932161251682081
1206	0	1	0.4932161251682081
1206	0	2	0.40757666733075454
1206	1	0	0.4129797841228531
1206	1	1	0.040269895425591895
1206	1	2	0.040270213553718556
1207	0	0	0.49318361548207684
1207	0	1	0.4688891005528142
1207	0	2	0.3704242260267566
1207	1	0	0.46730404284601945
1207	1	1	0.02569490714908608
1207	1	2	0.02575075007962349
1208	0	0	0.49583290600709795
1208	0	1	0.49583290600709795
1208	0	2	0.38119682325573706
1208	1	0	0.47673842702010577
1208	1	1	0.030392930387595996
1208	1	2	0.030392866824236753
1209	0	0	0.553268162821881
1209	0	1	0.5399453352668502
1209	0	2	0.47046279974235206
1209	1	0	0.4855176645916751
1209	1	1	0.05505107375455581
1209	1	2	0.05475799116814592
1210	0	0	0.4925102419887664
1210	0	1	0.4925102419887664
1210	0	2	0.4925102419887664
1210	1	0	0.37235284769800353
1210	1	1	0.13885522951335083
1210	1	2	0.13885522925242383
1211	0	0	0.49436347207733655
1211	0	1	0.47770464233971294
1211	0	2	0.45449591079241836
1211	1	0	0.45618411764126665
1211	1	1	0.04085539423481663
1211	1	2	0.040855394232105255
1212	0	0	0.4824612852112896
1212	0	1	0.4816342529965474
1212	0	2	0.417890423127065
1212	1	0	0.46902065019352546
1212	1	1	0.04954081822068626
1212	1	2	0.04954081821845055
1213	0	0	0.4964023417178217
1213	0	1	0.4882629918196713
1213	0	2	0.4856584994955004
1213	1	0	0.4808167943814565
1213	1	1	0.0641146610362735
1213	1	2	0.06411445596733693
1214	0	0	0.487525727718345
1214	0	1	0.487525727718345
1214	0	2	0.41624308334769117
1214	1	0	0.46746809937261646
1214	1	1	0.06658037198519715
1214	1	2	0.06658016026341279
1215	0	0	0.47293767976513734
1215	0	1	0.47293767976513734
1215	0	2	0.47273856982194024
1215	1	0	0.43193217452648974
1215	1	1	0.035622409038574165
1215	1	2	0.03562240903737096
1216	0	0	0.4994132123532585
1216	0	1	0.4967141025254434
1216	0	2	0.43135220365732074
1216	1	0	0.4265163183021992
1216	1	1	0.02667338623002348
1216	1	2	0.026751589888795446
1217	0	0	0.48831969034254286
1217	0	1	0.4864398364707809
1217	0	2	0.4216064349202465
1217	1	0	0.363034255798459
1217	1	1	0.027782498756631635
1217	1	2	0.027879073936400378
1218	0	0	0.49512913313971
1218	0	1	0.49512913313971
1218	0	2	0.44256226489562855
1218	1	0	0.43001407647989925
1218	1	1	0.06532699060441152
1218	1	2	0.06532699050234894
1219	0	0	0.495125318648046
1219	0	1	0.495125318648046
1219	0	2	0.4480743302581755
1219	1	0	0.4892569311693544
1219	1	1	0.1305979005923295
1219	1	2	0.13059785249630365
1220	0	0	0.4887902774735745
1220	0	1	0.4887902774735745
1220	0	2	0.40174509135858205
1220	1	0	0.44508248133169287
1220	1	1	0.02020630986794296
1220	1	2	0.020206309867732405
1221	0	0	0.4983945904539074
1221	0	1	0.49774508515559635
1221	0	2	0.442270737690241
1221	1	0	0.4719599124908016
1221	1	1	0.07269162824034839
1221	1	2	0.07269162823627456
1222	0	0	0.5025202765848308
1222	0	1	0.5005857780863487
1222	0	2	0.4650142982451456
1222	1	0	0.4888342857293305
1222	1	1	0.030515828472275172
1222	1	2	0.03051585262446689
1223	0	0	0.4876532578856703
1223	0	1	0.4876532578856703
1223	0	2	0.3756810681474006
1223	1	0	0.4418938415250775
1223	1	1	0.10086817150642534
1223	1	2	0.10086817131446973
1224	0	0	0.6407668265603507
1224	0	1	0.611472004708246
1224	0	2	0.3897560300695673
1224	1	0	0.42349192243311723
1224	1	1	0.021993481378375257
1224	1	2	0.021958218981538005
1225	0	0	0.4876949995007736
1225	0	1	0.4876949995007736
1225	0	2	0.38433808722546187
1225	1	0	0.48687498905740034
1225	1	1	0.04711515046437713
1225	1	2	0.04711515046154502
1226	0	0	0.550617262465519
1226	0	1	0.568741030314313
1226	0	2	0.4208821751745373
1226	1	0	0.4334201565278728
1226	1	1	0.04399391156965243
1226	1	2	0.0439939133113461
1227	0	0	0.4753813251338259
1227	0	1	0.4752433010138625
1227	0	2	0.43672213014684846
1227	1	0	0.4049300630691802
1227	1	1	0.023479827067914613
1227	1	2	0.023479827066366615
1228	0	0	0.49316086591670844
1228	0	1	0.4831005325248088
1228	0	2	0.38092127721491126
1228	1	0	0.45605064061960127
1228	1	1	0.018349234475005097
1228	1	2	0.018349234474568293
1229	0	0	0.6046660755773714
1229	0	1	0.5889829190647481
1229	0	2	0.458405290391369
1229	1	0	0.46589125649468266
1229	1	1	0.04946106255455837
1229	1	2	0.050323424831419786
1230	0	0	0.6962272360759321
1230	0	1	0.703667873380053
1230	0	2	0.47636414269368693
1230	1	0	0.4745122744897625
1230	1	1	0.14341942929048826
1230	1	2	0.1475184373957817
1231	0	0	0.5830966767905651
1231	0	1	0.5767298164697832
1231	0	2	0.41717615235628747
1231	1	0	0.42513420510055955
1231	1	1	0.07979954712980873
1231	1	2	0.07978819052552445
1232	0	0	0.7416456887049421
1232	0	1	0.6609607087011256
1232	0	2	0.4946852793717925
1232	1	0	0.4748562886598836
1232	1	1	0.12979885750101247
1232	1	2	0.13578817324086948
1233	0	0	0.7343340232972018
1233	0	1	0.669186740183148
1233	0	2	0.45795302136862925
1233	1	0	0.43814513154021373
1233	1	1	0.05698071295194665
1233	1	2	0.09924730315805456
1234	0	0	0.6445544650511363
1234	0	1	0.5559477377363471
1234	0	2	0.30677470658818373
1234	1	0	0.4051425485509469
1234	1	1	0.09938329318718667
1234	1	2	0.10767627474941503
1235	0	0	0.8814861015562069
1235	0	1	0.8816837529607352
1235	0	2	0.45933734559596917
1235	1	0	0.48656990516072485
1235	1	1	0.0398613212353649
1235	1	2	0.1074416923040508
1236	0	0	0.5565235386332905
1236	0	1	0.533230947919065
1236	0	2	0.4291903617484193
1236	1	0	0.48850628492825954
1236	1	1	0.29333613407214015
1236	1	2	0.2626865756276682
1237	0	0	0.6747554410337686
1237	0	1	0.6177810392140488
1237	0	2	0.44262816882905764
1237	1	0	0.4623294994937201
1237	1	1	0.1267777591166184
1237	1	2	0.17016335479955225
1238	0	0	0.5737596932047074
1238	0	1	0.5856944645348198
1238	0	2	0.462350818645914
1238	1	0	0.48556582416796557
1238	1	1	0.04461339967857811
1238	1	2	0.04825881140653482
1239	0	0	0.5924259885894843
1239	0	1	0.5404929960457632
1239	0	2	0.33587430441728966
1239	1	0	0.4895610651644485
1239	1	1	0.0414680209968836
1239	1	2	0.05086319558437988
1240	0	0	0.625015288478094
1240	0	1	0.5594263451022226
1240	0	2	0.47725618816434856
1240	1	0	0.4707344529666286
1240	1	1	0.055988745340421836
1240	1	2	0.05689064639572064
1241	0	0	0.7672662110360198
1241	0	1	0.6877178374238638
1241	0	2	0.4675030395675145
1241	1	0	0.4865004579618331
1241	1	1	0.03935099373303118
1241	1	2	0.05966755929872729
1242	0	0	0.7798578917848626
1242	0	1	0.7686396797715764
1242	0	2	0.4758012091795857
1242	1	0	0.48065687935981194
1242	1	1	0.15553837927630831
1242	1	2	0.09695594324846232
1243	0	0	0.6374237658888557
1243	0	1	0.6299195674337619
1243	0	2	0.4639926772336056
1243	1	0	0.402694131596206
1243	1	1	0.057237975320340695
1243	1	2	0.0904238259216509
1244	0	0	0.696800476786616
1244	0	1	0.6440785435135774
1244	0	2	0.48068602351439993
1244	1	0	0.41903345428845307
1244	1	1	0.046272376080688765
1244	1	2	0.04627344110926279
1245	0	0	0.5942545768413598
1245	0	1	0.6013673274439166
1245	0	2	0.4084435846878258
1245	1	0	0.47577311092608443
1245	1	1	0.17285055898265794
1245	1	2	0.17483780081049627
1246	0	0	0.8963928381240924
1246	0	1	0.6740719856406583
1246	0	2	0.48234717230607155
1246	1	0	0.47233401934042335
1246	1	1	0.03737305490624368
1246	1	2	0.0479429862978044
1247	0	0	0.8345909853378446
1247	0	1	0.7916674607569207
1247	0	2	0.40066652914451034
1247	1	0	0.4516254454200622
1247	1	1	0.09056642290810885
1247	1	2	0.20273139544498422
1248	0	0	0.6378855955876888
1248	0	1	0.6146883614544885
1248	0	2	0.4997883435506605
1248	1	0	0.43767401936225653
1248	1	1	0.036148851608333046
1248	1	2	0.06777440349124333
1249	0	0	0.7072922544263205
1249	0	1	0.6488824444096338
1249	0	2	0.408308441059737
1249	1	0	0.4676282910655801
1249	1	1	0.038764593461631414
1249	1	2	0.06353857175138453
1250	0	0	0.6810805773306298
1250	0	1	0.6185797830527291
1250	0	2	0.38472145553673
1250	1	0	0.461363861431587
1250	1	1	0.057037560741416596
1250	1	2	0.06822683959587768
1251	0	0	0.872697558102453
1251	0	1	0.8648944153381133
1251	0	2	0.5138247214092581
1251	1	0	0.4515300533604315
1251	1	1	0.03999202088345305
1251	1	2	0.06448212357284185
1252	0	0	0.6319143740745705
1252	0	1	0.5417081276616955
1252	0	2	0.3352458463781366
1252	1	0	0.4311191252137946
1252	1	1	0.09674471666952267
1252	1	2	0.09514790500523503
1253	0	0	0.5965227482871628
1253	0	1	0.6137649385930375
1253	0	2	0.4052125611677069
1253	1	0	0.4326185137629431
1253	1	1	0.04130687253186503
1253	1	2	0.05983457955257754
1254	0	0	0.514002991020295
1254	0	1	0.5332220326822708
1254	0	2	0.4227224299367541
1254	1	0	0.45229615218367913
1254	1	1	0.05652446794670142
1254	1	2	0.061971849378211305
1255	0	0	0.5687555579674157
1255	0	1	0.5766357399970818
1255	0	2	0.5033519424313294
1255	1	0	0.49482956617199003
1255	1	1	0.025102190718236453
1255	1	2	0.051893570554025464
1256	0	0	0.5596310978914423
1256	0	1	0.5977278382627269
1256	0	2	0.5367352187163947
1256	1	0	0.4632288178362361
1256	1	1	0.03001106494876174
1256	1	2	0.03666091285407007
1257	0	0	0.6483824992474403
1257	0	1	0.7036722851442896
1257	0	2	0.47472768738915005
1257	1	0	0.4251239992503392
1257	1	1	0.06921060330624437
1257	1	2	0.061517104906922096
1258	0	0	0.6433318443189666
1258	0	1	0.6380885071260678
1258	0	2	0.4340635123152927
1258	1	0	0.43436515001018666
1258	1	1	0.024443137840065493
1258	1	2	0.024309258659969718
1259	0	0	0.542935300208953
1259	0	1	0.5490899805677021
1259	0	2	0.38207604512394083
1259	1	0	0.4691240284084901
1259	1	1	0.03105149710475663
1259	1	2	0.030990658408556693
1260	0	0	0.5752739498831887
1260	0	1	0.5771989544753977
1260	0	2	0.4704654711721864
1260	1	0	0.3899773074846376
1260	1	1	0.02808408326657827
1260	1	2	0.028067894535271726
1261	0	0	0.5623630482133625
1261	0	1	0.5641877918678935
1261	0	2	0.4394499110540992
1261	1	0	0.3967306474607975
1261	1	1	0.03491932791527509
1261	1	2	0.05126039769961066
1262	0	0	0.5647042672544882
1262	0	1	0.5625989253181767
1262	0	2	0.4808322130447654
1262	1	0	0.3671783612216243
1262	1	1	0.04097269700088836
1262	1	2	0.03872786556406459
1263	0	0	0.5492231772074458
1263	0	1	0.5465870047061904
1263	0	2	0.4501242648494843
1263	1	0	0.4336003319183064
1263	1	1	0.07720793587022584
1263	1	2	0.07672679546920456
1264	0	0	0.5495485463957458
1264	0	1	0.592229237073546
1264	0	2	0.5006425847044407
1264	1	0	0.44523928349450054
1264	1	1	0.037477009738755535
1264	1	2	0.0405424060570137
1265	0	0	0.7376264513881838
1265	0	1	0.6992614941002372
1265	0	2	0.4811927577139354
1265	1	0	0.4891623090067404
1265	1	1	0.2045218270632765
1265	1	2	0.20941598098804928
1266	0	0	0.49876954299019405
1266	0	1	0.49876954299019405
1266	0	2	0.47238267795985767
1266	1	0	0.4715567891004985
1266	1	1	0.038888387168757435
1266	1	2	0.03884181900655061
1267	0	0	0.6088558432194673
1267	0	1	0.6107782112234021
1267	0	2	0.3781355254346564
1267	1	0	0.390939047050209
1267	1	1	0.032023003699387154
1267	1	2	0.03215159207642067
1268	0	0	0.6379498149375524
1268	0	1	0.5439221249917934
1268	0	2	0.40282131505198066
1268	1	0	0.40671119303774916
1268	1	1	0.3085158120108488
1268	1	2	0.3425874908320903
1269	0	0	0.7547878745125822
1269	0	1	0.7240000180354746
1269	0	2	0.4159229504718498
1269	1	0	0.48177227408977036
1269	1	1	0.07691475607679994
1269	1	2	0.08236224174858418
1270	0	0	0.7107128582452396
1270	0	1	0.6124864715342929
1270	0	2	0.4278805579739967
1270	1	0	0.4424458006340612
1270	1	1	0.054131450964031644
1270	1	2	0.05201082057341007
1271	0	0	0.7192899825838382
1271	0	1	0.6125168757991468
1271	0	2	0.4478792971371482
1271	1	0	0.41957870454731744
1271	1	1	0.1476736918451381
1271	1	2	0.1985525044717159
1272	0	0	0.6303107060198241
1272	0	1	0.625613111002663
1272	0	2	0.4536730639079424
1272	1	0	0.4770902495541655
1272	1	1	0.14065486478179934
1272	1	2	0.1487982103945562
1273	0	0	0.5584518371667587
1273	0	1	0.5309080648262123
1273	0	2	0.4536204102392226
1273	1	0	0.4377998342019617
1273	1	1	0.1695535162696848
1273	1	2	0.17731439144022293
1274	0	0	0.6144769955721223
1274	0	1	0.6131259304475821
1274	0	2	0.43218271089644633
1274	1	0	0.43751610655815154
1274	1	1	0.12933937854636346
1274	1	2	0.17408649349173816
1275	0	0	0.6147018326684817
1275	0	1	0.5821736249078954
1275	0	2	0.4501661055720584
1275	1	0	0.48032656118037614
1275	1	1	0.09772321794656813
1275	1	2	0.10841906911317392
1276	0	0	0.5803847412315504
1276	0	1	0.5558533540989383
1276	0	2	0.4933862742228306
1276	1	0	0.4381482867046289
1276	1	1	0.03655121160210387
1276	1	2	0.05092914119344297
1277	0	0	0.6460349713116673
1277	0	1	0.6463472551565885
1277	0	2	0.36314794225993874
1277	1	0	0.45676050549864056
1277	1	1	0.040195942724944256
1277	1	2	0.05492174430919872
1278	0	0	0.6451783477576648
1278	0	1	0.6232378463240349
1278	0	2	0.43273527248026733
1278	1	0	0.4346315495403408
1278	1	1	0.0344054017494997
1278	1	2	0.047587214858770405
1279	0	0	0.6389646751383
1279	0	1	0.655675957120886
1279	0	2	0.42447010398105917
1279	1	0	0.48137462957246224
1279	1	1	0.05384125446194596
1279	1	2	0.053844763719944636
1280	0	0	0.5800819690903976
1280	0	1	0.553592223462005
1280	0	2	0.46984307089094746
1280	1	0	0.38945730457305344
1280	1	1	0.03358242221875682
1280	1	2	0.034100459972743094
1281	0	0	0.5604199702855654
1281	0	1	0.566814727454851
1281	0	2	0.47421122520141745
1281	1	0	0.4671658771142334
1281	1	1	0.02610802238603592
1281	1	2	0.02447582892530728
1282	0	0	0.6084587219841842
1282	0	1	0.6089415922316802
1282	0	2	0.4579531426246686
1282	1	0	0.4679433682193576
1282	1	1	0.0315243422011517
1282	1	2	0.03730578990118612
1283	0	0	0.6107847885846023
1283	0	1	0.5948844656957496
1283	0	2	0.4701969512788975
1283	1	0	0.4281214108469226
1283	1	1	0.09047638193063462
1283	1	2	0.0888616476700772
1284	0	0	0.6240297966356586
1284	0	1	0.6166802238616308
1284	0	2	0.48558369110151217
1284	1	0	0.4595400505504614
1284	1	1	0.040415998373411505
1284	1	2	0.04036474561861052
1285	0	0	0.6987670379261028
1285	0	1	0.6905241555839007
1285	0	2	0.4420665524026844
1285	1	0	0.43012651774409955
1285	1	1	0.03364068753548656
1285	1	2	0.0346298405640388
1286	0	0	0.6084164274737747
1286	0	1	0.6253449673141768
1286	0	2	0.4575724620305216
1286	1	0	0.4705263737071732
1286	1	1	0.1687882879053659
1286	1	2	0.16890619573242782
1287	0	0	0.664093953033193
1287	0	1	0.6612129548160546
1287	0	2	0.37272094751696727
1287	1	0	0.46181971931271804
1287	1	1	0.04589027980349572
1287	1	2	0.04632494935686837
1288	0	0	0.6380839679414598
1288	0	1	0.6184229458805355
1288	0	2	0.36328971787163566
1288	1	0	0.4691109030212007
1288	1	1	0.13524048217297324
1288	1	2	0.13533825301285182
1289	0	0	0.6340529598643808
1289	0	1	0.5993176292191564
1289	0	2	0.46360711128157805
1289	1	0	0.47292388444482675
1289	1	1	0.05643739958145022
1289	1	2	0.05727274384961402
1290	0	0	0.5560402735152502
1290	0	1	0.5433405461653096
1290	0	2	0.46129931129933
1290	1	0	0.47162125861777404
1290	1	1	0.10410639736795285
1290	1	2	0.1195888538069758
1291	0	0	0.6580724526112649
1291	0	1	0.5998298028953802
1291	0	2	0.3932290844774024
1291	1	0	0.39942937052901595
1291	1	1	0.03348271357670006
1291	1	2	0.056265274035670096
1292	0	0	0.6097227878377904
1292	0	1	0.5985928334360316
1292	0	2	0.4775470457122838
1292	1	0	0.4322796148571692
1292	1	1	0.10846483060906033
1292	1	2	0.10733748431847062
1293	0	0	0.6015016023205597
1293	0	1	0.5812005636003912
1293	0	2	0.4373797788328529
1293	1	0	0.4051522348817586
1293	1	1	0.04655397772105206
1293	1	2	0.07273427196920221
1294	0	0	0.5614436839029888
1294	0	1	0.5591044234293507
1294	0	2	0.4730598947083409
1294	1	0	0.48861974577025025
1294	1	1	0.05233809726407024
1294	1	2	0.05234356152384348
1295	0	0	0.6849868579872871
1295	0	1	0.6893320196813302
1295	0	2	0.4235039016343783
1295	1	0	0.434217645379701
1295	1	1	0.035118871102795934
1295	1	2	0.03519589130925968
1296	0	0	0.6114744026317586
1296	0	1	0.6060247088042869
1296	0	2	0.4495530971875896
1296	1	0	0.45660031967737064
1296	1	1	0.04013969144382028
1296	1	2	0.05095423653260496
1297	0	0	0.6010204915934938
1297	0	1	0.6222946817049928
1297	0	2	0.386333700216698
1297	1	0	0.4355523792078179
1297	1	1	0.16397677337556224
1297	1	2	0.17280544163465447
1298	0	0	0.5803449786782171
1298	0	1	0.5651475113707819
1298	0	2	0.43673297793741794
1298	1	0	0.4239934544051671
1298	1	1	0.11980944992582969
1298	1	2	0.13863942436828416
1299	0	0	0.5856057551603302
1299	0	1	0.571154853592267
1299	0	2	0.40036949663511606
1299	1	0	0.4189439245031396
1299	1	1	0.09963193016106336
1299	1	2	0.10823824863519627
1300	0	0	0.8304257990905011
1300	0	1	0.7458961269530135
1300	0	2	0.44461803482186335
1300	1	0	0.43257608981406537
1300	1	1	0.07819350352222257
1300	1	2	0.07942415155256465
1301	0	0	0.646157665266885
1301	0	1	0.614223507839954
1301	0	2	0.46236757179544574
1301	1	0	0.47249716979595824
1301	1	1	0.14703056132357814
1301	1	2	0.14747554261063223
1302	0	0	0.6293915986648025
1302	0	1	0.6264593275972139
1302	0	2	0.3624100041543296
1302	1	0	0.4761157831972287
1302	1	1	0.13831398118101604
1302	1	2	0.14416899738064742
1303	0	0	0.5680015278020147
1303	0	1	0.5827252166429646
1303	0	2	0.45487849609929293
1303	1	0	0.4787315932981633
1303	1	1	0.16007502365330376
1303	1	2	0.14367473459954588
1304	0	0	0.5659917198591738
1304	0	1	0.5417594082558912
1304	0	2	0.47664407372384743
1304	1	0	0.4702615275785839
1304	1	1	0.0617838122282591
1304	1	2	0.06430113824714254
1305	0	0	0.6979150266927485
1305	0	1	0.662210189609352
1305	0	2	0.4704623968555594
1305	1	0	0.3326843034500623
1305	1	1	0.024189395296452934
1305	1	2	0.03551618982437735
1306	0	0	0.6431875538228
1306	0	1	0.593086238377203
1306	0	2	0.4580118940419421
1306	1	0	0.38070294556680145
1306	1	1	0.1615748518142594
1306	1	2	0.16661752462613022
1307	0	0	0.6374210304083406
1307	0	1	0.6354890410872847
1307	0	2	0.4636851748316463
1307	1	0	0.442670089378467
1307	1	1	0.04422862780974478
1307	1	2	0.042973311751314996
1308	0	0	0.614459081069958
1308	0	1	0.6025238551449611
1308	0	2	0.4821814563019139
1308	1	0	0.36860686058683106
1308	1	1	0.030612171948186828
1308	1	2	0.04382361117645657
1309	0	0	0.6289483943094043
1309	0	1	0.6026469885593588
1309	0	2	0.44730038666964067
1309	1	0	0.47388947549556604
1309	1	1	0.04080812203084749
1309	1	2	0.04078317425376943
1310	0	0	0.6563272791390963
1310	0	1	0.62793485844336
1310	0	2	0.5014978787399762
1310	1	0	0.42926706166707274
1310	1	1	0.03947598595004127
1310	1	2	0.09686785410723747
1311	0	0	0.7155158218806935
1311	0	1	0.7020923310631806
1311	0	2	0.4063459141480211
1311	1	0	0.4199907426079978
1311	1	1	0.043623642165418586
1311	1	2	0.052632954771421075
1312	0	0	0.690673456057534
1312	0	1	0.582243413931858
1312	0	2	0.4713011810119885
1312	1	0	0.46858817660433894
1312	1	1	0.033368860942889364
1312	1	2	0.03286147924397942
1313	0	0	0.7055289424478263
1313	0	1	0.6605059608273913
1313	0	2	0.4417673936363446
1313	1	0	0.42454215957200037
1313	1	1	0.049327997288932696
1313	1	2	0.11151782273047574
1314	0	0	0.6472328595983158
1314	0	1	0.618114984405721
1314	0	2	0.4311340797981835
1314	1	0	0.46892681710720807
1314	1	1	0.14946023351473742
1314	1	2	0.15071566215952312
1315	0	0	0.5669845896722738
1315	0	1	0.5540053638328746
1315	0	2	0.4880572507862414
1315	1	0	0.40994879253117666
1315	1	1	0.10046689523559127
1315	1	2	0.17356608103607413
1316	0	0	0.6438145683109574
1316	0	1	0.5899895697407924
1316	0	2	0.4920820853345982
1316	1	0	0.3552009025340754
1316	1	1	0.03587496098581733
1316	1	2	0.03625163026559679
1317	0	0	0.6451522633407635
1317	0	1	0.6671754936608535
1317	0	2	0.4210203211990843
1317	1	0	0.364734683096944
1317	1	1	0.0533144934307533
1317	1	2	0.05328069758096929
1318	0	0	0.6412650334297375
1318	0	1	0.6200467844726182
1318	0	2	0.4264451459160522
1318	1	0	0.40460375042670094
1318	1	1	0.034069998384346795
1318	1	2	0.04730332517478532
1319	0	0	0.644107724991672
1319	0	1	0.6163350911055033
1319	0	2	0.4321754589035717
1319	1	0	0.44729689479441664
1319	1	1	0.08151418498579867
1319	1	2	0.08246050101029259
1320	0	0	0.5331941897370676
1320	0	1	0.5318997400974204
1320	0	2	0.44412219780236684
1320	1	0	0.48312882344315117
1320	1	1	0.08789696870976586
1320	1	2	0.0880571624210834
1321	0	0	0.594599714746804
1321	0	1	0.5899179208375873
1321	0	2	0.4369259905251486
1321	1	0	0.47917780900343787
1321	1	1	0.09384943228788163
1321	1	2	0.09387176354194138
1322	0	0	0.6596119600251418
1322	0	1	0.6479724172125203
1322	0	2	0.46468432843399804
1322	1	0	0.37882216160173754
1322	1	1	0.03017213147533017
1322	1	2	0.030149710737540344
1323	0	0	0.7697202952844776
1323	0	1	0.7479584841486109
1323	0	2	0.41378907331263337
1323	1	0	0.4797613237334833
1323	1	1	0.0425835233905594
1323	1	2	0.051459976900890034
1324	0	0	0.5781408845725919
1324	0	1	0.5569913072351169
1324	0	2	0.3699791040245005
1324	1	0	0.48379718393929905
1324	1	1	0.05297222923838432
1324	1	2	0.0526590381460081
1325	0	0	0.5830157913507922
1325	0	1	0.5794745930154739
1325	0	2	0.44834732801779864
1325	1	0	0.45769378323624954
1325	1	1	0.039022818625968445
1325	1	2	0.03532981089309993
1326	0	0	0.6409079104117061
1326	0	1	0.6627927865868974
1326	0	2	0.46592800096830467
1326	1	0	0.4628336372823148
1326	1	1	0.052626173579828794
1326	1	2	0.052627591858198375
1327	0	0	0.6566988650312602
1327	0	1	0.6655471361656842
1327	0	2	0.4701679792006539
1327	1	0	0.44200252725153055
1327	1	1	0.029217247308721897
1327	1	2	0.02915912011728579
1328	0	0	0.4953623916473105
1328	0	1	0.4933426444813174
1328	0	2	0.47222513984702036
1328	1	0	0.4856217870323536
1328	1	1	0.10584815676541308
1328	1	2	0.10584815655938913
1329	0	0	0.4937560908991249
1329	0	1	0.4880605235687268
1329	0	2	0.4509124157249051
1329	1	0	0.38102576074780903
1329	1	1	0.02967094657056081
1329	1	2	0.029670813445095937
1330	0	0	0.496257514086425
1330	0	1	0.496257514086425
1330	0	2	0.33350599325932495
1330	1	0	0.43028242438853814
1330	1	1	0.02056941756684874
1330	1	2	0.020569391232353393
1331	0	0	0.4851611458976459
1331	0	1	0.4851611458976459
1331	0	2	0.4556246905998465
1331	1	0	0.4671502489375324
1331	1	1	0.03563294085152323
1331	1	2	0.03563286380096056
1332	0	0	0.47818256036039153
1332	0	1	0.5443236895566006
1332	0	2	0.34942651321601215
1332	1	0	0.43343475648948543
1332	1	1	0.03686458317161487
1332	1	2	0.036502013343991904
1333	0	0	0.8867804540906847
1333	0	1	0.873789784598924
1333	0	2	0.4602424755927645
1333	1	0	0.4542984700186166
1333	1	1	0.02616424482037888
1333	1	2	0.026211376489464477
1334	0	0	0.5792859201729519
1334	0	1	0.6134082871958537
1334	0	2	0.40834590935151993
1334	1	0	0.3867464853402214
1334	1	1	0.10371611526607821
1334	1	2	0.10537025370164892
1335	0	0	0.49445298322451325
1335	0	1	0.49445298322451325
1335	0	2	0.30944933068308433
1335	1	0	0.43539755106457434
1335	1	1	0.022173269495684142
1335	1	2	0.022173237581740834
1336	0	0	0.48861540792267355
1336	0	1	0.48861540792267355
1336	0	2	0.46583070791156395
1336	1	0	0.4747189021386663
1336	1	1	0.026701697832276702
1336	1	2	0.02670169122527602
1337	0	0	0.4981179103207132
1337	0	1	0.4981179103207132
1337	0	2	0.4619552055918574
1337	1	0	0.3711363392661306
1337	1	1	0.018381878286064288
1337	1	2	0.01838187211392603
1338	0	0	0.4890947371293048
1338	0	1	0.4890947371293048
1338	0	2	0.4544925759386669
1338	1	0	0.42619954126449633
1338	1	1	0.09773233603448954
1338	1	2	0.0977322585756044
1339	0	0	0.4903649427157167
1339	0	1	0.4903649427157167
1339	0	2	0.4410605017315842
1339	1	0	0.4791874100409589
1339	1	1	0.08870988306930828
1339	1	2	0.08870979834424882
1340	0	0	0.48013333186976215
1340	0	1	0.4789019512189317
1340	0	2	0.3674309228823521
1340	1	0	0.36654053694679695
1340	1	1	0.14141309087500198
1340	1	2	0.14141309056692453
1341	0	0	0.4941264119777146
1341	0	1	0.49353523763736934
1341	0	2	0.49006562382329266
1341	1	0	0.48573550535785737
1341	1	1	0.03968258143646049
1341	1	2	0.039170690093457625
1342	0	0	0.5457941411647249
1342	0	1	0.5456143451979649
1342	0	2	0.4017072201029531
1342	1	0	0.4590079324310153
1342	1	1	0.2114598603197776
1342	1	2	0.21938671482248903
1343	0	0	0.8019790363847435
1343	0	1	0.771316326191374
1343	0	2	0.466755201550857
1343	1	0	0.39663550613144904
1343	1	1	0.22034930697177846
1343	1	2	0.24276838975463538
1344	0	0	0.7711348174008127
1344	0	1	0.7692963786059914
1344	0	2	0.49258914135003207
1344	1	0	0.47826684017474996
1344	1	1	0.10489669091292683
1344	1	2	0.1048903317556954
1345	0	0	0.7162503009807917
1345	0	1	0.6924099154356699
1345	0	2	0.43505441965711245
1345	1	0	0.4772849093050844
1345	1	1	0.21298081121379436
1345	1	2	0.21785414152929505
1346	0	0	0.48983990531576055
1346	0	1	0.48983990531576055
1346	0	2	0.47286614474161554
1346	1	0	0.4650871058952885
1346	1	1	0.02686590229396854
1346	1	2	0.02690344654797866
1347	0	0	0.4940690551658616
1347	0	1	0.4940690551658616
1347	0	2	0.359268621835612
1347	1	0	0.4577421060092321
1347	1	1	0.03085294217041412
1347	1	2	0.030852872529630232
1348	0	0	0.48922395292516174
1348	0	1	0.488120403368787
1348	0	2	0.448430241035632
1348	1	0	0.46536317807988387
1348	1	1	0.04343161495046398
1348	1	2	0.0434316149489173
1349	0	0	0.5638074487813574
1349	0	1	0.562420461063936
1349	0	2	0.4387976136241997
1349	1	0	0.4871878386814519
1349	1	1	0.04539697815162623
1349	1	2	0.05016564037842078
1350	0	0	0.6468630302740002
1350	0	1	0.6508817666741978
1350	0	2	0.478778256211164
1350	1	0	0.4446501475706779
1350	1	1	0.12133819528903361
1350	1	2	0.12133763374442988
1351	0	0	0.49459271222697915
1351	0	1	0.48929657144167193
1351	0	2	0.43756216618606236
1351	1	0	0.42345144916461375
1351	1	1	0.020146202335085697
1351	1	2	0.020146194888204336
1352	0	0	0.49126403435273064
1352	0	1	0.4904665610140403
1352	0	2	0.41343112867789517
1352	1	0	0.4694646877800636
1352	1	1	0.05491245001644998
1352	1	2	0.05491235830892968
1353	0	0	0.48243221169967726
1353	0	1	0.48243221169967726
1353	0	2	0.43532505832326035
1353	1	0	0.48243221169967726
1353	1	1	0.03917843939696784
1353	1	2	0.03918181224333647
1354	0	0	0.4920043135325784
1354	0	1	0.48705811916281033
1354	0	2	0.37856561603699435
1354	1	0	0.4340172582900387
1354	1	1	0.09991151345766473
1354	1	2	0.0999114834779659
1355	0	0	0.4982690628575382
1355	0	1	0.4813060360817904
1355	0	2	0.46502885021181384
1355	1	0	0.3849136281499546
1355	1	1	0.0661268407663772
1355	1	2	0.066126840765803
1356	0	0	0.4991868105708505
1356	0	1	0.4991868105708505
1356	0	2	0.44900537104269944
1356	1	0	0.48759360918886135
1356	1	1	0.03050436120736412
1356	1	2	0.030504361182761897
1357	0	0	0.8017745839007995
1357	0	1	0.7037091748251816
1357	0	2	0.3695697428380692
1357	1	0	0.46433156330406095
1357	1	1	0.0685468598742494
1357	1	2	0.06797008337400495
1358	0	0	0.6257711406458663
1358	0	1	0.6257709337438978
1358	0	2	0.45765625459944037
1358	1	0	0.42365065913538197
1358	1	1	0.02013834498547243
1358	1	2	0.020091237746585833
1359	0	0	0.7824624589598461
1359	0	1	0.7445249858888052
1359	0	2	0.4414674310202694
1359	1	0	0.43344517695071083
1359	1	1	0.11028538465743286
1359	1	2	0.11026515636242837
1360	0	0	0.6700310604159547
1360	0	1	0.6398193790650715
1360	0	2	0.437302418017082
1360	1	0	0.4361489178871635
1360	1	1	0.04856572704869053
1360	1	2	0.04863895387554752
1361	0	0	0.6288129700674991
1361	0	1	0.6055641765884779
1361	0	2	0.46984106984345675
1361	1	0	0.41118292718401933
1361	1	1	0.03069461426372007
1361	1	2	0.030640584710416682
1362	0	0	0.6649646474386433
1362	0	1	0.6459619532737882
1362	0	2	0.4117653785241431
1362	1	0	0.43752616216294826
1362	1	1	0.06041568272663296
1362	1	2	0.06042717144171937
1363	0	0	0.6068667397884892
1363	0	1	0.5756470528947399
1363	0	2	0.2818807249107218
1363	1	0	0.4279902036842204
1363	1	1	0.03206198036400351
1363	1	2	0.032190924280084715
1364	0	0	0.5560089334349803
1364	0	1	0.5610461061965779
1364	0	2	0.49696341141522193
1364	1	0	0.4138280217980462
1364	1	1	0.32099713391781515
1364	1	2	0.33349036452987413
1365	0	0	0.4881888737261585
1365	0	1	0.4881888737261585
1365	0	2	0.4723759668165999
1365	1	0	0.4345955576837255
1365	1	1	0.03404121310589164
1365	1	2	0.0340443014910282
1366	0	0	0.498918711873321
1366	0	1	0.498918711873321
1366	0	2	0.4540071188093523
1366	1	0	0.4441190561070283
1366	1	1	0.03522937125028831
1366	1	2	0.03489031050858907
1367	0	0	0.49060952009042924
1367	0	1	0.4803744982117812
1367	0	2	0.4467468005246088
1367	1	0	0.38829630144619637
1367	1	1	0.038511221769586435
1367	1	2	0.038610050093719095
1368	0	0	0.4925858771561611
1368	0	1	0.49049233292678934
1368	0	2	0.40313772216611915
1368	1	0	0.301029730422822
1368	1	1	0.036849662960215995
1368	1	2	0.03684966291974963
1369	0	0	0.49343123591654137
1369	0	1	0.49343123591654137
1369	0	2	0.4437107270387281
1369	1	0	0.44555896132457506
1369	1	1	0.02655011491776417
1369	1	2	0.02655005455722058
1370	0	0	0.6570186263952046
1370	0	1	0.6569289852346294
1370	0	2	0.48830658075462724
1370	1	0	0.4512728832420153
1370	1	1	0.08099700201104156
1370	1	2	0.08009835114033458
1371	0	0	0.6481658182411325
1371	0	1	0.642457087431288
1371	0	2	0.4879928778899752
1371	1	0	0.4799625258216775
1371	1	1	0.12209712157206018
1371	1	2	0.12706291338633147
1372	0	0	0.6282508689916362
1372	0	1	0.6249294156750975
1372	0	2	0.5430367645563781
1372	1	0	0.3779871298941684
1372	1	1	0.03707370954747459
1372	1	2	0.05272166202370113
1373	0	0	0.583258245721634
1373	0	1	0.5817679799085245
1373	0	2	0.44050015242521934
1373	1	0	0.4714251557445101
1373	1	1	0.17065915589020966
1373	1	2	0.17179270280602416
1374	0	0	0.6820679799894236
1374	0	1	0.6670622244729989
1374	0	2	0.3966218993120262
1374	1	0	0.4124052975627921
1374	1	1	0.03677778592915183
1374	1	2	0.11656020173693793
1375	0	0	0.6873900039087595
1375	0	1	0.6757306310039528
1375	0	2	0.4645776445998458
1375	1	0	0.40615591024653735
1375	1	1	0.03331015576337275
1375	1	2	0.05575456148498921
1376	0	0	0.5404876856832768
1376	0	1	0.5387410542586929
1376	0	2	0.43538808367484916
1376	1	0	0.47422885407101717
1376	1	1	0.09520651290123629
1376	1	2	0.09555129128597191
1377	0	0	0.5754525459221125
1377	0	1	0.5698830045443415
1377	0	2	0.4352876423527434
1377	1	0	0.41921103522790826
1377	1	1	0.050733924993914103
1377	1	2	0.050505273274133344
1378	0	0	0.6257182613977419
1378	0	1	0.6218753353116402
1378	0	2	0.5146280425015193
1378	1	0	0.41808766240516865
1378	1	1	0.03765722043560281
1378	1	2	0.03929294093593444
1379	0	0	0.6362990526012211
1379	0	1	0.6331243698478297
1379	0	2	0.4178256421652159
1379	1	0	0.44034105256476996
1379	1	1	0.07812742271163846
1379	1	2	0.07761659145979248
1380	0	0	0.6196107728927802
1380	0	1	0.586934884627978
1380	0	2	0.47238653408000375
1380	1	0	0.4324054026467508
1380	1	1	0.043156617780059414
1380	1	2	0.04421163599654997
1381	0	0	0.5345499645319804
1381	0	1	0.5201075346859675
1381	0	2	0.34258017085751746
1381	1	0	0.44965709517524216
1381	1	1	0.03618222956236353
1381	1	2	0.0431714642668688
1382	0	0	0.4989852236983469
1382	0	1	0.4989852236983469
1382	0	2	0.48048062220309057
1382	1	0	0.4134451026787472
1382	1	1	0.046673878278238684
1382	1	2	0.04667387827470505
1383	0	0	0.47460756310570607
1383	0	1	0.47460756310570607
1383	0	2	0.43710322392582013
1383	1	0	0.4193886499802927
1383	1	1	0.07304027436925306
1383	1	2	0.0730402349203737
1384	0	0	0.4929607472211664
1384	0	1	0.49018785349124294
1384	0	2	0.4239513368756868
1384	1	0	0.48364085385528893
1384	1	1	0.037170117664315994
1384	1	2	0.03717002894299108
1385	0	0	0.4983663925891118
1385	0	1	0.47962104447639775
1385	0	2	0.2931932107348333
1385	1	0	0.46413208498025543
1385	1	1	0.1303836666065216
1385	1	2	0.1303835896849561
1386	0	0	0.48277427540223133
1386	0	1	0.4741794588887867
1386	0	2	0.4422529092344853
1386	1	0	0.4401001205915493
1386	1	1	0.03788646502575793
1386	1	2	0.037886465023913865
1387	0	0	0.4952367365104418
1387	0	1	0.4649896769695791
1387	0	2	0.3916960917177972
1387	1	0	0.4529603131051142
1387	1	1	0.0891381612202399
1387	1	2	0.08913806961929378
1388	0	0	0.49687082692372075
1388	0	1	0.49687082692372075
1388	0	2	0.49687082692372075
1388	1	0	0.4889070456738682
1388	1	1	0.03646770479076275
1388	1	2	0.03646998583989208
1389	0	0	0.48697809117485596
1389	0	1	0.47837508242136295
1389	0	2	0.4006491837979378
1389	1	0	0.4662215779615424
1389	1	1	0.04318833611700562
1389	1	2	0.043188336115525555
1390	0	0	0.49642935288229667
1390	0	1	0.4738271551203779
1390	0	2	0.38133788423970927
1390	1	0	0.4637528242400292
1390	1	1	0.06175435274402044
1390	1	2	0.061754352615902855
1391	0	0	0.4953897948969693
1391	0	1	0.49140470932700847
1391	0	2	0.4703301538072895
1391	1	0	0.49140470932700847
1391	1	1	0.0585832280195166
1391	1	2	0.05858322792134002
1392	0	0	0.4904842316670407
1392	0	1	0.4904842316670407
1392	0	2	0.44409409426206137
1392	1	0	0.46468387202524913
1392	1	1	0.03593820432636323
1392	1	2	0.03559221686827163
1393	0	0	0.4900901561932496
1393	0	1	0.4900901561932496
1393	0	2	0.42005858908987403
1393	1	0	0.47159418701182937
1393	1	1	0.06582855843862713
1393	1	2	0.06582848007547942
1394	0	0	0.4859587057280043
1394	0	1	0.4679087534544632
1394	0	2	0.439775384702784
1394	1	0	0.42733843373747704
1394	1	1	0.02668186684594706
1394	1	2	0.026681775019747028
1395	0	0	0.4904403548045669
1395	0	1	0.4904403548045669
1395	0	2	0.45571071827497894
1395	1	0	0.33289474770999594
1395	1	1	0.01964089837510194
1395	1	2	0.019679550968944998
1396	0	0	0.49637487561106264
1396	0	1	0.49637487561106264
1396	0	2	0.49637487561106264
1396	1	0	0.45049483394097556
1396	1	1	0.03089321775282769
1396	1	2	0.03094068684264749
1397	0	0	0.49621277766747096
1397	0	1	0.49621277766747096
1397	0	2	0.48225502501694045
1397	1	0	0.386287283325004
1397	1	1	0.031826668791877
1397	1	2	0.03182658360819575
1398	0	0	0.4758446813951682
1398	0	1	0.4758446813951682
1398	0	2	0.38407167609859866
1398	1	0	0.4572224811347377
1398	1	1	0.04160691486596123
1398	1	2	0.04161033172564328
1399	0	0	0.486557639731984
1399	0	1	0.486557639731984
1399	0	2	0.45117031779241606
1399	1	0	0.45399555113118
1399	1	1	0.03854125959761805
1399	1	2	0.0385412541088217
1400	0	0	0.493042722308483
1400	0	1	0.493042722308483
1400	0	2	0.44159695243542013
1400	1	0	0.3749698568458921
1400	1	1	0.0258986441289403
1400	1	2	0.025948696611603733
1401	0	0	0.4871270810306858
1401	0	1	0.4871270810306858
1401	0	2	0.4167652441279186
1401	1	0	0.4806419052544537
1401	1	1	0.04589979811442817
1401	1	2	0.04590375985461756
1402	0	0	0.49680008136836196
1402	0	1	0.49680008136836196
1402	0	2	0.4401535942178113
1402	1	0	0.4551568537474438
1402	1	1	0.03939890579010949
1402	1	2	0.039495204128021655
1403	0	0	0.47698430318822105
1403	0	1	0.47698430318822105
1403	0	2	0.4234531559836178
1403	1	0	0.44658271409717865
1403	1	1	0.057666460989880305
1403	1	2	0.057666381961363755
1404	0	0	0.49798377457256754
1404	0	1	0.4974853334337263
1404	0	2	0.465892712334893
1404	1	0	0.440653410934961
1404	1	1	0.02929361964685427
1404	1	2	0.029293611063908598
1405	0	0	0.5565439867975875
1405	0	1	0.5565136973884561
1405	0	2	0.4160222875391342
1405	1	0	0.46258510013716003
1405	1	1	0.052631662986272865
1405	1	2	0.05264717806142434
1406	0	0	0.4899010748120698
1406	0	1	0.4899010748120698
1406	0	2	0.4480600089274198
1406	1	0	0.44687322887818337
1406	1	1	0.036454883904361884
1406	1	2	0.03645483896443295
1407	0	0	0.4982680930767327
1407	0	1	0.5236630432835399
1407	0	2	0.4507835463225224
1407	1	0	0.4190294965847616
1407	1	1	0.03495314477783883
1407	1	2	0.034914411629886635
1408	0	0	0.49710495494665297
1408	0	1	0.4896710288254242
1408	0	2	0.3889317976296593
1408	1	0	0.43491805515639725
1408	1	1	0.026217922529087098
1408	1	2	0.0262178326902682
1409	0	0	0.630409149667394
1409	0	1	0.5810069013812866
1409	0	2	0.44818973444035837
1409	1	0	0.4451063057594373
1409	1	1	0.16619853029170384
1409	1	2	0.16620844365548398
1410	0	0	0.49340498198907695
1410	0	1	0.49340498198907695
1410	0	2	0.4736040503058549
1410	1	0	0.40967164957464947
1410	1	1	0.02385104350402066
1410	1	2	0.023851043503773955
1411	0	0	0.4954270123253208
1411	0	1	0.4954270123253208
1411	0	2	0.4276399782710865
1411	1	0	0.4300937083104529
1411	1	1	0.1111322680751997
1411	1	2	0.11113226786314148
1412	0	0	0.6631657024965298
1412	0	1	0.728284042104209
1412	0	2	0.497980450683867
1412	1	0	0.446889957364913
1412	1	1	0.08766923155698854
1412	1	2	0.09724159276132521
1413	0	0	0.713999355370273
1413	0	1	0.6994153885882602
1413	0	2	0.4548545196641748
1413	1	0	0.4140218714551945
1413	1	1	0.12942655241643952
1413	1	2	0.12973339331322886
1414	0	0	0.6076529273604035
1414	0	1	0.6065876338732096
1414	0	2	0.4671101535015833
1414	1	0	0.3416439134159638
1414	1	1	0.07163402008273966
1414	1	2	0.0702984387614807
1415	0	0	0.6137596626997683
1415	0	1	0.5448438387003699
1415	0	2	0.49333575668897156
1415	1	0	0.34791421616369383
1415	1	1	0.027754165235658865
1415	1	2	0.027759455785560716
1416	0	0	0.7405213145941923
1416	0	1	0.7050307557694082
1416	0	2	0.4710960377687551
1416	1	0	0.49015371393538554
1416	1	1	0.04142796552299098
1416	1	2	0.04334254254129814
1417	0	0	0.675708144064322
1417	0	1	0.6878855685822954
1417	0	2	0.36966357860609445
1417	1	0	0.4450466651653841
1417	1	1	0.03708989599554996
1417	1	2	0.036171998519425125
1418	0	0	0.7718209235937427
1418	0	1	0.6921031612739088
1418	0	2	0.4069847262244538
1418	1	0	0.45572207727192243
1418	1	1	0.0332832849853965
1418	1	2	0.033185752469607754
1419	0	0	0.5966051169143943
1419	0	1	0.5876413335810984
1419	0	2	0.44466010168102355
1419	1	0	0.3583777135021827
1419	1	1	0.05121172353735359
1419	1	2	0.05093108958808562
1420	0	0	0.6134257114413915
1420	0	1	0.5990145895516498
1420	0	2	0.3832696033505355
1420	1	0	0.4531470083406276
1420	1	1	0.03132720959940728
1420	1	2	0.03362380564182123
1421	0	0	0.5764086570461346
1421	0	1	0.4925991587389529
1421	0	2	0.38029528563039294
1421	1	0	0.48358376702922795
1421	1	1	0.03604606578871876
1421	1	2	0.033906376105173164
1422	0	0	0.5909963976134749
1422	0	1	0.6130619635828674
1422	0	2	0.4815825401037178
1422	1	0	0.4596139349506311
1422	1	1	0.04422113293457014
1422	1	2	0.0442214385047478
1423	0	0	0.6075665897676231
1423	0	1	0.5919402425334339
1423	0	2	0.48490844259884425
1423	1	0	0.45832161727786236
1423	1	1	0.029177229390099008
1423	1	2	0.025426564293578452
1424	0	0	0.6424593587608217
1424	0	1	0.6130730915700311
1424	0	2	0.4912770214011533
1424	1	0	0.31874886778844014
1424	1	1	0.0760971581558361
1424	1	2	0.0985266442561648
1425	0	0	0.6029586458271217
1425	0	1	0.583146828865636
1425	0	2	0.3088763659548792
1425	1	0	0.3794516141218709
1425	1	1	0.04970084599727308
1425	1	2	0.05031622947950756
1426	0	0	0.6901994546831116
1426	0	1	0.6198436387325681
1426	0	2	0.47120152211351796
1426	1	0	0.39779689189155154
1426	1	1	0.023833770341953484
1426	1	2	0.02394748232181436
1427	0	0	0.4878915273231005
1427	0	1	0.5132432555784728
1427	0	2	0.39388847165093
1427	1	0	0.46461412015425013
1427	1	1	0.07414257397711452
1427	1	2	0.0741037231079887
1428	0	0	0.5907562204732985
1428	0	1	0.6034094832005283
1428	0	2	0.41910621002013915
1428	1	0	0.4323516475445971
1428	1	1	0.05265456867900835
1428	1	2	0.05265317503746243
1429	0	0	0.5986427782222808
1429	0	1	0.5892400740131918
1429	0	2	0.42154900079726754
1429	1	0	0.4489094052697337
1429	1	1	0.044819611106843946
1429	1	2	0.04481961096017316
1430	0	0	0.5860938265779163
1430	0	1	0.5874055257234052
1430	0	2	0.4654004634492339
1430	1	0	0.43733145123251344
1430	1	1	0.04077351823237284
1430	1	2	0.04077351968817555
1431	0	0	0.6855927917832197
1431	0	1	0.6194250471647105
1431	0	2	0.417806140564689
1431	1	0	0.476264309201117
1431	1	1	0.061448832653130364
1431	1	2	0.0611221884516546
1432	0	0	0.6496685202064792
1432	0	1	0.6186167684737374
1432	0	2	0.45888050863574364
1432	1	0	0.41250285347215004
1432	1	1	0.03465450037588397
1432	1	2	0.03510072591524774
1433	0	0	0.5781399255320938
1433	0	1	0.5373452389283475
1433	0	2	0.34501190746516325
1433	1	0	0.4197574767626193
1433	1	1	0.021614498992212947
1433	1	2	0.021614192082204164
1434	0	0	0.6853270073853598
1434	0	1	0.6385575176558398
1434	0	2	0.4572685927008914
1434	1	0	0.47877196403254085
1434	1	1	0.02736128269061469
1434	1	2	0.02736125455341304
1435	0	0	0.5784080198310009
1435	0	1	0.5653776654792609
1435	0	2	0.46414265435088575
1435	1	0	0.42484585354164855
1435	1	1	0.021482044032463704
1435	1	2	0.025565350386381663
1436	0	0	0.6146507850346095
1436	0	1	0.6184620627003536
1436	0	2	0.4342041242649342
1436	1	0	0.4642830151152188
1436	1	1	0.053872052173883966
1436	1	2	0.05392834145251914
1437	0	0	0.6830909965359021
1437	0	1	0.6862665303623942
1437	0	2	0.49864033022721993
1437	1	0	0.4684978639286954
1437	1	1	0.058958383477868
1437	1	2	0.06040338759867463
1438	0	0	0.5981323843098665
1438	0	1	0.5795479378882299
1438	0	2	0.48748486239606564
1438	1	0	0.43962730449664766
1438	1	1	0.09669311095690024
1438	1	2	0.09671733679992571
1439	0	0	0.5518807528463375
1439	0	1	0.5270455206219021
1439	0	2	0.4645057330102696
1439	1	0	0.42766615420449644
1439	1	1	0.03319109623797872
1439	1	2	0.03322953536985121
1440	0	0	0.4877967260491566
1440	0	1	0.48778529069300847
1440	0	2	0.45726729702017366
1440	1	0	0.4675060333033556
1440	1	1	0.029894348486283973
1440	1	2	0.028976588272411383
1441	0	0	0.5017322980760428
1441	0	1	0.4723741354322124
1441	0	2	0.36458309793429555
1441	1	0	0.3718909950671708
1441	1	1	0.03338796460206879
1441	1	2	0.0327604768996453
1442	0	0	0.5870608136353224
1442	0	1	0.560537357505764
1442	0	2	0.4279947386399877
1442	1	0	0.4460161099598017
1442	1	1	0.06256102506739551
1442	1	2	0.06269278469511434
1443	0	0	0.5445545827559033
1443	0	1	0.5154108055037421
1443	0	2	0.43069826755918217
1443	1	0	0.474687170484244
1443	1	1	0.1327960873865876
1443	1	2	0.1327849020896581
1444	0	0	0.584314884593373
1444	0	1	0.5590933971876733
1444	0	2	0.4679797121044781
1444	1	0	0.4544480073275882
1444	1	1	0.04089484855409982
1444	1	2	0.04089115519830659
1445	0	0	0.4947923282574628
1445	0	1	0.47506376122359784
1445	0	2	0.4299354710967005
1445	1	0	0.478356164708955
1445	1	1	0.039618561918649
1445	1	2	0.03901808708283959
1446	0	0	0.5148991239830955
1446	0	1	0.5102796970421741
1446	0	2	0.4725958087408364
1446	1	0	0.44744620697855025
1446	1	1	0.039633686647818814
1446	1	2	0.0396087142709063
1447	0	0	0.5754047757719931
1447	0	1	0.5918786197502273
1447	0	2	0.47432531709571224
1447	1	0	0.4057365740345666
1447	1	1	0.037202204811015965
1447	1	2	0.0371995432561696
1448	0	0	0.5135555143212125
1448	0	1	0.4824013432764403
1448	0	2	0.4790052820638963
1448	1	0	0.44384793042454973
1448	1	1	0.1041548530394824
1448	1	2	0.10400985519667383
1449	0	0	0.5613709565343068
1449	0	1	0.49236288874256423
1449	0	2	0.45120694306437553
1449	1	0	0.44999947236846355
1449	1	1	0.04187423056078256
1449	1	2	0.04187377968035655
1450	0	0	0.5057348797620924
1450	0	1	0.5198837899756492
1450	0	2	0.4012149685595803
1450	1	0	0.43976822987727615
1450	1	1	0.03605405222579956
1450	1	2	0.03564845953130018
1451	0	0	0.5627752993245472
1451	0	1	0.48214410695167187
1451	0	2	0.43198130778895655
1451	1	0	0.4558628129979925
1451	1	1	0.147376959161865
1451	1	2	0.14741544829714104
1452	0	0	0.49620127215729676
1452	0	1	0.5306757104037488
1452	0	2	0.4566523769456747
1452	1	0	0.4845525303293223
1452	1	1	0.05351655109692445
1452	1	2	0.05334464109688024
1453	0	0	0.49856565531856323
1453	0	1	0.5227995917284547
1453	0	2	0.4899472824615706
1453	1	0	0.43910414178946744
1453	1	1	0.046248285895377925
1453	1	2	0.04624950291081312
1454	0	0	0.47488699787928934
1454	0	1	0.4766180347708741
1454	0	2	0.4137365792437005
1454	1	0	0.4407138391418569
1454	1	1	0.031894297262213295
1454	1	2	0.03202150383945375
1455	0	0	0.5100743577668596
1455	0	1	0.500191959490435
1455	0	2	0.3110533946328348
1455	1	0	0.46793858801518873
1455	1	1	0.02607965248943321
1455	1	2	0.026079674760150995
1456	0	0	0.604898982336129
1456	0	1	0.6222712407808246
1456	0	2	0.36320147652245816
1456	1	0	0.434010613597608
1456	1	1	0.0491457171913743
1456	1	2	0.049145717172115494
1457	0	0	0.610310012755414
1457	0	1	0.5551645401025482
1457	0	2	0.4498976375059192
1457	1	0	0.46012965445612775
1457	1	1	0.02764043478481909
1457	1	2	0.027640434787589152
1458	0	0	0.5531598971202281
1458	0	1	0.49877051107886405
1458	0	2	0.4053184830151466
1458	1	0	0.45713861469300887
1458	1	1	0.046275508298991325
1458	1	2	0.04627951716610375
1459	0	0	0.4998177106261583
1459	0	1	0.5030060595836292
1459	0	2	0.4362211092916925
1459	1	0	0.41579512037894645
1459	1	1	0.036887555475401804
1459	1	2	0.03690665740561666
1460	0	0	0.5509816967743821
1460	0	1	0.5428766921189163
1460	0	2	0.4540247720615097
1460	1	0	0.47017932344509866
1460	1	1	0.04469589780492689
1460	1	2	0.0448020162436055
1461	0	0	0.5950182743976145
1461	0	1	0.5909607166307088
1461	0	2	0.422338864263951
1461	1	0	0.4404114374353188
1461	1	1	0.03126797030345138
1461	1	2	0.031292617273766116
1462	0	0	0.48478939586801156
1462	0	1	0.47898885519211
1462	0	2	0.447057067821086
1462	1	0	0.46159335340777996
1462	1	1	0.05627267527815649
1462	1	2	0.05627000881747915
1463	0	0	0.5966571880361693
1463	0	1	0.5883162970928684
1463	0	2	0.4786201192188906
1463	1	0	0.41901787087795533
1463	1	1	0.03409076916234165
1463	1	2	0.03410800413251558
1464	0	0	0.4873381676091251
1464	0	1	0.48685526743575525
1464	0	2	0.4514021127370106
1464	1	0	0.4082160701503232
1464	1	1	0.07933032697356307
1464	1	2	0.07948005521486981
1465	0	0	0.5074760710079396
1465	0	1	0.5085526324085565
1465	0	2	0.4597451946731792
1465	1	0	0.4285034863782765
1465	1	1	0.04391505961448873
1465	1	2	0.0439246644115054
1466	0	0	0.6255239719631673
1466	0	1	0.6390911933506118
1466	0	2	0.40965366662762276
1466	1	0	0.3388378916359111
1466	1	1	0.08388922435788539
1466	1	2	0.08388325557684202
1467	0	0	0.5199643195132306
1467	0	1	0.5026586851399408
1467	0	2	0.452025658486391
1467	1	0	0.43818734445267726
1467	1	1	0.046467097920592046
1467	1	2	0.046466956611332946
1468	0	0	0.48888096339573583
1468	0	1	0.48888096288835914
1468	0	2	0.465379886845554
1468	1	0	0.48990652165018983
1468	1	1	0.04663447402050125
1468	1	2	0.04652849353060903
1469	0	0	0.4909819915394925
1469	0	1	0.4818579157835312
1469	0	2	0.4154734498630075
1469	1	0	0.4746812201819964
1469	1	1	0.05221654355145561
1469	1	2	0.05173286764567071
1470	0	0	0.8040134972177644
1470	0	1	0.615925314417799
1470	0	2	0.3730716682087729
1470	1	0	0.4692098822238614
1470	1	1	0.16224578356313168
1470	1	2	0.16225954200560103
1471	0	0	0.49527852614287327
1471	0	1	0.5026033099395001
1471	0	2	0.4375607580059768
1471	1	0	0.3971968572880655
1471	1	1	0.03658497316825865
1471	1	2	0.03655671570152218
1472	0	0	0.6177780200089413
1472	0	1	0.631149488846547
1472	0	2	0.43679817615203753
1472	1	0	0.38564972903723377
1472	1	1	0.04950731072398086
1472	1	2	0.0471567371156487
1473	0	0	0.626692061875602
1473	0	1	0.6006756974346965
1473	0	2	0.3949998169927752
1473	1	0	0.47459279945873295
1473	1	1	0.03841388921242726
1473	1	2	0.040091682144967514
1474	0	0	0.7011558823676602
1474	0	1	0.7014566225662817
1474	0	2	0.4597782573869834
1474	1	0	0.4460081146156141
1474	1	1	0.032874864678303764
1474	1	2	0.03521059921093625
1475	0	0	0.7098753900759842
1475	0	1	0.6864278839659396
1475	0	2	0.48284739978047586
1475	1	0	0.41339775148481744
1475	1	1	0.03846744144680027
1475	1	2	0.038566604749044234
1476	0	0	0.8433780395426395
1476	0	1	0.8419654354859225
1476	0	2	0.36745155597105394
1476	1	0	0.44084030123819784
1476	1	1	0.06201335618876813
1476	1	2	0.062036764730673516
1477	0	0	0.6488437306024307
1477	0	1	0.6045554139847786
1477	0	2	0.44544256171658136
1477	1	0	0.3737038459761863
1477	1	1	0.15685235668893327
1477	1	2	0.1568755003418326
1478	0	0	0.6967211505392592
1478	0	1	0.6820862103831409
1478	0	2	0.4853290154560933
1478	1	0	0.43949577392444616
1478	1	1	0.021838194165746602
1478	1	2	0.02099451741136471
1479	0	0	0.6223715374146113
1479	0	1	0.6200135490362491
1479	0	2	0.4406385082081289
1479	1	0	0.4738042848216194
1479	1	1	0.04463352229976747
1479	1	2	0.04445931605698426
1480	0	0	0.7098263953745727
1480	0	1	0.6974892478460556
1480	0	2	0.4793120824666316
1480	1	0	0.4866117983809612
1480	1	1	0.032165175026001774
1480	1	2	0.03267011286320878
1481	0	0	0.48055661809007266
1481	0	1	0.4794799924740026
1481	0	2	0.384859968397707
1481	1	0	0.3978157126535717
1481	1	1	0.030772291219228406
1481	1	2	0.030633117268847723
1482	0	0	0.7212185272575472
1482	0	1	0.7065532836406206
1482	0	2	0.4427377584422383
1482	1	0	0.41599717569022293
1482	1	1	0.08314130230658404
1482	1	2	0.08313494780207352
1483	0	0	0.622967387735365
1483	0	1	0.6377519566923394
1483	0	2	0.4492777836446187
1483	1	0	0.40335299748285064
1483	1	1	0.032476729598430676
1483	1	2	0.032645941630764314
1484	0	0	0.6175276008480742
1484	0	1	0.5967452373002258
1484	0	2	0.42638402024806166
1484	1	0	0.4905572232461583
1484	1	1	0.16800476951596957
1484	1	2	0.16536819248866505
1485	0	0	0.5548519177654535
1485	0	1	0.5547779618489485
1485	0	2	0.43182274282763383
1485	1	0	0.491714138754844
1485	1	1	0.059487496527836095
1485	1	2	0.05948746450812642
1486	0	0	0.6220524831373171
1486	0	1	0.6193728818487672
1486	0	2	0.45305869946176575
1486	1	0	0.45953421826305657
1486	1	1	0.14068428920468903
1486	1	2	0.1406397628444725
1487	0	0	0.5801562342367832
1487	0	1	0.540655673344848
1487	0	2	0.4622050293765759
1487	1	0	0.47989434591656654
1487	1	1	0.03313736820086188
1487	1	2	0.033947007344417315
1488	0	0	0.6594454033690756
1488	0	1	0.6541368290827119
1488	0	2	0.4496277442065957
1488	1	0	0.4741112340798087
1488	1	1	0.0232758687529801
1488	1	2	0.023260738382918006
1489	0	0	0.6978570618937071
1489	0	1	0.642713014408699
1489	0	2	0.41047518736074085
1489	1	0	0.4068947694507974
1489	1	1	0.01598518463331028
1489	1	2	0.014809539895016877
1490	0	0	0.48521968061926424
1490	0	1	0.48801309836408746
1490	0	2	0.4319913957628999
1490	1	0	0.42322090989547323
1490	1	1	0.029742250674134774
1490	1	2	0.029751986481116502
1491	0	0	0.808966105845644
1491	0	1	0.7454735004158017
1491	0	2	0.4637482194737942
1491	1	0	0.41448086193813477
1491	1	1	0.03195217493871039
1491	1	2	0.03210597997738719
1492	0	0	0.790403595044266
1492	0	1	0.7942598338558264
1492	0	2	0.4400204364307259
1492	1	0	0.4673834912831574
1492	1	1	0.02656668435192927
1492	1	2	0.026199951456789827
1493	0	0	0.5610918732904634
1493	0	1	0.5297942131004119
1493	0	2	0.38115649844648064
1493	1	0	0.46103880600424385
1493	1	1	0.07159187646326977
1493	1	2	0.07193144747376681
1494	0	0	0.6675363325414752
1494	0	1	0.6649077508515688
1494	0	2	0.4594720563006155
1494	1	0	0.4676135713936092
1494	1	1	0.1464664136354955
1494	1	2	0.1463472464386914
1495	0	0	0.6469502176305257
1495	0	1	0.6346740842546592
1495	0	2	0.42522489389302065
1495	1	0	0.48340732310174184
1495	1	1	0.03429900708111222
1495	1	2	0.034552228464816495
1496	0	0	0.6662894313582168
1496	0	1	0.662168211436506
1496	0	2	0.4474738554615568
1496	1	0	0.42026397431782875
1496	1	1	0.03052012052767558
1496	1	2	0.03144183562702181
1497	0	0	0.508376263959577
1497	0	1	0.5082563676125322
1497	0	2	0.4214471098632684
1497	1	0	0.4124229733102558
1497	1	1	0.03832040556457866
1497	1	2	0.038320704014608215
1498	0	0	0.4925384438212851
1498	0	1	0.4925399227057795
1498	0	2	0.47400603531919105
1498	1	0	0.4925416553068244
1498	1	1	0.15897069162485727
1498	1	2	0.1574987204601952
1499	0	0	0.49804839146310653
1499	0	1	0.4980471163915983
1499	0	2	0.4719647833364009
1499	1	0	0.4980471088080416
1499	1	1	0.05135884847844269
1499	1	2	0.05135884915330642
1500	0	0	0.5989846946703151
1500	0	1	0.5939474987766196
1500	0	2	0.32449638436283823
1500	1	0	0.45649046076314764
1500	1	1	0.11423175875683884
1500	1	2	0.1149187725684688
1501	0	0	0.5659304297383385
1501	0	1	0.5618333953134197
1501	0	2	0.4641879662609283
1501	1	0	0.4666510618769757
1501	1	1	0.027521488182648976
1501	1	2	0.027631363724241312
1502	0	0	0.49425966623886025
1502	0	1	0.4709900368071977
1502	0	2	0.37172584973140244
1502	1	0	0.38170420470897776
1502	1	1	0.11163409973504976
1502	1	2	0.11163409951098223
1503	0	0	0.49185195525628467
1503	0	1	0.49185195525628467
1503	0	2	0.4572798404016238
1503	1	0	0.4857695436612742
1503	1	1	0.040594813376155656
1503	1	2	0.040594813375245384
1504	0	0	0.4908482370932654
1504	0	1	0.4859065417666832
1504	0	2	0.44099869439088996
1504	1	0	0.4373620718312764
1504	1	1	0.10685481086030453
1504	1	2	0.10685479393221704
1505	0	0	0.49202406095570655
1505	0	1	0.49202406095570655
1505	0	2	0.4263543593036906
1505	1	0	0.44769848821732444
1505	1	1	0.02719860078236594
1505	1	2	0.027198600780573623
1506	0	0	0.49507224629295
1506	0	1	0.49507224629295
1506	0	2	0.388936218333009
1506	1	0	0.4907392377196534
1506	1	1	0.05765921904071812
1506	1	2	0.05765916691334229
1507	0	0	0.49016593450978496
1507	0	1	0.49016593450978496
1507	0	2	0.45418902730509864
1507	1	0	0.4769420482545349
1507	1	1	0.1255718581446087
1507	1	2	0.1255718578504278
1508	0	0	0.49418587079652276
1508	0	1	0.49418587079652276
1508	0	2	0.46567809326310194
1508	1	0	0.46958427050743584
1508	1	1	0.018190291064432484
1508	1	2	0.018190233482157384
1509	0	0	0.4977492961926786
1509	0	1	0.49547547450320767
1509	0	2	0.45369532556448117
1509	1	0	0.4915836243959043
1509	1	1	0.02790472640609183
1509	1	2	0.027440851347408313
1510	0	0	0.4760425500795599
1510	0	1	0.4760425500795599
1510	0	2	0.4710224759938769
1510	1	0	0.47049051197628716
1510	1	1	0.060298278730155364
1510	1	2	0.06029809409990945
1511	0	0	0.48648014651052934
1511	0	1	0.48648014651052934
1511	0	2	0.39085529550271186
1511	1	0	0.41384604538407327
1511	1	1	0.027383530040714976
1511	1	2	0.0273834719937619
1512	0	0	0.49914464335500985
1512	0	1	0.49914464335500985
1512	0	2	0.4493008905870626
1512	1	0	0.3371994448066367
1512	1	1	0.03210304991810248
1512	1	2	0.032103049870458394
1513	0	0	0.4954831156544254
1513	0	1	0.4954831156544254
1513	0	2	0.44091136894886007
1513	1	0	0.43569776646733016
1513	1	1	0.059535605238773465
1513	1	2	0.059535605136228215
1514	0	0	0.4777421226180022
1514	0	1	0.4649067532632063
1514	0	2	0.40261122051174014
1514	1	0	0.4176691866854746
1514	1	1	0.09942645963594227
1514	1	2	0.09942638499648832
1515	0	0	0.4982843265808155
1515	0	1	0.4982843265808155
1515	0	2	0.4268926211928578
1515	1	0	0.4704165912730693
1515	1	1	0.03326981875931394
1515	1	2	0.03326974379491848
1516	0	0	0.49551856571481223
1516	0	1	0.49551856571481223
1516	0	2	0.493670309528436
1516	1	0	0.4574250903454058
1516	1	1	0.032471245204810054
1516	1	2	0.0325553406424124
1517	0	0	0.47302289857437446
1517	0	1	0.4716972867636099
1517	0	2	0.40246997985023064
1517	1	0	0.40723651074019873
1517	1	1	0.04300437303540727
1517	1	2	0.04300437303283017
1518	0	0	0.49220816042083343
1518	0	1	0.48629677042128616
1518	0	2	0.43565212805797693
1518	1	0	0.4227793757261551
1518	1	1	0.08072520990596983
1518	1	2	0.0807252097609386
1519	0	0	0.4880795094334707
1519	0	1	0.4880795094334707
1519	0	2	0.45126061758787656
1519	1	0	0.438341195934651
1519	1	1	0.019157891644134395
1519	1	2	0.01915847877412334
1520	0	0	0.4934997298670506
1520	0	1	0.4934997298670506
1520	0	2	0.4848124875144735
1520	1	0	0.4934997298670506
1520	1	1	0.052079711948551016
1520	1	2	0.05207971194490822
1521	0	0	0.49685618358023365
1521	0	1	0.49685618358023365
1521	0	2	0.4353230616341517
1521	1	0	0.49047664364293775
1521	1	1	0.18061530168531667
1521	1	2	0.180615301281
1522	0	0	0.49220474005805787
1522	0	1	0.4908465239692595
1522	0	2	0.478318834332127
1522	1	0	0.25372549519203286
1522	1	1	0.042951908487059584
1522	1	2	0.0429518168295356
1523	0	0	0.48879096508174036
1523	0	1	0.48879096508174036
1523	0	2	0.4378748786228944
1523	1	0	0.4215003851641626
1523	1	1	0.01804770770412073
1523	1	2	0.01807239904956702
1524	0	0	0.49556103590369377
1524	0	1	0.49556103590369377
1524	0	2	0.38980555464214234
1524	1	0	0.46022777037256823
1524	1	1	0.07145992708956878
1524	1	2	0.07145992708894014
1525	0	0	0.49899773728061914
1525	0	1	0.4939753405690215
1525	0	2	0.4755519860621024
1525	1	0	0.39762498035044286
1525	1	1	0.03938106959787749
1525	1	2	0.03938103157940792
1526	0	0	0.4977921308288368
1526	0	1	0.5255365216777327
1526	0	2	0.4366062735460728
1526	1	0	0.42114498847697374
1526	1	1	0.03054788768893056
1526	1	2	0.030780992722689318
1527	0	0	0.4915581931056411
1527	0	1	0.47520908874759443
1527	0	2	0.4722122541857911
1527	1	0	0.41215632953231424
1527	1	1	0.05254567047857442
1527	1	2	0.05254558027669669
1528	0	0	0.5679673840117829
1528	0	1	0.5451951592612141
1528	0	2	0.46734781442304685
1528	1	0	0.48948061201480975
1528	1	1	0.05684320529048928
1528	1	2	0.056858830090018284
1529	0	0	0.47155048676188166
1529	0	1	0.47155048676188166
1529	0	2	0.36758185119001446
1529	1	0	0.42252651575271266
1529	1	1	0.10858323333599147
1529	1	2	0.10858323312307044
1530	0	0	0.6277459436839812
1530	0	1	0.6054794323244588
1530	0	2	0.3711203747612244
1530	1	0	0.4843453387816529
1530	1	1	0.042309670970962485
1530	1	2	0.042309695866571045
1531	0	0	0.4837362329120016
1531	0	1	0.4837362329120016
1531	0	2	0.4499727041356054
1531	1	0	0.3804098493404198
1531	1	1	0.0503246777793437
1531	1	2	0.05032458815278108
1532	0	0	0.5569228747282249
1532	0	1	0.5821756929772404
1532	0	2	0.48558820913249934
1532	1	0	0.4624536691139109
1532	1	1	0.04380859388994676
1532	1	2	0.04369654593997584
1533	0	0	0.48104505592013924
1533	0	1	0.480255520506492
1533	0	2	0.4234708163782403
1533	1	0	0.423381404636194
1533	1	1	0.0369038116267256
1533	1	2	0.036903811624644844
1534	0	0	0.4916843677169655
1534	0	1	0.4916843677169655
1534	0	2	0.3952933132007848
1534	1	0	0.4863178526446436
1534	1	1	0.03973159780884308
1534	1	2	0.039731597806826904
1535	0	0	0.4958326282963488
1535	0	1	0.4958326282963488
1535	0	2	0.4621581525987711
1535	1	0	0.4645961160914817
1535	1	1	0.025730996808720166
1535	1	2	0.025730955566742694
1536	0	0	0.4821246179114962
1536	0	1	0.4821246179114962
1536	0	2	0.43842266230135485
1536	1	0	0.45308978607898576
1536	1	1	0.03640170143472657
1536	1	2	0.03640159266324758
1537	0	0	0.4873753159694285
1537	0	1	0.4873753159694285
1537	0	2	0.42342545125872344
1537	1	0	0.4674837297240944
1537	1	1	0.03691230867153725
1537	1	2	0.036912266268000996
1538	0	0	0.49058603011596635
1538	0	1	0.49058603011596635
1538	0	2	0.4430848898198524
1538	1	0	0.443576859413436
1538	1	1	0.02759945894875039
1538	1	2	0.02760201500419686
1539	0	0	0.49357950903462156
1539	0	1	0.49357950903462156
1539	0	2	0.4093686669975378
1539	1	0	0.43218848564117773
1539	1	1	0.047169998705264046
1539	1	2	0.0471699081423656
1540	0	0	0.49475411561612015
1540	0	1	0.49475411561612015
1540	0	2	0.47281501978936274
1540	1	0	0.3992738890497444
1540	1	1	0.02468683006786483
1540	1	2	0.024686830066452364
1541	0	0	0.4978654938137491
1541	0	1	0.4978654938137491
1541	0	2	0.4505745433204848
1541	1	0	0.4579334930480151
1541	1	1	0.016857114895470718
1541	1	2	0.016857060121863138
1542	0	0	0.4975424794866741
1542	0	1	0.4975424794866741
1542	0	2	0.4370377019181101
1542	1	0	0.4541542375638548
1542	1	1	0.019643256462649195
1542	1	2	0.01974625658160327
1543	0	0	0.4971762802142735
1543	0	1	0.4971762802142735
1543	0	2	0.45525093476536943
1543	1	0	0.4812178625336648
1543	1	1	0.1765244404645135
1543	1	2	0.1765244400697889
1544	0	0	0.4967604212219111
1544	0	1	0.4967604212219111
1544	0	2	0.49054405713425436
1544	1	0	0.49089957134580636
1544	1	1	0.050908106145442264
1544	1	2	0.05091228376085255
1545	0	0	0.49650442975806075
1545	0	1	0.49650442975806075
1545	0	2	0.4423643360246297
1545	1	0	0.4701636221909694
1545	1	1	0.042668533429441755
1545	1	2	0.04267162468036029
1546	0	0	0.5507584017655307
1546	0	1	0.5464168235239257
1546	0	2	0.4583986312992397
1546	1	0	0.4970093739488471
1546	1	1	0.05008843162328136
1546	1	2	0.05008843350039166
1547	0	0	0.4971384072493198
1547	0	1	0.4841902404934846
1547	0	2	0.47067611170054957
1547	1	0	0.35193230082546006
1547	1	1	0.016620983375634085
1547	1	2	0.01662098337536451
1548	0	0	0.5998174392043486
1548	0	1	0.6219020241309432
1548	0	2	0.47258757301526233
1548	1	0	0.47662449027221027
1548	1	1	0.040670559150726454
1548	1	2	0.040435684266825755
1549	0	0	0.49289331269124664
1549	0	1	0.49289331269124664
1549	0	2	0.44494801256607464
1549	1	0	0.48199684494856787
1549	1	1	0.032654319738291956
1549	1	2	0.032298000042469105
1550	0	0	0.598300710984449
1550	0	1	0.5939906363184986
1550	0	2	0.4592048570355913
1550	1	0	0.4597811162366017
1550	1	1	0.08754461699060527
1550	1	2	0.08799022412919098
1551	0	0	0.49686222571998995
1551	0	1	0.49686222571998995
1551	0	2	0.4454610920343679
1551	1	0	0.33221808756114174
1551	1	1	0.03257897675228402
1551	1	2	0.03265975609117634
1552	0	0	0.5564592476938152
1552	0	1	0.5769572826451341
1552	0	2	0.47496638741219266
1552	1	0	0.46899118022507846
1552	1	1	0.05180976968334651
1552	1	2	0.05184926201304514
1553	0	0	0.4902146649906945
1553	0	1	0.4902146649906945
1553	0	2	0.46312880479979923
1553	1	0	0.4818572090834874
1553	1	1	0.04021489009929116
1553	1	2	0.04021886658822113
1554	0	0	0.49785928568985033
1554	0	1	0.49785928568985033
1554	0	2	0.49365345544425104
1554	1	0	0.41136292259686247
1554	1	1	0.03989447139736847
1554	1	2	0.03989437954313432
1555	0	0	0.4849306025011969
1555	0	1	0.4849306025011969
1555	0	2	0.41929804965605083
1555	1	0	0.41156192771285127
1555	1	1	0.02499580063251304
1555	1	2	0.024995688181832537
1556	0	0	0.4967031425423661
1556	0	1	0.4967031425423661
1556	0	2	0.42907472104358885
1556	1	0	0.4514140589799243
1556	1	1	0.0515391579847521
1556	1	2	0.05153912211045619
1557	0	0	0.4923688352167529
1557	0	1	0.4923688352167529
1557	0	2	0.47808449362086775
1557	1	0	0.46343365385773977
1557	1	1	0.054269421376983984
1557	1	2	0.0542694213735883
1558	0	0	0.4898397100258792
1558	0	1	0.4859136069538482
1558	0	2	0.33382222524605815
1558	1	0	0.46289106684703435
1558	1	1	0.04343337106729575
1558	1	2	0.04343654683079569
1559	0	0	0.47509343896961653
1559	0	1	0.47509343896961653
1559	0	2	0.42091545850506573
1559	1	0	0.4605639199681437
1559	1	1	0.016638015042953216
1559	1	2	0.016637956412808755
1560	0	0	0.48368527703684777
1560	0	1	0.48368527703684777
1560	0	2	0.33985261932648436
1560	1	0	0.46880983944401866
1560	1	1	0.03378038589212583
1560	1	2	0.033780298891484525
1561	0	0	0.49584587137674596
1561	0	1	0.49584587137674596
1561	0	2	0.49584587137674646
1561	1	0	0.3979810443956893
1561	1	1	0.03248959312923366
1561	1	2	0.03248954138331997
1562	0	0	0.4952911934443007
1562	0	1	0.4952911934443007
1562	0	2	0.481096035162762
1562	1	0	0.4719864864155241
1562	1	1	0.05551273421109591
1562	1	2	0.055512734207107034
1563	0	0	0.49182884052071085
1563	0	1	0.48592892995807674
1563	0	2	0.4535249883080284
1563	1	0	0.4721877692561448
1563	1	1	0.08941116695831249
1563	1	2	0.08941108182882418
1564	0	0	0.5790963504666233
1564	0	1	0.5768366407206997
1564	0	2	0.47797276808548195
1564	1	0	0.4279872003813264
1564	1	1	0.04985519067610557
1564	1	2	0.049840157654128
1565	0	0	0.5980990968495827
1565	0	1	0.5857825461992625
1565	0	2	0.479890392423709
1565	1	0	0.4540529084031371
1565	1	1	0.09620044024233339
1565	1	2	0.09586091486758398
1566	0	0	0.657942739692749
1566	0	1	0.6449057147791006
1566	0	2	0.4355136760709624
1566	1	0	0.4889648937930224
1566	1	1	0.07513661212669911
1566	1	2	0.0749999759976989
1567	0	0	0.5931047529973259
1567	0	1	0.5478243311135461
1567	0	2	0.4285738519310799
1567	1	0	0.4399653457831746
1567	1	1	0.06756470409732171
1567	1	2	0.06756533407604581
1568	0	0	0.5386803181559281
1568	0	1	0.5183583471707818
1568	0	2	0.48403963425737323
1568	1	0	0.4100059797956746
1568	1	1	0.10991837729430025
1568	1	2	0.10995960897733724
1569	0	0	0.620693857198164
1569	0	1	0.6197885237905241
1569	0	2	0.46582735555292537
1569	1	0	0.48805139224583854
1569	1	1	0.06610928417183908
1569	1	2	0.06610741522936264
1570	0	0	0.6498501868511017
1570	0	1	0.6470488169996248
1570	0	2	0.42403601310767697
1570	1	0	0.317377547709704
1570	1	1	0.0191133416946625
1570	1	2	0.019768287446384675
1571	0	0	0.6011018429176048
1571	0	1	0.5995290655855805
1571	0	2	0.47864941053285
1571	1	0	0.3926862930970661
1571	1	1	0.02738798366593767
1571	1	2	0.02738797195138984
1572	0	0	0.6273386208982179
1572	0	1	0.5623323561263176
1572	0	2	0.4272894465993357
1572	1	0	0.47276564938880383
1572	1	1	0.028673916998557272
1572	1	2	0.028688368138324177
1573	0	0	0.5072480732797443
1573	0	1	0.50675726050631
1573	0	2	0.4353747935309638
1573	1	0	0.372122127688667
1573	1	1	0.03506047914546365
1573	1	2	0.03506712106458647
1574	0	0	0.6236202853784163
1574	0	1	0.6214641273821043
1574	0	2	0.4891925104951028
1574	1	0	0.44595024776386066
1574	1	1	0.02745750044238522
1574	1	2	0.028935055331632806
1575	0	0	0.5542649623296686
1575	0	1	0.5234824078185569
1575	0	2	0.4337741194570143
1575	1	0	0.41445612718584973
1575	1	1	0.04624931647053296
1575	1	2	0.046228758522803406
1576	0	0	0.5632960017884808
1576	0	1	0.5504423802508182
1576	0	2	0.4127170118795616
1576	1	0	0.4618178732844039
1576	1	1	0.03456619782886913
1576	1	2	0.03456289387171073
1577	0	0	0.5573781375423615
1577	0	1	0.5634628108485462
1577	0	2	0.44016957976569515
1577	1	0	0.47365782507858756
1577	1	1	0.033728562427633696
1577	1	2	0.03236177198499923
1578	0	0	0.626519905618667
1578	0	1	0.5606627363398324
1578	0	2	0.4038765156711241
1578	1	0	0.4044931841842337
1578	1	1	0.06323681468442882
1578	1	2	0.06314484445384115
1579	0	0	0.5527518301109698
1579	0	1	0.5337964005810303
1579	0	2	0.4348130865779951
1579	1	0	0.4634155718984571
1579	1	1	0.1328326755372673
1579	1	2	0.13277838617740795
1580	0	0	0.5050189493933264
1580	0	1	0.5213216246101363
1580	0	2	0.4510720390857496
1580	1	0	0.47000945842491565
1580	1	1	0.10288962786500565
1580	1	2	0.10235578414268011
1581	0	0	0.5149233488642209
1581	0	1	0.5154921799783427
1581	0	2	0.46430761591892533
1581	1	0	0.4486495867977701
1581	1	1	0.03153047090629295
1581	1	2	0.031594867130622706
1582	0	0	0.7724545281177957
1582	0	1	0.7487565935966914
1582	0	2	0.42654380914947254
1582	1	0	0.475504880494181
1582	1	1	0.037693820786728116
1582	1	2	0.037688896372330624
1583	0	0	0.5965548366585518
1583	0	1	0.5256204912598232
1583	0	2	0.42619373342201294
1583	1	0	0.44399339076565536
1583	1	1	0.035275836451954964
1583	1	2	0.035275733594057626
1584	0	0	0.5584645242889997
1584	0	1	0.5383382634288598
1584	0	2	0.4838650948770098
1584	1	0	0.463141966874009
1584	1	1	0.03253437223175282
1584	1	2	0.032550179372117266
1585	0	0	0.4871349102676085
1585	0	1	0.4871349102637442
1585	0	2	0.4692753156415264
1585	1	0	0.40263955395580475
1585	1	1	0.029252794242239852
1585	1	2	0.0292362375733123
1586	0	0	0.5644625249772962
1586	0	1	0.5230945353218106
1586	0	2	0.4396987516693586
1586	1	0	0.46084524199499294
1586	1	1	0.054200726138738026
1586	1	2	0.05420072661076461
1587	0	0	0.639373625230554
1587	0	1	0.6195949862628758
1587	0	2	0.42067753854741075
1587	1	0	0.48886852021035415
1587	1	1	0.030295105993540114
1587	1	2	0.029199017867884966
1588	0	0	0.5223885273581457
1588	0	1	0.5123708560885489
1588	0	2	0.46130594626917254
1588	1	0	0.47033453533322384
1588	1	1	0.04113079541955404
1588	1	2	0.04107512294868822
1589	0	0	0.6257847018083214
1589	0	1	0.6078261056887774
1589	0	2	0.44218818747954775
1589	1	0	0.4914929098239926
1589	1	1	0.03650680830272078
1589	1	2	0.03650675415481888
1590	0	0	0.5433802320621175
1590	0	1	0.5441626325060591
1590	0	2	0.4793350196422326
1590	1	0	0.3930356411623622
1590	1	1	0.03400646598540519
1590	1	2	0.035985719026460056
1591	0	0	0.5878723299246684
1591	0	1	0.5656693036961156
1591	0	2	0.46335089222598574
1591	1	0	0.43059250915229097
1591	1	1	0.031017720834957643
1591	1	2	0.03115380693874828
1592	0	0	0.5427228357057512
1592	0	1	0.5294858484758826
1592	0	2	0.4796806221871208
1592	1	0	0.4065503151347799
1592	1	1	0.025741331246748378
1592	1	2	0.0257581174026065
1593	0	0	0.5553008339045218
1593	0	1	0.5521291921297431
1593	0	2	0.464906514727382
1593	1	0	0.46945897211004467
1593	1	1	0.08813044524716346
1593	1	2	0.08813018124951262
1594	0	0	0.6001126959069482
1594	0	1	0.5831216421117158
1594	0	2	0.42934167116216054
1594	1	0	0.4375314884410737
1594	1	1	0.03905934230961895
1594	1	2	0.038966051263031334
1595	0	0	0.49400190500836755
1595	0	1	0.4755984250617823
1595	0	2	0.4154787052837693
1595	1	0	0.47184369678515053
1595	1	1	0.03577543651477817
1595	1	2	0.03577539169755789
1596	0	0	0.49395194678939347
1596	0	1	0.49395194678939347
1596	0	2	0.4707316893002169
1596	1	0	0.487257463125686
1596	1	1	0.033962575307849505
1596	1	2	0.03396689356655276
1597	0	0	0.495219955488045
1597	0	1	0.495219955488045
1597	0	2	0.40105677945337914
1597	1	0	0.47657936886479935
1597	1	1	0.07100580638495643
1597	1	2	0.0710627805441942
1598	0	0	0.47106305048492253
1598	0	1	0.47106305048492253
1598	0	2	0.426694021578276
1598	1	0	0.4663144240966131
1598	1	1	0.08261142309013934
1598	1	2	0.0826113795176197
1599	0	0	0.48997527964679966
1599	0	1	0.48997527964679966
1599	0	2	0.4683157194789311
1599	1	0	0.3978933599800042
1599	1	1	0.017851186931546095
1599	1	2	0.01785268572999099
1600	0	0	0.49009967152013273
1600	0	1	0.4864207638462901
1600	0	2	0.37892879143972485
1600	1	0	0.4724634239946513
1600	1	1	0.03536257609486952
1600	1	2	0.03536248539267177
1601	0	0	0.49376031977714957
1601	0	1	0.49026775640473164
1601	0	2	0.4504179825767125
1601	1	0	0.46817673474020804
1601	1	1	0.04402725201218524
1601	1	2	0.04403049588767262
1602	0	0	0.48821291658280036
1602	0	1	0.48821291658280036
1602	0	2	0.48821291658280036
1602	1	0	0.4040158763019014
1602	1	1	0.03930428775606282
1602	1	2	0.03930428775405495
1603	0	0	0.4821753168904484
1603	0	1	0.4821753168904484
1603	0	2	0.34824826653116925
1603	1	0	0.4332591607186782
1603	1	1	0.055315896844603515
1603	1	2	0.05531582798327585
1604	0	0	0.4965795245719594
1604	0	1	0.4929735809400779
1604	0	2	0.47791375514238094
1604	1	0	0.47282841015186294
1604	1	1	0.03317836665015955
1604	1	2	0.03326465475240678
1605	0	0	0.49101326907319576
1605	0	1	0.49101326907319576
1605	0	2	0.44909439360045494
1605	1	0	0.43478525873565865
1605	1	1	0.04630146560360354
1605	1	2	0.04630138891565813
1606	0	0	0.4875724862974952
1606	0	1	0.4875724862974952
1606	0	2	0.4223925772856779
1606	1	0	0.41456667069830067
1606	1	1	0.03967394987512328
1606	1	2	0.03967394987292963
1607	0	0	0.49812221129534323
1607	0	1	0.49812221129534323
1607	0	2	0.44689416536922777
1607	1	0	0.45751927417295113
1607	1	1	0.03828862437665813
1607	1	2	0.0382922874966483
1608	0	0	0.5234348263893686
1608	0	1	0.504190328579877
1608	0	2	0.43938444408962485
1608	1	0	0.4694521962062845
1608	1	1	0.02515706952705961
1608	1	2	0.02579292718913337
1609	0	0	0.4955362300340477
1609	0	1	0.4876477357310965
1609	0	2	0.347113155411372
1609	1	0	0.4659123907881344
1609	1	1	0.04076962539653782
1609	1	2	0.040769625394367404
1610	0	0	0.6080589613488527
1610	0	1	0.5952829220643809
1610	0	2	0.42861139418177596
1610	1	0	0.4708110580429878
1610	1	1	0.042885314092781596
1610	1	2	0.042885332154989686
1611	0	0	0.4880287074068173
1611	0	1	0.4725040728850678
1611	0	2	0.4323741365663302
1611	1	0	0.46230508921678853
1611	1	1	0.03503986926656007
1611	1	2	0.035167977488812965
1612	0	0	0.5345030317804311
1612	0	1	0.5206477205131526
1612	0	2	0.4342144611218729
1612	1	0	0.4315299773773027
1612	1	1	0.14311905822728377
1612	1	2	0.14324410223447176
1613	0	0	0.4906504975796
1613	0	1	0.4777588351493067
1613	0	2	0.3618123973083919
1613	1	0	0.40249911813762007
1613	1	1	0.135213409260862
1613	1	2	0.13521331714903054
1614	0	0	0.5079327429302883
1614	0	1	0.4783876164923454
1614	0	2	0.4822915317868177
1614	1	0	0.44330122186969784
1614	1	1	0.09407637674458161
1614	1	2	0.09411952792334917
1615	0	0	0.4861142649615533
1615	0	1	0.47158910996642656
1615	0	2	0.4330703287010806
1615	1	0	0.4171798351589951
1615	1	1	0.057022806686974126
1615	1	2	0.05702280659761594
1616	0	0	0.4864633851652681
1616	0	1	0.4864633851652681
1616	0	2	0.45211488755704016
1616	1	0	0.4659866571204695
1616	1	1	0.06563284325755535
1616	1	2	0.0656328076002666
1617	0	0	0.4905431304665054
1617	0	1	0.47788666288910814
1617	0	2	0.47619880247291113
1617	1	0	0.42763882306579853
1617	1	1	0.08882200817084239
1617	1	2	0.08882200801289342
1618	0	0	0.49673644420117596
1618	0	1	0.49673644420117596
1618	0	2	0.4088227001740988
1618	1	0	0.4668134012932656
1618	1	1	0.026902622652935027
1618	1	2	0.026902622650931185
1619	0	0	0.4976930965826776
1619	0	1	0.4976930965826776
1619	0	2	0.4897528729196435
1619	1	0	0.4526319019257545
1619	1	1	0.02705346375941596
1619	1	2	0.027053463759204782
1620	0	0	0.49368432584999666
1620	0	1	0.4738451222355037
1620	0	2	0.471632975235758
1620	1	0	0.3860050028142315
1620	1	1	0.033840396331573014
1620	1	2	0.033914371358953144
1621	0	0	0.48354694274403964
1621	0	1	0.48354694274403964
1621	0	2	0.42161026465955864
1621	1	0	0.44811035960933854
1621	1	1	0.04149501693320613
1621	1	2	0.04149801197986229
1622	0	0	0.48895044829462875
1622	0	1	0.4862671609854412
1622	0	2	0.38645520159358754
1622	1	0	0.4353148432357254
1622	1	1	0.03465057490657235
1622	1	2	0.034650483053647374
1623	0	0	0.48278972031350625
1623	0	1	0.48278972031350625
1623	0	2	0.4106505810793773
1623	1	0	0.43938770765031704
1623	1	1	0.02577095521237878
1623	1	2	0.025752811247688814
1624	0	0	0.4889434930334812
1624	0	1	0.4889434930334812
1624	0	2	0.45404499495323725
1624	1	0	0.44846744492316165
1624	1	1	0.052913736511453036
1624	1	2	0.052913582100551845
1625	0	0	0.4754112851235716
1625	0	1	0.47421192844790544
1625	0	2	0.4593160728054209
1625	1	0	0.34036869914348444
1625	1	1	0.027754503162154276
1625	1	2	0.027754422512193233
1626	0	0	0.5453733579805927
1626	0	1	0.5671076659173713
1626	0	2	0.44887839013610364
1626	1	0	0.4616719857380145
1626	1	1	0.049290941924291454
1626	1	2	0.048587256864545264
1627	0	0	0.6044967113193969
1627	0	1	0.5892860130028126
1627	0	2	0.4584188660744356
1627	1	0	0.4913725509213425
1627	1	1	0.30277662755738605
1627	1	2	0.3293438167962896
1628	0	0	0.5288927649411195
1628	0	1	0.5207393046443836
1628	0	2	0.4646612926275877
1628	1	0	0.477428421195931
1628	1	1	0.39898978844821587
1628	1	2	0.40109331511359764
1629	0	0	0.6179051163009266
1629	0	1	0.5813365807606757
1629	0	2	0.425051554735955
1629	1	0	0.4344508222997099
1629	1	1	0.09007620076446275
1629	1	2	0.09215512663830995
1630	0	0	0.5782746662375489
1630	0	1	0.5617879211863329
1630	0	2	0.4046079795654276
1630	1	0	0.386265519914785
1630	1	1	0.10276819223185844
1630	1	2	0.10584210040916728
1631	0	0	0.6557750977336525
1631	0	1	0.6137680833962936
1631	0	2	0.3949157267254315
1631	1	0	0.45850496768113025
1631	1	1	0.04305104533185321
1631	1	2	0.04561908103453251
1632	0	0	0.5290782015602318
1632	0	1	0.5230690129551088
1632	0	2	0.4346790103217736
1632	1	0	0.42727581541904797
1632	1	1	0.035228313545009576
1632	1	2	0.034565299337387764
1633	0	0	0.6494928153290679
1633	0	1	0.6337268632521841
1633	0	2	0.5514752232765613
1633	1	0	0.460923270631007
1633	1	1	0.11871854939224853
1633	1	2	0.12087387673193843
1634	0	0	0.599939091135806
1634	0	1	0.5997415000909879
1634	0	2	0.4655012179637048
1634	1	0	0.44374614003432045
1634	1	1	0.09249409728637599
1634	1	2	0.09672771939440444
1635	0	0	0.5931949846684095
1635	0	1	0.6067256785345712
1635	0	2	0.49311722073230835
1635	1	0	0.405172694999619
1635	1	1	0.028253167319317152
1635	1	2	0.0282531077003743
1636	0	0	0.5635195333060559
1636	0	1	0.5583126304055753
1636	0	2	0.3983036241051362
1636	1	0	0.46919520123010755
1636	1	1	0.07039975414024231
1636	1	2	0.07041296834897191
1637	0	0	0.6140596243037609
1637	0	1	0.5559307420450704
1637	0	2	0.4709621449597056
1637	1	0	0.42086410183762374
1637	1	1	0.03577043118210767
1637	1	2	0.035770431091705565
1638	0	0	0.5892589979532212
1638	0	1	0.5052856240954203
1638	0	2	0.45835947313158887
1638	1	0	0.4625010103892128
1638	1	1	0.06423759056321626
1638	1	2	0.06420981069991832
1639	0	0	0.7346816399053868
1639	0	1	0.6354371399324923
1639	0	2	0.48899360827830624
1639	1	0	0.4158813663159879
1639	1	1	0.017245981850105563
1639	1	2	0.017209988879962557
1640	0	0	0.7038606675773809
1640	0	1	0.5791615051018331
1640	0	2	0.416519273695632
1640	1	0	0.49388863820323237
1640	1	1	0.06088141887339485
1640	1	2	0.060882946407636696
1641	0	0	0.6210408919729995
1641	0	1	0.6260783500020861
1641	0	2	0.49243662449322384
1641	1	0	0.47034942219614073
1641	1	1	0.033479450350724235
1641	1	2	0.03348087241694671
1642	0	0	0.5698266649095626
1642	0	1	0.5881374585767702
1642	0	2	0.4948428141987211
1642	1	0	0.46838758806462216
1642	1	1	0.04369320473775104
1642	1	2	0.043665157014373485
1643	0	0	0.5046651212593207
1643	0	1	0.5368990519813345
1643	0	2	0.41576728908211213
1643	1	0	0.4569931338410583
1643	1	1	0.039524375012225194
1643	1	2	0.03952198085025936
1644	0	0	0.5314482619850222
1644	0	1	0.4938665525116282
1644	0	2	0.3913648564454082
1644	1	0	0.45905188427617344
1644	1	1	0.01775538088666502
1644	1	2	0.01779266066601677
1645	0	0	0.5885101157508945
1645	0	1	0.5522342279892716
1645	0	2	0.424277940271705
1645	1	0	0.4189227635561623
1645	1	1	0.0348074054873546
1645	1	2	0.034805595765917866
1646	0	0	0.6463452913511794
1646	0	1	0.6612519223695247
1646	0	2	0.4219775146312853
1646	1	0	0.4862676733331327
1646	1	1	0.06464825509804731
1646	1	2	0.06462571165439666
1647	0	0	0.5415611558605355
1647	0	1	0.48768404699060885
1647	0	2	0.38725579657222065
1647	1	0	0.4660456088378519
1647	1	1	0.036455616775592475
1647	1	2	0.036028976918594635
1648	0	0	0.6532211391263685
1648	0	1	0.5965373162106504
1648	0	2	0.3827794173118969
1648	1	0	0.45807653339178384
1648	1	1	0.03197074928096107
1648	1	2	0.031960569277128245
1649	0	0	0.6237407583246782
1649	0	1	0.6163065086844699
1649	0	2	0.42929803684301565
1649	1	0	0.399210064507679
1649	1	1	0.06100480106608923
1649	1	2	0.06100480089870705
1650	0	0	0.7791330476521074
1650	0	1	0.599516953679716
1650	0	2	0.43228245397953846
1650	1	0	0.4566611462033459
1650	1	1	0.0452621456850843
1650	1	2	0.045275345719199944
1651	0	0	0.598916123945453
1651	0	1	0.543653218818493
1651	0	2	0.413023329305796
1651	1	0	0.4248551539325843
1651	1	1	0.0903560522360616
1651	1	2	0.09052315305514828
1652	0	0	0.5982090127104123
1652	0	1	0.5240146564322389
1652	0	2	0.40793451298995764
1652	1	0	0.44982353801853797
1652	1	1	0.11600811144873426
1652	1	2	0.12380879530733492
1653	0	0	0.6168566234783468
1653	0	1	0.5943004800038215
1653	0	2	0.47647673849507544
1653	1	0	0.4742842358480846
1653	1	1	0.16261695688911804
1653	1	2	0.1802687277677302
1654	0	0	0.7425912953677929
1654	0	1	0.741248324847455
1654	0	2	0.5065485610292629
1654	1	0	0.42309516554071414
1654	1	1	0.12055165380983308
1654	1	2	0.12040156247548847
1655	0	0	0.589079326231256
1655	0	1	0.5992467506580277
1655	0	2	0.46324893381071014
1655	1	0	0.46998332441492213
1655	1	1	0.016468289739403577
1655	1	2	0.041068882700104364
1656	0	0	0.7979415774829233
1656	0	1	0.7576430319977288
1656	0	2	0.42337328844432476
1656	1	0	0.458268489334745
1656	1	1	0.05476076900711385
1656	1	2	0.0562940026790429
1657	0	0	0.7233041807337681
1657	0	1	0.6690558825885956
1657	0	2	0.42583560029081924
1657	1	0	0.43715244194342984
1657	1	1	0.09936004411321471
1657	1	2	0.10000281446342864
1658	0	0	0.6628130540089308
1658	0	1	0.6720674604675495
1658	0	2	0.46041697928394
1658	1	0	0.4027057854618695
1658	1	1	0.060641187362131255
1658	1	2	0.06064116629635949
1659	0	0	0.6519231946882278
1659	0	1	0.6491532762377739
1659	0	2	0.4609997603348994
1659	1	0	0.4444109849582163
1659	1	1	0.019317896982847846
1659	1	2	0.016763347115909294
1660	0	0	0.6306403169287603
1660	0	1	0.6237101174558843
1660	0	2	0.4663519122192209
1660	1	0	0.45393333075963804
1660	1	1	0.038890033975408064
1660	1	2	0.038890037793029686
1661	0	0	0.5363303759509117
1661	0	1	0.5020350745668061
1661	0	2	0.45679120540053214
1661	1	0	0.41426548186929213
1661	1	1	0.07846086575873314
1661	1	2	0.07845499342723772
1662	0	0	0.5601126314275563
1662	0	1	0.5206535506697552
1662	0	2	0.4495151183860006
1662	1	0	0.4830004757102728
1662	1	1	0.15349576169178497
1662	1	2	0.15349924072074195
1663	0	0	0.6037275798403708
1663	0	1	0.5393668557961113
1663	0	2	0.4400349440006882
1663	1	0	0.44097541552543573
1663	1	1	0.17468190145951393
1663	1	2	0.1746816885433926
1664	0	0	0.5955343425694029
1664	0	1	0.6035001925532186
1664	0	2	0.418699165675752
1664	1	0	0.47982668789842664
1664	1	1	0.11891693248086935
1664	1	2	0.12066319300729478
1665	0	0	0.6479615749370787
1665	0	1	0.6367107443432782
1665	0	2	0.3357225376267278
1665	1	0	0.28811403330937535
1665	1	1	0.06904247344450112
1665	1	2	0.0792800891052221
1666	0	0	0.5988319179941082
1666	0	1	0.5095854540101732
1666	0	2	0.3983949156725474
1666	1	0	0.32985396236117365
1666	1	1	0.2160001492318846
1666	1	2	0.25177588946629365
1667	0	0	0.923538668076488
1667	0	1	0.7601238896905802
1667	0	2	0.45963474585296493
1667	1	0	0.3952369694366278
1667	1	1	0.0888084127812925
1667	1	2	0.09742715005002348
1668	0	0	0.5432097312837052
1668	0	1	0.5434771996531911
1668	0	2	0.4111842382213816
1668	1	0	0.40011276970109544
1668	1	1	0.04654377209975964
1668	1	2	0.07791682553258995
1669	0	0	0.6662551936902039
1669	0	1	0.6217090362214437
1669	0	2	0.44627606200650327
1669	1	0	0.4732422970202936
1669	1	1	0.0588927232632238
1669	1	2	0.055646738819021505
1670	0	0	0.5864180156631229
1670	0	1	0.5130733678232167
1670	0	2	0.4853201780537877
1670	1	0	0.4631569509430704
1670	1	1	0.04552368846977811
1670	1	2	0.04559498084316192
1671	0	0	0.6461511855393698
1671	0	1	0.5863162422651338
1671	0	2	0.3833351331280288
1671	1	0	0.458360215580377
1671	1	1	0.03692738937940175
1671	1	2	0.03615262012252912
1672	0	0	0.6155261439420802
1672	0	1	0.5929469759198944
1672	0	2	0.41585491055591395
1672	1	0	0.43173165291095483
1672	1	1	0.018491395497096247
1672	1	2	0.01858926144092983
1673	0	0	0.5936817447332511
1673	0	1	0.5705203236679922
1673	0	2	0.4230250562891368
1673	1	0	0.4541634424429494
1673	1	1	0.4609235562653482
1673	1	2	0.46332485159090303
1674	0	0	0.6390369484994549
1674	0	1	0.6034839949289201
1674	0	2	0.45541520205885666
1674	1	0	0.47923148080798694
1674	1	1	0.05734340146167616
1674	1	2	0.0573367337858046
1675	0	0	0.6207743795499523
1675	0	1	0.589165868783893
1675	0	2	0.3812686924997944
1675	1	0	0.4796951606948343
1675	1	1	0.03995713546983744
1675	1	2	0.03987833228266119
1676	0	0	0.6534861642560392
1676	0	1	0.6414736096201246
1676	0	2	0.47133019629549133
1676	1	0	0.46065589038659727
1676	1	1	0.11222603921984046
1676	1	2	0.1122670168190267
1677	0	0	0.566455302621699
1677	0	1	0.5808872643754328
1677	0	2	0.43282101001190854
1677	1	0	0.46630294221428187
1677	1	1	0.021739775109982915
1677	1	2	0.052939886880703876
1678	0	0	0.7571533101734258
1678	0	1	0.7315072471926973
1678	0	2	0.36396096288293733
1678	1	0	0.44948573059389724
1678	1	1	0.045836061484297
1678	1	2	0.04584020371301742
1679	0	0	0.8031668022191605
1679	0	1	0.7805702603047475
1679	0	2	0.37897936283468436
1679	1	0	0.44025712068081607
1679	1	1	0.0989909925566748
1679	1	2	0.10108445734906907
1680	0	0	0.7600048586595972
1680	0	1	0.7041166973392576
1680	0	2	0.4039379427326335
1680	1	0	0.4438684844378299
1680	1	1	0.033801180027802594
1680	1	2	0.0341100722290667
1681	0	0	0.7325406232817401
1681	0	1	0.7716349925114763
1681	0	2	0.4539302520146007
1681	1	0	0.4746886148631056
1681	1	1	0.08104933703581628
1681	1	2	0.08872876196361895
1682	0	0	0.8105936056459009
1682	0	1	0.8056383915132639
1682	0	2	0.43046746949275505
1682	1	0	0.43426082741332667
1682	1	1	0.044952121426843836
1682	1	2	0.0597182432536949
1683	0	0	0.754690017442324
1683	0	1	0.7335761724625274
1683	0	2	0.4646211527815046
1683	1	0	0.4630825033908231
1683	1	1	0.059134785679869226
1683	1	2	0.06362289576124946
1684	0	0	0.7116985117348646
1684	0	1	0.709508301642743
1684	0	2	0.48559310683516177
1684	1	0	0.43157959681211105
1684	1	1	0.03132692337607708
1684	1	2	0.031499076973921306
1685	0	0	0.750460037127675
1685	0	1	0.7583425418706965
1685	0	2	0.42781658096429964
1685	1	0	0.4224247135052717
1685	1	1	0.08818221898530003
1685	1	2	0.08809855566639231
1686	0	0	0.5922656130006838
1686	0	1	0.5955692840430492
1686	0	2	0.4219036198538778
1686	1	0	0.4602700222609832
1686	1	1	0.06789968102803015
1686	1	2	0.07674145924676776
1687	0	0	0.6194004233733124
1687	0	1	0.5865304490117674
1687	0	2	0.4227857095864914
1687	1	0	0.48112460427093023
1687	1	1	0.05309529529598425
1687	1	2	0.05320711659731123
1688	0	0	0.7497337471571262
1688	0	1	0.7193545564456671
1688	0	2	0.39883159470434126
1688	1	0	0.35570822493361204
1688	1	1	0.01683458331078691
1688	1	2	0.029823488903798975
1689	0	0	0.7200463291176349
1689	0	1	0.6584744239838509
1689	0	2	0.48201270378425376
1689	1	0	0.4348344491499355
1689	1	1	0.03863280554582303
1689	1	2	0.03898081933212412
1690	0	0	0.7723848983827744
1690	0	1	0.808545860749533
1690	0	2	0.36405894496753755
1690	1	0	0.481583081867021
1690	1	1	0.03093330146612472
1690	1	2	0.03289886498826047
1691	0	0	0.8244147025945177
1691	0	1	0.7661253463292013
1691	0	2	0.39801871577721704
1691	1	0	0.42373088170429735
1691	1	1	0.08110419644975703
1691	1	2	0.08108486175871003
1692	0	0	0.5984622462717978
1692	0	1	0.5256440944055096
1692	0	2	0.4527220247497229
1692	1	0	0.46606507066546365
1692	1	1	0.058980245113103
1692	1	2	0.058916832489860085
1693	0	0	0.7024151492135489
1693	0	1	0.7014960529421781
1693	0	2	0.48815390030292455
1693	1	0	0.44068093503015004
1693	1	1	0.04597230125194425
1693	1	2	0.046418214782488504
1694	0	0	0.7465047653413175
1694	0	1	0.7195249474788907
1694	0	2	0.4948855057729648
1694	1	0	0.397986618279586
1694	1	1	0.04518437534376199
1694	1	2	0.04434732599247486
1695	0	0	0.6649233852981585
1695	0	1	0.6497593196673163
1695	0	2	0.4189125013676164
1695	1	0	0.4388889525619504
1695	1	1	0.03682037022648209
1695	1	2	0.03677163318373132
1696	0	0	0.8991797800111626
1696	0	1	0.8979001497402321
1696	0	2	0.3665689838054149
1696	1	0	0.4134348126897939
1696	1	1	0.024869364885744996
1696	1	2	0.02489952006014802
1697	0	0	0.6884910555624257
1697	0	1	0.656084330150893
1697	0	2	0.4234387988913376
1697	1	0	0.49069889487166646
1697	1	1	0.03790519826230185
1697	1	2	0.037921076769964854
1698	0	0	0.6440762301448272
1698	0	1	0.5678149013074146
1698	0	2	0.46061973283104085
1698	1	0	0.45031622347477834
1698	1	1	0.04409794005966783
1698	1	2	0.04334839527133408
1699	0	0	0.7912404683019942
1699	0	1	0.7492044428402578
1699	0	2	0.5100670707960812
1699	1	0	0.45940202244465633
1699	1	1	0.027423021873368272
1699	1	2	0.02748286535070607
1700	0	0	0.6727500806127185
1700	0	1	0.6162941085572957
1700	0	2	0.40909499864206544
1700	1	0	0.46408036311961753
1700	1	1	0.0563932416596937
1700	1	2	0.06322141630837741
1701	0	0	0.7836929535463033
1701	0	1	0.7557338694526714
1701	0	2	0.4048656428129739
1701	1	0	0.39732299300826684
1701	1	1	0.029319535196145413
1701	1	2	0.030559353344046122
1702	0	0	0.8051237646684538
1702	0	1	0.791580830815138
1702	0	2	0.4449258249003477
1702	1	0	0.4468584058214503
1702	1	1	0.03905153009637122
1702	1	2	0.04710905957411174
1703	0	0	0.7218323551847694
1703	0	1	0.6952183218416215
1703	0	2	0.4725160725324526
1703	1	0	0.3900782574500758
1703	1	1	0.03547146204691071
1703	1	2	0.035799955618763826
1704	0	0	0.9285947170577955
1704	0	1	0.8399827424388286
1704	0	2	0.5051738067802932
1704	1	0	0.3874618369289405
1704	1	1	0.0392286795919064
1704	1	2	0.03922867865774746
1705	0	0	0.8475377532633062
1705	0	1	0.7947873751399803
1705	0	2	0.4540198297860022
1705	1	0	0.42107104601956613
1705	1	1	0.03740527597896329
1705	1	2	0.03743337606041386
1706	0	0	0.7406601192517291
1706	0	1	0.7279054691100939
1706	0	2	0.4260979421784656
1706	1	0	0.41265532256398924
1706	1	1	0.02059425096650387
1706	1	2	0.020732174470691866
1707	0	0	0.8322526279094209
1707	0	1	0.8467220735980494
1707	0	2	0.4708711841180948
1707	1	0	0.42574809372316
1707	1	1	0.024788002228847694
1707	1	2	0.024787771567700054
1708	0	0	0.6727886853029141
1708	0	1	0.657603257053559
1708	0	2	0.43117489716095225
1708	1	0	0.487352427365328
1708	1	1	0.0586056212702383
1708	1	2	0.058605673422061674
1709	0	0	0.6649670358784384
1709	0	1	0.6291519396663225
1709	0	2	0.45829473722151204
1709	1	0	0.358992745295546
1709	1	1	0.03933741514227332
1709	1	2	0.04526333896622005
1710	0	0	0.7348292857678496
1710	0	1	0.7139102523101137
1710	0	2	0.4770353686879933
1710	1	0	0.4101497682039499
1710	1	1	0.05066283679644938
1710	1	2	0.0506627238457595
1711	0	0	0.6763834057606626
1711	0	1	0.6692026857098917
1711	0	2	0.4864550262898907
1711	1	0	0.4844992991381973
1711	1	1	0.0461832920666112
1711	1	2	0.04541982137314521
1712	0	0	0.7079457320195581
1712	0	1	0.6619750094458647
1712	0	2	0.4684973187717273
1712	1	0	0.47799557526659614
1712	1	1	0.04556243161337224
1712	1	2	0.04572462039806825
1713	0	0	0.8924565326403628
1713	0	1	0.8594064409399962
1713	0	2	0.49004748457187264
1713	1	0	0.4879135877263022
1713	1	1	0.10959110950713624
1713	1	2	0.12353917057361852
1714	0	0	0.5787122205195593
1714	0	1	0.5422004654095598
1714	0	2	0.32434889822177626
1714	1	0	0.40122045028365205
1714	1	1	0.06573206656473726
1714	1	2	0.06581037295155556
1715	0	0	0.7746186098672323
1715	0	1	0.7217512911187693
1715	0	2	0.46136153470871666
1715	1	0	0.4329327435810218
1715	1	1	0.033733778644630105
1715	1	2	0.03365837831694986
1716	0	0	0.711228608863947
1716	0	1	0.5592464331100864
1716	0	2	0.44917137501106813
1716	1	0	0.48361760472779164
1716	1	1	0.03674358663950694
1716	1	2	0.036740771552035145
1717	0	0	0.7261530244968619
1717	0	1	0.7446715129056602
1717	0	2	0.4709236636458157
1717	1	0	0.37729256149255197
1717	1	1	0.0365554490016113
1717	1	2	0.03785929179406479
1718	0	0	0.6054961442382021
1718	0	1	0.6334753931039263
1718	0	2	0.45043910800801235
1718	1	0	0.39720305962968044
1718	1	1	0.03432686043679144
1718	1	2	0.02977395208239944
1719	0	0	0.7356484648782113
1719	0	1	0.6757559555192716
1719	0	2	0.47907950868861526
1719	1	0	0.45449634648361414
1719	1	1	0.03353747711545693
1719	1	2	0.03478846235620857
1720	0	0	0.7829216521155817
1720	0	1	0.760940101716121
1720	0	2	0.4679771291448275
1720	1	0	0.44737794024830346
1720	1	1	0.09700965433540273
1720	1	2	0.10446176910896943
1721	0	0	0.6430333509993102
1721	0	1	0.6234943134491284
1721	0	2	0.3880369611306919
1721	1	0	0.4873051637021629
1721	1	1	0.03165385129260562
1721	1	2	0.04056790519004516
1722	0	0	0.7033665500341186
1722	0	1	0.7433986332267758
1722	0	2	0.4659137206867561
1722	1	0	0.4828896772455876
1722	1	1	0.09489827682988634
1722	1	2	0.09943058595813078
1723	0	0	0.8472723247090909
1723	0	1	0.7126993016092437
1723	0	2	0.4509488766691058
1723	1	0	0.45013958785559155
1723	1	1	0.04101749181915748
1723	1	2	0.036248113675441215
1724	0	0	0.7780012366717475
1724	0	1	0.7200848109629379
1724	0	2	0.44094787501531774
1724	1	0	0.4532605537702897
1724	1	1	0.1007592378781969
1724	1	2	0.10172459369785435
1725	0	0	0.7111943124621066
1725	0	1	0.7163952532234312
1725	0	2	0.41211111797576794
1725	1	0	0.42228069359807424
1725	1	1	0.04950203446160349
1725	1	2	0.04950203653930986
1726	0	0	0.6114816875459081
1726	0	1	0.5523847824340602
1726	0	2	0.4967478674859287
1726	1	0	0.3180448138500297
1726	1	1	0.14461066775402215
1726	1	2	0.1446660376411692
1727	0	0	0.6709233381179658
1727	0	1	0.6497426817171217
1727	0	2	0.4760002007189188
1727	1	0	0.4686624662626967
1727	1	1	0.022712245937391545
1727	1	2	0.022710651008333513
1728	0	0	0.648249759905995
1728	0	1	0.6401938705336442
1728	0	2	0.4838063972436958
1728	1	0	0.45041137011486515
1728	1	1	0.04667555222360108
1728	1	2	0.044609439495841716
1729	0	0	0.7452653840937908
1729	0	1	0.7371497849600341
1729	0	2	0.48831037353079965
1729	1	0	0.42175991515606615
1729	1	1	0.10300577744848619
1729	1	2	0.1027765010971453
1730	0	0	0.6922552254719789
1730	0	1	0.6230041266373968
1730	0	2	0.4772754599952739
1730	1	0	0.4601942221381033
1730	1	1	0.06121671126887025
1730	1	2	0.06121671346129895
1731	0	0	0.603599636562494
1731	0	1	0.536680497976103
1731	0	2	0.4420043343301653
1731	1	0	0.47570710882521483
1731	1	1	0.0683091411300547
1731	1	2	0.06624302691381674
1732	0	0	0.6399333318925252
1732	0	1	0.6100069442015501
1732	0	2	0.4620417825731071
1732	1	0	0.4154795458450961
1732	1	1	0.02619396534159045
1732	1	2	0.026193882589510817
1733	0	0	0.6489314596733127
1733	0	1	0.6079001166164943
1733	0	2	0.511760730889075
1733	1	0	0.4392269624390764
1733	1	1	0.06151665088627048
1733	1	2	0.06174704598887401
1734	0	0	0.8581555967587187
1734	0	1	0.7848336518002312
1734	0	2	0.40923343389105116
1734	1	0	0.47528313651521825
1734	1	1	0.03475289392897907
1734	1	2	0.06480815508965711
1735	0	0	0.7471889137239548
1735	0	1	0.711751659654188
1735	0	2	0.4262801175451266
1735	1	0	0.4382021702726367
1735	1	1	0.03425418277785837
1735	1	2	0.03425013208129524
1736	0	0	0.6531727397582889
1736	0	1	0.5753382426716425
1736	0	2	0.4333186506466204
1736	1	0	0.45591001336104964
1736	1	1	0.05156181574923106
1736	1	2	0.05156181479607169
1737	0	0	0.6128720901620666
1737	0	1	0.6289177190514502
1737	0	2	0.48456227425785403
1737	1	0	0.46387992086230445
1737	1	1	0.06560783425626235
1737	1	2	0.06560783596389719
1738	0	0	0.7601374000865707
1738	0	1	0.6654714900317649
1738	0	2	0.4814560286263266
1738	1	0	0.48031318105251064
1738	1	1	0.05607068668751976
1738	1	2	0.0550473786955146
1739	0	0	0.6535167969428202
1739	0	1	0.6503997355372073
1739	0	2	0.4250577234911229
1739	1	0	0.4341464211230796
1739	1	1	0.13734618900873552
1739	1	2	0.1370127516675212
1740	0	0	0.6777252235987214
1740	0	1	0.6777252235987214
1740	0	2	0.491348205740905
1740	1	0	0.46560069294399076
1740	1	1	0.11114564186017076
1740	1	2	0.11784517571032323
1741	0	0	0.7391455717766873
1741	0	1	0.6132533378600566
1741	0	2	0.43244487031366463
1741	1	0	0.4690143233504924
1741	1	1	0.02137310662711904
1741	1	2	0.02239621245161265
1742	0	0	0.584901626773302
1742	0	1	0.5532043613284422
1742	0	2	0.42526335860318315
1742	1	0	0.43287282768183233
1742	1	1	0.02340201247287471
1742	1	2	0.02309121763258877
1743	0	0	0.5933935595319704
1743	0	1	0.5049477887057903
1743	0	2	0.3949270755822607
1743	1	0	0.45284806989398657
1743	1	1	0.04782874233661724
1743	1	2	0.047828779041974426
1744	0	0	0.8025362880388254
1744	0	1	0.7056602046679089
1744	0	2	0.360837813343696
1744	1	0	0.436130011441791
1744	1	1	0.045767921217733196
1744	1	2	0.0450991514771243
1745	0	0	0.648357679039628
1745	0	1	0.6441822711457892
1745	0	2	0.3902623256647878
1745	1	0	0.4520320274097913
1745	1	1	0.03665646361668812
1745	1	2	0.03667003266193623
1746	0	0	0.7030551786725531
1746	0	1	0.5335114393728448
1746	0	2	0.3777151169133967
1746	1	0	0.4641616349734808
1746	1	1	0.027471305613744612
1746	1	2	0.027487421533934436
1747	0	0	0.6522614215508961
1747	0	1	0.6462918511049962
1747	0	2	0.48236611072895086
1747	1	0	0.46527649565715257
1747	1	1	0.05767060421560542
1747	1	2	0.05767066841314458
1748	0	0	0.6500124846885373
1748	0	1	0.6147891468670116
1748	0	2	0.4334089936084612
1748	1	0	0.41694621218786576
1748	1	1	0.02105247231990877
1748	1	2	0.020917223235938934
1749	0	0	0.6976862104420507
1749	0	1	0.6306834195222139
1749	0	2	0.4610507139230343
1749	1	0	0.49292797088075113
1749	1	1	0.044664117811625104
1749	1	2	0.04456090973781396
1750	0	0	0.7064099410710831
1750	0	1	0.7131221870735824
1750	0	2	0.38693491987097883
1750	1	0	0.4792755131076355
1750	1	1	0.027851857419520648
1750	1	2	0.02785384641262209
1751	0	0	0.6109134457462639
1751	0	1	0.5908015216205023
1751	0	2	0.4126458631903158
1751	1	0	0.4725981177423119
1751	1	1	0.127635121094599
1751	1	2	0.12778732297061074
1752	0	0	0.6943740160615395
1752	0	1	0.6412402335771515
1752	0	2	0.3753379303703978
1752	1	0	0.40216483937211384
1752	1	1	0.017525249506406798
1752	1	2	0.018233500537343725
1753	0	0	0.78024080524718
1753	0	1	0.7748440814759173
1753	0	2	0.43106719371344177
1753	1	0	0.40011582149593766
1753	1	1	0.039426978556004424
1753	1	2	0.039426957741972954
1754	0	0	0.7819189103199062
1754	0	1	0.7718018545292437
1754	0	2	0.4768016767236969
1754	1	0	0.44720062090528906
1754	1	1	0.03920848445946826
1754	1	2	0.0522062832687854
1755	0	0	0.8244729475260772
1755	0	1	0.7377372614071039
1755	0	2	0.4709660762977056
1755	1	0	0.4680471845938492
1755	1	1	0.1008424689049647
1755	1	2	0.09457338241482138
1756	0	0	0.6196822756341198
1756	0	1	0.6277599041960753
1756	0	2	0.4284499736497907
1756	1	0	0.44797599725798437
1756	1	1	0.052791051589957824
1756	1	2	0.05661236162687765
1757	0	0	0.7942391336121113
1757	0	1	0.780049824205044
1757	0	2	0.3897813165555195
1757	1	0	0.36589560561954126
1757	1	1	0.03261511385187911
1757	1	2	0.03461547780666559
1758	0	0	0.6011510928407973
1758	0	1	0.5593281631919513
1758	0	2	0.2847599715002373
1758	1	0	0.47442339130970895
1758	1	1	0.07217017715799384
1758	1	2	0.07217074200522736
1759	0	0	0.673879413287672
1759	0	1	0.6742978618830041
1759	0	2	0.44343485483104383
1759	1	0	0.48446985894320954
1759	1	1	0.05820731495642477
1759	1	2	0.05821590244770686
1760	0	0	0.7221631845622892
1760	0	1	0.6815573527129433
1760	0	2	0.45901407857656185
1760	1	0	0.4533836517773676
1760	1	1	0.03743527519818447
1760	1	2	0.03743526433329071
1761	0	0	0.7686525519115552
1761	0	1	0.7547578231089362
1761	0	2	0.42525569904937743
1761	1	0	0.432545093980145
1761	1	1	0.03241740490993131
1761	1	2	0.03264936002293159
1762	0	0	0.8187115807878589
1762	0	1	0.7399705182489126
1762	0	2	0.4760607216286148
1762	1	0	0.46797833490164226
1762	1	1	0.0253149709663764
1762	1	2	0.028320252927097597
1763	0	0	0.664111764300729
1763	0	1	0.6312792498227047
1763	0	2	0.39194970613402963
1763	1	0	0.46671698846265947
1763	1	1	0.07768725983702122
1763	1	2	0.08259829043081168
1764	0	0	0.7629922209966138
1764	0	1	0.7177579731648472
1764	0	2	0.33555994186538973
1764	1	0	0.3909127105404258
1764	1	1	0.0283680409087433
1764	1	2	0.029462080569378754
1765	0	0	0.6385158678850461
1765	0	1	0.5951424437784079
1765	0	2	0.5042391386639201
1765	1	0	0.4819012500863808
1765	1	1	0.06381343930882247
1765	1	2	0.06316659996349343
1766	0	0	0.759532602803521
1766	0	1	0.7056144400828569
1766	0	2	0.4811142179831258
1766	1	0	0.47159549908920256
1766	1	1	0.04767012627650773
1766	1	2	0.047516595003986764
1767	0	0	0.7158854525690105
1767	0	1	0.6332116935894672
1767	0	2	0.44494541373257956
1767	1	0	0.46029047213730834
1767	1	1	0.08461599778034494
1767	1	2	0.08465147172750764
1768	0	0	0.6739516488961231
1768	0	1	0.594467639653091
1768	0	2	0.4540322509748139
1768	1	0	0.46405802738660024
1768	1	1	0.014936266673849466
1768	1	2	0.01654149131809024
1769	0	0	0.6699118804302465
1769	0	1	0.5989670577375767
1769	0	2	0.3891788806506137
1769	1	0	0.48252810830316445
1769	1	1	0.11304369371550572
1769	1	2	0.11290844281137274
1770	0	0	0.6847457353771947
1770	0	1	0.6647514763774378
1770	0	2	0.4169756757207238
1770	1	0	0.42990635914792585
1770	1	1	0.11560686348408615
1770	1	2	0.11470337227795933
1771	0	0	0.5987825162125993
1771	0	1	0.5826441738057955
1771	0	2	0.4496306814131431
1771	1	0	0.36805031719208203
1771	1	1	0.04918145578522884
1771	1	2	0.04965333326409409
1772	0	0	0.6907378414838286
1772	0	1	0.6797635193813779
1772	0	2	0.45269409748287814
1772	1	0	0.3671812021184558
1772	1	1	0.04248531927370129
1772	1	2	0.042485355937241315
1773	0	0	0.7181122239695567
1773	0	1	0.7089309568284339
1773	0	2	0.48291317534627554
1773	1	0	0.486491347348671
1773	1	1	0.14513620983591838
1773	1	2	0.14513629261214708
1774	0	0	0.7765371473704203
1774	0	1	0.7643212158695387
1774	0	2	0.4121304221852933
1774	1	0	0.43227008046181753
1774	1	1	0.06151534266313735
1774	1	2	0.06151534380516206
1775	0	0	0.6783525299735642
1775	0	1	0.6627047627946312
1775	0	2	0.4433570094811272
1775	1	0	0.491497543614935
1775	1	1	0.0601638871279665
1775	1	2	0.06011009796403359
1776	0	0	0.7381844226358375
1776	0	1	0.7265386230960638
1776	0	2	0.46751777596807165
1776	1	0	0.4129923788170686
1776	1	1	0.012594866656966158
1776	1	2	0.012833364647127019
1777	0	0	0.6025624717030532
1777	0	1	0.6035939206432793
1777	0	2	0.3710614376623222
1777	1	0	0.4427874484379579
1777	1	1	0.04999199341025572
1777	1	2	0.05010542156506996
1778	0	0	0.6907479112560246
1778	0	1	0.6839447988009784
1778	0	2	0.42935667266941646
1778	1	0	0.452498305605291
1778	1	1	0.06844494242474146
1778	1	2	0.08219340269963313
1779	0	0	0.9233404216658585
1779	0	1	0.9007222930314377
1779	0	2	0.41249806876372974
1779	1	0	0.47226774979329655
1779	1	1	0.09141588512012527
1779	1	2	0.0919018463273969
1780	0	0	0.7447204213794012
1780	0	1	0.6533699367685157
1780	0	2	0.46022446486048163
1780	1	0	0.4899981952894056
1780	1	1	0.04632800356706278
1780	1	2	0.045821373167630006
1781	0	0	0.7273279136812685
1781	0	1	0.6054060074295444
1781	0	2	0.454972006668493
1781	1	0	0.4186470087580234
1781	1	1	0.04212671730650383
1781	1	2	0.04211195742237567
1782	0	0	0.5523959415459041
1782	0	1	0.5679489380222362
1782	0	2	0.4369117327283122
1782	1	0	0.43698013731538365
1782	1	1	0.05112572643613125
1782	1	2	0.050637812298173435
1783	0	0	0.7333532790860121
1783	0	1	0.7075132315255617
1783	0	2	0.3188279881986571
1783	1	0	0.45550357189781876
1783	1	1	0.0428406169209528
1783	1	2	0.04284077409994333
1784	0	0	0.7129647362311043
1784	0	1	0.7105805337088452
1784	0	2	0.45604153138149117
1784	1	0	0.4896944364059759
1784	1	1	0.019075344208640405
1784	1	2	0.018338813466343862
1785	0	0	0.7420253320680481
1785	0	1	0.6742663765792529
1785	0	2	0.47172791863630636
1785	1	0	0.4426544700627438
1785	1	1	0.02751246366955508
1785	1	2	0.02753644740148853
1786	0	0	0.7916215396560122
1786	0	1	0.7749610930213444
1786	0	2	0.4514306250060653
1786	1	0	0.4140403338563993
1786	1	1	0.07414066859242978
1786	1	2	0.07380675147773633
1787	0	0	0.6685141719976105
1787	0	1	0.6597114271859109
1787	0	2	0.43670495772709406
1787	1	0	0.4209013544276201
1787	1	1	0.13504428645145988
1787	1	2	0.13504409105384577
1788	0	0	0.6430613812935733
1788	0	1	0.6188302676065162
1788	0	2	0.4520680010077914
1788	1	0	0.41903697424263014
1788	1	1	0.03684726360519261
1788	1	2	0.036971885368363086
1789	0	0	0.8109536999292531
1789	0	1	0.7465665777731076
1789	0	2	0.3414429184253625
1789	1	0	0.42922155735369
1789	1	1	0.05683252565078373
1789	1	2	0.062401879260067586
1790	0	0	0.7714466855503419
1790	0	1	0.7445557713181659
1790	0	2	0.49293119961069637
1790	1	0	0.47773433461801085
1790	1	1	0.16379832365509014
1790	1	2	0.17425118077225465
1791	0	0	0.5019812479951983
1791	0	1	0.49949575962353165
1791	0	2	0.4125991851322799
1791	1	0	0.4731337034492124
1791	1	1	0.07107235851411188
1791	1	2	0.06185411349064612
1792	0	0	0.6356885760953576
1792	0	1	0.6268558323804896
1792	0	2	0.48627593711316164
1792	1	0	0.47826161753723817
1792	1	1	0.026025903032122946
1792	1	2	0.02394913230054993
1793	0	0	0.6386227227530715
1793	0	1	0.5882645706192589
1793	0	2	0.42988951821118104
1793	1	0	0.491121696730398
1793	1	1	0.03450280543077759
1793	1	2	0.04254705805375371
1794	0	0	0.6170110690110059
1794	0	1	0.6214117177386411
1794	0	2	0.4826682682420249
1794	1	0	0.42726742125167655
1794	1	1	0.03641727591467307
1794	1	2	0.03675631596137016
1795	0	0	0.5692616700891606
1795	0	1	0.5879748145174769
1795	0	2	0.45225018132327865
1795	1	0	0.4881450376439363
1795	1	1	0.03631445870302033
1795	1	2	0.03692976675889792
1796	0	0	0.6760666604877031
1796	0	1	0.6414967381794136
1796	0	2	0.46796059807465895
1796	1	0	0.40612581238413614
1796	1	1	0.09459498808697764
1796	1	2	0.09467378933110829
1797	0	0	0.7671056910351475
1797	0	1	0.7222832630946778
1797	0	2	0.480378555172019
1797	1	0	0.36476915810791677
1797	1	1	0.01670436329612969
1797	1	2	0.015511547957971203
1798	0	0	0.5931321612454495
1798	0	1	0.5957272410134353
1798	0	2	0.4492156967449583
1798	1	0	0.47105312617181755
1798	1	1	0.07042520919501136
1798	1	2	0.057833771746119894
1799	0	0	0.6174080701252344
1799	0	1	0.6144340290529514
1799	0	2	0.48793338546219833
1799	1	0	0.3938241711688847
1799	1	1	0.037136885604670725
1799	1	2	0.035736705251759524
1800	0	0	0.6623740683440205
1800	0	1	0.6232925381128276
1800	0	2	0.4380523556346153
1800	1	0	0.45839938515994033
1800	1	1	0.04236973411450126
1800	1	2	0.04202731481914833
1801	0	0	0.6371233226574181
1801	0	1	0.6312495779551037
1801	0	2	0.48066176010837225
1801	1	0	0.4874018094249527
1801	1	1	0.03525845527093771
1801	1	2	0.03523864188596726
1802	0	0	0.5806654600906872
1802	0	1	0.5746862404696031
1802	0	2	0.46525384472598785
1802	1	0	0.4914139319503308
1802	1	1	0.03912465435975987
1802	1	2	0.039124657854288175
1803	0	0	0.5853836652015374
1803	0	1	0.5836903382887078
1803	0	2	0.4081845992570722
1803	1	0	0.45124390743141024
1803	1	1	0.024990344256904967
1803	1	2	0.02497739172530268
1804	0	0	0.5840906967168504
1804	0	1	0.5931719911354723
1804	0	2	0.4092707235102281
1804	1	0	0.414575049030536
1804	1	1	0.055632525196953164
1804	1	2	0.05564537126727509
1805	0	0	0.618302463709313
1805	0	1	0.5979292430708231
1805	0	2	0.33897467488318034
1805	1	0	0.4687215408950155
1805	1	1	0.11446441120777844
1805	1	2	0.11510679149484915
1806	0	0	0.6648087235745559
1806	0	1	0.5754285203996168
1806	0	2	0.42338287995123813
1806	1	0	0.4605654851412282
1806	1	1	0.05323009474319991
1806	1	2	0.053230180599784474
1807	0	0	0.7714162517318579
1807	0	1	0.6830769577606405
1807	0	2	0.450573764743449
1807	1	0	0.4131975388637191
1807	1	1	0.037944758373881574
1807	1	2	0.03794265939345269
1808	0	0	0.6785039493680753
1808	0	1	0.6543280370759615
1808	0	2	0.5047968012452169
1808	1	0	0.4901088916846943
1808	1	1	0.04330532683550463
1808	1	2	0.05633211149711441
1809	0	0	0.5673518400558838
1809	0	1	0.533991769039585
1809	0	2	0.48742272009007515
1809	1	0	0.4838574658783239
1809	1	1	0.08560858317726856
1809	1	2	0.08989318771065959
1810	0	0	0.6135341166365699
1810	0	1	0.6005964089547415
1810	0	2	0.4457284109826008
1810	1	0	0.4803655873764144
1810	1	1	0.05298255542373559
1810	1	2	0.05287522395017065
1811	0	0	0.6301533026521036
1811	0	1	0.6214137360812357
1811	0	2	0.47181421056104833
1811	1	0	0.406834680127206
1811	1	1	0.023515714215130254
1811	1	2	0.023356063010632075
1812	0	0	0.7396654843382787
1812	0	1	0.7043229970783497
1812	0	2	0.4320768564143875
1812	1	0	0.4146672942162426
1812	1	1	0.0706138378549078
1812	1	2	0.07108387089376085
1813	0	0	0.6571104408793036
1813	0	1	0.6135223073547804
1813	0	2	0.46637422842161813
1813	1	0	0.47980396409933856
1813	1	1	0.054875670738935636
1813	1	2	0.05411333894836967
1814	0	0	0.5509260820828367
1814	0	1	0.5251327572667909
1814	0	2	0.4421918350300187
1814	1	0	0.44869465939198083
1814	1	1	0.13214536215001646
1814	1	2	0.13214804082259488
1815	0	0	0.654114302475455
1815	0	1	0.5736735871724312
1815	0	2	0.4265229500932184
1815	1	0	0.37642522176830945
1815	1	1	0.024357965140649585
1815	1	2	0.024388044074826934
1816	0	0	0.5940269680871193
1816	0	1	0.5760499403843208
1816	0	2	0.4317022245506408
1816	1	0	0.46748840824090615
1816	1	1	0.04680486874940451
1816	1	2	0.04688732492370373
1817	0	0	0.5972707151032773
1817	0	1	0.5707187923092841
1817	0	2	0.46403583397848824
1817	1	0	0.4492610089248923
1817	1	1	0.055336034097128256
1817	1	2	0.05578542111793004
1818	0	0	0.6588944114954693
1818	0	1	0.6341263486551683
1818	0	2	0.47317432369813095
1818	1	0	0.42555909610988846
1818	1	1	0.03546628882915753
1818	1	2	0.03597402208457631
1819	0	0	0.6931240301808093
1819	0	1	0.6116193124225575
1819	0	2	0.45320653680851763
1819	1	0	0.48878976508809246
1819	1	1	0.03827842430739521
1819	1	2	0.03797146305323382
1820	0	0	0.6999449252178118
1820	0	1	0.5681315256659591
1820	0	2	0.46751135862586957
1820	1	0	0.43504087270607655
1820	1	1	0.12175888935613563
1820	1	2	0.13281100253849254
1821	0	0	0.6107798624931273
1821	0	1	0.522515546556249
1821	0	2	0.3897008562642562
1821	1	0	0.43607783657372584
1821	1	1	0.034613956838828244
1821	1	2	0.033923940918289
1822	0	0	0.7837489376759602
1822	0	1	0.7472408407212388
1822	0	2	0.4602293299780069
1822	1	0	0.46906494121840486
1822	1	1	0.12048288805943785
1822	1	2	0.1214323144326693
1823	0	0	0.7066987317557487
1823	0	1	0.6957464384420056
1823	0	2	0.4700253886630599
1823	1	0	0.4318654835261177
1823	1	1	0.01785571101491712
1823	1	2	0.017862311970203437
1824	0	0	0.6384132512274616
1824	0	1	0.6411850613039207
1824	0	2	0.4786610406604921
1824	1	0	0.4269382496362416
1824	1	1	0.09568343621630195
1824	1	2	0.09568338406003549
1825	0	0	0.6405751341931019
1825	0	1	0.548714603380583
1825	0	2	0.47347451351664027
1825	1	0	0.4109047221015681
1825	1	1	0.033681643666322564
1825	1	2	0.03382488963459758
1826	0	0	0.7411420343042827
1826	0	1	0.7542474162168773
1826	0	2	0.427682325416634
1826	1	0	0.4531792571379943
1826	1	1	0.06564678250372805
1826	1	2	0.06559112831000952
1827	0	0	0.6992928606574793
1827	0	1	0.7012427436043562
1827	0	2	0.49548674808852977
1827	1	0	0.46915276192293004
1827	1	1	0.053810257466741715
1827	1	2	0.05911643871533677
1828	0	0	0.7408653642381238
1828	0	1	0.7283275884765258
1828	0	2	0.4262405539761551
1828	1	0	0.46623129334705726
1828	1	1	0.032825548419560105
1828	1	2	0.03378275654456289
1829	0	0	0.6000083171912114
1829	0	1	0.6038951906595229
1829	0	2	0.4479819335978745
1829	1	0	0.4677897067477914
1829	1	1	0.029959853561909874
1829	1	2	0.039965605741390575
1830	0	0	0.6903887897161844
1830	0	1	0.6582954404342103
1830	0	2	0.4632856079867025
1830	1	0	0.4809470645545775
1830	1	1	0.1377618655637185
1830	1	2	0.13774766437325836
1831	0	0	0.5564112442946185
1831	0	1	0.5609686465545134
1831	0	2	0.433559054440841
1831	1	0	0.3749569665245079
1831	1	1	0.0356509685964531
1831	1	2	0.035613712094153566
1832	0	0	0.5345930497013024
1832	0	1	0.534300331356439
1832	0	2	0.4894923990230539
1832	1	0	0.4474685838156637
1832	1	1	0.04688042320647948
1832	1	2	0.046895583266383406
1833	0	0	0.6211074489643204
1833	0	1	0.5848026373169001
1833	0	2	0.46464387824837955
1833	1	0	0.3807142245511755
1833	1	1	0.11711011829401251
1833	1	2	0.11707323563029123
1834	0	0	0.7418961272585416
1834	0	1	0.6922284760133697
1834	0	2	0.4432544837720003
1834	1	0	0.4419031310830509
1834	1	1	0.031783910283472896
1834	1	2	0.031783620804335305
1835	0	0	0.8493728267710849
1835	0	1	0.8250868014605828
1835	0	2	0.4933682986137275
1835	1	0	0.4497381784213371
1835	1	1	0.026951457284298833
1835	1	2	0.02653353841760199
1836	0	0	0.758895289755523
1836	0	1	0.7159529817512132
1836	0	2	0.3838748015514317
1836	1	0	0.4464303647430043
1836	1	1	0.02606641345424704
1836	1	2	0.02575050349834848
1837	0	0	0.6566056663901789
1837	0	1	0.6346106392763937
1837	0	2	0.46560065446875465
1837	1	0	0.4767438308255328
1837	1	1	0.06338696362709155
1837	1	2	0.06338725310112063
1838	0	0	0.8389756055327002
1838	0	1	0.8132635616359274
1838	0	2	0.5104709352710325
1838	1	0	0.4407564350952651
1838	1	1	0.031758249846549375
1838	1	2	0.03257758197498564
1839	0	0	0.6787868501086313
1839	0	1	0.6434718995816007
1839	0	2	0.42096344836339944
1839	1	0	0.4462266499830293
1839	1	1	0.029830283577767694
1839	1	2	0.030302118966191283
1840	0	0	0.7680410444879082
1840	0	1	0.7492266466713495
1840	0	2	0.4738894424601665
1840	1	0	0.475199210931796
1840	1	1	0.06840627405983904
1840	1	2	0.06883905232073152
1841	0	0	0.8205429038181768
1841	0	1	0.8233683569478529
1841	0	2	0.4052041811567184
1841	1	0	0.46455810393555064
1841	1	1	0.08436587412376345
1841	1	2	0.08426178115809162
1842	0	0	0.9084893531277973
1842	0	1	0.8393956697806237
1842	0	2	0.45764996413293113
1842	1	0	0.47311236544541024
1842	1	1	0.13532398017897856
1842	1	2	0.13533141176807909
1843	0	0	0.7399027944269523
1843	0	1	0.6395418127954632
1843	0	2	0.4237253569841719
1843	1	0	0.4475178974019183
1843	1	1	0.03973133104511027
1843	1	2	0.03973133300609341
1844	0	0	0.7098589947361024
1844	0	1	0.6662337524842756
1844	0	2	0.48172115957215356
1844	1	0	0.4151300910209528
1844	1	1	0.03320448384849768
1844	1	2	0.033215046708845036
1845	0	0	0.6376081175539021
1845	0	1	0.6255078517427197
1845	0	2	0.41290463822506546
1845	1	0	0.4694054227155282
1845	1	1	0.061009974258110694
1845	1	2	0.06101055621528556
1846	0	0	0.5984930797096497
1846	0	1	0.6045772011281958
1846	0	2	0.4898430484410029
1846	1	0	0.4801332369868322
1846	1	1	0.06544410219024807
1846	1	2	0.06550321997068242
1847	0	0	0.693910126569381
1847	0	1	0.6874873554649056
1847	0	2	0.4890162329616682
1847	1	0	0.45278933609469224
1847	1	1	0.053850144591437415
1847	1	2	0.053834384454566245
1848	0	0	0.7581755511409991
1848	0	1	0.7471275352549763
1848	0	2	0.47289965105619214
1848	1	0	0.4806585154701992
1848	1	1	0.06354228803622566
1848	1	2	0.0635236918115256
1849	0	0	0.6877856380756608
1849	0	1	0.6858655608305724
1849	0	2	0.4172362933459884
1849	1	0	0.4579702860758319
1849	1	1	0.05095695794956619
1849	1	2	0.05095606447427148
1850	0	0	0.6745170841122601
1850	0	1	0.6364636605476814
1850	0	2	0.46511235564629944
1850	1	0	0.48585621183500055
1850	1	1	0.17302002223705618
1850	1	2	0.1755210131289481
1851	0	0	0.6519974712529537
1851	0	1	0.6277198037217779
1851	0	2	0.4394891414857852
1851	1	0	0.44227453004823514
1851	1	1	0.039121962483988054
1851	1	2	0.04063602736316553
1852	0	0	0.7082713958724958
1852	0	1	0.7077206460556089
1852	0	2	0.510690141459986
1852	1	0	0.4795549726408937
1852	1	1	0.05529905852146945
1852	1	2	0.05460673242807225
1853	0	0	0.8012805043279216
1853	0	1	0.7557517542081839
1853	0	2	0.4566765408332165
1853	1	0	0.44873999063669456
1853	1	1	0.08891860388671065
1853	1	2	0.09264557837614673
1854	0	0	0.6995199691434865
1854	0	1	0.6989694025492703
1854	0	2	0.46762298144217407
1854	1	0	0.3736759306797967
1854	1	1	0.033108504249601156
1854	1	2	0.035778432990659886
1855	0	0	0.7925100810905483
1855	0	1	0.7486099672368223
1855	0	2	0.434895231686548
1855	1	0	0.3390903794797836
1855	1	1	0.028326869019195344
1855	1	2	0.02610928243370768
1856	0	0	0.7078729024288886
1856	0	1	0.6459143322171151
1856	0	2	0.45170536604782174
1856	1	0	0.3871535167696708
1856	1	1	0.05488203486148553
1856	1	2	0.05485215975714067
1857	0	0	0.7650726183717886
1857	0	1	0.617417911547899
1857	0	2	0.4980630015867563
1857	1	0	0.3396024606889398
1857	1	1	0.05573241757720204
1857	1	2	0.05572856116026009
1858	0	0	0.6324103041949318
1858	0	1	0.6290793524486804
1858	0	2	0.4211129367637555
1858	1	0	0.41271421956854043
1858	1	1	0.029179951218910316
1858	1	2	0.030127884501108843
1859	0	0	0.6804074797722901
1859	0	1	0.6503914532971073
1859	0	2	0.4503359060401869
1859	1	0	0.4368616235177043
1859	1	1	0.029348899626716135
1859	1	2	0.0287218157563133
1860	0	0	0.6823768079703121
1860	0	1	0.6372484476275017
1860	0	2	0.4292717322032893
1860	1	0	0.4350906608785344
1860	1	1	0.04326054057279116
1860	1	2	0.04476686642380141
1861	0	0	0.825066380674125
1861	0	1	0.6981070523779986
1861	0	2	0.4175902345040964
1861	1	0	0.4545114425782384
1861	1	1	0.03322817391599421
1861	1	2	0.03333005631953875
1862	0	0	0.6408507485143571
1862	0	1	0.6457654148405558
1862	0	2	0.47408976870491953
1862	1	0	0.46881508438463343
1862	1	1	0.03779399691786438
1862	1	2	0.0378542832287682
1863	0	0	0.6733032432627575
1863	0	1	0.6270826541164407
1863	0	2	0.4055214231686701
1863	1	0	0.40226844214696256
1863	1	1	0.048080597441741965
1863	1	2	0.047996932901437764
1864	0	0	0.752929600676106
1864	0	1	0.6567279243089541
1864	0	2	0.46877696011307335
1864	1	0	0.48355353653475436
1864	1	1	0.04340080803548346
1864	1	2	0.043402841374196616
1865	0	0	0.6221233530944438
1865	0	1	0.5963444453734315
1865	0	2	0.4862899795619849
1865	1	0	0.3024545177901012
1865	1	1	0.048267070796227704
1865	1	2	0.0383730184480576
1866	0	0	0.6487723669769248
1866	0	1	0.6563620457452863
1866	0	2	0.44250721442284846
1866	1	0	0.4633414498602118
1866	1	1	0.04103771694131658
1866	1	2	0.03803244718125026
1867	0	0	0.5910869191154943
1867	0	1	0.6011091172596673
1867	0	2	0.48756814250610514
1867	1	0	0.36535185143951354
1867	1	1	0.03156484784141873
1867	1	2	0.0251163684967559
1868	0	0	0.6044976002949236
1868	0	1	0.5740451311904857
1868	0	2	0.4525663481282176
1868	1	0	0.3972452432208683
1868	1	1	0.026929656389468787
1868	1	2	0.026866059770935466
1869	0	0	0.6107649843474192
1869	0	1	0.5723633065645257
1869	0	2	0.48290149288806916
1869	1	0	0.41158185924093577
1869	1	1	0.03284711868703144
1869	1	2	0.03305695176835356
1870	0	0	0.6333848377694956
1870	0	1	0.6328987961675068
1870	0	2	0.4147642016615677
1870	1	0	0.39106157821541615
1870	1	1	0.029996082080637657
1870	1	2	0.029983924186145317
1871	0	0	0.6122241844360077
1871	0	1	0.5608052190846768
1871	0	2	0.4199771406548245
1871	1	0	0.4238937049764307
1871	1	1	0.05713066257433033
1871	1	2	0.05713905562491062
1872	0	0	0.7094788742957867
1872	0	1	0.6696683654691793
1872	0	2	0.4740403806776955
1872	1	0	0.4724433247861782
1872	1	1	0.10548309692760281
1872	1	2	0.10572477199482562
1873	0	0	0.5286401779635906
1873	0	1	0.5380350190212881
1873	0	2	0.489211096885782
1873	1	0	0.35702145253804585
1873	1	1	0.027148550803830288
1873	1	2	0.02714662728992699
1874	0	0	0.5974330616753192
1874	0	1	0.5988082697122967
1874	0	2	0.48818196882937537
1874	1	0	0.45847075366191203
1874	1	1	0.03128337306145214
1874	1	2	0.03136098724727446
1875	0	0	0.6089011976039276
1875	0	1	0.5985917391917355
1875	0	2	0.2758981340810266
1875	1	0	0.4130344595742407
1875	1	1	0.06919470294168927
1875	1	2	0.06930380490037248
1876	0	0	0.7145234369162266
1876	0	1	0.6562514752323212
1876	0	2	0.32182266927895137
1876	1	0	0.43110800967251284
1876	1	1	0.10274744708363513
1876	1	2	0.10273745157475603
1877	0	0	0.7230648182192994
1877	0	1	0.6988238159711373
1877	0	2	0.452612801702726
1877	1	0	0.42583164014356506
1877	1	1	0.03026043239104627
1877	1	2	0.03094179811151153
1878	0	0	0.8452408331722796
1878	0	1	0.7475120245446885
1878	0	2	0.4053763445973321
1878	1	0	0.4563349089144164
1878	1	1	0.039076303555195493
1878	1	2	0.04020985069546183
1879	0	0	0.6428648192058883
1879	0	1	0.5660921603702568
1879	0	2	0.46837086699170516
1879	1	0	0.48037058952937145
1879	1	1	0.05074546473523442
1879	1	2	0.050754024122269564
1880	0	0	0.5068059838523367
1880	0	1	0.48993950833101274
1880	0	2	0.4587886907375015
1880	1	0	0.48753270158770784
1880	1	1	0.027603204390821798
1880	1	2	0.02763982050442626
1881	0	0	0.49283813779596714
1881	0	1	0.4901414485973563
1881	0	2	0.41856034271286024
1881	1	0	0.406399980399231
1881	1	1	0.030371515726192802
1881	1	2	0.030371510614283767
1882	0	0	0.5561421862856968
1882	0	1	0.5160870792719408
1882	0	2	0.4559275585392265
1882	1	0	0.46899288459405275
1882	1	1	0.10376733863395365
1882	1	2	0.10369397622215452
1883	0	0	0.5069891042277533
1883	0	1	0.5000897450036811
1883	0	2	0.4180821118475435
1883	1	0	0.4793656048772601
1883	1	1	0.07046355464690993
1883	1	2	0.0704574092400996
1884	0	0	0.6605588711657031
1884	0	1	0.6611515559607017
1884	0	2	0.4604720864165952
1884	1	0	0.3983984221881256
1884	1	1	0.05302634938404591
1884	1	2	0.05301321278185382
1885	0	0	0.4898429454533814
1885	0	1	0.4881792701966906
1885	0	2	0.4030949373705589
1885	1	0	0.48185962523501175
1885	1	1	0.13129759247936063
1885	1	2	0.13117229990162949
1886	0	0	0.5664477585603689
1886	0	1	0.536608552388264
1886	0	2	0.46062852762337814
1886	1	0	0.4785015617240639
1886	1	1	0.05540905660210342
1886	1	2	0.05540905910436132
1887	0	0	0.47479227733129414
1887	0	1	0.4746801784752653
1887	0	2	0.41626173260240945
1887	1	0	0.4699898310073081
1887	1	1	0.052678338472684064
1887	1	2	0.05270786832529277
1888	0	0	0.5310749270090084
1888	0	1	0.46796833697786966
1888	0	2	0.37049839116104055
1888	1	0	0.43470794181501443
1888	1	1	0.034151299548173086
1888	1	2	0.03415299173922379
1889	0	0	0.6149733059643235
1889	0	1	0.5175149765692
1889	0	2	0.4237492126117647
1889	1	0	0.4956528004434116
1889	1	1	0.037608458309774495
1889	1	2	0.03792037303717875
1890	0	0	0.7325959861328235
1890	0	1	0.6347771292370826
1890	0	2	0.4542559677757093
1890	1	0	0.4665435175068954
1890	1	1	0.058628022906466196
1890	1	2	0.058401783939976484
1891	0	0	0.5750079844248892
1891	0	1	0.574682997798952
1891	0	2	0.4341099275940855
1891	1	0	0.46917908298609245
1891	1	1	0.04212649041026266
1891	1	2	0.04135247344132098
1892	0	0	0.5679753415923168
1892	0	1	0.5849510117977729
1892	0	2	0.43964962701755983
1892	1	0	0.41514089603757015
1892	1	1	0.02679823237831888
1892	1	2	0.027379234796710353
1893	0	0	0.6237660420438568
1893	0	1	0.6282215585259221
1893	0	2	0.4511160975723531
1893	1	0	0.38988958908666815
1893	1	1	0.04345164501424624
1893	1	2	0.04369501583537584
1894	0	0	0.5708184312034873
1894	0	1	0.5819530230609606
1894	0	2	0.4837216321413004
1894	1	0	0.4825810960863399
1894	1	1	0.03665507585580259
1894	1	2	0.0366550746676679
1895	0	0	0.6686816072354597
1895	0	1	0.6361985527453802
1895	0	2	0.405142953866771
1895	1	0	0.44640364713976827
1895	1	1	0.12351373599974196
1895	1	2	0.12154619745426798
1896	0	0	0.5981812614658689
1896	0	1	0.5669480963614161
1896	0	2	0.45847264480007943
1896	1	0	0.36786958021710914
1896	1	1	0.05164038724735201
1896	1	2	0.0505169259065929
1897	0	0	0.6911422141630763
1897	0	1	0.6042582519063253
1897	0	2	0.46812495912205
1897	1	0	0.455154901790463
1897	1	1	0.18150969622019175
1897	1	2	0.20773565919287584
1898	0	0	0.6598216651573254
1898	0	1	0.6803518633891459
1898	0	2	0.39829314966773083
1898	1	0	0.4449719341827621
1898	1	1	0.04844837316614661
1898	1	2	0.05029396972664413
1899	0	0	0.645564763924615
1899	0	1	0.6251040264091876
1899	0	2	0.3690362300637561
1899	1	0	0.3985407442079491
1899	1	1	0.031114065651658085
1899	1	2	0.04786685484903204
1900	0	0	0.9098502985544504
1900	0	1	0.9249723617526598
1900	0	2	0.47284199199601135
1900	1	0	0.3867235731211756
1900	1	1	0.01283545952696813
1900	1	2	0.02341504579148962
1901	0	0	0.5886642307179517
1901	0	1	0.547004817093384
1901	0	2	0.46090258336798706
1901	1	0	0.36441123898835415
1901	1	1	0.02614189862175746
1901	1	2	0.026509009969141517
1902	0	0	0.6874437060796089
1902	0	1	0.6281937930030199
1902	0	2	0.4865651289177989
1902	1	0	0.4756529890486292
1902	1	1	0.044770075127118975
1902	1	2	0.044469721641764784
1903	0	0	0.6983429465229134
1903	0	1	0.6527063484271316
1903	0	2	0.42608554189033065
1903	1	0	0.4767489995940934
1903	1	1	0.07462575860372829
1903	1	2	0.07443371738413358
1904	0	0	0.7158645752494909
1904	0	1	0.7025586452892019
1904	0	2	0.4590295858285844
1904	1	0	0.46675428756084625
1904	1	1	0.05054174956395968
1904	1	2	0.0549594015489835
1905	0	0	0.8363431915869892
1905	0	1	0.7653910815170356
1905	0	2	0.478502047903302
1905	1	0	0.42916684826040863
1905	1	1	0.057758998928900004
1905	1	2	0.057750703749675364
1906	0	0	0.6239526230102368
1906	0	1	0.5826467266064388
1906	0	2	0.43140261601655416
1906	1	0	0.4377028034469021
1906	1	1	0.027241842177561967
1906	1	2	0.0282024272266293
1907	0	0	0.7007715992127684
1907	0	1	0.6499205607303343
1907	0	2	0.49772775254633467
1907	1	0	0.48962481814699377
1907	1	1	0.06305863581179856
1907	1	2	0.1264557707574227
1908	0	0	0.652887120255179
1908	0	1	0.6385066822329352
1908	0	2	0.4643033186119295
1908	1	0	0.4830087272326947
1908	1	1	0.05540558080195537
1908	1	2	0.0745787866841124
1909	0	0	0.8030325445095003
1909	0	1	0.7671108135709592
1909	0	2	0.4428150989448431
1909	1	0	0.4445564695543568
1909	1	1	0.040519820160079684
1909	1	2	0.08955721490277598
1910	0	0	0.6551283961737067
1910	0	1	0.6547685804071817
1910	0	2	0.4905934763328617
1910	1	0	0.4448165219079242
1910	1	1	0.06089592733492252
1910	1	2	0.060228298473003775
1911	0	0	0.6668627145953072
1911	0	1	0.614298221994159
1911	0	2	0.48662732836193534
1911	1	0	0.4320223766128208
1911	1	1	0.0331617532834107
1911	1	2	0.03262547740086755
1912	0	0	0.6445904602819559
1912	0	1	0.6391517224657431
1912	0	2	0.3848555923040641
1912	1	0	0.4466801295952781
1912	1	1	0.025146008605878248
1912	1	2	0.025146014182107518
1913	0	0	0.6897210399724741
1913	0	1	0.7087441307624966
1913	0	2	0.4607520146248301
1913	1	0	0.4042123279277525
1913	1	1	0.07626398216164854
1913	1	2	0.07557142028801478
1914	0	0	0.681967488956976
1914	0	1	0.7053260138521826
1914	0	2	0.4619060624243375
1914	1	0	0.4172927236633571
1914	1	1	0.061693071756730736
1914	1	2	0.06239082654368218
1915	0	0	0.5792456273345469
1915	0	1	0.5825335395799088
1915	0	2	0.4760880775982885
1915	1	0	0.48147969789145123
1915	1	1	0.03924800895063099
1915	1	2	0.043543523096612344
1916	0	0	0.7425542510752341
1916	0	1	0.7151725606309663
1916	0	2	0.46836880805471137
1916	1	0	0.4184995322896169
1916	1	1	0.09996622058070334
1916	1	2	0.10071074210728401
1917	0	0	0.5701131933780568
1917	0	1	0.570041974540575
1917	0	2	0.4342854846977955
1917	1	0	0.41575863387537493
1917	1	1	0.03789166746162766
1917	1	2	0.03903308277708224
1918	0	0	0.6089260240885788
1918	0	1	0.5708631913618711
1918	0	2	0.36198179925906004
1918	1	0	0.42661449982149763
1918	1	1	0.034009095690570645
1918	1	2	0.033058035853121656
1919	0	0	0.5952705107843977
1919	0	1	0.5877054371193562
1919	0	2	0.45781835757564604
1919	1	0	0.4049905755248611
1919	1	1	0.03238181286590357
1919	1	2	0.033194791936513826
1920	0	0	0.4986818317102846
1920	0	1	0.5163618540445423
1920	0	2	0.3609439929891114
1920	1	0	0.46963759990918985
1920	1	1	0.036667658840875875
1920	1	2	0.036975233751570025
1921	0	0	0.5230695621591857
1921	0	1	0.5157741357494634
1921	0	2	0.368613574755968
1921	1	0	0.4836167212825735
1921	1	1	0.039857798521875695
1921	1	2	0.03981716988236361
1922	0	0	0.6208950174546446
1922	0	1	0.6209901695415809
1922	0	2	0.4483430856054338
1922	1	0	0.4396287520042901
1922	1	1	0.09184285430710566
1922	1	2	0.09204614475095463
1923	0	0	0.6521248529876393
1923	0	1	0.6317543381350772
1923	0	2	0.44673602880644714
1923	1	0	0.4610322660767071
1923	1	1	0.04349449354824818
1923	1	2	0.04378156240302408
1924	0	0	0.5857318858623222
1924	0	1	0.5583001327610697
1924	0	2	0.389808281186636
1924	1	0	0.4824461896780832
1924	1	1	0.028048135587538006
1924	1	2	0.02818140633806518
1925	0	0	0.719329772781868
1925	0	1	0.6772953830838384
1925	0	2	0.4256175943420678
1925	1	0	0.4849961501885552
1925	1	1	0.019274825089942285
1925	1	2	0.019867536775695513
1926	0	0	0.5185344435216912
1926	0	1	0.51368873915854
1926	0	2	0.43808088665737166
1926	1	0	0.4233513273314352
1926	1	1	0.047378153784422464
1926	1	2	0.0476329795106686
1927	0	0	0.4958168721316386
1927	0	1	0.4956275207870227
1927	0	2	0.31997202804352537
1927	1	0	0.45182248158282196
1927	1	1	0.11212614880550163
1927	1	2	0.11212021985252088
1928	0	0	0.5598588126000292
1928	0	1	0.5269509517498094
1928	0	2	0.4510485310109129
1928	1	0	0.4952766492308652
1928	1	1	0.05058066136167551
1928	1	2	0.050538685465168195
1929	0	0	0.5938196602644149
1929	0	1	0.5625843506824783
1929	0	2	0.4648773238405998
1929	1	0	0.46427017332966536
1929	1	1	0.03293558989550484
1929	1	2	0.03293559519294498
1930	0	0	0.5001302511703934
1930	0	1	0.4888366842486126
1930	0	2	0.4230493718316351
1930	1	0	0.47555720529517376
1930	1	1	0.059918000564885554
1930	1	2	0.06002431655352715
1931	0	0	0.684422363129188
1931	0	1	0.6620829464910616
1931	0	2	0.40095722356879526
1931	1	0	0.43554662254314247
1931	1	1	0.03037204512820288
1931	1	2	0.030393264340285886
1932	0	0	0.780121150246092
1932	0	1	0.725150688961228
1932	0	2	0.46173939673126024
1932	1	0	0.4813241052659248
1932	1	1	0.06032174738278302
1932	1	2	0.06032175179571446
1933	0	0	0.5997082764843567
1933	0	1	0.5651870093012655
1933	0	2	0.47654351995197197
1933	1	0	0.48227263851049296
1933	1	1	0.10140535279482127
1933	1	2	0.10127250958405688
1934	0	0	0.6010572890744844
1934	0	1	0.560484846166645
1934	0	2	0.4960752200809966
1934	1	0	0.4554883980190563
1934	1	1	0.11581481763555157
1934	1	2	0.1175022398699757
1935	0	0	0.6912809336195529
1935	0	1	0.6529186213438578
1935	0	2	0.4340247869180899
1935	1	0	0.42685096889463836
1935	1	1	0.0617165263722424
1935	1	2	0.06179512830905852
1936	0	0	0.6486802517548946
1936	0	1	0.5646315366986632
1936	0	2	0.4957845654851484
1936	1	0	0.4232101052478491
1936	1	1	0.05737535760829489
1936	1	2	0.05737535783131324
1937	0	0	0.6188051277875123
1937	0	1	0.5938623480237184
1937	0	2	0.42382915928451603
1937	1	0	0.4416479572894955
1937	1	1	0.030699322131719206
1937	1	2	0.030293854538431197
1938	0	0	0.552865838960152
1938	0	1	0.5402127893422204
1938	0	2	0.41470224471862255
1938	1	0	0.4352375268001605
1938	1	1	0.021618286826523378
1938	1	2	0.021605145784806615
1939	0	0	0.7107606161592552
1939	0	1	0.6930908024933615
1939	0	2	0.4803732988823615
1939	1	0	0.4022770537407926
1939	1	1	0.03874619435573204
1939	1	2	0.03924191171000542
1940	0	0	0.6683198657064375
1940	0	1	0.6296481717660574
1940	0	2	0.45761043692775727
1940	1	0	0.4670840691227944
1940	1	1	0.023126285074520206
1940	1	2	0.023045552948677953
1941	0	0	0.5448093643362792
1941	0	1	0.518091730819648
1941	0	2	0.4571430109850395
1941	1	0	0.4047543677791479
1941	1	1	0.042038771240537384
1941	1	2	0.04213049066032351
1942	0	0	0.6312808052562275
1942	0	1	0.5879589576712234
1942	0	2	0.3797709739738501
1942	1	0	0.4316071267175383
1942	1	1	0.03455717075698428
1942	1	2	0.034554858019195195
1943	0	0	0.6289715058917125
1943	0	1	0.6141419190777679
1943	0	2	0.47796738586137466
1943	1	0	0.47892443019884673
1943	1	1	0.055600780286341814
1943	1	2	0.05579436077231441
1944	0	0	0.5976733966078842
1944	0	1	0.5077522226399585
1944	0	2	0.45649174640168694
1944	1	0	0.4356420094611679
1944	1	1	0.08540946987524177
1944	1	2	0.08524428367934626
1945	0	0	0.6573972426047753
1945	0	1	0.6204902916330018
1945	0	2	0.39561207925248026
1945	1	0	0.43431985869894996
1945	1	1	0.030147008345126666
1945	1	2	0.030147140614862122
1946	0	0	0.6239766086907257
1946	0	1	0.5229915299311737
1946	0	2	0.4536917891929678
1946	1	0	0.4838328144772631
1946	1	1	0.04728077957475732
1946	1	2	0.047250018097016774
1947	0	0	0.5700524030066214
1947	0	1	0.5846429339983551
1947	0	2	0.43205961444460017
1947	1	0	0.4421062582077262
1947	1	1	0.10124924687500518
1947	1	2	0.10116082100396491
1948	0	0	0.831440339964592
1948	0	1	0.803137339817527
1948	0	2	0.46897455651875886
1948	1	0	0.3560900269246619
1948	1	1	0.01730383707520823
1948	1	2	0.016610946963063103
1949	0	0	0.679150082806657
1949	0	1	0.6707946574111412
1949	0	2	0.4600843473522068
1949	1	0	0.48403666382659966
1949	1	1	0.046120558682435
1949	1	2	0.04612126601811699
1950	0	0	0.8104323941499101
1950	0	1	0.810432394126083
1950	0	2	0.4412452065449028
1950	1	0	0.48431547022819454
1950	1	1	0.1067536265616117
1950	1	2	0.10675108540870103
1951	0	0	0.5011645810938721
1951	0	1	0.4945035089453056
1951	0	2	0.4467894677600942
1951	1	0	0.3955862854493669
1951	1	1	0.029032523072008945
1951	1	2	0.029200352412678182
1952	0	0	0.7173437629900112
1952	0	1	0.6357366214892102
1952	0	2	0.485527204128937
1952	1	0	0.48955531782474426
1952	1	1	0.17403122650834885
1952	1	2	0.1731990356854642
1953	0	0	0.5440132300505938
1953	0	1	0.5052438802987955
1953	0	2	0.4600516457823315
1953	1	0	0.4427282436910226
1953	1	1	0.04864138960964974
1953	1	2	0.04864470130130952
1954	0	0	0.5684862322608326
1954	0	1	0.5465773339290692
1954	0	2	0.40139345562479933
1954	1	0	0.4563870480815087
1954	1	1	0.04120255616716062
1954	1	2	0.0413462468947111
1955	0	0	0.5629798689510512
1955	0	1	0.5629798689509578
1955	0	2	0.3589895234940836
1955	1	0	0.4621361513132367
1955	1	1	0.03822663726391831
1955	1	2	0.03836563162880116
1956	0	0	0.5433147280107431
1956	0	1	0.5118707605097639
1956	0	2	0.461141215007666
1956	1	0	0.44493173645951706
1956	1	1	0.04015288632408166
1956	1	2	0.04011743762559063
1957	0	0	0.5370326998819424
1957	0	1	0.5071267425260854
1957	0	2	0.212023901941614
1957	1	0	0.4610731541146712
1957	1	1	0.11179061234962982
1957	1	2	0.11177968549492412
1958	0	0	0.5545079015216914
1958	0	1	0.5459384250599323
1958	0	2	0.40203999978022664
1958	1	0	0.4728326622467888
1958	1	1	0.03194626265186472
1958	1	2	0.03194606990834463
1959	0	0	0.6006338615962332
1959	0	1	0.6077391746959081
1959	0	2	0.4011652111707566
1959	1	0	0.47537467266729927
1959	1	1	0.08804410287636757
1959	1	2	0.08802421067830916
1960	0	0	0.48902138629610215
1960	0	1	0.48355524143026735
1960	0	2	0.44580557788387565
1960	1	0	0.48357541097923296
1960	1	1	0.03720480037863666
1960	1	2	0.037182100962490264
1961	0	0	0.492008380590194
1961	0	1	0.4920083803319032
1961	0	2	0.3960527828366994
1961	1	0	0.46228781588191353
1961	1	1	0.055714761593617795
1961	1	2	0.055714770120100954
1962	0	0	0.48637991702429306
1962	0	1	0.5013450050404638
1962	0	2	0.4447442075500928
1962	1	0	0.46672309854063937
1962	1	1	0.061736057773796454
1962	1	2	0.061726982647857406
1963	0	0	0.4987374391468335
1963	0	1	0.49633401649615677
1963	0	2	0.4352360606588842
1963	1	0	0.3672330695034412
1963	1	1	0.055651229320467094
1963	1	2	0.05565122984954468
1964	0	0	0.6456508779962418
1964	0	1	0.5795332106650367
1964	0	2	0.4936138250014747
1964	1	0	0.49570851764198837
1964	1	1	0.09448288033104267
1964	1	2	0.0947495093883751
1965	0	0	0.5128554449254017
1965	0	1	0.5128554452830963
1965	0	2	0.4707731811391296
1965	1	0	0.494020583096446
1965	1	1	0.03518146596011987
1965	1	2	0.03461925535936826
1966	0	0	0.5092162588335819
1966	0	1	0.502802923792488
1966	0	2	0.4522911821012122
1966	1	0	0.46838848969790914
1966	1	1	0.057098082976772685
1966	1	2	0.05712125761520487
1967	0	0	0.6015899003935526
1967	0	1	0.6073592249886274
1967	0	2	0.44373871466195924
1967	1	0	0.44845626001265404
1967	1	1	0.04609991596363386
1967	1	2	0.046544411143084094
1968	0	0	0.5317111946697565
1968	0	1	0.5335005970397846
1968	0	2	0.4297373224932751
1968	1	0	0.47070010958445707
1968	1	1	0.03690152421366473
1968	1	2	0.037285242516770734
1969	0	0	0.5296296571089706
1969	0	1	0.5270874612654644
1969	0	2	0.4115860485594647
1969	1	0	0.4183433234935978
1969	1	1	0.08534090654370238
1969	1	2	0.08532246861277058
1970	0	0	0.654602346226894
1970	0	1	0.6258123045831026
1970	0	2	0.4602622845252081
1970	1	0	0.4377336758554452
1970	1	1	0.09915625979024456
1970	1	2	0.09929681407657368
1971	0	0	0.8641046015809968
1971	0	1	0.87441838168405
1971	0	2	0.4261852248954101
1971	1	0	0.44657861544984223
1971	1	1	0.03377805600535487
1971	1	2	0.03378825290642222
1972	0	0	0.7604863567886402
1972	0	1	0.7475391751279505
1972	0	2	0.4320097087671313
1972	1	0	0.470722513543529
1972	1	1	0.15357526621852707
1972	1	2	0.15351930929023855
1973	0	0	0.6376578653382821
1973	0	1	0.6391465538199719
1973	0	2	0.4595100677468366
1973	1	0	0.4063326089544445
1973	1	1	0.05301384535934921
1973	1	2	0.05300051816872371
1974	0	0	0.5009078903728029
1974	0	1	0.511529672631839
1974	0	2	0.4780126135743227
1974	1	0	0.46597844451274434
1974	1	1	0.039035918288049865
1974	1	2	0.03904931145617767
1975	0	0	0.5769732135824743
1975	0	1	0.5670009798241173
1975	0	2	0.4426098166892001
1975	1	0	0.4302287704217389
1975	1	1	0.033547136508029374
1975	1	2	0.03356161724299593
1976	0	0	0.577018150296223
1976	0	1	0.4958901745740453
1976	0	2	0.3541308232931357
1976	1	0	0.3848909325420503
1976	1	1	0.030560184339136293
1976	1	2	0.030586308560087955
1977	0	0	0.6201281887063332
1977	0	1	0.6047138248304582
1977	0	2	0.36621701884741986
1977	1	0	0.46619555548560226
1977	1	1	0.02768114557403155
1977	1	2	0.02768114982060718
1978	0	0	0.6397423741781127
1978	0	1	0.6360934959057913
1978	0	2	0.5473294913836599
1978	1	0	0.4520186324888657
1978	1	1	0.12256300698521456
1978	1	2	0.12259395695294491
1979	0	0	0.6816718907456085
1979	0	1	0.6202381927886764
1979	0	2	0.44975265529383646
1979	1	0	0.4123803465137924
1979	1	1	0.07307293254953341
1979	1	2	0.07306426543355951
1980	0	0	0.5389404299331522
1980	0	1	0.5387988594142294
1980	0	2	0.4104851401156667
1980	1	0	0.48400832393390314
1980	1	1	0.03964377456375261
1980	1	2	0.039725717474419234
1981	0	0	0.6353045459015523
1981	0	1	0.6119460267270072
1981	0	2	0.4430387576157734
1981	1	0	0.47002653114701687
1981	1	1	0.029349849147543808
1981	1	2	0.02934814758195249
1982	0	0	0.5597085711812173
1982	0	1	0.5134943450457826
1982	0	2	0.4396701629485207
1982	1	0	0.47813797357729715
1982	1	1	0.04504830414660392
1982	1	2	0.045047959951127384
1983	0	0	0.6827320678280147
1983	0	1	0.666461024241784
1983	0	2	0.45455925813008446
1983	1	0	0.43104121311058907
1983	1	1	0.03277932798647254
1983	1	2	0.030968830227083244
1984	0	0	0.594413379097025
1984	0	1	0.5883538992318199
1984	0	2	0.4742682331144811
1984	1	0	0.4756769209991934
1984	1	1	0.03359541246143102
1984	1	2	0.033578887786743436
1985	0	0	0.6210350383868023
1985	0	1	0.6142952255038608
1985	0	2	0.4940124268519722
1985	1	0	0.40370595541256404
1985	1	1	0.01986945534288488
1985	1	2	0.04754260992196381
1986	0	0	0.5111068870298052
1986	0	1	0.5215727310053033
1986	0	2	0.4742549754581879
1986	1	0	0.374546694790611
1986	1	1	0.03541469970758951
1986	1	2	0.038370736662048724
1987	0	0	0.5071383166458279
1987	0	1	0.4552647165527225
1987	0	2	0.4501546191088174
1987	1	0	0.43278059940607155
1987	1	1	0.07463487386816622
1987	1	2	0.0746348738873437
1988	0	0	0.7040683750072971
1988	0	1	0.6083593457677685
1988	0	2	0.415689705423583
1988	1	0	0.4438688949884832
1988	1	1	0.05929552862104835
1988	1	2	0.05929560135138558
1989	0	0	0.5516459493459187
1989	0	1	0.5522084019163824
1989	0	2	0.4397526297113241
1989	1	0	0.44452260154859113
1989	1	1	0.03751606387500875
1989	1	2	0.037544048556223536
1990	0	0	0.5010809491313546
1990	0	1	0.5009874875591686
1990	0	2	0.4612222813036392
1990	1	0	0.4929183770777297
1990	1	1	0.040260314923698665
1990	1	2	0.03971398856475912
1991	0	0	0.641233677044304
1991	0	1	0.6378571421497333
1991	0	2	0.45132433049358456
1991	1	0	0.4695263185802275
1991	1	1	0.03443273744105356
1991	1	2	0.0347394703669507
1992	0	0	0.5875122997282473
1992	0	1	0.5518684886141751
1992	0	2	0.43304564931967493
1992	1	0	0.4105933859610097
1992	1	1	0.027807535850182183
1992	1	2	0.027807550178477844
1993	0	0	0.8453894191563802
1993	0	1	0.8751107776335193
1993	0	2	0.45879782894679294
1993	1	0	0.44064354273084455
1993	1	1	0.0807101932208015
1993	1	2	0.08070883046009272
1994	0	0	0.5368481148341024
1994	0	1	0.5355155045727717
1994	0	2	0.4796594043951248
1994	1	0	0.4324269932837501
1994	1	1	0.058225686222803344
1994	1	2	0.05822592694552019
1995	0	0	0.49080522249395353
1995	0	1	0.49080515578592343
1995	0	2	0.43604629336580547
1995	1	0	0.46202427077758684
1995	1	1	0.04531886199360985
1995	1	2	0.045300667028825445
1996	0	0	0.6262875533456718
1996	0	1	0.6201918080098908
1996	0	2	0.4180956068085558
1996	1	0	0.4423073688249066
1996	1	1	0.028650642755461433
1996	1	2	0.02865062454864792
1997	0	0	0.4921950135708336
1997	0	1	0.4634903880893359
1997	0	2	0.38235334718886516
1997	1	0	0.33486877043546237
1997	1	1	0.027265448121830224
1997	1	2	0.027263283994087437
1998	0	0	0.5473386716302904
1998	0	1	0.5439621330873126
1998	0	2	0.4520553456737312
1998	1	0	0.48208342662712034
1998	1	1	0.02514386479838368
1998	1	2	0.024770270223250138
1999	0	0	0.5864857088200777
1999	0	1	0.5866758947733415
1999	0	2	0.4997428158042826
1999	1	0	0.48258591711031945
1999	1	1	0.05833859989822894
1999	1	2	0.058363723794569514
2000	0	0	0.5814189297891534
2000	0	1	0.6090538802804821
2000	0	2	0.4858481927290794
2000	1	0	0.48287714051684166
2000	1	1	0.036179064269425576
2000	1	2	0.03617855471047586
2001	0	0	0.5163382033961734
2001	0	1	0.5267344435864447
2001	0	2	0.5047311032808197
2001	1	0	0.4753980808348383
2001	1	1	0.02338300098172162
2001	1	2	0.023383000979695118
2002	0	0	0.5066263021405968
2002	0	1	0.5040740015858138
2002	0	2	0.4705002748512681
2002	1	0	0.44687677052516084
2002	1	1	0.054193928290487595
2002	1	2	0.0541939285382806
2003	0	0	0.4919225481701621
2003	0	1	0.4932033184318525
2003	0	2	0.3738739659994361
2003	1	0	0.42158981705413145
2003	1	1	0.05779734806193032
2003	1	2	0.05779735004182841
2004	0	0	0.6733891300214189
2004	0	1	0.6694813445941081
2004	0	2	0.42088541390332446
2004	1	0	0.4181191785778854
2004	1	1	0.053736612308549286
2004	1	2	0.05373661235594117
2005	0	0	0.5732547645990882
2005	0	1	0.5812226374595738
2005	0	2	0.42970886506980716
2005	1	0	0.4336056549769824
2005	1	1	0.03391878081635549
2005	1	2	0.03392705852704181
2006	0	0	0.4969936479810324
2006	0	1	0.49742526177823687
2006	0	2	0.4587684542185656
2006	1	0	0.49291590784479283
2006	1	1	0.048945800528635286
2006	1	2	0.04890517092248489
2007	0	0	0.7597988982972816
2007	0	1	0.7336549713927598
2007	0	2	0.41055521932569783
2007	1	0	0.4755958156649873
2007	1	1	0.0657454826440283
2007	1	2	0.06574140944481667
2008	0	0	0.6661255477991537
2008	0	1	0.6840626514748608
2008	0	2	0.4786292247341951
2008	1	0	0.44879759873820807
2008	1	1	0.042907960110820695
2008	1	2	0.04158719627237041
2009	0	0	0.5554897973188356
2009	0	1	0.5690040775094768
2009	0	2	0.37099918055355335
2009	1	0	0.3797150864955768
2009	1	1	0.03937004847105027
2009	1	2	0.039370076983256716
2010	0	0	0.7173078600807268
2010	0	1	0.6844780351402243
2010	0	2	0.4375982786486857
2010	1	0	0.44776972573204105
2010	1	1	0.07102155929638337
2010	1	2	0.07092009507878858
2011	0	0	0.5853966657962599
2011	0	1	0.5934764823945013
2011	0	2	0.46644147069703756
2011	1	0	0.4332500573533639
2011	1	1	0.022795506265666315
2011	1	2	0.023180490073620802
2012	0	0	0.558030828411404
2012	0	1	0.56588730990995
2012	0	2	0.4993960006852044
2012	1	0	0.4501056728507419
2012	1	1	0.05096615258629755
2012	1	2	0.05086193974137029
2013	0	0	0.5719435315723101
2013	0	1	0.564132740537097
2013	0	2	0.43880129017330116
2013	1	0	0.364096386994613
2013	1	1	0.05233336046044949
2013	1	2	0.052333359072621544
2014	0	0	0.5386138592439746
2014	0	1	0.5246257227639952
2014	0	2	0.44782081528085155
2014	1	0	0.45915857271096944
2014	1	1	0.03279171956466631
2014	1	2	0.032835333758716265
2015	0	0	0.6206570845019699
2015	0	1	0.5649501917703913
2015	0	2	0.4607235791183011
2015	1	0	0.47304408770953266
2015	1	1	0.07015429255281604
2015	1	2	0.07016123809553931
2016	0	0	0.7595024171038889
2016	0	1	0.6377453587271642
2016	0	2	0.46819778498014064
2016	1	0	0.4779605489616805
2016	1	1	0.03548196667768344
2016	1	2	0.03901176857840742
2017	0	0	0.7497712201944604
2017	0	1	0.6010922743866471
2017	0	2	0.41151452293195134
2017	1	0	0.4929926838091278
2017	1	1	0.0311722550726925
2017	1	2	0.031172227609822037
2018	0	0	0.7340526847423775
2018	0	1	0.7115160340473701
2018	0	2	0.3804484961294504
2018	1	0	0.4691441998093729
2018	1	1	0.06030792377627621
2018	1	2	0.060341029596936505
2019	0	0	0.6942684480915284
2019	0	1	0.6579932238239553
2019	0	2	0.397069644768553
2019	1	0	0.4845893314020034
2019	1	1	0.07779370822097627
2019	1	2	0.0777770687630564
2020	0	0	0.5630421962971007
2020	0	1	0.5638442694627166
2020	0	2	0.46576193081434464
2020	1	0	0.4458109083769872
2020	1	1	0.036018107817517894
2020	1	2	0.03604165839882027
2021	0	0	0.6732148650863986
2021	0	1	0.5745243189403264
2021	0	2	0.4276105957930869
2021	1	0	0.4695977906407972
2021	1	1	0.04482353412413094
2021	1	2	0.04490108336007652
2022	0	0	0.5620646536073379
2022	0	1	0.5798827844399546
2022	0	2	0.4175572268426589
2022	1	0	0.4640070188285879
2022	1	1	0.11533542898997186
2022	1	2	0.11533558922670831
2023	0	0	0.580162268645996
2023	0	1	0.5810847694606307
2023	0	2	0.46507428151318364
2023	1	0	0.4575675488800623
2023	1	1	0.07978058770166997
2023	1	2	0.07979098629441918
2024	0	0	0.5802171034494623
2024	0	1	0.5813113166274528
2024	0	2	0.462367908176878
2024	1	0	0.4550636756767346
2024	1	1	0.043750267599212106
2024	1	2	0.04399000723814181
2025	0	0	0.6337882256654515
2025	0	1	0.5816825790989186
2025	0	2	0.3356525088189578
2025	1	0	0.4905965807982916
2025	1	1	0.03190947268355179
2025	1	2	0.032148217427606054
2026	0	0	0.5523236764206354
2026	0	1	0.5453787186383678
2026	0	2	0.43343675388139113
2026	1	0	0.4130559669218402
2026	1	1	0.12807972379404797
2026	1	2	0.12793105706076546
2027	0	0	0.5519126204882414
2027	0	1	0.5480719740408049
2027	0	2	0.4597580918086954
2027	1	0	0.38361947168692445
2027	1	1	0.03539492652226538
2027	1	2	0.03539493308605213
2028	0	0	0.6654112191503617
2028	0	1	0.6698129089982808
2028	0	2	0.3665864663982633
2028	1	0	0.4877400372535909
2028	1	1	0.033738973080195675
2028	1	2	0.0337389739139643
2029	0	0	0.5442130289849241
2029	0	1	0.5232400756874094
2029	0	2	0.4076884678089001
2029	1	0	0.45084956736161264
2029	1	1	0.08711322578607016
2029	1	2	0.08786188626048129
2030	0	0	0.789030683445173
2030	0	1	0.7752786416280351
2030	0	2	0.4323589874640138
2030	1	0	0.4722298398780596
2030	1	1	0.04007851672839313
2030	1	2	0.04014496174262788
2031	0	0	0.6237098857486205
2031	0	1	0.6009274993085023
2031	0	2	0.4425237044687811
2031	1	0	0.46777396607161836
2031	1	1	0.06201795097971967
2031	1	2	0.0620168380583624
2032	0	0	0.48987249367202346
2032	0	1	0.48882762315646766
2032	0	2	0.4108291523291173
2032	1	0	0.4483727199564364
2032	1	1	0.064212508275592
2032	1	2	0.06421238065326344
2033	0	0	0.6087813293948348
2033	0	1	0.5984171032510864
2033	0	2	0.41217696062846937
2033	1	0	0.46670734927048835
2033	1	1	0.0631987525130044
2033	1	2	0.06307338119124178
2034	0	0	0.5148528505933889
2034	0	1	0.5148852977849604
2034	0	2	0.3873971877489466
2034	1	0	0.37077740312305535
2034	1	1	0.04818775573638774
2034	1	2	0.048217221604693994
2035	0	0	0.6546316062225197
2035	0	1	0.6279757159894462
2035	0	2	0.4723504692559165
2035	1	0	0.48135243998883637
2035	1	1	0.06405221330730533
2035	1	2	0.06407265282334805
2036	0	0	0.6030474892950164
2036	0	1	0.5990430380145318
2036	0	2	0.4417843127781714
2036	1	0	0.4645868865118312
2036	1	1	0.04647451152305995
2036	1	2	0.04647971348426462
2037	0	0	0.5258966009701498
2037	0	1	0.5323758864802144
2037	0	2	0.4882905579115071
2037	1	0	0.43427561540434306
2037	1	1	0.0334296539091766
2037	1	2	0.03353571465175674
2038	0	0	0.5052263856650522
2038	0	1	0.5052263895303638
2038	0	2	0.45151440911036345
2038	1	0	0.4861079370803435
2038	1	1	0.10701090622497675
2038	1	2	0.10572416018285502
2039	0	0	0.5197469874131456
2039	0	1	0.49364381233034704
2039	0	2	0.4372220091409993
2039	1	0	0.43515647463368246
2039	1	1	0.04933700989295321
2039	1	2	0.04933174345159097
2040	0	0	0.4975828660510251
2040	0	1	0.49758286605567453
2040	0	2	0.4646493757533632
2040	1	0	0.4786749502814477
2040	1	1	0.03508070124188639
2040	1	2	0.035041632915401605
2041	0	0	0.571637031477711
2041	0	1	0.5317955310802138
2041	0	2	0.4200462705155539
2041	1	0	0.45825448191687296
2041	1	1	0.08926335868876183
2041	1	2	0.08926335868552202
2042	0	0	0.49711284973668035
2042	0	1	0.4970194220326043
2042	0	2	0.4847798675361614
2042	1	0	0.44218034914162496
2042	1	1	0.05931059159277141
2042	1	2	0.059650305230638204
2043	0	0	0.5077463415488677
2043	0	1	0.5077462855346526
2043	0	2	0.4152101929404202
2043	1	0	0.4725355969520843
2043	1	1	0.025392536378819205
2043	1	2	0.025462038487943178
2044	0	0	0.6720641732148904
2044	0	1	0.6577016138198697
2044	0	2	0.4613033219558883
2044	1	0	0.445136441615945
2044	1	1	0.04466582279739141
2044	1	2	0.04465044100466754
2045	0	0	0.6203444732955723
2045	0	1	0.6171627163512502
2045	0	2	0.48951959381218274
2045	1	0	0.43030352868219457
2045	1	1	0.03771997746626064
2045	1	2	0.03764951210590198
2046	0	0	0.6165046217088296
2046	0	1	0.505153813987389
2046	0	2	0.37689511075611326
2046	1	0	0.4343846691295849
2046	1	1	0.10173627656856392
2046	1	2	0.1017309624308883
2047	0	0	0.6158481680775739
2047	0	1	0.5574521217092837
2047	0	2	0.41487110337056776
2047	1	0	0.43639271861765455
2047	1	1	0.028570862301925626
2047	1	2	0.028871347535816105
2048	0	0	0.5820464610704706
2048	0	1	0.5659848692838946
2048	0	2	0.4782412165106469
2048	1	0	0.46345614553696063
2048	1	1	0.11030403500276185
2048	1	2	0.11027121803558547
2049	0	0	0.6319971651272318
2049	0	1	0.6187879410638759
2049	0	2	0.4198920039872734
2049	1	0	0.4564490229947764
2049	1	1	0.02832831698033461
2049	1	2	0.028310384957958998
2050	0	0	0.6156645076919716
2050	0	1	0.6111691961047487
2050	0	2	0.4359095290782599
2050	1	0	0.4770240683694637
2050	1	1	0.03263245463112159
2050	1	2	0.03280116868794704
2051	0	0	0.6922822066352678
2051	0	1	0.5877925106680991
2051	0	2	0.4353391601613915
2051	1	0	0.4256228547063399
2051	1	1	0.03222048990456858
2051	1	2	0.032231864698214985
2052	0	0	0.6697828541160451
2052	0	1	0.6736876441938192
2052	0	2	0.5083784515060517
2052	1	0	0.4598892825062504
2052	1	1	0.029556025238495556
2052	1	2	0.035531720562427524
2053	0	0	0.6168833842605642
2053	0	1	0.605091745902929
2053	0	2	0.3736855564289886
2053	1	0	0.42956212437645924
2053	1	1	0.03275387476920219
2053	1	2	0.032976529582305875
2054	0	0	0.5372828716256501
2054	0	1	0.4877400116829329
2054	0	2	0.4645065143704705
2054	1	0	0.45467633687366893
2054	1	1	0.10806875465351255
2054	1	2	0.1091908371497327
2055	0	0	0.6450268489636102
2055	0	1	0.6324424731168405
2055	0	2	0.4065370536885463
2055	1	0	0.46395601260717223
2055	1	1	0.03817336853383729
2055	1	2	0.03821101771608901
2056	0	0	0.6860784340363877
2056	0	1	0.6749476284016032
2056	0	2	0.47279582907409373
2056	1	0	0.4701871922180654
2056	1	1	0.027619598691063216
2056	1	2	0.027609755640665992
2057	0	0	0.5130603143881439
2057	0	1	0.49490341143887095
2057	0	2	0.39309809891836983
2057	1	0	0.4741943548183043
2057	1	1	0.0763965591239243
2057	1	2	0.07639666746037585
2058	0	0	0.604718322531159
2058	0	1	0.5901199690194812
2058	0	2	0.42646105903595255
2058	1	0	0.4298440953786324
2058	1	1	0.03961680074358877
2058	1	2	0.0396172676646145
2059	0	0	0.6036437861486262
2059	0	1	0.5958565587576803
2059	0	2	0.47523556535372946
2059	1	0	0.45872772961014024
2059	1	1	0.13099269388870677
2059	1	2	0.1293337148438214
2060	0	0	0.6627341565152991
2060	0	1	0.6433552688353048
2060	0	2	0.4755292732425809
2060	1	0	0.40913682313941374
2060	1	1	0.05758444979884475
2060	1	2	0.057583640138296005
2061	0	0	0.6337168071250721
2061	0	1	0.5734412511883856
2061	0	2	0.4707444149873752
2061	1	0	0.4076561989600684
2061	1	1	0.025824819065949314
2061	1	2	0.025263601012670014
2062	0	0	0.639082067290446
2062	0	1	0.591161231546859
2062	0	2	0.452456580733138
2062	1	0	0.4849340309127818
2062	1	1	0.10690483604090935
2062	1	2	0.10677206696273919
2063	0	0	0.5878854957855006
2063	0	1	0.571627889574132
2063	0	2	0.49222641851474425
2063	1	0	0.47255078371996817
2063	1	1	0.0488514792962743
2063	1	2	0.04888032200608006
2064	0	0	0.5565650701758429
2064	0	1	0.5240375987725592
2064	0	2	0.3893000651891276
2064	1	0	0.4491861312039563
2064	1	1	0.06122490721717354
2064	1	2	0.06121732040357944
2065	0	0	0.586388446142073
2065	0	1	0.5822272930154027
2065	0	2	0.49480703544838445
2065	1	0	0.4865435169989173
2065	1	1	0.04495133401969864
2065	1	2	0.04496816165899439
2066	0	0	0.5759373766010558
2066	0	1	0.5577527043363325
2066	0	2	0.39574161329413093
2066	1	0	0.4115821492030628
2066	1	1	0.04512882686217408
2066	1	2	0.04512017601034636
2067	0	0	0.54378028044557
2067	0	1	0.5297804017298744
2067	0	2	0.42673405522394775
2067	1	0	0.47841091726267637
2067	1	1	0.12156369825067789
2067	1	2	0.12159677293429659
2068	0	0	0.6087161823940661
2068	0	1	0.5952578667077759
2068	0	2	0.4375280748572149
2068	1	0	0.48684780558386304
2068	1	1	0.029195281403366177
2068	1	2	0.02919458236034979
2069	0	0	0.6361561747499331
2069	0	1	0.6267340205066154
2069	0	2	0.46119489471944786
2069	1	0	0.3908107169198575
2069	1	1	0.02952587810871285
2069	1	2	0.02953029516356144
2070	0	0	0.502097790869631
2070	0	1	0.5024179953694193
2070	0	2	0.39241180723354174
2070	1	0	0.4676934732069597
2070	1	1	0.020062844321055637
2070	1	2	0.020149165836711946
2071	0	0	0.5268157567024249
2071	0	1	0.5245974265256252
2071	0	2	0.4864496523762494
2071	1	0	0.46258061395397687
2071	1	1	0.037194230244604734
2071	1	2	0.03769533982978718
2072	0	0	0.6150637362089972
2072	0	1	0.602160863093732
2072	0	2	0.41853033042949206
2072	1	0	0.45781132028562915
2072	1	1	0.0329173152392572
2072	1	2	0.032960354890342825
2073	0	0	0.5844148723840903
2073	0	1	0.519727481832573
2073	0	2	0.4639596075724124
2073	1	0	0.4710425638655777
2073	1	1	0.06664894748929344
2073	1	2	0.06667700075548588
2074	0	0	0.5673575889294803
2074	0	1	0.5880222935958996
2074	0	2	0.4758407120436131
2074	1	0	0.4275545448589962
2074	1	1	0.05020009142314387
2074	1	2	0.05020009147795547
2075	0	0	0.4940976338965408
2075	0	1	0.49900523816021597
2075	0	2	0.4528240783143656
2075	1	0	0.4654203268489286
2075	1	1	0.022946740818272193
2075	1	2	0.022966563356858344
2076	0	0	0.5190768064057694
2076	0	1	0.5044686460238473
2076	0	2	0.4181448484672723
2076	1	0	0.4678550311515626
2076	1	1	0.029326957817554872
2076	1	2	0.029329437160376726
2077	0	0	0.5167600345624517
2077	0	1	0.5032341043938818
2077	0	2	0.40315979175910555
2077	1	0	0.47442956146944265
2077	1	1	0.02999823570620988
2077	1	2	0.02998067824159012
2078	0	0	0.4956595489077117
2078	0	1	0.4956593806537624
2078	0	2	0.4926974877630133
2078	1	0	0.4639551950652089
2078	1	1	0.05658970565816032
2078	1	2	0.05658923529810457
2079	0	0	0.46334268008083546
2079	0	1	0.4572644204515919
2079	0	2	0.44843844046755577
2079	1	0	0.47678564116723654
2079	1	1	0.050760870357941135
2079	1	2	0.05081535255945373
2080	0	0	0.6051814482096607
2080	0	1	0.5676987251645701
2080	0	2	0.4402412962460018
2080	1	0	0.3562209092726031
2080	1	1	0.027637602338795447
2080	1	2	0.027817509170296656
2081	0	0	0.655300070566585
2081	0	1	0.6466867954164747
2081	0	2	0.4701891230378041
2081	1	0	0.43142999180303665
2081	1	1	0.05709586424423445
2081	1	2	0.05695878324590968
2082	0	0	0.6157658038694593
2082	0	1	0.6172145912859073
2082	0	2	0.4181612377126517
2082	1	0	0.31863600834714767
2082	1	1	0.03894143801332575
2082	1	2	0.03896398474376582
2083	0	0	0.7337486142340731
2083	0	1	0.7335684990187699
2083	0	2	0.46900956118367876
2083	1	0	0.4217685778851106
2083	1	1	0.08371990509838066
2083	1	2	0.0837276920836367
2084	0	0	0.6697953974498173
2084	0	1	0.6129817975223746
2084	0	2	0.4167660447770728
2084	1	0	0.4672434463808702
2084	1	1	0.02280387864688678
2084	1	2	0.022803876806609807
2085	0	0	0.6865034229637023
2085	0	1	0.7022663962904847
2085	0	2	0.4364734631298556
2085	1	0	0.48767288577431966
2085	1	1	0.15781701790291486
2085	1	2	0.15781701114348162
2086	0	0	0.5620780509544849
2086	0	1	0.5487230553168255
2086	0	2	0.4878077904720443
2086	1	0	0.45210923029808237
2086	1	1	0.15033442256104718
2086	1	2	0.1503510976153083
2087	0	0	0.819661996719153
2087	0	1	0.8188330138263492
2087	0	2	0.486306769491754
2087	1	0	0.4922049021916589
2087	1	1	0.04766384646276434
2087	1	2	0.04766385103695564
2088	0	0	0.6468586175975475
2088	0	1	0.6276223803633899
2088	0	2	0.44516262573708626
2088	1	0	0.4583268333429927
2088	1	1	0.04749034740813603
2088	1	2	0.048741437822124645
2089	0	0	0.6034918029845392
2089	0	1	0.5916198594198869
2089	0	2	0.41942996718492015
2089	1	0	0.48208168402747037
2089	1	1	0.10964101907399522
2089	1	2	0.10950387113703369
2090	0	0	0.7194324724660475
2090	0	1	0.718354898553059
2090	0	2	0.4685047119929808
2090	1	0	0.4798558378001918
2090	1	1	0.03387855752671015
2090	1	2	0.03386201588028401
2091	0	0	0.6029607509418106
2091	0	1	0.5956742141840299
2091	0	2	0.4700057910995448
2091	1	0	0.4606910143035316
2091	1	1	0.05301582426233163
2091	1	2	0.05301342994968916
2092	0	0	0.6853441452582414
2092	0	1	0.6649355711494739
2092	0	2	0.42933981196439785
2092	1	0	0.4310055233562316
2092	1	1	0.0708644407782061
2092	1	2	0.07085528922339383
2093	0	0	0.569359167445442
2093	0	1	0.5459664161984039
2093	0	2	0.42886935522179703
2093	1	0	0.35715040841742457
2093	1	1	0.026508791551354563
2093	1	2	0.026511370043708626
2094	0	0	0.6697202379188985
2094	0	1	0.6413425820913838
2094	0	2	0.45127020390917233
2094	1	0	0.4878274541001971
2094	1	1	0.06704423098281231
2094	1	2	0.06704042266821393
2095	0	0	0.5944026412810204
2095	0	1	0.5799893032362169
2095	0	2	0.45596464667773723
2095	1	0	0.48622379357260476
2095	1	1	0.09885317615843152
2095	1	2	0.09888392833959106
2096	0	0	0.6147946541607745
2096	0	1	0.5655792150757657
2096	0	2	0.3932723886031082
2096	1	0	0.4234461712065832
2096	1	1	0.04191825694146255
2096	1	2	0.04190579831726089
2097	0	0	0.7259693434348056
2097	0	1	0.636529949789769
2097	0	2	0.42428294612950407
2097	1	0	0.4194113934888988
2097	1	1	0.04080851114304197
2097	1	2	0.04080400497153082
2098	0	0	0.5214876577441636
2098	0	1	0.5214845276545239
2098	0	2	0.4518260274578785
2098	1	0	0.42717222566241647
2098	1	1	0.02723602809202387
2098	1	2	0.028819861927862747
2099	0	0	0.4715636094125788
2099	0	1	0.4615541364308572
2099	0	2	0.46023681617744117
2099	1	0	0.4582462044622795
2099	1	1	0.02977416735462919
2099	1	2	0.029692268750291823
2100	0	0	0.512906879454186
2100	0	1	0.5127568395281804
2100	0	2	0.4604005302615944
2100	1	0	0.44323753476345035
2100	1	1	0.02324428249644743
2100	1	2	0.03996353739388189
2101	0	0	0.49643915326407617
2101	0	1	0.5233627041473992
2101	0	2	0.4564587149336144
2101	1	0	0.3775940139405485
2101	1	1	0.03665026641551836
2101	1	2	0.036670909339526755
2102	0	0	0.5652508788370473
2102	0	1	0.5165281803121926
2102	0	2	0.41957203377253605
2102	1	0	0.4903529583778254
2102	1	1	0.033000756850857405
2102	1	2	0.033006227575239674
2103	0	0	0.5286739009601249
2103	0	1	0.5193571064099912
2103	0	2	0.45913227238148746
2103	1	0	0.3763686126706129
2103	1	1	0.024459797479038994
2103	1	2	0.026249943674028026
2104	0	0	0.613874416698656
2104	0	1	0.6107189161204939
2104	0	2	0.408145715899364
2104	1	0	0.48001852413599866
2104	1	1	0.03740581006226544
2104	1	2	0.03759666339259024
2105	0	0	0.5747468918176275
2105	0	1	0.5652697218077976
2105	0	2	0.4297502678400664
2105	1	0	0.47160629504067086
2105	1	1	0.04478282988430628
2105	1	2	0.04478282346327993
2106	0	0	0.6257505040420456
2106	0	1	0.624916625030893
2106	0	2	0.4584429728849254
2106	1	0	0.43638963452066976
2106	1	1	0.040388681723920364
2106	1	2	0.04043535583138992
2107	0	0	0.6415399069017713
2107	0	1	0.6258170908506757
2107	0	2	0.47994558638511575
2107	1	0	0.48534949202893013
2107	1	1	0.15969876805053657
2107	1	2	0.15969876418495887
2108	0	0	0.5560051284238821
2108	0	1	0.5405296728347202
2108	0	2	0.4238880452745431
2108	1	0	0.472883413478565
2108	1	1	0.04276000666831267
2108	1	2	0.04276034254431428
2109	0	0	0.5974832247726678
2109	0	1	0.5811843015492129
2109	0	2	0.41634634300039797
2109	1	0	0.4776967451206099
2109	1	1	0.05510753964797979
2109	1	2	0.055102569291899245
2110	0	0	0.5108322226656034
2110	0	1	0.510055340625749
2110	0	2	0.4780389212708682
2110	1	0	0.4006662515255014
2110	1	1	0.01955953068932803
2110	1	2	0.01955618851805485
2111	0	0	0.5978158970134051
2111	0	1	0.5946405102418737
2111	0	2	0.4029399737855099
2111	1	0	0.46534519795874996
2111	1	1	0.0536923337247983
2111	1	2	0.05398198152217784
2112	0	0	0.5778480049430512
2112	0	1	0.5905270652217306
2112	0	2	0.4367300750723383
2112	1	0	0.4721890156091865
2112	1	1	0.056323598763853136
2112	1	2	0.056323589394239204
2113	0	0	0.5086137311673791
2113	0	1	0.4908354806981483
2113	0	2	0.40840685625500983
2113	1	0	0.43979083738184216
2113	1	1	0.04923746901684971
2113	1	2	0.0491904691715135
2114	0	0	0.5967867367168943
2114	0	1	0.5674485632474193
2114	0	2	0.47837550085893266
2114	1	0	0.4459771845834607
2114	1	1	0.20928046776216838
2114	1	2	0.23716715164280697
2115	0	0	0.6154531871161544
2115	0	1	0.5901271579556044
2115	0	2	0.4454789550126469
2115	1	0	0.4713109220759687
2115	1	1	0.02678877631798525
2115	1	2	0.02689051838327021
2116	0	0	0.6015177615409957
2116	0	1	0.6225492354302273
2116	0	2	0.4334826687849531
2116	1	0	0.3893994118857939
2116	1	1	0.06111836384446795
2116	1	2	0.061127957883163025
2117	0	0	0.5574773464682148
2117	0	1	0.5533055904795359
2117	0	2	0.38181835976576983
2117	1	0	0.35241721575446494
2117	1	1	0.029449984718193323
2117	1	2	0.029418797973592606
2118	0	0	0.6314595811217196
2118	0	1	0.6127735069724738
2118	0	2	0.4831509254807047
2118	1	0	0.4631657690501526
2118	1	1	0.02796177835022992
2118	1	2	0.027959414792538925
2119	0	0	0.503857692961045
2119	0	1	0.5038576909004653
2119	0	2	0.4755213960821827
2119	1	0	0.456046608853816
2119	1	1	0.05537923301034922
2119	1	2	0.05537923332813041
2120	0	0	0.6873125113981168
2120	0	1	0.655311690880961
2120	0	2	0.3635534864204485
2120	1	0	0.38213888685018826
2120	1	1	0.02818592218009862
2120	1	2	0.028242897033444903
2121	0	0	0.49531139862811147
2121	0	1	0.4953067351793832
2121	0	2	0.4082151955716493
2121	1	0	0.49125908124723694
2121	1	1	0.035504883429004694
2121	1	2	0.035497598565721974
2122	0	0	0.6041102491686394
2122	0	1	0.5489915202476637
2122	0	2	0.4678244688344099
2122	1	0	0.44877983300006913
2122	1	1	0.03385468279854821
2122	1	2	0.033867122289727394
2123	0	0	0.5049711916336963
2123	0	1	0.5015382921913113
2123	0	2	0.47834861887647884
2123	1	0	0.44657966810832844
2123	1	1	0.04108379022820989
2123	1	2	0.04102510970713355
2124	0	0	0.6626697534137993
2124	0	1	0.5986572418776959
2124	0	2	0.4485080575129209
2124	1	0	0.4639524897556192
2124	1	1	0.03706547794320533
2124	1	2	0.03678307934476599
2125	0	0	0.5857684437420538
2125	0	1	0.5991946213065209
2125	0	2	0.4658550908231615
2125	1	0	0.45596659379238696
2125	1	1	0.08384400297752494
2125	1	2	0.08384557485740726
2126	0	0	0.6185704064749762
2126	0	1	0.588308002058082
2126	0	2	0.4646123594216631
2126	1	0	0.45530808540219786
2126	1	1	0.05119392798885164
2126	1	2	0.052338511172974
2127	0	0	0.7408294522029804
2127	0	1	0.6498731768902493
2127	0	2	0.45118916088469446
2127	1	0	0.4716229309221155
2127	1	1	0.0519950844269982
2127	1	2	0.0521882562862616
2128	0	0	0.6433252639231055
2128	0	1	0.6393619386396446
2128	0	2	0.46991022679074596
2128	1	0	0.4691341304585063
2128	1	1	0.03232224626597882
2128	1	2	0.03199719935114345
2129	0	0	0.5967416745066296
2129	0	1	0.5956076676708908
2129	0	2	0.4625582428296101
2129	1	0	0.4652613932926331
2129	1	1	0.0278465877494066
2129	1	2	0.027858556778859955
2130	0	0	0.5483568110975816
2130	0	1	0.511157895477278
2130	0	2	0.4841948156060402
2130	1	0	0.4118904053886936
2130	1	1	0.019278332253481023
2130	1	2	0.019293279984670356
2131	0	0	0.6912724900981528
2131	0	1	0.6287120549090582
2131	0	2	0.4692471379245111
2131	1	0	0.4245394380155842
2131	1	1	0.03224391509024839
2131	1	2	0.03860356482177492
2132	0	0	0.627006186936051
2132	0	1	0.6188386849541103
2132	0	2	0.3529650989373846
2132	1	0	0.44334853670874913
2132	1	1	0.06142899165131592
2132	1	2	0.061712449820912396
2133	0	0	0.5866223236127723
2133	0	1	0.567092272618861
2133	0	2	0.455396162316559
2133	1	0	0.45566330474375866
2133	1	1	0.049174859259626336
2133	1	2	0.04916816747999912
2134	0	0	0.5358946108243282
2134	0	1	0.5677092891547921
2134	0	2	0.4661528733878324
2134	1	0	0.4115340402168163
2134	1	1	0.02057044873102333
2134	1	2	0.02072482369958642
2135	0	0	0.6346819264010002
2135	0	1	0.6655813076778441
2135	0	2	0.45737019907759857
2135	1	0	0.4802016727649564
2135	1	1	0.07037265570887055
2135	1	2	0.07038199892986735
2136	0	0	0.654586816387066
2136	0	1	0.6102189685400349
2136	0	2	0.4342797447600185
2136	1	0	0.48898216341255657
2136	1	1	0.17402514754134119
2136	1	2	0.1740279961422186
2137	0	0	0.7134904840017807
2137	0	1	0.6928922645975233
2137	0	2	0.39691494752453915
2137	1	0	0.47012423691708843
2137	1	1	0.05159698982778467
2137	1	2	0.053991392946831
2138	0	0	0.5469544027542719
2138	0	1	0.5280487677279411
2138	0	2	0.48561327661682085
2138	1	0	0.3879980162385568
2138	1	1	0.031132027839697943
2138	1	2	0.031376025795720006
2139	0	0	0.5784286312099323
2139	0	1	0.5806168319679772
2139	0	2	0.4715641788553787
2139	1	0	0.4526197178515573
2139	1	1	0.027660370708514875
2139	1	2	0.02791191240162874
2140	0	0	0.6438857504097029
2140	0	1	0.6232064244618434
2140	0	2	0.5599930027758921
2140	1	0	0.49194300455163265
2140	1	1	0.033618241806619334
2140	1	2	0.03388133985193051
2141	0	0	0.583203054920461
2141	0	1	0.530960798759567
2141	0	2	0.39310740538042804
2141	1	0	0.4314819634885033
2141	1	1	0.06811146281524032
2141	1	2	0.06816842499236864
2142	0	0	0.6571388493076173
2142	0	1	0.6819763259175566
2142	0	2	0.4344882121848629
2142	1	0	0.44995449238796387
2142	1	1	0.0675934476628724
2142	1	2	0.06759950804160295
2143	0	0	0.5799500306378931
2143	0	1	0.6167956832375044
2143	0	2	0.4924894076846509
2143	1	0	0.39646347697873524
2143	1	1	0.038074726128490374
2143	1	2	0.03654433712358686
2144	0	0	0.6310464811470685
2144	0	1	0.5727085407370769
2144	0	2	0.40035582274869214
2144	1	0	0.44670680560083803
2144	1	1	0.02229736495115882
2144	1	2	0.024611665339712735
2145	0	0	0.5214666571580966
2145	0	1	0.5211388408517028
2145	0	2	0.4632607781206003
2145	1	0	0.35721727163551786
2145	1	1	0.07628663789987511
2145	1	2	0.07472391097098213
2146	0	0	0.5044392267226443
2146	0	1	0.5082290520234346
2146	0	2	0.43522490341805853
2146	1	0	0.47396792416413536
2146	1	1	0.12712383539211938
2146	1	2	0.1271504408791579
2147	0	0	0.5153234510295629
2147	0	1	0.5151441620949082
2147	0	2	0.38258279737160195
2147	1	0	0.4724855527667251
2147	1	1	0.036499535483994566
2147	1	2	0.036446110481171606
2148	0	0	0.5733776518888032
2148	0	1	0.5463038984839427
2148	0	2	0.42012139607690246
2148	1	0	0.45252115721827607
2148	1	1	0.08446234329764654
2148	1	2	0.08408179853432225
2149	0	0	0.49553830777665814
2149	0	1	0.4953991416281067
2149	0	2	0.42072838491013315
2149	1	0	0.4902985667915979
2149	1	1	0.029641474316975336
2149	1	2	0.029667112898708367
2150	0	0	0.5439972494306642
2150	0	1	0.5494130640953719
2150	0	2	0.43928190422862423
2150	1	0	0.47611207706457925
2150	1	1	0.05846466218743705
2150	1	2	0.05849605128442255
2151	0	0	0.5856410713963355
2151	0	1	0.5157107345126402
2151	0	2	0.4202234372058592
2151	1	0	0.36442386656037445
2151	1	1	0.051594491378908716
2151	1	2	0.051943626958407055
2152	0	0	0.57162112173962
2152	0	1	0.5252536020981443
2152	0	2	0.435099093945469
2152	1	0	0.40203022911874453
2152	1	1	0.03274803270975174
2152	1	2	0.03287458031428085
2153	0	0	0.5427627133124575
2153	0	1	0.5150709810883587
2153	0	2	0.4662862236616956
2153	1	0	0.4403856976839482
2153	1	1	0.03636908148360547
2153	1	2	0.036488950312387275
2154	0	0	0.6946215731275887
2154	0	1	0.6307812957130641
2154	0	2	0.4967144759365475
2154	1	0	0.42926617664903916
2154	1	1	0.047649515224463604
2154	1	2	0.047649516244054696
2155	0	0	0.5519578239609554
2155	0	1	0.5464286640411808
2155	0	2	0.39175774901307314
2155	1	0	0.48887821616710175
2155	1	1	0.028672957602508667
2155	1	2	0.02858855269557392
2156	0	0	0.5048129739672198
2156	0	1	0.5045756206112003
2156	0	2	0.46385824764006756
2156	1	0	0.4486034912491614
2156	1	1	0.03445521382695983
2156	1	2	0.034398945950971246
2157	0	0	0.47938954397081374
2157	0	1	0.46615284360319337
2157	0	2	0.4139225402736873
2157	1	0	0.46782791335031754
2157	1	1	0.07896089716041234
2157	1	2	0.07946514248828934
2158	0	0	0.49965375550405994
2158	0	1	0.49456882414309633
2158	0	2	0.45063658859650113
2158	1	0	0.482853890297109
2158	1	1	0.019284785609061453
2158	1	2	0.019284785710055083
2159	0	0	0.5139118187604158
2159	0	1	0.529138219677664
2159	0	2	0.4512682929576908
2159	1	0	0.48841059755760563
2159	1	1	0.08433569171494848
2159	1	2	0.08439631401505732
2160	0	0	0.783205636129046
2160	0	1	0.7558860924412139
2160	0	2	0.4390039043382165
2160	1	0	0.48256237277476255
2160	1	1	0.14947538339862754
2160	1	2	0.1510196664038494
2161	0	0	0.7988573932895212
2161	0	1	0.7345638880707784
2161	0	2	0.42143680531309363
2161	1	0	0.44034636629652696
2161	1	1	0.05957472031288592
2161	1	2	0.08919383430085633
2162	0	0	0.7075936442221827
2162	0	1	0.7008248803215169
2162	0	2	0.47713297957573664
2162	1	0	0.48875565858076025
2162	1	1	0.050665094655011955
2162	1	2	0.05531383214228244
2163	0	0	0.6781318608796878
2163	0	1	0.6751699404566756
2163	0	2	0.4909467574316223
2163	1	0	0.4933951610075579
2163	1	1	0.059334717725564104
2163	1	2	0.06315969191062906
2164	0	0	0.7023626978632005
2164	0	1	0.6713697637206235
2164	0	2	0.3687879965152884
2164	1	0	0.3796840517761195
2164	1	1	0.07611996611243409
2164	1	2	0.07583539224036635
2165	0	0	0.6727630920375616
2165	0	1	0.6726202546997415
2165	0	2	0.39923175931344695
2165	1	0	0.3929721935102446
2165	1	1	0.029066439401286184
2165	1	2	0.028694190035632422
2166	0	0	0.7624163131066812
2166	0	1	0.7697402540304741
2166	0	2	0.41325203877642686
2166	1	0	0.38213037654023924
2166	1	1	0.01813081887264059
2166	1	2	0.017950625878022028
2167	0	0	0.7226276879748801
2167	0	1	0.7227194270308483
2167	0	2	0.5318655847869942
2167	1	0	0.43342158912678697
2167	1	1	0.06323966645157188
2167	1	2	0.06321314277743592
2168	0	0	0.665595527086216
2168	0	1	0.5868666423258091
2168	0	2	0.40596739246595026
2168	1	0	0.37538754875146557
2168	1	1	0.028627265665700438
2168	1	2	0.030589552629617225
2169	0	0	0.6431556325654416
2169	0	1	0.6297222717989972
2169	0	2	0.4271342961789647
2169	1	0	0.39506275230807125
2169	1	1	0.0324805730681971
2169	1	2	0.03596569167363385
2170	0	0	0.7858453009648878
2170	0	1	0.7729480787574272
2170	0	2	0.47561740776081485
2170	1	0	0.4339723230553036
2170	1	1	0.05111224737565219
2170	1	2	0.05104958542582086
2171	0	0	0.5792462470531816
2171	0	1	0.5674222354534465
2171	0	2	0.4480628745260592
2171	1	0	0.36353631531477876
2171	1	1	0.04581833128111057
2171	1	2	0.04567533717167538
2172	0	0	0.6214298757466787
2172	0	1	0.5864374709625291
2172	0	2	0.45602538679151433
2172	1	0	0.41130189629683667
2172	1	1	0.03100518782609707
2172	1	2	0.029425084969186818
2173	0	0	0.7363199107112177
2173	0	1	0.7501648663913203
2173	0	2	0.48707161851834113
2173	1	0	0.39826299258320147
2173	1	1	0.02881711829404779
2173	1	2	0.038521403202177854
2174	0	0	0.7474958813304227
2174	0	1	0.6728008346221542
2174	0	2	0.36687119645916105
2174	1	0	0.36690351256556286
2174	1	1	0.1168561680053875
2174	1	2	0.11669442489618112
2175	0	0	0.47335681835510796
2175	0	1	0.45076240057008143
2175	0	2	0.4499441735226159
2175	1	0	0.3487889213651994
2175	1	1	0.033818040731538046
2175	1	2	0.03381806523380522
2176	0	0	0.6188018483105899
2176	0	1	0.5889595465819355
2176	0	2	0.4582288212567868
2176	1	0	0.47543492409729876
2176	1	1	0.024957913841226267
2176	1	2	0.025958868875301327
2177	0	0	0.6225897529900359
2177	0	1	0.6126383247247138
2177	0	2	0.41562774994486895
2177	1	0	0.4486676128481894
2177	1	1	0.09734268222043847
2177	1	2	0.09728747222754265
2178	0	0	0.556154835109012
2178	0	1	0.5128938924662185
2178	0	2	0.34239957011860955
2178	1	0	0.3929316480816748
2178	1	1	0.022571658495564292
2178	1	2	0.02347053623822705
2179	0	0	0.531634206197018
2179	0	1	0.5199262280817323
2179	0	2	0.39233342445035957
2179	1	0	0.41972748202144056
2179	1	1	0.02905665958073611
2179	1	2	0.037539466274437855
2180	0	0	0.7439224587233323
2180	0	1	0.6693754734027592
2180	0	2	0.3992274336450214
2180	1	0	0.35138970581687606
2180	1	1	0.057877658594917
2180	1	2	0.05791499389725513
2181	0	0	0.6081242625299581
2181	0	1	0.6193596596521637
2181	0	2	0.4675547604185373
2181	1	0	0.42548636353484326
2181	1	1	0.04239876686074702
2181	1	2	0.04269341993562473
2182	0	0	0.5713004399240309
2182	0	1	0.6014482069046849
2182	0	2	0.4905210096812823
2182	1	0	0.4254023940649093
2182	1	1	0.06399064545665305
2182	1	2	0.06399064661847664
2183	0	0	0.6810967832888901
2183	0	1	0.6236934543818167
2183	0	2	0.47159760224778224
2183	1	0	0.4808105830438774
2183	1	1	0.14725929236172391
2183	1	2	0.1472592954875489
2184	0	0	0.5886813700728388
2184	0	1	0.5860903009005001
2184	0	2	0.4535073904912217
2184	1	0	0.46310051836751864
2184	1	1	0.035406217760455674
2184	1	2	0.03540579591077919
2185	0	0	0.6188249986752625
2185	0	1	0.6184106948960744
2185	0	2	0.47580017289136023
2185	1	0	0.42158313988986745
2185	1	1	0.04238397208888868
2185	1	2	0.042387511388865165
2186	0	0	0.618098325555305
2186	0	1	0.6117726500874724
2186	0	2	0.4376760482477371
2186	1	0	0.36203449831763757
2186	1	1	0.036917744684702325
2186	1	2	0.03694087334441068
2187	0	0	0.65131086075504
2187	0	1	0.6299562953308835
2187	0	2	0.4506423549018135
2187	1	0	0.4194748781033524
2187	1	1	0.04854530583327249
2187	1	2	0.06665631361850599
2188	0	0	0.6149679410494461
2188	0	1	0.6143597361535604
2188	0	2	0.4080169964914112
2188	1	0	0.48376308126691936
2188	1	1	0.04788454001465897
2188	1	2	0.047884539964374515
2189	0	0	0.6350680186876947
2189	0	1	0.6312204205333165
2189	0	2	0.44563490259005895
2189	1	0	0.4504692028432976
2189	1	1	0.03468723042755377
2189	1	2	0.03421183326579828
2190	0	0	0.6307506454338836
2190	0	1	0.6310061864115515
2190	0	2	0.43345294036422455
2190	1	0	0.3637709654986935
2190	1	1	0.05660395585214349
2190	1	2	0.05666706296182718
2191	0	0	0.6113259563202142
2191	0	1	0.6115769261744021
2191	0	2	0.44539008397206464
2191	1	0	0.4161389110419541
2191	1	1	0.04065746865533455
2191	1	2	0.04140613729062893
2192	0	0	0.6210632753193109
2192	0	1	0.6196435730119948
2192	0	2	0.46694156662779984
2192	1	0	0.44606301262637643
2192	1	1	0.02328035526734626
2192	1	2	0.022793791577234324
2193	0	0	0.6484261849869484
2193	0	1	0.6155198597624568
2193	0	2	0.6155216497439864
2193	1	0	0.42209799466643777
2193	1	1	0.024721558406525554
2193	1	2	0.02695569813174223
2194	0	0	0.6416092502964779
2194	0	1	0.6480172236186823
2194	0	2	0.28013318227521367
2194	1	0	0.4287190256377228
2194	1	1	0.07088392644044188
2194	1	2	0.07088596456959012
2195	0	0	0.6124978497465525
2195	0	1	0.600636771567523
2195	0	2	0.40463690905909333
2195	1	0	0.4440954736898296
2195	1	1	0.07582134054257465
2195	1	2	0.0839362708751699
2196	0	0	0.6245570617183521
2196	0	1	0.6222499490721143
2196	0	2	0.4163745218830982
2196	1	0	0.46018350416267256
2196	1	1	0.04264164864811146
2196	1	2	0.04264960030710556
2197	0	0	0.6464881372125997
2197	0	1	0.6570034198451455
2197	0	2	0.4442329897803925
2197	1	0	0.44697230189808596
2197	1	1	0.06024027155279173
2197	1	2	0.06024027242760742
2198	0	0	0.6151290945184464
2198	0	1	0.6072622627078998
2198	0	2	0.47070304217790093
2198	1	0	0.4657090473129703
2198	1	1	0.03717326654933517
2198	1	2	0.03717647187140238
2199	0	0	0.7607228434649731
2199	0	1	0.6744943261017577
2199	0	2	0.42723580430622365
2199	1	0	0.43227525868276656
2199	1	1	0.04045400217481401
2199	1	2	0.04040809947448275
2200	0	0	0.6070731679117879
2200	0	1	0.5959199947884504
2200	0	2	0.3655964871975308
2200	1	0	0.44832400760089425
2200	1	1	0.033821380157477876
2200	1	2	0.0338213782181344
2201	0	0	0.6234820011706507
2201	0	1	0.6182520723796107
2201	0	2	0.47227200167672234
2201	1	0	0.4624298496819388
2201	1	1	0.039881860944256164
2201	1	2	0.039881861405420646
2202	0	0	0.6865750757351714
2202	0	1	0.5638854717005753
2202	0	2	0.3792553808661254
2202	1	0	0.3903868487587594
2202	1	1	0.04767833810367089
2202	1	2	0.04767900773091442
2203	0	0	0.6192241010781817
2203	0	1	0.6124282020930487
2203	0	2	0.4874021883136996
2203	1	0	0.4559190564348336
2203	1	1	0.03248963964728374
2203	1	2	0.032521299648174934
2204	0	0	0.6320545215730979
2204	0	1	0.6104034275667841
2204	0	2	0.59415355415178
2204	1	0	0.47573094687441736
2204	1	1	0.04932774181206208
2204	1	2	0.049327741878106054
2205	0	0	0.699034201116185
2205	0	1	0.645551077991159
2205	0	2	0.43643059385851346
2205	1	0	0.44558746125084486
2205	1	1	0.036079326510691415
2205	1	2	0.036070292110646746
2206	0	0	0.633641548452456
2206	0	1	0.608135426528853
2206	0	2	0.4791060413564746
2206	1	0	0.41959034721103905
2206	1	1	0.042327135951685385
2206	1	2	0.04232713759951445
2207	0	0	0.5823239267990381
2207	0	1	0.6092038562990677
2207	0	2	0.5261629656993148
2207	1	0	0.4819122507664682
2207	1	1	0.04314927729993423
2207	1	2	0.04312288243651051
2208	0	0	0.5876069432316279
2208	0	1	0.5959375341229654
2208	0	2	0.3088828504841953
2208	1	0	0.4321566889436347
2208	1	1	0.028079766881606155
2208	1	2	0.028109982257221486
2209	0	0	0.6217613429849275
2209	0	1	0.6198118286127073
2209	0	2	0.3321092233908495
2209	1	0	0.3793091986254006
2209	1	1	0.021484170027820534
2209	1	2	0.021508512716320774
2210	0	0	0.6345162596795092
2210	0	1	0.5900077309033476
2210	0	2	0.4466137493602927
2210	1	0	0.39337278492361494
2210	1	1	0.025925816720972647
2210	1	2	0.02592622472585701
2211	0	0	0.6785643081264465
2211	0	1	0.6304220531030011
2211	0	2	0.42895621281913776
2211	1	0	0.3816766821856781
2211	1	1	0.0234961526239697
2211	1	2	0.02354959923027218
2212	0	0	0.7839035459913903
2212	0	1	0.767971840342317
2212	0	2	0.4889028175865726
2212	1	0	0.40840211900078105
2212	1	1	0.050143849895719336
2212	1	2	0.05269996173343415
2213	0	0	0.7697320011551797
2213	0	1	0.6768920640940023
2213	0	2	0.46485765065895646
2213	1	0	0.42970420239128876
2213	1	1	0.04203127203587659
2213	1	2	0.04001297145509951
2214	0	0	0.6446429443321575
2214	0	1	0.618813108054582
2214	0	2	0.4166664078694631
2214	1	0	0.3984038846948785
2214	1	1	0.050265742693827484
2214	1	2	0.04590644598503785
2215	0	0	0.7434598216961958
2215	0	1	0.6434388752770546
2215	0	2	0.4481523239473927
2215	1	0	0.45913542995721823
2215	1	1	0.034591930852277755
2215	1	2	0.034591806164663286
2216	0	0	0.6595521335504295
2216	0	1	0.6204398498399633
2216	0	2	0.44362246937496896
2216	1	0	0.4520278692625976
2216	1	1	0.13784552065577882
2216	1	2	0.1378455220902357
2217	0	0	0.6152345280014526
2217	0	1	0.6164015132027261
2217	0	2	0.3748561927090176
2217	1	0	0.44006253502743
2217	1	1	0.024416720984667517
2217	1	2	0.023530675037717344
2218	0	0	0.6384986673602375
2218	0	1	0.648165703605445
2218	0	2	0.48037944953140654
2218	1	0	0.36999238382606153
2218	1	1	0.031329607575109664
2218	1	2	0.030757387534930097
2219	0	0	0.6634708927754348
2219	0	1	0.6634571957376248
2219	0	2	0.47196494536519906
2219	1	0	0.48843003910244676
2219	1	1	0.06297269729243944
2219	1	2	0.06038045769472769
2220	0	0	0.6121717702562395
2220	0	1	0.6039254927363024
2220	0	2	0.356119427199455
2220	1	0	0.46614071753946296
2220	1	1	0.042066157148637456
2220	1	2	0.04112157259320608
2221	0	0	0.6604819390951884
2221	0	1	0.6501419209344345
2221	0	2	0.40694457444117993
2221	1	0	0.4240852440337883
2221	1	1	0.02179167368007412
2221	1	2	0.022291715478507015
2222	0	0	0.7248066822985366
2222	0	1	0.6060110565579861
2222	0	2	0.4341641250313045
2222	1	0	0.4934662776458859
2222	1	1	0.07751662343416839
2222	1	2	0.080760643199919
2223	0	0	0.6055146694872868
2223	0	1	0.6061010634208605
2223	0	2	0.47317295096333295
2223	1	0	0.37062247664122855
2223	1	1	0.027550566140934277
2223	1	2	0.030985524848903587
2224	0	0	0.6281891090263263
2224	0	1	0.6290184562529284
2224	0	2	0.41990700932220587
2224	1	0	0.42693966850009946
2224	1	1	0.11435081454021423
2224	1	2	0.11562732235438203
2225	0	0	0.7577292189846176
2225	0	1	0.6329359128394758
2225	0	2	0.4043388266563619
2225	1	0	0.44674114575081575
2225	1	1	0.04218548692008654
2225	1	2	0.05609375187284646
2226	0	0	0.657355646218996
2226	0	1	0.6371836148030893
2226	0	2	0.4179340355454748
2226	1	0	0.47060167390228036
2226	1	1	0.023995192181412883
2226	1	2	0.023995192118400788
2227	0	0	0.9394976250385678
2227	0	1	0.8507831492052526
2227	0	2	0.2862285528335261
2227	1	0	0.41594615392329687
2227	1	1	0.046946444250527145
2227	1	2	0.06379578652165957
2228	0	0	0.6237853069683238
2228	0	1	0.5777016216472364
2228	0	2	0.414464767784328
2228	1	0	0.45375839786516337
2228	1	1	0.03310964160497151
2228	1	2	0.04671380849772171
2229	0	0	0.6241090405746985
2229	0	1	0.6222074687162461
2229	0	2	0.37833467237159113
2229	1	0	0.439801814204635
2229	1	1	0.05877130260720502
2229	1	2	0.05795357204259988
2230	0	0	0.7543901508993884
2230	0	1	0.7445450425148332
2230	0	2	0.4219429907996015
2230	1	0	0.4485139017288979
2230	1	1	0.06122777447761038
2230	1	2	0.1157452709299544
2231	0	0	0.6064629577085876
2231	0	1	0.5306720504788741
2231	0	2	0.4394152422459397
2231	1	0	0.3016827716991505
2231	1	1	0.04336852634448428
2231	1	2	0.0876382340249024
2232	0	0	0.6835897245828347
2232	0	1	0.6751530230492533
2232	0	2	0.48154972843786203
2232	1	0	0.4644008074844338
2232	1	1	0.028733425683978006
2232	1	2	0.028951284414719336
2233	0	0	0.6067110077846869
2233	0	1	0.580428581797428
2233	0	2	0.4730607203724052
2233	1	0	0.36732039424323365
2233	1	1	0.06246403856687312
2233	1	2	0.06235314876178663
2234	0	0	0.5960880895422334
2234	0	1	0.596752160944771
2234	0	2	0.46282673942894964
2234	1	0	0.49057263426884967
2234	1	1	0.07960179899768653
2234	1	2	0.08008400041000054
2235	0	0	0.6578246264622256
2235	0	1	0.6701240215719836
2235	0	2	0.4425868528432033
2235	1	0	0.4597856428125603
2235	1	1	0.03720389315396312
2235	1	2	0.03719746118919855
2236	0	0	0.675230155319217
2236	0	1	0.6292568040407527
2236	0	2	0.4544779481300053
2236	1	0	0.46657244484449883
2236	1	1	0.07651772917423431
2236	1	2	0.07644746236410062
2237	0	0	0.6599921709001733
2237	0	1	0.6460876392235242
2237	0	2	0.4983499582960945
2237	1	0	0.4838748478056538
2237	1	1	0.023393967971758203
2237	1	2	0.022994042852899313
2238	0	0	0.6274258818029381
2238	0	1	0.6159856982202412
2238	0	2	0.43980601714001744
2238	1	0	0.36255838086800407
2238	1	1	0.024007125975714777
2238	1	2	0.02396767187056692
2239	0	0	0.5997336768818857
2239	0	1	0.5796523998064462
2239	0	2	0.47930929827857105
2239	1	0	0.4400498591470118
2239	1	1	0.0612977443291194
2239	1	2	0.06131111692413642
2240	0	0	0.5979114856044537
2240	0	1	0.6175434545167915
2240	0	2	0.4185227357470119
2240	1	0	0.2609231341558786
2240	1	1	0.026914960577586244
2240	1	2	0.026923606082864246
2241	0	0	0.7200398183426135
2241	0	1	0.6591232446885615
2241	0	2	0.48013301326168795
2241	1	0	0.42925100914170566
2241	1	1	0.03453726227527765
2241	1	2	0.03454213255296576
2242	0	0	0.6505728173677852
2242	0	1	0.5770893177400731
2242	0	2	0.4900655668855186
2242	1	0	0.4867865813840614
2242	1	1	0.05535715938790127
2242	1	2	0.054888883206810346
2243	0	0	0.6742497227193887
2243	0	1	0.6793495312698394
2243	0	2	0.48349813172169165
2243	1	0	0.47108190159916213
2243	1	1	0.09654778922676421
2243	1	2	0.09711962859705812
2244	0	0	0.6372975178071384
2244	0	1	0.634540840810768
2244	0	2	0.48220668618453544
2244	1	0	0.4802536600523095
2244	1	1	0.024545951787706993
2244	1	2	0.024627981770289742
2245	0	0	0.7736849102307979
2245	0	1	0.7633218690102825
2245	0	2	0.44611880124237613
2245	1	0	0.4080928130767875
2245	1	1	0.1144818282625477
2245	1	2	0.11776901576215232
2246	0	0	0.5304056743851392
2246	0	1	0.5196622296058508
2246	0	2	0.4610320555420114
2246	1	0	0.4617746855988643
2246	1	1	0.022172957278460706
2246	1	2	0.0216147924078762
2247	0	0	0.6625720311495501
2247	0	1	0.6823407452057542
2247	0	2	0.43157898150876606
2247	1	0	0.4431340372002615
2247	1	1	0.031195093958386905
2247	1	2	0.039975651469216875
2248	0	0	0.6358152149369878
2248	0	1	0.6223033910316931
2248	0	2	0.45444365334608083
2248	1	0	0.47396706798302085
2248	1	1	0.04715156615383334
2248	1	2	0.053080186167968585
2249	0	0	0.6546746515677104
2249	0	1	0.6420263030733191
2249	0	2	0.4809432894353697
2249	1	0	0.4394992345627537
2249	1	1	0.03536975690639976
2249	1	2	0.034914996901665066
2250	0	0	0.7437067278445355
2250	0	1	0.6713115746268081
2250	0	2	0.42005657420621634
2250	1	0	0.3833380746132244
2250	1	1	0.09501792506054722
2250	1	2	0.09534302951033609
2251	0	0	0.7499838437974536
2251	0	1	0.7495708101762264
2251	0	2	0.4859813363946798
2251	1	0	0.42800900988978574
2251	1	1	0.07665106299244959
2251	1	2	0.076655072128426
2252	0	0	0.5739701354787194
2252	0	1	0.5896929476444361
2252	0	2	0.4030780416800636
2252	1	0	0.4043222696977199
2252	1	1	0.03894689249761141
2252	1	2	0.039201255859969905
2253	0	0	0.6587083456518144
2253	0	1	0.6546713288283369
2253	0	2	0.410452741100522
2253	1	0	0.47384732183728184
2253	1	1	0.04583255398130506
2253	1	2	0.0458855464890235
2254	0	0	0.599853150876694
2254	0	1	0.5648402162694799
2254	0	2	0.42503922188067167
2254	1	0	0.4581869950186176
2254	1	1	0.034085562234276626
2254	1	2	0.03408556234233308
2255	0	0	0.7449825332118816
2255	0	1	0.7408930279683583
2255	0	2	0.45982183956145173
2255	1	0	0.4826804325676351
2255	1	1	0.18578982612825073
2255	1	2	0.1857991728655977
2256	0	0	0.6322679601264027
2256	0	1	0.6324153037719196
2256	0	2	0.41260286561444975
2256	1	0	0.4764842782048034
2256	1	1	0.027933854434944644
2256	1	2	0.027488815443853565
2257	0	0	0.6905676205778728
2257	0	1	0.6556593751799205
2257	0	2	0.4568778990514631
2257	1	0	0.4688091491808622
2257	1	1	0.07744582378274563
2257	1	2	0.07549180153031354
2258	0	0	0.6232572391256068
2258	0	1	0.6010848803059261
2258	0	2	0.3694093470478158
2258	1	0	0.44737155555977537
2258	1	1	0.08312933978341051
2258	1	2	0.08280260038451574
2259	0	0	0.5969526714344549
2259	0	1	0.5579764239852922
2259	0	2	0.486717961219427
2259	1	0	0.47258450849034594
2259	1	1	0.08237093765262586
2259	1	2	0.08225431435801346
2260	0	0	0.6840488334575773
2260	0	1	0.6726533929930073
2260	0	2	0.48822794793873703
2260	1	0	0.38512787926830816
2260	1	1	0.02717261658417444
2260	1	2	0.027183682950777624
2261	0	0	0.6869626929335152
2261	0	1	0.7002838664001811
2261	0	2	0.45428130999150895
2261	1	0	0.46711748193107616
2261	1	1	0.03210364546974011
2261	1	2	0.03221044411195756
2262	0	0	0.6818995769837768
2262	0	1	0.647529934300628
2262	0	2	0.47514827263515136
2262	1	0	0.4421416197466391
2262	1	1	0.04041272307667586
2262	1	2	0.03956299555716093
2263	0	0	0.6092345771033878
2263	0	1	0.600851467273851
2263	0	2	0.37746721956810564
2263	1	0	0.40046556917241677
2263	1	1	0.03415606566110284
2263	1	2	0.034319354260230986
2264	0	0	0.6740635706063112
2264	0	1	0.7123122405367788
2264	0	2	0.37982994976184903
2264	1	0	0.3744332139269499
2264	1	1	0.040091034487414065
2264	1	2	0.0400909646264386
2265	0	0	0.5491176184402256
2265	0	1	0.5414602607100805
2265	0	2	0.3340967052908858
2265	1	0	0.46167773736473144
2265	1	1	0.08861329530702622
2265	1	2	0.08854151829295777
2266	0	0	0.5444999916001485
2266	0	1	0.5500124697029738
2266	0	2	0.4468369252705839
2266	1	0	0.47147699761379513
2266	1	1	0.08947132592910784
2266	1	2	0.08947141368552802
2267	0	0	0.6195719603990435
2267	0	1	0.6195815924500061
2267	0	2	0.4429876273838133
2267	1	0	0.4640760851205799
2267	1	1	0.024085824034036155
2267	1	2	0.024330510496002572
2268	0	0	0.6704524943458475
2268	0	1	0.6631126020442717
2268	0	2	0.4521644093841717
2268	1	0	0.3699222516770582
2268	1	1	0.04092659701909929
2268	1	2	0.03991174159016728
2269	0	0	0.6770564987601984
2269	0	1	0.6600740335168668
2269	0	2	0.46340051560796214
2269	1	0	0.3951119532945249
2269	1	1	0.028470459961717653
2269	1	2	0.028503361291947346
2270	0	0	0.689610413989282
2270	0	1	0.5855056133166023
2270	0	2	0.4303965554890071
2270	1	0	0.4843580859488614
2270	1	1	0.10094623646203452
2270	1	2	0.10093987388096021
2271	0	0	0.49264259305879776
2271	0	1	0.4892894593199968
2271	0	2	0.43936259401077343
2271	1	0	0.4170532509665829
2271	1	1	0.03568953617587291
2271	1	2	0.035480862565213114
2272	0	0	0.6882353355946287
2272	0	1	0.687405894642112
2272	0	2	0.32793431399186257
2272	1	0	0.4263570303807617
2272	1	1	0.052347150959630134
2272	1	2	0.052337920929803106
2273	0	0	0.662805520027704
2273	0	1	0.6490431363607945
2273	0	2	0.44526974636760563
2273	1	0	0.45719628101877835
2273	1	1	0.07401060708126839
2273	1	2	0.07398552761598566
2274	0	0	0.601280319986836
2274	0	1	0.5959056587963519
2274	0	2	0.4269306525252632
2274	1	0	0.40884512819409463
2274	1	1	0.04140199652897511
2274	1	2	0.04140199412364476
2275	0	0	0.631742857396113
2275	0	1	0.6318656148411785
2275	0	2	0.3987702975275604
2275	1	0	0.46626678901267216
2275	1	1	0.044896310378098936
2275	1	2	0.04479302090361284
2276	0	0	0.6240375802138487
2276	0	1	0.6188151668806272
2276	0	2	0.3583563419645845
2276	1	0	0.42046870544946985
2276	1	1	0.022028870263524306
2276	1	2	0.02122140614918902
2277	0	0	0.7481648454004781
2277	0	1	0.7178837151209337
2277	0	2	0.44388611529749505
2277	1	0	0.4813752072853144
2277	1	1	0.124364141913849
2277	1	2	0.1235159661032282
2278	0	0	0.5792192506427116
2278	0	1	0.5266121446865337
2278	0	2	0.4204980355379898
2278	1	0	0.48234719882720606
2278	1	1	0.06495257405287848
2278	1	2	0.06488372778679212
2279	0	0	0.6686229804031759
2279	0	1	0.6686229560543719
2279	0	2	0.47078748464075487
2279	1	0	0.4061555192469354
2279	1	1	0.08248605208352967
2279	1	2	0.08680453029608295
2280	0	0	0.6200353254945786
2280	0	1	0.6029737408971797
2280	0	2	0.41004071222004324
2280	1	0	0.4301117503554942
2280	1	1	0.03170903575078925
2280	1	2	0.03170964840902721
2281	0	0	0.6172322294811375
2281	0	1	0.6188763617617159
2281	0	2	0.46721078027125146
2281	1	0	0.41732425878856877
2281	1	1	0.09399366787736513
2281	1	2	0.09401318435347843
2282	0	0	0.5769054916580217
2282	0	1	0.5419553754407305
2282	0	2	0.4072541523714889
2282	1	0	0.38676544541114327
2282	1	1	0.18078414786002145
2282	1	2	0.180801304294601
2283	0	0	0.610078070746187
2283	0	1	0.6111472090119179
2283	0	2	0.3771582828359672
2283	1	0	0.36813902011892324
2283	1	1	0.019685850017465284
2283	1	2	0.019779336063729322
2284	0	0	0.5768064605089787
2284	0	1	0.5987746608918032
2284	0	2	0.4648945330692247
2284	1	0	0.4258503517088331
2284	1	1	0.031287163251686886
2284	1	2	0.03237701722814794
2285	0	0	0.6092073452457969
2285	0	1	0.6091109716330446
2285	0	2	0.4909351127454513
2285	1	0	0.4700815854761528
2285	1	1	0.03999735434546385
2285	1	2	0.03992444287569469
2286	0	0	0.5324565389074027
2286	0	1	0.5431247015360734
2286	0	2	0.49340273505429244
2286	1	0	0.42774937251438366
2286	1	1	0.01967603505419692
2286	1	2	0.019463859200968547
2287	0	0	0.5675175633731178
2287	0	1	0.5816261562028939
2287	0	2	0.3526870854959042
2287	1	0	0.424293750390386
2287	1	1	0.02301768592708056
2287	1	2	0.024333289578649955
2288	0	0	0.6020441892973565
2288	0	1	0.5866987491886089
2288	0	2	0.4811048433129824
2288	1	0	0.46588653346675335
2288	1	1	0.049669164103081045
2288	1	2	0.049736479547441356
2289	0	0	0.6363982013990779
2289	0	1	0.6477713129288094
2289	0	2	0.34797334491157433
2289	1	0	0.4487328939738448
2289	1	1	0.02524112584752458
2289	1	2	0.024904834798498407
2290	0	0	0.6009465046016857
2290	0	1	0.5766148712155346
2290	0	2	0.4512905599780368
2290	1	0	0.46297541900526695
2290	1	1	0.048709531337815595
2290	1	2	0.0487095188637543
2291	0	0	0.6289022970156788
2291	0	1	0.6088414553531518
2291	0	2	0.4294185323413014
2291	1	0	0.402523461601804
2291	1	1	0.029462197751267002
2291	1	2	0.028363837682464837
2292	0	0	0.6993727184531324
2292	0	1	0.6849257702161262
2292	0	2	0.42269409094422294
2292	1	0	0.41417681125017886
2292	1	1	0.052566567012570856
2292	1	2	0.05219242385149095
2293	0	0	0.5823854092092287
2293	0	1	0.5816444767239577
2293	0	2	0.3462989139804623
2293	1	0	0.4637852106891882
2293	1	1	0.044971671717441666
2293	1	2	0.044935343473921946
2294	0	0	0.6060331049382406
2294	0	1	0.5936886113333874
2294	0	2	0.4896733793271192
2294	1	0	0.4247408918612613
2294	1	1	0.04455221956187856
2294	1	2	0.044588547799948974
2295	0	0	0.5958373755017228
2295	0	1	0.5888973014068737
2295	0	2	0.37723708086396
2295	1	0	0.47639453836449924
2295	1	1	0.01705019677105042
2295	1	2	0.01950793184900755
2296	0	0	0.623205480293095
2296	0	1	0.6029763294417954
2296	0	2	0.4753940074824957
2296	1	0	0.4437948018792341
2296	1	1	0.033437598644843206
2296	1	2	0.03342265107115373
2297	0	0	0.6193041052137505
2297	0	1	0.5851264463348865
2297	0	2	0.46672076240416016
2297	1	0	0.47366309927131117
2297	1	1	0.03715170568988102
2297	1	2	0.036924149497214565
2298	0	0	0.5660073936860439
2298	0	1	0.5459263930759668
2298	0	2	0.44320841321136173
2298	1	0	0.38186577473071737
2298	1	1	0.06575448607608149
2298	1	2	0.06582437282590771
2299	0	0	0.7262826558366304
2299	0	1	0.7152455751333404
2299	0	2	0.436861867042579
2299	1	0	0.481624271841272
2299	1	1	0.06225707638808042
2299	1	2	0.062212888998317284
2300	0	0	0.6274606773933522
2300	0	1	0.6213823283924307
2300	0	2	0.37419804723597305
2300	1	0	0.45782701760937927
2300	1	1	0.04821458922522234
2300	1	2	0.04819973345070322
2301	0	0	0.5495950415104816
2301	0	1	0.548984783229328
2301	0	2	0.3937990068058156
2301	1	0	0.4147204914388368
2301	1	1	0.03557247505964661
2301	1	2	0.03572840208176195
2302	0	0	0.6573902495242187
2302	0	1	0.6441833087184483
2302	0	2	0.4267290567344194
2302	1	0	0.4825628953170715
2302	1	1	0.06957180686634153
2302	1	2	0.06957680120210846
2303	0	0	0.6041603017428288
2303	0	1	0.5898577338661997
2303	0	2	0.40232469153197153
2303	1	0	0.3483975212571406
2303	1	1	0.1352348733268327
2303	1	2	0.13523941201003514
2304	0	0	0.566506832783394
2304	0	1	0.5561630838945341
2304	0	2	0.4000488665170044
2304	1	0	0.46336653306225406
2304	1	1	0.03654083555004212
2304	1	2	0.03658562751571852
2305	0	0	0.5919317285478205
2305	0	1	0.5407861512084968
2305	0	2	0.38734917003625424
2305	1	0	0.4502503515712563
2305	1	1	0.04093125525230454
2305	1	2	0.04093126122904586
2306	0	0	0.5791050666672908
2306	0	1	0.5734121967098688
2306	0	2	0.40950426943913953
2306	1	0	0.46618830566731706
2306	1	1	0.023213381386493537
2306	1	2	0.02321873433468799
2307	0	0	0.6365228890799555
2307	0	1	0.6370467606800676
2307	0	2	0.4697882393969871
2307	1	0	0.4469459878549361
2307	1	1	0.0468832941237558
2307	1	2	0.04684033249028374
2308	0	0	0.6366563733069499
2308	0	1	0.5797066600369352
2308	0	2	0.4369582733626814
2308	1	0	0.45127423345079726
2308	1	1	0.05612213193323612
2308	1	2	0.056122117467210644
2309	0	0	0.6856706731825248
2309	0	1	0.6569377881938616
2309	0	2	0.47967175241699633
2309	1	0	0.48866837845379973
2309	1	1	0.0463103441756343
2309	1	2	0.04620004333085992
2310	0	0	0.6773977682852116
2310	0	1	0.6108815808595112
2310	0	2	0.41512251412549656
2310	1	0	0.4838002276583761
2310	1	1	0.022258229312341227
2310	1	2	0.024750214937153153
2311	0	0	0.8664467832287404
2311	0	1	0.7679229548208566
2311	0	2	0.43767742177125746
2311	1	0	0.4261663410403293
2311	1	1	0.04728650224132924
2311	1	2	0.08675649705696271
2312	0	0	0.5638832783564429
2312	0	1	0.5272513885429556
2312	0	2	0.3590163459026888
2312	1	0	0.4783586365190098
2312	1	1	0.03901440371395318
2312	1	2	0.038675843294820086
2313	0	0	0.5890774526133541
2313	0	1	0.5805508670344386
2313	0	2	0.35891957934183233
2313	1	0	0.3704345334923081
2313	1	1	0.04652292588071737
2313	1	2	0.052429974028239276
2314	0	0	0.7247021130004165
2314	0	1	0.6909733675172034
2314	0	2	0.48366184881947377
2314	1	0	0.4811594576247673
2314	1	1	0.05588542336295925
2314	1	2	0.056009609774125696
2315	0	0	0.5951365629949051
2315	0	1	0.6001690371964266
2315	0	2	0.43345443583858
2315	1	0	0.4578374641662969
2315	1	1	0.04217078927124275
2315	1	2	0.042205214091478316
2316	0	0	0.5369405777573817
2316	0	1	0.5335651105540655
2316	0	2	0.44723852214737475
2316	1	0	0.4781167464886623
2316	1	1	0.07145442837128825
2316	1	2	0.07091366068055716
2317	0	0	0.5489461707880483
2317	0	1	0.5532293867557019
2317	0	2	0.4099729355980496
2317	1	0	0.4749767569870796
2317	1	1	0.09072632611860706
2317	1	2	0.09073300187088465
2318	0	0	0.6201031521668698
2318	0	1	0.5991485673066932
2318	0	2	0.48038233776551864
2318	1	0	0.4355907982391439
2318	1	1	0.03391739311202094
2318	1	2	0.03365871433074348
2319	0	0	0.7632677954954675
2319	0	1	0.7639990038252688
2319	0	2	0.48713608925801677
2319	1	0	0.4825972577710885
2319	1	1	0.09046811301468972
2319	1	2	0.09047252170292211
2320	0	0	0.6861910362553028
2320	0	1	0.6913554112998752
2320	0	2	0.42593291165617886
2320	1	0	0.42860365523380545
2320	1	1	0.028855451912988453
2320	1	2	0.028811955462655553
2321	0	0	0.6250835467008438
2321	0	1	0.6329391374575936
2321	0	2	0.3055503521675352
2321	1	0	0.48827757432133534
2321	1	1	0.02767571351239731
2321	1	2	0.027766604265469716
2322	0	0	0.6501351458544068
2322	0	1	0.608384181312884
2322	0	2	0.4395781255673047
2322	1	0	0.38852352728001777
2322	1	1	0.05338421096707964
2322	1	2	0.06005816955343091
2323	0	0	0.5858580202982689
2323	0	1	0.5895494001713657
2323	0	2	0.43956946306894334
2323	1	0	0.4434255136269569
2323	1	1	0.04096856466951758
2323	1	2	0.04421952744410147
2324	0	0	0.5381068278951315
2324	0	1	0.5321773762476538
2324	0	2	0.4556736475104507
2324	1	0	0.4814103850548868
2324	1	1	0.03581096059724578
2324	1	2	0.03581104590221752
2325	0	0	0.6058630277065865
2325	0	1	0.5747060893041371
2325	0	2	0.4698227119848616
2325	1	0	0.3889683589299531
2325	1	1	0.025303035622586983
2325	1	2	0.025432484625623503
2326	0	0	0.7635143967931248
2326	0	1	0.7510073486904423
2326	0	2	0.3116632749710073
2326	1	0	0.4608502140529929
2326	1	1	0.046344314277080134
2326	1	2	0.08875392163213744
2327	0	0	0.5831964140611907
2327	0	1	0.5869915999086512
2327	0	2	0.44616631694793496
2327	1	0	0.4644621809263629
2327	1	1	0.047049068442205785
2327	1	2	0.06557357813661822
2328	0	0	0.6121451648675447
2328	0	1	0.6067214628048192
2328	0	2	0.4388179562735065
2328	1	0	0.4754366600321687
2328	1	1	0.0553465459124203
2328	1	2	0.05427456301874055
2329	0	0	0.7329647365308873
2329	0	1	0.7081807339938461
2329	0	2	0.4796572968374776
2329	1	0	0.48742671088882117
2329	1	1	0.025952860868419553
2329	1	2	0.02608220334844237
2330	0	0	0.6593357498516257
2330	0	1	0.6589791320923817
2330	0	2	0.43571971593692
2330	1	0	0.4510023136599298
2330	1	1	0.025586857160251178
2330	1	2	0.025553963673225863
2331	0	0	0.6469862765348122
2331	0	1	0.6064218072902843
2331	0	2	0.48153844163624043
2331	1	0	0.41785862124251855
2331	1	1	0.17186281871355596
2331	1	2	0.17156735220356992
2332	0	0	0.5556120655976129
2332	0	1	0.541016670672894
2332	0	2	0.47890218142275787
2332	1	0	0.4669824357132528
2332	1	1	0.05463909064801828
2332	1	2	0.05464099648176329
2333	0	0	0.7361530866023362
2333	0	1	0.7106800350733493
2333	0	2	0.48321183818721175
2333	1	0	0.46957611119325665
2333	1	1	0.09981621995574898
2333	1	2	0.0994643435279423
2334	0	0	0.5496873656550765
2334	0	1	0.5133341158625377
2334	0	2	0.4334679302660447
2334	1	0	0.39054561851980313
2334	1	1	0.07292898844543912
2334	1	2	0.07276070446039588
2335	0	0	0.5882919793787157
2335	0	1	0.5629244501908868
2335	0	2	0.47236379185550714
2335	1	0	0.3210875075793184
2335	1	1	0.01927801042526621
2335	1	2	0.019312004174956376
2336	0	0	0.6201461012236626
2336	0	1	0.6271372912458387
2336	0	2	0.45747819643184656
2336	1	0	0.4935863544618975
2336	1	1	0.0361374309500332
2336	1	2	0.035639215346901024
2337	0	0	0.7384993525462719
2337	0	1	0.5166851313144527
2337	0	2	0.4126117724158038
2337	1	0	0.4569795544712722
2337	1	1	0.05592132588493447
2337	1	2	0.05591518617797958
2338	0	0	0.5970560176717243
2338	0	1	0.5824571360834552
2338	0	2	0.4853814366762804
2338	1	0	0.47055120586495164
2338	1	1	0.10748660975571789
2338	1	2	0.1074853009981934
2339	0	0	0.8259214994818694
2339	0	1	0.8021608731757304
2339	0	2	0.47873559154837586
2339	1	0	0.4770005763719748
2339	1	1	0.08242262472044257
2339	1	2	0.08248334482385034
2340	0	0	0.6138284369694542
2340	0	1	0.6154289349799766
2340	0	2	0.49337006986747156
2340	1	0	0.3419819421442908
2340	1	1	0.02167310512353425
2340	1	2	0.021669811638427322
2341	0	0	0.6373984034446205
2341	0	1	0.6275163743006427
2341	0	2	0.4818803751456542
2341	1	0	0.47923399550427137
2341	1	1	0.04652611194630556
2341	1	2	0.04652398959095087
2342	0	0	0.5803742164842858
2342	0	1	0.5274473471543172
2342	0	2	0.3843380017966378
2342	1	0	0.4570168216416539
2342	1	1	0.057482005675033004
2342	1	2	0.05739992602976239
2343	0	0	0.5517251720473151
2343	0	1	0.5417063290944961
2343	0	2	0.459665361232488
2343	1	0	0.46392289723561736
2343	1	1	0.14114239908285595
2343	1	2	0.1411195394654118
2344	0	0	0.7655394847167387
2344	0	1	0.7720698598822313
2344	0	2	0.417540369710746
2344	1	0	0.4710981570425841
2344	1	1	0.06399787542314167
2344	1	2	0.06394603407101417
2345	0	0	0.561853266291185
2345	0	1	0.5590933466508775
2345	0	2	0.43433825891636935
2345	1	0	0.4171648352522633
2345	1	1	0.040897359794055885
2345	1	2	0.04090080066251914
2346	0	0	0.6856979837573276
2346	0	1	0.6723589259562792
2346	0	2	0.4448391087856774
2346	1	0	0.47266040845466384
2346	1	1	0.03744452827957129
2346	1	2	0.036822213864481756
2347	0	0	0.615679664735117
2347	0	1	0.6466026561183181
2347	0	2	0.4580360569732205
2347	1	0	0.42161578417899104
2347	1	1	0.057113373946240664
2347	1	2	0.05711283143733707
2348	0	0	0.6320639603099789
2348	0	1	0.624758272313175
2348	0	2	0.40825182466941323
2348	1	0	0.4243610775210977
2348	1	1	0.09057284170581682
2348	1	2	0.09048085347808153
2349	0	0	0.5491252713681918
2349	0	1	0.5192091347008085
2349	0	2	0.31059157778145297
2349	1	0	0.441110879847033
2349	1	1	0.02615146381698702
2349	1	2	0.0261576342527836
2350	0	0	0.6004802837069398
2350	0	1	0.5589513814065572
2350	0	2	0.4716526397737192
2350	1	0	0.44976433847107405
2350	1	1	0.04243381969625358
2350	1	2	0.040168166948926054
2351	0	0	0.6413935018159255
2351	0	1	0.6194904763312046
2351	0	2	0.4466692814629757
2351	1	0	0.4209886429518803
2351	1	1	0.03904253017309045
2351	1	2	0.0390980149779214
2352	0	0	0.702606027156824
2352	0	1	0.6193477814517621
2352	0	2	0.4482938118090486
2352	1	0	0.4577666957855245
2352	1	1	0.029635725663057236
2352	1	2	0.029734511685925807
2353	0	0	0.6863434522270833
2353	0	1	0.6679664902006492
2353	0	2	0.4050977864062589
2353	1	0	0.4703076156171812
2353	1	1	0.130750823705179
2353	1	2	0.13075482868572647
2354	0	0	0.6577107097971315
2354	0	1	0.648763299271192
2354	0	2	0.3923864991830794
2354	1	0	0.45783397678868487
2354	1	1	0.03238142391175805
2354	1	2	0.03238140403771393
2355	0	0	0.6193676371824701
2355	0	1	0.6133370924778451
2355	0	2	0.44006777646271833
2355	1	0	0.3867154561001026
2355	1	1	0.043603627067704195
2355	1	2	0.043601948408128754
2356	0	0	0.8409357401304771
2356	0	1	0.7973538836701883
2356	0	2	0.45178782143623775
2356	1	0	0.4824155954040283
2356	1	1	0.06307532330416128
2356	1	2	0.06307522959039408
2357	0	0	0.518206417766948
2357	0	1	0.497759142966718
2357	0	2	0.44359045976763933
2357	1	0	0.4672308055942398
2357	1	1	0.027708845963204
2357	1	2	0.027708841778922355
2358	0	0	0.6710112180941596
2358	0	1	0.534777366415266
2358	0	2	0.429215773372971
2358	1	0	0.47529265534612547
2358	1	1	0.13195891853280853
2358	1	2	0.13195428250654867
2359	0	0	0.5695514178755309
2359	0	1	0.5018756970318694
2359	0	2	0.3863191311591563
2359	1	0	0.47768300262718366
2359	1	1	0.051086684087540205
2359	1	2	0.05108835108043297
2360	0	0	0.5629449674823892
2360	0	1	0.5624981632176644
2360	0	2	0.4334009242206002
2360	1	0	0.4910796607789876
2360	1	1	0.04733331544248952
2360	1	2	0.04733331471503445
2361	0	0	0.596228038270297
2361	0	1	0.5957848553986919
2361	0	2	0.4654028755516714
2361	1	0	0.4494892979266935
2361	1	1	0.043155341498900754
2361	1	2	0.0431553413798126
2362	0	0	0.7418794982317367
2362	0	1	0.6552715819750581
2362	0	2	0.42336342659647097
2362	1	0	0.40605252706092654
2362	1	1	0.033274884757370976
2362	1	2	0.03335203764064418
2363	0	0	0.6291354594198187
2363	0	1	0.5045750587996705
2363	0	2	0.4915326277196127
2363	1	0	0.4678530597032792
2363	1	1	0.03546563654708636
2363	1	2	0.03547122054056359
2364	0	0	0.6815431800242535
2364	0	1	0.6342743420019057
2364	0	2	0.5101302447519742
2364	1	0	0.40600331100758846
2364	1	1	0.03795380010924597
2364	1	2	0.04179011360719838
2365	0	0	0.6337476506599363
2365	0	1	0.6320370051911903
2365	0	2	0.41371081665844833
2365	1	0	0.44378319865197374
2365	1	1	0.09504427991288722
2365	1	2	0.09480800603353762
2366	0	0	0.7294217751827998
2366	0	1	0.7222761556323647
2366	0	2	0.4478656395399222
2366	1	0	0.46886167823885844
2366	1	1	0.06450796788570391
2366	1	2	0.06450800113575042
2367	0	0	0.7525948109724878
2367	0	1	0.6382479138992694
2367	0	2	0.4451171606026134
2367	1	0	0.3954465759909384
2367	1	1	0.03333655128963409
2367	1	2	0.033336559696657164
2368	0	0	0.6083912632687115
2368	0	1	0.5892768182252991
2368	0	2	0.48940121684393556
2368	1	0	0.4907784074518171
2368	1	1	0.0513754846784476
2368	1	2	0.05243875076496561
2369	0	0	0.6631148667888264
2369	0	1	0.6098378630269177
2369	0	2	0.44440338192622253
2369	1	0	0.47978500275602803
2369	1	1	0.14027837591209985
2369	1	2	0.14047539631136668
2370	0	0	0.6507350086267005
2370	0	1	0.7187483967788636
2370	0	2	0.33822741893590824
2370	1	0	0.4754015720566516
2370	1	1	0.03697135030107884
2370	1	2	0.08650839282971591
2371	0	0	0.6488828365901276
2371	0	1	0.5769998054528602
2371	0	2	0.4060174119127363
2371	1	0	0.433449573328264
2371	1	1	0.027536588670600298
2371	1	2	0.026624921966206944
2372	0	0	0.6953184951243551
2372	0	1	0.6464133039804522
2372	0	2	0.45643527448776666
2372	1	0	0.41956184665023977
2372	1	1	0.09727698158369266
2372	1	2	0.09739332384675427
2373	0	0	0.6085247702076926
2373	0	1	0.6054909681201102
2373	0	2	0.3933314136622633
2373	1	0	0.43340546030957194
2373	1	1	0.03625981951378077
2373	1	2	0.03625576525324831
2374	0	0	0.6706896184878826
2374	0	1	0.5060389634574429
2374	0	2	0.4589949447867673
2374	1	0	0.4263364303757905
2374	1	1	0.025971967765148957
2374	1	2	0.02641907852406701
2375	0	0	0.614218011171762
2375	0	1	0.6131261022963237
2375	0	2	0.45572797458028913
2375	1	0	0.4524734860655714
2375	1	1	0.1453409482413383
2375	1	2	0.14537168972258094
2376	0	0	0.5012471416610458
2376	0	1	0.49056742673682163
2376	0	2	0.42027967996173854
2376	1	0	0.4685566862420504
2376	1	1	0.032429730024483364
2376	1	2	0.03239830371313329
2377	0	0	0.677968023096447
2377	0	1	0.56699408026959
2377	0	2	0.47332927731984675
2377	1	0	0.49102382565624036
2377	1	1	0.059839183593026465
2377	1	2	0.059934743299443274
2378	0	0	0.6229578673116001
2378	0	1	0.6238901540469007
2378	0	2	0.4426789560349732
2378	1	0	0.47385098055723324
2378	1	1	0.07795373855938453
2378	1	2	0.07795095637431756
2379	0	0	0.6268084549123917
2379	0	1	0.6320915174176263
2379	0	2	0.47388747322573627
2379	1	0	0.45078731243419795
2379	1	1	0.03533096550713746
2379	1	2	0.03526346628631531
2380	0	0	0.6250653070959494
2380	0	1	0.6274840805861062
2380	0	2	0.4971887626002486
2380	1	0	0.43052552318108694
2380	1	1	0.05323207575110868
2380	1	2	0.053160749646318964
2381	0	0	0.5947498692241701
2381	0	1	0.5747331229026005
2381	0	2	0.42204060020701445
2381	1	0	0.46018301318010474
2381	1	1	0.0516518540459527
2381	1	2	0.051840051398293036
2382	0	0	0.7009444839438381
2382	0	1	0.6538605622203076
2382	0	2	0.4267346440357164
2382	1	0	0.4741686933969322
2382	1	1	0.1182563370985127
2382	1	2	0.11823860901078098
2383	0	0	0.5188942395943201
2383	0	1	0.5156518147149636
2383	0	2	0.3903453098543398
2383	1	0	0.4733344702485075
2383	1	1	0.04977774518350821
2383	1	2	0.04977773668197438
2384	0	0	0.546653992490975
2384	0	1	0.512253557773285
2384	0	2	0.4845978619767759
2384	1	0	0.48165094342529896
2384	1	1	0.06890303095190076
2384	1	2	0.06895179141955896
2385	0	0	0.6550370382929288
2385	0	1	0.5722869424121587
2385	0	2	0.2716578841559966
2385	1	0	0.4932667015373584
2385	1	1	0.039933677061727
2385	1	2	0.0399570604986966
2386	0	0	0.5821419517730173
2386	0	1	0.5490953125745798
2386	0	2	0.4531586621451393
2386	1	0	0.4155616512393501
2386	1	1	0.025530979874019352
2386	1	2	0.025511802804708508
2387	0	0	0.5725072231031763
2387	0	1	0.5245788399957998
2387	0	2	0.4505725740204191
2387	1	0	0.42053110937394367
2387	1	1	0.03067067853217205
2387	1	2	0.030689540783986155
2388	0	0	0.577462390861851
2388	0	1	0.5588701052981276
2388	0	2	0.47963030920452004
2388	1	0	0.4771978623030644
2388	1	1	0.05899261868024033
2388	1	2	0.05898283521682332
2389	0	0	0.5184454627105569
2389	0	1	0.49073468439029405
2389	0	2	0.4872640564599269
2389	1	0	0.4874260332066438
2389	1	1	0.0700843725130035
2389	1	2	0.07009306018844719
2390	0	0	0.5923611564700778
2390	0	1	0.5797864612148106
2390	0	2	0.41161175802687955
2390	1	0	0.4926586806573409
2390	1	1	0.037342313630129784
2390	1	2	0.037343400471487986
2391	0	0	0.5060570148372306
2391	0	1	0.5060264098474497
2391	0	2	0.4290627829978999
2391	1	0	0.48491814788338666
2391	1	1	0.056008158853389
2391	1	2	0.0560242972503652
2392	0	0	0.8064307126790906
2392	0	1	0.7309518945944373
2392	0	2	0.42057224825643724
2392	1	0	0.44874934448024867
2392	1	1	0.051661038300712
2392	1	2	0.051658670944236526
2393	0	0	0.4812883125452244
2393	0	1	0.47651358072108474
2393	0	2	0.44025876005548165
2393	1	0	0.4339751340832956
2393	1	1	0.046030319192805216
2393	1	2	0.04603031921017829
2394	0	0	0.4945678304412824
2394	0	1	0.4959044091885997
2394	0	2	0.4646574396927428
2394	1	0	0.47626633802426577
2394	1	1	0.03423600476329472
2394	1	2	0.03423529635660545
2395	0	0	0.5631557159135634
2395	0	1	0.5422660144942716
2395	0	2	0.450016811418056
2395	1	0	0.4656298670005872
2395	1	1	0.03579079297933385
2395	1	2	0.03580585947215567
2396	0	0	0.49806598010142294
2396	0	1	0.498065980101423
2396	0	2	0.3830090405255112
2396	1	0	0.4869010446721682
2396	1	1	0.07991595718820058
2396	1	2	0.07991298432605043
2397	0	0	0.6157682933137951
2397	0	1	0.609705018398615
2397	0	2	0.36873417354344457
2397	1	0	0.48813298266599914
2397	1	1	0.061302916936842505
2397	1	2	0.06130398384962425
2398	0	0	0.5233666407700772
2398	0	1	0.5233780536154545
2398	0	2	0.45705535024530425
2398	1	0	0.39791359261278536
2398	1	1	0.026219424799304433
2398	1	2	0.026218849406467515
2399	0	0	0.49660203146641324
2399	0	1	0.49660203146641324
2399	0	2	0.47295530489855
2399	1	0	0.4816030643747165
2399	1	1	0.03472026384576646
2399	1	2	0.034726713749261104
2400	0	0	0.6241410615754708
2400	0	1	0.5630019575812312
2400	0	2	0.4115957044811464
2400	1	0	0.48310813539241765
2400	1	1	0.05171106704207472
2400	1	2	0.05171106708509547
2401	0	0	0.5156315321322148
2401	0	1	0.4931779104758655
2401	0	2	0.4390906300113434
2401	1	0	0.4424199711012075
2401	1	1	0.06440379951792999
2401	1	2	0.06440315079369806
2402	0	0	0.7147292597158093
2402	0	1	0.712294821901098
2402	0	2	0.47546382202940696
2402	1	0	0.47104968710753375
2402	1	1	0.04481846229687671
2402	1	2	0.04481846951000534
2403	0	0	0.5982380516838928
2403	0	1	0.5750719026775739
2403	0	2	0.45222570383586025
2403	1	0	0.4414109938659548
2403	1	1	0.04389340222185906
2403	1	2	0.04390509414104769
2404	0	0	0.727440070657634
2404	0	1	0.7549611798702114
2404	0	2	0.42213562472951405
2404	1	0	0.4217634979926085
2404	1	1	0.03789289760002992
2404	1	2	0.037896500730991434
2405	0	0	0.539087617460274
2405	0	1	0.5318575467904885
2405	0	2	0.34385971200190296
2405	1	0	0.4358603726073762
2405	1	1	0.01902803544794389
2405	1	2	0.01861567673278601
2406	0	0	0.5070154819782833
2406	0	1	0.5068031003656497
2406	0	2	0.4630982904996519
2406	1	0	0.3312663856974124
2406	1	1	0.03219431470774209
2406	1	2	0.03219467584532755
2407	0	0	0.5582831842635414
2407	0	1	0.5238639077296938
2407	0	2	0.46714360689697576
2407	1	0	0.45673389763474376
2407	1	1	0.08777201259938308
2407	1	2	0.08777428053276047
2408	0	0	0.4989333949286891
2408	0	1	0.5018766512669911
2408	0	2	0.46964842780989385
2408	1	0	0.4618958452517526
2408	1	1	0.036454942644010044
2408	1	2	0.03645654561789542
2409	0	0	0.5514021200941984
2409	0	1	0.5321621009517925
2409	0	2	0.48069241735419815
2409	1	0	0.48567860788122424
2409	1	1	0.1615228006113548
2409	1	2	0.16148237186254666
2410	0	0	0.6276481787434207
2410	0	1	0.6296289502357235
2410	0	2	0.4198510363734813
2410	1	0	0.46900388901629675
2410	1	1	0.04546028415806409
2410	1	2	0.04542740436076613
2411	0	0	0.5548829827402336
2411	0	1	0.5497921045335535
2411	0	2	0.4765144425124715
2411	1	0	0.48292210653988976
2411	1	1	0.057984421832278144
2411	1	2	0.05787218368954472
2412	0	0	0.6366033725206364
2412	0	1	0.5555273281404429
2412	0	2	0.4763183960726932
2412	1	0	0.4472329368440894
2412	1	1	0.036088819661868124
2412	1	2	0.036072956996349895
2413	0	0	0.5992311768129706
2413	0	1	0.6213154749564287
2413	0	2	0.4719794500412756
2413	1	0	0.48328237695313325
2413	1	1	0.05351890914284563
2413	1	2	0.053550711767757136
2414	0	0	0.48797527040501615
2414	0	1	0.48915599517952724
2414	0	2	0.48328645108147217
2414	1	0	0.435729384028739
2414	1	1	0.07568125025044571
2414	1	2	0.07568795911880741
2415	0	0	0.5309840780180152
2415	0	1	0.49632694558042645
2415	0	2	0.46575444776695335
2415	1	0	0.4858602825577726
2415	1	1	0.03099609882022282
2415	1	2	0.030996099222851195
2416	0	0	0.5596815429890054
2416	0	1	0.551686904226534
2416	0	2	0.38898414315273677
2416	1	0	0.4629238595497559
2416	1	1	0.04216342106438775
2416	1	2	0.04216342106395632
2417	0	0	0.5409398042484822
2417	0	1	0.5166356541829841
2417	0	2	0.4561125825163673
2417	1	0	0.4426735319346679
2417	1	1	0.02352288514846619
2417	1	2	0.023574851009237355
2418	0	0	0.5009176678628531
2418	0	1	0.48977221412270266
2418	0	2	0.4050979639925778
2418	1	0	0.4472412373674806
2418	1	1	0.030085320702793142
2418	1	2	0.030094726253008353
2419	0	0	0.6272073745335497
2419	0	1	0.6231651614146375
2419	0	2	0.41146520137870135
2419	1	0	0.4627458444594808
2419	1	1	0.1054911708687317
2419	1	2	0.10548656079182678
2420	0	0	0.6538319866624035
2420	0	1	0.555011284159067
2420	0	2	0.45069242633486395
2420	1	0	0.4842530639111227
2420	1	1	0.12551194627802967
2420	1	2	0.12551150387115084
2421	0	0	0.514813314397716
2421	0	1	0.4809730356676577
2421	0	2	0.4381848464562062
2421	1	0	0.396085117621873
2421	1	1	0.04186594744344002
2421	1	2	0.04187077091200958
2422	0	0	0.4879369627556039
2422	0	1	0.48793684476721333
2422	0	2	0.42580175253564795
2422	1	0	0.4769955866105192
2422	1	1	0.026743037128550695
2422	1	2	0.026742629939399715
2423	0	0	0.4840272463970496
2423	0	1	0.48402724642855643
2423	0	2	0.4413387459079524
2423	1	0	0.3555329833361287
2423	1	1	0.04155362708273562
2423	1	2	0.04155362710843856
2424	0	0	0.6973345914367858
2424	0	1	0.6490534479254273
2424	0	2	0.48043344387258313
2424	1	0	0.45841101682347263
2424	1	1	0.04232713662918744
2424	1	2	0.04232723279663114
2425	0	0	0.5697338440288113
2425	0	1	0.5564857812852538
2425	0	2	0.4268479538623276
2425	1	0	0.47382530483199947
2425	1	1	0.16148705520300388
2425	1	2	0.16148685525611167
2426	0	0	0.5160913563175861
2426	0	1	0.5007399994614584
2426	0	2	0.47752650531674373
2426	1	0	0.44237336086775353
2426	1	1	0.0353024738656601
2426	1	2	0.035292606674282426
2427	0	0	0.6135165272247205
2427	0	1	0.6132983829605502
2427	0	2	0.4649829077958436
2427	1	0	0.4777517370140069
2427	1	1	0.030818420651664014
2427	1	2	0.030823242002359405
2428	0	0	0.48435036633353645
2428	0	1	0.4833606060566567
2428	0	2	0.4568906903364714
2428	1	0	0.4120706121959138
2428	1	1	0.032821198549359776
2428	1	2	0.03282133427127769
2429	0	0	0.4897928490359096
2429	0	1	0.4897928490359096
2429	0	2	0.45199888441482206
2429	1	0	0.4768814198291845
2429	1	1	0.0433763386090507
2429	1	2	0.043376574434372636
2430	0	0	0.48412735755762826
2430	0	1	0.48412695100431385
2430	0	2	0.4765550490414865
2430	1	0	0.47154821454264995
2430	1	1	0.06333392189424852
2430	1	2	0.0633339218938301
2431	0	0	0.4940654150184178
2431	0	1	0.4870640862600636
2431	0	2	0.47093856528090267
2431	1	0	0.4390209434807233
2431	1	1	0.03748476198234274
2431	1	2	0.037500193117535455
2432	0	0	0.49930035998585076
2432	0	1	0.5166992721771565
2432	0	2	0.45045943428913626
2432	1	0	0.44616360045088366
2432	1	1	0.11954442276869715
2432	1	2	0.11953614142716121
2433	0	0	0.6688865566501343
2433	0	1	0.6450337414917842
2433	0	2	0.4526290865164124
2433	1	0	0.4297663636244283
2433	1	1	0.028339891577530862
2433	1	2	0.02834344797221726
2434	0	0	0.6897716562886917
2434	0	1	0.572660135760861
2434	0	2	0.49168800533948087
2434	1	0	0.4643221136247731
2434	1	1	0.0244672351421453
2434	1	2	0.02461654540242454
2435	0	0	0.526409330768433
2435	0	1	0.48160145626388884
2435	0	2	0.4211155600354166
2435	1	0	0.4963205689343538
2435	1	1	0.057713476556227356
2435	1	2	0.05771515932890216
2436	0	0	0.500977342255999
2436	0	1	0.48192483565401334
2436	0	2	0.4231488950117498
2436	1	0	0.40019325017474877
2436	1	1	0.05481934440681767
2436	1	2	0.054820221296130595
2437	0	0	0.5611012514703104
2437	0	1	0.5543603943620796
2437	0	2	0.37529699011182965
2437	1	0	0.4402239592863213
2437	1	1	0.10258906385190433
2437	1	2	0.10258909858180273
2438	0	0	0.5874564865381444
2438	0	1	0.5081849248046922
2438	0	2	0.41488217084361756
2438	1	0	0.48174509150261136
2438	1	1	0.12124108504765546
2438	1	2	0.12123689705801524
2439	0	0	0.512145254518508
2439	0	1	0.5146883411759569
2439	0	2	0.44379994052606864
2439	1	0	0.4700770941114048
2439	1	1	0.03464503608477605
2439	1	2	0.03464393089111581
2440	0	0	0.7008419078551866
2440	0	1	0.6970829768556785
2440	0	2	0.4283006734254083
2440	1	0	0.4071515373717137
2440	1	1	0.05043338692315795
2440	1	2	0.050419091280367256
2441	0	0	0.6735137595724715
2441	0	1	0.4869316896882736
2441	0	2	0.404138404476724
2441	1	0	0.48863619718744156
2441	1	1	0.1644361602018972
2441	1	2	0.1644369558780685
2442	0	0	0.51288195374278
2442	0	1	0.5058505146137509
2442	0	2	0.44805903114720835
2442	1	0	0.4826933267532205
2442	1	1	0.0517569656915729
2442	1	2	0.051747244603761525
2443	0	0	0.49316310074481673
2443	0	1	0.47813694346417435
2443	0	2	0.45369798217910606
2443	1	0	0.42210980176534874
2443	1	1	0.03278760174483013
2443	1	2	0.032398331255172566
2444	0	0	0.5567537699346158
2444	0	1	0.5255206687719818
2444	0	2	0.46053794661034797
2444	1	0	0.432907522767672
2444	1	1	0.020136368331523588
2444	1	2	0.020135222414289736
2445	0	0	0.5064514774526165
2445	0	1	0.48849295433851414
2445	0	2	0.47330150022533884
2445	1	0	0.45805752045625875
2445	1	1	0.05922609375854697
2445	1	2	0.059226094021837344
2446	0	0	0.5599872387882882
2446	0	1	0.5437170261826438
2446	0	2	0.40955183861400035
2446	1	0	0.4806427326818586
2446	1	1	0.057694735715051515
2446	1	2	0.05769509092442997
2447	0	0	0.48492252528560925
2447	0	1	0.5005484393019298
2447	0	2	0.4693767409384919
2447	1	0	0.4540312388847104
2447	1	1	0.02803931862989263
2447	1	2	0.02807762111488306
2448	0	0	0.48877267018441706
2448	0	1	0.4834764514747235
2448	0	2	0.30934303539468627
2448	1	0	0.47627380688823306
2448	1	1	0.02564482138078726
2448	1	2	0.02564031982012295
2449	0	0	0.49696023261728917
2449	0	1	0.5078002527158065
2449	0	2	0.45278653830198523
2449	1	0	0.4508693471597875
2449	1	1	0.038208467038674476
2449	1	2	0.038209353872316665
2450	0	0	0.5267948452671475
2450	0	1	0.5013011039753557
2450	0	2	0.4420522973817698
2450	1	0	0.43063630821461313
2450	1	1	0.05082226179891269
2450	1	2	0.05082307512188175
2451	0	0	0.4896988938764816
2451	0	1	0.49032953226875087
2451	0	2	0.41414426642881264
2451	1	0	0.45366439225809335
2451	1	1	0.04923430757420355
2451	1	2	0.04922878632277822
2452	0	0	0.5470544129051069
2452	0	1	0.5336925219222477
2452	0	2	0.4394076371856028
2452	1	0	0.4826935623434196
2452	1	1	0.04032436507114086
2452	1	2	0.040442258593753874
2453	0	0	0.49699528961764855
2453	0	1	0.4908031067848069
2453	0	2	0.43034781375725817
2453	1	0	0.47413616053586577
2453	1	1	0.02310890153510696
2453	1	2	0.02310902505300641
2454	0	0	0.5397564256490461
2454	0	1	0.5397368718059887
2454	0	2	0.4372775383911848
2454	1	0	0.43021205600973284
2454	1	1	0.10357528603784802
2454	1	2	0.1035752979207442
2455	0	0	0.5191359673365047
2455	0	1	0.5206078481686172
2455	0	2	0.4476017748611368
2455	1	0	0.4384621117460705
2455	1	1	0.06548594552918925
2455	1	2	0.06548604676313241
2456	0	0	0.562813278110788
2456	0	1	0.5608872632283585
2456	0	2	0.4712800433453428
2456	1	0	0.47903732718948616
2456	1	1	0.07907922702416381
2456	1	2	0.07907886505990862
2457	0	0	0.5099241642305706
2457	0	1	0.4912070690419914
2457	0	2	0.38287520549533854
2457	1	0	0.3501706231867882
2457	1	1	0.026306138360684725
2457	1	2	0.02630956565617129
2458	0	0	0.5464177547331839
2458	0	1	0.5064327969369635
2458	0	2	0.4551853639239589
2458	1	0	0.4597749270071954
2458	1	1	0.09959804334717624
2458	1	2	0.09959804320202614
2459	0	0	0.5587011787117729
2459	0	1	0.5567325409152504
2459	0	2	0.46381066716656894
2459	1	0	0.4598730212914296
2459	1	1	0.04657032524924054
2459	1	2	0.04657317254305207
2460	0	0	0.53940906863633
2460	0	1	0.5374404308403828
2460	0	2	0.4191073312808028
2460	1	0	0.4606589145195557
2460	1	1	0.05715931596492442
2460	1	2	0.057159315907395175
2461	0	0	0.5851459866400637
2461	0	1	0.5675448941416861
2461	0	2	0.4871920085827598
2461	1	0	0.4205950216992311
2461	1	1	0.07059147861718137
2461	1	2	0.10443880899908486
2462	0	0	0.5355021175444511
2462	0	1	0.5301694203667392
2462	0	2	0.4117171053591283
2462	1	0	0.481749217298625
2462	1	1	0.05746003671156101
2462	1	2	0.0574521112948914
2463	0	0	0.5289315098683731
2463	0	1	0.5020764804127213
2463	0	2	0.4287482440343754
2463	1	0	0.4653214927345379
2463	1	1	0.12981248028039988
2463	1	2	0.12979490060424154
2464	0	0	0.5877777650484676
2464	0	1	0.5526461710429061
2464	0	2	0.4718280541635729
2464	1	0	0.41209712026294376
2464	1	1	0.0322726421233632
2464	1	2	0.03236902111333344
2465	0	0	0.6414978920207598
2465	0	1	0.6095504277161468
2465	0	2	0.4049851246284957
2465	1	0	0.3933561490565559
2465	1	1	0.026247067839342025
2465	1	2	0.02623308593800916
2466	0	0	0.5698075594000144
2466	0	1	0.5698261731165397
2466	0	2	0.4841297051566731
2466	1	0	0.46378262440793216
2466	1	1	0.02149956310032751
2466	1	2	0.021034294141136778
2467	0	0	0.6111695541860006
2467	0	1	0.5042718133283368
2467	0	2	0.4265780361345819
2467	1	0	0.34973598679168466
2467	1	1	0.05130595994031008
2467	1	2	0.05130102887208078
2468	0	0	0.5308158478263654
2468	0	1	0.5210854285835791
2468	0	2	0.4136314714340421
2468	1	0	0.47863067915602303
2468	1	1	0.03390517150136335
2468	1	2	0.033515662063847235
2469	0	0	0.4958810710701256
2469	0	1	0.491836263182174
2469	0	2	0.46312378777788243
2469	1	0	0.4407731953887696
2469	1	1	0.1067327181346599
2469	1	2	0.10673736287272671
2470	0	0	0.6105889858508344
2470	0	1	0.5383878619886693
2470	0	2	0.3934382085208658
2470	1	0	0.47919085878468054
2470	1	1	0.0915937927075038
2470	1	2	0.09158909748349928
2471	0	0	0.6792257079375894
2471	0	1	0.654221871974145
2471	0	2	0.43947952081703584
2471	1	0	0.49452633046221944
2471	1	1	0.035435361427142625
2471	1	2	0.035706526860399226
2472	0	0	0.7340526087072019
2472	0	1	0.6101671715153025
2472	0	2	0.47320382288434626
2472	1	0	0.3990005104560304
2472	1	1	0.04784464479514107
2472	1	2	0.04802515226458756
2473	0	0	0.6895185168660759
2473	0	1	0.6238467869868107
2473	0	2	0.4656130433594769
2473	1	0	0.4189199185759117
2473	1	1	0.02515834166244435
2473	1	2	0.02522433219273071
2474	0	0	0.5615891418785057
2474	0	1	0.48586350477536505
2474	0	2	0.4755224413559779
2474	1	0	0.4794834377720591
2474	1	1	0.041705261671734065
2474	1	2	0.04171918113437344
2475	0	0	0.5398980268691057
2475	0	1	0.5396800898743841
2475	0	2	0.48884718181342324
2475	1	0	0.33830315509754194
2475	1	1	0.06186471008781315
2475	1	2	0.06186313248092945
2476	0	0	0.6161377616930492
2476	0	1	0.6009402824946043
2476	0	2	0.4320531424201879
2476	1	0	0.40737838473648186
2476	1	1	0.031819785677375076
2476	1	2	0.031893746707647525
2477	0	0	0.5128990585647758
2477	0	1	0.508681320927863
2477	0	2	0.4152520687451783
2477	1	0	0.48601425167264906
2477	1	1	0.08567232621865598
2477	1	2	0.08567688727855069
2478	0	0	0.5936354201516842
2478	0	1	0.5851883701412531
2478	0	2	0.47644146593395215
2478	1	0	0.46676363057857895
2478	1	1	0.04411167268941464
2478	1	2	0.04414372673607693
2479	0	0	0.6296165061957988
2479	0	1	0.6292698448774121
2479	0	2	0.482004835749294
2479	1	0	0.4437497644913167
2479	1	1	0.07518924216665755
2479	1	2	0.0752412055138526
2480	0	0	0.5624302996835344
2480	0	1	0.5998692870223281
2480	0	2	0.4382559696786346
2480	1	0	0.4279330834543112
2480	1	1	0.032285025727044905
2480	1	2	0.032076901503662616
2481	0	0	0.5328164267569908
2481	0	1	0.5185008358008147
2481	0	2	0.39890882923823434
2481	1	0	0.49053273967361005
2481	1	1	0.038716498679076394
2481	1	2	0.037648842245087605
2482	0	0	0.503813172180407
2482	0	1	0.4976325760721949
2482	0	2	0.47927592528987417
2482	1	0	0.4417030727431627
2482	1	1	0.027256698848816333
2482	1	2	0.027284233447842227
2483	0	0	0.4871918092249856
2483	0	1	0.4871918092448941
2483	0	2	0.33928383394485007
2483	1	0	0.4871918117539638
2483	1	1	0.03241819091461902
2483	1	2	0.03241819085066332
2484	0	0	0.5103046847467219
2484	0	1	0.5762333967698473
2484	0	2	0.48793794209763414
2484	1	0	0.4785386600161871
2484	1	1	0.04836692625657782
2484	1	2	0.0483669343251847
2485	0	0	0.5535322961283295
2485	0	1	0.49132934731802724
2485	0	2	0.443697880204035
2485	1	0	0.4164472979234135
2485	1	1	0.03512277914934635
2485	1	2	0.035108680043580656
2486	0	0	0.6015139038948208
2486	0	1	0.6033855206891994
2486	0	2	0.4703683251143601
2486	1	0	0.4687286146528335
2486	1	1	0.049472413983789154
2486	1	2	0.049472396976101715
2487	0	0	0.6360478620933196
2487	0	1	0.6208810925745967
2487	0	2	0.47006550273034675
2487	1	0	0.4508585096606194
2487	1	1	0.07150633398178578
2487	1	2	0.07150631900126123
2488	0	0	0.5857194468353121
2488	0	1	0.5862540337127139
2488	0	2	0.37987013910872525
2488	1	0	0.43978862174551586
2488	1	1	0.019017601999934006
2488	1	2	0.01901760902132782
2489	0	0	0.7586289157673317
2489	0	1	0.6718023052488121
2489	0	2	0.4190502559220254
2489	1	0	0.4652923961603099
2489	1	1	0.046026447953971816
2489	1	2	0.04605605586308342
2490	0	0	0.5506059646168349
2490	0	1	0.4980828524827614
2490	0	2	0.4601293902483191
2490	1	0	0.4557936007698625
2490	1	1	0.0766505190667333
2490	1	2	0.0766503236500963
2491	0	0	0.5042816926498785
2491	0	1	0.49476468288555686
2491	0	2	0.46099566804879255
2491	1	0	0.48680203825011836
2491	1	1	0.10915273061760254
2491	1	2	0.1086629409223245
2492	0	0	0.6002922876723485
2492	0	1	0.5656420898652721
2492	0	2	0.43111467382127266
2492	1	0	0.45833402068943974
2492	1	1	0.0766692246970878
2492	1	2	0.0756722336705979
2493	0	0	0.5868032720353569
2493	0	1	0.5884028121998479
2493	0	2	0.4521777672225225
2493	1	0	0.46188823335064483
2493	1	1	0.05671266479469127
2493	1	2	0.05654022861439431
2494	0	0	0.5691825308109817
2494	0	1	0.5761851845587664
2494	0	2	0.36927211593220544
2494	1	0	0.4233179138744651
2494	1	1	0.028923324579292087
2494	1	2	0.03216775599751545
2495	0	0	0.6163698181737689
2495	0	1	0.6095643552118182
2495	0	2	0.45728207459102327
2495	1	0	0.43684922246231417
2495	1	1	0.048415757001847706
2495	1	2	0.04858635408513058
2496	0	0	0.5867693761372108
2496	0	1	0.566056756126348
2496	0	2	0.4580389666871007
2496	1	0	0.42644767512476833
2496	1	1	0.040050193113997004
2496	1	2	0.03995673847915293
2497	0	0	0.5891698063200164
2497	0	1	0.5772669189397609
2497	0	2	0.4684144826376998
2497	1	0	0.45138224177736963
2497	1	1	0.035225775674613255
2497	1	2	0.035227704318787786
2498	0	0	0.48587813891981924
2498	0	1	0.48784974446717333
2498	0	2	0.45867306280996056
2498	1	0	0.4792941180205406
2498	1	1	0.12759046114644312
2498	1	2	0.12758624273697294
2499	0	0	0.5712185233676463
2499	0	1	0.5735110168232189
2499	0	2	0.4600922748635052
2499	1	0	0.48036776951149346
2499	1	1	0.02468548765080711
2499	1	2	0.02469281481495471
2500	0	0	0.5643041362547419
2500	0	1	0.5301670932664431
2500	0	2	0.4056522400552604
2500	1	0	0.4946725632876656
2500	1	1	0.026268682291517895
2500	1	2	0.025757608879557706
2501	0	0	0.5923862577260756
2501	0	1	0.6555592172750369
2501	0	2	0.4613417829135749
2501	1	0	0.45587001214125794
2501	1	1	0.036048531736189646
2501	1	2	0.036036056956778625
2502	0	0	0.6274298732597527
2502	0	1	0.6290291484153001
2502	0	2	0.4865288649304811
2502	1	0	0.42339540178975543
2502	1	1	0.02784123307772922
2502	1	2	0.02782876911638868
2503	0	0	0.6350240310194901
2503	0	1	0.589937675691209
2503	0	2	0.44129080188937686
2503	1	0	0.4430706936497637
2503	1	1	0.030847736091337674
2503	1	2	0.030826700012717687
2504	0	0	0.6263239609633409
2504	0	1	0.5519336129705376
2504	0	2	0.46031591929311444
2504	1	0	0.46726807156109923
2504	1	1	0.05900955891879643
2504	1	2	0.059009557887843025
2505	0	0	0.5850234177340695
2505	0	1	0.545331757220479
2505	0	2	0.4788935202920749
2505	1	0	0.48144058895876013
2505	1	1	0.11208540178795005
2505	1	2	0.11196450357670884
2506	0	0	0.6930613203138152
2506	0	1	0.6738599093375959
2506	0	2	0.40073938378792306
2506	1	0	0.36969578998105723
2506	1	1	0.0349731228777915
2506	1	2	0.034983974655028796
2507	0	0	0.7946358889298129
2507	0	1	0.7792480841163844
2507	0	2	0.47719006883575277
2507	1	0	0.4886184233162378
2507	1	1	0.11576073777314834
2507	1	2	0.11482823568177075
2508	0	0	0.671152679362679
2508	0	1	0.6398316334717719
2508	0	2	0.4639198227585982
2508	1	0	0.4697841411012839
2508	1	1	0.034509636103228034
2508	1	2	0.03398723709952037
2509	0	0	0.7156828047761336
2509	0	1	0.6838025562156894
2509	0	2	0.4497725520783613
2509	1	0	0.4474906409342487
2509	1	1	0.0330813164691626
2509	1	2	0.03315323016529956
2510	0	0	0.5768904779542103
2510	0	1	0.5688757934800206
2510	0	2	0.4795255315936102
2510	1	0	0.49089462655344146
2510	1	1	0.15532421279358238
2510	1	2	0.1663086916394152
2511	0	0	0.6579059713214412
2511	0	1	0.6529858675036109
2511	0	2	0.4585879081576265
2511	1	0	0.46273948539091203
2511	1	1	0.08071927651119741
2511	1	2	0.10183334877980445
2512	0	0	0.6269954196424561
2512	0	1	0.5860251659562876
2512	0	2	0.48272206414936614
2512	1	0	0.4592279247204953
2512	1	1	0.14861648957963458
2512	1	2	0.14858693339285134
2513	0	0	0.628193360757014
2513	0	1	0.6292784915698777
2513	0	2	0.48046222444851383
2513	1	0	0.43345302693218724
2513	1	1	0.041838193684186564
2513	1	2	0.04182533153831203
2514	0	0	0.6096979358026879
2514	0	1	0.5520617008563324
2514	0	2	0.44100742771115886
2514	1	0	0.4767569699124692
2514	1	1	0.07121548207034795
2514	1	2	0.07120724845821491
2515	0	0	0.6004827950940632
2515	0	1	0.599158447119527
2515	0	2	0.42374992573285386
2515	1	0	0.37464032732635644
2515	1	1	0.022335121501499494
2515	1	2	0.07316927192636878
2516	0	0	0.6321450664504398
2516	0	1	0.6263606238521704
2516	0	2	0.48101501470049574
2516	1	0	0.4653835594339269
2516	1	1	0.057039890965496456
2516	1	2	0.057038170018780796
2517	0	0	0.7528546580413938
2517	0	1	0.7281656134169371
2517	0	2	0.4292128220693826
2517	1	0	0.41942038002066784
2517	1	1	0.058807397010144466
2517	1	2	0.059430995933068734
2518	0	0	0.6283585470299702
2518	0	1	0.6289318823166814
2518	0	2	0.3797234769726794
2518	1	0	0.45873228432699437
2518	1	1	0.03138210580890796
2518	1	2	0.03069184549780886
2519	0	0	0.5160798626875811
2519	0	1	0.4694309105357458
2519	0	2	0.4590649380932307
2519	1	0	0.4481497497781949
2519	1	1	0.01862137441441418
2519	1	2	0.018604616287102152
2520	0	0	0.6203747276354973
2520	0	1	0.6116578050443702
2520	0	2	0.3941239453127448
2520	1	0	0.4479873549073589
2520	1	1	0.07450109285359058
2520	1	2	0.07448489365498635
2521	0	0	0.613229644062062
2521	0	1	0.6144827204337319
2521	0	2	0.4218151964124573
2521	1	0	0.48619488069222755
2521	1	1	0.04525800851645183
2521	1	2	0.04525441653019724
2522	0	0	0.5530502572410108
2522	0	1	0.5458098381984022
2522	0	2	0.482436117018129
2522	1	0	0.43790592749211665
2522	1	1	0.039071249095088745
2522	1	2	0.03907278544612275
2523	0	0	0.646789408130372
2523	0	1	0.6260485503359183
2523	0	2	0.45512224022918973
2523	1	0	0.45109238636290055
2523	1	1	0.025968161037043302
2523	1	2	0.02572867234733589
2524	0	0	0.6279988679088037
2524	0	1	0.628149101821984
2524	0	2	0.45947625238613926
2524	1	0	0.47765375649587055
2524	1	1	0.034493799072486064
2524	1	2	0.03403571759513423
2525	0	0	0.5928217224847259
2525	0	1	0.5825032609867042
2525	0	2	0.4256655020735126
2525	1	0	0.40070939362002056
2525	1	1	0.03959881732921157
2525	1	2	0.039593244784092096
2526	0	0	0.5805471228485366
2526	0	1	0.5608478524424929
2526	0	2	0.44960838926594887
2526	1	0	0.4736881207863848
2526	1	1	0.03860639339283155
2526	1	2	0.03896004900893246
2527	0	0	0.515319927342953
2527	0	1	0.49100175763212905
2527	0	2	0.4762346762558256
2527	1	0	0.4462961737468034
2527	1	1	0.03535266661172734
2527	1	2	0.03537673963667638
2528	0	0	0.5768869175883347
2528	0	1	0.5117269738470328
2528	0	2	0.478111853851717
2528	1	0	0.4378535609347876
2528	1	1	0.14022201502557213
2528	1	2	0.1402220443284284
2529	0	0	0.6240882360693132
2529	0	1	0.6205775254604151
2529	0	2	0.3623653836187277
2529	1	0	0.46318362796101464
2529	1	1	0.0347160281975432
2529	1	2	0.0347639781799676
2530	0	0	0.6148842996232413
2530	0	1	0.6094408790208364
2530	0	2	0.36808153320435816
2530	1	0	0.38307818765118956
2530	1	1	0.028681728948681345
2530	1	2	0.028643967106129375
2531	0	0	0.6067219856335501
2531	0	1	0.5975751394340586
2531	0	2	0.4056358757398334
2531	1	0	0.42280471604523606
2531	1	1	0.04266280824141941
2531	1	2	0.042647403559031266
2532	0	0	0.6065775485825039
2532	0	1	0.5930565807341822
2532	0	2	0.39603632545586476
2532	1	0	0.3617788321322879
2532	1	1	0.03378175600480933
2532	1	2	0.03596482983950175
2533	0	0	0.6242831239471722
2533	0	1	0.6204712520123705
2533	0	2	0.41026828362764034
2533	1	0	0.4929102113967928
2533	1	1	0.03511059333179291
2533	1	2	0.03534540304492027
2534	0	0	0.6200505102438313
2534	0	1	0.6189959048713236
2534	0	2	0.42299696281304955
2534	1	0	0.4018296534590859
2534	1	1	0.043602906467988325
2534	1	2	0.044410463062558136
2535	0	0	0.6180631313672184
2535	0	1	0.6194231620445703
2535	0	2	0.4279648641956566
2535	1	0	0.36957184637841295
2535	1	1	0.1070218374297609
2535	1	2	0.10767830271713032
2536	0	0	0.61803728970737
2536	0	1	0.6177988008869091
2536	0	2	0.3790628357723258
2536	1	0	0.4695286001556819
2536	1	1	0.10109166563980748
2536	1	2	0.10113906936104475
2537	0	0	0.6096788090561178
2537	0	1	0.6040659778777763
2537	0	2	0.47259550380827253
2537	1	0	0.42595605610060094
2537	1	1	0.1499473817373408
2537	1	2	0.1499934648298999
2538	0	0	0.6200302318102124
2538	0	1	0.6210945113712321
2538	0	2	0.47444659532451816
2538	1	0	0.4777232822703547
2538	1	1	0.04713399986759639
2538	1	2	0.04745538889944634
2539	0	0	0.6213980773832541
2539	0	1	0.5938415138390218
2539	0	2	0.45011923191595293
2539	1	0	0.4453825675818082
2539	1	1	0.030544320211137732
2539	1	2	0.03065157379685382
2540	0	0	0.6236973094825902
2540	0	1	0.6228656585996944
2540	0	2	0.4958182386341643
2540	1	0	0.4265012879552775
2540	1	1	0.125063973476901
2540	1	2	0.12525183516318417
2541	0	0	0.49707817383521036
2541	0	1	0.49707817383521036
2541	0	2	0.4579151180871278
2541	1	0	0.4423844003219102
2541	1	1	0.10345940410155656
2541	1	2	0.10345931730960582
2542	0	0	0.4861686414923973
2542	0	1	0.4861686414923973
2542	0	2	0.4598237677826597
2542	1	0	0.4394989000306021
2542	1	1	0.013210150642041604
2542	1	2	0.013210150641550511
2543	0	0	0.4900943470046306
2543	0	1	0.48723702800833707
2543	0	2	0.41974078340749654
2543	1	0	0.4860854330947509
2543	1	1	0.032312597902288215
2543	1	2	0.032316646386784456
2544	0	0	0.4868176365956074
2544	0	1	0.4868176365956074
2544	0	2	0.43214702196241744
2544	1	0	0.45357623455545737
2544	1	1	0.03338860062683276
2544	1	2	0.033388600624197365
2545	0	0	0.48419100282376476
2545	0	1	0.4722995610409387
2545	0	2	0.44836057399151596
2545	1	0	0.4260749850413178
2545	1	1	0.01774381020006356
2545	1	2	0.017784093916827656
2546	0	0	0.4900034038949752
2546	0	1	0.4900034038949752
2546	0	2	0.3864433666786208
2546	1	0	0.4514597206467458
2546	1	1	0.0468150284828993
2546	1	2	0.046815028479644125
2547	0	0	0.49461429367016985
2547	0	1	0.49041390293971737
2547	0	2	0.48360750253289864
2547	1	0	0.4376644040086283
2547	1	1	0.11058364441486736
2547	1	2	0.1105836442010596
2548	0	0	0.4963212997081469
2548	0	1	0.4728579021819073
2548	0	2	0.46872647630587816
2548	1	0	0.4454500784771369
2548	1	1	0.15742016580436646
2548	1	2	0.15742016541577508
2549	0	0	0.4964034764740911
2549	0	1	0.48871603277538916
2549	0	2	0.4666577249569462
2549	1	0	0.38545856123073324
2549	1	1	0.05821451842662918
2549	1	2	0.058214462058606975
2550	0	0	0.49719336883209386
2550	0	1	0.49541844854613526
2550	0	2	0.4361149598924155
2550	1	0	0.4427727283424758
2550	1	1	0.08240475929322642
2550	1	2	0.08240467065455827
2551	0	0	0.4916867610248689
2551	0	1	0.4916867610248689
2551	0	2	0.3988950489445929
2551	1	0	0.37011128112218056
2551	1	1	0.041857621514394455
2551	1	2	0.04185753005301228
2552	0	0	0.5179602791431146
2552	0	1	0.4958637365233928
2552	0	2	0.4519272245598971
2552	1	0	0.49259825800641643
2552	1	1	0.16287862041803136
2552	1	2	0.1628956322452922
2553	0	0	0.6085868064008928
2553	0	1	0.5487969854218593
2553	0	2	0.372150299396634
2553	1	0	0.45329490090525953
2553	1	1	0.0935438322212128
2553	1	2	0.09353894886350367
2554	0	0	0.5576949878927688
2554	0	1	0.5054672395443198
2554	0	2	0.46085088759439885
2554	1	0	0.4339662151049342
2554	1	1	0.05645226636507969
2554	1	2	0.056503132693486655
2555	0	0	0.575500245540902
2555	0	1	0.5222481007154409
2555	0	2	0.39148050393626405
2555	1	0	0.460864486584381
2555	1	1	0.05372074607956778
2555	1	2	0.05373809099685789
2556	0	0	0.6801091707327596
2556	0	1	0.6614204206029726
2556	0	2	0.4815384652756779
2556	1	0	0.40897621508267756
2556	1	1	0.06492116185795296
2556	1	2	0.064914417033476
2557	0	0	0.5936416306402252
2557	0	1	0.6215337918732581
2557	0	2	0.48752911877860466
2557	1	0	0.4722108709452059
2557	1	1	0.14511769636926647
2557	1	2	0.1451287794251237
2558	0	0	0.6234326009398498
2558	0	1	0.6232590246192243
2558	0	2	0.4146203668870436
2558	1	0	0.48308704650281736
2558	1	1	0.06307274525284427
2558	1	2	0.06276606967718575
2559	0	0	0.6221987824591123
2559	0	1	0.5942187750841709
2559	0	2	0.44048179042118174
2559	1	0	0.4227384063670269
2559	1	1	0.07155241302787106
2559	1	2	0.07147548970785676
2560	0	0	0.7491301292460018
2560	0	1	0.6379136010312556
2560	0	2	0.4450318452143084
2560	1	0	0.47340708236186607
2560	1	1	0.02684943384327508
2560	1	2	0.026788016484553354
2561	0	0	0.7348722466393065
2561	0	1	0.7009045647235823
2561	0	2	0.3956955556179616
2561	1	0	0.35484349052552266
2561	1	1	0.05116134324528232
2561	1	2	0.051160477225063575
2562	0	0	0.5857070127895124
2562	0	1	0.5814207047864878
2562	0	2	0.40782153693009054
2562	1	0	0.4138586002219061
2562	1	1	0.021398515845270874
2562	1	2	0.02091491870203792
2563	0	0	0.4966983523209484
2563	0	1	0.5009058410263756
2563	0	2	0.4647112053475272
2563	1	0	0.4806295494885196
2563	1	1	0.03150008046309494
2563	1	2	0.032357595479138815
2564	0	0	0.522964800992385
2564	0	1	0.5264089410392202
2564	0	2	0.4218410885604345
2564	1	0	0.40008060843362836
2564	1	1	0.03499706744673177
2564	1	2	0.034839927739344065
2565	0	0	0.4801952118498765
2565	0	1	0.4798606427988564
2565	0	2	0.46685187679155876
2565	1	0	0.3879063795451263
2565	1	1	0.03340412394447205
2565	1	2	0.03347212045380786
2566	0	0	0.6547956542982463
2566	0	1	0.6217212893316577
2566	0	2	0.4526090363414551
2566	1	0	0.3650176922144608
2566	1	1	0.027599581303585016
2566	1	2	0.0442732706305993
2567	0	0	0.5694777686719934
2567	0	1	0.5476854485867774
2567	0	2	0.36515418957688334
2567	1	0	0.46305076407763396
2567	1	1	0.027724302272630563
2567	1	2	0.02772423738869985
2568	0	0	0.7108674161785815
2568	0	1	0.6069824244337843
2568	0	2	0.3567431925581683
2568	1	0	0.4231427504789852
2568	1	1	0.02781649264193442
2568	1	2	0.029383397602185432
2569	0	0	0.5797015884412522
2569	0	1	0.571868447528856
2569	0	2	0.4551805812923955
2569	1	0	0.4152386682792212
2569	1	1	0.13074218091323403
2569	1	2	0.13074337313360052
2570	0	0	0.5089447256243089
2570	0	1	0.5048231867248844
2570	0	2	0.4810805465048209
2570	1	0	0.4520216290332351
2570	1	1	0.02998260847919608
2570	1	2	0.02982577023415678
2571	0	0	0.49805868562206235
2571	0	1	0.497078564221369
2571	0	2	0.42200641022664415
2571	1	0	0.46999085871492985
2571	1	1	0.04218259670092579
2571	1	2	0.04218264301622568
2572	0	0	0.5510444170647955
2572	0	1	0.5312137425446515
2572	0	2	0.3688742967275584
2572	1	0	0.4588801711230395
2572	1	1	0.12442540124663104
2572	1	2	0.12442710024126319
2573	0	0	0.6146270051992959
2573	0	1	0.62923067759632
2573	0	2	0.40839231026761147
2573	1	0	0.475384274360599
2573	1	1	0.08978978162400428
2573	1	2	0.09027102877147532
2574	0	0	0.6284064536847529
2574	0	1	0.6163603229256711
2574	0	2	0.43551664860918843
2574	1	0	0.41139805751843717
2574	1	1	0.10700364461618572
2574	1	2	0.10700528281519593
2575	0	0	0.6241708722797612
2575	0	1	0.6182850483894469
2575	0	2	0.43762563144539046
2575	1	0	0.469788413457398
2575	1	1	0.0748851991788033
2575	1	2	0.07488522311321498
2576	0	0	0.5346319619310993
2576	0	1	0.5157706828857861
2576	0	2	0.45911987082462247
2576	1	0	0.43458411753469095
2576	1	1	0.030272061921286453
2576	1	2	0.030515329692957935
2577	0	0	0.6065454739803467
2577	0	1	0.6043563938622624
2577	0	2	0.46184401448897106
2577	1	0	0.4682379618630353
2577	1	1	0.1323251608515878
2577	1	2	0.13229301154398426
2578	0	0	0.6038757915533078
2578	0	1	0.5913476539936348
2578	0	2	0.42930606603783483
2578	1	0	0.4829610464774148
2578	1	1	0.03351396239339374
2578	1	2	0.034040979101461796
2579	0	0	0.596363420699323
2579	0	1	0.580477774918299
2579	0	2	0.3633838897210969
2579	1	0	0.47787630166709105
2579	1	1	0.03412979632932052
2579	1	2	0.033540984267083754
2580	0	0	0.567652359949512
2580	0	1	0.540888943033554
2580	0	2	0.431465647862632
2580	1	0	0.49001958718100247
2580	1	1	0.17165324518627517
2580	1	2	0.17169570041069565
2581	0	0	0.6066136226911399
2581	0	1	0.5459477041093945
2581	0	2	0.44703534495457764
2581	1	0	0.46870184929271946
2581	1	1	0.025718811275582787
2581	1	2	0.025748544623165753
2582	0	0	0.6282873653052045
2582	0	1	0.6179348384644444
2582	0	2	0.45097606581862154
2582	1	0	0.4431323430437251
2582	1	1	0.07946943261863701
2582	1	2	0.07947378318602409
2583	0	0	0.5304099650490461
2583	0	1	0.5431543495869828
2583	0	2	0.4851949685117655
2583	1	0	0.47571975154361307
2583	1	1	0.1390553885091996
2583	1	2	0.13904986945372
2584	0	0	0.5839794742573325
2584	0	1	0.5416698176607806
2584	0	2	0.48789590051306
2584	1	0	0.4631723756315211
2584	1	1	0.0350898312545086
2584	1	2	0.03509062956481648
2585	0	0	0.6512075205705067
2585	0	1	0.5937579762812009
2585	0	2	0.4161766929328329
2585	1	0	0.45108002780844525
2585	1	1	0.02939714857033461
2585	1	2	0.02939658489971761
2586	0	0	0.6614358274034938
2586	0	1	0.6204033720924024
2586	0	2	0.4212481612180025
2586	1	0	0.3771202576559265
2586	1	1	0.03594213057245947
2586	1	2	0.03590480932126268
2587	0	0	0.6577686785109265
2587	0	1	0.6374139472888698
2587	0	2	0.48994934935041
2587	1	0	0.4166763995678467
2587	1	1	0.14856922474034934
2587	1	2	0.14852085388951047
2588	0	0	0.556247678303095
2588	0	1	0.5446807280661232
2588	0	2	0.4721293767113549
2588	1	0	0.44165152189492235
2588	1	1	0.05156326915128155
2588	1	2	0.05156331196906727
2589	0	0	0.49307817222996037
2589	0	1	0.4925887623612817
2589	0	2	0.47552232650933535
2589	1	0	0.42255474433896406
2589	1	1	0.02698824773634262
2589	1	2	0.026988513943538323
2590	0	0	0.6042038695891042
2590	0	1	0.584277593256779
2590	0	2	0.44031885135653115
2590	1	0	0.4146514598653253
2590	1	1	0.02648455630206123
2590	1	2	0.026537635656725955
2591	0	0	0.4972681584632984
2591	0	1	0.48181382136946693
2591	0	2	0.3788984975340126
2591	1	0	0.4270700362078108
2591	1	1	0.058582235959556195
2591	1	2	0.05871130798871667
2592	0	0	0.5620382614600181
2592	0	1	0.5110759536609948
2592	0	2	0.4840683503589819
2592	1	0	0.47433389546977617
2592	1	1	0.04586311628855701
2592	1	2	0.04602683282465253
2593	0	0	0.4992519589966763
2593	0	1	0.4991645450952864
2593	0	2	0.48225934912306595
2593	1	0	0.47959458859090726
2593	1	1	0.030814007265964102
2593	1	2	0.030847773622141667
2594	0	0	0.6241474621662688
2594	0	1	0.6242816354707834
2594	0	2	0.5020376831605342
2594	1	0	0.4686864311596865
2594	1	1	0.060153352414530445
2594	1	2	0.06014234250184017
2595	0	0	0.5900905481238423
2595	0	1	0.5802050668175843
2595	0	2	0.47876371237557225
2595	1	0	0.4430930357089129
2595	1	1	0.023698286125602222
2595	1	2	0.023698228645962688
2596	0	0	0.7079743825550171
2596	0	1	0.7019398169285392
2596	0	2	0.4695714034371963
2596	1	0	0.4028934853302153
2596	1	1	0.038982898547676795
2596	1	2	0.038982879133615145
2597	0	0	0.6149292967893226
2597	0	1	0.5895265683121894
2597	0	2	0.4469260243198828
2597	1	0	0.463460421107896
2597	1	1	0.03467615719375619
2597	1	2	0.03467608095832203
2598	0	0	0.6211966117235375
2598	0	1	0.5648679549994727
2598	0	2	0.4279264922117471
2598	1	0	0.4354036564537844
2598	1	1	0.03543011345566505
2598	1	2	0.035211221758216435
2599	0	0	0.542134186597617
2599	0	1	0.5380178502908775
2599	0	2	0.4680257070178564
2599	1	0	0.4882629117405287
2599	1	1	0.046501617403938156
2599	1	2	0.04655438313642965
2600	0	0	0.6014403162911344
2600	0	1	0.5775419027766153
2600	0	2	0.480238377910835
2600	1	0	0.43078400242988313
2600	1	1	0.0362650707316971
2600	1	2	0.03623146715986529
2601	0	0	0.5635136817856985
2601	0	1	0.5272998171167144
2601	0	2	0.41676508426263936
2601	1	0	0.45260700030577944
2601	1	1	0.08977486431578857
2601	1	2	0.08960548895664568
2602	0	0	0.6162902494523554
2602	0	1	0.578839505025988
2602	0	2	0.35653847538051353
2602	1	0	0.46166518061460593
2602	1	1	0.05515662010188212
2602	1	2	0.05514584116736433
2603	0	0	0.5734937071453183
2603	0	1	0.5761757193649822
2603	0	2	0.4223357987030665
2603	1	0	0.41826908634982957
2603	1	1	0.03873546543880413
2603	1	2	0.03875069913623702
2604	0	0	0.7524829738925658
2604	0	1	0.7226349027522674
2604	0	2	0.4662242302501192
2604	1	0	0.44969874647268426
2604	1	1	0.06732163583576611
2604	1	2	0.06814037283129236
2605	0	0	0.545933335088118
2605	0	1	0.5488292580849409
2605	0	2	0.45297158697454465
2605	1	0	0.46205934561868534
2605	1	1	0.07601164437699244
2605	1	2	0.07594156147310677
2606	0	0	0.5827114368017108
2606	0	1	0.5739181774909444
2606	0	2	0.4041562858334812
2606	1	0	0.46891757507033976
2606	1	1	0.05008233624321029
2606	1	2	0.050081001128879477
2607	0	0	0.5231173616708717
2607	0	1	0.5176322451982276
2607	0	2	0.4638199296334643
2607	1	0	0.4483631637180997
2607	1	1	0.025605903647865455
2607	1	2	0.025680518072406178
2608	0	0	0.5980631214845591
2608	0	1	0.5909309213168253
2608	0	2	0.3863973593805294
2608	1	0	0.4180252316971381
2608	1	1	0.13954984542501997
2608	1	2	0.13954986873567132
2609	0	0	0.567900567106581
2609	0	1	0.47346939672541843
2609	0	2	0.4244466915483686
2609	1	0	0.38886339729678226
2609	1	1	0.05532176065494328
2609	1	2	0.055321760890974556
2610	0	0	0.4935359038214786
2610	0	1	0.49353591631684146
2610	0	2	0.40805429127167453
2610	1	0	0.3935013327444508
2610	1	1	0.025061270433073435
2610	1	2	0.02506137892068637
2611	0	0	0.5255792079859873
2611	0	1	0.4948484223273214
2611	0	2	0.46069112071470797
2611	1	0	0.48036218174038464
2611	1	1	0.036262615978679524
2611	1	2	0.03611479543839188
2612	0	0	0.48988329015761484
2612	0	1	0.4898833776873203
2612	0	2	0.46994728064126234
2612	1	0	0.3316323487799966
2612	1	1	0.0301136297314525
2612	1	2	0.030216433329502163
2613	0	0	0.4861422180401021
2613	0	1	0.4842584872246115
2613	0	2	0.395992455000035
2613	1	0	0.45599904830676075
2613	1	1	0.045268880969322606
2613	1	2	0.04526779162129109
2614	0	0	0.49456978266046014
2614	0	1	0.494570148928709
2614	0	2	0.4754500031261911
2614	1	0	0.4301778636986613
2614	1	1	0.0339302763630811
2614	1	2	0.03393027031766864
2615	0	0	0.4905695210158909
2615	0	1	0.4906084998672393
2615	0	2	0.4562416528036428
2615	1	0	0.36896930506824926
2615	1	1	0.03686659755621122
2615	1	2	0.03686648220238248
2616	0	0	0.49204678457165085
2616	0	1	0.4920467845716638
2616	0	2	0.4785690802475606
2616	1	0	0.49204678488971065
2616	1	1	0.0939567875541582
2616	1	2	0.09395681756418396
2617	0	0	0.6336860177522434
2617	0	1	0.6098999128193263
2617	0	2	0.4267313223687315
2617	1	0	0.46662030223491785
2617	1	1	0.07071973513281866
2617	1	2	0.07071899085532372
2618	0	0	0.49487066744767544
2618	0	1	0.486939015198588
2618	0	2	0.3377612895052924
2618	1	0	0.4007268057906563
2618	1	1	0.05911761158347345
2618	1	2	0.059117613662055465
2619	0	0	0.49671320284749504
2619	0	1	0.4866671981509145
2619	0	2	0.4241032251306433
2619	1	0	0.4765510312952763
2619	1	1	0.048145243998716
2619	1	2	0.0481452464208202
2620	0	0	0.4847501701951157
2620	0	1	0.5274107219478175
2620	0	2	0.4084793908182974
2620	1	0	0.4192984386016141
2620	1	1	0.02843974779253755
2620	1	2	0.02844010546784989
2621	0	0	0.5069806846245872
2621	0	1	0.5050996926027385
2621	0	2	0.41477537312447293
2621	1	0	0.4145276048839292
2621	1	1	0.1490264488934232
2621	1	2	0.1490264598321391
2622	0	0	0.48900626596263574
2622	0	1	0.4890062535906267
2622	0	2	0.4613672770543369
2622	1	0	0.4533967320040118
2622	1	1	0.08380739408751907
2622	1	2	0.08380741238213858
2623	0	0	0.521675589932569
2623	0	1	0.5220342876873175
2623	0	2	0.42251398882671765
2623	1	0	0.45560324176776174
2623	1	1	0.03400485422012925
2623	1	2	0.033823449932889285
2624	0	0	0.48327413487650805
2624	0	1	0.48316386292494606
2624	0	2	0.4546629237917305
2624	1	0	0.37901053387173106
2624	1	1	0.04211337958649167
2624	1	2	0.042113379581690424
2625	0	0	0.4890547928585449
2625	0	1	0.4800169040966154
2625	0	2	0.44321104398476585
2625	1	0	0.4661004953629467
2625	1	1	0.035537725936173103
2625	1	2	0.03553772608133583
2626	0	0	0.5024840437586157
2626	0	1	0.49489822266309524
2626	0	2	0.4595230428496603
2626	1	0	0.46719005000696934
2626	1	1	0.045499582693997426
2626	1	2	0.04549853613311153
2627	0	0	0.4813213028700586
2627	0	1	0.47137397280678817
2627	0	2	0.4485785587902856
2627	1	0	0.33639162074006634
2627	1	1	0.03126843175355881
2627	1	2	0.03126842743598485
2628	0	0	0.500091256656223
2628	0	1	0.5000798849071963
2628	0	2	0.4847082128652961
2628	1	0	0.49320973509477706
2628	1	1	0.16995054024000758
2628	1	2	0.1699505434028127
2629	0	0	0.5248556798823119
2629	0	1	0.5248548065313368
2629	0	2	0.46645174234925646
2629	1	0	0.46508397809348795
2629	1	1	0.055335198861151666
2629	1	2	0.05533490336562413
2630	0	0	0.5487954590340112
2630	0	1	0.5321314652102431
2630	0	2	0.46125017140947877
2630	1	0	0.4170838616384138
2630	1	1	0.03467483322639864
2630	1	2	0.03467486407433963
2631	0	0	0.4970516176256401
2631	0	1	0.49504535871968486
2631	0	2	0.46576297325941174
2631	1	0	0.4595783490241395
2631	1	1	0.03754218890512613
2631	1	2	0.03754219297819404
2632	0	0	0.5032534682425841
2632	0	1	0.49679766415100324
2632	0	2	0.4700828947325105
2632	1	0	0.46489268312497073
2632	1	1	0.0420187111893625
2632	1	2	0.04201871123682316
2633	0	0	0.5798541127550034
2633	0	1	0.49666060796496236
2633	0	2	0.44966717702521997
2633	1	0	0.45212862082497646
2633	1	1	0.03886532343359346
2633	1	2	0.038876593928598116
2634	0	0	0.47537854522686684
2634	0	1	0.47274445057566683
2634	0	2	0.39045772023652187
2634	1	0	0.4041526161718595
2634	1	1	0.03392179954350952
2634	1	2	0.033921976126050885
2635	0	0	0.5445719550463859
2635	0	1	0.531637061165176
2635	0	2	0.45923235690081365
2635	1	0	0.36317057166573885
2635	1	1	0.027537595496211542
2635	1	2	0.027586660120510823
2636	0	0	0.497352212007651
2636	0	1	0.4925529182179271
2636	0	2	0.3808535566798277
2636	1	0	0.4723845637396563
2636	1	1	0.058156939897387516
2636	1	2	0.058155840354866956
2637	0	0	0.5181442287651301
2637	0	1	0.5231346297617779
2637	0	2	0.38003669015726227
2637	1	0	0.39864673706628073
2637	1	1	0.032104130410951795
2637	1	2	0.03210870062552296
2638	0	0	0.47895109851454826
2638	0	1	0.47900089741735996
2638	0	2	0.44599724353156667
2638	1	0	0.42181673026838595
2638	1	1	0.037572909318609515
2638	1	2	0.0375755158098348
2639	0	0	0.566387996160303
2639	0	1	0.5353751558198342
2639	0	2	0.4407260450287003
2639	1	0	0.38033299901139256
2639	1	1	0.12443091292348006
2639	1	2	0.1244339841950066
2640	0	0	0.5464823379606212
2640	0	1	0.4992104985838476
2640	0	2	0.4086028902019381
2640	1	0	0.42480507603134926
2640	1	1	0.09246059965206022
2640	1	2	0.09248395713937242
2641	0	0	0.5236182135070004
2641	0	1	0.48494496829871914
2641	0	2	0.45618346310646857
2641	1	0	0.4629067676313439
2641	1	1	0.02706995129043893
2641	1	2	0.026853925523506864
2642	0	0	0.4963175446557986
2642	0	1	0.4883017044864264
2642	0	2	0.49113739276233237
2642	1	0	0.4105547592677709
2642	1	1	0.03565913236143277
2642	1	2	0.03569224808638849
2643	0	0	0.5109439960651345
2643	0	1	0.5044748539034171
2643	0	2	0.4979182934599377
2643	1	0	0.48151347044937437
2643	1	1	0.054764955494218295
2643	1	2	0.054814673602482336
2644	0	0	0.4941187274223732
2644	0	1	0.4941187328172464
2644	0	2	0.40644708021780973
2644	1	0	0.4701892740910288
2644	1	1	0.025881246193825244
2644	1	2	0.02588370597870847
2645	0	0	0.4862798378483991
2645	0	1	0.49610614487844507
2645	0	2	0.45497615619843973
2645	1	0	0.4834561983537351
2645	1	1	0.09892666491142624
2645	1	2	0.0989352866790142
2646	0	0	0.760504698506564
2646	0	1	0.7279894026937257
2646	0	2	0.31885068411278167
2646	1	0	0.3853773269980766
2646	1	1	0.04877092887931522
2646	1	2	0.04877115374249401
2647	0	0	0.46707001641760704
2647	0	1	0.45616330231686786
2647	0	2	0.44221896901381597
2647	1	0	0.45923646103527804
2647	1	1	0.10439435020350316
2647	1	2	0.10439424846814932
2648	0	0	0.6156701189424194
2648	0	1	0.6120962594669765
2648	0	2	0.42369350577158066
2648	1	0	0.47284135453981335
2648	1	1	0.05157696052182649
2648	1	2	0.05157698612669606
2649	0	0	0.581150840290199
2649	0	1	0.5865447113772344
2649	0	2	0.4575504152479586
2649	1	0	0.37486980471163206
2649	1	1	0.025294069752272635
2649	1	2	0.025011687275529562
2650	0	0	0.48990101324042046
2650	0	1	0.5038457613378512
2650	0	2	0.41762380730900883
2650	1	0	0.45937696119199606
2650	1	1	0.10052082361208765
2650	1	2	0.10056313923339769
2651	0	0	0.5089926340323117
2651	0	1	0.5125361052110893
2651	0	2	0.45263843016739747
2651	1	0	0.4730343315232964
2651	1	1	0.024407406689365307
2651	1	2	0.02440731778707604
2652	0	0	0.7303598067704957
2652	0	1	0.7003099426954479
2652	0	2	0.41456011179462215
2652	1	0	0.39876866363192975
2652	1	1	0.044082465486711145
2652	1	2	0.05576445477952445
2653	0	0	0.5704866086134028
2653	0	1	0.5333692420583309
2653	0	2	0.49032440561302687
2653	1	0	0.41348375103659957
2653	1	1	0.02511404461717051
2653	1	2	0.02642931198809316
2654	0	0	0.5598883768944094
2654	0	1	0.5727758794407006
2654	0	2	0.4321361402740159
2654	1	0	0.45907584142012653
2654	1	1	0.16563540286306294
2654	1	2	0.16587710114271634
2655	0	0	0.5025716445798549
2655	0	1	0.5025712878191698
2655	0	2	0.37374000597476664
2655	1	0	0.43594574203971104
2655	1	1	0.02884138409435978
2655	1	2	0.028841469723823135
2656	0	0	0.6186254664028852
2656	0	1	0.5830054899068626
2656	0	2	0.34347697788142184
2656	1	0	0.47254823799295864
2656	1	1	0.05342314915533809
2656	1	2	0.05330700242678657
2657	0	0	0.5683260902158683
2657	0	1	0.5649076783157675
2657	0	2	0.43304958846982916
2657	1	0	0.4242164753582206
2657	1	1	0.031204919172381662
2657	1	2	0.031311522989487625
2658	0	0	0.5087444787915627
2658	0	1	0.5087443810281795
2658	0	2	0.46601585584276817
2658	1	0	0.47509684675179364
2658	1	1	0.06196535965799134
2658	1	2	0.061974407353543065
2659	0	0	0.5170176847040979
2659	0	1	0.5096930323072084
2659	0	2	0.46864642330994016
2659	1	0	0.48303556641649803
2659	1	1	0.1535815331965372
2659	1	2	0.15363401523093007
2660	0	0	0.6211821212827442
2660	0	1	0.6209422579746514
2660	0	2	0.4601896385531735
2660	1	0	0.4559941181319863
2660	1	1	0.04270751305654201
2660	1	2	0.04270156074226571
2661	0	0	0.6091947234209658
2661	0	1	0.5996001691429258
2661	0	2	0.43773454062564804
2661	1	0	0.4438813683826956
2661	1	1	0.03679319372317193
2661	1	2	0.03870852310413808
2662	0	0	0.48816630302455605
2662	0	1	0.4881663021087769
2662	0	2	0.48806008484045915
2662	1	0	0.455157200555545
2662	1	1	0.06963582945246616
2662	1	2	0.06965689674442861
2663	0	0	0.6812526127482358
2663	0	1	0.6016268432513183
2663	0	2	0.4611637118667782
2663	1	0	0.45060159310326703
2663	1	1	0.04947133250029205
2663	1	2	0.08678919931372235
2664	0	0	0.5662052168303028
2664	0	1	0.5804507182686408
2664	0	2	0.4719479744896452
2664	1	0	0.4616223773443987
2664	1	1	0.054831599578159376
2664	1	2	0.05483158342851853
2665	0	0	0.6093911837618005
2665	0	1	0.5790600839984466
2665	0	2	0.43194531426582927
2665	1	0	0.46813751354979893
2665	1	1	0.0477914452544282
2665	1	2	0.0676884006024323
2666	0	0	0.5288275678683166
2666	0	1	0.5284964518965172
2666	0	2	0.45291371682692505
2666	1	0	0.4745440727193101
2666	1	1	0.11780044544733823
2666	1	2	0.11739142504703845
2667	0	0	0.6704432430432206
2667	0	1	0.659350337469935
2667	0	2	0.47401647313746564
2667	1	0	0.4425630992630332
2667	1	1	0.04805232869618119
2667	1	2	0.0459905138280929
2668	0	0	0.5382505747412416
2668	0	1	0.5202114647590771
2668	0	2	0.40143470279689397
2668	1	0	0.44230130494007247
2668	1	1	0.03387131335596108
2668	1	2	0.0338700687464977
2669	0	0	0.718636149241409
2669	0	1	0.68936349438844
2669	0	2	0.4426022387228472
2669	1	0	0.4661481977352114
2669	1	1	0.05621852883185366
2669	1	2	0.10310845233122765
2670	0	0	0.5726376385904598
2670	0	1	0.5261668471704414
2670	0	2	0.44139770983172155
2670	1	0	0.43843485326018966
2670	1	1	0.015833675665820446
2670	1	2	0.015860408670942627
2671	0	0	0.5500721457622867
2671	0	1	0.5480805305955104
2671	0	2	0.42925711172706105
2671	1	0	0.48328204541273745
2671	1	1	0.08572967363251793
2671	1	2	0.08572966170448307
2672	0	0	0.5998631775444588
2672	0	1	0.5723288127145536
2672	0	2	0.47233834891196047
2672	1	0	0.48955896885317013
2672	1	1	0.049294719101797654
2672	1	2	0.0488030383120923
2673	0	0	0.512238188977449
2673	0	1	0.5116028890291948
2673	0	2	0.3699043510508417
2673	1	0	0.40268768741525174
2673	1	1	0.016100295929828756
2673	1	2	0.026214405712542327
2674	0	0	0.60808094342998
2674	0	1	0.545853090655345
2674	0	2	0.44808827398923234
2674	1	0	0.43707592841051524
2674	1	1	0.13552208202293448
2674	1	2	0.13552215314599306
2675	0	0	0.6937160147467898
2675	0	1	0.6835938756834159
2675	0	2	0.4572337117390645
2675	1	0	0.4566280032713437
2675	1	1	0.05581646368902665
2675	1	2	0.056042057544359855
2676	0	0	0.5874967302800918
2676	0	1	0.5218819429955626
2676	0	2	0.4556233504329374
2676	1	0	0.4605500359183643
2676	1	1	0.03189337788361003
2676	1	2	0.0282642980062624
2677	0	0	0.4917122010027285
2677	0	1	0.48306798744679635
2677	0	2	0.3588760839882955
2677	1	0	0.4831165553459559
2677	1	1	0.06235983504142649
2677	1	2	0.06235981651509921
2678	0	0	0.5086509883885905
2678	0	1	0.4902942553465911
2678	0	2	0.4159529291877837
2678	1	0	0.4400297006855941
2678	1	1	0.034994204821191685
2678	1	2	0.03503182788201473
2679	0	0	0.5091385756024428
2679	0	1	0.5205776871783765
2679	0	2	0.4891588786112448
2679	1	0	0.3552355913712655
2679	1	1	0.09788138785155877
2679	1	2	0.0978814590086437
2680	0	0	0.5395567011851324
2680	0	1	0.5457489959285495
2680	0	2	0.4812639287954444
2680	1	0	0.4504298849015323
2680	1	1	0.05584570488638943
2680	1	2	0.055845545755311865
2681	0	0	0.5658720228422551
2681	0	1	0.559748217807987
2681	0	2	0.46944923060030785
2681	1	0	0.3081804967899156
2681	1	1	0.06917842457248546
2681	1	2	0.06917842444583575
2682	0	0	0.4929233992104043
2682	0	1	0.49292339702252064
2682	0	2	0.48422055724244156
2682	1	0	0.41219602889350054
2682	1	1	0.05241363586799204
2682	1	2	0.05241290473848974
2683	0	0	0.6175073525862109
2683	0	1	0.6081304162445246
2683	0	2	0.48539357149802476
2683	1	0	0.42887720352657127
2683	1	1	0.0413167591666265
2683	1	2	0.052027802395074416
2684	0	0	0.5965844191177809
2684	0	1	0.5569571200530484
2684	0	2	0.44548187213858637
2684	1	0	0.4217894507996794
2684	1	1	0.019511882831324365
2684	1	2	0.020319334881558182
2685	0	0	0.523382499476887
2685	0	1	0.46486904276013885
2685	0	2	0.40893344730516323
2685	1	0	0.4728154984235513
2685	1	1	0.13048144147270646
2685	1	2	0.14004310328121708
2686	0	0	0.5913960489545945
2686	0	1	0.6120505206414888
2686	0	2	0.404117828316514
2686	1	0	0.4727225987590007
2686	1	1	0.13493024197017742
2686	1	2	0.1340646489492638
2687	0	0	0.5240005851801736
2687	0	1	0.5279830747816161
2687	0	2	0.4070494607556593
2687	1	0	0.3905199240664729
2687	1	1	0.05037428880393409
2687	1	2	0.05089433513177538
2688	0	0	0.6482763476527922
2688	0	1	0.6330046509016365
2688	0	2	0.48118593979004903
2688	1	0	0.4185666823727304
2688	1	1	0.03508232157467654
2688	1	2	0.035297498109190834
2689	0	0	0.608976565881056
2689	0	1	0.6159060289622671
2689	0	2	0.46060199335984664
2689	1	0	0.42012047286645055
2689	1	1	0.0990940525071414
2689	1	2	0.07695371485717384
2690	0	0	0.5149295281918917
2690	0	1	0.5387728887806664
2690	0	2	0.4840204614470233
2690	1	0	0.4243144684481682
2690	1	1	0.024176468572672707
2690	1	2	0.02199453281228185
2691	0	0	0.5977515743758903
2691	0	1	0.5741210724728136
2691	0	2	0.42095383384932983
2691	1	0	0.44648977849301735
2691	1	1	0.040528429873586264
2691	1	2	0.040527900688897056
2692	0	0	0.6850359012854841
2692	0	1	0.6298536764609239
2692	0	2	0.4046055274743334
2692	1	0	0.4440298604535851
2692	1	1	0.026162421682558626
2692	1	2	0.02616242690379822
2693	0	0	0.49291938113742695
2693	0	1	0.49008983626651387
2693	0	2	0.467844665509191
2693	1	0	0.45940791673215253
2693	1	1	0.034686043557270535
2693	1	2	0.03647555963055661
2694	0	0	0.6788343242173366
2694	0	1	0.6091935667597199
2694	0	2	0.4292090403679418
2694	1	0	0.4929967832658005
2694	1	1	0.14089411053344908
2694	1	2	0.2125712134470808
2695	0	0	0.7510836285372844
2695	0	1	0.7312067065621477
2695	0	2	0.42570243791378193
2695	1	0	0.449333321684508
2695	1	1	0.06669141175615433
2695	1	2	0.08117132581163491
2696	0	0	0.4916388874909704
2696	0	1	0.4916388874909704
2696	0	2	0.3343909160009892
2696	1	0	0.45471758107765253
2696	1	1	0.08585278313604289
2696	1	2	0.08585278298238638
2697	0	0	0.48662147107976084
2697	0	1	0.48662147107976084
2697	0	2	0.3518179678452857
2697	1	0	0.3729829805116207
2697	1	1	0.02724879652250503
2697	1	2	0.027277427140318625
2698	0	0	0.7033847947862821
2698	0	1	0.6775040574285387
2698	0	2	0.43125774472814793
2698	1	0	0.4117765509061091
2698	1	1	0.06183155985962145
2698	1	2	0.07334524659369808
2699	0	0	0.8014147571254249
2699	0	1	0.7701051403999927
2699	0	2	0.40148768384181216
2699	1	0	0.4924738186333586
2699	1	1	0.06402239996923907
2699	1	2	0.07952436904680257
2700	0	0	0.6518343258161734
2700	0	1	0.6332869866092403
2700	0	2	0.43461983365117435
2700	1	0	0.4152329587124459
2700	1	1	0.0403365110420453
2700	1	2	0.07583841436644535
2701	0	0	0.5457478315757307
2701	0	1	0.5288520090716915
2701	0	2	0.3580650037347962
2701	1	0	0.4427297875007699
2701	1	1	0.07362080187101903
2701	1	2	0.07362081773062057
2702	0	0	0.4888639813206549
2702	0	1	0.48886398844412515
2702	0	2	0.46281846530067333
2702	1	0	0.33128233798372236
2702	1	1	0.034301656888036214
2702	1	2	0.03439112940367446
2703	0	0	0.5383347698693318
2703	0	1	0.5059534403060189
2703	0	2	0.43566167220939067
2703	1	0	0.4597417604945027
2703	1	1	0.0742382665556946
2703	1	2	0.07403530152014767
2704	0	0	0.5227252197096561
2704	0	1	0.5205437046153452
2704	0	2	0.39945419384475084
2704	1	0	0.46021884661194634
2704	1	1	0.11589145646179554
2704	1	2	0.1159235310009518
2705	0	0	0.5709773287278179
2705	0	1	0.5514697013450977
2705	0	2	0.4582542398096374
2705	1	0	0.4338059659457513
2705	1	1	0.1507223964980945
2705	1	2	0.15230190329872287
2706	0	0	0.559516213648779
2706	0	1	0.5603744934091
2706	0	2	0.3973915974682244
2706	1	0	0.40600459019233437
2706	1	1	0.04463598590639874
2706	1	2	0.05004270096958795
2707	0	0	0.5438070864068101
2707	0	1	0.525889913974913
2707	0	2	0.47346915526098743
2707	1	0	0.3970204260209481
2707	1	1	0.0525298501225302
2707	1	2	0.05933057748853829
2708	0	0	0.6433131907776881
2708	0	1	0.5757224575203772
2708	0	2	0.4434595160837478
2708	1	0	0.3805816698967078
2708	1	1	0.026455985508815047
2708	1	2	0.03001302493443568
2709	0	0	0.5772722191373334
2709	0	1	0.5723224167629579
2709	0	2	0.48474380935997496
2709	1	0	0.4298441879953565
2709	1	1	0.07775948869357863
2709	1	2	0.07806610250176864
2710	0	0	0.6886984154882012
2710	0	1	0.6511075604503178
2710	0	2	0.4603845841279779
2710	1	0	0.4716938659199254
2710	1	1	0.14310748099418227
2710	1	2	0.14148635430131193
2711	0	0	0.624917368447659
2711	0	1	0.6253957143223254
2711	0	2	0.4463571052573809
2711	1	0	0.4324464272981863
2711	1	1	0.05981215131681128
2711	1	2	0.05936241790194985
2712	0	0	0.5790584689361404
2712	0	1	0.5800336919461728
2712	0	2	0.4219523502299521
2712	1	0	0.4865297907502286
2712	1	1	0.04711219706887691
2712	1	2	0.047064257689937675
2713	0	0	0.6483455055478224
2713	0	1	0.5709009837433694
2713	0	2	0.4302236981378994
2713	1	0	0.45588939820522495
2713	1	1	0.032658689404325925
2713	1	2	0.05020188595410524
2714	0	0	0.6913022426163582
2714	0	1	0.6690301865183501
2714	0	2	0.48843767158056767
2714	1	0	0.44605138472983796
2714	1	1	0.04792347190051524
2714	1	2	0.04549831907645922
2715	0	0	0.6237556964010968
2715	0	1	0.6173497022808271
2715	0	2	0.48066333061097843
2715	1	0	0.42597895354487314
2715	1	1	0.028676330018607324
2715	1	2	0.02989366469512525
2716	0	0	0.6299196745972833
2716	0	1	0.5761919948475638
2716	0	2	0.43240572390561927
2716	1	0	0.43129173729866377
2716	1	1	0.11521313110460711
2716	1	2	0.11504189273877628
2717	0	0	0.6298987926294826
2717	0	1	0.6290318288522196
2717	0	2	0.46742512150585214
2717	1	0	0.45138441518219263
2717	1	1	0.024974580716609504
2717	1	2	0.02522438249174644
2718	0	0	0.7598831089655967
2718	0	1	0.7612177519493866
2718	0	2	0.46007257278985525
2718	1	0	0.4009905803525738
2718	1	1	0.02642482748270847
2718	1	2	0.026351873783065347
2719	0	0	0.4936549799879912
2719	0	1	0.4866847361925276
2719	0	2	0.4479220330732964
2719	1	0	0.4644197335210998
2719	1	1	0.027191583140507902
2719	1	2	0.02719157703509162
2720	0	0	0.4942715791518012
2720	0	1	0.48850779571335695
2720	0	2	0.4139149779603085
2720	1	0	0.4417988833391486
2720	1	1	0.031296065838172446
2720	1	2	0.03141775145617366
2721	0	0	0.48867555619345854
2721	0	1	0.48163075983173237
2721	0	2	0.43881247728541506
2721	1	0	0.48431274815390907
2721	1	1	0.058688901749742714
2721	1	2	0.058688901745639746
2722	0	0	0.49330150992767524
2722	0	1	0.49330150992767524
2722	0	2	0.4434944813987593
2722	1	0	0.4886638726803837
2722	1	1	0.03552415196807135
2722	1	2	0.03552407112109289
2723	0	0	0.6216753101463297
2723	0	1	0.6220049770312076
2723	0	2	0.4855137085898686
2723	1	0	0.34522274591809227
2723	1	1	0.03188505225687885
2723	1	2	0.031971147772143715
2724	0	0	0.6075167624987226
2724	0	1	0.611095523381433
2724	0	2	0.44765800201793826
2724	1	0	0.46704589152185555
2724	1	1	0.06231256351140446
2724	1	2	0.06231267150205534
2725	0	0	0.6527325474474377
2725	0	1	0.640313287549068
2725	0	2	0.43982138367819135
2725	1	0	0.4140385594357437
2725	1	1	0.030981937155713166
2725	1	2	0.03520405314751468
2726	0	0	0.6215573565288565
2726	0	1	0.6232804096589695
2726	0	2	0.49814957872231314
2726	1	0	0.4210082885197861
2726	1	1	0.047522058267844544
2726	1	2	0.04726140357185407
2727	0	0	0.719652219588931
2727	0	1	0.6938530808315609
2727	0	2	0.4166344742659819
2727	1	0	0.45515348944664763
2727	1	1	0.03266917684316632
2727	1	2	0.03359399584745994
2728	0	0	0.6335738164199448
2728	0	1	0.6413591687859439
2728	0	2	0.4477366909693933
2728	1	0	0.4656443730233844
2728	1	1	0.06321196024709858
2728	1	2	0.06254594750198202
2729	0	0	0.642506099250511
2729	0	1	0.6545377192096258
2729	0	2	0.4854671210939677
2729	1	0	0.46000416880742173
2729	1	1	0.0371380272821928
2729	1	2	0.037051032368629055
2730	0	0	0.6842226167793897
2730	0	1	0.58531723588159
2730	0	2	0.45290994872083684
2730	1	0	0.43075300536814687
2730	1	1	0.027140140401621105
2730	1	2	0.02707891495224199
2731	0	0	0.49399996402351765
2731	0	1	0.49399996402351765
2731	0	2	0.41211916482311406
2731	1	0	0.41986562755235285
2731	1	1	0.057151832807546696
2731	1	2	0.057151755905793494
2732	0	0	0.4844753899638243
2732	0	1	0.4844753899638243
2732	0	2	0.43567255000063054
2732	1	0	0.4829972031418829
2732	1	1	0.08620096217877643
2732	1	2	0.08620096203219896
2733	0	0	0.5627605230070107
2733	0	1	0.5453983547653951
2733	0	2	0.390236541444405
2733	1	0	0.25659912334250234
2733	1	1	0.03305763288091121
2733	1	2	0.03310350193835364
2734	0	0	0.7182860719192162
2734	0	1	0.7624785317275544
2734	0	2	0.3974977773343853
2734	1	0	0.41753531741843186
2734	1	1	0.0573446944528964
2734	1	2	0.05737284822329074
2735	0	0	0.6002926366011194
2735	0	1	0.6255262424703036
2735	0	2	0.4626278922923661
2735	1	0	0.4151951212557884
2735	1	1	0.0577528475387325
2735	1	2	0.05606081352219287
2736	0	0	0.6276842746414498
2736	0	1	0.6282671562820655
2736	0	2	0.42452086430325064
2736	1	0	0.4380656173586034
2736	1	1	0.05082547774142679
2736	1	2	0.06318781250555731
2737	0	0	0.608988305677199
2737	0	1	0.5896243035042275
2737	0	2	0.514342556896846
2737	1	0	0.45085860299764147
2737	1	1	0.14449237508185314
2737	1	2	0.14303592463566234
2738	0	0	0.7315317554780444
2738	0	1	0.7311898204925631
2738	0	2	0.38654854678072526
2738	1	0	0.4672937626088985
2738	1	1	0.04427704529351012
2738	1	2	0.04436424459012671
2739	0	0	0.6797355849376665
2739	0	1	0.6602371074335213
2739	0	2	0.47414878369691427
2739	1	0	0.3878577938057079
2739	1	1	0.0487581711478316
2739	1	2	0.04845869794837397
2740	0	0	0.6262223046995312
2740	0	1	0.6202236683260242
2740	0	2	0.493539709693537
2740	1	0	0.4260260614466946
2740	1	1	0.03634532646186414
2740	1	2	0.036270241712919205
2741	0	0	0.6313261643036382
2741	0	1	0.626158712688975
2741	0	2	0.45682416989491015
2741	1	0	0.4498435665324953
2741	1	1	0.029326649174657174
2741	1	2	0.03375006173852277
2742	0	0	0.6118281792054809
2742	0	1	0.5714055111166942
2742	0	2	0.4736696455643553
2742	1	0	0.43287904611988925
2742	1	1	0.08914329679770285
2742	1	2	0.0900303431637225
2743	0	0	0.5955043515409271
2743	0	1	0.5809634044180294
2743	0	2	0.45192295035174945
2743	1	0	0.45180835529447316
2743	1	1	0.02749439477251088
2743	1	2	0.027684667069642843
2744	0	0	0.5617123770263849
2744	0	1	0.5572131777603193
2744	0	2	0.4594572036621972
2744	1	0	0.46949991095989596
2744	1	1	0.07650918035206797
2744	1	2	0.0783054820347473
2745	0	0	0.4906770114467752
2745	0	1	0.48947755784390395
2745	0	2	0.450738227681393
2745	1	0	0.42784515377927773
2745	1	1	0.049887497440004896
2745	1	2	0.049887497437029374
2746	0	0	0.4842407288726002
2746	0	1	0.48127503390581877
2746	0	2	0.47929748666043864
2746	1	0	0.4412999403813676
2746	1	1	0.08720176690772904
2746	1	2	0.08720167753316706
2747	0	0	0.495356599460723
2747	0	1	0.495356599460723
2747	0	2	0.4876002321273893
2747	1	0	0.4343037774567359
2747	1	1	0.032428682793856134
2747	1	2	0.03242861931191876
2748	0	0	0.4954862441889491
2748	0	1	0.4954862441889491
2748	0	2	0.42454985078863083
2748	1	0	0.40387368760849346
2748	1	1	0.04631876550776383
2748	1	2	0.04631876550504241
2749	0	0	0.4834835565353982
2749	0	1	0.47456260506660064
2749	0	2	0.4650989694224997
2749	1	0	0.4274450352517668
2749	1	1	0.06266896102019777
2749	1	2	0.06266890106711495
2750	0	0	0.49899496473238614
2750	0	1	0.4900838002890633
2750	0	2	0.4286027142721955
2750	1	0	0.4900838002890633
2750	1	1	0.026519241499730076
2750	1	2	0.02656686406586911
2751	0	0	0.4750450834935659
2751	0	1	0.4750450834935659
2751	0	2	0.3857339376579121
2751	1	0	0.42691928340268487
2751	1	1	0.019507428545999364
2751	1	2	0.019507367319857805
2752	0	0	0.4975685972002249
2752	0	1	0.4907075661966206
2752	0	2	0.3923860089507125
2752	1	0	0.4825735050658289
2752	1	1	0.08870294064042887
2752	1	2	0.08875529546565374
2753	0	0	0.49087330883230024
2753	0	1	0.49087330883230024
2753	0	2	0.30138868452590867
2753	1	0	0.40757433391878356
2753	1	1	0.08017719436788712
2753	1	2	0.08017719436704272
2754	0	0	0.49810752304454886
2754	0	1	0.4893090496124476
2754	0	2	0.48171383379677873
2754	1	0	0.43822839699458865
2754	1	1	0.068818487879639
2754	1	2	0.06881841857438012
2755	0	0	0.4921733154194277
2755	0	1	0.4921733154194277
2755	0	2	0.4218887607243874
2755	1	0	0.4854656670045062
2755	1	1	0.0628509747812208
2755	1	2	0.06285097477693138
2756	0	0	0.4689372832492813
2756	0	1	0.4689372832492813
2756	0	2	0.46839887611190334
2756	1	0	0.4552982757061158
2756	1	1	0.04090877845670364
2756	1	2	0.0409087218210263
2757	0	0	0.4812516158665008
2757	0	1	0.4812516158665008
2757	0	2	0.3831999961685778
2757	1	0	0.40217171095532595
2757	1	1	0.041478354501524914
2757	1	2	0.041478354499323467
2758	0	0	0.48860887538627146
2758	0	1	0.48860887538627146
2758	0	2	0.4575061980175688
2758	1	0	0.42232427644332593
2758	1	1	0.035305512476466225
2758	1	2	0.03530551247366222
2759	0	0	0.4729178160921167
2759	0	1	0.4655696901421904
2759	0	2	0.46163471694570246
2759	1	0	0.3924612366228989
2759	1	1	0.020642030038512296
2759	1	2	0.020727976987767294
2760	0	0	0.4924922733273522
2760	0	1	0.4924922733273522
2760	0	2	0.48097333846218193
2760	1	0	0.45101996867540406
2760	1	1	0.031943476323424244
2760	1	2	0.031943333412222524
2761	0	0	0.4894135233985342
2761	0	1	0.4894135233985342
2761	0	2	0.4848085461049776
2761	1	0	0.45209203461624903
2761	1	1	0.036131860461384405
2761	1	2	0.036131811096764554
2762	0	0	0.4919393383105802
2762	0	1	0.4919393383105802
2762	0	2	0.4454236955868707
2762	1	0	0.4540891564048277
2762	1	1	0.03526945441630053
2762	1	2	0.03486169046124274
2763	0	0	0.4831774319627441
2763	0	1	0.48029498856167957
2763	0	2	0.48029498856167957
2763	1	0	0.40975544336758163
2763	1	1	0.0765452608697965
2763	1	2	0.07654526071872589
2764	0	0	0.47522648403126594
2764	0	1	0.47522648403126594
2764	0	2	0.4374394286958357
2764	1	0	0.4420641010396006
2764	1	1	0.027958872748580346
2764	1	2	0.027958820972057166
2765	0	0	0.48623935308663363
2765	0	1	0.48623935308663363
2765	0	2	0.46397568207404477
2765	1	0	0.4275190958030314
2765	1	1	0.0382693207567799
2765	1	2	0.03826932075398108
2766	0	0	0.47450146089796275
2766	0	1	0.4696018147700653
2766	0	2	0.42052588173227246
2766	1	0	0.46109649753599197
2766	1	1	0.04845272824137989
2766	1	2	0.04845259197330368
2767	0	0	0.4852499183605645
2767	0	1	0.4768340642345513
2767	0	2	0.4521439540802535
2767	1	0	0.3808834478086667
2767	1	1	0.0442751026092513
2767	1	2	0.04427498908087807
2768	0	0	0.489503844061224
2768	0	1	0.489503844061224
2768	0	2	0.47461356103252955
2768	1	0	0.43832750735228904
2768	1	1	0.042779822302336595
2768	1	2	0.042779822300228906
2769	0	0	0.4973329888398816
2769	0	1	0.47717853410326994
2769	0	2	0.4433796211139206
2769	1	0	0.40926916094218946
2769	1	1	0.07889338831026958
2769	1	2	0.07889338817604342
2770	0	0	0.4981356737698753
2770	0	1	0.4960246114443708
2770	0	2	0.40920154280803583
2770	1	0	0.4306051671520544
2770	1	1	0.04835723107091411
2770	1	2	0.04835723106759951
2771	0	0	0.48425499757224966
2771	0	1	0.47841892925678364
2771	0	2	0.4313681069685143
2771	1	0	0.43516545570693316
2771	1	1	0.021988630412122567
2771	1	2	0.021988557516354174
2772	0	0	0.48539855278726207
2772	0	1	0.48539855278726207
2772	0	2	0.46246022941603965
2772	1	0	0.4779384750056569
2772	1	1	0.147585581812145
2772	1	2	0.14758558148663825
2773	0	0	0.48818311838713363
2773	0	1	0.4879341017671088
2773	0	2	0.4481250629499272
2773	1	0	0.47502683722903777
2773	1	1	0.040837192084282034
2773	1	2	0.040837102439153616
2774	0	0	0.4902699518832582
2774	0	1	0.46421777033079453
2774	0	2	0.370319871466175
2774	1	0	0.45404698705896046
2774	1	1	0.04754805405083798
2774	1	2	0.047548054048475286
2775	0	0	0.48968476614866013
2775	0	1	0.48968476614866013
2775	0	2	0.4329045316709247
2775	1	0	0.4591921414835749
2775	1	1	0.16591443698254937
2775	1	2	0.16591443660463673
2776	0	0	0.4860524636966212
2776	0	1	0.47960340172759036
2776	0	2	0.36251107290004053
2776	1	0	0.46330999084370267
2776	1	1	0.07703602040428793
2776	1	2	0.07703592856152422
2777	0	0	0.4982197079961276
2777	0	1	0.491459404317398
2777	0	2	0.4894311576907049
2777	1	0	0.4029667984437413
2777	1	1	0.10170982499409086
2777	1	2	0.10170982499304093
2778	0	0	0.4913023639715867
2778	0	1	0.48969226288095713
2778	0	2	0.47376190846115424
2778	1	0	0.47303141177990443
2778	1	1	0.043851657327128424
2778	1	2	0.043851657325234106
2779	0	0	0.48112866269749777
2779	0	1	0.48112866269749777
2779	0	2	0.4752684584046886
2779	1	0	0.4789097787791119
2779	1	1	0.07681087772616867
2779	1	2	0.07681084248287653
2780	0	0	0.49058724663450504
2780	0	1	0.49058724663450504
2780	0	2	0.45031385175226235
2780	1	0	0.4560674674870429
2780	1	1	0.042910412580203186
2780	1	2	0.04291032611906902
2781	0	0	0.6103369123991272
2781	0	1	0.6021713795079982
2781	0	2	0.45369369537213167
2781	1	0	0.4782883528003461
2781	1	1	0.11007309256943369
2781	1	2	0.15205543744594807
2782	0	0	0.4941027994630969
2782	0	1	0.4941027994630969
2782	0	2	0.43423128105796455
2782	1	0	0.4822658725166403
2782	1	1	0.04957633455290461
2782	1	2	0.049576293690700476
2783	0	0	0.4958923607492525
2783	0	1	0.4958923607492525
2783	0	2	0.4886696800006686
2783	1	0	0.4293294486565381
2783	1	1	0.02942681358297021
2783	1	2	0.02951675524658605
2784	0	0	0.4898010695263281
2784	0	1	0.4898010695263281
2784	0	2	0.4898010695263281
2784	1	0	0.40370359302596315
2784	1	1	0.028638966199716356
2784	1	2	0.02874416860330853
2785	0	0	0.48455838373002
2785	0	1	0.4751540524634201
2785	0	2	0.4217457859139432
2785	1	0	0.4619739730863607
2785	1	1	0.033049834227968644
2785	1	2	0.03304983422602832
2786	0	0	0.49344673637823333
2786	0	1	0.49344673637823333
2786	0	2	0.4593627225435441
2786	1	0	0.3456767965033456
2786	1	1	0.03311452626823007
2786	1	2	0.0331144722367465
2787	0	0	0.4936896892824848
2787	0	1	0.4936896892824848
2787	0	2	0.47878060527369093
2787	1	0	0.4618480005610485
2787	1	1	0.030705296628584344
2787	1	2	0.030705288858202548
2788	0	0	0.6212083789856704
2788	0	1	0.6254597348626716
2788	0	2	0.431681142242328
2788	1	0	0.48545987150414205
2788	1	1	0.10073307889996012
2788	1	2	0.1001346399717526
2789	0	0	0.5898580019387711
2789	0	1	0.5516913748554406
2789	0	2	0.40382018290953653
2789	1	0	0.4582039730830595
2789	1	1	0.039078607572266
2789	1	2	0.04247416785835849
2790	0	0	0.48562452597149797
2790	0	1	0.46042389492269525
2790	0	2	0.3633412556252801
2790	1	0	0.4230603631522711
2790	1	1	0.018878126005996212
2790	1	2	0.018962322416938265
2791	0	0	0.6501109000027957
2791	0	1	0.6494905223570677
2791	0	2	0.47157278594720947
2791	1	0	0.436640617237753
2791	1	1	0.08791058780474886
2791	1	2	0.08789761473373699
2792	0	0	0.6353549879092953
2792	0	1	0.6191694574185492
2792	0	2	0.40993400584629125
2792	1	0	0.3612246268155526
2792	1	1	0.04155432257515468
2792	1	2	0.03926486599262642
2793	0	0	0.4911473590902195
2793	0	1	0.463411353353976
2793	0	2	0.43354462072172695
2793	1	0	0.42472740368471606
2793	1	1	0.0658659147432001
2793	1	2	0.06586591473926678
2794	0	0	0.5553488850183261
2794	0	1	0.5265850276935832
2794	0	2	0.4549625551203545
2794	1	0	0.4159158457190824
2794	1	1	0.030411571059638792
2794	1	2	0.03438573399511116
2795	0	0	0.4867633830237709
2795	0	1	0.4867633830237709
2795	0	2	0.47207744891747183
2795	1	0	0.44087369995854186
2795	1	1	0.04745318284610456
2795	1	2	0.04745695061889983
2796	0	0	0.48687103185373054
2796	0	1	0.48687103185373054
2796	0	2	0.45213767915003983
2796	1	0	0.48382612834703204
2796	1	1	0.05766419349049423
2796	1	2	0.05766419348643914
2797	0	0	0.6418934814270418
2797	0	1	0.5452069891621057
2797	0	2	0.41361928126333003
2797	1	0	0.4492608707741132
2797	1	1	0.09804632060876008
2797	1	2	0.09735308515615573
2798	0	0	0.4923330949248284
2798	0	1	0.4923330949248284
2798	0	2	0.47143876900050025
2798	1	0	0.48780605084269346
2798	1	1	0.06921190658924903
2798	1	2	0.06921190647775255
2799	0	0	0.4821125054127954
2799	0	1	0.480007230786817
2799	0	2	0.4516408028192616
2799	1	0	0.4080734723921702
2799	1	1	0.031394630016621794
2799	1	2	0.03139463001489817
2800	0	0	0.599850656129308
2800	0	1	0.5897114867491315
2800	0	2	0.44334768771759336
2800	1	0	0.4634758000241398
2800	1	1	0.06875176315781328
2800	1	2	0.06875142335853776
2801	0	0	0.6182219550370581
2801	0	1	0.6194380618045136
2801	0	2	0.47287035963495505
2801	1	0	0.47631012587675875
2801	1	1	0.03744884904257316
2801	1	2	0.03387613804293113
2802	0	0	0.49549291452111505
2802	0	1	0.49105507021695893
2802	0	2	0.458246233558126
2802	1	0	0.4556211289321719
2802	1	1	0.049795463528427716
2802	1	2	0.049795411749321505
2803	0	0	0.686488160863576
2803	0	1	0.6885729395468009
2803	0	2	0.43094465685454075
2803	1	0	0.3978004907730895
2803	1	1	0.046627309465305466
2803	1	2	0.046619834113953984
2804	0	0	0.5573015934134756
2804	0	1	0.5414695374001757
2804	0	2	0.43007592791492655
2804	1	0	0.47024264621003287
2804	1	1	0.04185487151551433
2804	1	2	0.043651975393010856
2805	0	0	0.48130170608980377
2805	0	1	0.4759935952824082
2805	0	2	0.23330682684580395
2805	1	0	0.463660603550041
2805	1	1	0.024129194205410723
2805	1	2	0.02413115162781114
2806	0	0	0.4918542487989995
2806	0	1	0.4918542487989995
2806	0	2	0.4566716419987302
2806	1	0	0.3756919679542216
2806	1	1	0.044236209204817564
2806	1	2	0.04423620914834327
2807	0	0	0.48853302245528696
2807	0	1	0.4743520289188674
2807	0	2	0.47149897501263394
2807	1	0	0.39208610542704037
2807	1	1	0.04208821484490377
2807	1	2	0.0420881249484482
2808	0	0	0.4935673738665635
2808	0	1	0.4935673738665635
2808	0	2	0.49170476505264094
2808	1	0	0.4652088372861874
2808	1	1	0.04151902125237035
2808	1	2	0.04151893432579519
2809	0	0	0.49200579887099083
2809	0	1	0.47547628649643575
2809	0	2	0.43317365362142807
2809	1	0	0.44694880004480914
2809	1	1	0.049295971794061796
2809	1	2	0.04929597179048879
2810	0	0	0.49107191471616574
2810	0	1	0.49107191471616574
2810	0	2	0.43241840011689725
2810	1	0	0.4794003531796876
2810	1	1	0.03928604121829976
2810	1	2	0.03928595425986066
2811	0	0	0.47673242309647795
2811	0	1	0.47673242309647795
2811	0	2	0.4579186258797354
2811	1	0	0.4698800888956759
2811	1	1	0.03876850519146138
2811	1	2	0.03876850519117077
2812	0	0	0.49866392992181285
2812	0	1	0.4799694696659518
2812	0	2	0.3672321018470871
2812	1	0	0.42667699131928183
2812	1	1	0.07731294020781308
2812	1	2	0.07731294006864568
2813	0	0	0.4939280208255264
2813	0	1	0.49382438555534064
2813	0	2	0.45315018073779295
2813	1	0	0.4529080706559115
2813	1	1	0.049078528517394845
2813	1	2	0.04907852851530381
2814	0	0	0.4923180495095222
2814	0	1	0.4880308342029662
2814	0	2	0.4817923823874514
2814	1	0	0.49160631774981983
2814	1	1	0.02970582558740535
2814	1	2	0.029213428623147714
2815	0	0	0.4921044346890209
2815	0	1	0.4921044346890209
2815	0	2	0.48924988357826293
2815	1	0	0.3839697309674186
2815	1	1	0.03431478306932069
2815	1	2	0.0343147830668626
2816	0	0	0.49886351664374345
2816	0	1	0.49886351664374345
2816	0	2	0.4551265726023145
2816	1	0	0.4083529529576836
2816	1	1	0.032498146317036236
2816	1	2	0.032594863535194224
2817	0	0	0.4776479812549869
2817	0	1	0.4776479812549869
2817	0	2	0.4742192008601293
2817	1	0	0.4298265905496243
2817	1	1	0.05758307907406096
2817	1	2	0.057583079070349846
2818	0	0	0.49661847972816137
2818	0	1	0.49661847972816137
2818	0	2	0.3674085334418521
2818	1	0	0.4020363706155339
2818	1	1	0.06737072930343127
2818	1	2	0.06737072918413332
2819	0	0	0.49870851031610075
2819	0	1	0.49870851031610075
2819	0	2	0.49635519808638034
2819	1	0	0.43738560287376205
2819	1	1	0.027419123020852337
2819	1	2	0.02741912301984735
2820	0	0	0.4911821935597731
2820	0	1	0.4815902063504589
2820	0	2	0.4730420526149681
2820	1	0	0.40629165648505705
2820	1	1	0.0307634375645853
2820	1	2	0.030859851991496545
2821	0	0	0.4916566133091349
2821	0	1	0.4916566133091349
2821	0	2	0.445538804978186
2821	1	0	0.3722247126482941
2821	1	1	0.03265007007975927
2821	1	2	0.032649984053590445
2822	0	0	0.49635612315565264
2822	0	1	0.49394623476474725
2822	0	2	0.4527988262129133
2822	1	0	0.4492577367289274
2822	1	1	0.0708541384457759
2822	1	2	0.07085413844504514
2823	0	0	0.4889146951837945
2823	0	1	0.47502367888606967
2823	0	2	0.46739659603954864
2823	1	0	0.4280527357527279
2823	1	1	0.11018509300850875
2823	1	2	0.11018509279499074
2824	0	0	0.6658824974574955
2824	0	1	0.654886825685026
2824	0	2	0.4498977640571857
2824	1	0	0.44435322480993344
2824	1	1	0.07090934975891369
2824	1	2	0.09123009295648916
2825	0	0	0.48974423156864716
2825	0	1	0.4896114293825126
2825	0	2	0.44511714254683143
2825	1	0	0.4768853579684374
2825	1	1	0.1319813115706277
2825	1	2	0.13198131130385077
2826	0	0	0.49419759897651283
2826	0	1	0.4907929226726034
2826	0	2	0.47660036407980555
2826	1	0	0.461103087629691
2826	1	1	0.11008138181533272
2826	1	2	0.11008138159022657
2827	0	0	0.4912803661493184
2827	0	1	0.48748811564877137
2827	0	2	0.47297395437127393
2827	1	0	0.46182265564707514
2827	1	1	0.06552489427939946
2827	1	2	0.06552484871824021
2828	0	0	0.4943682047210708
2828	0	1	0.4943682047210708
2828	0	2	0.48941488265454364
2828	1	0	0.4835493347194131
2828	1	1	0.15690405453744727
2828	1	2	0.15690405419503584
2829	0	0	0.497917743231044
2829	0	1	0.4972284630860944
2829	0	2	0.490390978591741
2829	1	0	0.47868161101894946
2829	1	1	0.052491563954063764
2829	1	2	0.05249156386431435
2830	0	0	0.4871299293879047
2830	0	1	0.4846842731976504
2830	0	2	0.42761020545751244
2830	1	0	0.47241330432744016
2830	1	1	0.03477723832843248
2830	1	2	0.03477723832649132
2831	0	0	0.618883398299517
2831	0	1	0.5908439310302176
2831	0	2	0.43456208215354836
2831	1	0	0.4698736349082191
2831	1	1	0.03020133684849302
2831	1	2	0.029809043527531068
2832	0	0	0.6696391880970896
2832	0	1	0.6425423032490891
2832	0	2	0.4492863320802036
2832	1	0	0.4873177416605927
2832	1	1	0.03308488965230355
2832	1	2	0.033119426801156454
2833	0	0	0.48793740764902627
2833	0	1	0.48793740764902627
2833	0	2	0.46768624801486436
2833	1	0	0.4719137249078154
2833	1	1	0.05806414790941701
2833	1	2	0.05806414790551492
2834	0	0	0.49065877113689654
2834	0	1	0.4806427760515025
2834	0	2	0.43670340513966033
2834	1	0	0.44230265635040295
2834	1	1	0.032850966887514765
2834	1	2	0.03285089037065933
2835	0	0	0.579617600170108
2835	0	1	0.5684101322727599
2835	0	2	0.47141997916178807
2835	1	0	0.41890426678594567
2835	1	1	0.025204511851325453
2835	1	2	0.02550074814731057
2836	0	0	0.7178940448449916
2836	0	1	0.700357793227325
2836	0	2	0.4275256426470976
2836	1	0	0.46593629665910974
2836	1	1	0.12074446358964702
2836	1	2	0.12045853855737455
2837	0	0	0.6640863093705239
2837	0	1	0.6652904453113645
2837	0	2	0.4416269945289878
2837	1	0	0.4961315196247536
2837	1	1	0.07140544923701876
2837	1	2	0.07150625789253119
2838	0	0	0.487715730592197
2838	0	1	0.487715730592197
2838	0	2	0.40685071472319134
2838	1	0	0.4491747343940018
2838	1	1	0.03861269446079088
2838	1	2	0.038612694459385755
2839	0	0	0.4916067795551923
2839	0	1	0.4906925616702193
2839	0	2	0.47679877996399933
2839	1	0	0.41658582162846985
2839	1	1	0.0321394793985809
2839	1	2	0.032139428060744796
2840	0	0	0.49346629916591506
2840	0	1	0.49346629916591506
2840	0	2	0.353754396033445
2840	1	0	0.49220565691170265
2840	1	1	0.06433582218317731
2840	1	2	0.06433582218261033
2841	0	0	0.6187976311975587
2841	0	1	0.6184821719183302
2841	0	2	0.42900281300681814
2841	1	0	0.46535418199505574
2841	1	1	0.045565530590245845
2841	1	2	0.06592638034526094
2842	0	0	0.5281238107022933
2842	0	1	0.5277709330694124
2842	0	2	0.44591888620829256
2842	1	0	0.4401286350682202
2842	1	1	0.042954372874813546
2842	1	2	0.04620875534685234
2843	0	0	0.5530555911717108
2843	0	1	0.5498090074069266
2843	0	2	0.4662187346167078
2843	1	0	0.48084484882519407
2843	1	1	0.42826769045583696
2843	1	2	0.4750303584703612
2844	0	0	0.5181733847162693
2844	0	1	0.5021369068416761
2844	0	2	0.47769680595809716
2844	1	0	0.48161860370253323
2844	1	1	0.21710291162779655
2844	1	2	0.21205015390170934
2845	0	0	0.617228371238266
2845	0	1	0.6224634302213916
2845	0	2	0.4536729304047691
2845	1	0	0.47335994465513004
2845	1	1	0.14334374828220098
2845	1	2	0.1764783538610808
2846	0	0	0.7177543493523317
2846	0	1	0.7459128637377018
2846	0	2	0.3453023027940207
2846	1	0	0.4746038961475457
2846	1	1	0.19769005864352743
2846	1	2	0.29010553498789304
2847	0	0	0.629985596592866
2847	0	1	0.6189400428406482
2847	0	2	0.42125268536845867
2847	1	0	0.44221325657075117
2847	1	1	0.039632684190743644
2847	1	2	0.0783766523272573
2848	0	0	0.6803231213636571
2848	0	1	0.6458363062983472
2848	0	2	0.49917927877028184
2848	1	0	0.4336389163141268
2848	1	1	0.05566081804621548
2848	1	2	0.05630304977749272
2849	0	0	0.5858409810238847
2849	0	1	0.575929891520712
2849	0	2	0.48860228524643756
2849	1	0	0.4724775781553285
2849	1	1	0.3744219217734115
2849	1	2	0.3893125825803598
2850	0	0	0.566231030538133
2850	0	1	0.5661288731838586
2850	0	2	0.3720448836225394
2850	1	0	0.3952762677425545
2850	1	1	0.03330035491933975
2850	1	2	0.03357100743347201
2851	0	0	0.5247887756028516
2851	0	1	0.5247883215373121
2851	0	2	0.4447613860000075
2851	1	0	0.4555187352604634
2851	1	1	0.11044041557193869
2851	1	2	0.11024277956495064
2852	0	0	0.5131527322880525
2852	0	1	0.5168120923477295
2852	0	2	0.3777905388030035
2852	1	0	0.4370511809900381
2852	1	1	0.026900474240432154
2852	1	2	0.027187266890936215
2853	0	0	0.6065127426067174
2853	0	1	0.6091086369672183
2853	0	2	0.3755743771938275
2853	1	0	0.47145767583928444
2853	1	1	0.08225844416874638
2853	1	2	0.09038488401694075
2854	0	0	0.5867167274013608
2854	0	1	0.5819246812951185
2854	0	2	0.43385750295923464
2854	1	0	0.43443867327819313
2854	1	1	0.05327675546592654
2854	1	2	0.06601808358459337
2855	0	0	0.6477406715949774
2855	0	1	0.6165563874961615
2855	0	2	0.4166061558262135
2855	1	0	0.4124531865768574
2855	1	1	0.049477830653300844
2855	1	2	0.049906234483388504
2856	0	0	0.6830033081788414
2856	0	1	0.6574814331602461
2856	0	2	0.4018328084478234
2856	1	0	0.4468913933620157
2856	1	1	0.07173468085009202
2856	1	2	0.07163465871135444
2857	0	0	0.6139247484664208
2857	0	1	0.598037477804492
2857	0	2	0.49673994382119163
2857	1	0	0.41025008655109907
2857	1	1	0.03731933807154768
2857	1	2	0.07730366624621154
2858	0	0	0.5756197011059127
2858	0	1	0.533051851677943
2858	0	2	0.4550693643571735
2858	1	0	0.47239340993088974
2858	1	1	0.041675285043357296
2858	1	2	0.041472208752355924
2859	0	0	0.6480807162715243
2859	0	1	0.6263695090955425
2859	0	2	0.4933984927518375
2859	1	0	0.46934181857104224
2859	1	1	0.052351323426982524
2859	1	2	0.05284823605765744
2860	0	0	0.6215025911516077
2860	0	1	0.6060685867576213
2860	0	2	0.44718767578972113
2860	1	0	0.4042019865242985
2860	1	1	0.09985470293741341
2860	1	2	0.09900725314419231
2861	0	0	0.6760741633094102
2861	0	1	0.6398904448785356
2861	0	2	0.48480213068151584
2861	1	0	0.3974412132103425
2861	1	1	0.030423322298780905
2861	1	2	0.05439494469419465
2862	0	0	0.6608650342085931
2862	0	1	0.6530061823704967
2862	0	2	0.3709516110128368
2862	1	0	0.45204737557056984
2862	1	1	0.044450178888776934
2862	1	2	0.04779865670875698
2863	0	0	0.7187232201959742
2863	0	1	0.7294641123035137
2863	0	2	0.4616379642277748
2863	1	0	0.3882518821966255
2863	1	1	0.030278893647778124
2863	1	2	0.03391396778028588
2864	0	0	0.6455594183358325
2864	0	1	0.6497647746153923
2864	0	2	0.471464879906749
2864	1	0	0.4801890614787953
2864	1	1	0.049813858262867924
2864	1	2	0.04754468227261713
2865	0	0	0.693709621235693
2865	0	1	0.6186430243927135
2865	0	2	0.3800103309079249
2865	1	0	0.4041808073787031
2865	1	1	0.03195367037938211
2865	1	2	0.032130415201294185
2866	0	0	0.711880376003178
2866	0	1	0.5617980519750596
2866	0	2	0.45221586223764587
2866	1	0	0.42321374417277363
2866	1	1	0.039280707151842245
2866	1	2	0.04009331148074656
2867	0	0	0.6849074229100829
2867	0	1	0.6437075683771722
2867	0	2	0.46143804042753345
2867	1	0	0.4711722852819986
2867	1	1	0.0590580196722162
2867	1	2	0.062232653470892754
2868	0	0	0.621445624593886
2868	0	1	0.6173734661879937
2868	0	2	0.4273289948271919
2868	1	0	0.49193168518259583
2868	1	1	0.057249939732870306
2868	1	2	0.05750030390298669
2869	0	0	0.5863074845727876
2869	0	1	0.5843416573112666
2869	0	2	0.4859825994987913
2869	1	0	0.48373750314201525
2869	1	1	0.3269402777774505
2869	1	2	0.3198990961634376
2870	0	0	0.6515896300728998
2870	0	1	0.6520960237970604
2870	0	2	0.45587591968126057
2870	1	0	0.46696314288624763
2870	1	1	0.21422715002762976
2870	1	2	0.2228538048294047
2871	0	0	0.6745712155753049
2871	0	1	0.6338703760360853
2871	0	2	0.4480774453449561
2871	1	0	0.41751512636924293
2871	1	1	0.06896302243331026
2871	1	2	0.06904407966357137
2872	0	0	0.6871967014517315
2872	0	1	0.692020793819577
2872	0	2	0.4324319645112136
2872	1	0	0.45930594207263264
2872	1	1	0.03879656198862606
2872	1	2	0.03874765864196829
2873	0	0	0.6246614033684703
2873	0	1	0.5962861686307108
2873	0	2	0.4748016739787604
2873	1	0	0.38341108415475383
2873	1	1	0.052618486948420404
2873	1	2	0.05262057320082386
2874	0	0	0.6509858144227914
2874	0	1	0.6493825851931014
2874	0	2	0.47883003616908437
2874	1	0	0.4412354249431623
2874	1	1	0.02587758678160941
2874	1	2	0.02535349993845741
2875	0	0	0.6376576634916907
2875	0	1	0.633510572912212
2875	0	2	0.46014118693105044
2875	1	0	0.4606555772943881
2875	1	1	0.03668756109001203
2875	1	2	0.037827346293550515
2876	0	0	0.5411816913194581
2876	0	1	0.5349594548450056
2876	0	2	0.46107623704726997
2876	1	0	0.37200235032042855
2876	1	1	0.023949097230945016
2876	1	2	0.0252394271626092
2877	0	0	0.5848996573165506
2877	0	1	0.6219291298797818
2877	0	2	0.3634326123324194
2877	1	0	0.4550659249784603
2877	1	1	0.055594745485297276
2877	1	2	0.06827656190544076
2878	0	0	0.5337017112322466
2878	0	1	0.5327005048583472
2878	0	2	0.3747848770677831
2878	1	0	0.42850098791266833
2878	1	1	0.05278003284271089
2878	1	2	0.059699882020972525
2879	0	0	0.6325267183764136
2879	0	1	0.5920292325988867
2879	0	2	0.43049220297876434
2879	1	0	0.45497459397698486
2879	1	1	0.10386996273923922
2879	1	2	0.2027817201726107
2880	0	0	0.6756624939608501
2880	0	1	0.6487706756237162
2880	0	2	0.47380745229039134
2880	1	0	0.4604192664924573
2880	1	1	0.2059326272992167
2880	1	2	0.20471028691402055
2881	0	0	0.6308575282983022
2881	0	1	0.568584849437102
2881	0	2	0.45514303863905153
2881	1	0	0.46916411598582053
2881	1	1	0.036572203721433105
2881	1	2	0.02942240317810421
2882	0	0	0.5819568003680058
2882	0	1	0.5134895291551205
2882	0	2	0.3920079795431077
2882	1	0	0.4306685876756493
2882	1	1	0.05141947579756115
2882	1	2	0.05139003371950322
2883	0	0	0.6773899889446586
2883	0	1	0.6984575140252007
2883	0	2	0.47206724651793
2883	1	0	0.45042534323035505
2883	1	1	0.05250045101061357
2883	1	2	0.09450468867274228
2884	0	0	0.5847492654215898
2884	0	1	0.5781013933305842
2884	0	2	0.43155265893186434
2884	1	0	0.4064466686631805
2884	1	1	0.05152246039984043
2884	1	2	0.043443909335981995
2885	0	0	0.6060059640482438
2885	0	1	0.5835895239019524
2885	0	2	0.3446247826910566
2885	1	0	0.4358838537416034
2885	1	1	0.05234140194705844
2885	1	2	0.05182628137039459
2886	0	0	0.5416434166045092
2886	0	1	0.529468781891094
2886	0	2	0.4427062621963952
2886	1	0	0.36140143563460636
2886	1	1	0.027277232181597277
2886	1	2	0.027319490928295692
2887	0	0	0.6044003839552576
2887	0	1	0.5783086751569908
2887	0	2	0.4675742169316266
2887	1	0	0.42633657252166873
2887	1	1	0.08143738284167178
2887	1	2	0.07044222326984034
2888	0	0	0.6027847738601616
2888	0	1	0.5733042652527849
2888	0	2	0.386886218190562
2888	1	0	0.38208764990505195
2888	1	1	0.0930684923233768
2888	1	2	0.08817654567705697
2889	0	0	0.5946306384677418
2889	0	1	0.5519265318359173
2889	0	2	0.4656882647381778
2889	1	0	0.3852373917497828
2889	1	1	0.0632765958304761
2889	1	2	0.06498132088405403
2890	0	0	0.4873246998637933
2890	0	1	0.4843648331421059
2890	0	2	0.365348278899961
2890	1	0	0.44504369702355323
2890	1	1	0.02620244698175553
2890	1	2	0.025782060211989324
2891	0	0	0.6264873743539586
2891	0	1	0.5788223828458938
2891	0	2	0.4277074506022682
2891	1	0	0.3744613585055282
2891	1	1	0.02858768846405954
2891	1	2	0.0324980545440363
2892	0	0	0.5581900578098188
2892	0	1	0.5631355330557795
2892	0	2	0.4440844976602649
2892	1	0	0.45712843032901074
2892	1	1	0.1153805380877361
2892	1	2	0.11508175138570687
2893	0	0	0.612117615894864
2893	0	1	0.627350956448969
2893	0	2	0.4677207201469996
2893	1	0	0.44173450197345043
2893	1	1	0.10651347600783227
2893	1	2	0.10622020476834818
2894	0	0	0.6288474299151621
2894	0	1	0.5355442042453236
2894	0	2	0.3777368029276641
2894	1	0	0.4648976357433708
2894	1	1	0.02377311300060006
2894	1	2	0.02557001542709493
2895	0	0	0.6667745624540368
2895	0	1	0.658132769450602
2895	0	2	0.4624800928346361
2895	1	0	0.43955626404501735
2895	1	1	0.03219888241842131
2895	1	2	0.031724434967703094
2896	0	0	0.5775419494357148
2896	0	1	0.5277251683966775
2896	0	2	0.49706820989140704
2896	1	0	0.47707237612162784
2896	1	1	0.05971334756843523
2896	1	2	0.06160510999697451
2897	0	0	0.6090095225392176
2897	0	1	0.6060455466012229
2897	0	2	0.45015961099834945
2897	1	0	0.4676846968458292
2897	1	1	0.04466235253603411
2897	1	2	0.04379905765838317
2898	0	0	0.4966146042817032
2898	0	1	0.4966146042817032
2898	0	2	0.3846827711293128
2898	1	0	0.47412806798869267
2898	1	1	0.13963403152909748
2898	1	2	0.13963397180332995
2899	0	0	0.47175845270493016
2899	0	1	0.44642235011738707
2899	0	2	0.38328316613017704
2899	1	0	0.4420937806028729
2899	1	1	0.0747313235572508
2899	1	2	0.07473123564046337
2900	0	0	0.4856994728224422
2900	0	1	0.4856994728224422
2900	0	2	0.44090344420797956
2900	1	0	0.44793956163998244
2900	1	1	0.03971033628493177
2900	1	2	0.03971033628324666
2901	0	0	0.47842147419045816
2901	0	1	0.4768094221958869
2901	0	2	0.44818546308995705
2901	1	0	0.4549593691404964
2901	1	1	0.16243313163616646
2901	1	2	0.16243304279274567
2902	0	0	0.4885095096652117
2902	0	1	0.4885095096652117
2902	0	2	0.41207350520597497
2902	1	0	0.4885095096652117
2902	1	1	0.05564443880840941
2902	1	2	0.055644438804369936
2903	0	0	0.4957634765843846
2903	0	1	0.4957634765843846
2903	0	2	0.3884705467924433
2903	1	0	0.4754425173074583
2903	1	1	0.04338668439427622
2903	1	2	0.04338668439153717
2904	0	0	0.4904174217893778
2904	0	1	0.4854160824875039
2904	0	2	0.40363657635922184
2904	1	0	0.458494776961844
2904	1	1	0.09838350201606427
2904	1	2	0.0983835018380949
2905	0	0	0.6391020264987005
2905	0	1	0.613985049915275
2905	0	2	0.4725509486951176
2905	1	0	0.40619624463121523
2905	1	1	0.029064277124844037
2905	1	2	0.028708410415950097
2906	0	0	0.6153523552241846
2906	0	1	0.5439449319928944
2906	0	2	0.46524330555032767
2906	1	0	0.41830134046969725
2906	1	1	0.04503996506056679
2906	1	2	0.045177306412002516
2907	0	0	0.6620896571609844
2907	0	1	0.6459058619928597
2907	0	2	0.4830060182896308
2907	1	0	0.45501568047120894
2907	1	1	0.04133971771071447
2907	1	2	0.04131912840227853
2908	0	0	0.6513617753181368
2908	0	1	0.6428508080594795
2908	0	2	0.45381030387978827
2908	1	0	0.4758842126950555
2908	1	1	0.03385906444848162
2908	1	2	0.03438377634401851
2909	0	0	0.6505378199308005
2909	0	1	0.6470510217094322
2909	0	2	0.46100645183837874
2909	1	0	0.4463023918385516
2909	1	1	0.04867810289321248
2909	1	2	0.05551226026341785
2910	0	0	0.6906986758357203
2910	0	1	0.6937580965529383
2910	0	2	0.5166561573577899
2910	1	0	0.46532754068642956
2910	1	1	0.07212170138196446
2910	1	2	0.09035384534547529
2911	0	0	0.4896156014173687
2911	0	1	0.4896156014173687
2911	0	2	0.4625718558177069
2911	1	0	0.40916955812439354
2911	1	1	0.03852432644195149
2911	1	2	0.038524271620104994
2912	0	0	0.6457386172582682
2912	0	1	0.6485022444658244
2912	0	2	0.4513326617514076
2912	1	0	0.4726022248643988
2912	1	1	0.07549841080052277
2912	1	2	0.07755704545207584
2913	0	0	0.4789638486526728
2913	0	1	0.4789638486526728
2913	0	2	0.4674845077962432
2913	1	0	0.4001459966730812
2913	1	1	0.1047983108612902
2913	1	2	0.10479831067611012
2914	0	0	0.496144668815825
2914	0	1	0.496144668815825
2914	0	2	0.44626192230877315
2914	1	0	0.47574007959315034
2914	1	1	0.044121541320018776
2914	1	2	0.04364340180090927
2915	0	0	0.5596265137907253
2915	0	1	0.5498511674448812
2915	0	2	0.3644682752381614
2915	1	0	0.3939786213248506
2915	1	1	0.027488357801350574
2915	1	2	0.03628545915045561
2916	0	0	0.49588566058328076
2916	0	1	0.49588566058328076
2916	0	2	0.4657744435277778
2916	1	0	0.48745162332498404
2916	1	1	0.061995689220787506
2916	1	2	0.0619956892166202
2917	0	0	0.49323493353710607
2917	0	1	0.49323493353710607
2917	0	2	0.47563040323242084
2917	1	0	0.4721946371959818
2917	1	1	0.10351144392130569
2917	1	2	0.10351138803881331
2918	0	0	0.4911881630145418
2918	0	1	0.4911881630145418
2918	0	2	0.34078608186681597
2918	1	0	0.3973673192849302
2918	1	1	0.031521566701507034
2918	1	2	0.031521566699223444
2919	0	0	0.4897127670913068
2919	0	1	0.48726204764510556
2919	0	2	0.4304390171917687
2919	1	0	0.47990169665798055
2919	1	1	0.1674627243798974
2919	1	2	0.16746272400938503
2920	0	0	0.6063844602649837
2920	0	1	0.5905417755802256
2920	0	2	0.4624082778290147
2920	1	0	0.4722288365189609
2920	1	1	0.12551992149165953
2920	1	2	0.12817927539416857
2921	0	0	0.5791540981631643
2921	0	1	0.6020937277679684
2921	0	2	0.3875648549697853
2921	1	0	0.45669440687291646
2921	1	1	0.054051024681918136
2921	1	2	0.052563009489883655
2922	0	0	0.6433224606202563
2922	0	1	0.5777433730247368
2922	0	2	0.4063945934142875
2922	1	0	0.45342249598665285
2922	1	1	0.23260508591448997
2922	1	2	0.2540112562696363
2923	0	0	0.6100991329114573
2923	0	1	0.5571587808492899
2923	0	2	0.430501183414446
2923	1	0	0.3924131276794504
2923	1	1	0.18873808451596902
2923	1	2	0.19771869376300022
2924	0	0	0.6005008299479704
2924	0	1	0.6221529598547035
2924	0	2	0.44989965027904427
2924	1	0	0.4591816406914812
2924	1	1	0.05622193039129367
2924	1	2	0.0653535293636648
2925	0	0	0.4961259579204481
2925	0	1	0.4961259579204481
2925	0	2	0.4677182281639367
2925	1	0	0.47493010498912186
2925	1	1	0.07839451894610515
2925	1	2	0.0783945189446337
2926	0	0	0.48847704518406976
2926	0	1	0.48847704518406976
2926	0	2	0.4553012071824477
2926	1	0	0.4300518106804482
2926	1	1	0.0667345913266924
2926	1	2	0.06673459119071705
2927	0	0	0.4896115990549425
2927	0	1	0.4896115990549425
2927	0	2	0.45568210015351734
2927	1	0	0.4508582555163277
2927	1	1	0.04446848525377614
2927	1	2	0.044468485251597675
2928	0	0	0.49754743805541246
2928	0	1	0.49754743805541246
2928	0	2	0.47623166055975374
2928	1	0	0.44039370745669837
2928	1	1	0.1416204388515218
2928	1	2	0.14162043294397697
2929	0	0	0.49774690780177766
2929	0	1	0.49774690780177766
2929	0	2	0.4009788685308291
2929	1	0	0.4262917847565848
2929	1	1	0.03705463111319125
2929	1	2	0.03705453772799405
2930	0	0	0.4870300861410174
2930	0	1	0.48284884361603686
2930	0	2	0.4153452296546396
2930	1	0	0.47575333478125625
2930	1	1	0.029302552827123254
2930	1	2	0.02930564571959604
2931	0	0	0.49555719918134
2931	0	1	0.49555719918134
2931	0	2	0.44098443154832007
2931	1	0	0.43066033999312014
2931	1	1	0.03127375663732995
2931	1	2	0.03131647669240116
2932	0	0	0.49578899576480967
2932	0	1	0.49578899576480967
2932	0	2	0.4535126626601906
2932	1	0	0.34053960966623426
2932	1	1	0.02924766611338854
2932	1	2	0.02929311923353553
2933	0	0	0.49920811892904327
2933	0	1	0.49920811892904327
2933	0	2	0.37700666504396196
2933	1	0	0.3669491773760217
2933	1	1	0.0592508969514719
2933	1	2	0.05925089694746656
2934	0	0	0.4941708785602543
2934	0	1	0.4891100048160497
2934	0	2	0.4891100048160497
2934	1	0	0.4819463886161626
2934	1	1	0.04339072918179261
2934	1	2	0.04339459702251293
2935	0	0	0.4918152353377068
2935	0	1	0.48124353346351123
2935	0	2	0.43094547006864375
2935	1	0	0.4164867105303903
2935	1	1	0.03911079995929624
2935	1	2	0.03911071592165931
2936	0	0	0.49525832802543096
2936	0	1	0.49525832802543096
2936	0	2	0.48769084026732795
2936	1	0	0.46339455502677984
2936	1	1	0.015356418594540414
2936	1	2	0.01535637342631778
2937	0	0	0.48761136404630556
2937	0	1	0.48761136404630556
2937	0	2	0.48761136404630556
2937	1	0	0.4638589579688441
2937	1	1	0.04350175892101002
2937	1	2	0.043539558036814516
2938	0	0	0.4955908639999385
2938	0	1	0.48636025706622105
2938	0	2	0.48636025706622105
2938	1	0	0.4606668100274387
2938	1	1	0.05436078896390949
2938	1	2	0.054360697102474875
2939	0	0	0.48373500835129285
2939	0	1	0.4695509746240172
2939	0	2	0.4598735452057046
2939	1	0	0.45917590115622514
2939	1	1	0.0313549547270756
2939	1	2	0.03135495471674064
2940	0	0	0.536202025520716
2940	0	1	0.5180500926715426
2940	0	2	0.4211095002368356
2940	1	0	0.42811659599062446
2940	1	1	0.030527747168058034
2940	1	2	0.03052774990154926
2941	0	0	0.49893685122350206
2941	0	1	0.49893685122350206
2941	0	2	0.39648041491102454
2941	1	0	0.3989709386351711
2941	1	1	0.04470126130402659
2941	1	2	0.04470116951382991
2942	0	0	0.6122986412199561
2942	0	1	0.5563093521187147
2942	0	2	0.46421284792271245
2942	1	0	0.3024172910395174
2942	1	1	0.041556404989583795
2942	1	2	0.041519729558410476
2943	0	0	0.4896716733771009
2943	0	1	0.4775146782371227
2943	0	2	0.4383847525859887
2943	1	0	0.4285973882704438
2943	1	1	0.17560253866813336
2943	1	2	0.17560253827932173
2944	0	0	0.5675219018067861
2944	0	1	0.5605911125079158
2944	0	2	0.4999122139888642
2944	1	0	0.44767457873992916
2944	1	1	0.04595889407146411
2944	1	2	0.045938891145255914
2945	0	0	0.4845909041067477
2945	0	1	0.4845909041067477
2945	0	2	0.4409546650459904
2945	1	0	0.47834623073842514
2945	1	1	0.03143858576619356
2945	1	2	0.031438506082037104
2946	0	0	0.573192174584941
2946	0	1	0.5611972006693247
2946	0	2	0.466294364739711
2946	1	0	0.44997613250840424
2946	1	1	0.07687464612606836
2946	1	2	0.07676658322336624
2947	0	0	0.49268014694415535
2947	0	1	0.49268014694415535
2947	0	2	0.44579404543279705
2947	1	0	0.4842597510497109
2947	1	1	0.10191697143616488
2947	1	2	0.10191697143520184
2948	0	0	0.4932431665698391
2948	0	1	0.479788048577241
2948	0	2	0.4544975976460061
2948	1	0	0.4557334243428925
2948	1	1	0.04339514216242818
2948	1	2	0.04339514215999367
2949	0	0	0.4770054259123439
2949	0	1	0.4770054259123439
2949	0	2	0.4538766793723142
2949	1	0	0.41068559865072846
2949	1	1	0.036360113554870385
2949	1	2	0.036360113552956375
2950	0	0	0.48498018817693206
2950	0	1	0.48498018817693206
2950	0	2	0.4409138950196055
2950	1	0	0.43733289549778087
2950	1	1	0.0445505734941818
2950	1	2	0.04455057349169213
2951	0	0	0.4915915593841059
2951	0	1	0.4915915593841059
2951	0	2	0.45600552151064133
2951	1	0	0.46741575676511166
2951	1	1	0.030448480740316933
2951	1	2	0.030448422312661053
2952	0	0	0.4910084016123886
2952	0	1	0.4910084016123886
2952	0	2	0.4212262942405677
2952	1	0	0.47767945722462374
2952	1	1	0.060690141319205235
2952	1	2	0.06069014124140533
2953	0	0	0.490930813479273
2953	0	1	0.48920035961103003
2953	0	2	0.45887510287874533
2953	1	0	0.44838999014662073
2953	1	1	0.035980070498257466
2953	1	2	0.035979959039167106
2954	0	0	0.4888982932366118
2954	0	1	0.4777286768919981
2954	0	2	0.451875884172982
2954	1	0	0.42368690009327276
2954	1	1	0.08434993144425582
2954	1	2	0.08434993128110643
2955	0	0	0.49056055897596607
2955	0	1	0.49056055897596607
2955	0	2	0.4482389280749488
2955	1	0	0.4437663431689945
2955	1	1	0.028068679623763512
2955	1	2	0.02806867962191291
2956	0	0	0.4932679471444189
2956	0	1	0.488998887682741
2956	0	2	0.4502653250623391
2956	1	0	0.41805331767111953
2956	1	1	0.029432693022848955
2956	1	2	0.029589769911577427
2957	0	0	0.493136544092682
2957	0	1	0.49276839037232906
2957	0	2	0.4315093748716759
2957	1	0	0.46942882753888443
2957	1	1	0.04298138136613902
2957	1	2	0.042981381362090176
2958	0	0	0.4954260225646354
2958	0	1	0.4954260225646354
2958	0	2	0.49174716584471556
2958	1	0	0.494847740611673
2958	1	1	0.11009990541023668
2958	1	2	0.11009990520478002
2959	0	0	0.4927973284746397
2959	0	1	0.4867949071004016
2959	0	2	0.4551320363551448
2959	1	0	0.4395895373654604
2959	1	1	0.18591525422839758
2959	1	2	0.18591525382879476
2960	0	0	0.4893014757858984
2960	0	1	0.48608725145114634
2960	0	2	0.4187548784902364
2960	1	0	0.45503596950925906
2960	1	1	0.06047171048471156
2960	1	2	0.06047162387171234
2961	0	0	0.5900509190572178
2961	0	1	0.5871993660078053
2961	0	2	0.4727666613578856
2961	1	0	0.425824498116792
2961	1	1	0.02283638375116334
2961	1	2	0.022783898757072388
2962	0	0	0.5406241946796801
2962	0	1	0.5591986107994034
2962	0	2	0.4045983989485925
2962	1	0	0.45051369845801104
2962	1	1	0.044798166563045166
2962	1	2	0.044817014740819616
2963	0	0	0.6901259237634341
2963	0	1	0.6734815476128182
2963	0	2	0.4217551184490149
2963	1	0	0.430468175755267
2963	1	1	0.035095632114924266
2963	1	2	0.03509563088790385
2964	0	0	0.6874487541460932
2964	0	1	0.5510847508481501
2964	0	2	0.40789607270427897
2964	1	0	0.4896428752844604
2964	1	1	0.08859422054374246
2964	1	2	0.08669278009151547
2965	0	0	0.6309149356044916
2965	0	1	0.594243634765045
2965	0	2	0.43495669358505007
2965	1	0	0.4829949098180841
2965	1	1	0.05249882721366972
2965	1	2	0.05061697676283736
2966	0	0	0.4795242859615848
2966	0	1	0.4837445513541146
2966	0	2	0.4435350756637002
2966	1	0	0.4064070844829333
2966	1	1	0.04805835836678837
2966	1	2	0.04807494881404584
2967	0	0	0.5614226866607537
2967	0	1	0.4941741456762103
2967	0	2	0.45144653276652563
2967	1	0	0.4864797717025177
2967	1	1	0.05509972325908549
2967	1	2	0.05509972039330978
2968	0	0	0.6466883300369726
2968	0	1	0.6415943301956568
2968	0	2	0.4605489686282259
2968	1	0	0.45553962696521255
2968	1	1	0.040039323747256425
2968	1	2	0.040039324350805566
2969	0	0	0.5400907524492322
2969	0	1	0.5812237005049776
2969	0	2	0.4561624048036802
2969	1	0	0.44074617358817786
2969	1	1	0.06644450485261873
2969	1	2	0.06644450316501334
2970	0	0	0.5029062838390702
2970	0	1	0.5005565049925769
2970	0	2	0.4779296016017658
2970	1	0	0.4847152093298931
2970	1	1	0.042586131979312075
2970	1	2	0.042586150648510054
2971	0	0	0.584631812726595
2971	0	1	0.5601999283217713
2971	0	2	0.43690111467704157
2971	1	0	0.4685354719403
2971	1	1	0.07046181536315654
2971	1	2	0.07273213509189341
2972	0	0	0.5113801015905065
2972	0	1	0.4881180133864699
2972	0	2	0.4449473063123326
2972	1	0	0.42285083180386107
2972	1	1	0.050959444030227743
2972	1	2	0.050959441581761716
2973	0	0	0.5909388029979982
2973	0	1	0.6058327551086522
2973	0	2	0.492628515050331
2973	1	0	0.48132043841724453
2973	1	1	0.06585885154213092
2973	1	2	0.06597140132513267
2974	0	0	0.5499391280651408
2974	0	1	0.5148731204776842
2974	0	2	0.4548073543142024
2974	1	0	0.37355146929964517
2974	1	1	0.03340697265636673
2974	1	2	0.03353767781186155
2975	0	0	0.49783877849355784
2975	0	1	0.49783877849355784
2975	0	2	0.4441796885542468
2975	1	0	0.4547603470506465
2975	1	1	0.0283026824518261
2975	1	2	0.028302682434229842
2976	0	0	0.48667423666773235
2976	0	1	0.4827551372987541
2976	0	2	0.45527391126302347
2976	1	0	0.3996414834247515
2976	1	1	0.027747566988638894
2976	1	2	0.027747566986895067
2977	0	0	0.659275136457717
2977	0	1	0.542825994969496
2977	0	2	0.46186600074962764
2977	1	0	0.48793374462493067
2977	1	1	0.035587276329976394
2977	1	2	0.044159213141952994
2978	0	0	0.6486617131562253
2978	0	1	0.6381988894009096
2978	0	2	0.4619071613828692
2978	1	0	0.43953190077618215
2978	1	1	0.36223822673745
2978	1	2	0.3901785951899649
2979	0	0	0.7469441224006372
2979	0	1	0.7446756780569721
2979	0	2	0.4706948230834752
2979	1	0	0.49091817253932385
2979	1	1	0.06560925759508157
2979	1	2	0.06562383618299615
2980	0	0	0.672187040524726
2980	0	1	0.5836030687721215
2980	0	2	0.4663719893736871
2980	1	0	0.4695612819707701
2980	1	1	0.04555189519844549
2980	1	2	0.06988530832980483
2981	0	0	0.7523538507369429
2981	0	1	0.7495508238594036
2981	0	2	0.4310579633441778
2981	1	0	0.3684782739135768
2981	1	1	0.07479394233067947
2981	1	2	0.09107006953064188
2982	0	0	0.6574991215130626
2982	0	1	0.6571333120858371
2982	0	2	0.38823343944211663
2982	1	0	0.46485705050118026
2982	1	1	0.11884309291370833
2982	1	2	0.13237275677200291
2983	0	0	0.6735209661299486
2983	0	1	0.6781874987660481
2983	0	2	0.4846360852975585
2983	1	0	0.45748809795260537
2983	1	1	0.03423585236970149
2983	1	2	0.028979927337816624
2984	0	0	0.6538738960466538
2984	0	1	0.6315723092590566
2984	0	2	0.3947507488857789
2984	1	0	0.48140399919805815
2984	1	1	0.07323223540188237
2984	1	2	0.09109359374630546
2985	0	0	0.5839288652285017
2985	0	1	0.5720285629109325
2985	0	2	0.42693875281546656
2985	1	0	0.4582237284428892
2985	1	1	0.17544713640870005
2985	1	2	0.17544596285544783
2986	0	0	0.6720703560273096
2986	0	1	0.6405743053414463
2986	0	2	0.4070204573184115
2986	1	0	0.4695699572749277
2986	1	1	0.19934104460609164
2986	1	2	0.18923524641260858
2987	0	0	0.5821810379666639
2987	0	1	0.5441562365869299
2987	0	2	0.4790134404671338
2987	1	0	0.3556081974969478
2987	1	1	0.10501862634934252
2987	1	2	0.10535316048084434
2988	0	0	0.5674832731350266
2988	0	1	0.5533613791487035
2988	0	2	0.4635268226096158
2988	1	0	0.4361398141424365
2988	1	1	0.10215902132010138
2988	1	2	0.10184995761435367
2989	0	0	0.7341287141054398
2989	0	1	0.7339760314298456
2989	0	2	0.46631631437822196
2989	1	0	0.4972461701667756
2989	1	1	0.14882726182421374
2989	1	2	0.14748433704315456
2990	0	0	0.6603325366798012
2990	0	1	0.6387673283383823
2990	0	2	0.4588689738573162
2990	1	0	0.47179218708197046
2990	1	1	0.10317805748172242
2990	1	2	0.10277251140404256
2991	0	0	0.9093592763989341
2991	0	1	0.8002020335516968
2991	0	2	0.18769328485111053
2991	1	0	0.43761721098572
2991	1	1	0.13442168589984463
2991	1	2	0.1369333263264682
2992	0	0	0.6774659677924779
2992	0	1	0.6952448508358495
2992	0	2	0.4672231012368189
2992	1	0	0.4685323314216617
2992	1	1	0.17185917101542095
2992	1	2	0.16828411283237307
2993	0	0	0.6677407956154551
2993	0	1	0.6751859623090686
2993	0	2	0.3725181024601702
2993	1	0	0.42090869002905384
2993	1	1	0.0469464366099441
2993	1	2	0.04766385960254663
2994	0	0	0.6893158496160161
2994	0	1	0.6597086807742166
2994	0	2	0.3883730321486277
2994	1	0	0.4550486675013365
2994	1	1	0.18017283506435094
2994	1	2	0.18567750260292243
2995	0	0	0.6824009256939898
2995	0	1	0.6750775657720031
2995	0	2	0.46900974389931016
2995	1	0	0.4257585230177904
2995	1	1	0.053920190760421455
2995	1	2	0.05410645324015756
2996	0	0	0.5864697675642716
2996	0	1	0.6164370434463755
2996	0	2	0.4337859829949057
2996	1	0	0.4223288137078519
2996	1	1	0.048956666027601445
2996	1	2	0.06724539829404058
2997	0	0	0.6793583587695077
2997	0	1	0.6307702088647702
2997	0	2	0.4783560451861203
2997	1	0	0.4873547421976801
2997	1	1	0.04212827681154267
2997	1	2	0.05810817356216272
2998	0	0	0.8102360747814548
2998	0	1	0.6705363409310552
2998	0	2	0.4495303345302973
2998	1	0	0.4838054276693318
2998	1	1	0.04213212010191682
2998	1	2	0.042988811523243325
2999	0	0	0.7640241398880928
2999	0	1	0.7097913652825049
2999	0	2	0.35713663471142865
2999	1	0	0.4364058811994557
2999	1	1	0.04217658296263581
2999	1	2	0.054183740784267784
3000	0	0	0.7535367696367832
3000	0	1	0.7269338037809756
3000	0	2	0.4861683810661394
3000	1	0	0.48218371600403354
3000	1	1	0.04108025799093955
3000	1	2	0.04936205070540624
3001	0	0	0.6323679538685906
3001	0	1	0.6067718440009926
3001	0	2	0.37995442985010686
3001	1	0	0.41542732140059013
3001	1	1	0.018124480721516983
3001	1	2	0.017881457057030162
3002	0	0	0.5642648441651762
3002	0	1	0.5411891466752449
3002	0	2	0.47788231409768356
3002	1	0	0.4733529577789748
3002	1	1	0.056583455701737104
3002	1	2	0.056583442052087776
3003	0	0	0.8067415830682292
3003	0	1	0.6949269839257416
3003	0	2	0.4190049251823418
3003	1	0	0.48879234766267216
3003	1	1	0.03912537912175365
3003	1	2	0.03888154993869537
3004	0	0	0.7246424102340305
3004	0	1	0.6424957142536212
3004	0	2	0.45796557430999285
3004	1	0	0.4397537932898831
3004	1	1	0.039520750644567934
3004	1	2	0.03937960019559289
3005	0	0	0.6128196490361035
3005	0	1	0.5952762255581088
3005	0	2	0.4812149846314844
3005	1	0	0.4785334995206875
3005	1	1	0.06334446206416808
3005	1	2	0.0633826355657019
3006	0	0	0.659628544470513
3006	0	1	0.5624226283850385
3006	0	2	0.46303962363927353
3006	1	0	0.4784114522362756
3006	1	1	0.030740467555343293
3006	1	2	0.03071948250162207
3007	0	0	0.5918811289161234
3007	0	1	0.5980530506457169
3007	0	2	0.3983861823420276
3007	1	0	0.4663252638807043
3007	1	1	0.03546190679358349
3007	1	2	0.03387004819581611
3008	0	0	0.6327896355330107
3008	0	1	0.6486011423340841
3008	0	2	0.4508349475636877
3008	1	0	0.4850839739710943
3008	1	1	0.048085787491870605
3008	1	2	0.04808595885839449
3009	0	0	0.621656991446677
3009	0	1	0.6235319359103593
3009	0	2	0.40276093592721296
3009	1	0	0.4689779348858659
3009	1	1	0.06966760994699409
3009	1	2	0.0767217833824873
3010	0	0	0.5808913959887372
3010	0	1	0.6062649620221776
3010	0	2	0.4422570751581325
3010	1	0	0.38958058004415025
3010	1	1	0.12191842567321352
3010	1	2	0.12409295998612455
3011	0	0	0.6423188124558672
3011	0	1	0.6456805467447744
3011	0	2	0.42915730484164716
3011	1	0	0.4503992101367509
3011	1	1	0.04478730756009665
3011	1	2	0.07544075027519966
3012	0	0	0.75366234307693
3012	0	1	0.7070017301237177
3012	0	2	0.4015093386363216
3012	1	0	0.44981445473862164
3012	1	1	0.10288987767487841
3012	1	2	0.10289125482583096
3013	0	0	0.6585027681476127
3013	0	1	0.6348716493361618
3013	0	2	0.46561827315942966
3013	1	0	0.47377236775984594
3013	1	1	0.057321886507274974
3013	1	2	0.07801801330584351
3014	0	0	0.7482894905972381
3014	0	1	0.7513528177780326
3014	0	2	0.4620749556613497
3014	1	0	0.39380896530021425
3014	1	1	0.03643647798200461
3014	1	2	0.03740198109423695
3015	0	0	0.7558916303431255
3015	0	1	0.7319599814389156
3015	0	2	0.408784260940542
3015	1	0	0.46756009218680705
3015	1	1	0.05015901622927717
3015	1	2	0.05023764388316394
3016	0	0	0.6632576833640296
3016	0	1	0.6286502008127609
3016	0	2	0.410363244888038
3016	1	0	0.47640799271750944
3016	1	1	0.025054680130160212
3016	1	2	0.02402657493929064
3017	0	0	0.6370235704624558
3017	0	1	0.6226243606155161
3017	0	2	0.41759031651132883
3017	1	0	0.48906039198097745
3017	1	1	0.06272021706055501
3017	1	2	0.06855710459292706
3018	0	0	0.6411810664795387
3018	0	1	0.6298421996459509
3018	0	2	0.4716557714560582
3018	1	0	0.3642916956640152
3018	1	1	0.026646995811293595
3018	1	2	0.026351459912550293
3019	0	0	0.8135419000471354
3019	0	1	0.7917564603221229
3019	0	2	0.4592211813089847
3019	1	0	0.47174995934504554
3019	1	1	0.23175626754748382
3019	1	2	0.23264436984532003
3020	0	0	0.5480838480659693
3020	0	1	0.5255313801746961
3020	0	2	0.4546718082531901
3020	1	0	0.3720208323759523
3020	1	1	0.040935231711772976
3020	1	2	0.09246442920702258
3021	0	0	0.6561802714846888
3021	0	1	0.6396550153105582
3021	0	2	0.45277980309439303
3021	1	0	0.4666229509272253
3021	1	1	0.021067034997540923
3021	1	2	0.02095832034624913
3022	0	0	0.6893650045970522
3022	0	1	0.6106314858574098
3022	0	2	0.4201166864064302
3022	1	0	0.45783424571668796
3022	1	1	0.049791111000285646
3022	1	2	0.049800316278009724
3023	0	0	0.7331603682658154
3023	0	1	0.7102742350726079
3023	0	2	0.45434941810631335
3023	1	0	0.4293231835005307
3023	1	1	0.058071600485682245
3023	1	2	0.057732162796909806
3024	0	0	0.6221806217057462
3024	0	1	0.5718073098474249
3024	0	2	0.47651919125440767
3024	1	0	0.45575807971280174
3024	1	1	0.038174692696442955
3024	1	2	0.038107744694918746
3025	0	0	0.7109671892475351
3025	0	1	0.6748342614499181
3025	0	2	0.4404283692858927
3025	1	0	0.4900373031885127
3025	1	1	0.06481656398417203
3025	1	2	0.06481659600047268
3026	0	0	0.5841320805160027
3026	0	1	0.5776956174912213
3026	0	2	0.4007397007006313
3026	1	0	0.4753501122779437
3026	1	1	0.06361514816300719
3026	1	2	0.0674783356026924
3027	0	0	0.691151274405021
3027	0	1	0.6521121785112601
3027	0	2	0.3376244831676085
3027	1	0	0.45329059626332285
3027	1	1	0.04625346125631509
3027	1	2	0.04625397580874424
3028	0	0	0.4950985292343858
3028	0	1	0.4950985292343858
3028	0	2	0.46555917137547115
3028	1	0	0.41885484640404314
3028	1	1	0.02654364985412444
3028	1	2	0.02654353161306107
3029	0	0	0.4967930569239377
3029	0	1	0.4967930569239377
3029	0	2	0.42615830192186127
3029	1	0	0.3501368979640713
3029	1	1	0.027046616225038733
3029	1	2	0.027150759072466682
3030	0	0	0.4954639128884769
3030	0	1	0.4839218777552188
3030	0	2	0.473852740562211
3030	1	0	0.44558022367337763
3030	1	1	0.030864016147605866
3030	1	2	0.030864016144707143
3031	0	0	0.48239904741890666
3031	0	1	0.48239904741890666
3031	0	2	0.43971488774007295
3031	1	0	0.4788886906442074
3031	1	1	0.03393156000199443
3031	1	2	0.03393155999929243
3032	0	0	0.46548327424064717
3032	0	1	0.46548327424064717
3032	0	2	0.4198821746654547
3032	1	0	0.4168540178990259
3032	1	1	0.022650744939837528
3032	1	2	0.022650713230271735
3033	0	0	0.48907368352854824
3033	0	1	0.48907368352854824
3033	0	2	0.4685269705973168
3033	1	0	0.43364777747236016
3033	1	1	0.12706403207251576
3033	1	2	0.12706395517088515
3034	0	0	0.49812746539100766
3034	0	1	0.49812746539100766
3034	0	2	0.48432646631393883
3034	1	0	0.38535975526343824
3034	1	1	0.09824375891076681
3034	1	2	0.0980286809565016
3035	0	0	0.4907323767320834
3035	0	1	0.4907323767320834
3035	0	2	0.4239364866246824
3035	1	0	0.4885717542475368
3035	1	1	0.060090028030251846
3035	1	2	0.06009002802634039
3036	0	0	0.49453437825766045
3036	0	1	0.49453437825766045
3036	0	2	0.47205056102627435
3036	1	0	0.4868489989690172
3036	1	1	0.03832117230085262
3036	1	2	0.037842093026195275
3037	0	0	0.48615970843422956
3037	0	1	0.4852626437949361
3037	0	2	0.3746672464941278
3037	1	0	0.4498015313139086
3037	1	1	0.039164346918857326
3037	1	2	0.03916425926546588
3038	0	0	0.487981853446113
3038	0	1	0.487981853446113
3038	0	2	0.42821679065087975
3038	1	0	0.4743679627483434
3038	1	1	0.05110958721486636
3038	1	2	0.05110958721144826
3039	0	0	0.48962969114043015
3039	0	1	0.48962969114043015
3039	0	2	0.3809830371921224
3039	1	0	0.44287804586103535
3039	1	1	0.09285461455670585
3039	1	2	0.09285461437160582
3040	0	0	0.4885707745139916
3040	0	1	0.4885707745139916
3040	0	2	0.43146193692301016
3040	1	0	0.4115950070551521
3040	1	1	0.05579686135889797
3040	1	2	0.055796697693156413
3041	0	0	0.6124019847467379
3041	0	1	0.6103078562414641
3041	0	2	0.46604255697822344
3041	1	0	0.47476210454853324
3041	1	1	0.28693295119890777
3041	1	2	0.32544512871333786
3042	0	0	0.5787687989471894
3042	0	1	0.5440623651362962
3042	0	2	0.4451393099740111
3042	1	0	0.42518278920749225
3042	1	1	0.08460758097668737
3042	1	2	0.1159097153389418
3043	0	0	0.6914178169243399
3043	0	1	0.6909773763518938
3043	0	2	0.47847995343262584
3043	1	0	0.48656737474422634
3043	1	1	0.03620149597186886
3043	1	2	0.09542482566182323
3044	0	0	0.6748815726107196
3044	0	1	0.643572743029343
3044	0	2	0.47515669100303554
3044	1	0	0.4177786681939088
3044	1	1	0.06006284402912662
3044	1	2	0.08779911916027361
3045	0	0	0.7707991914959635
3045	0	1	0.7161523712766974
3045	0	2	0.4835709592681271
3045	1	0	0.3502739475889345
3045	1	1	0.04909636959231292
3045	1	2	0.10096592069719075
3046	0	0	0.7079363068770259
3046	0	1	0.6692858817082493
3046	0	2	0.4776966969589292
3046	1	0	0.47863209944730584
3046	1	1	0.0353893387326525
3046	1	2	0.03573311254260586
3047	0	0	0.5791127321842865
3047	0	1	0.6051956400440373
3047	0	2	0.47623777422009594
3047	1	0	0.46813364495902204
3047	1	1	0.12840266403405237
3047	1	2	0.1276832119043793
3048	0	0	0.6568789233227913
3048	0	1	0.6354213581470773
3048	0	2	0.4368726676198752
3048	1	0	0.36223593866198
3048	1	1	0.03248363150548335
3048	1	2	0.03248466961244903
3049	0	0	0.5613205537473736
3049	0	1	0.5426792157594929
3049	0	2	0.42874949587904587
3049	1	0	0.4573990126303963
3049	1	1	0.04617003886446219
3049	1	2	0.04647321879064922
3050	0	0	0.6000637613524575
3050	0	1	0.6073414342979067
3050	0	2	0.34748276459973604
3050	1	0	0.46997472447511207
3050	1	1	0.043543799029188854
3050	1	2	0.04852261547545947
3051	0	0	0.6315332600034678
3051	0	1	0.49838437153644094
3051	0	2	0.4508363366119989
3051	1	0	0.44247702720952586
3051	1	1	0.056600565310467615
3051	1	2	0.05660051734065204
3052	0	0	0.6694829886190536
3052	0	1	0.6210891679128976
3052	0	2	0.4825373628466577
3052	1	0	0.3912456321670015
3052	1	1	0.028959148394868156
3052	1	2	0.03638390075960912
3053	0	0	0.5952528491457277
3053	0	1	0.5748323506159134
3053	0	2	0.41881049509425805
3053	1	0	0.49725857103711485
3053	1	1	0.036908729427740344
3053	1	2	0.03690903404746945
3054	0	0	0.6135864798403743
3054	0	1	0.6217752684874418
3054	0	2	0.3800670464420164
3054	1	0	0.3931006653438086
3054	1	1	0.039793283963396514
3054	1	2	0.040004058174549134
3055	0	0	0.5704221416341706
3055	0	1	0.5553130799858048
3055	0	2	0.4599961682305537
3055	1	0	0.43522538630997315
3055	1	1	0.02021414195757623
3055	1	2	0.02029184634605423
3056	0	0	0.5419763691970234
3056	0	1	0.5009355554277897
3056	0	2	0.38083589065311907
3056	1	0	0.45151553472345685
3056	1	1	0.14816250143070314
3056	1	2	0.1480206881462721
3057	0	0	0.5793762264737885
3057	0	1	0.4907234448071166
3057	0	2	0.4708537463427208
3057	1	0	0.4609870812879373
3057	1	1	0.04307635853447582
3057	1	2	0.043079749573109644
3058	0	0	0.6379987717037826
3058	0	1	0.6433282419470623
3058	0	2	0.4718117520247963
3058	1	0	0.39504926279908065
3058	1	1	0.12235149413560731
3058	1	2	0.12110771457232021
3059	0	0	0.597569499541577
3059	0	1	0.5557891008671699
3059	0	2	0.48820171840902127
3059	1	0	0.46591893993623357
3059	1	1	0.1506949160607732
3059	1	2	0.15070533318228257
3060	0	0	0.5457556829558993
3060	0	1	0.5419838627772084
3060	0	2	0.4313529195667671
3060	1	0	0.42118702445330747
3060	1	1	0.03926074321170449
3060	1	2	0.03921882393711862
3061	0	0	0.5629866435998951
3061	0	1	0.5560254591583089
3061	0	2	0.46862305270842275
3061	1	0	0.48688204829059456
3061	1	1	0.023942795988374968
3061	1	2	0.023942762440529633
3062	0	0	0.5919427420411363
3062	0	1	0.5729779847918465
3062	0	2	0.4714744614063899
3062	1	0	0.45469701979332783
3062	1	1	0.049487426850582134
3062	1	2	0.049494039571530424
3063	0	0	0.5662886513456566
3063	0	1	0.5249640440026895
3063	0	2	0.4880105264423117
3063	1	0	0.4807575381519416
3063	1	1	0.11287683334658619
3063	1	2	0.11242726468325041
3064	0	0	0.5305453563286305
3064	0	1	0.5300962241340512
3064	0	2	0.4826327083448193
3064	1	0	0.48283356460478066
3064	1	1	0.041460604395277545
3064	1	2	0.04146059204520389
3065	0	0	0.6720576140958541
3065	0	1	0.6666157593465278
3065	0	2	0.4587261940075262
3065	1	0	0.4661532503572135
3065	1	1	0.04715135800531545
3065	1	2	0.047305809074724786
3066	0	0	0.5981948886429889
3066	0	1	0.5686582074930168
3066	0	2	0.4475631660872828
3066	1	0	0.41107447058766394
3066	1	1	0.10904387921908783
3066	1	2	0.109056197125978
3067	0	0	0.5136268156794029
3067	0	1	0.5006061527888916
3067	0	2	0.44910198695310466
3067	1	0	0.42439334519324334
3067	1	1	0.030083167176948228
3067	1	2	0.030047375722322703
3068	0	0	0.6225852169420962
3068	0	1	0.5463057039990404
3068	0	2	0.39552601849345387
3068	1	0	0.4415343396326563
3068	1	1	0.0758503328803696
3068	1	2	0.07574556352876637
3069	0	0	0.757891475253267
3069	0	1	0.7004916165671219
3069	0	2	0.43677840593187633
3069	1	0	0.47447053032224323
3069	1	1	0.1740068550993833
3069	1	2	0.17416881425182695
3070	0	0	0.5044247414399876
3070	0	1	0.45869181381791524
3070	0	2	0.2841248890549739
3070	1	0	0.44591095310585377
3070	1	1	0.05090644587953458
3070	1	2	0.050991438774072834
3071	0	0	0.7110739478384018
3071	0	1	0.6585635777229444
3071	0	2	0.4264762766441102
3071	1	0	0.47838139299911564
3071	1	1	0.03386178360148774
3071	1	2	0.03411777074426581
3072	0	0	0.6228975609501726
3072	0	1	0.6184136678932044
3072	0	2	0.4321738130814081
3072	1	0	0.45747550914808416
3072	1	1	0.03629141972168891
3072	1	2	0.036484494393070124
3073	0	0	0.6041419861846244
3073	0	1	0.566461284247568
3073	0	2	0.43368616087368855
3073	1	0	0.4940097650080576
3073	1	1	0.055112304863957906
3073	1	2	0.05547353137681649
3074	0	0	0.4911223102385415
3074	0	1	0.4835212732080312
3074	0	2	0.49523647553518013
3074	1	0	0.4705089878439013
3074	1	1	0.05698659078605535
3074	1	2	0.057000435981043374
3075	0	0	0.5136785129713045
3075	0	1	0.5136785128232432
3075	0	2	0.45535947278257305
3075	1	0	0.4643241475317709
3075	1	1	0.0830518177048265
3075	1	2	0.08305183331532633
3076	0	0	0.5076286056541439
3076	0	1	0.5076286145053689
3076	0	2	0.484241886755631
3076	1	0	0.4468159730722692
3076	1	1	0.026643944354235297
3076	1	2	0.026348515637600517
3077	0	0	0.6220462070773589
3077	0	1	0.6158724872562764
3077	0	2	0.490472806045494
3077	1	0	0.40200373980572984
3077	1	1	0.03103299074556666
3077	1	2	0.03247918479039209
3078	0	0	0.6305422158410952
3078	0	1	0.6055585926115343
3078	0	2	0.4763084760924309
3078	1	0	0.4383606997156025
3078	1	1	0.054510979405127585
3078	1	2	0.08202219610962883
3079	0	0	0.5861466584145368
3079	0	1	0.5242686383228452
3079	0	2	0.42004463731261715
3079	1	0	0.4747913675469248
3079	1	1	0.15957128451372
3079	1	2	0.17054514486871444
3080	0	0	0.4976939996270725
3080	0	1	0.49546311319525643
3080	0	2	0.46534052348995075
3080	1	0	0.4648165646952121
3080	1	1	0.04600074734268829
3080	1	2	0.04600066832240739
3081	0	0	0.4955983018962394
3081	0	1	0.4915329794825873
3081	0	2	0.44959742103210754
3081	1	0	0.4559210802685826
3081	1	1	0.03837959500388963
3081	1	2	0.038379523481650246
3082	0	0	0.7992189581117382
3082	0	1	0.7895883367159359
3082	0	2	0.4095655495639393
3082	1	0	0.39552680533140616
3082	1	1	0.10832261720282595
3082	1	2	0.14440000450176482
3083	0	0	0.4769636173582839
3083	0	1	0.4744541516203938
3083	0	2	0.4533654795924415
3083	1	0	0.43830900623226277
3083	1	1	0.03871030959683214
3083	1	2	0.03871030955005743
3084	0	0	0.4840293848246594
3084	0	1	0.4840293848246594
3084	0	2	0.40232466199490746
3084	1	0	0.40436667073991545
3084	1	1	0.05104774344219337
3084	1	2	0.051047738443572854
3085	0	0	0.4880912516488147
3085	0	1	0.48102268828672357
3085	0	2	0.42746082127799
3085	1	0	0.40385841616192814
3085	1	1	0.033143844906127096
3085	1	2	0.0331437591813392
3086	0	0	0.49592400149517496
3086	0	1	0.48425482445256984
3086	0	2	0.2646327627739219
3086	1	0	0.49251233580832476
3086	1	1	0.09153872682138403
3086	1	2	0.09153872663584264
3087	0	0	0.48497967590033153
3087	0	1	0.48497967590033153
3087	0	2	0.45801054221038406
3087	1	0	0.48015406870851374
3087	1	1	0.028751904003182546
3087	1	2	0.028751838235597987
3088	0	0	0.4929904061994346
3088	0	1	0.4929904061994346
3088	0	2	0.3403368281190129
3088	1	0	0.47070168669380047
3088	1	1	0.03346207150759985
3088	1	2	0.033462033768891855
3089	0	0	0.5417462461263078
3089	0	1	0.5379314128866156
3089	0	2	0.45507880264240586
3089	1	0	0.38924509331695245
3089	1	1	0.03502324044787514
3089	1	2	0.05050709343385233
3090	0	0	0.6027569937090347
3090	0	1	0.5773095928471769
3090	0	2	0.4035689697725544
3090	1	0	0.36197311866707677
3090	1	1	0.13935184242896262
3090	1	2	0.14103070621031916
3091	0	0	0.5610794468087944
3091	0	1	0.5586909258042374
3091	0	2	0.3281907506108779
3091	1	0	0.4000187427640979
3091	1	1	0.04142432223836372
3091	1	2	0.052184954022712185
3092	0	0	0.6794201700527341
3092	0	1	0.6549360526866285
3092	0	2	0.45194485034596277
3092	1	0	0.4156573697379858
3092	1	1	0.24237963960937361
3092	1	2	0.24427313740222892
3093	0	0	0.5439994347340162
3093	0	1	0.5402021330906565
3093	0	2	0.5009745716857266
3093	1	0	0.4698828142882033
3093	1	1	0.24052390785122923
3093	1	2	0.2568339950258448
3094	0	0	0.6154530947178858
3094	0	1	0.6078313010609555
3094	0	2	0.4593291172274956
3094	1	0	0.4729182602260408
3094	1	1	0.39666893574782097
3094	1	2	0.39314480133078533
3095	0	0	0.6102517317533216
3095	0	1	0.5958202731923152
3095	0	2	0.43598621950671923
3095	1	0	0.3782901995828827
3095	1	1	0.2601029103247286
3095	1	2	0.27547441634573916
3096	0	0	0.5839411929947322
3096	0	1	0.5715369836512986
3096	0	2	0.418304181276911
3096	1	0	0.44961390260462014
3096	1	1	0.2439314462121413
3096	1	2	0.24057892704477554
3097	0	0	0.6390659444362582
3097	0	1	0.5971914236487257
3097	0	2	0.4678595275400417
3097	1	0	0.42647519870942635
3097	1	1	0.24032530865900587
3097	1	2	0.239489845282713
3098	0	0	0.5458746029194929
3098	0	1	0.5154823149224015
3098	0	2	0.47175094336266266
3098	1	0	0.2754362919375247
3098	1	1	0.108663959002232
3098	1	2	0.11056754894083543
3099	0	0	0.6478165916853749
3099	0	1	0.6188339903186089
3099	0	2	0.4226377682536999
3099	1	0	0.4881629961929607
3099	1	1	0.0766656627947496
3099	1	2	0.07329896056584928
3100	0	0	0.7978508242498833
3100	0	1	0.7634278617679077
3100	0	2	0.46706880501383613
3100	1	0	0.38201450229696315
3100	1	1	0.024049129685393897
3100	1	2	0.030801372582149253
3101	0	0	0.7797063992986867
3101	0	1	0.7176036948186966
3101	0	2	0.41375071739059077
3101	1	0	0.4608767960501108
3101	1	1	0.09480802866536717
3101	1	2	0.09257384723830729
3102	0	0	0.8107511783087546
3102	0	1	0.7962423869587233
3102	0	2	0.4697972273080637
3102	1	0	0.49655942430301125
3102	1	1	0.03858028635808819
3102	1	2	0.039747417835412885
3103	0	0	0.5929821342103299
3103	0	1	0.5935940512042606
3103	0	2	0.4108984646008264
3103	1	0	0.46988999459497394
3103	1	1	0.026624802415489035
3103	1	2	0.03468276805980221
3104	0	0	0.7762158540868918
3104	0	1	0.7706721095606271
3104	0	2	0.3458912402963906
3104	1	0	0.45911485617218445
3104	1	1	0.10011014280004832
3104	1	2	0.10010595377001703
3105	0	0	0.6590766136851088
3105	0	1	0.660800545811306
3105	0	2	0.4859403488560402
3105	1	0	0.4397053933113835
3105	1	1	0.03476955876417456
3105	1	2	0.03642932128519083
3106	0	0	0.6131078634624885
3106	0	1	0.6204158311355515
3106	0	2	0.4192173929819756
3106	1	0	0.42082137853552465
3106	1	1	0.05242013900743617
3106	1	2	0.05152181103830712
3107	0	0	0.6323982541224051
3107	0	1	0.5603318271426261
3107	0	2	0.4779198747527117
3107	1	0	0.4434931331617289
3107	1	1	0.03478569708746908
3107	1	2	0.03995070875257317
3108	0	0	0.7006858321941902
3108	0	1	0.6411300011771945
3108	0	2	0.3957255333703012
3108	1	0	0.4944789415259853
3108	1	1	0.17878804046779675
3108	1	2	0.17878804078033017
3109	0	0	0.5644999112133533
3109	0	1	0.4826583835740551
3109	0	2	0.4176563096370207
3109	1	0	0.3840567372660663
3109	1	1	0.03711541313946623
3109	1	2	0.03711539970689712
3110	0	0	0.5833666870309276
3110	0	1	0.5467102517799612
3110	0	2	0.33238071600346814
3110	1	0	0.4246413087916537
3110	1	1	0.035667157446783046
3110	1	2	0.03518181224256538
3111	0	0	0.5876500811097034
3111	0	1	0.4895477390752572
3111	0	2	0.433393650668477
3111	1	0	0.4860783123784294
3111	1	1	0.047455662309575555
3111	1	2	0.047426574511997346
3112	0	0	0.6178970341671848
3112	0	1	0.5821456611117592
3112	0	2	0.41181361468320443
3112	1	0	0.279677860799543
3112	1	1	0.02929070412029372
3112	1	2	0.02930655287791295
3113	0	0	0.5393436799860759
3113	0	1	0.5277915320846791
3113	0	2	0.40623522839614834
3113	1	0	0.48050325700447527
3113	1	1	0.045104329758182335
3113	1	2	0.045104328027505025
3114	0	0	0.7133786975417928
3114	0	1	0.7037553683937894
3114	0	2	0.4479689242056806
3114	1	0	0.4538777660793229
3114	1	1	0.0645558740512323
3114	1	2	0.06455587278926968
3115	0	0	0.5711635154214089
3115	0	1	0.6052651475418712
3115	0	2	0.441251695932541
3115	1	0	0.4782115330700803
3115	1	1	0.05247424538351171
3115	1	2	0.05252652684992837
3116	0	0	0.7277526245121251
3116	0	1	0.6351701044292963
3116	0	2	0.40095410039538604
3116	1	0	0.4526899997337521
3116	1	1	0.01800881621893209
3116	1	2	0.01791956442561017
3117	0	0	0.6011406013697146
3117	0	1	0.5239287784713176
3117	0	2	0.45396849881138907
3117	1	0	0.42706198328121037
3117	1	1	0.04167521300626466
3117	1	2	0.04167047896217886
3118	0	0	0.5568742748777282
3118	0	1	0.5317265220517164
3118	0	2	0.4592647001079432
3118	1	0	0.36233296069538984
3118	1	1	0.03868765820199782
3118	1	2	0.04029104444269151
3119	0	0	0.6538485685165801
3119	0	1	0.6115797095620953
3119	0	2	0.45542728996574144
3119	1	0	0.36738435707503514
3119	1	1	0.040833507220876794
3119	1	2	0.04083731859928072
3120	0	0	0.6881810624707294
3120	0	1	0.6989722908094836
3120	0	2	0.4270293169650425
3120	1	0	0.4284028203079997
3120	1	1	0.03406838442027901
3120	1	2	0.04012992427093963
3121	0	0	0.692293963014414
3121	0	1	0.6875683743519031
3121	0	2	0.45171378846863475
3121	1	0	0.4455356800070236
3121	1	1	0.03117316530160974
3121	1	2	0.034263306455617024
3122	0	0	0.490216691341814
3122	0	1	0.490216691341814
3122	0	2	0.48875406245646036
3122	1	0	0.4727408509566936
3122	1	1	0.06822348695048923
3122	1	2	0.06822325307010677
3123	0	0	0.5920899144272431
3123	0	1	0.5391631639989583
3123	0	2	0.48182125426416533
3123	1	0	0.4150611644242492
3123	1	1	0.02972636920990733
3123	1	2	0.029441852337099478
3124	0	0	0.47995790624242707
3124	0	1	0.4830550268666629
3124	0	2	0.40719417761259397
3124	1	0	0.45027132353342
3124	1	1	0.0437198169146821
3124	1	2	0.04371976890204543
3125	0	0	0.4916939634537854
3125	0	1	0.48198653061856245
3125	0	2	0.4667007099076872
3125	1	0	0.42092578004621595
3125	1	1	0.04008236801418935
3125	1	2	0.04008229811899405
3126	0	0	0.4949317358448135
3126	0	1	0.4949317358448135
3126	0	2	0.48991997554103056
3126	1	0	0.4458200964309109
3126	1	1	0.04796070779246156
3126	1	2	0.047960707792042326
3127	0	0	0.6171366951559112
3127	0	1	0.5926448663977508
3127	0	2	0.44223892030619805
3127	1	0	0.4882404672673393
3127	1	1	0.10589228505013226
3127	1	2	0.10588908795835231
3128	0	0	0.694633982200183
3128	0	1	0.685540090769833
3128	0	2	0.4490420645259938
3128	1	0	0.3596289076932698
3128	1	1	0.06978939692848656
3128	1	2	0.06978577745397452
3129	0	0	0.4946408633289693
3129	0	1	0.46959153318382935
3129	0	2	0.43450874608790935
3129	1	0	0.3448986161880066
3129	1	1	0.03044460811344578
3129	1	2	0.030444472015155474
3130	0	0	0.4846355128937245
3130	0	1	0.4846355128937245
3130	0	2	0.3824750524913628
3130	1	0	0.3927882104591025
3130	1	1	0.02037742308131346
3130	1	2	0.020378777381845056
3131	0	0	0.6629839303533162
3131	0	1	0.6748884661892902
3131	0	2	0.42845241559382463
3131	1	0	0.44486761426377475
3131	1	1	0.3028785856620554
3131	1	2	0.3195046609583431
3132	0	0	0.5548857600033895
3132	0	1	0.5606271901878469
3132	0	2	0.36175175278022587
3132	1	0	0.46270260256772194
3132	1	1	0.25352760657649664
3132	1	2	0.2553243743762308
3133	0	0	0.6663584372268141
3133	0	1	0.6429839466314121
3133	0	2	0.4088270638739139
3133	1	0	0.49198585301858905
3133	1	1	0.23330849147914712
3133	1	2	0.23525722152587902
3134	0	0	0.5802089449495232
3134	0	1	0.5655822975814568
3134	0	2	0.4703572975885424
3134	1	0	0.44017997954407273
3134	1	1	0.44814279332896895
3134	1	2	0.46803210353566727
3135	0	0	0.6364465788053484
3135	0	1	0.5859015953788296
3135	0	2	0.4463354844573777
3135	1	0	0.47420062306329197
3135	1	1	0.4048111963246028
3135	1	2	0.40309919742794265
3136	0	0	0.5783716538714325
3136	0	1	0.5200895655527672
3136	0	2	0.4145197591582642
3136	1	0	0.44236753244755006
3136	1	1	0.22260219311050777
3136	1	2	0.22175698381195236
3137	0	0	0.6628567391061982
3137	0	1	0.6312765070075852
3137	0	2	0.3805326954616288
3137	1	0	0.45913142392140754
3137	1	1	0.2461129990320653
3137	1	2	0.24540493637913946
3138	0	0	0.6424574729602959
3138	0	1	0.6523834717751247
3138	0	2	0.41871020004793313
3138	1	0	0.35793460264905747
3138	1	1	0.08868852287747067
3138	1	2	0.08622554193465089
3139	0	0	0.5990044139339399
3139	0	1	0.5974853531792926
3139	0	2	0.4321697727418806
3139	1	0	0.45746469310249305
3139	1	1	0.05563443453033429
3139	1	2	0.05367639683813523
3140	0	0	0.6313379216419079
3140	0	1	0.6184722282361624
3140	0	2	0.3961293985437723
3140	1	0	0.38199592611187067
3140	1	1	0.03612900389885916
3140	1	2	0.037159026962146915
3141	0	0	0.6183400161374091
3141	0	1	0.5843140909770226
3141	0	2	0.3971708813898569
3141	1	0	0.4644556972527147
3141	1	1	0.03235483310990715
3141	1	2	0.035122734670371164
3142	0	0	0.4860319253176819
3142	0	1	0.4860319253176819
3142	0	2	0.4842405505091343
3142	1	0	0.4365030781673993
3142	1	1	0.1437739491738459
3142	1	2	0.14377385883323524
3143	0	0	0.4564605414167373
3143	0	1	0.4564605414167373
3143	0	2	0.4328059181053169
3143	1	0	0.4238419397742832
3143	1	1	0.09069107770927673
3143	1	2	0.09069103884030287
3144	0	0	0.49445245324056575
3144	0	1	0.49445245324056575
3144	0	2	0.49445245324056575
3144	1	0	0.4030536130034739
3144	1	1	0.06417802231292705
3144	1	2	0.06417802220537318
3145	0	0	0.4924279984387365
3145	0	1	0.4924279984387365
3145	0	2	0.4419066749475322
3145	1	0	0.4342576342178642
3145	1	1	0.028819299315654176
3145	1	2	0.02881926210031799
3146	0	0	0.6833271037795539
3146	0	1	0.6583245962506266
3146	0	2	0.4125675992768376
3146	1	0	0.37648220400928306
3146	1	1	0.1892166331235165
3146	1	2	0.19332177040711848
3147	0	0	0.646818528067318
3147	0	1	0.593932002044761
3147	0	2	0.4427739470752424
3147	1	0	0.4082108473190216
3147	1	1	0.03167361679680833
3147	1	2	0.03297360802391912
3148	0	0	0.6716954183700791
3148	0	1	0.6553452502416279
3148	0	2	0.40705429184637676
3148	1	0	0.47446337574237957
3148	1	1	0.21507565392317107
3148	1	2	0.23391775945875568
3149	0	0	0.6922569269816269
3149	0	1	0.6401308550618872
3149	0	2	0.432752834756918
3149	1	0	0.47441014619606
3149	1	1	0.037552484924851165
3149	1	2	0.03761862094127465
3150	0	0	0.6168508019173146
3150	0	1	0.6055142478247834
3150	0	2	0.4343427635298945
3150	1	0	0.4686159513193922
3150	1	1	0.055377102252570976
3150	1	2	0.05541365806079042
3151	0	0	0.6766085850907014
3151	0	1	0.6523890505994386
3151	0	2	0.4849957758741125
3151	1	0	0.4859949081924271
3151	1	1	0.07498231556518946
3151	1	2	0.07527831061331047
3152	0	0	0.7204805856231389
3152	0	1	0.6197749201266239
3152	0	2	0.4854277113375489
3152	1	0	0.4220455114473313
3152	1	1	0.04410337926324315
3152	1	2	0.04416813766492206
3153	0	0	0.7354791242629577
3153	0	1	0.6960828992194745
3153	0	2	0.4828086566316103
3153	1	0	0.4518020497942512
3153	1	1	0.10861516262509693
3153	1	2	0.10861591359765993
3154	0	0	0.7105315650014781
3154	0	1	0.7049900365277165
3154	0	2	0.439009147964474
3154	1	0	0.4675534030183664
3154	1	1	0.048037054802352847
3154	1	2	0.04803694772567464
3155	0	0	0.7183860460985931
3155	0	1	0.6481365476531473
3155	0	2	0.35482118648939065
3155	1	0	0.40369646021407973
3155	1	1	0.0365316486869008
3155	1	2	0.03653214088588232
3156	0	0	0.775629864704542
3156	0	1	0.7544618702319923
3156	0	2	0.4382642286886007
3156	1	0	0.485956146293661
3156	1	1	0.06801288067971833
3156	1	2	0.06816563700837198
3157	0	0	0.6432567696578093
3157	0	1	0.5931487100197792
3157	0	2	0.43843220584421555
3157	1	0	0.47296150222218175
3157	1	1	0.25096072797963215
3157	1	2	0.24157783655644488
3158	0	0	0.6994646035809842
3158	0	1	0.6937622271159753
3158	0	2	0.4462621395700618
3158	1	0	0.3857805880268388
3158	1	1	0.026843045135473545
3158	1	2	0.05309163515781565
3159	0	0	0.6742851572854125
3159	0	1	0.6420358262277029
3159	0	2	0.4292125347500252
3159	1	0	0.42971071410261996
3159	1	1	0.045221207679005795
3159	1	2	0.06325504383311742
3160	0	0	0.5879865118311063
3160	0	1	0.6023058995908063
3160	0	2	0.3872572404946759
3160	1	0	0.4408785447708112
3160	1	1	0.03744388896319081
3160	1	2	0.05721045931219097
3161	0	0	0.8218567285486467
3161	0	1	0.7196461241848235
3161	0	2	0.387352903539683
3161	1	0	0.4722257158234824
3161	1	1	0.05614184203585995
3161	1	2	0.07057146137270942
3162	0	0	0.6271788998504177
3162	0	1	0.6073949692552856
3162	0	2	0.28347921288500166
3162	1	0	0.4911749173361588
3162	1	1	0.05806932787293005
3162	1	2	0.07534212083216373
3163	0	0	0.6635795393611286
3163	0	1	0.62237337382207
3163	0	2	0.47779910236608136
3163	1	0	0.42681507243528083
3163	1	1	0.21919491915551817
3163	1	2	0.21757991893395964
3164	0	0	0.597201953803616
3164	0	1	0.5920886985499092
3164	0	2	0.4717459850715323
3164	1	0	0.45325671198220885
3164	1	1	0.05501160062487451
3164	1	2	0.05501386530565082
3165	0	0	0.7515086036185505
3165	0	1	0.6810473685810461
3165	0	2	0.4557581258060919
3165	1	0	0.4496665032361696
3165	1	1	0.09385104388817668
3165	1	2	0.09503222457792793
3166	0	0	0.7266981197932781
3166	0	1	0.6665616718471381
3166	0	2	0.4514641477781354
3166	1	0	0.489343324796956
3166	1	1	0.1662272001422293
3166	1	2	0.19592301849321905
3167	0	0	0.586374210455595
3167	0	1	0.5555688855364077
3167	0	2	0.4376212405263683
3167	1	0	0.36740508783424375
3167	1	1	0.03262444123357773
3167	1	2	0.032509208451628496
3168	0	0	0.6214221016775562
3168	0	1	0.6074474840256925
3168	0	2	0.4879328136025683
3168	1	0	0.38417999276512843
3168	1	1	0.03258086540718623
3168	1	2	0.032583836507947925
3169	0	0	0.5962516343348061
3169	0	1	0.5949497538367247
3169	0	2	0.2957553715750838
3169	1	0	0.46785404387839546
3169	1	1	0.051692409658453065
3169	1	2	0.05169199372268887
3170	0	0	0.71665918931868
3170	0	1	0.6640392225317205
3170	0	2	0.42466814347292425
3170	1	0	0.4845584106149658
3170	1	1	0.03684993376762871
3170	1	2	0.03685007442847284
3171	0	0	0.6573338048425615
3171	0	1	0.5726300786472818
3171	0	2	0.3693380696300982
3171	1	0	0.475203741836605
3171	1	1	0.052145582011564134
3171	1	2	0.055856940514314404
3172	0	0	0.5943205887829689
3172	0	1	0.5894573463249733
3172	0	2	0.42609332885874396
3172	1	0	0.434073933937783
3172	1	1	0.03785080926892771
3172	1	2	0.05218494963958349
3173	0	0	0.6183163612317755
3173	0	1	0.5302209296536385
3173	0	2	0.48750215658810014
3173	1	0	0.4745959740898148
3173	1	1	0.06562375473525374
3173	1	2	0.06540998060906587
3174	0	0	0.5813789995976326
3174	0	1	0.5668541747272615
3174	0	2	0.47651778141427414
3174	1	0	0.45068984530179085
3174	1	1	0.055258262988253495
3174	1	2	0.0550743644568257
3175	0	0	0.588996945280089
3175	0	1	0.6124119589792474
3175	0	2	0.4935010752782788
3175	1	0	0.48254258401565087
3175	1	1	0.030086837002567424
3175	1	2	0.031599037852123854
3176	0	0	0.5444353671359834
3176	0	1	0.503702514695054
3176	0	2	0.3925059630778668
3176	1	0	0.43472553844634226
3176	1	1	0.06765211042546189
3176	1	2	0.06766434074200445
3177	0	0	0.5019990397022616
3177	0	1	0.49442736707308654
3177	0	2	0.42040949042486997
3177	1	0	0.4737354493593302
3177	1	1	0.05122448124185154
3177	1	2	0.05124031896910096
3178	0	0	0.6420158241347134
3178	0	1	0.6312743121627102
3178	0	2	0.4403827387862641
3178	1	0	0.43521085449014285
3178	1	1	0.04870597901780273
3178	1	2	0.04870597985781348
3179	0	0	0.4936746711330879
3179	0	1	0.48535442704286036
3179	0	2	0.4761947097970137
3179	1	0	0.46802506504754865
3179	1	1	0.12623594196360965
3179	1	2	0.12623529906545247
3180	0	0	0.5564760044090872
3180	0	1	0.53327220338512
3180	0	2	0.49180944020385586
3180	1	0	0.49428242706687037
3180	1	1	0.06247194258121683
3180	1	2	0.06254867730947293
3181	0	0	0.5496003029035039
3181	0	1	0.5163562551492179
3181	0	2	0.4452214778550848
3181	1	0	0.4687019290681996
3181	1	1	0.05730478732121767
3181	1	2	0.05730535688214661
3182	0	0	0.6855022358133349
3182	0	1	0.5367677909116187
3182	0	2	0.3926679947866022
3182	1	0	0.38985356325075365
3182	1	1	0.02668168512734803
3182	1	2	0.04945981159742781
3183	0	0	0.6493520068209221
3183	0	1	0.6212364825160885
3183	0	2	0.41055213374648014
3183	1	0	0.46951495170719587
3183	1	1	0.045982179824416824
3183	1	2	0.04711237710703997
3184	0	0	0.7540881782806033
3184	0	1	0.7440186537144469
3184	0	2	0.4709027973413313
3184	1	0	0.4359078001755728
3184	1	1	0.1944074428304588
3184	1	2	0.1943937849908532
3185	0	0	0.7358939262401045
3185	0	1	0.7225023799991435
3185	0	2	0.4932787741051047
3185	1	0	0.4512652988077452
3185	1	1	0.027959125264667817
3185	1	2	0.026878542853173606
3186	0	0	0.7386320903266952
3186	0	1	0.7212076830651828
3186	0	2	0.4986441913909134
3186	1	0	0.4525621788869266
3186	1	1	0.13467088421690926
3186	1	2	0.1339684971212982
3187	0	0	0.6630555339413919
3187	0	1	0.6784717333094687
3187	0	2	0.4607878604310862
3187	1	0	0.4166727195924947
3187	1	1	0.029456202274945872
3187	1	2	0.029220465822620806
3188	0	0	0.6057355716987041
3188	0	1	0.6030798130281716
3188	0	2	0.4048525141015775
3188	1	0	0.4386460372307542
3188	1	1	0.01705040364586989
3188	1	2	0.01692784572781686
3189	0	0	0.740330289673121
3189	0	1	0.688624670509829
3189	0	2	0.4639281390825904
3189	1	0	0.38850057328659476
3189	1	1	0.028358156888878702
3189	1	2	0.028568242312608932
3190	0	0	0.7404765444927398
3190	0	1	0.5728091578175815
3190	0	2	0.48897098135413253
3190	1	0	0.4444089454826521
3190	1	1	0.030554602522956914
3190	1	2	0.030597302029392606
3191	0	0	0.604402118915462
3191	0	1	0.6201155190473688
3191	0	2	0.44151829919854013
3191	1	0	0.46036210770998537
3191	1	1	0.04668155925708996
3191	1	2	0.04668070539079207
3192	0	0	0.5512343096908167
3192	0	1	0.5495016854239336
3192	0	2	0.45358193733473207
3192	1	0	0.4864899795011744
3192	1	1	0.06237549719347879
3192	1	2	0.062375529832885176
3193	0	0	0.5540117274104672
3193	0	1	0.5412172565849116
3193	0	2	0.40833700809086404
3193	1	0	0.38579691447293335
3193	1	1	0.05572544330238893
3193	1	2	0.05540656030170933
3194	0	0	0.6270815934959804
3194	0	1	0.6143981306528834
3194	0	2	0.49243721476939273
3194	1	0	0.45390206131221245
3194	1	1	0.0374009209876682
3194	1	2	0.03740207947596012
3195	0	0	0.5805002498858531
3195	0	1	0.6023017739029337
3195	0	2	0.3532246743779581
3195	1	0	0.4151364677025881
3195	1	1	0.06564047865827165
3195	1	2	0.056041433836234736
3196	0	0	0.639620047565296
3196	0	1	0.6170210905241117
3196	0	2	0.4515620810777601
3196	1	0	0.4753449629219034
3196	1	1	0.08578194007736076
3196	1	2	0.08578174144699992
3197	0	0	0.7396935380080086
3197	0	1	0.6335551741782957
3197	0	2	0.43675676137438557
3197	1	0	0.3991739787769825
3197	1	1	0.03514500499822802
3197	1	2	0.058662880571075784
3198	0	0	0.7428260351831497
3198	0	1	0.5508267294050305
3198	0	2	0.42339316461394727
3198	1	0	0.4765337503929818
3198	1	1	0.05272054757188209
3198	1	2	0.05431074816470943
3199	0	0	0.6839937262067366
3199	0	1	0.6670272997775992
3199	0	2	0.41939735228763353
3199	1	0	0.47293802520467676
3199	1	1	0.1084945427125389
3199	1	2	0.1064196254505419
3200	0	0	0.5885116673072447
3200	0	1	0.5148807369467348
3200	0	2	0.4803640096779439
3200	1	0	0.4348882297925601
3200	1	1	0.032683879785669986
3200	1	2	0.029883430400772362
3201	0	0	0.5897939608321118
3201	0	1	0.5818774662956789
3201	0	2	0.4016936627365425
3201	1	0	0.4339577677189588
3201	1	1	0.06226339770784224
3201	1	2	0.0626210551491375
3202	0	0	0.6199800705062387
3202	0	1	0.6121620564294745
3202	0	2	0.41811466444171674
3202	1	0	0.46968057904840665
3202	1	1	0.04944581907877038
3202	1	2	0.049449345666025074
3203	0	0	0.8400356589677682
3203	0	1	0.8494149119413974
3203	0	2	0.47827393194545575
3203	1	0	0.4351870082791639
3203	1	1	0.0862715356062647
3203	1	2	0.08627156342102155
3204	0	0	0.682985157643355
3204	0	1	0.6871210148330336
3204	0	2	0.38421297726036807
3204	1	0	0.4402317630212085
3204	1	1	0.034575322363987804
3204	1	2	0.037541782384419645
3205	0	0	0.6847619737525417
3205	0	1	0.6885962160086168
3205	0	2	0.47158494512070237
3205	1	0	0.47785867384765324
3205	1	1	0.02590053813306352
3205	1	2	0.0259037292452651
3206	0	0	0.572261426997891
3206	0	1	0.5681458225219318
3206	0	2	0.43395577952031
3206	1	0	0.4584072157592516
3206	1	1	0.030811780618531376
3206	1	2	0.03391005509204642
3207	0	0	0.5938210757144273
3207	0	1	0.5855219617312073
3207	0	2	0.468020765156539
3207	1	0	0.40124823207990135
3207	1	1	0.04814422463026005
3207	1	2	0.048094023663697125
3208	0	0	0.5455765940427582
3208	0	1	0.5249997636300785
3208	0	2	0.4350128067090069
3208	1	0	0.47791912530399483
3208	1	1	0.022347178295490225
3208	1	2	0.022378353933515505
3209	0	0	0.6806877160595258
3209	0	1	0.6809444976409932
3209	0	2	0.44280410162778105
3209	1	0	0.4637331928620487
3209	1	1	0.03626517749311409
3209	1	2	0.03543222116812168
3210	0	0	0.4906166021232975
3210	0	1	0.49061660719534683
3210	0	2	0.31229775757140965
3210	1	0	0.4905618442808449
3210	1	1	0.16416126755406568
3210	1	2	0.1641612239201108
3211	0	0	0.5484640293268235
3211	0	1	0.5410313387736054
3211	0	2	0.5010161745021967
3211	1	0	0.35569027986023816
3211	1	1	0.04872745285004276
3211	1	2	0.04873392032276416
3212	0	0	0.5553320023863147
3212	0	1	0.49601135438018557
3212	0	2	0.4085908425504361
3212	1	0	0.43303412877153996
3212	1	1	0.13880302985866197
3212	1	2	0.13880301085079766
3213	0	0	0.5525451784284319
3213	0	1	0.5024593579033676
3213	0	2	0.4863802845934432
3213	1	0	0.4645318533250288
3213	1	1	0.037682697927426054
3213	1	2	0.03775564231645592
3214	0	0	0.5340445788039223
3214	0	1	0.5183042784675328
3214	0	2	0.29079257365024197
3214	1	0	0.47996696304656505
3214	1	1	0.03089949149186312
3214	1	2	0.03074443153560978
3215	0	0	0.49797552316147203
3215	0	1	0.49632953441716365
3215	0	2	0.4308814985391438
3215	1	0	0.4897821210727125
3215	1	1	0.05940968951926125
3215	1	2	0.05940849109822399
3216	0	0	0.4956934452260452
3216	0	1	0.4945911573575086
3216	0	2	0.4480764196212097
3216	1	0	0.46146388553611395
3216	1	1	0.04841704355472222
3216	1	2	0.0484181822905011
3217	0	0	0.702498059002387
3217	0	1	0.699636078214259
3217	0	2	0.45604567015406394
3217	1	0	0.4348811463030125
3217	1	1	0.09943067381828768
3217	1	2	0.10812737990045464
3218	0	0	0.6965474049643918
3218	0	1	0.6394011040724841
3218	0	2	0.4755582810017511
3218	1	0	0.44454197404971413
3218	1	1	0.064848718661747
3218	1	2	0.06488860242851015
3219	0	0	0.6165720337596304
3219	0	1	0.5826339185018596
3219	0	2	0.44994283746815394
3219	1	0	0.3834090445161526
3219	1	1	0.051583100211197316
3219	1	2	0.05186381453251998
3220	0	0	0.6907905296106979
3220	0	1	0.603175841642851
3220	0	2	0.4498229982390624
3220	1	0	0.40584505809969396
3220	1	1	0.034799364445781716
3220	1	2	0.0338738491446547
3221	0	0	0.8810764558412059
3221	0	1	0.712983003326593
3221	0	2	0.45270377299065995
3221	1	0	0.4706863509813154
3221	1	1	0.040233552432428016
3221	1	2	0.039919102540170615
3222	0	0	0.7271533814893479
3222	0	1	0.6767518714342314
3222	0	2	0.49081275664867663
3222	1	0	0.3220233309122252
3222	1	1	0.015789714741771432
3222	1	2	0.014830449002731047
3223	0	0	0.7125256686778536
3223	0	1	0.6440472587994821
3223	0	2	0.4217568017138582
3223	1	0	0.4846042683775788
3223	1	1	0.0450884385010103
3223	1	2	0.04518705965779923
3224	0	0	0.6426108351590054
3224	0	1	0.6160507267216044
3224	0	2	0.3598876422046881
3224	1	0	0.4320359291301608
3224	1	1	0.03461180803810508
3224	1	2	0.03457333603248848
3225	0	0	0.5812859235562492
3225	0	1	0.5808954182648555
3225	0	2	0.4281744194498395
3225	1	0	0.48439035139966274
3225	1	1	0.025661824317525825
3225	1	2	0.025661697529132235
3226	0	0	0.5910951241038196
3226	0	1	0.5911307905990655
3226	0	2	0.4211009520788291
3226	1	0	0.4786373939554923
3226	1	1	0.24995124709512356
3226	1	2	0.2663767199783896
3227	0	0	0.704319228956579
3227	0	1	0.6618874179029429
3227	0	2	0.4752722651047032
3227	1	0	0.48478600839866787
3227	1	1	0.07169992562614125
3227	1	2	0.07506046886546533
3228	0	0	0.7066996799746057
3228	0	1	0.711981302200573
3228	0	2	0.4632133679847683
3228	1	0	0.4552238560061474
3228	1	1	0.04258613543082146
3228	1	2	0.05068506800918107
3229	0	0	0.6437610624961487
3229	0	1	0.5951128870560387
3229	0	2	0.4954246266417234
3229	1	0	0.45628006915446445
3229	1	1	0.028733014028821863
3229	1	2	0.031088942580869777
3230	0	0	0.6729921443555209
3230	0	1	0.67250686703696
3230	0	2	0.47615718811707197
3230	1	0	0.4535869407229255
3230	1	1	0.022173562905204752
3230	1	2	0.0424346039098913
3231	0	0	0.6225459409664245
3231	0	1	0.6219062283727832
3231	0	2	0.4520281601739752
3231	1	0	0.4519378222253051
3231	1	1	0.03490644217225872
3231	1	2	0.03706110910960056
3232	0	0	0.6088963133147405
3232	0	1	0.568375139582793
3232	0	2	0.45185754863704397
3232	1	0	0.4721744306654763
3232	1	1	0.10035667132852079
3232	1	2	0.11411324623209151
3233	0	0	0.5357258839408128
3233	0	1	0.565574155098644
3233	0	2	0.4039731688561294
3233	1	0	0.4805598535966708
3233	1	1	0.06078331367503276
3233	1	2	0.06079796571518804
3234	0	0	0.6385981601792782
3234	0	1	0.5953630627236977
3234	0	2	0.4594342442227792
3234	1	0	0.49122527639598895
3234	1	1	0.06619044086510756
3234	1	2	0.06619054560825667
3235	0	0	0.6769647883818577
3235	0	1	0.6531172831434376
3235	0	2	0.4795357769651444
3235	1	0	0.33862795965741405
3235	1	1	0.030198097718245054
3235	1	2	0.02976369148495342
3236	0	0	0.5802339951637443
3236	0	1	0.5917575798440267
3236	0	2	0.47325325265398777
3236	1	0	0.38403696140408805
3236	1	1	0.023948158881546486
3236	1	2	0.023355338490926705
3237	0	0	0.6286198966987468
3237	0	1	0.6228782702763402
3237	0	2	0.47220718366320824
3237	1	0	0.45390499849905486
3237	1	1	0.04071505840115555
3237	1	2	0.04474878958071617
3238	0	0	0.5172401640175872
3238	0	1	0.5063294953429571
3238	0	2	0.40763102009159374
3238	1	0	0.359774493580926
3238	1	1	0.034710664795471524
3238	1	2	0.03489614395301256
3239	0	0	0.5350427176797778
3239	0	1	0.48238183796324857
3239	0	2	0.48423154400209834
3239	1	0	0.47525269387304697
3239	1	1	0.042473977129117824
3239	1	2	0.041735827138927775
3240	0	0	0.6315951893773869
3240	0	1	0.6226510620068972
3240	0	2	0.3770761391746988
3240	1	0	0.43605999189852335
3240	1	1	0.021760496356247314
3240	1	2	0.02221611870247102
3241	0	0	0.5105290452573693
3241	0	1	0.5015454811013692
3241	0	2	0.4735749358516323
3241	1	0	0.4026394763779583
3241	1	1	0.034349302990248326
3241	1	2	0.03434951110984523
3242	0	0	0.501522030126567
3242	0	1	0.4766919887513009
3242	0	2	0.3449235451799394
3242	1	0	0.4737867881832327
3242	1	1	0.06059474501866684
3242	1	2	0.060603644112024374
3243	0	0	0.5415129006164405
3243	0	1	0.503565786545568
3243	0	2	0.48000772656261004
3243	1	0	0.3957615475592473
3243	1	1	0.024692815316504677
3243	1	2	0.02469287798483065
3244	0	0	0.6029403651305645
3244	0	1	0.6076019208919505
3244	0	2	0.4482485839795586
3244	1	0	0.42486427307575064
3244	1	1	0.06330268007605498
3244	1	2	0.06330267052794035
3245	0	0	0.4925197101573643
3245	0	1	0.4910870890020541
3245	0	2	0.4725088921300037
3245	1	0	0.4261411093598021
3245	1	1	0.10105914681790001
3245	1	2	0.101530469546179
3246	0	0	0.5524236534678344
3246	0	1	0.49780990990213747
3246	0	2	0.40600848709805715
3246	1	0	0.4335701300413159
3246	1	1	0.028277379052164348
3246	1	2	0.029746289640772958
3247	0	0	0.5531029439155306
3247	0	1	0.5590065538604506
3247	0	2	0.40287909088095375
3247	1	0	0.48385663062665724
3247	1	1	0.18883993965704737
3247	1	2	0.18883993392624548
3248	0	0	0.6815192582982117
3248	0	1	0.6997016689466354
3248	0	2	0.40741289257011887
3248	1	0	0.44261030577024363
3248	1	1	0.0849088112528842
3248	1	2	0.08490866435632691
3249	0	0	0.6843632751951929
3249	0	1	0.6993868974847242
3249	0	2	0.46019967537050926
3249	1	0	0.294979796636143
3249	1	1	0.03423192797641002
3249	1	2	0.03566518067722928
3250	0	0	0.6642350619067832
3250	0	1	0.637397697306777
3250	0	2	0.47155848825727575
3250	1	0	0.34532736171373457
3250	1	1	0.07853715713339209
3250	1	2	0.07852607632505189
3251	0	0	0.48818891584441537
3251	0	1	0.4868517788907208
3251	0	2	0.45999892971271605
3251	1	0	0.4800106505998849
3251	1	1	0.041390942524205415
3251	1	2	0.04139091269311672
3252	0	0	0.5420454130378515
3252	0	1	0.5242768731041646
3252	0	2	0.4615721083573595
3252	1	0	0.4510905891633412
3252	1	1	0.039223199426495256
3252	1	2	0.03926237034240229
3253	0	0	0.5018393336310393
3253	0	1	0.4802544604296211
3253	0	2	0.40476183379028197
3253	1	0	0.4810951103565198
3253	1	1	0.06845780649880699
3253	1	2	0.06845843823444192
3254	0	0	0.5833794871366036
3254	0	1	0.567672899049599
3254	0	2	0.4062626874040651
3254	1	0	0.48952001794278865
3254	1	1	0.0440567345077125
3254	1	2	0.044047555570055213
3255	0	0	0.6404949446358079
3255	0	1	0.5582352630318288
3255	0	2	0.4893247045850032
3255	1	0	0.4888304357641894
3255	1	1	0.06436420452007206
3255	1	2	0.06432093297667395
3256	0	0	0.6336195117372494
3256	0	1	0.6077442811176572
3256	0	2	0.42988529684995086
3256	1	0	0.4889598625001576
3256	1	1	0.09419584923797743
3256	1	2	0.09419598303675594
3257	0	0	0.6411117948202345
3257	0	1	0.6334116191934588
3257	0	2	0.4107379454990898
3257	1	0	0.4772781530492107
3257	1	1	0.04823081286043837
3257	1	2	0.04825170610365148
3258	0	0	0.6588064585431699
3258	0	1	0.6400363368415816
3258	0	2	0.3771394015659536
3258	1	0	0.4729318826221256
3258	1	1	0.058466845358457864
3258	1	2	0.05844427718541394
3259	0	0	0.6192775263652788
3259	0	1	0.6179188164880937
3259	0	2	0.3453214082389269
3259	1	0	0.42056529176802504
3259	1	1	0.047988127504955375
3259	1	2	0.04551890550567192
3260	0	0	0.5578287261302033
3260	0	1	0.5388825944641115
3260	0	2	0.48548542013730867
3260	1	0	0.43627718594655823
3260	1	1	0.03264743923755181
3260	1	2	0.03239405970158414
3261	0	0	0.547780758179871
3261	0	1	0.5252680902640416
3261	0	2	0.32735797290358193
3261	1	0	0.3707828900721651
3261	1	1	0.08162610266487096
3261	1	2	0.08152669455273556
3262	0	0	0.6297686041519761
3262	0	1	0.5924158964171504
3262	0	2	0.46876333302850015
3262	1	0	0.47745686846941193
3262	1	1	0.07074819895376182
3262	1	2	0.07045285064641099
3263	0	0	0.6880479772208482
3263	0	1	0.6930383193071383
3263	0	2	0.45016530424051515
3263	1	0	0.4570180738246697
3263	1	1	0.03659822880013859
3263	1	2	0.03654548439019498
3264	0	0	0.5449413414155235
3264	0	1	0.5611203706436488
3264	0	2	0.42895115448847476
3264	1	0	0.4851080857450196
3264	1	1	0.16288489948588697
3264	1	2	0.16315463061001295
3265	0	0	0.6029484465286046
3265	0	1	0.6028067723774735
3265	0	2	0.4898815619117386
3265	1	0	0.48316683738357447
3265	1	1	0.04153691416580821
3265	1	2	0.041536914089820534
3266	0	0	0.612510840352567
3266	0	1	0.5749890563861009
3266	0	2	0.44653044115432605
3266	1	0	0.43700657402224574
3266	1	1	0.03444584935077821
3266	1	2	0.034445849349333535
3267	0	0	0.660353042943452
3267	0	1	0.6528396031484582
3267	0	2	0.3599503658818445
3267	1	0	0.48358237646113217
3267	1	1	0.06767871519170063
3267	1	2	0.0676887944866904
3268	0	0	0.6288057708880463
3268	0	1	0.6064392926054053
3268	0	2	0.4128549141405149
3268	1	0	0.43875163231573167
3268	1	1	0.03234069617135464
3268	1	2	0.03234085570851622
3269	0	0	0.48901296835405295
3269	0	1	0.4834749652369288
3269	0	2	0.4633539610829682
3269	1	0	0.3973145360617317
3269	1	1	0.036970812002619216
3269	1	2	0.036965989068160926
3270	0	0	0.6167704685467844
3270	0	1	0.5960194936849821
3270	0	2	0.45057305052092367
3270	1	0	0.4902884819648565
3270	1	1	0.10933008387229234
3270	1	2	0.10965882756427842
3271	0	0	0.5981713649053706
3271	0	1	0.6252095632714196
3271	0	2	0.4341236966501961
3271	1	0	0.3624049412756888
3271	1	1	0.046307291964491196
3271	1	2	0.04632412664218327
3272	0	0	0.5391230450544963
3272	0	1	0.5394110807760933
3272	0	2	0.4310040576465734
3272	1	0	0.47971988260449805
3272	1	1	0.04263035506394533
3272	1	2	0.04263504743815266
3273	0	0	0.5338481287312122
3273	0	1	0.5459221274212952
3273	0	2	0.47488592253530015
3273	1	0	0.4726373681741364
3273	1	1	0.03803063623503587
3273	1	2	0.038012225746537134
3274	0	0	0.4999710920321415
3274	0	1	0.49889045617578576
3274	0	2	0.4922432292614993
3274	1	0	0.4680343837459714
3274	1	1	0.06278687922395225
3274	1	2	0.06283174387037965
3275	0	0	0.5553166493713568
3275	0	1	0.5436131626870031
3275	0	2	0.4335331657334569
3275	1	0	0.45609462974465226
3275	1	1	0.1275509751294965
3275	1	2	0.12755097489344233
3276	0	0	0.498919257026992
3276	0	1	0.5032501245872212
3276	0	2	0.4617228089169031
3276	1	0	0.371392181912525
3276	1	1	0.033302391115121927
3276	1	2	0.03338033610821865
3277	0	0	0.5244217269666749
3277	0	1	0.5470199028083573
3277	0	2	0.46051392038318
3277	1	0	0.44005021542892453
3277	1	1	0.03327185279755361
3277	1	2	0.03325915328981428
3278	0	0	0.8074290755581487
3278	0	1	0.7274382186776802
3278	0	2	0.42146060711801214
3278	1	0	0.45814116271112176
3278	1	1	0.028221329198042794
3278	1	2	0.028231027708786896
3279	0	0	0.48273012755306044
3279	0	1	0.48188425572868626
3279	0	2	0.4498292683249758
3279	1	0	0.48171186631966034
3279	1	1	0.03745870600743362
3279	1	2	0.037458806940994016
3280	0	0	0.5263029374728259
3280	0	1	0.5198010727175801
3280	0	2	0.34740409374678183
3280	1	0	0.4615174601796513
3280	1	1	0.04104368989017436
3280	1	2	0.0410718250667125
3281	0	0	0.6083160479529747
3281	0	1	0.5961086680028296
3281	0	2	0.36352685761042963
3281	1	0	0.4642405268981198
3281	1	1	0.06480159958638344
3281	1	2	0.06480225601553664
3282	0	0	0.6573776872475703
3282	0	1	0.6399733228452971
3282	0	2	0.46802851052818895
3282	1	0	0.4793634273244042
3282	1	1	0.06294804465948338
3282	1	2	0.04784588371050198
3283	0	0	0.6302358374299886
3283	0	1	0.5843580421868708
3283	0	2	0.45710581545480167
3283	1	0	0.4614841062521788
3283	1	1	0.03248904464859008
3283	1	2	0.049171727255523476
3284	0	0	0.6495259339596426
3284	0	1	0.6411367248974076
3284	0	2	0.4594483224164424
3284	1	0	0.46387847232263035
3284	1	1	0.03463424186889377
3284	1	2	0.03673619922756631
3285	0	0	0.7212457771552526
3285	0	1	0.7169798568746736
3285	0	2	0.4114360150703066
3285	1	0	0.46556186214805645
3285	1	1	0.03946930455374946
3285	1	2	0.04155981185798892
3286	0	0	0.6823487940808817
3286	0	1	0.6692634583487094
3286	0	2	0.4229462764690891
3286	1	0	0.4686485745133078
3286	1	1	0.07280657284349337
3286	1	2	0.07439574564751641
3287	0	0	0.7272325605371083
3287	0	1	0.7269548100183886
3287	0	2	0.4020814900910019
3287	1	0	0.4551582989496537
3287	1	1	0.03782830541210365
3287	1	2	0.03739280323550741
3288	0	0	0.5990023866933849
3288	0	1	0.5764531597729954
3288	0	2	0.4757783183661969
3288	1	0	0.4680567283111717
3288	1	1	0.03642868125203609
3288	1	2	0.036593463793836364
3289	0	0	0.6788864552484867
3289	0	1	0.6508602694386159
3289	0	2	0.4858385703753355
3289	1	0	0.4470551809911614
3289	1	1	0.07324663296701911
3289	1	2	0.07180220316861287
3290	0	0	0.64428704841986
3290	0	1	0.5904673178024137
3290	0	2	0.3353965217769474
3290	1	0	0.4465272875226897
3290	1	1	0.08122732268963244
3290	1	2	0.08122732097959427
3291	0	0	0.8055495371060084
3291	0	1	0.7884603077837792
3291	0	2	0.380458354935686
3291	1	0	0.4086288127432799
3291	1	1	0.041876845063006304
3291	1	2	0.04187178749700858
3292	0	0	0.7080284212671801
3292	0	1	0.6568390168690493
3292	0	2	0.4257104166278711
3292	1	0	0.4785976464257808
3292	1	1	0.05656491817961254
3292	1	2	0.05727147443748393
3293	0	0	0.6843518123307591
3293	0	1	0.6290623150093051
3293	0	2	0.48437538962303595
3293	1	0	0.4224614732353588
3293	1	1	0.09241643779805582
3293	1	2	0.10162358525438489
3294	0	0	0.619317058975607
3294	0	1	0.5917311584273238
3294	0	2	0.4390959501286881
3294	1	0	0.3951540188887436
3294	1	1	0.049300949677021574
3294	1	2	0.05229302382617061
3295	0	0	0.5012557374054154
3295	0	1	0.5021633321254152
3295	0	2	0.49805807173681826
3295	1	0	0.49795646433796636
3295	1	1	0.04270877299868221
3295	1	2	0.042708775406808355
3296	0	0	0.6053698913864571
3296	0	1	0.5812381132087916
3296	0	2	0.4213428470954983
3296	1	0	0.48744673190756616
3296	1	1	0.024966305211490902
3296	1	2	0.02523112694083919
3297	0	0	0.7014130002974914
3297	0	1	0.70130425860717
3297	0	2	0.47093273018611137
3297	1	0	0.45282162049913677
3297	1	1	0.029114713045502144
3297	1	2	0.028795599441538977
3298	0	0	0.7446802387655451
3298	0	1	0.7618334359737906
3298	0	2	0.4830527048744985
3298	1	0	0.37577008404815837
3298	1	1	0.023409033751289207
3298	1	2	0.023614030474267342
3299	0	0	0.6170718744684695
3299	0	1	0.6183105183754736
3299	0	2	0.482904135845411
3299	1	0	0.4169223001400127
3299	1	1	0.018569470681465902
3299	1	2	0.01847527900689823
3300	0	0	0.6119791627054697
3300	0	1	0.6097017809276765
3300	0	2	0.4736927170574158
3300	1	0	0.48717523079628944
3300	1	1	0.06553169449644669
3300	1	2	0.06553154102230732
3301	0	0	0.5175370712841469
3301	0	1	0.5173969765070345
3301	0	2	0.48499115066683596
3301	1	0	0.31575429822562445
3301	1	1	0.35498379947358594
3301	1	2	0.34988033526923207
3302	0	0	0.5641423294138138
3302	0	1	0.4588819920346403
3302	0	2	0.3980023197638278
3302	1	0	0.4354665486395443
3302	1	1	0.03254070464996543
3302	1	2	0.032540704643809995
3303	0	0	0.5566757595847796
3303	0	1	0.5052811796656524
3303	0	2	0.48501260346854697
3303	1	0	0.4428154732874512
3303	1	1	0.03127808324690469
3303	1	2	0.0312808320700186
3304	0	0	0.5632251438676856
3304	0	1	0.5412929860512439
3304	0	2	0.4452403591963775
3304	1	0	0.43879007742056947
3304	1	1	0.04638713883197869
3304	1	2	0.046387134574052816
3305	0	0	0.5629365747998818
3305	0	1	0.5515058992677668
3305	0	2	0.4785188602865251
3305	1	0	0.46676685213560326
3305	1	1	0.030735457171418457
3305	1	2	0.031005898648509125
3306	0	0	0.6953733450791644
3306	0	1	0.7329501179267506
3306	0	2	0.43855003114746915
3306	1	0	0.4609211851610294
3306	1	1	0.0413510412933393
3306	1	2	0.04865205992744803
3307	0	0	0.6349591907351664
3307	0	1	0.6391653124857343
3307	0	2	0.4858483908003901
3307	1	0	0.47040407777256427
3307	1	1	0.09943406391521344
3307	1	2	0.10267237936322238
3308	0	0	0.5491721718935209
3308	0	1	0.533217340690913
3308	0	2	0.3757229730325374
3308	1	0	0.45284809801413567
3308	1	1	0.06888380246053853
3308	1	2	0.07092280648181055
3309	0	0	0.5519403357309091
3309	0	1	0.5380830409643441
3309	0	2	0.3912288428067893
3309	1	0	0.41280665721926163
3309	1	1	0.03234359951314769
3309	1	2	0.032459697806077145
3310	0	0	0.6087657533382966
3310	0	1	0.4895276443930705
3310	0	2	0.45594971515966065
3310	1	0	0.4565986118902773
3310	1	1	0.025996967830757292
3310	1	2	0.02594460806415995
3311	0	0	0.5409934261827333
3311	0	1	0.5299501841676724
3311	0	2	0.43107383290022905
3311	1	0	0.47142913493643773
3311	1	1	0.04106079486493304
3311	1	2	0.0410561208555382
3312	0	0	0.5784099814595466
3312	0	1	0.6101973082395971
3312	0	2	0.4390926049059568
3312	1	0	0.4605356708384623
3312	1	1	0.042279794711706994
3312	1	2	0.04227834554123894
3313	0	0	0.5822125692260165
3313	0	1	0.4882186610514183
3313	0	2	0.3963078575619758
3313	1	0	0.4258361653769908
3313	1	1	0.026704821256056083
3313	1	2	0.026734482793594055
3314	0	0	0.5715380464937871
3314	0	1	0.5565148750196353
3314	0	2	0.2771573183216088
3314	1	0	0.414391807801941
3314	1	1	0.04361381152723916
3314	1	2	0.04373874198266951
3315	0	0	0.529540267693341
3315	0	1	0.5265808492762628
3315	0	2	0.3576892501398855
3315	1	0	0.45904359637925346
3315	1	1	0.053026050665115204
3315	1	2	0.05297644088229288
3316	0	0	0.699968938851075
3316	0	1	0.6514951814125105
3316	0	2	0.41950999178021164
3316	1	0	0.47293762004190626
3316	1	1	0.050824982097583224
3316	1	2	0.058853319259015976
3317	0	0	0.6571224725301599
3317	0	1	0.6196022626229524
3317	0	2	0.40539277476328467
3317	1	0	0.42737388971808027
3317	1	1	0.033303007758610614
3317	1	2	0.03512721586601801
3318	0	0	0.5450785484418342
3318	0	1	0.5066570797833609
3318	0	2	0.34169060288617276
3318	1	0	0.44460937531452904
3318	1	1	0.06277599900388899
3318	1	2	0.06295793664135255
3319	0	0	0.6401473410600109
3319	0	1	0.5517391409836767
3319	0	2	0.4739970861780386
3319	1	0	0.3945536028641322
3319	1	1	0.06428529309124183
3319	1	2	0.0641351771994484
3320	0	0	0.7153013229921873
3320	0	1	0.6900701238201011
3320	0	2	0.4294650366421917
3320	1	0	0.47128859307664983
3320	1	1	0.025572784735467508
3320	1	2	0.025464503062408148
3321	0	0	0.5360368455233345
3321	0	1	0.5362754240797563
3321	0	2	0.4511804196744542
3321	1	0	0.3928289107127504
3321	1	1	0.05139645143359761
3321	1	2	0.05170149316476104
3322	0	0	0.6082348536248183
3322	0	1	0.6004881466478277
3322	0	2	0.2992453465425793
3322	1	0	0.4804958255998887
3322	1	1	0.06300884277397083
3322	1	2	0.06301015508956223
3323	0	0	0.5770654271895556
3323	0	1	0.5799771338291455
3323	0	2	0.4472001564149455
3323	1	0	0.45258410092512896
3323	1	1	0.07903203825255918
3323	1	2	0.07904728931267588
3324	0	0	0.6060461344329969
3324	0	1	0.6035131657779875
3324	0	2	0.4645139493561302
3324	1	0	0.44668423406001856
3324	1	1	0.02848420238130492
3324	1	2	0.028563117239736632
3325	0	0	0.7594205170856496
3325	0	1	0.5715931621073476
3325	0	2	0.41025119162412205
3325	1	0	0.45468927282872185
3325	1	1	0.042455459064456705
3325	1	2	0.04252251002137496
3326	0	0	0.5132196291213242
3326	0	1	0.5135205149104383
3326	0	2	0.42150118991029556
3326	1	0	0.39365866132981336
3326	1	1	0.05574636941026473
3326	1	2	0.05574636874573165
3327	0	0	0.5945936992271466
3327	0	1	0.5933773499171945
3327	0	2	0.47842662617312187
3327	1	0	0.4593739433236981
3327	1	1	0.07265095547818468
3327	1	2	0.0726509499044625
3328	0	0	0.48683662062077926
3328	0	1	0.4868366205182211
3328	0	2	0.4869166759267738
3328	1	0	0.4555311168594981
3328	1	1	0.032843406859052876
3328	1	2	0.032858690596524215
3329	0	0	0.5530040136167274
3329	0	1	0.5619478075388523
3329	0	2	0.39729455382854184
3329	1	0	0.4839956558757993
3329	1	1	0.03221898660045813
3329	1	2	0.03225845349554364
3330	0	0	0.6470328853427008
3330	0	1	0.6751016395539826
3330	0	2	0.42460175157967506
3330	1	0	0.4659134817681525
3330	1	1	0.12777462394752093
3330	1	2	0.12758381148763975
3331	0	0	0.49669961725151807
3331	0	1	0.4888813039351806
3331	0	2	0.46418007400512507
3331	1	0	0.4332843063914229
3331	1	1	0.02684348178115588
3331	1	2	0.026477526642899776
3332	0	0	0.5070588026443674
3332	0	1	0.5070588026799545
3332	0	2	0.48306299463477864
3332	1	0	0.4224783428181599
3332	1	1	0.03341465502506302
3332	1	2	0.03345972409162523
3333	0	0	0.7202017039551744
3333	0	1	0.6549070547476712
3333	0	2	0.4210213663341258
3333	1	0	0.43108583859064864
3333	1	1	0.10179201467550378
3333	1	2	0.10179201447102586
3334	0	0	0.6140702226431185
3334	0	1	0.5746707936670996
3334	0	2	0.4552733067403565
3334	1	0	0.4948616627922437
3334	1	1	0.08960443339174168
3334	1	2	0.08950658764024935
3335	0	0	0.6004137408103432
3335	0	1	0.6092199029634142
3335	0	2	0.4993486744233898
3335	1	0	0.4513130572840704
3335	1	1	0.04278639713733594
3335	1	2	0.04282122109542322
3336	0	0	0.5007838440142678
3336	0	1	0.49074245762097185
3336	0	2	0.48216321967407705
3336	1	0	0.4323411198975874
3336	1	1	0.02627360537340917
3336	1	2	0.026731363422594245
3337	0	0	0.4765293804821158
3337	0	1	0.4678080182736818
3337	0	2	0.42081477662626865
3337	1	0	0.45519598627105506
3337	1	1	0.039531827271922976
3337	1	2	0.03953183694996683
3338	0	0	0.6093079593262232
3338	0	1	0.6032709029099074
3338	0	2	0.40528157636660617
3338	1	0	0.40360486509380294
3338	1	1	0.03491557613445591
3338	1	2	0.04245759835208476
3339	0	0	0.7088484406212407
3339	0	1	0.5879535594759231
3339	0	2	0.45287841132857753
3339	1	0	0.4405832925717211
3339	1	1	0.030066468804772595
3339	1	2	0.03007403249786547
3340	0	0	0.6940824525882356
3340	0	1	0.6377968041289841
3340	0	2	0.4718649209229996
3340	1	0	0.4114960642068714
3340	1	1	0.028696445602265377
3340	1	2	0.02857990940715191
3341	0	0	0.6513166025563009
3341	0	1	0.6536202086922984
3341	0	2	0.4801017038911396
3341	1	0	0.49062456394742615
3341	1	1	0.06547168465569515
3341	1	2	0.06543814447939347
3342	0	0	0.7069281682271832
3342	0	1	0.7077936299177121
3342	0	2	0.38377885768895337
3342	1	0	0.44132414208992676
3342	1	1	0.01464084023442809
3342	1	2	0.014282139502217808
3343	0	0	0.6160287269122222
3343	0	1	0.5563062702031409
3343	0	2	0.48433970765072065
3343	1	0	0.4241283179787409
3343	1	1	0.025281547528155618
3343	1	2	0.025285554165134297
3344	0	0	0.6167560523534837
3344	0	1	0.6414801632925657
3344	0	2	0.39176374365584576
3344	1	0	0.438452779655204
3344	1	1	0.04479665604300198
3344	1	2	0.04479374726749952
3345	0	0	0.6517944983383008
3345	0	1	0.6145276375269751
3345	0	2	0.4582028825435961
3345	1	0	0.42017542125724133
3345	1	1	0.03692819296316298
3345	1	2	0.036927883494366195
3346	0	0	0.6091132938714017
3346	0	1	0.5835911587964374
3346	0	2	0.43255134284102503
3346	1	0	0.48716668377452027
3346	1	1	0.034421212008949764
3346	1	2	0.034567269049844654
3347	0	0	0.6357253943140564
3347	0	1	0.6358916286431988
3347	0	2	0.41789553757281206
3347	1	0	0.4839330430766564
3347	1	1	0.06480403216616938
3347	1	2	0.06480403305980598
3348	0	0	0.6087142928308213
3348	0	1	0.6070610523117395
3348	0	2	0.46764330463800774
3348	1	0	0.36460900217268305
3348	1	1	0.03637721066475515
3348	1	2	0.03638231692827246
3349	0	0	0.6539312001349518
3349	0	1	0.6387795910885206
3349	0	2	0.4873004395939595
3349	1	0	0.48704041075186916
3349	1	1	0.04123032414273481
3349	1	2	0.04124531880740506
3350	0	0	0.5752534195089114
3350	0	1	0.5645937610916802
3350	0	2	0.43995429808511416
3350	1	0	0.4592968416727219
3350	1	1	0.050920464975314675
3350	1	2	0.05106395055705615
3351	0	0	0.6227227646398521
3351	0	1	0.5257958257694213
3351	0	2	0.4773685242157065
3351	1	0	0.4656770799393211
3351	1	1	0.044926760835498666
3351	1	2	0.044926761798150514
3352	0	0	0.6282672588240352
3352	0	1	0.5421849168323893
3352	0	2	0.3356145880592974
3352	1	0	0.48476044252605766
3352	1	1	0.0410686768243743
3352	1	2	0.040683367315033594
3353	0	0	0.6354901201673074
3353	0	1	0.6200178402880715
3353	0	2	0.4295747157115243
3353	1	0	0.45475131331285423
3353	1	1	0.04162953609981718
3353	1	2	0.04094833878155432
3354	0	0	0.6010649949358364
3354	0	1	0.5798306915918887
3354	0	2	0.4353663018594107
3354	1	0	0.47303303675230274
3354	1	1	0.03305134127110107
3354	1	2	0.0325468059173213
3355	0	0	0.6537425514084365
3355	0	1	0.6522785711587566
3355	0	2	0.4511883810018492
3355	1	0	0.46558466944619065
3355	1	1	0.03389599820028716
3355	1	2	0.03455174481332188
3356	0	0	0.6406426511976248
3356	0	1	0.555421379046232
3356	0	2	0.475943731136355
3356	1	0	0.4611995479087142
3356	1	1	0.11511906779218488
3356	1	2	0.11511890082056216
3357	0	0	0.6455841039823377
3357	0	1	0.6128001735219275
3357	0	2	0.42784263007387296
3357	1	0	0.48281330706231557
3357	1	1	0.02971573660855298
3357	1	2	0.029303196007498214
3358	0	0	0.690244325229151
3358	0	1	0.6887973359166757
3358	0	2	0.39453827147603093
3358	1	0	0.421227409004272
3358	1	1	0.0354502131434422
3358	1	2	0.0352965200042802
3359	0	0	0.585474174074589
3359	0	1	0.6063427829369208
3359	0	2	0.3937690731707393
3359	1	0	0.44945481408696364
3359	1	1	0.03626969642953616
3359	1	2	0.038564293345037484
3360	0	0	0.604018515174316
3360	0	1	0.5712417130591875
3360	0	2	0.46900101802277305
3360	1	0	0.4838682892932889
3360	1	1	0.06031358080943501
3360	1	2	0.0608858120696254
3361	0	0	0.6893425322793205
3361	0	1	0.6992666275432541
3361	0	2	0.3882198014920191
3361	1	0	0.45278901206132177
3361	1	1	0.03510521835577214
3361	1	2	0.034998748041376634
3362	0	0	0.575744266016151
3362	0	1	0.552488476210349
3362	0	2	0.44265408301407394
3362	1	0	0.411585506749703
3362	1	1	0.020396102076576092
3362	1	2	0.02156924813920598
3363	0	0	0.5680254612873727
3363	0	1	0.5663137140360954
3363	0	2	0.43129345142048486
3363	1	0	0.46344748993284357
3363	1	1	0.04223523750978746
3363	1	2	0.04235534288831559
3364	0	0	0.6410534012460682
3364	0	1	0.6052901282104955
3364	0	2	0.41395897135094395
3364	1	0	0.45334954050654486
3364	1	1	0.04729933066346205
3364	1	2	0.046844838573831135
3365	0	0	0.7170908003536853
3365	0	1	0.7042971931122375
3365	0	2	0.40414668542280063
3365	1	0	0.48889251978850645
3365	1	1	0.031115846085120885
3365	1	2	0.03327828746311466
3366	0	0	0.7380416873213798
3366	0	1	0.7096137614353166
3366	0	2	0.43986104965015344
3366	1	0	0.4848040485466897
3366	1	1	0.07051675215715697
3366	1	2	0.06879715686773041
3367	0	0	0.6090522618396357
3367	0	1	0.551370496324563
3367	0	2	0.49941103776997786
3367	1	0	0.4610011233480284
3367	1	1	0.071995634950293
3367	1	2	0.07202288457784577
3368	0	0	0.5547400778688727
3368	0	1	0.5420559648734167
3368	0	2	0.3993483892744002
3368	1	0	0.456360416864464
3368	1	1	0.01768622614488008
3368	1	2	0.01779053285958279
3369	0	0	0.4906202600697134
3369	0	1	0.47362721487609494
3369	0	2	0.4643838518815224
3369	1	0	0.3951271600874753
3369	1	1	0.02883890307147896
3369	1	2	0.0288354851238726
3370	0	0	0.5032528769535833
3370	0	1	0.49856424771876773
3370	0	2	0.45596767998518917
3370	1	0	0.4369275870558124
3370	1	1	0.05928665858785706
3370	1	2	0.0592840724979949
3371	0	0	0.5257642805344569
3371	0	1	0.5101416519113842
3371	0	2	0.4331222389292174
3371	1	0	0.39949205219629813
3371	1	1	0.1298325985448543
3371	1	2	0.1298325964696002
3372	0	0	0.5571638407616109
3372	0	1	0.5249896489491558
3372	0	2	0.44939638016722405
3372	1	0	0.3804189611359884
3372	1	1	0.02884570872639114
3372	1	2	0.028844444089364887
3373	0	0	0.6022847481822498
3373	0	1	0.5604301430913723
3373	0	2	0.4460447351375806
3373	1	0	0.4071796264381964
3373	1	1	0.11954797886916156
3373	1	2	0.11954797044039535
3374	0	0	0.5360358439275714
3374	0	1	0.5357288471644428
3374	0	2	0.4369435055056541
3374	1	0	0.3752650586867508
3374	1	1	0.04185104874938024
3374	1	2	0.041886344618104615
3375	0	0	0.6901389253792979
3375	0	1	0.6202601647346043
3375	0	2	0.4700013128136673
3375	1	0	0.4840710673463414
3375	1	1	0.04165907843796596
3375	1	2	0.04162259289645101
3376	0	0	0.6352583814007129
3376	0	1	0.587530827886967
3376	0	2	0.44745635261232947
3376	1	0	0.4570815712976966
3376	1	1	0.045287972517917455
3376	1	2	0.045295224025616865
3377	0	0	0.734947697528173
3377	0	1	0.7459741153164239
3377	0	2	0.4395867570263683
3377	1	0	0.48166063474632853
3377	1	1	0.024260349019410793
3377	1	2	0.024260415807893704
3378	0	0	0.5240072226576742
3378	0	1	0.502647591494204
3378	0	2	0.4700350630121529
3378	1	0	0.4380866222951249
3378	1	1	0.05472269594771913
3378	1	2	0.054722353216628064
3379	0	0	0.5324673613578762
3379	0	1	0.5304270827808324
3379	0	2	0.37163902018452655
3379	1	0	0.4362019564014389
3379	1	1	0.02931165373297165
3379	1	2	0.02938291975560392
3380	0	0	0.49825270707952335
3380	0	1	0.4877143009736957
3380	0	2	0.4804221114777443
3380	1	0	0.4673096009220314
3380	1	1	0.10372980115890355
3380	1	2	0.10372980084703226
3381	0	0	0.5553329260293091
3381	0	1	0.5413762893416618
3381	0	2	0.4135635336869393
3381	1	0	0.46139905718511204
3381	1	1	0.038781738480073616
3381	1	2	0.03878255200874704
3382	0	0	0.5144412257486926
3382	0	1	0.5104649895844272
3382	0	2	0.4498170594531705
3382	1	0	0.45916085594246875
3382	1	1	0.11776569078764972
3382	1	2	0.11778316522841689
3383	0	0	0.5593635555461429
3383	0	1	0.5594573028774079
3383	0	2	0.4748404683773375
3383	1	0	0.49007409981727396
3383	1	1	0.04625684940130603
3383	1	2	0.046299551229965555
3384	0	0	0.5388961179968136
3384	0	1	0.5388812181756648
3384	0	2	0.4398521109327321
3384	1	0	0.4470635329392611
3384	1	1	0.16984395134846636
3384	1	2	0.16987896021158783
3385	0	0	0.518275941558078
3385	0	1	0.5367620789288396
3385	0	2	0.41855966156624325
3385	1	0	0.36702540710768977
3385	1	1	0.14385781580319884
3385	1	2	0.14381898449406336
3386	0	0	0.5613946303534086
3386	0	1	0.5545658095070052
3386	0	2	0.47320001232208186
3386	1	0	0.44990053555485554
3386	1	1	0.044263816700310876
3386	1	2	0.04426730964403003
3387	0	0	0.6241070618492406
3387	0	1	0.5922189024011617
3387	0	2	0.4612038304204697
3387	1	0	0.4823846409010761
3387	1	1	0.4253747974655532
3387	1	2	0.4524222667180716
3388	0	0	0.5500775841786056
3388	0	1	0.5684557312691687
3388	0	2	0.4463974141294545
3388	1	0	0.3649830770031234
3388	1	1	0.07730359395303887
3388	1	2	0.0773121204161236
3389	0	0	0.5263081974399957
3389	0	1	0.5110224282194686
3389	0	2	0.36670585571956943
3389	1	0	0.42446846712595004
3389	1	1	0.0467136662378666
3389	1	2	0.046696210967831345
3390	0	0	0.5356607511593527
3390	0	1	0.5183037213569955
3390	0	2	0.44925239626449354
3390	1	0	0.43365220377694325
3390	1	1	0.04130170154243043
3390	1	2	0.04130684955314591
3391	0	0	0.5232509198563802
3391	0	1	0.5115608853979297
3391	0	2	0.45828318819729297
3391	1	0	0.40399610062597807
3391	1	1	0.03474031134583182
3391	1	2	0.0347402171660014
3392	0	0	0.5450475556693705
3392	0	1	0.5412235534744001
3392	0	2	0.46228831058725245
3392	1	0	0.4576740248201832
3392	1	1	0.06364565729364928
3392	1	2	0.06377530218271629
3393	0	0	0.569844158227582
3393	0	1	0.5395396432637116
3393	0	2	0.30066463476330824
3393	1	0	0.43566409964591374
3393	1	1	0.036380929792678665
3393	1	2	0.036383356214064036
3394	0	0	0.5369961129063574
3394	0	1	0.4937807174822338
3394	0	2	0.4950267193689194
3394	1	0	0.43346776207362947
3394	1	1	0.038961455384127486
3394	1	2	0.03895433338148943
3395	0	0	0.5274909767028166
3395	0	1	0.5274070704489384
3395	0	2	0.37731966051871146
3395	1	0	0.41399308507707017
3395	1	1	0.040923495241158736
3395	1	2	0.04037974553775385
3396	0	0	0.6699885786719264
3396	0	1	0.6376024950666384
3396	0	2	0.40955996318573396
3396	1	0	0.47863556394939893
3396	1	1	0.026799356658159593
3396	1	2	0.026416718882920256
3397	0	0	0.5129600053483763
3397	0	1	0.5091632323291639
3397	0	2	0.43988001140691
3397	1	0	0.43395176729856977
3397	1	1	0.023642535554283098
3397	1	2	0.02364285333828338
3398	0	0	0.654612650878927
3398	0	1	0.6184069605617679
3398	0	2	0.4684935551480227
3398	1	0	0.46197918886895084
3398	1	1	0.1286359822377637
3398	1	2	0.12862652046424636
3399	0	0	0.5645729118479083
3399	0	1	0.5624726207122794
3399	0	2	0.47274397143604086
3399	1	0	0.3688447419540697
3399	1	1	0.031454830993407
3399	1	2	0.030336495025868618
3400	0	0	0.6442638045594328
3400	0	1	0.644184795468107
3400	0	2	0.46800288781642996
3400	1	0	0.4770395351690449
3400	1	1	0.3983321811669374
3400	1	2	0.4033304797793967
3401	0	0	0.5355615254577125
3401	0	1	0.4945226756702411
3401	0	2	0.24512643373265203
3401	1	0	0.45884256641651555
3401	1	1	0.24181353158505592
3401	1	2	0.2390743163478233
3402	0	0	0.4979046033800983
3402	0	1	0.4866170748531826
3402	0	2	0.4817028261779056
3402	1	0	0.4673729083607718
3402	1	1	0.15767876199660968
3402	1	2	0.15767876166635508
3403	0	0	0.6351474272132807
3403	0	1	0.6344311649585261
3403	0	2	0.46493100048820846
3403	1	0	0.47055898299018944
3403	1	1	0.06348718839608934
3403	1	2	0.06348687031321291
3404	0	0	0.7670441112976438
3404	0	1	0.6392028360056201
3404	0	2	0.39521602150453916
3404	1	0	0.45038210374415755
3404	1	1	0.21800261447815816
3404	1	2	0.2701081925006695
3405	0	0	0.7662608995378417
3405	0	1	0.7484684894534689
3405	0	2	0.4517964618294615
3405	1	0	0.4802371494782586
3405	1	1	0.1188899629394303
3405	1	2	0.13354971702942994
3406	0	0	0.5906514451114044
3406	0	1	0.5737175275141193
3406	0	2	0.34359157437840315
3406	1	0	0.47472217321769966
3406	1	1	0.18767933863872793
3406	1	2	0.18696701298292176
3407	0	0	0.5321057720708434
3407	0	1	0.526760578409353
3407	0	2	0.48508194289880874
3407	1	0	0.4378261553284808
3407	1	1	0.04130569988993771
3407	1	2	0.04255656716267053
3408	0	0	0.4889325969463042
3408	0	1	0.4889325969463042
3408	0	2	0.4093379894303585
3408	1	0	0.43263873874856507
3408	1	1	0.11838060094372421
3408	1	2	0.11838060069637094
3409	0	0	0.48495920126579123
3409	0	1	0.4716040806842874
3409	0	2	0.4687822741814815
3409	1	0	0.4214556476105849
3409	1	1	0.07301454820672766
3409	1	2	0.07301450758925335
3410	0	0	0.48847720191952954
3410	0	1	0.48847720191952954
3410	0	2	0.43306975457596464
3410	1	0	0.43178930176571223
3410	1	1	0.04740917844218562
3410	1	2	0.047409178440172645
3411	0	0	0.4688826407388655
3411	0	1	0.4612370782671296
3411	0	2	0.4047870299863548
3411	1	0	0.4236648957887814
3411	1	1	0.06977580490701599
3411	1	2	0.06977571826308815
3412	0	0	0.6656994462281745
3412	0	1	0.6312682810119913
3412	0	2	0.4273477829606224
3412	1	0	0.46609515247950084
3412	1	1	0.0545135573260241
3412	1	2	0.0550338294181084
3413	0	0	0.6659777077814317
3413	0	1	0.6725278074658149
3413	0	2	0.4299529268478438
3413	1	0	0.4614068752746572
3413	1	1	0.12910916685423368
3413	1	2	0.14964843226494964
3414	0	0	0.6599641692112322
3414	0	1	0.6204039574399343
3414	0	2	0.39842041304841014
3414	1	0	0.4804087996309948
3414	1	1	0.0569656648001146
3414	1	2	0.05696574716223396
3415	0	0	0.5878884389456029
3415	0	1	0.6030349670805593
3415	0	2	0.47797583384741493
3415	1	0	0.429906329532709
3415	1	1	0.02528685264146313
3415	1	2	0.030308169990510128
3416	0	0	0.6263138586400413
3416	0	1	0.5298376947507522
3416	0	2	0.47635151460802627
3416	1	0	0.32298761429723866
3416	1	1	0.07033864399287264
3416	1	2	0.07481767795973272
3417	0	0	0.553667240630479
3417	0	1	0.549297161440752
3417	0	2	0.45298285798358384
3417	1	0	0.4771204350188288
3417	1	1	0.048131483238235614
3417	1	2	0.07981617171578417
3418	0	0	0.6756907894903359
3418	0	1	0.6457949384475219
3418	0	2	0.48118263314055454
3418	1	0	0.48393705027045814
3418	1	1	0.14369222397995518
3418	1	2	0.12886176912910807
3419	0	0	0.5903653543860814
3419	0	1	0.5850935702706246
3419	0	2	0.4528710713945622
3419	1	0	0.4295661861121073
3419	1	1	0.07274546382528176
3419	1	2	0.07292306683707431
3420	0	0	0.5894163666237406
3420	0	1	0.5812415645676126
3420	0	2	0.46735684171550523
3420	1	0	0.41062850110689103
3420	1	1	0.08777053594447232
3420	1	2	0.09434581963714674
3421	0	0	0.6092710390380658
3421	0	1	0.5985349580485473
3421	0	2	0.464535300674928
3421	1	0	0.46194869414587514
3421	1	1	0.033746284685742284
3421	1	2	0.03612463559857226
3422	0	0	0.758086424817886
3422	0	1	0.7583871188777461
3422	0	2	0.48627396217392016
3422	1	0	0.47569971186896776
3422	1	1	0.12163526441967759
3422	1	2	0.12163526349320761
3423	0	0	0.53073571420199
3423	0	1	0.5301797885808245
3423	0	2	0.40341291600440354
3423	1	0	0.4451679165130124
3423	1	1	0.07584842872617424
3423	1	2	0.07584842741621262
3424	0	0	0.6180689567074819
3424	0	1	0.5915159016744496
3424	0	2	0.38149240920841404
3424	1	0	0.4087081596030671
3424	1	1	0.03929538373132707
3424	1	2	0.03929345009887815
3425	0	0	0.626102791430667
3425	0	1	0.6149537765801243
3425	0	2	0.5033988778527774
3425	1	0	0.4064935963644607
3425	1	1	0.05018966102292036
3425	1	2	0.05018893405771274
3426	0	0	0.6698182096419942
3426	0	1	0.6613808203816933
3426	0	2	0.417705677004252
3426	1	0	0.4240535574908235
3426	1	1	0.0952717129405961
3426	1	2	0.09414520217461447
3427	0	0	0.6754992495123824
3427	0	1	0.6726152505488181
3427	0	2	0.481738156279661
3427	1	0	0.4888209401016293
3427	1	1	0.06527253843293572
3427	1	2	0.06525224971972221
3428	0	0	0.7100666077312721
3428	0	1	0.6896389853521074
3428	0	2	0.4031557950586858
3428	1	0	0.4182610125944464
3428	1	1	0.05771859309236643
3428	1	2	0.05655312977191754
3429	0	0	0.6539831469680426
3429	0	1	0.6331172238765959
3429	0	2	0.40511628146057044
3429	1	0	0.45042084291069684
3429	1	1	0.04852082334402408
3429	1	2	0.048556907342999875
3430	0	0	0.6657038898437682
3430	0	1	0.6614474321121377
3430	0	2	0.39246269066620965
3430	1	0	0.4012004682996445
3430	1	1	0.07172016079648372
3430	1	2	0.07511352388416323
3431	0	0	0.6628901366175952
3431	0	1	0.6878230624182426
3431	0	2	0.49241235929542604
3431	1	0	0.4842335298897842
3431	1	1	0.08706244929267926
3431	1	2	0.08923021899800226
3432	0	0	0.6212133976795959
3432	0	1	0.5909664864890233
3432	0	2	0.4525245277426517
3432	1	0	0.4357355848725188
3432	1	1	0.09310008245461376
3432	1	2	0.09211059021518485
3433	0	0	0.5968072499346473
3433	0	1	0.59278298866481
3433	0	2	0.42908008072011483
3433	1	0	0.4384695725314235
3433	1	1	0.04011595240783335
3433	1	2	0.057573687531666265
3434	0	0	0.5734732608581792
3434	0	1	0.5526864865769241
3434	0	2	0.48635028120311125
3434	1	0	0.39802956575083137
3434	1	1	0.05546198807651588
3434	1	2	0.05546211973053211
3435	0	0	0.6803664518453273
3435	0	1	0.6456701298407967
3435	0	2	0.47087674557000914
3435	1	0	0.47286165674346897
3435	1	1	0.054965416035327244
3435	1	2	0.0712477476053283
3436	0	0	0.6736592059263133
3436	0	1	0.6524289928757263
3436	0	2	0.4280333413062427
3436	1	0	0.4335480192236792
3436	1	1	0.04115439971802451
3436	1	2	0.041281931564742
3437	0	0	0.49795177437222243
3437	0	1	0.4968405793088002
3437	0	2	0.46629734693933317
3437	1	0	0.4331779113338679
3437	1	1	0.035582001046154055
3437	1	2	0.035581995031945424
3438	0	0	0.48413829868599095
3438	0	1	0.48156846700137074
3438	0	2	0.38983624470651274
3438	1	0	0.4179558117607488
3438	1	1	0.08362821406737421
3438	1	2	0.08362821406657486
3439	0	0	0.6211985286255521
3439	0	1	0.6214835406411523
3439	0	2	0.4044102490347361
3439	1	0	0.40815972540265316
3439	1	1	0.04473684230823692
3439	1	2	0.04472705296267253
3440	0	0	0.6408787846460992
3440	0	1	0.628072624810003
3440	0	2	0.39967749196224295
3440	1	0	0.33391151011732495
3440	1	1	0.024554947439560368
3440	1	2	0.024390976368414446
3441	0	0	0.4918998135368219
3441	0	1	0.4918998135368219
3441	0	2	0.43113427340248917
3441	1	0	0.4421646332459803
3441	1	1	0.027959376035621444
3441	1	2	0.0279593308900542
3442	0	0	0.4813396526460441
3442	0	1	0.4813396526460441
3442	0	2	0.4181523552935414
3442	1	0	0.38757259880015554
3442	1	1	0.07156257891849284
3442	1	2	0.07156257891784214
3443	0	0	0.6813392797822673
3443	0	1	0.5554038816001634
3443	0	2	0.46230613879467897
3443	1	0	0.42906886919947723
3443	1	1	0.040933417723853366
3443	1	2	0.07813790407488584
3444	0	0	0.6399275308378523
3444	0	1	0.5655078305352266
3444	0	2	0.492562760359068
3444	1	0	0.376225847732927
3444	1	1	0.035909708216953995
3444	1	2	0.050001724732735606
3445	0	0	0.6570377835149739
3445	0	1	0.6481405468482678
3445	0	2	0.45267846913418053
3445	1	0	0.486329418431785
3445	1	1	0.0699985136090834
3445	1	2	0.07068787219856053
3446	0	0	0.6282617629104267
3446	0	1	0.581601383292359
3446	0	2	0.4009802442094992
3446	1	0	0.4847427770726857
3446	1	1	0.05190509153598605
3446	1	2	0.05137136060122734
3447	0	0	0.6987302070682218
3447	0	1	0.6842411942603395
3447	0	2	0.4334653519563866
3447	1	0	0.3759890380366819
3447	1	1	0.026516012128541988
3447	1	2	0.025195887290059282
3448	0	0	0.620194748950349
3448	0	1	0.6539962061269962
3448	0	2	0.4603772996100238
3448	1	0	0.29886144100817724
3448	1	1	0.0635180362513957
3448	1	2	0.0631824873653902
3449	0	0	0.5914206222454814
3449	0	1	0.5647121076874537
3449	0	2	0.34825190578068915
3449	1	0	0.4386457487628008
3449	1	1	0.03761563715322665
3449	1	2	0.03778616901086103
3450	0	0	0.5749217360832812
3450	0	1	0.5353621886471316
3450	0	2	0.45018627956284696
3450	1	0	0.41486171435412156
3450	1	1	0.02625887768009129
3450	1	2	0.026423866436998067
3451	0	0	0.6730136915800964
3451	0	1	0.6856133438688907
3451	0	2	0.39036031117984193
3451	1	0	0.48932115662190634
3451	1	1	0.05070350625460024
3451	1	2	0.0511434480458067
3452	0	0	0.5747429254737867
3452	0	1	0.5741144207923417
3452	0	2	0.3823819575133164
3452	1	0	0.45212041089103505
3452	1	1	0.0368088544045098
3452	1	2	0.03697443237698046
3453	0	0	0.6090426683377843
3453	0	1	0.5781748511408139
3453	0	2	0.3845279149947407
3453	1	0	0.4160430145019482
3453	1	1	0.031210142853443104
3453	1	2	0.03120634693106797
3454	0	0	0.5117886946328367
3454	0	1	0.5044410306839054
3454	0	2	0.4224199916953276
3454	1	0	0.46205339404873713
3454	1	1	0.029263266562132212
3454	1	2	0.055312926755846814
3455	0	0	0.6932219395069876
3455	0	1	0.5701499415036712
3455	0	2	0.4492075618989421
3455	1	0	0.42782565772442543
3455	1	1	0.03845864930520376
3455	1	2	0.06433886436387275
3456	0	0	0.634555135876498
3456	0	1	0.5802639877524846
3456	0	2	0.45485090809997875
3456	1	0	0.4633238255996075
3456	1	1	0.05064346833092247
3456	1	2	0.050643978683580476
3457	0	0	0.5622407537540965
3457	0	1	0.5501690141282118
3457	0	2	0.4515824694537084
3457	1	0	0.4684800324793206
3457	1	1	0.03281239263360143
3457	1	2	0.03440804653666339
3458	0	0	0.5691017379129796
3458	0	1	0.5338701163442096
3458	0	2	0.4653094447428505
3458	1	0	0.4764797839779688
3458	1	1	0.05885028693362099
3458	1	2	0.058849329260935654
3459	0	0	0.6454895766930411
3459	0	1	0.5956949404398909
3459	0	2	0.39357674285467625
3459	1	0	0.4204976281703165
3459	1	1	0.0264058437073071
3459	1	2	0.026945723409820682
3460	0	0	0.6597737474863773
3460	0	1	0.6477158509572465
3460	0	2	0.41819993766391483
3460	1	0	0.48014023433307157
3460	1	1	0.042658840540106074
3460	1	2	0.04265880414253266
3461	0	0	0.8520269584519051
3461	0	1	0.831151210355674
3461	0	2	0.4604929442636567
3461	1	0	0.3228512739758873
3461	1	1	0.03477985053500959
3461	1	2	0.03352008211532215
3462	0	0	0.8037255996533899
3462	0	1	0.7499888142983895
3462	0	2	0.43028188878448703
3462	1	0	0.45651560430600163
3462	1	1	0.030540419409336453
3462	1	2	0.030725392977174013
3463	0	0	0.5795435778854555
3463	0	1	0.5327945623512838
3463	0	2	0.38736327993839903
3463	1	0	0.4523154587127713
3463	1	1	0.03426955107288143
3463	1	2	0.03426955404191542
3464	0	0	0.7254349655797505
3464	0	1	0.7230074355802201
3464	0	2	0.4613085886154318
3464	1	0	0.44932742739813436
3464	1	1	0.05736202306546388
3464	1	2	0.05736202295992049
3465	0	0	0.7340463668205534
3465	0	1	0.7211622111350127
3465	0	2	0.4274416093299259
3465	1	0	0.4010872268430506
3465	1	1	0.02989237753092712
3465	1	2	0.03661148098226774
3466	0	0	0.6705480115837795
3466	0	1	0.6493375969872709
3466	0	2	0.4780694547528846
3466	1	0	0.4831172240675756
3466	1	1	0.09751792474521409
3466	1	2	0.09737704502101449
3467	0	0	0.6149241840033608
3467	0	1	0.6147677901766828
3467	0	2	0.42527677276142334
3467	1	0	0.46996430990781146
3467	1	1	0.12674805538202671
3467	1	2	0.12752322463072213
3468	0	0	0.6036419455293396
3468	0	1	0.5973195846587163
3468	0	2	0.4766361049771253
3468	1	0	0.4284873505703953
3468	1	1	0.046766710547367696
3468	1	2	0.046562182953393344
3469	0	0	0.5546876450854812
3469	0	1	0.489801737374297
3469	0	2	0.460235937690718
3469	1	0	0.44487332944628627
3469	1	1	0.038973105515053355
3469	1	2	0.0405898544294976
3470	0	0	0.48812363530118746
3470	0	1	0.48812363530118746
3470	0	2	0.397195483594925
3470	1	0	0.46871983306074705
3470	1	1	0.04576504192895274
3470	1	2	0.045765041873811196
3471	0	0	0.4986951495995808
3471	0	1	0.4963467249628718
3471	0	2	0.4474829832524279
3471	1	0	0.46447548317465026
3471	1	1	0.11818457949919996
3471	1	2	0.11818457925435027
3472	0	0	0.4997051425861232
3472	0	1	0.4997051425861232
3472	0	2	0.4886347661009185
3472	1	0	0.3921860073243544
3472	1	1	0.058255182632122995
3472	1	2	0.05825518262874653
3473	0	0	0.49756605047904046
3473	0	1	0.49756605047904046
3473	0	2	0.4928687752584862
3473	1	0	0.4724796356998107
3473	1	1	0.02834835569215187
3473	1	2	0.02834822890861939
3474	0	0	0.6907063649114674
3474	0	1	0.6757510460247576
3474	0	2	0.478235262180841
3474	1	0	0.4513193768235333
3474	1	1	0.08551239022043608
3474	1	2	0.08604068162255435
3475	0	0	0.6159547407273966
3475	0	1	0.6268176314074415
3475	0	2	0.48812934255261187
3475	1	0	0.4708728753131101
3475	1	1	0.1803342422032289
3475	1	2	0.17892910176242052
3476	0	0	0.6122272692165631
3476	0	1	0.6231654026468472
3476	0	2	0.4110047449154257
3476	1	0	0.4844966776993227
3476	1	1	0.06547592909036298
3476	1	2	0.06546620434137831
3477	0	0	0.6880563909395072
3477	0	1	0.6751882450402076
3477	0	2	0.43252993135204515
3477	1	0	0.46809701513323393
3477	1	1	0.032431834233803344
3477	1	2	0.03244148916754691
3478	0	0	0.4973903391948043
3478	0	1	0.4973903391948043
3478	0	2	0.42548292512296854
3478	1	0	0.43814456276264174
3478	1	1	0.059286602675487576
3478	1	2	0.05928651610888967
3479	0	0	0.4946625512914733
3479	0	1	0.49465187736997746
3479	0	2	0.2447163628547971
3479	1	0	0.40637616684447286
3479	1	1	0.031053928588129817
3479	1	2	0.031053928587827684
3480	0	0	0.49740866704475517
3480	0	1	0.49740866704475517
3480	0	2	0.49740866704475517
3480	1	0	0.40123614529423546
3480	1	1	0.020246340015120046
3480	1	2	0.020246286893644688
3481	0	0	0.4956432698985292
3481	0	1	0.49232739629835126
3481	0	2	0.4469560314065307
3481	1	0	0.464846936785933
3481	1	1	0.04355048965100056
3481	1	2	0.04355030667041278
3482	0	0	0.8667472464830519
3482	0	1	0.8333654585177376
3482	0	2	0.4940953882123007
3482	1	0	0.4483673446111915
3482	1	1	0.02503024997814071
3482	1	2	0.03158087060202626
3483	0	0	0.5719711663396201
3483	0	1	0.5733577175262679
3483	0	2	0.45617910049699884
3483	1	0	0.4804179479235705
3483	1	1	0.05521002676034541
3483	1	2	0.054724654424115685
3484	0	0	0.652910811841954
3484	0	1	0.6334252663237838
3484	0	2	0.38071578936869777
3484	1	0	0.47520774277071237
3484	1	1	0.04327526188466281
3484	1	2	0.04327433353781572
3485	0	0	0.759968221540058
3485	0	1	0.7590562761157711
3485	0	2	0.45725989546822365
3485	1	0	0.43996846261709627
3485	1	1	0.037561144737569496
3485	1	2	0.03753799039961438
3486	0	0	0.7380357481709845
3486	0	1	0.6958350160169141
3486	0	2	0.47220229431213495
3486	1	0	0.43800639166594724
3486	1	1	0.03096378753051371
3486	1	2	0.029866152286705097
3487	0	0	0.6208788815027356
3487	0	1	0.6208636512672716
3487	0	2	0.4595020950519234
3487	1	0	0.4582745913738659
3487	1	1	0.029053070433218947
3487	1	2	0.033458200264959534
3488	0	0	0.6071578238948472
3488	0	1	0.6068897499310867
3488	0	2	0.39188027083845867
3488	1	0	0.4519791670913731
3488	1	1	0.054541192578781775
3488	1	2	0.0547051635408379
3489	0	0	0.5762144661210732
3489	0	1	0.5643436681784273
3489	0	2	0.48730514959127125
3489	1	0	0.4827703321470407
3489	1	1	0.05314265709636731
3489	1	2	0.05304416540665331
3490	0	0	0.4909273344039413
3490	0	1	0.4909273344039413
3490	0	2	0.42045376516864125
3490	1	0	0.4524040199484512
3490	1	1	0.06741721632359268
3490	1	2	0.06741712524416883
3491	0	0	0.48328371420731964
3491	0	1	0.48328371420731964
3491	0	2	0.4655386611961825
3491	1	0	0.4285152247937074
3491	1	1	0.14135116500352335
3491	1	2	0.14135116470356607
3492	0	0	0.4953425743474431
3492	0	1	0.4870388724244433
3492	0	2	0.42432098803167784
3492	1	0	0.44091702911581554
3492	1	1	0.0351574455702498
3492	1	2	0.0351607912550944
3493	0	0	0.4890513930030623
3493	0	1	0.48177964230119324
3493	0	2	0.36873157253211253
3493	1	0	0.4304639898183554
3493	1	1	0.04011759765973838
3493	1	2	0.04011759765785343
3494	0	0	0.8216611711123161
3494	0	1	0.8002793790090207
3494	0	2	0.467824141067986
3494	1	0	0.4266738221434386
3494	1	1	0.05810357144892743
3494	1	2	0.05810358355768569
3495	0	0	0.6188623518825912
3495	0	1	0.6018108541567732
3495	0	2	0.4768654454345418
3495	1	0	0.4484813117874186
3495	1	1	0.10858810230468509
3495	1	2	0.10875526452146611
3496	0	0	0.6224995090456834
3496	0	1	0.622856630312604
3496	0	2	0.4632368330801491
3496	1	0	0.46085401536796994
3496	1	1	0.03973942168818047
3496	1	2	0.03973939580829065
3497	0	0	0.611861413282677
3497	0	1	0.5809479816055235
3497	0	2	0.47525011287987384
3497	1	0	0.3968158126925801
3497	1	1	0.03149804213730362
3497	1	2	0.031559731120770776
3498	0	0	0.4983664090874492
3498	0	1	0.49791082391481684
3498	0	2	0.47718957508512283
3498	1	0	0.4781966071390681
3498	1	1	0.03485550343186419
3498	1	2	0.03489280505671899
3499	0	0	0.5372454500236035
3499	0	1	0.49924131161029817
3499	0	2	0.4035465551205224
3499	1	0	0.39318294131562176
3499	1	1	0.02845620884616673
3499	1	2	0.028456399683080558
3500	0	0	0.5350167037153628
3500	0	1	0.5202410084283065
3500	0	2	0.40047921910704115
3500	1	0	0.4527362754581956
3500	1	1	0.025628767627033505
3500	1	2	0.02568689775461118
3501	0	0	0.696383796163859
3501	0	1	0.6845374041273282
3501	0	2	0.43104865272085124
3501	1	0	0.4779830482063972
3501	1	1	0.032201781369170165
3501	1	2	0.031871556969889886
3502	0	0	0.6465212537568411
3502	0	1	0.6409123013991194
3502	0	2	0.46824655552447014
3502	1	0	0.4812922642749508
3502	1	1	0.021562933861671865
3502	1	2	0.020970338101199026
3503	0	0	0.8163573341016553
3503	0	1	0.7634895030849838
3503	0	2	0.49091961927257993
3503	1	0	0.45080300504692267
3503	1	1	0.044191071677308125
3503	1	2	0.042274369168267725
3504	0	0	0.6109526217899529
3504	0	1	0.6112456926337682
3504	0	2	0.4634995526613569
3504	1	0	0.42961888158781925
3504	1	1	0.047296888193807035
3504	1	2	0.04898437639344139
3505	0	0	0.7063839312982355
3505	0	1	0.6842634240349237
3505	0	2	0.4627201144984792
3505	1	0	0.4731597081531733
3505	1	1	0.042069565879814086
3505	1	2	0.06120702545532207
3506	0	0	0.6926935713463755
3506	0	1	0.6054453609682029
3506	0	2	0.46522209983817486
3506	1	0	0.37719997613556444
3506	1	1	0.024780182183585922
3506	1	2	0.029095252038408806
3507	0	0	0.6395371993082385
3507	0	1	0.5097955009677708
3507	0	2	0.4053436121072035
3507	1	0	0.4329620496936372
3507	1	1	0.09566545302863518
3507	1	2	0.09566542859540372
3508	0	0	0.7564447495017548
3508	0	1	0.7291754879996484
3508	0	2	0.49350134886957453
3508	1	0	0.48779672495597715
3508	1	1	0.06245257598686163
3508	1	2	0.06263362057387212
3509	0	0	0.5644472690408848
3509	0	1	0.5637760594943648
3509	0	2	0.47100806513999527
3509	1	0	0.41489933615402136
3509	1	1	0.024025414616064555
3509	1	2	0.023379495787679713
3510	0	0	0.5437444114218133
3510	0	1	0.5708138756900643
3510	0	2	0.4801018138965798
3510	1	0	0.4077077522871513
3510	1	1	0.11269661006366626
3510	1	2	0.11249238466386637
3511	0	0	0.5809587372848863
3511	0	1	0.539718708712073
3511	0	2	0.46601343607169143
3511	1	0	0.4375074691281656
3511	1	1	0.027027881698789363
3511	1	2	0.026919021620035594
3512	0	0	0.5855354520694156
3512	0	1	0.5668491836739038
3512	0	2	0.44876187937770295
3512	1	0	0.4813287956764275
3512	1	1	0.04093634794187492
3512	1	2	0.04125790358982814
3513	0	0	0.5916909204105236
3513	0	1	0.572972726172013
3513	0	2	0.4212359322689122
3513	1	0	0.4480646159916807
3513	1	1	0.09745961139540134
3513	1	2	0.0974108066719019
3514	0	0	0.6075525424803128
3514	0	1	0.6092000065318603
3514	0	2	0.46370677307629554
3514	1	0	0.4456427700417514
3514	1	1	0.02845537482159563
3514	1	2	0.02910469709477144
3515	0	0	0.648684308092653
3515	0	1	0.6339787926403366
3515	0	2	0.38274174091462254
3515	1	0	0.4848684441554859
3515	1	1	0.04849221399241738
3515	1	2	0.14440892172206166
3516	0	0	0.7129192662790342
3516	0	1	0.697836557342514
3516	0	2	0.4701747599946666
3516	1	0	0.41873578690577284
3516	1	1	0.05646725493105664
3516	1	2	0.11020634269173449
3517	0	0	0.7099059303926228
3517	0	1	0.6906654399688081
3517	0	2	0.43910244128634
3517	1	0	0.456866261487621
3517	1	1	0.04283177434017313
3517	1	2	0.08309498621103449
3518	0	0	0.6376477650752972
3518	0	1	0.6340611857732865
3518	0	2	0.47536417039290363
3518	1	0	0.4092950180500467
3518	1	1	0.027380066782726267
3518	1	2	0.04949270882499396
3519	0	0	0.6786628137101681
3519	0	1	0.6489383280817951
3519	0	2	0.3436797689668395
3519	1	0	0.4546652997786706
3519	1	1	0.09040758317209902
3519	1	2	0.19085477352962213
3520	0	0	0.4897145996182453
3520	0	1	0.45981187115873606
3520	0	2	0.4191779043605976
3520	1	0	0.42120298347653784
3520	1	1	0.033132940604163996
3520	1	2	0.033132883357123805
3521	0	0	0.7682159702256965
3521	0	1	0.7644459666181287
3521	0	2	0.42578391780620906
3521	1	0	0.47486264553896507
3521	1	1	0.03705939744412161
3521	1	2	0.07240669256979453
3522	0	0	0.6994101199568481
3522	0	1	0.6875186397986957
3522	0	2	0.5225537897802662
3522	1	0	0.4169730799205646
3522	1	1	0.023286504087628696
3522	1	2	0.08356218188930473
3523	0	0	0.6331860174598862
3523	0	1	0.6472862946176552
3523	0	2	0.4614213785575319
3523	1	0	0.4903855393100093
3523	1	1	0.2509718129205034
3523	1	2	0.25954149140193516
3524	0	0	0.9999571224546442
3524	0	1	1.0
3524	0	2	0.4755099794762845
3524	1	0	0.46894734174529557
3524	1	1	0.028453806569511228
3524	1	2	0.028786539334122438
3525	0	0	0.6987751628561836
3525	0	1	0.6900302584042473
3525	0	2	0.4011984858092137
3525	1	0	0.4590649088013324
3525	1	1	0.0486395388399513
3525	1	2	0.1051539752428702
3526	0	0	0.480443404292428
3526	0	1	0.465798412336798
3526	0	2	0.40129496969027423
3526	1	0	0.2980897027421008
3526	1	1	0.04200948215734876
3526	1	2	0.04200948210157186
3527	0	0	0.6534872524517372
3527	0	1	0.6659026077296057
3527	0	2	0.4264110962701432
3527	1	0	0.4488592963681993
3527	1	1	0.04719063620957094
3527	1	2	0.08168566428991006
3528	0	0	0.5288418107897228
3528	0	1	0.5116815948604375
3528	0	2	0.46252542888148085
3528	1	0	0.44387926334510147
3528	1	1	0.04132612768605408
3528	1	2	0.041350694383746875
3529	0	0	0.4857830143933528
3529	0	1	0.4835461052352625
3529	0	2	0.3287098849704264
3529	1	0	0.36632813916203333
3529	1	1	0.01701170347816376
3529	1	2	0.01701169725281476
3530	0	0	0.4922642996354796
3530	0	1	0.4922642996354796
3530	0	2	0.4208163523133877
3530	1	0	0.4922642996354796
3530	1	1	0.035027020141894294
3530	1	2	0.03502693742690974
3531	0	0	0.6168509518304695
3531	0	1	0.6135393993425164
3531	0	2	0.3550170230530259
3531	1	0	0.44821591422511997
3531	1	1	0.05639958831832008
3531	1	2	0.06817067680174048
3532	0	0	0.804154935526965
3532	0	1	0.7326570696359367
3532	0	2	0.4572383122636796
3532	1	0	0.48552874509014526
3532	1	1	0.03817096108167391
3532	1	2	0.06969795161886949
3533	0	0	0.9862322161391224
3533	0	1	0.8877360530649442
3533	0	2	0.4562904618495205
3533	1	0	0.47298363084293693
3533	1	1	0.11161268500722428
3533	1	2	0.11161277734403174
3534	0	0	0.5882848100317173
3534	0	1	0.598793786979742
3534	0	2	0.440910237075169
3534	1	0	0.4168812514879532
3534	1	1	0.08774957855752771
3534	1	2	0.08635390104052289
3535	0	0	0.8305847585073401
3535	0	1	0.7741392414937339
3535	0	2	0.4782115210598701
3535	1	0	0.45573808894275486
3535	1	1	0.058600410766994515
3535	1	2	0.09698139366555471
3536	0	0	0.8101370732263864
3536	0	1	0.8408894154483861
3536	0	2	0.4821655150023977
3536	1	0	0.4535886368886681
3536	1	1	0.10856993418366546
3536	1	2	0.10856993247005552
3537	0	0	0.7736747664898691
3537	0	1	0.7940580148661069
3537	0	2	0.43191250753379073
3537	1	0	0.45397975752503206
3537	1	1	0.036325861786611055
3537	1	2	0.03325996129419055
3538	0	0	0.8416150397613551
3538	0	1	0.7601429578681591
3538	0	2	0.4188780200914788
3538	1	0	0.4940006773013553
3538	1	1	0.037882588237696926
3538	1	2	0.10855064713203881
3539	0	0	0.6384138549208143
3539	0	1	0.6180206203248106
3539	0	2	0.44982935695452475
3539	1	0	0.4018433902659566
3539	1	1	0.031772098416146075
3539	1	2	0.029890666228955892
3540	0	0	0.6831167892348138
3540	0	1	0.6624776240890866
3540	0	2	0.39998276185805626
3540	1	0	0.411080832516943
3540	1	1	0.016951558570888023
3540	1	2	0.045758581427129866
3541	0	0	0.5906084349008349
3541	0	1	0.603809253441116
3541	0	2	0.461385821897883
3541	1	0	0.3314145444515239
3541	1	1	0.10820311708534236
3541	1	2	0.10813470798391804
3542	0	0	0.7172206007418209
3542	0	1	0.6548762595386051
3542	0	2	0.4468835486647391
3542	1	0	0.3875103715201889
3542	1	1	0.048662102510087915
3542	1	2	0.048794021291553816
3543	0	0	0.6958346025582949
3543	0	1	0.6096679635022241
3543	0	2	0.3339386423546862
3543	1	0	0.4395155555610232
3543	1	1	0.10532446886161295
3543	1	2	0.10469979549330065
3544	0	0	0.6496003558913168
3544	0	1	0.5611328758193306
3544	0	2	0.41228956586854437
3544	1	0	0.4710866177221613
3544	1	1	0.020474054331463556
3544	1	2	0.02047909277545583
3545	0	0	0.6419439088325163
3545	0	1	0.6240345702495727
3545	0	2	0.4494071181048518
3545	1	0	0.4637144233869096
3545	1	1	0.040828138306304634
3545	1	2	0.04084860872039128
3546	0	0	0.536588370160441
3546	0	1	0.5028863741112622
3546	0	2	0.4208104898324123
3546	1	0	0.44335032348663794
3546	1	1	0.03455605949487908
3546	1	2	0.03438092692521344
3547	0	0	0.518285013439449
3547	0	1	0.5100873982707947
3547	0	2	0.4166870723649241
3547	1	0	0.3969871575732155
3547	1	1	0.03678159064969927
3547	1	2	0.03850328309069123
3548	0	0	0.6681122097071368
3548	0	1	0.6105213867472288
3548	0	2	0.4672698454750781
3548	1	0	0.4744012865583038
3548	1	1	0.16626619403127063
3548	1	2	0.16123664573268032
3549	0	0	0.7947957013714402
3549	0	1	0.7714259013944444
3549	0	2	0.40543714931779984
3549	1	0	0.41585146364084474
3549	1	1	0.10422381486660821
3549	1	2	0.10125304101342798
3550	0	0	0.8768570854247589
3550	0	1	0.7231716546841198
3550	0	2	0.4679376828221926
3550	1	0	0.44770105369464336
3550	1	1	0.0459398566018419
3550	1	2	0.06081359511950657
3551	0	0	0.7120212052183488
3551	0	1	0.7112818578809044
3551	0	2	0.37081606500161823
3551	1	0	0.47042062730442025
3551	1	1	0.0823658132374845
3551	1	2	0.08233299680029878
3552	0	0	0.7069410413028758
3552	0	1	0.6391537657847621
3552	0	2	0.4954165989948917
3552	1	0	0.4934502224407609
3552	1	1	0.053235549246872696
3552	1	2	0.052150222057622916
3553	0	0	0.6205132749557464
3553	0	1	0.6058614920391818
3553	0	2	0.4248530121624562
3553	1	0	0.4281460047123707
3553	1	1	0.0637001977914367
3553	1	2	0.06370019775334276
3554	0	0	0.7186280526387183
3554	0	1	0.651545259481668
3554	0	2	0.4616600118674513
3554	1	0	0.4313863383528964
3554	1	1	0.03037095487508712
3554	1	2	0.030441738238567023
3555	0	0	0.798265654090085
3555	0	1	0.7644602519511996
3555	0	2	0.34796237540689545
3555	1	0	0.41055676342966824
3555	1	1	0.030022308934009492
3555	1	2	0.02926335378555285
3556	0	0	0.6253467717961358
3556	0	1	0.5537843359512536
3556	0	2	0.4301790220838575
3556	1	0	0.4488648954765465
3556	1	1	0.03937103582255663
3556	1	2	0.03658092515710433
3557	0	0	0.6891445142377883
3557	0	1	0.732739253611234
3557	0	2	0.33237873622144803
3557	1	0	0.4752865024075229
3557	1	1	0.09877864612579897
3557	1	2	0.2322191147699983
3558	0	0	0.7218021700577381
3558	0	1	0.6886314020092714
3558	0	2	0.4242285806669174
3558	1	0	0.43724213817462504
3558	1	1	0.053400541394537704
3558	1	2	0.04952602169615214
3559	0	0	0.6736098206889838
3559	0	1	0.6752117788429125
3559	0	2	0.4335817951184243
3559	1	0	0.45780162293845955
3559	1	1	0.049093963300217175
3559	1	2	0.049280309617186074
3560	0	0	0.5842771573143363
3560	0	1	0.5842304604258579
3560	0	2	0.44638821522074656
3560	1	0	0.3711882271772283
3560	1	1	0.03179981183709206
3560	1	2	0.03225388511260509
3561	0	0	0.7010633021812678
3561	0	1	0.6942415814237879
3561	0	2	0.4310425828114168
3561	1	0	0.44035681562243034
3561	1	1	0.031559206033670684
3561	1	2	0.033423520415040806
3562	0	0	0.813175725817843
3562	0	1	0.7992276571418737
3562	0	2	0.4173009885114297
3562	1	0	0.48302810232814136
3562	1	1	0.0620157129671496
3562	1	2	0.13396729069074503
3563	0	0	0.560337686623054
3563	0	1	0.5299949049801302
3563	0	2	0.46643330392842935
3563	1	0	0.45054583716233937
3563	1	1	0.0963761802882071
3563	1	2	0.09637610882648982
3564	0	0	0.8084883505650332
3564	0	1	0.7801428055993613
3564	0	2	0.44177649253062845
3564	1	0	0.44216174120495316
3564	1	1	0.03537769080733992
3564	1	2	0.03517846645254043
3565	0	0	0.6587799091314437
3565	0	1	0.5921666899069649
3565	0	2	0.41581069519404673
3565	1	0	0.4470730149809533
3565	1	1	0.03707768758554722
3565	1	2	0.03706452004873237
3566	0	0	0.559991305696859
3566	0	1	0.531406881475623
3566	0	2	0.46972556548908095
3566	1	0	0.3551816555146794
3566	1	1	0.029786337613877348
3566	1	2	0.028371194232577918
3567	0	0	0.8236354425174082
3567	0	1	0.8032157581191293
3567	0	2	0.38377132067741515
3567	1	0	0.41134355016882307
3567	1	1	0.05080818274413362
3567	1	2	0.05060428202113655
3568	0	0	0.6605047744387839
3568	0	1	0.6943997426965801
3568	0	2	0.45063131822099267
3568	1	0	0.2812749835383474
3568	1	1	0.041415130147553395
3568	1	2	0.03961054736076895
3569	0	0	0.490774562428413
3569	0	1	0.4752644646863786
3569	0	2	0.44550878718897613
3569	1	0	0.4536735559757206
3569	1	1	0.031362807577805865
3569	1	2	0.03141113854935104
3570	0	0	0.4866581860366542
3570	0	1	0.4866581860366542
3570	0	2	0.41525992994539623
3570	1	0	0.45939845640742394
3570	1	1	0.047670108185812896
3570	1	2	0.047670108183242035
3571	0	0	0.6861404757094358
3571	0	1	0.6810816999545439
3571	0	2	0.3765999924377714
3571	1	0	0.49246590033562004
3571	1	1	0.04492457267876512
3571	1	2	0.04439420061212371
3572	0	0	0.6027516731227108
3572	0	1	0.5852853205646023
3572	0	2	0.3747969171490382
3572	1	0	0.3617763759837357
3572	1	1	0.034031578327036086
3572	1	2	0.03351512759365398
3573	0	0	0.5305935616073457
3573	0	1	0.49944717249999976
3573	0	2	0.4128693190041838
3573	1	0	0.4375434056614939
3573	1	1	0.09714602441771021
3573	1	2	0.09714602422317987
3574	0	0	0.5187156358118689
3574	0	1	0.5011011018824708
3574	0	2	0.4367095121371707
3574	1	0	0.4146464377252374
3574	1	1	0.04113675509077337
3574	1	2	0.04115122583138579
3575	0	0	0.5763266954503143
3575	0	1	0.5553276858031575
3575	0	2	0.4101528045395729
3575	1	0	0.4782827820152494
3575	1	1	0.1068018214672292
3575	1	2	0.10738333442432448
3576	0	0	0.5662609577615323
3576	0	1	0.4940423927563264
3576	0	2	0.46764344752995346
3576	1	0	0.4514023624043885
3576	1	1	0.08605906442860597
3576	1	2	0.08561282104299442
3577	0	0	0.5610124324189275
3577	0	1	0.5724730002855551
3577	0	2	0.400680874901839
3577	1	0	0.446745478408955
3577	1	1	0.02723542276329334
3577	1	2	0.02744310930220492
3578	0	0	0.7257286139047823
3578	0	1	0.7185104762721936
3578	0	2	0.4202197093490624
3578	1	0	0.4280766342399001
3578	1	1	0.030923388524337805
3578	1	2	0.032084799517487037
3579	0	0	0.6450047120083924
3579	0	1	0.6204293534702252
3579	0	2	0.4568670590985511
3579	1	0	0.49312903856433943
3579	1	1	0.058309725048687894
3579	1	2	0.05872944025135708
3580	0	0	0.5728878947431328
3580	0	1	0.5775771328155219
3580	0	2	0.38892452564226676
3580	1	0	0.4682684098903414
3580	1	1	0.04314242190968107
3580	1	2	0.04333840869836644
3581	0	0	0.6584047916296325
3581	0	1	0.6307943448638631
3581	0	2	0.44663923304074027
3581	1	0	0.4615942793154881
3581	1	1	0.034005844916885006
3581	1	2	0.033420656384866174
3582	0	0	0.547008820118422
3582	0	1	0.5236422319552076
3582	0	2	0.4327241149087243
3582	1	0	0.4578548054160135
3582	1	1	0.1553630926293902
3582	1	2	0.15536309677135154
3583	0	0	0.707118358459229
3583	0	1	0.6701661718565224
3583	0	2	0.45956769374089607
3583	1	0	0.3893397865715864
3583	1	1	0.03258315768972189
3583	1	2	0.032288324242706376
3584	0	0	0.7322637085450077
3584	0	1	0.7171555935391029
3584	0	2	0.4878818158031152
3584	1	0	0.47294757356972
3584	1	1	0.028787276647256804
3584	1	2	0.028456047040631247
3585	0	0	0.6100753709077325
3585	0	1	0.6506006989811095
3585	0	2	0.4762680983367933
3585	1	0	0.4570065157673206
3585	1	1	0.05781659272930738
3585	1	2	0.058334428205377584
3586	0	0	0.5378871930816063
3586	0	1	0.5378813355406484
3586	0	2	0.39885373568979676
3586	1	0	0.3980894536863648
3586	1	1	0.04524071012195874
3586	1	2	0.044997099035921376
3587	0	0	0.6094889501003393
3587	0	1	0.5961409388665531
3587	0	2	0.44603065118650054
3587	1	0	0.4681786008537012
3587	1	1	0.03456696192709649
3587	1	2	0.03479826551634313
3588	0	0	0.5902526255500762
3588	0	1	0.5458610464885632
3588	0	2	0.45979999406236216
3588	1	0	0.4244512196661973
3588	1	1	0.03529629724029962
3588	1	2	0.03529630026720458
3589	0	0	0.7175745656326422
3589	0	1	0.7220765434435785
3589	0	2	0.48022089230781817
3589	1	0	0.3946117055146245
3589	1	1	0.024469179385786397
3589	1	2	0.025456916263398563
3590	0	0	0.728153177569355
3590	0	1	0.684322313007772
3590	0	2	0.43748233741164744
3590	1	0	0.4390113676835
3590	1	1	0.029211768810136887
3590	1	2	0.07237397631900563
3591	0	0	0.8319534897321214
3591	0	1	0.7421178167013955
3591	0	2	0.39632994493888807
3591	1	0	0.48854372813399743
3591	1	1	0.043370985372926746
3591	1	2	0.09132543473946259
3592	0	0	0.7018642067271548
3592	0	1	0.685549060189555
3592	0	2	0.4604390582154321
3592	1	0	0.44543167353181595
3592	1	1	0.10750938437290365
3592	1	2	0.1037795132604036
3593	0	0	0.8366536662824583
3593	0	1	0.6802293332057274
3593	0	2	0.4542455000029853
3593	1	0	0.46787402894214314
3593	1	1	0.029472862018590895
3593	1	2	0.07262082298544906
3594	0	0	0.6377290968603754
3594	0	1	0.6017022935033365
3594	0	2	0.42627915264227784
3594	1	0	0.4148528245112034
3594	1	1	0.06368632459030009
3594	1	2	0.06650604567649204
3595	0	0	0.5828302130633112
3595	0	1	0.61536363026578
3595	0	2	0.43991105244618806
3595	1	0	0.46913691236012744
3595	1	1	0.055496175328471925
3595	1	2	0.05566696959878814
3596	0	0	0.6227172506212723
3596	0	1	0.6225094468981393
3596	0	2	0.5730724396361189
3596	1	0	0.29244360562342525
3596	1	1	0.050821615380825524
3596	1	2	0.050814933603612625
3597	0	0	0.8842229760013074
3597	0	1	0.794771069394979
3597	0	2	0.37980947692485917
3597	1	0	0.4289267788593545
3597	1	1	0.032646916611525856
3597	1	2	0.07601294613718303
3598	0	0	0.8713914450732232
3598	0	1	0.7936995835781295
3598	0	2	0.4664687251702134
3598	1	0	0.46308692686904296
3598	1	1	0.0469172482095737
3598	1	2	0.0469172375865282
3599	0	0	0.6380829801471328
3599	0	1	0.566640576602357
3599	0	2	0.41057448403692787
3599	1	0	0.4413406363010723
3599	1	1	0.032730706024431636
3599	1	2	0.032676203101572654
3600	0	0	0.6470236363598116
3600	0	1	0.6577493414183034
3600	0	2	0.49175763314015
3600	1	0	0.42217154210366264
3600	1	1	0.028402625183546984
3600	1	2	0.031583260927842444
3601	0	0	0.6522803518429938
3601	0	1	0.6104107231850073
3601	0	2	0.4812301343277241
3601	1	0	0.4390040495463819
3601	1	1	0.04266822017350769
3601	1	2	0.042668335679607775
3602	0	0	0.7095606309386218
3602	0	1	0.6269382583343266
3602	0	2	0.47097906660212074
3602	1	0	0.46210891589162617
3602	1	1	0.13183277479686656
3602	1	2	0.13183277212553346
3603	0	0	0.6040673203787349
3603	0	1	0.5675015108135724
3603	0	2	0.45613948107712843
3603	1	0	0.48507372066438165
3603	1	1	0.050628406176887616
3603	1	2	0.04970734441944254
3604	0	0	0.6357480632299023
3604	0	1	0.6491226195596391
3604	0	2	0.434967441308986
3604	1	0	0.48532230377720753
3604	1	1	0.02590150775560239
3604	1	2	0.026784198685667948
3605	0	0	0.8329744022570649
3605	0	1	0.6362687890123176
3605	0	2	0.4913105554336795
3605	1	0	0.4607409547358278
3605	1	1	0.05194036278227866
3605	1	2	0.05220020175611953
3606	0	0	0.5782483304667381
3606	0	1	0.5831454302480417
3606	0	2	0.33540621948019345
3606	1	0	0.4334488259888106
3606	1	1	0.028941008604788182
3606	1	2	0.03315745416925228
3607	0	0	0.7811897431996611
3607	0	1	0.7957230827095445
3607	0	2	0.39563074185559577
3607	1	0	0.4295813264900232
3607	1	1	0.03748389317320064
3607	1	2	0.04722756946228411
3608	0	0	0.558268113871325
3608	0	1	0.5519903122516636
3608	0	2	0.4207478709882878
3608	1	0	0.4701654951412372
3608	1	1	0.03733957462364747
3608	1	2	0.03696936667090646
3609	0	0	0.8136853441512562
3609	0	1	0.6802379950905346
3609	0	2	0.46583797328361176
3609	1	0	0.37048923050584703
3609	1	1	0.060365724585461245
3609	1	2	0.11181177352034556
3610	0	0	0.6910059855570496
3610	0	1	0.6938011917535245
3610	0	2	0.45422380215201885
3610	1	0	0.45559243506141966
3610	1	1	0.023540930453355008
3610	1	2	0.0262205269816385
3611	0	0	0.6861155203094691
3611	0	1	0.6903489985639193
3611	0	2	0.47274974986627805
3611	1	0	0.4778681013308713
3611	1	1	0.025593889461044572
3611	1	2	0.02561306208055432
3612	0	0	0.6239020505145519
3612	0	1	0.6194739116234589
3612	0	2	0.4713890897911911
3612	1	0	0.4801855925647785
3612	1	1	0.03248840187823082
3612	1	2	0.033334839590217324
3613	0	0	0.7087399814415486
3613	0	1	0.6847068636266791
3613	0	2	0.47477351817014546
3613	1	0	0.43934885849131916
3613	1	1	0.056736967457668555
3613	1	2	0.05673696776840868
3614	0	0	0.6124181727906955
3614	0	1	0.6160727778450081
3614	0	2	0.3550382378009043
3614	1	0	0.42578095960825413
3614	1	1	0.04348005685637367
3614	1	2	0.04303459062926239
3615	0	0	0.9595233700247858
3615	0	1	0.924820922368031
3615	0	2	0.36903925800017356
3615	1	0	0.363078565506945
3615	1	1	0.03521760483960126
3615	1	2	0.0412577995124003
3616	0	0	0.9157969319788694
3616	0	1	0.8023469094241956
3616	0	2	0.42832927510862107
3616	1	0	0.44041444135279245
3616	1	1	0.0295568394908044
3616	1	2	0.029008558511154803
3617	0	0	0.6530624687488014
3617	0	1	0.6364796000293813
3617	0	2	0.3248487848852999
3617	1	0	0.4574634102975925
3617	1	1	0.07046253594140793
3617	1	2	0.07046244983650439
3618	0	0	0.6854339219133069
3618	0	1	0.6748070024701348
3618	0	2	0.49500128161011253
3618	1	0	0.4466974686656461
3618	1	1	0.03668865532957666
3618	1	2	0.037527024170183915
3619	0	0	0.8634661347908387
3619	0	1	0.7609275452174512
3619	0	2	0.46573956694821794
3619	1	0	0.33446251305885716
3619	1	1	0.08071259409813576
3619	1	2	0.11292466745456738
3620	0	0	0.6657324681074914
3620	0	1	0.7281689478966558
3620	0	2	0.461854959689879
3620	1	0	0.4750945445614576
3620	1	1	0.08205273941347319
3620	1	2	0.07789859082281467
3621	0	0	0.49590241386874934
3621	0	1	0.4714305302337912
3621	0	2	0.44880419575891434
3621	1	0	0.44282786640000793
3621	1	1	0.026943630517786546
3621	1	2	0.026951938082825033
3622	0	0	0.8758925407777061
3622	0	1	0.7049272243018565
3622	0	2	0.4983156337666007
3622	1	0	0.4938111661799274
3622	1	1	0.15766306040821898
3622	1	2	0.15824045632868805
3623	0	0	0.6267820537921527
3623	0	1	0.565087797078619
3623	0	2	0.44118257156973284
3623	1	0	0.40895351127821883
3623	1	1	0.038083860332237415
3623	1	2	0.039508384918309075
3624	0	0	0.7433310569288942
3624	0	1	0.6271915924200211
3624	0	2	0.46210180985618504
3624	1	0	0.4276555813188043
3624	1	1	0.042416667146307166
3624	1	2	0.042416692033637154
3625	0	0	0.8774973365832741
3625	0	1	0.7742517424231286
3625	0	2	0.46802562787394775
3625	1	0	0.4254577355460558
3625	1	1	0.0280812578773154
3625	1	2	0.028081258787891153
3626	0	0	0.7131754428390538
3626	0	1	0.7192027910655829
3626	0	2	0.46493874555217696
3626	1	0	0.34300609348565503
3626	1	1	0.025629319483718202
3626	1	2	0.02566611528252305
3627	0	0	0.5491765619892641
3627	0	1	0.5450376437865205
3627	0	2	0.4674658667613017
3627	1	0	0.45272691660635633
3627	1	1	0.17149301119362004
3627	1	2	0.1874829344678267
3628	0	0	0.7093546609336142
3628	0	1	0.6791791485742841
3628	0	2	0.4822913874723955
3628	1	0	0.4576278977551011
3628	1	1	0.05530391382908986
3628	1	2	0.054877479997475595
3629	0	0	0.6670584403255745
3629	0	1	0.6566722968729574
3629	0	2	0.4799740458535727
3629	1	0	0.44485825393977085
3629	1	1	0.0304214545234395
3629	1	2	0.030396539710875872
3630	0	0	0.6534241872973615
3630	0	1	0.5717360266115501
3630	0	2	0.4376046800588517
3630	1	0	0.39581326749655077
3630	1	1	0.05589724666979512
3630	1	2	0.055995896085000496
3631	0	0	0.6756002674951558
3631	0	1	0.6273107154991342
3631	0	2	0.45232634812148
3631	1	0	0.4848951406640215
3631	1	1	0.05239652789725395
3631	1	2	0.05240010834734801
3632	0	0	0.6102529755267583
3632	0	1	0.5952959210349014
3632	0	2	0.4654683160714922
3632	1	0	0.45063178187855324
3632	1	1	0.11411869202962897
3632	1	2	0.11411869000193302
3633	0	0	0.6117803103928195
3633	0	1	0.5859181072130851
3633	0	2	0.4406667001900062
3633	1	0	0.4306646834475672
3633	1	1	0.06588231273593347
3633	1	2	0.06583476416763533
3634	0	0	0.6630043624061874
3634	0	1	0.6619600774216763
3634	0	2	0.4770290769471246
3634	1	0	0.4749762712496343
3634	1	1	0.01702338856394288
3634	1	2	0.017029662844820284
3635	0	0	0.5317712714095061
3635	0	1	0.5307244788236936
3635	0	2	0.4891664497342657
3635	1	0	0.4967266443718225
3635	1	1	0.056970344861041675
3635	1	2	0.056745231434248755
3636	0	0	0.6379575758409914
3636	0	1	0.6252117526979061
3636	0	2	0.4369422819690159
3636	1	0	0.4155807057695767
3636	1	1	0.042267294749497336
3636	1	2	0.04226460971409475
3637	0	0	0.6210169140746564
3637	0	1	0.6174855440660892
3637	0	2	0.401370821261123
3637	1	0	0.4800803408020421
3637	1	1	0.13761647798434642
3637	1	2	0.13738584462944825
3638	0	0	0.5537272942180456
3638	0	1	0.5443025798146417
3638	0	2	0.4667746989959663
3638	1	0	0.4561999149649585
3638	1	1	0.115902369521686
3638	1	2	0.11591430904291962
3639	0	0	0.6070920165308611
3639	0	1	0.5963083277217485
3639	0	2	0.3048534943115859
3639	1	0	0.39143250058244444
3639	1	1	0.027478649720976828
3639	1	2	0.027589577511088564
3640	0	0	0.5937190239541312
3640	0	1	0.580577000078838
3640	0	2	0.453219155469913
3640	1	0	0.4180173668201691
3640	1	1	0.038142659927151296
3640	1	2	0.03819216273230856
3641	0	0	0.5244673628519239
3641	0	1	0.5454633291199622
3641	0	2	0.45546852306852315
3641	1	0	0.45610645559838137
3641	1	1	0.0857619762343813
3641	1	2	0.08571229016315339
3642	0	0	0.6855004706455023
3642	0	1	0.6980168220757523
3642	0	2	0.4494968989764311
3642	1	0	0.3837347956432491
3642	1	1	0.03932690877249033
3642	1	2	0.039326921142971455
3643	0	0	0.5957584085566314
3643	0	1	0.5896537426922928
3643	0	2	0.4350637382014255
3643	1	0	0.44079722506579955
3643	1	1	0.05316545117646912
3643	1	2	0.05287812545405676
3644	0	0	0.652221641848235
3644	0	1	0.5755315185402394
3644	0	2	0.4897306558607683
3644	1	0	0.4593761900955437
3644	1	1	0.02282505594421294
3644	1	2	0.023195079438509236
3645	0	0	0.6091657096888815
3645	0	1	0.6118238299176991
3645	0	2	0.4096768445570227
3645	1	0	0.450064664426561
3645	1	1	0.03573376534803374
3645	1	2	0.035721252264201156
3646	0	0	0.5420953732857874
3646	0	1	0.5415015231189484
3646	0	2	0.46234586949345985
3646	1	0	0.46883645265940005
3646	1	1	0.1411497410578611
3646	1	2	0.14115905296076459
3647	0	0	0.5302457078018059
3647	0	1	0.4893030357296855
3647	0	2	0.47439828068124035
3647	1	0	0.3574956891491302
3647	1	1	0.03428237629433521
3647	1	2	0.03438782333613122
3648	0	0	0.4930607085566329
3648	0	1	0.5025030612474752
3648	0	2	0.3792861145905378
3648	1	0	0.39962892454672155
3648	1	1	0.02689238423677022
3648	1	2	0.026923016820088477
3649	0	0	0.5422058405951609
3649	0	1	0.49147053674275515
3649	0	2	0.43544647108111983
3649	1	0	0.3755369506369978
3649	1	1	0.03134174539032057
3649	1	2	0.031643770323166065
3650	0	0	0.6765665494354712
3650	0	1	0.46938882775177315
3650	0	2	0.44046382520602056
3650	1	0	0.45926770438304365
3650	1	1	0.044390936862336944
3650	1	2	0.044414284374474394
3651	0	0	0.6844136841058482
3651	0	1	0.6344401242437181
3651	0	2	0.4702895959664617
3651	1	0	0.48676593940003343
3651	1	1	0.04118862743049405
3651	1	2	0.041206514572735706
3652	0	0	0.5107551863348763
3652	0	1	0.4861670459112678
3652	0	2	0.41012902864948175
3652	1	0	0.45962248272097433
3652	1	1	0.13987611729161203
3652	1	2	0.1398535595546466
3653	0	0	0.5623022964064417
3653	0	1	0.5564146824223914
3653	0	2	0.4826515372089081
3653	1	0	0.4628368987138997
3653	1	1	0.04341028531798018
3653	1	2	0.04341045474786047
3654	0	0	0.6262724121636931
3654	0	1	0.6242421509179438
3654	0	2	0.4225535282735819
3654	1	0	0.3274892723239695
3654	1	1	0.11696221741529685
3654	1	2	0.1169615082635226
3655	0	0	0.6117059692657125
3655	0	1	0.5806088334695814
3655	0	2	0.4804391564336573
3655	1	0	0.49052355100803297
3655	1	1	0.03900372006614296
3655	1	2	0.0390442515548786
3656	0	0	0.6550556693249812
3656	0	1	0.6547848185021319
3656	0	2	0.48076660189972376
3656	1	0	0.44879127166232313
3656	1	1	0.029391416758070957
3656	1	2	0.028764429815549095
3657	0	0	0.5258374018963293
3657	0	1	0.4947949055028402
3657	0	2	0.407997647020394
3657	1	0	0.4470318035423518
3657	1	1	0.04042409894498923
3657	1	2	0.0404219937074463
3658	0	0	0.6056831436208233
3658	0	1	0.5951652599034544
3658	0	2	0.4514717317636355
3658	1	0	0.36510140964118537
3658	1	1	0.026951159560782034
3658	1	2	0.027115574165504322
3659	0	0	0.5045886687569184
3659	0	1	0.4938694778033904
3659	0	2	0.4506455435996948
3659	1	0	0.4571220867706946
3659	1	1	0.07584494188320187
3659	1	2	0.07582743497416149
3660	0	0	0.5326029581002283
3660	0	1	0.51348211227137
3660	0	2	0.4428506935637846
3660	1	0	0.4351113354936946
3660	1	1	0.029928017792416786
3660	1	2	0.03048444416784024
3661	0	0	0.5776731551773111
3661	0	1	0.5710199376895335
3661	0	2	0.47645302059100963
3661	1	0	0.4710715103166074
3661	1	1	0.139097418494999
3661	1	2	0.13904113902935958
3662	0	0	0.7877263983653036
3662	0	1	0.7059527915261201
3662	0	2	0.47507251224990366
3662	1	0	0.4268114711817571
3662	1	1	0.032973808797161386
3662	1	2	0.03290840881707166
3663	0	0	0.6788261764776672
3663	0	1	0.6215002697283232
3663	0	2	0.45775509313305884
3663	1	0	0.4334460441486856
3663	1	1	0.019262374293767787
3663	1	2	0.019328250994692778
3664	0	0	0.6351083279711183
3664	0	1	0.5985775455584292
3664	0	2	0.39672458072782435
3664	1	0	0.4884580262869809
3664	1	1	0.07194557781283435
3664	1	2	0.07194556943560548
3665	0	0	0.6142216524897643
3665	0	1	0.558201942184549
3665	0	2	0.4034791163445024
3665	1	0	0.45687913000986224
3665	1	1	0.02173018697255069
3665	1	2	0.021725061832538348
3666	0	0	0.5294813662203671
3666	0	1	0.5010992521682085
3666	0	2	0.45744046207678174
3666	1	0	0.42751375484179927
3666	1	1	0.14416659062789544
3666	1	2	0.14416658883740557
3667	0	0	0.5084803085602309
3667	0	1	0.5084803149472394
3667	0	2	0.40559268753590483
3667	1	0	0.4637179833176694
3667	1	1	0.06907749312777836
3667	1	2	0.06904409420813852
3668	0	0	0.500503758388675
3668	0	1	0.5122971995252948
3668	0	2	0.4706118758760428
3668	1	0	0.4542181338782948
3668	1	1	0.02899366227872413
3668	1	2	0.028993654691398654
3669	0	0	0.5987840157235902
3669	0	1	0.597620106014605
3669	0	2	0.30554160935095387
3669	1	0	0.4569835388323994
3669	1	1	0.021710777995944036
3669	1	2	0.021969455927047826
3670	0	0	0.6405309849992485
3670	0	1	0.6582644857873492
3670	0	2	0.41775511179624875
3670	1	0	0.45037926156815594
3670	1	1	0.05412273530015102
3670	1	2	0.05412671551397273
3671	0	0	0.5645982154063052
3671	0	1	0.579634682100316
3671	0	2	0.46276668258569115
3671	1	0	0.3790065442152447
3671	1	1	0.026550004215385434
3671	1	2	0.027418855560971025
3672	0	0	0.6660757091171814
3672	0	1	0.6964217592764631
3672	0	2	0.4383065743879088
3672	1	0	0.42874847253657233
3672	1	1	0.08490038126112084
3672	1	2	0.09168472297396903
3673	0	0	0.6942583736244474
3673	0	1	0.6695034414411629
3673	0	2	0.40752388911126636
3673	1	0	0.37688742528716024
3673	1	1	0.02539350817326065
3673	1	2	0.03892688788416945
3674	0	0	0.6145704793427275
3674	0	1	0.5982792126425845
3674	0	2	0.36320161972170395
3674	1	0	0.43633679606263054
3674	1	1	0.13393575804550073
3674	1	2	0.1352632720268025
3675	0	0	0.5583125670604099
3675	0	1	0.5313609864705612
3675	0	2	0.4420039188756383
3675	1	0	0.4318001283271689
3675	1	1	0.07068285502674591
3675	1	2	0.07069776467736756
3676	0	0	0.5720415448690939
3676	0	1	0.5653567222903786
3676	0	2	0.47689195472274404
3676	1	0	0.46862959336007054
3676	1	1	0.13242134975193148
3676	1	2	0.13242137251151698
3677	0	0	0.6407454925171596
3677	0	1	0.602823252424229
3677	0	2	0.4648330983341378
3677	1	0	0.4187825765428931
3677	1	1	0.03766389919722109
3677	1	2	0.0376527781921923
3678	0	0	0.6293880977683479
3678	0	1	0.6337151732099163
3678	0	2	0.37828300556531325
3678	1	0	0.47759474314163297
3678	1	1	0.08109725984741359
3678	1	2	0.10316590729022308
3679	0	0	0.676504810630739
3679	0	1	0.6567525075440552
3679	0	2	0.4943254106651329
3679	1	0	0.4211509618745825
3679	1	1	0.04628154134422158
3679	1	2	0.05087173598322993
3680	0	0	0.49451044367815367
3680	0	1	0.49451044367815367
3680	0	2	0.43800477046904795
3680	1	0	0.48548473267212017
3680	1	1	0.033045958354536595
3680	1	2	0.03311265119194959
3681	0	0	0.4753159867750366
3681	0	1	0.45474664182329516
3681	0	2	0.4454329832528408
3681	1	0	0.4243594553497026
3681	1	1	0.04554608795083738
3681	1	2	0.04554600746690676
3682	0	0	0.574672918931685
3682	0	1	0.5410672212050696
3682	0	2	0.4977681202666995
3682	1	0	0.44136445948298464
3682	1	1	0.22846071657067
3682	1	2	0.22846643994106097
3683	0	0	0.6055513626239812
3683	0	1	0.6010695359331536
3683	0	2	0.45666177727940727
3683	1	0	0.4865183962899338
3683	1	1	0.13974236666283346
3683	1	2	0.1397419529235176
3684	0	0	0.8468107173686925
3684	0	1	0.7777230008562858
3684	0	2	0.4621467447077545
3684	1	0	0.4303771839302772
3684	1	1	0.1855594437313
3684	1	2	0.3546660176998036
3685	0	0	0.8283896000254626
3685	0	1	0.8612365136018192
3685	0	2	0.47296904435271503
3685	1	0	0.4390571688215333
3685	1	1	0.013599968665795562
3685	1	2	0.15272502307875396
3686	0	0	0.48910444285495003
3686	0	1	0.4882859989438476
3686	0	2	0.46777408207782517
3686	1	0	0.4310063837398719
3686	1	1	0.10963064768788527
3686	1	2	0.10963060472770225
3687	0	0	0.4903377056235046
3687	0	1	0.4882180684469759
3687	0	2	0.3691333485491004
3687	1	0	0.46536910678288723
3687	1	1	0.029680874028204213
3687	1	2	0.02968078865921578
3688	0	0	0.6935016926455349
3688	0	1	0.5968319322007954
3688	0	2	0.4411586579142807
3688	1	0	0.41486403507112546
3688	1	1	0.04194911786263596
3688	1	2	0.05073143236122592
3689	0	0	0.49577414558152155
3689	0	1	0.48871361542510977
3689	0	2	0.41481843754844916
3689	1	0	0.4652383781724396
3689	1	1	0.06533376786404925
3689	1	2	0.0653335698140755
3690	0	0	0.6156259205140524
3690	0	1	0.6541054112687821
3690	0	2	0.46780850576362665
3690	1	0	0.40307029185633614
3690	1	1	0.09988998960875783
3690	1	2	0.12106809708670384
3691	0	0	0.4991786222788472
3691	0	1	0.4962337367428082
3691	0	2	0.4888584681059955
3691	1	0	0.4962337367428082
3691	1	1	0.06955610428112881
3691	1	2	0.06955610419414403
3692	0	0	0.6175880773741662
3692	0	1	0.6183686308152931
3692	0	2	0.45830746829470076
3692	1	0	0.4517793428633793
3692	1	1	0.056664129887330494
3692	1	2	0.05737806807928568
3693	0	0	0.6386332980984482
3693	0	1	0.6247164869247631
3693	0	2	0.4611210114423655
3693	1	0	0.46731392021237056
3693	1	1	0.03929374930917845
3693	1	2	0.03816930870233673
3694	0	0	0.605130620380123
3694	0	1	0.6109598241465954
3694	0	2	0.4424330925209771
3694	1	0	0.43870997806602346
3694	1	1	0.04714214311149936
3694	1	2	0.04750015927230396
3695	0	0	0.543880131561101
3695	0	1	0.5362209558820097
3695	0	2	0.4751491534491421
3695	1	0	0.4820224654790768
3695	1	1	0.029005953186375333
3695	1	2	0.029007201592560677
3696	0	0	0.5992117275952978
3696	0	1	0.5902616324404244
3696	0	2	0.45909061437846566
3696	1	0	0.41922187213026174
3696	1	1	0.04061234361535142
3696	1	2	0.04676979164028572
3697	0	0	0.536418396258004
3697	0	1	0.4921366209127087
3697	0	2	0.4516899464827631
3697	1	0	0.45084980777546707
3697	1	1	0.03741298871409447
3697	1	2	0.03741298886644835
3698	0	0	0.6020730360433248
3698	0	1	0.5942535394598198
3698	0	2	0.46448630313918493
3698	1	0	0.46040903297228547
3698	1	1	0.034460072844321815
3698	1	2	0.03455588457989496
3699	0	0	0.6550597973319108
3699	0	1	0.6369404173004394
3699	0	2	0.4914920108134635
3699	1	0	0.47683414015843195
3699	1	1	0.16143104377512743
3699	1	2	0.16150999330634178
3700	0	0	0.4980933074229962
3700	0	1	0.46902089802561653
3700	0	2	0.3805947930231206
3700	1	0	0.411074195953657
3700	1	1	0.099953587345545
3700	1	2	0.10014072924900116
3701	0	0	0.6347904286590071
3701	0	1	0.6001161699682529
3701	0	2	0.4580842380378722
3701	1	0	0.47306076665923813
3701	1	1	0.04102470702348496
3701	1	2	0.041087294998269755
3702	0	0	0.5353708253491861
3702	0	1	0.5312117790173458
3702	0	2	0.42149308003379515
3702	1	0	0.47517714845637393
3702	1	1	0.08722880331894654
3702	1	2	0.08722880230502358
3703	0	0	0.5564864257160328
3703	0	1	0.5390565520388914
3703	0	2	0.45775144131891726
3703	1	0	0.45641613705592565
3703	1	1	0.06017984646689262
3703	1	2	0.06019283179944025
3704	0	0	0.5646124389553759
3704	0	1	0.5342119393100943
3704	0	2	0.45330558798983644
3704	1	0	0.4604470040189913
3704	1	1	0.04042357704864566
3704	1	2	0.040311626082601346
3705	0	0	0.6608328337727293
3705	0	1	0.6624180850396209
3705	0	2	0.4233739496914386
3705	1	0	0.4686022412096981
3705	1	1	0.030055888439307468
3705	1	2	0.029904293090200554
3706	0	0	0.5185080230436344
3706	0	1	0.5256696378528353
3706	0	2	0.4606625280078144
3706	1	0	0.46142301047750495
3706	1	1	0.052728851494810686
3706	1	2	0.052570703410579595
3707	0	0	0.6852775548041459
3707	0	1	0.6396323854057474
3707	0	2	0.3620260061622264
3707	1	0	0.47106072070741106
3707	1	1	0.04047508388483312
3707	1	2	0.04014497437327083
3708	0	0	0.542583369952581
3708	0	1	0.5177565628639519
3708	0	2	0.4593648359715723
3708	1	0	0.4161441623241629
3708	1	1	0.07310554777308642
3708	1	2	0.09289571782877336
3709	0	0	0.7810140330121356
3709	0	1	0.7924718178010541
3709	0	2	0.47074408926351835
3709	1	0	0.45219292355406415
3709	1	1	0.047463441932335496
3709	1	2	0.09069230138621649
3710	0	0	0.5701283895956264
3710	0	1	0.5216360793826249
3710	0	2	0.41026849894923456
3710	1	0	0.4219797938157122
3710	1	1	0.020393178789743144
3710	1	2	0.027399744416925137
3711	0	0	0.6047682061580532
3711	0	1	0.5680918968261202
3711	0	2	0.4331513091295761
3711	1	0	0.4396028472502434
3711	1	1	0.018677787959014383
3711	1	2	0.026327990648867927
3712	0	0	0.6474385337796797
3712	0	1	0.6420525928264103
3712	0	2	0.4220659805733634
3712	1	0	0.4529608588138214
3712	1	1	0.022721486566432803
3712	1	2	0.030025166180123034
3713	0	0	0.6572619738788291
3713	0	1	0.611368330394333
3713	0	2	0.4574259496806413
3713	1	0	0.4739937497039261
3713	1	1	0.04336839152381397
3713	1	2	0.04463264420837276
3714	0	0	0.7070450963695527
3714	0	1	0.6875258390514758
3714	0	2	0.4683354712905659
3714	1	0	0.4741568485843974
3714	1	1	0.08167048055577325
3714	1	2	0.07676722639953652
3715	0	0	0.7309627380578844
3715	0	1	0.6189917782136667
3715	0	2	0.4701422159437921
3715	1	0	0.38136394876313995
3715	1	1	0.03118587253056848
3715	1	2	0.031057021850186106
3716	0	0	0.6833321574604486
3716	0	1	0.6341174726900022
3716	0	2	0.45482669032356626
3716	1	0	0.47543276795133915
3716	1	1	0.05077923850401875
3716	1	2	0.05077924969103109
3717	0	0	0.6153108328128559
3717	0	1	0.6138198761018018
3717	0	2	0.47180257060516945
3717	1	0	0.4632703536510673
3717	1	1	0.0317893594977591
3717	1	2	0.03178936656251735
3718	0	0	0.9991358011575273
3718	0	1	0.9983506295777048
3718	0	2	0.48135748868560274
3718	1	0	0.35628448819825076
3718	1	1	0.16459851858226354
3718	1	2	0.19392515306005617
3719	0	0	0.6532840853708375
3719	0	1	0.6836522733627433
3719	0	2	0.4421787534717205
3719	1	0	0.43488284992035897
3719	1	1	0.05169207442644551
3719	1	2	0.05189826885261266
3720	0	0	0.6226629292077697
3720	0	1	0.6236701652469974
3720	0	2	0.40283920624861635
3720	1	0	0.46776057767210966
3720	1	1	0.04087157130215867
3720	1	2	0.04087157984077189
3721	0	0	0.6704784884774635
3721	0	1	0.6387904924008122
3721	0	2	0.4549291497323624
3721	1	0	0.45669575474119
3721	1	1	0.03780743828425884
3721	1	2	0.037796146023130806
3722	0	0	0.9999782824520314
3722	0	1	1.0
3722	0	2	0.4854405269787425
3722	1	0	0.45337126656026566
3722	1	1	0.0777048700491951
3722	1	2	0.19146184647921824
3723	0	0	0.8092347404239161
3723	0	1	0.7423336466966111
3723	0	2	0.49960405321690415
3723	1	0	0.485687877755007
3723	1	1	0.05615177668320656
3723	1	2	0.056236325440299634
3724	0	0	0.7584595545803621
3724	0	1	0.7081721845569446
3724	0	2	0.4935106704888594
3724	1	0	0.37892826571935206
3724	1	1	0.06377984247971184
3724	1	2	0.0647931808344906
3725	0	0	0.6485093622908205
3725	0	1	0.6241510508365653
3725	0	2	0.44163614818499985
3725	1	0	0.43540825036965314
3725	1	1	0.032124672075252575
3725	1	2	0.03261546563177348
3726	0	0	0.7152181496062582
3726	0	1	0.699490346572694
3726	0	2	0.4441006470382015
3726	1	0	0.436153283540162
3726	1	1	0.03443872493887931
3726	1	2	0.034438727011898276
3727	0	0	0.721502815887342
3727	0	1	0.661182084878531
3727	0	2	0.4339746951757054
3727	1	0	0.4824266799131938
3727	1	1	0.039248025855341484
3727	1	2	0.03924802830876871
3728	0	0	0.6518198890600228
3728	0	1	0.6110700398212923
3728	0	2	0.45239751671516815
3728	1	0	0.3463271651143384
3728	1	1	0.04543261777305367
3728	1	2	0.04544807143288135
3729	0	0	0.6194112202370237
3729	0	1	0.6194002820717
3729	0	2	0.3591489902248706
3729	1	0	0.4647751851107361
3729	1	1	0.04250062144585903
3729	1	2	0.04246812180599528
3730	0	0	0.6995892435359009
3730	0	1	0.6312893074366656
3730	0	2	0.41971524512105574
3730	1	0	0.42850980945183054
3730	1	1	0.024197640032771472
3730	1	2	0.02419763967561031
3731	0	0	0.6647658237422314
3731	0	1	0.6602567257382281
3731	0	2	0.4479026458208592
3731	1	0	0.4503338059800147
3731	1	1	0.03038874628892259
3731	1	2	0.03037168011066743
3732	0	0	0.6942046750581952
3732	0	1	0.6878486587462516
3732	0	2	0.45424872572594277
3732	1	0	0.4472713714443286
3732	1	1	0.031240322428301798
3732	1	2	0.03129684951318244
3733	0	0	0.6935864161781515
3733	0	1	0.6549577427435211
3733	0	2	0.4744311396238108
3733	1	0	0.3326269944509595
3733	1	1	0.027882417313214697
3733	1	2	0.02801771105267753
3734	0	0	0.6488402841333505
3734	0	1	0.6416684026347232
3734	0	2	0.44466522443559386
3734	1	0	0.46521766232240064
3734	1	1	0.05974163328069411
3734	1	2	0.0597615256823502
3735	0	0	0.48599577147695033
3735	0	1	0.4841819637966434
3735	0	2	0.46161335207708354
3735	1	0	0.45117361876417544
3735	1	1	0.04530488615870443
3735	1	2	0.0453048861560732
3736	0	0	0.499503304655844
3736	0	1	0.49913080837631946
3736	0	2	0.41187947846740786
3736	1	0	0.34029822466001675
3736	1	1	0.06162529174905847
3736	1	2	0.061625291632845594
3737	0	0	0.48006882355547387
3737	0	1	0.477898707058159
3737	0	2	0.462755386744219
3737	1	0	0.4438251506792232
3737	1	1	0.04224929230136343
3737	1	2	0.04224929224955108
3738	0	0	0.48611581613517313
3738	0	1	0.47148206710101676
3738	0	2	0.47148206710101676
3738	1	0	0.44238454961332957
3738	1	1	0.11196826724482016
3738	1	2	0.11196826699635502
3739	0	0	0.4861572048601492
3739	0	1	0.4808281029079608
3739	0	2	0.45476550649118735
3739	1	0	0.43359729494421484
3739	1	1	0.034737426906605834
3739	1	2	0.03473742690633436
3740	0	0	0.6371940378105849
3740	0	1	0.6370773871485316
3740	0	2	0.4403125228685246
3740	1	0	0.3775197077789258
3740	1	1	0.03654806422957907
3740	1	2	0.03654827477188233
3741	0	0	0.6491110932356887
3741	0	1	0.6327940196969981
3741	0	2	0.3449507040438792
3741	1	0	0.44055418891940945
3741	1	1	0.21808266049841812
3741	1	2	0.375378969575302
3742	0	0	0.7185855022676484
3742	0	1	0.6404200887743862
3742	0	2	0.4497356561587199
3742	1	0	0.4238875790940088
3742	1	1	0.035337496310016925
3742	1	2	0.0955931144502144
3743	0	0	0.771943256375818
3743	0	1	0.7564106854662539
3743	0	2	0.4747894105321588
3743	1	0	0.41095171773060046
3743	1	1	0.16068943236781416
3743	1	2	0.17448046484436922
3744	0	0	0.6505833140212899
3744	0	1	0.5466903468018034
3744	0	2	0.4992738561119711
3744	1	0	0.48359078137653005
3744	1	1	0.09538310912669443
3744	1	2	0.09492487867932023
3745	0	0	0.6093895396376949
3745	0	1	0.622419463301648
3745	0	2	0.42631178734904523
3745	1	0	0.46334924544516765
3745	1	1	0.03487347306213236
3745	1	2	0.03177401358146506
3746	0	0	0.6001953581840348
3746	0	1	0.5565969202426941
3746	0	2	0.44800637698211054
3746	1	0	0.44830261941604405
3746	1	1	0.06941818815513617
3746	1	2	0.0694498073518844
3747	0	0	0.9314324460913699
3747	0	1	0.901586565614521
3747	0	2	0.4776900467567863
3747	1	0	0.45367365091460654
3747	1	1	0.06315489068632264
3747	1	2	0.11462721953553948
3748	0	0	0.5556789687802026
3748	0	1	0.572402060711478
3748	0	2	0.47393552332725747
3748	1	0	0.45288327552560337
3748	1	1	0.02891752592834125
3748	1	2	0.02211965976856202
3749	0	0	0.7934729007877548
3749	0	1	0.66634268336766
3749	0	2	0.48576861105645286
3749	1	0	0.46775888500851065
3749	1	1	0.04444120178559925
3749	1	2	0.06154283168699995
3750	0	0	0.6597097108645016
3750	0	1	0.6803032896817968
3750	0	2	0.4109589256497842
3750	1	0	0.36227016613557644
3750	1	1	0.09078094602401106
3750	1	2	0.09053922620580195
3751	0	0	0.6421346340837715
3751	0	1	0.5311446261704016
3751	0	2	0.3718508355714568
3751	1	0	0.286471362262855
3751	1	1	0.02840994392283458
3751	1	2	0.027289781382741657
3752	0	0	0.7189085265827688
3752	0	1	0.6896126436587461
3752	0	2	0.394419151220182
3752	1	0	0.45493273020730485
3752	1	1	0.03290746574586373
3752	1	2	0.02942076361240778
3753	0	0	0.6756945549954401
3753	0	1	0.6588898541925177
3753	0	2	0.4576684228390364
3753	1	0	0.39088133235464095
3753	1	1	0.08652079313211102
3753	1	2	0.08640453771321523
3754	0	0	0.7099535906841582
3754	0	1	0.5742572018363783
3754	0	2	0.4514343194815893
3754	1	0	0.47966043359393035
3754	1	1	0.15905348659526683
3754	1	2	0.15905348554014806
3755	0	0	0.6152614074473802
3755	0	1	0.59641132047163
3755	0	2	0.49548227585596105
3755	1	0	0.42590071711870525
3755	1	1	0.0812685397114347
3755	1	2	0.08112339306169761
3756	0	0	0.7022639278612037
3756	0	1	0.6532773154082765
3756	0	2	0.4038879132802072
3756	1	0	0.484875650003252
3756	1	1	0.04223668892684704
3756	1	2	0.041338295787930815
3757	0	0	0.6024398999401952
3757	0	1	0.583872274773396
3757	0	2	0.4700721627993424
3757	1	0	0.48916288333539193
3757	1	1	0.11880988934387336
3757	1	2	0.11878648735443158
3758	0	0	0.6302648136092318
3758	0	1	0.6839626679239144
3758	0	2	0.4957785954405153
3758	1	0	0.4720545818529697
3758	1	1	0.06975209630079718
3758	1	2	0.06952298344475474
3759	0	0	0.8231441417983913
3759	0	1	0.7845879134389819
3759	0	2	0.43889452579428057
3759	1	0	0.4110067131922732
3759	1	1	0.03873355436994241
3759	1	2	0.07307787968750458
3760	0	0	0.8139212886833793
3760	0	1	0.6366409479780109
3760	0	2	0.4618360169976915
3760	1	0	0.45939218399206433
3760	1	1	0.04917674985770566
3760	1	2	0.06907746993387182
3761	0	0	0.7666435990264961
3761	0	1	0.6700158185869769
3761	0	2	0.47749468324968924
3761	1	0	0.4679128790176348
3761	1	1	0.06143375377139125
3761	1	2	0.05593402931012181
3762	0	0	0.5697303165359024
3762	0	1	0.5686119513832597
3762	0	2	0.44839900527273924
3762	1	0	0.4938443868505279
3762	1	1	0.02864808603409684
3762	1	2	0.028603564528024428
3763	0	0	0.5498524181998359
3763	0	1	0.549372435291517
3763	0	2	0.48805636899711596
3763	1	0	0.45994653014156617
3763	1	1	0.049967792146234744
3763	1	2	0.04979758738806844
3764	0	0	0.4990277637716819
3764	0	1	0.49265768062274
3764	0	2	0.45372076152945207
3764	1	0	0.4399777346661421
3764	1	1	0.03128092623514518
3764	1	2	0.03138672586139557
3765	0	0	0.5656429261220273
3765	0	1	0.5847249503296479
3765	0	2	0.45663083819222633
3765	1	0	0.4627204031060455
3765	1	1	0.03967589052791254
3765	1	2	0.039696687673689515
3766	0	0	0.7443298645301559
3766	0	1	0.7387555433153337
3766	0	2	0.4226936748140686
3766	1	0	0.4852665525644156
3766	1	1	0.07559882047085682
3766	1	2	0.08318807088657526
3767	0	0	0.6151739770696221
3767	0	1	0.5752920597221332
3767	0	2	0.46034838906653486
3767	1	0	0.43074159232218084
3767	1	1	0.05791113742377989
3767	1	2	0.05887987909774754
3768	0	0	0.5362663328352756
3768	0	1	0.577244237769683
3768	0	2	0.45514815517402196
3768	1	0	0.4775777102802374
3768	1	1	0.09994186585865003
3768	1	2	0.11834894297788465
3769	0	0	0.7284114572615272
3769	0	1	0.6686760760459763
3769	0	2	0.4731336164445058
3769	1	0	0.41819831952371445
3769	1	1	0.05352341955091541
3769	1	2	0.05352344213779499
3770	0	0	0.5492616731314759
3770	0	1	0.5034971708384522
3770	0	2	0.43820883840138813
3770	1	0	0.45211258886292344
3770	1	1	0.019611321301065215
3770	1	2	0.019638813272500097
3771	0	0	0.6524394189624514
3771	0	1	0.6329623598237524
3771	0	2	0.4839655991823617
3771	1	0	0.4287625609470097
3771	1	1	0.03201924509515218
3771	1	2	0.03219002384679097
3772	0	0	0.723626485567981
3772	0	1	0.7206576367563959
3772	0	2	0.4450325294041161
3772	1	0	0.4200983730340548
3772	1	1	0.04927737689307071
3772	1	2	0.05151740641237673
3773	0	0	0.6989583187427391
3773	0	1	0.6597103514130694
3773	0	2	0.3377992400119657
3773	1	0	0.42642860122276927
3773	1	1	0.06675190861711434
3773	1	2	0.06659298874222219
3774	0	0	0.5593055609915224
3774	0	1	0.5146785833134637
3774	0	2	0.4306258965750635
3774	1	0	0.2714024489766045
3774	1	1	0.035980817877683494
3774	1	2	0.036016092733819435
3775	0	0	0.7783393541391481
3775	0	1	0.73918234506077
3775	0	2	0.4321855966084659
3775	1	0	0.4780305329100019
3775	1	1	0.04966143303816979
3775	1	2	0.05112829702593913
3776	0	0	0.67148978797326
3776	0	1	0.6079010631221218
3776	0	2	0.4022524894866131
3776	1	0	0.46652585504979815
3776	1	1	0.06263758107628682
3776	1	2	0.06265571467706932
3777	0	0	0.6790038416804165
3777	0	1	0.6128326476729515
3777	0	2	0.4138858535764154
3777	1	0	0.44331103655199894
3777	1	1	0.06045950984607376
3777	1	2	0.06072374866951866
3778	0	0	0.620238652940536
3778	0	1	0.5531510602946501
3778	0	2	0.45796082116543807
3778	1	0	0.4748619818822795
3778	1	1	0.0393370208925309
3778	1	2	0.039403774781211626
3779	0	0	0.5782036989755929
3779	0	1	0.6084451087000474
3779	0	2	0.4492073166598924
3779	1	0	0.40237032330604594
3779	1	1	0.04812037521590412
3779	1	2	0.04812037653661551
3780	0	0	0.5955233505990671
3780	0	1	0.5949489549460054
3780	0	2	0.4796647759098226
3780	1	0	0.41942267636116315
3780	1	1	0.05042266034282773
3780	1	2	0.05174481263359787
3781	0	0	0.6332152537029828
3781	0	1	0.6097728850428501
3781	0	2	0.467401945133882
3781	1	0	0.36218803464891314
3781	1	1	0.04266133057882396
3781	1	2	0.042702825124358995
3782	0	0	0.5643232352408751
3782	0	1	0.5559294107820865
3782	0	2	0.48476702141457934
3782	1	0	0.3844851709308079
3782	1	1	0.021785927813877337
3782	1	2	0.024447019560316363
3783	0	0	0.68768745430373
3783	0	1	0.7208165545168195
3783	0	2	0.5973869721052538
3783	1	0	0.4650732641246269
3783	1	1	0.044574404631677444
3783	1	2	0.06289051567095752
3784	0	0	0.4936651383385236
3784	0	1	0.4936651383385236
3784	0	2	0.48833213253969554
3784	1	0	0.34727679356537494
3784	1	1	0.03336698097743118
3784	1	2	0.03336690215853813
3785	0	0	0.48567731634423383
3785	0	1	0.48567731634423383
3785	0	2	0.4413249778024423
3785	1	0	0.42004102632958107
3785	1	1	0.04160400089979607
3785	1	2	0.04160400089754564
3786	0	0	0.5611130766180389
3786	0	1	0.5555126660770616
3786	0	2	0.4778683991376965
3786	1	0	0.39859024667674586
3786	1	1	0.5463256875412543
3786	1	2	0.5818251862493119
3787	0	0	0.6777235486691922
3787	0	1	0.6351597411347933
3787	0	2	0.47871700521965865
3787	1	0	0.4761161628220831
3787	1	1	0.2876868958241471
3787	1	2	0.3042037018430365
3788	0	0	0.47255200892132826
3788	0	1	0.47255200892132826
3788	0	2	0.4288014456619142
3788	1	0	0.4588203967909622
3788	1	1	0.045824155498610464
3788	1	2	0.04582408904534664
3789	0	0	0.495678372775711
3789	0	1	0.495678372775711
3789	0	2	0.4358763563029686
3789	1	0	0.46931035107201213
3789	1	1	0.044483345635613736
3789	1	2	0.044483296983778856
3790	0	0	0.49568138942783796
3790	0	1	0.49568138942783796
3790	0	2	0.46718316130399373
3790	1	0	0.4627384864503499
3790	1	1	0.10458676100817414
3790	1	2	0.1045866752264149
3791	0	0	0.49449142257695855
3791	0	1	0.49449142257695855
3791	0	2	0.4338297475200839
3791	1	0	0.4858976677915048
3791	1	1	0.04158201129420391
3791	1	2	0.041582011291505946
3792	0	0	0.4900364067316655
3792	0	1	0.4900364067316655
3792	0	2	0.45623232855954754
3792	1	0	0.44264241827828915
3792	1	1	0.12281376131679393
3792	1	2	0.12281376105798474
3793	0	0	0.48074627588111024
3793	0	1	0.4758443105796074
3793	0	2	0.3903560792748452
3793	1	0	0.4350205534015584
3793	1	1	0.11292063299188031
3793	1	2	0.11292057827178811
3794	0	0	0.49211822128386357
3794	0	1	0.49211822128386357
3794	0	2	0.46642166490886444
3794	1	0	0.49211822128386357
3794	1	1	0.0655988515101753
3794	1	2	0.06559862748988243
3795	0	0	0.47077966396137405
3795	0	1	0.4674664355743113
3795	0	2	0.43182803255066693
3795	1	0	0.3852286925919705
3795	1	1	0.028519144983119263
3795	1	2	0.028519144982134814
3796	0	0	0.49600997131666646
3796	0	1	0.49600997131666646
3796	0	2	0.46615665639404963
3796	1	0	0.47995233046210717
3796	1	1	0.05468933952048201
3796	1	2	0.05468916502712587
3797	0	0	0.48342340393529093
3797	0	1	0.48342340393529093
3797	0	2	0.44524089174613163
3797	1	0	0.4256730345085941
3797	1	1	0.05905953745932489
3797	1	2	0.059059447898727205
3798	0	0	0.4876962794504963
3798	0	1	0.4835903170087788
3798	0	2	0.33249891612448695
3798	1	0	0.32326827758746723
3798	1	1	0.033051156032563714
3798	1	2	0.033051102014776915
3799	0	0	0.48318275911926856
3799	0	1	0.48318275911926856
3799	0	2	0.3755656280519949
3799	1	0	0.4706359948163805
3799	1	1	0.030531560198407387
3799	1	2	0.030531560184244397
3800	0	0	0.4995750637242279
3800	0	1	0.4995750637242279
3800	0	2	0.4995750637242279
3800	1	0	0.4864917932411101
3800	1	1	0.10503089191071262
3800	1	2	0.10503084449538379
3801	0	0	0.4912366497465809
3801	0	1	0.4912366497465809
3801	0	2	0.4254985523976832
3801	1	0	0.39956877438573674
3801	1	1	0.09214267666580639
3801	1	2	0.09214267649606377
3802	0	0	0.6374476018442019
3802	0	1	0.6024501875977928
3802	0	2	0.4405048880667164
3802	1	0	0.4367035547486639
3802	1	1	0.2193644240257946
3802	1	2	0.24599664767860946
3803	0	0	0.6392010898255134
3803	0	1	0.6283897523001046
3803	0	2	0.4787274096065358
3803	1	0	0.48196807430110494
3803	1	1	0.18905474475217077
3803	1	2	0.1890547445868137
3804	0	0	0.625039325615836
3804	0	1	0.6260705586047373
3804	0	2	0.4439764556667287
3804	1	0	0.4414890220875897
3804	1	1	0.0723906809851322
3804	1	2	0.10450104050953103
3805	0	0	0.5533565829822871
3805	0	1	0.5535583202129144
3805	0	2	0.436690303418795
3805	1	0	0.37958081494199297
3805	1	1	0.09332421641480944
3805	1	2	0.09485524433434903
3806	0	0	0.8371051058677761
3806	0	1	0.7350812097452681
3806	0	2	0.4189644352366468
3806	1	0	0.47940487389450337
3806	1	1	0.0787740512481305
3806	1	2	0.08112546203256314
3807	0	0	0.7625460819365053
3807	0	1	0.6556474613559553
3807	0	2	0.44759800173137676
3807	1	0	0.4314423890460313
3807	1	1	0.02144073099541184
3807	1	2	0.041927287392209786
3808	0	0	0.9956712472159313
3808	0	1	0.8761488716572263
3808	0	2	0.4416535449329091
3808	1	0	0.4595960579149466
3808	1	1	0.04746537667731386
3808	1	2	0.07470497824827008
3809	0	0	0.764403685895511
3809	0	1	0.7278938427415369
3809	0	2	0.47089548337625686
3809	1	0	0.4037347790265066
3809	1	1	0.03356463257419763
3809	1	2	0.05601430315844773
3810	0	0	0.7256902478907663
3810	0	1	0.723130727333757
3810	0	2	0.521823325445484
3810	1	0	0.3498211595577303
3810	1	1	0.08556474029470891
3810	1	2	0.08521241541663424
3811	0	0	0.6807064845737384
3811	0	1	0.6651026748384453
3811	0	2	0.4683944804800838
3811	1	0	0.4843466663580914
3811	1	1	0.04773075611956555
3811	1	2	0.04844827165536329
3812	0	0	0.6819767386062656
3812	0	1	0.6231264502334473
3812	0	2	0.42298976310366243
3812	1	0	0.45982716784983846
3812	1	1	0.04420371540249751
3812	1	2	0.03958729423941239
3813	0	0	0.6356971805467521
3813	0	1	0.6234463656249858
3813	0	2	0.4643662500531138
3813	1	0	0.4878688919053183
3813	1	1	0.0638674848780128
3813	1	2	0.06387455154723204
3814	0	0	0.6338267394470956
3814	0	1	0.5684432044312366
3814	0	2	0.4186274749586577
3814	1	0	0.4162734982961945
3814	1	1	0.15420961175101977
3814	1	2	0.15415396902459108
3815	0	0	0.5441073581944088
3815	0	1	0.5216276466626529
3815	0	2	0.44764260907357745
3815	1	0	0.4776075550037831
3815	1	1	0.13181107030409955
3815	1	2	0.1317994029090703
3816	0	0	0.5295352903277164
3816	0	1	0.5058412586960446
3816	0	2	0.43631888701535615
3816	1	0	0.44160049294358317
3816	1	1	0.05538723245350123
3816	1	2	0.05538877908706415
3817	0	0	0.622628613182235
3817	0	1	0.5488955351760956
3817	0	2	0.4545412567424789
3817	1	0	0.4716081685166221
3817	1	1	0.036412169489521445
3817	1	2	0.03640390288436561
3818	0	0	0.6212123235416963
3818	0	1	0.6089951242086844
3818	0	2	0.4781768705988605
3818	1	0	0.4372557207726346
3818	1	1	0.1250089366884342
3818	1	2	0.12499272354947606
3819	0	0	0.5558767491069243
3819	0	1	0.49879673576675365
3819	0	2	0.4860760530375451
3819	1	0	0.42265507473763836
3819	1	1	0.10377335361151811
3819	1	2	0.10377344192392556
3820	0	0	0.6107229664573706
3820	0	1	0.55193234897434
3820	0	2	0.39209168014654106
3820	1	0	0.4258940261844545
3820	1	1	0.022986172670443825
3820	1	2	0.022986055976696257
3821	0	0	0.5708544146191562
3821	0	1	0.5799266941234592
3821	0	2	0.449673070639286
3821	1	0	0.405484964439758
3821	1	1	0.030483606475928376
3821	1	2	0.03006107885115293
3822	0	0	0.5595570805229275
3822	0	1	0.5514289710486543
3822	0	2	0.4234331520624032
3822	1	0	0.46735630500179354
3822	1	1	0.09923325405833153
3822	1	2	0.09925405597959208
3823	0	0	0.5749922446670848
3823	0	1	0.5775483280905991
3823	0	2	0.44900910600514093
3823	1	0	0.4215927480606904
3823	1	1	0.03541310453159981
3823	1	2	0.03513299603585346
3824	0	0	0.6739896636775395
3824	0	1	0.6916656480856367
3824	0	2	0.47317868768169136
3824	1	0	0.4688381912641696
3824	1	1	0.09842483036226515
3824	1	2	0.0983152082890622
3825	0	0	0.6755793744049843
3825	0	1	0.6464777108246779
3825	0	2	0.4150472897566597
3825	1	0	0.4882040580193194
3825	1	1	0.11047808353190337
3825	1	2	0.11010971305307007
3826	0	0	0.7392709554247481
3826	0	1	0.7354753188432905
3826	0	2	0.42870063886132004
3826	1	0	0.4810086841625759
3826	1	1	0.04261884665710318
3826	1	2	0.0538837355278019
3827	0	0	0.5725368826641972
3827	0	1	0.5970666939797284
3827	0	2	0.4627062301462239
3827	1	0	0.46869073801536604
3827	1	1	0.025202381403812216
3827	1	2	0.027792854231304745
3828	0	0	0.49560997861630623
3828	0	1	0.49560997861630623
3828	0	2	0.4902054174980945
3828	1	0	0.39987541690311135
3828	1	1	0.07863085668695674
3828	1	2	0.07863078671745263
3829	0	0	0.4942779197239216
3829	0	1	0.4865622085180126
3829	0	2	0.40839854323630254
3829	1	0	0.3999446145275582
3829	1	1	0.026985963328783738
3829	1	2	0.026985918263670014
3830	0	0	0.4984151935936175
3830	0	1	0.4953023214443521
3830	0	2	0.4921007510305434
3830	1	0	0.43034343188206875
3830	1	1	0.05920204631740181
3830	1	2	0.05892963137196133
3831	0	0	0.506902653437652
3831	0	1	0.48609554961537127
3831	0	2	0.4605551637997627
3831	1	0	0.2539727117480382
3831	1	1	0.03046787132967453
3831	1	2	0.03388206387279569
3832	0	0	0.5014847557858617
3832	0	1	0.5012704320396152
3832	0	2	0.4011872031940075
3832	1	0	0.4478194416913581
3832	1	1	0.12506703450200762
3832	1	2	0.12506699984779368
3833	0	0	0.5334983257842578
3833	0	1	0.51002405315902
3833	0	2	0.3343648854886746
3833	1	0	0.3739689675655283
3833	1	1	0.04509540384444162
3833	1	2	0.04509540378482042
3834	0	0	0.49493481131623435
3834	0	1	0.49493481131623435
3834	0	2	0.4851144901248909
3834	1	0	0.4470350522045152
3834	1	1	0.05160671803287091
3834	1	2	0.051272156127869395
3835	0	0	0.5095062869108569
3835	0	1	0.5090061384259605
3835	0	2	0.4258031291839248
3835	1	0	0.4654698086822134
3835	1	1	0.04725951357957438
3835	1	2	0.04729678031459837
3836	0	0	0.6698682141769323
3836	0	1	0.6425060717703743
3836	0	2	0.4879811548782146
3836	1	0	0.46785607085751596
3836	1	1	0.0873945790979825
3836	1	2	0.08740732850399098
3837	0	0	0.49449994180961704
3837	0	1	0.49449994180961704
3837	0	2	0.48308996667017745
3837	1	0	0.40322613468049084
3837	1	1	0.021726296771813924
3837	1	2	0.021760883184381352
3838	0	0	0.49625439147786377
3838	0	1	0.48985574342167104
3838	0	2	0.41738613456878426
3838	1	0	0.4607257456553872
3838	1	1	0.04533619671153405
3838	1	2	0.045336196628591466
3839	0	0	0.5743767528441456
3839	0	1	0.5604238648753468
3839	0	2	0.42852808239575535
3839	1	0	0.452124662652258
3839	1	1	0.03811542494473072
3839	1	2	0.038115425030950334
3840	0	0	0.6077184151260733
3840	0	1	0.5616261086822816
3840	0	2	0.4612497086808486
3840	1	0	0.4221566683614796
3840	1	1	0.05016904182952851
3840	1	2	0.05016904103661231
3841	0	0	0.7195730537069731
3841	0	1	0.5810641607029089
3841	0	2	0.4848315516509043
3841	1	0	0.4392368686867215
3841	1	1	0.07286869319917438
3841	1	2	0.07705014006054116
3842	0	0	0.8191438336699873
3842	0	1	0.7434825006077992
3842	0	2	0.44632807193539104
3842	1	0	0.49127617586356065
3842	1	1	0.09433533942763507
3842	1	2	0.09433494834562987
3843	0	0	0.49519401415751374
3843	0	1	0.493022472636272
3843	0	2	0.4643002378664263
3843	1	0	0.4802348762487661
3843	1	1	0.042206560895754
3843	1	2	0.04220656097551155
3844	0	0	0.6512372070021244
3844	0	1	0.6733730377410041
3844	0	2	0.4342799170815336
3844	1	0	0.4875994742212661
3844	1	1	0.058927272717478996
3844	1	2	0.07864025458863089
3845	0	0	0.6238387208555389
3845	0	1	0.6211012691085875
3845	0	2	0.45822586177047886
3845	1	0	0.39591466051006574
3845	1	1	0.04266099944979347
3845	1	2	0.04278843114642927
3846	0	0	0.4903487793754542
3846	0	1	0.4903487793754542
3846	0	2	0.4850746093099017
3846	1	0	0.46193263452592237
3846	1	1	0.042532384787458355
3846	1	2	0.042532384785597344
3847	0	0	0.48120277059589583
3847	0	1	0.48120277059589583
3847	0	2	0.48120277059589583
3847	1	0	0.39192951942651266
3847	1	1	0.06302344451579957
3847	1	2	0.06302344451525146
3848	0	0	0.5754931162499
3848	0	1	0.5495158970271732
3848	0	2	0.45947435961972205
3848	1	0	0.43961321600948405
3848	1	1	0.045059950519832234
3848	1	2	0.04490434059742077
3849	0	0	0.5693077557901163
3849	0	1	0.5761567383621224
3849	0	2	0.4150311936770734
3849	1	0	0.4547104462839742
3849	1	1	0.037260455187149905
3849	1	2	0.03726045077633566
3850	0	0	0.5359126328915997
3850	0	1	0.5571262399388708
3850	0	2	0.45155897995451905
3850	1	0	0.4703042740927794
3850	1	1	0.028062052788360145
3850	1	2	0.02803658408186356
3851	0	0	0.49253855637364485
3851	0	1	0.4919335091486038
3851	0	2	0.4410287244313602
3851	1	0	0.4302693129905336
3851	1	1	0.020312951068559223
3851	1	2	0.020314921144106768
3852	0	0	0.48717439508400334
3852	0	1	0.4730702160043321
3852	0	2	0.4218669243516406
3852	1	0	0.39819952442529605
3852	1	1	0.08385973046164033
3852	1	2	0.08354338336447346
3853	0	0	0.48158602479748097
3853	0	1	0.48158602479748097
3853	0	2	0.4101143754768336
3853	1	0	0.4754517140534096
3853	1	1	0.09663531681909283
3853	1	2	0.0966353168181128
3854	0	0	0.48927952761014143
3854	0	1	0.4837631013031329
3854	0	2	0.38428561285941837
3854	1	0	0.4755747521593775
3854	1	1	0.03605011024042684
3854	1	2	0.03605314928731247
3855	0	0	0.4926770711434572
3855	0	1	0.4926770711434572
3855	0	2	0.4630310020077047
3855	1	0	0.4804105065326391
3855	1	1	0.047714148863478564
3855	1	2	0.04724801866265653
3856	0	0	0.48640825301535684
3856	0	1	0.46797560829633655
3856	0	2	0.45923283500472184
3856	1	0	0.372323271620741
3856	1	1	0.0336731369663556
3856	1	2	0.03367313696471004
3857	0	0	0.48766899661636187
3857	0	1	0.47730056237896185
3857	0	2	0.44918244480389125
3857	1	0	0.43006628778869455
3857	1	1	0.1572060777581482
3857	1	2	0.1572060774237145
3858	0	0	0.4869705792623062
3858	0	1	0.48594730655426654
3858	0	2	0.39459403511580593
3858	1	0	0.44866007063224334
3858	1	1	0.04442168419474758
3858	1	2	0.0444215926056649
3859	0	0	0.49796032470150964
3859	0	1	0.49796032470150964
3859	0	2	0.4675821206140875
3859	1	0	0.44736617184297234
3859	1	1	0.03851705411333542
3859	1	2	0.038517054110258714
3860	0	0	0.4953604090110202
3860	0	1	0.4953604090110202
3860	0	2	0.4343372043590171
3860	1	0	0.44430397994951065
3860	1	1	0.034852657659586034
3860	1	2	0.03485265762335567
3861	0	0	0.4878572448976927
3861	0	1	0.4878572448976927
3861	0	2	0.4283717985557206
3861	1	0	0.4848134956956974
3861	1	1	0.016516261130901738
3861	1	2	0.01651626112132984
3862	0	0	0.4915979639178501
3862	0	1	0.4903909749208243
3862	0	2	0.4765504455786066
3862	1	0	0.4661150032353181
3862	1	1	0.16974143921084406
3862	1	2	0.16974143882453524
3863	0	0	0.4867865844908329
3863	0	1	0.4867865844908329
3863	0	2	0.453963614988815
3863	1	0	0.482312481512897
3863	1	1	0.07493305842049798
3863	1	2	0.07493300303134372
3864	0	0	0.462484089837254
3864	0	1	0.462484089837254
3864	0	2	0.364842558441856
3864	1	0	0.42073057704831707
3864	1	1	0.03413341078724155
3864	1	2	0.03413332174381363
3865	0	0	0.4761646996879447
3865	0	1	0.46581827949160126
3865	0	2	0.44539318954773494
3865	1	0	0.44137579703349106
3865	1	1	0.03074186450604438
3865	1	2	0.030741864453767517
3866	0	0	0.49503867385543426
3866	0	1	0.49503867385543426
3866	0	2	0.49322983930586844
3866	1	0	0.46420870406748144
3866	1	1	0.03723569132399293
3866	1	2	0.037235691323700706
3867	0	0	0.4877832806304214
3867	0	1	0.4842294662449118
3867	0	2	0.3569738410642452
3867	1	0	0.28028169904138894
3867	1	1	0.030246695478578695
3867	1	2	0.030246615968363547
3868	0	0	0.49419971554325465
3868	0	1	0.49419971554325465
3868	0	2	0.46389912633480485
3868	1	0	0.46254090757536287
3868	1	1	0.043479474637539844
3868	1	2	0.04347947463490093
3869	0	0	0.4944016143696619
3869	0	1	0.4794288810286332
3869	0	2	0.4494986816756281
3869	1	0	0.4739550094547977
3869	1	1	0.13952716774927615
3869	1	2	0.13952716746100108
3870	0	0	0.49463694448334505
3870	0	1	0.4935004118852297
3870	0	2	0.4182352266496802
3870	1	0	0.4611325944376001
3870	1	1	0.06509766105490829
3870	1	2	0.06509743914223404
3871	0	0	0.4992080264336687
3871	0	1	0.4992080264336687
3871	0	2	0.4024607550852966
3871	1	0	0.46289028648150815
3871	1	1	0.1800735131949338
3871	1	2	0.18007351279347228
3872	0	0	0.47582312951644024
3872	0	1	0.47582312951644024
3872	0	2	0.3135271639844724
3872	1	0	0.43589133346023357
3872	1	1	0.0652138991724143
3872	1	2	0.06521381519045971
3873	0	0	0.48300055937032854
3873	0	1	0.48300055937032854
3873	0	2	0.46843818220911815
3873	1	0	0.4539994161399268
3873	1	1	0.07710956434578307
3873	1	2	0.07710948286795122
3874	0	0	0.48713312713959184
3874	0	1	0.48627285858135877
3874	0	2	0.4815877511391009
3874	1	0	0.46107203028459937
3874	1	1	0.15090367808583413
3874	1	2	0.1509035997107743
3875	0	0	0.494059110926559
3875	0	1	0.494059110926559
3875	0	2	0.4547901054526034
3875	1	0	0.4382423828377967
3875	1	1	0.039545603079342406
3875	1	2	0.039545603077332514
3876	0	0	0.4881124579531317
3876	0	1	0.48217562987775103
3876	0	2	0.452143249314565
3876	1	0	0.42544849843752774
3876	1	1	0.035733892265827974
3876	1	2	0.03573389226356208
3877	0	0	0.49267091133550656
3877	0	1	0.49267091133550656
3877	0	2	0.4533991036318512
3877	1	0	0.40259700225943973
3877	1	1	0.027140160840816482
3877	1	2	0.027140099672334494
3878	0	0	0.5674401973753778
3878	0	1	0.5123869065729366
3878	0	2	0.48047668180486724
3878	1	0	0.3999682286906627
3878	1	1	0.02545706900890217
3878	1	2	0.025760546071280685
3879	0	0	0.5484811342257219
3879	0	1	0.5216420615830079
3879	0	2	0.4773414351149711
3879	1	0	0.4460122134927978
3879	1	1	0.0980270506322261
3879	1	2	0.0980473417731675
3880	0	0	0.49833970359848007
3880	0	1	0.49833970359848007
3880	0	2	0.479479232972111
3880	1	0	0.41689289020824966
3880	1	1	0.03026500044399344
3880	1	2	0.03026825046948857
3881	0	0	0.49205317283230315
3881	0	1	0.49205317283230315
3881	0	2	0.4531492888824319
3881	1	0	0.40819848012885
3881	1	1	0.03491944439340852
3881	1	2	0.03491944439315307
3882	0	0	0.6042935094405031
3882	0	1	0.6151122193087455
3882	0	2	0.47460338351487397
3882	1	0	0.46639520251508354
3882	1	1	0.04989045107314945
3882	1	2	0.04989040893194306
3883	0	0	0.4951169301551812
3883	0	1	0.4951169301551812
3883	0	2	0.3861083934719315
3883	1	0	0.4360688156120931
3883	1	1	0.03335436721700984
3883	1	2	0.033354367156586004
3884	0	0	0.49627998669820655
3884	0	1	0.48235542602621506
3884	0	2	0.47004839034168494
3884	1	0	0.4743937691084289
3884	1	1	0.1443218273012531
3884	1	2	0.1443218269998831
3885	0	0	0.5801704122351156
3885	0	1	0.5408368544908144
3885	0	2	0.46136513859206096
3885	1	0	0.46987552382074377
3885	1	1	0.09776983789189604
3885	1	2	0.09775515606341141
3886	0	0	0.49553293794518705
3886	0	1	0.513550367797113
3886	0	2	0.4633771496689663
3886	1	0	0.48606600047801407
3886	1	1	0.03696984489871308
3886	1	2	0.03696984489348351
3887	0	0	0.49372177598660116
3887	0	1	0.44661671823534965
3887	0	2	0.4454177409529222
3887	1	0	0.38959004621183474
3887	1	1	0.08620080152679321
3887	1	2	0.0862007118813106
3888	0	0	0.505113788602199
3888	0	1	0.5018041377282974
3888	0	2	0.4699094041974431
3888	1	0	0.4460075034720899
3888	1	1	0.026326935456340628
3888	1	2	0.026326935456495712
3889	0	0	0.48033514971195895
3889	0	1	0.48033514971195895
3889	0	2	0.4205489345951432
3889	1	0	0.42115296205853586
3889	1	1	0.03670832893299017
3889	1	2	0.03671054452812886
3890	0	0	0.5812252357144493
3890	0	1	0.5685125618325226
3890	0	2	0.4832771906277254
3890	1	0	0.46118888437870387
3890	1	1	0.019213892947535782
3890	1	2	0.022870647972664943
3891	0	0	0.6311043777286132
3891	0	1	0.6434407480108733
3891	0	2	0.443387951553171
3891	1	0	0.4241367762597266
3891	1	1	0.03397660456365165
3891	1	2	0.03843028757374478
3892	0	0	0.5024751679687004
3892	0	1	0.5034879334862947
3892	0	2	0.42466755091184166
3892	1	0	0.35530457248196257
3892	1	1	0.03189546760147942
3892	1	2	0.03189546759888855
3893	0	0	0.48755809195451766
3893	0	1	0.48755809195451766
3893	0	2	0.4063818680194656
3893	1	0	0.48755809195451766
3893	1	1	0.039352768080848574
3893	1	2	0.039356844000100435
3894	0	0	0.6796877978440908
3894	0	1	0.5934548707137368
3894	0	2	0.41542832361003357
3894	1	0	0.40765703872423037
3894	1	1	0.025526091502967807
3894	1	2	0.02584465182009088
3895	0	0	0.5187915605451802
3895	0	1	0.5037095282724882
3895	0	2	0.46649424608035517
3895	1	0	0.4178223518568458
3895	1	1	0.05341039250537724
3895	1	2	0.053410392506117246
3896	0	0	0.5022045022251347
3896	0	1	0.48298822832350247
3896	0	2	0.4183653028068359
3896	1	0	0.412127892494682
3896	1	1	0.044363465030249474
3896	1	2	0.044803314086760596
3897	0	0	0.6693270393568391
3897	0	1	0.6199234938298959
3897	0	2	0.4316338671560074
3897	1	0	0.4756137043227627
3897	1	1	0.10543815942739172
3897	1	2	0.10521499708160338
3898	0	0	0.6663423781199087
3898	0	1	0.6355921679483992
3898	0	2	0.41369812312866827
3898	1	0	0.43135773577414394
3898	1	1	0.036080448956752706
3898	1	2	0.037107234302186806
3899	0	0	0.7242974752291877
3899	0	1	0.6758274549614258
3899	0	2	0.3126414514632931
3899	1	0	0.48909897965788957
3899	1	1	0.0406852836982695
3899	1	2	0.040684726835245585
3900	0	0	0.4957454158843978
3900	0	1	0.4957454158843978
3900	0	2	0.40243740184280885
3900	1	0	0.4686386018647074
3900	1	1	0.043038657156695165
3900	1	2	0.04303865714548817
3901	0	0	0.4944282008349476
3901	0	1	0.4944282008349476
3901	0	2	0.4529779187218389
3901	1	0	0.36975226680366136
3901	1	1	0.04151617552394481
3901	1	2	0.04151916043350044
3902	0	0	0.48529176907075855
3902	0	1	0.4817735815430254
3902	0	2	0.4671088086444121
3902	1	0	0.4189203638561093
3902	1	1	0.03542513543284233
3902	1	2	0.03542507015888344
3903	0	0	0.4934504938157341
3903	0	1	0.4934504938157341
3903	0	2	0.42382468714302773
3903	1	0	0.4796287655726348
3903	1	1	0.040276576444976245
3903	1	2	0.040276576442531756
3904	0	0	0.4870986401644509
3904	0	1	0.4869810236891148
3904	0	2	0.4205818790200618
3904	1	0	0.4790723031531942
3904	1	1	0.03914647024736792
3904	1	2	0.039150363012053394
3905	0	0	0.49016732891461096
3905	0	1	0.49016732891461096
3905	0	2	0.40198433799781763
3905	1	0	0.4737635417675338
3905	1	1	0.09985494075462044
3905	1	2	0.09985485414656514
3906	0	0	0.4863535355398056
3906	0	1	0.484997040872992
3906	0	2	0.4785186129287466
3906	1	0	0.3715826919425409
3906	1	1	0.03168472248747231
3906	1	2	0.03168458055512943
3907	0	0	0.4885861417726862
3907	0	1	0.478075094538276
3907	0	2	0.42761542611074177
3907	1	0	0.41380295431142733
3907	1	1	0.14920380862128385
3907	1	2	0.14920380828358099
3908	0	0	0.48083427408934043
3908	0	1	0.48083427408934043
3908	0	2	0.40034002078281183
3908	1	0	0.44979626226041614
3908	1	1	0.028189289120596303
3908	1	2	0.028224097533050052
3909	0	0	0.49687423830613453
3909	0	1	0.49687423830613453
3909	0	2	0.4860818926356811
3909	1	0	0.44725909449994194
3909	1	1	0.048982711278371754
3909	1	2	0.04898264399058268
3910	0	0	0.4948604583402969
3910	0	1	0.4948604583402969
3910	0	2	0.36040415750500565
3910	1	0	0.49214065295617837
3910	1	1	0.043728907572297665
3910	1	2	0.043733131348941925
3911	0	0	0.49340507185498195
3911	0	1	0.48705259126966455
3911	0	2	0.4410095158697138
3911	1	0	0.42109807743613287
3911	1	1	0.03475284380560331
3911	1	2	0.03475272987731859
3912	0	0	0.4849032935391302
3912	0	1	0.4849032935391302
3912	0	2	0.3815654595593173
3912	1	0	0.4434776369688671
3912	1	1	0.051163500357049946
3912	1	2	0.05116340973969484
3913	0	0	0.488382386707811
3913	0	1	0.47846284200597866
3913	0	2	0.424183060032264
3913	1	0	0.3638590901751532
3913	1	1	0.07402958109573773
3913	1	2	0.07402958097201101
3914	0	0	0.497557206438106
3914	0	1	0.497557206438106
3914	0	2	0.4284895852532255
3914	1	0	0.2907729440476316
3914	1	1	0.019658378886707975
3914	1	2	0.019809453005895913
3915	0	0	0.49487804150161224
3915	0	1	0.49487804150161224
3915	0	2	0.46800250148302297
3915	1	0	0.46720888674613525
3915	1	1	0.13824725024255824
3915	1	2	0.13824724995964627
3916	0	0	0.496094029832654
3916	0	1	0.496094029832654
3916	0	2	0.4661199334898783
3916	1	0	0.4433280165564107
3916	1	1	0.1355920105291893
3916	1	2	0.13559201024790865
3917	0	0	0.49214985793359406
3917	0	1	0.48713182909706726
3917	0	2	0.43544732157233645
3917	1	0	0.3876980021907896
3917	1	1	0.028384999189406138
3917	1	2	0.028384999188728555
3918	0	0	0.4848063638638694
3918	0	1	0.4848063638638694
3918	0	2	0.44814523511745763
3918	1	0	0.44686407177985266
3918	1	1	0.04636260602536642
3918	1	2	0.04636260602254216
3919	0	0	0.4906419030483203
3919	0	1	0.4906419030483203
3919	0	2	0.43383554575403566
3919	1	0	0.4229208863371803
3919	1	1	0.02688743404971662
3919	1	2	0.02693539447854311
3920	0	0	0.48682519666440904
3920	0	1	0.47697595105695445
3920	0	2	0.3705429473911467
3920	1	0	0.4233008875988194
3920	1	1	0.03160216759469567
3920	1	2	0.03160517274130792
3921	0	0	0.48985609660350543
3921	0	1	0.48985609660350543
3921	0	2	0.4659824964206514
3921	1	0	0.35746948110974824
3921	1	1	0.03224960280293246
3921	1	2	0.0322495148243447
3922	0	0	0.48826372744378677
3922	0	1	0.48826372744378677
3922	0	2	0.4772027644163522
3922	1	0	0.44146449018256595
3922	1	1	0.06456639084832774
3922	1	2	0.06456639071568801
3923	0	0	0.4938181048813097
3923	0	1	0.49008793405309
3923	0	2	0.4552799157641997
3923	1	0	0.4632653610067077
3923	1	1	0.09820262368443806
3923	1	2	0.09820262352104804
3924	0	0	0.494102945598206
3924	0	1	0.4934714102418526
3924	0	2	0.48170238236455876
3924	1	0	0.47122821934829834
3924	1	1	0.060977664091633396
3924	1	2	0.06071723258398719
3925	0	0	0.4855248468714349
3925	0	1	0.4855248468714349
3925	0	2	0.3558369394799239
3925	1	0	0.44409585345356367
3925	1	1	0.04521240006200965
3925	1	2	0.04521239997076375
3926	0	0	0.4970024528079996
3926	0	1	0.4970024528079996
3926	0	2	0.46694314115028973
3926	1	0	0.4385418210438599
3926	1	1	0.09580657917418442
3926	1	2	0.09580657917254157
3927	0	0	0.4800214398969981
3927	0	1	0.4800214398969981
3927	0	2	0.46831806384718055
3927	1	0	0.4198282118041068
3927	1	1	0.04108390592712538
3927	1	2	0.04108373521332924
3928	0	0	0.48906920503491286
3928	0	1	0.4887060771133551
3928	0	2	0.4648811253942461
3928	1	0	0.4873141730825417
3928	1	1	0.07271617463261419
3928	1	2	0.0727160881288131
3929	0	0	0.492029105418811
3929	0	1	0.4861699192380945
3929	0	2	0.41382944360934915
3929	1	0	0.4489324314600535
3929	1	1	0.057218345915461696
3929	1	2	0.057218254839039126
3930	0	0	0.47806164920009214
3930	0	1	0.47806164920009214
3930	0	2	0.46996721069927305
3930	1	0	0.42854677859836093
3930	1	1	0.03189034145726888
3930	1	2	0.03189028649968324
3931	0	0	0.4783341717416684
3931	0	1	0.4756822545554159
3931	0	2	0.40546526441954744
3931	1	0	0.41041556515794764
3931	1	1	0.028957392087870695
3931	1	2	0.02895738393465172
3932	0	0	0.4978860385092081
3932	0	1	0.4900946087142069
3932	0	2	0.45256545580411606
3932	1	0	0.47130921330598424
3932	1	1	0.05341577174383831
3932	1	2	0.053415680639885166
3933	0	0	0.49646954464427373
3933	0	1	0.4817395914709582
3933	0	2	0.3844246512247509
3933	1	0	0.49646954464427373
3933	1	1	0.048688918025496256
3933	1	2	0.0486889179601344
3934	0	0	0.4855820239960292
3934	0	1	0.4855820239960292
3934	0	2	0.4855820239960292
3934	1	0	0.46745415039526483
3934	1	1	0.055724991596194
3934	1	2	0.05572480600781808
3935	0	0	0.4965971204470838
3935	0	1	0.49440723514330825
3935	0	2	0.4600268857290282
3935	1	0	0.46782914774016493
3935	1	1	0.0427877437463586
3935	1	2	0.042791135331574276
3936	0	0	0.48136550641080966
3936	0	1	0.4767779353740066
3936	0	2	0.4682511226321318
3936	1	0	0.2921221312687784
3936	1	1	0.03168820908757165
3936	1	2	0.03174060879775614
3937	0	0	0.49076006065830524
3937	0	1	0.49076006065830524
3937	0	2	0.49076006065830524
3937	1	0	0.4603477750900629
3937	1	1	0.041668993128355286
3937	1	2	0.04166899312790763
3938	0	0	0.4957142656066441
3938	0	1	0.4957142656066441
3938	0	2	0.4481045477522888
3938	1	0	0.4755323697454388
3938	1	1	0.08457237279679897
3938	1	2	0.08457237279592758
3939	0	0	0.4817158448522602
3939	0	1	0.4817158448522602
3939	0	2	0.4328154612575271
3939	1	0	0.4817158448522602
3939	1	1	0.04643959728268672
3939	1	2	0.04595100348351841
3940	0	0	0.49467817209778253
3940	0	1	0.49467817209778253
3940	0	2	0.46940088194507246
3940	1	0	0.4754698092078804
3940	1	1	0.031053394377715385
3940	1	2	0.031053394375355287
3941	0	0	0.4917465267117139
3941	0	1	0.4917465267117139
3941	0	2	0.3844191070067688
3941	1	0	0.4274548442257123
3941	1	1	0.049041257580137304
3941	1	2	0.049041257577416564
3942	0	0	0.4844169676464911
3942	0	1	0.4844169676464911
3942	0	2	0.3596939843584573
3942	1	0	0.4383063199645286
3942	1	1	0.050684748043190994
3942	1	2	0.05068474803992486
3943	0	0	0.47848900970513086
3943	0	1	0.47848900970513086
3943	0	2	0.4035056319370035
3943	1	0	0.4321924401441709
3943	1	1	0.020399456783535844
3943	1	2	0.02040111722575931
3944	0	0	0.4781666218598283
3944	0	1	0.4754335630241502
3944	0	2	0.4686403828247955
3944	1	0	0.4252289742741665
3944	1	1	0.04298293781743036
3944	1	2	0.042982819535134886
3945	0	0	0.49823745110517836
3945	0	1	0.4887630176670208
3945	0	2	0.4816924410082572
3945	1	0	0.41808530666880234
3945	1	1	0.030936463685887858
3945	1	2	0.03106395828098811
3946	0	0	0.4961410505603152
3946	0	1	0.4961410505603152
3946	0	2	0.4326020007173434
3946	1	0	0.423892656052992
3946	1	1	0.12694534061750945
3946	1	2	0.12694534035847885
3947	0	0	0.49037758149938887
3947	0	1	0.48989773171340156
3947	0	2	0.4667701032646897
3947	1	0	0.47530250325372897
3947	1	1	0.10975863327288853
3947	1	2	0.10938121967459132
3948	0	0	0.48657018592105933
3948	0	1	0.48657018592105933
3948	0	2	0.4270820531977488
3948	1	0	0.4252550369223095
3948	1	1	0.02530799925200919
3948	1	2	0.025307999249634006
3949	0	0	0.4960818074839031
3949	0	1	0.4960818074839031
3949	0	2	0.4722242483396243
3949	1	0	0.48738449166021974
3949	1	1	0.037761286053074244
3949	1	2	0.0377612860510238
3950	0	0	0.4841021144282894
3950	0	1	0.4841021144282894
3950	0	2	0.40617059471247735
3950	1	0	0.4300662267834371
3950	1	1	0.09106063229482533
3950	1	2	0.09106063229392207
3951	0	0	0.47219218698884274
3951	0	1	0.47219218698884274
3951	0	2	0.4127959368329884
3951	1	0	0.42748558209932164
3951	1	1	0.0387504172061358
3951	1	2	0.03875290503018432
3952	0	0	0.482449660355418
3952	0	1	0.482449660355418
3952	0	2	0.4642872580820056
3952	1	0	0.482449660355418
3952	1	1	0.1677640551856956
3952	1	2	0.16776405481212567
3953	0	0	0.48566646441754596
3953	0	1	0.48566646441754596
3953	0	2	0.43206226261047004
3953	1	0	0.38693199537898615
3953	1	1	0.09396482555287972
3953	1	2	0.09396482536126863
3954	0	0	0.48247821653371675
3954	0	1	0.48247821653371675
3954	0	2	0.48247821653371675
3954	1	0	0.46652885228118246
3954	1	1	0.039783889784785725
3954	1	2	0.039786588724411515
3955	0	0	0.4844703640084641
3955	0	1	0.4844703640084641
3955	0	2	0.462982946640895
3955	1	0	0.4478661262934502
3955	1	1	0.04360711481770489
3955	1	2	0.0436071148146719
3956	0	0	0.4923311960485433
3956	0	1	0.4923311960485433
3956	0	2	0.4650128519561118
3956	1	0	0.48194832129347676
3956	1	1	0.17084884207340237
3956	1	2	0.17084875347387912
3957	0	0	0.4746390085666416
3957	0	1	0.4746390085666416
3957	0	2	0.46840515256313375
3957	1	0	0.4567374178467657
3957	1	1	0.07237605634311756
3957	1	2	0.07241481536120088
3958	0	0	0.49689958117003635
3958	0	1	0.49689958117003635
3958	0	2	0.40926256876233863
3958	1	0	0.48185293264061746
3958	1	1	0.06033638648961773
3958	1	2	0.06033638636539408
3959	0	0	0.4886344247664313
3959	0	1	0.4886344247664313
3959	0	2	0.44981468823341864
3959	1	0	0.4320984053988539
3959	1	1	0.11369451227178694
3959	1	2	0.1136945120489526
3960	0	0	0.4976582161853525
3960	0	1	0.4976582161853525
3960	0	2	0.44950333700078543
3960	1	0	0.45705307576558185
3960	1	1	0.04478037098555794
3960	1	2	0.04478037098233344
3961	0	0	0.4820239884940257
3961	0	1	0.4820239884940257
3961	0	2	0.4676237507900335
3961	1	0	0.45935020933314247
3961	1	1	0.034986021378551294
3961	1	2	0.03498856213036712
3962	0	0	0.49508162574202835
3962	0	1	0.4802750139169334
3962	0	2	0.42690159949224493
3962	1	0	0.4768029779740655
3962	1	1	0.09192682634389217
3962	1	2	0.09192682617886276
3963	0	0	0.49383082950365936
3963	0	1	0.4919265616194746
3963	0	2	0.4102026120058445
3963	1	0	0.4726321403423224
3963	1	1	0.032755890087385595
3963	1	2	0.03275589008430785
3964	0	0	0.47654265931519096
3964	0	1	0.47654265931519096
3964	0	2	0.4242025272911726
3964	1	0	0.4550588470198903
3964	1	1	0.035438813525806745
3964	1	2	0.03543881348299022
3965	0	0	0.4973149801222079
3965	0	1	0.4973149801222079
3965	0	2	0.4874379153291037
3965	1	0	0.4866279989247447
3965	1	1	0.04004288741384304
3965	1	2	0.04004288741094687
3966	0	0	0.4885861715442931
3966	0	1	0.4885861715442931
3966	0	2	0.46698641157906934
3966	1	0	0.46333118991902555
3966	1	1	0.050656859970581294
3966	1	2	0.050656859967200665
3967	0	0	0.48464378833142147
3967	0	1	0.48464378833142147
3967	0	2	0.2675111477249197
3967	1	0	0.39879465459698166
3967	1	1	0.04391983622412873
3967	1	2	0.04391983622252585
3968	0	0	0.49669271143972127
3968	0	1	0.49669271143972127
3968	0	2	0.46805643661562907
3968	1	0	0.4876927501451003
3968	1	1	0.041963282812832126
3968	1	2	0.04196320988076192
3969	0	0	0.49744405754087456
3969	0	1	0.49744405754087456
3969	0	2	0.4666822430935172
3969	1	0	0.4714214708772802
3969	1	1	0.04968451194559573
3969	1	2	0.04968451194305089
3970	0	0	0.4782500633354449
3970	0	1	0.47495636289115634
3970	0	2	0.39850833856280365
3970	1	0	0.4114789285435193
3970	1	1	0.053238819785147065
3970	1	2	0.05285396137799346
3971	0	0	0.48807292204082975
3971	0	1	0.48177642470617915
3971	0	2	0.44069913596070703
3971	1	0	0.41896328002404787
3971	1	1	0.021533866287438114
3971	1	2	0.021536306032614333
3972	0	0	0.48404837049615645
3972	0	1	0.48404837049615645
3972	0	2	0.48404837049615645
3972	1	0	0.4371328338623509
3972	1	1	0.03996649134809811
3972	1	2	0.03996927915080735
3973	0	0	0.49255526346461354
3973	0	1	0.49255526346461354
3973	0	2	0.4254022211435246
3973	1	0	0.47343435753573826
3973	1	1	0.020017606560555054
3973	1	2	0.02001754266765854
3974	0	0	0.4864703131820907
3974	0	1	0.4864703131820907
3974	0	2	0.441424042314972
3974	1	0	0.47078232119313096
3974	1	1	0.15842475721968854
3974	1	2	0.15842472118081152
3975	0	0	0.4965335106965446
3975	0	1	0.4965335106965446
3975	0	2	0.45409191994552134
3975	1	0	0.47093263621921455
3975	1	1	0.1895393796864896
3975	1	2	0.18953937927925602
3976	0	0	0.4954056604209351
3976	0	1	0.4950662260377986
3976	0	2	0.4390807937526318
3976	1	0	0.44028873892542164
3976	1	1	0.05085995797937587
3976	1	2	0.05085986885435849
3977	0	0	0.6906594655510495
3977	0	1	0.6908636268977397
3977	0	2	0.47511353301799164
3977	1	0	0.44736402872957837
3977	1	1	0.028964742519641512
3977	1	2	0.046123168793530234
3978	0	0	0.47896738938070577
3978	0	1	0.47896738938070577
3978	0	2	0.4080820644619327
3978	1	0	0.4746340117924722
3978	1	1	0.04435672121572115
3978	1	2	0.04435672121297457
3979	0	0	0.4942186826281144
3979	0	1	0.4924014844267736
3979	0	2	0.45304088524367636
3979	1	0	0.4942186826281144
3979	1	1	0.14235277638079225
3979	1	2	0.14235269899626518
3980	0	0	0.6995723549398594
3980	0	1	0.6841934638258098
3980	0	2	0.46298276177421294
3980	1	0	0.3971825556576645
3980	1	1	0.03019279900338706
3980	1	2	0.04096793468777832
3981	0	0	0.6119219424013189
3981	0	1	0.6027168228034654
3981	0	2	0.47522899403344226
3981	1	0	0.4560337018539413
3981	1	1	0.031874266999505296
3981	1	2	0.03426424946065332
3982	0	0	0.4856454172685011
3982	0	1	0.47876942245760606
3982	0	2	0.4260578030880029
3982	1	0	0.3902366979893652
3982	1	1	0.038226781610049776
3982	1	2	0.0382267816081447
3983	0	0	0.49573256048209957
3983	0	1	0.48859945801916604
3983	0	2	0.3963416865148981
3983	1	0	0.4678319179053066
3983	1	1	0.12648142845974972
3983	1	2	0.12648136041858227
3984	0	0	0.4922730370393925
3984	0	1	0.4922730370393925
3984	0	2	0.4575146221187976
3984	1	0	0.4827458292871355
3984	1	1	0.05327974288327475
3984	1	2	0.05327970697004632
3985	0	0	0.49830916974363393
3985	0	1	0.49830916974363393
3985	0	2	0.43501365270331444
3985	1	0	0.4581821505087287
3985	1	1	0.13612537656750895
3985	1	2	0.1361252924035101
3986	0	0	0.4784293998159047
3986	0	1	0.4764977749494982
3986	0	2	0.44377856475726496
3986	1	0	0.37351797711621315
3986	1	1	0.06031800669521005
3986	1	2	0.06031800669460399
3987	0	0	0.48492271637976736
3987	0	1	0.48261031023451684
3987	0	2	0.4464649760124396
3987	1	0	0.47504047081654205
3987	1	1	0.141942945264857
3987	1	2	0.14194294493930565
3988	0	0	0.575151875131688
3988	0	1	0.5551337764891127
3988	0	2	0.4654636640820367
3988	1	0	0.44565509529616276
3988	1	1	0.07986349531165599
3988	1	2	0.0800402390197473
3989	0	0	0.618529472565445
3989	0	1	0.5679475032467874
3989	0	2	0.4742087369498247
3989	1	0	0.4373460525398396
3989	1	1	0.11331650544270461
3989	1	2	0.11331650544484857
3990	0	0	0.4962195368453258
3990	0	1	0.4962195368453258
3990	0	2	0.440456885626769
3990	1	0	0.4309091834680786
3990	1	1	0.0300162501407064
3990	1	2	0.030064453508243646
3991	0	0	0.48555731720302675
3991	0	1	0.48555731720302675
3991	0	2	0.48555731720302675
3991	1	0	0.3162302665255632
3991	1	1	0.034027493045860696
3991	1	2	0.0340274930108842
3992	0	0	0.48687709550796787
3992	0	1	0.48687709550796787
3992	0	2	0.3434406040399856
3992	1	0	0.3760692166304291
3992	1	1	0.03523798673337207
3992	1	2	0.03523790552632472
3993	0	0	0.4881025005803348
3993	0	1	0.4881025005803348
3993	0	2	0.3889275284015654
3993	1	0	0.38063438984774045
3993	1	1	0.04775709203914352
3993	1	2	0.04775700348793245
3994	0	0	0.49726934518404603
3994	0	1	0.49726934518404603
3994	0	2	0.4687280134606133
3994	1	0	0.45619933635088306
3994	1	1	0.0668309549157123
3994	1	2	0.06683087020717682
3995	0	0	0.4898557843479506
3995	0	1	0.4890912435011734
3995	0	2	0.4700436742277283
3995	1	0	0.40320700907836715
3995	1	1	0.057326360458091696
3995	1	2	0.05732636038661261
3996	0	0	0.49420309698956666
3996	0	1	0.49420309698956666
3996	0	2	0.4659384782585266
3996	1	0	0.4271545138362496
3996	1	1	0.07000074776751969
3996	1	2	0.07000074765449223
3997	0	0	0.4938090086286417
3997	0	1	0.4938090086286417
3997	0	2	0.3525281307510802
3997	1	0	0.4613598738060116
3997	1	1	0.06386053507566262
3997	1	2	0.06386044714720682
3998	0	0	0.4866044410390853
3998	0	1	0.4806029226741042
3998	0	2	0.4344024394151331
3998	1	0	0.48003373783886355
3998	1	1	0.06889898917016299
3998	1	2	0.06889890769099695
3999	0	0	0.49237397474225586
3999	0	1	0.4893509990595328
3999	0	2	0.4637401707476043
3999	1	0	0.45495856318687317
3999	1	1	0.04603236363139854
3999	1	2	0.046032363628751044
4000	0	0	0.4938733505604212
4000	0	1	0.4891726525155759
4000	0	2	0.4315383111690427
4000	1	0	0.45036193023666166
4000	1	1	0.03645477433415799
4000	1	2	0.03645477433204093
4001	0	0	0.4807058536227682
4001	0	1	0.4807058536227682
4001	0	2	0.4173591989840929
4001	1	0	0.41771668778822485
4001	1	1	0.10926539572040599
4001	1	2	0.10926539550915113
4002	0	0	0.4989340867819319
4002	0	1	0.4980764619884296
4002	0	2	0.4344190999038439
4002	1	0	0.4762701509763716
4002	1	1	0.023590781368651045
4002	1	2	0.023645708337721186
4003	0	0	0.48901208660481654
4003	0	1	0.4873682364091989
4003	0	2	0.3987909048302169
4003	1	0	0.4119339743627863
4003	1	1	0.10731036766871863
4003	1	2	0.10731036746635797
4004	0	0	0.4777785147424691
4004	0	1	0.4777785147424691
4004	0	2	0.4773756757100231
4004	1	0	0.44324831702342676
4004	1	1	0.05237666349492273
4004	1	2	0.052376500387473296
4005	0	0	0.49560703858850247
4005	0	1	0.49560703858850247
4005	0	2	0.423325259117101
4005	1	0	0.44563210301324807
4005	1	1	0.05425702558006773
4005	1	2	0.05425686803479596
4006	0	0	0.48116687293991217
4006	0	1	0.48116687293991217
4006	0	2	0.397725327467471
4006	1	0	0.45396363642499715
4006	1	1	0.039927624195202654
4006	1	2	0.03992753267558455
4007	0	0	0.4904575077696
4007	0	1	0.48248168239323075
4007	0	2	0.4638354827143865
4007	1	0	0.4641520273638342
4007	1	1	0.056119507309569855
4007	1	2	0.056119437307317985
4008	0	0	0.497463522022719
4008	0	1	0.497463522022719
4008	0	2	0.45334304378758383
4008	1	0	0.41213620241519094
4008	1	1	0.02621677710659784
4008	1	2	0.026246077897208217
4009	0	0	0.4935345431169755
4009	0	1	0.4935345431169755
4009	0	2	0.48915476722550955
4009	1	0	0.4415809967190088
4009	1	1	0.06561346106450697
4009	1	2	0.06561346106071
4010	0	0	0.49048292062516474
4010	0	1	0.48284504476102263
4010	0	2	0.4192085389699257
4010	1	0	0.43274143209638766
4010	1	1	0.04116114928766333
4010	1	2	0.04116395648785719
4011	0	0	0.4936956961692345
4011	0	1	0.4888773626354245
4011	0	2	0.4785304928032977
4011	1	0	0.4517572592648149
4011	1	1	0.04022803204312274
4011	1	2	0.040228032041348116
4012	0	0	0.48706880907752786
4012	0	1	0.4841083355178422
4012	0	2	0.4841083355178422
4012	1	0	0.4506997449868725
4012	1	1	0.16046637110929363
4012	1	2	0.16046628255532644
4013	0	0	0.49391763195291716
4013	0	1	0.49391763195291716
4013	0	2	0.4709738214643064
4013	1	0	0.470227120601543
4013	1	1	0.12747920251054645
4013	1	2	0.12747920224967207
4014	0	0	0.648586607781209
4014	0	1	0.5498294403000534
4014	0	2	0.4598087257359378
4014	1	0	0.48099469026291963
4014	1	1	0.15876922155164253
4014	1	2	0.17868787614970766
4015	0	0	0.7221786239389689
4015	0	1	0.7531264461131234
4015	0	2	0.560468557074394
4015	1	0	0.4704187604419528
4015	1	1	0.12343162003827539
4015	1	2	0.16102300531918345
4016	0	0	0.4914414930515671
4016	0	1	0.4841568310504486
4016	0	2	0.43170269853789955
4016	1	0	0.46344554681405287
4016	1	1	0.045788555894969926
4016	1	2	0.04579252776400644
4017	0	0	0.49533888144868876
4017	0	1	0.49533888144868876
4017	0	2	0.4262187976545127
4017	1	0	0.49533888144868876
4017	1	1	0.07134123799296069
4017	1	2	0.07134123787845031
4018	0	0	0.6090880010446097
4018	0	1	0.5983875992179272
4018	0	2	0.39029618087591766
4018	1	0	0.3456821471818575
4018	1	1	0.024782762027724295
4018	1	2	0.028065306304108598
4019	0	0	0.4722744728843381
4019	0	1	0.4722744728843381
4019	0	2	0.3682380454118367
4019	1	0	0.4239239107819859
4019	1	1	0.046290632299800516
4019	1	2	0.046294275905611845
4020	0	0	0.4924528266957998
4020	0	1	0.4924528266957998
4020	0	2	0.4765859614778
4020	1	0	0.4839826739036494
4020	1	1	0.1640448719196629
4020	1	2	0.1640448715659535
4021	0	0	0.4874469491561496
4021	0	1	0.4788320213372529
4021	0	2	0.4703197699529656
4021	1	0	0.4384369731518826
4021	1	1	0.08259914362783023
4021	1	2	0.08259914348085855
4022	0	0	0.48103522644748625
4022	0	1	0.4701089464773164
4022	0	2	0.4511990751477194
4022	1	0	0.44200961048261644
4022	1	1	0.028732378624067037
4022	1	2	0.028732378623153185
4023	0	0	0.6876842112858126
4023	0	1	0.6794744022332793
4023	0	2	0.45930656935621483
4023	1	0	0.48372294743095273
4023	1	1	0.049377596432227125
4023	1	2	0.04465908846059227
4024	0	0	0.6139310448974368
4024	0	1	0.634936858267539
4024	0	2	0.48325473039842387
4024	1	0	0.3608781592973725
4024	1	1	0.0199203482636561
4024	1	2	0.06583065048466295
4025	0	0	0.6251752732857057
4025	0	1	0.6247749866651746
4025	0	2	0.4013793529942483
4025	1	0	0.46329386571446945
4025	1	1	0.041612395903847826
4025	1	2	0.04367794960837286
4026	0	0	0.4864854821572935
4026	0	1	0.4864854821572935
4026	0	2	0.47529409932877215
4026	1	0	0.32829016262295907
4026	1	1	0.08286689144722424
4026	1	2	0.08286684345947756
4027	0	0	0.4915292639503865
4027	0	1	0.47357054806355514
4027	0	2	0.3939914696620367
4027	1	0	0.40993278841051217
4027	1	1	0.08137599768706116
4027	1	2	0.08137599756179116
4028	0	0	0.6743579596622629
4028	0	1	0.6595960284823084
4028	0	2	0.42334708965633583
4028	1	0	0.47278285536669945
4028	1	1	0.027161048975965593
4028	1	2	0.034314772103473626
4029	0	0	0.48808027090401324
4029	0	1	0.48808027090401324
4029	0	2	0.4520335213352182
4029	1	0	0.47188112600275445
4029	1	1	0.036004769938218426
4029	1	2	0.036004708260722176
4030	0	0	0.4951637929639178
4030	0	1	0.4951637929639178
4030	0	2	0.40862471611927237
4030	1	0	0.4951637929639178
4030	1	1	0.022746345957016897
4030	1	2	0.022746338569628932
4031	0	0	0.49191247571891294
4031	0	1	0.4868102631357546
4031	0	2	0.45830193562346605
4031	1	0	0.4608168362575914
4031	1	1	0.1023767857450458
4031	1	2	0.10237678556497543
4032	0	0	0.5529246310469871
4032	0	1	0.5670821783625256
4032	0	2	0.4534275954137699
4032	1	0	0.46350548682803294
4032	1	1	0.03966171195412367
4032	1	2	0.04986568867621746
4033	0	0	0.4909225736328212
4033	0	1	0.4909225736328212
4033	0	2	0.4623341175610103
4033	1	0	0.41561666135161524
4033	1	1	0.13408531670961019
4033	1	2	0.13408531643029786
4034	0	0	0.48502331062108084
4034	0	1	0.48502331062108084
4034	0	2	0.447285913351405
4034	1	0	0.43882790562830826
4034	1	1	0.028315033770462836
4034	1	2	0.02831503376814906
4035	0	0	0.6151792294449736
4035	0	1	0.6222622443573333
4035	0	2	0.4704681131100441
4035	1	0	0.45738024739152644
4035	1	1	0.04660900690946254
4035	1	2	0.04550302044261495
4036	0	0	0.4948311074312768
4036	0	1	0.4948311074312768
4036	0	2	0.4225287909762748
4036	1	0	0.45850271346252114
4036	1	1	0.10277202248974063
4036	1	2	0.10277193625806494
4037	0	0	0.737913087992704
4037	0	1	0.7312588194401486
4037	0	2	0.37880682683442424
4037	1	0	0.43231675049917634
4037	1	1	0.028873320501909397
4037	1	2	0.037665518964387024
4038	0	0	0.6092328787887389
4038	0	1	0.6308454833766919
4038	0	2	0.3672740382241971
4038	1	0	0.45054209316098504
4038	1	1	0.050633868942807636
4038	1	2	0.05173280877876976
4039	0	0	0.47553833346157076
4039	0	1	0.428394415519658
4039	0	2	0.4258945127384923
4039	1	0	0.4113437624357099
4039	1	1	0.035897115863956705
4039	1	2	0.03589703683108325
4040	0	0	0.48763416972760587
4040	0	1	0.48763416972760587
4040	0	2	0.45112222969799204
4040	1	0	0.4543172168460721
4040	1	1	0.057909652332227335
4040	1	2	0.05790959874227791
4041	0	0	0.6172836153803762
4041	0	1	0.613974861840114
4041	0	2	0.4039620558631386
4041	1	0	0.4591601474183801
4041	1	1	0.05677489696786053
4041	1	2	0.06113917091009198
4042	0	0	0.5923333562380582
4042	0	1	0.5726760708530353
4042	0	2	0.3252681330565259
4042	1	0	0.3951033655425737
4042	1	1	0.03702194854653103
4042	1	2	0.04346097566180725
4043	0	0	0.49088493775181774
4043	0	1	0.49088493775181774
4043	0	2	0.41606924102817244
4043	1	0	0.42029149598088095
4043	1	1	0.04848122912862475
4043	1	2	0.048481043025249415
4044	0	0	0.45856515555989175
4044	0	1	0.45856515555989175
4044	0	2	0.4396451370254043
4044	1	0	0.38151277097499764
4044	1	1	0.032410363685992316
4044	1	2	0.03241021863289868
4045	0	0	0.7031578284685094
4045	0	1	0.6880723624801599
4045	0	2	0.4102920871796173
4045	1	0	0.48991141578335456
4045	1	1	0.043098741496598814
4045	1	2	0.06585082118771107
4046	0	0	0.662741324542488
4046	0	1	0.6421478548816939
4046	0	2	0.47593765610529537
4046	1	0	0.4908342271127147
4046	1	1	0.026372469945760174
4046	1	2	0.03461558299263787
4047	0	0	0.4902611552953599
4047	0	1	0.4902611552953599
4047	0	2	0.43155520199824404
4047	1	0	0.46555833728609664
4047	1	1	0.08705514514608678
4047	1	2	0.08705510954841199
4048	0	0	0.49597735134549753
4048	0	1	0.494148000779902
4048	0	2	0.45855956522293195
4048	1	0	0.49597735134549753
4048	1	1	0.10133177613818989
4048	1	2	0.10133171054615593
4049	0	0	0.7151642434006715
4049	0	1	0.6357234041117075
4049	0	2	0.4693431458910684
4049	1	0	0.4167365402948874
4049	1	1	0.03399514848442556
4049	1	2	0.04806398362673743
4050	0	0	0.5753581129459744
4050	0	1	0.6139195208575536
4050	0	2	0.48753871257452086
4050	1	0	0.47189533280067103
4050	1	1	0.08424206109924134
4050	1	2	0.08534592642083699
4051	0	0	0.48700278136755604
4051	0	1	0.48700278136755604
4051	0	2	0.45223076818239066
4051	1	0	0.45852348746131194
4051	1	1	0.13263002690378417
4051	1	2	0.13263002663641085
4052	0	0	0.4958346708835813
4052	0	1	0.4958346708835813
4052	0	2	0.42688059658926303
4052	1	0	0.4882200868839791
4052	1	1	0.05722341747684548
4052	1	2	0.057223417474181984
4053	0	0	0.6208066484468729
4053	0	1	0.5900577977675614
4053	0	2	0.4289340669476349
4053	1	0	0.42255089180688254
4053	1	1	0.03360170729823839
4053	1	2	0.06295828736984838
4054	0	0	0.6972415224654438
4054	0	1	0.7172259975383641
4054	0	2	0.4591792607818462
4054	1	0	0.42894905010794065
4054	1	1	0.03099475510867178
4054	1	2	0.041294127329634736
4055	0	0	0.6528345844430604
4055	0	1	0.6457441193124409
4055	0	2	0.48423857422534855
4055	1	0	0.47693556998618286
4055	1	1	0.14121938528565775
4055	1	2	0.1545599264573856
4056	0	0	0.5538819415548522
4056	0	1	0.5494326633452196
4056	0	2	0.4588072495040981
4056	1	0	0.4395391040710187
4056	1	1	0.03224329577153172
4056	1	2	0.03232824230856997
4057	0	0	0.762703895784294
4057	0	1	0.738097393553789
4057	0	2	0.4906208447219243
4057	1	0	0.44843355409481694
4057	1	1	0.054770412633709534
4057	1	2	0.05477033217816582
4058	0	0	0.6060130740209746
4058	0	1	0.6077491380645904
4058	0	2	0.4255682486576529
4058	1	0	0.4222785123387223
4058	1	1	0.03514637169689026
4058	1	2	0.035146371719125935
4059	0	0	0.5367346353206682
4059	0	1	0.5581386431859097
4059	0	2	0.4527499560200846
4059	1	0	0.4665406383880302
4059	1	1	0.02735413521642334
4059	1	2	0.027354134635526356
4060	0	0	0.5535558564997366
4060	0	1	0.5359135358899269
4060	0	2	0.46211882918228164
4060	1	0	0.47265955681526406
4060	1	1	0.046829217768827675
4060	1	2	0.046829217705708706
4061	0	0	0.5164989461879322
4061	0	1	0.49853778062777965
4061	0	2	0.41987761478984287
4061	1	0	0.4345018814085529
4061	1	1	0.0926511400436051
4061	1	2	0.09307869097884323
4062	0	0	0.5737142532482802
4062	0	1	0.5912409982149434
4062	0	2	0.46362384331121775
4062	1	0	0.43741608600503007
4062	1	1	0.047994294117009645
4062	1	2	0.049879052856856496
4063	0	0	0.5252141099619334
4063	0	1	0.4970145620589716
4063	0	2	0.4436764788818548
4063	1	0	0.47235456392597086
4063	1	1	0.04223022475226984
4063	1	2	0.042230231715486205
4064	0	0	0.6576457842984764
4064	0	1	0.6247291723888517
4064	0	2	0.4871383059527731
4064	1	0	0.45782163757086175
4064	1	1	0.052058717521275416
4064	1	2	0.08410902051917075
4065	0	0	0.5482077805056912
4065	0	1	0.5173272379659968
4065	0	2	0.4714114277595569
4065	1	0	0.3615640431270547
4065	1	1	0.08686989347908165
4065	1	2	0.08686989966899097
4066	0	0	0.6431462028996044
4066	0	1	0.6458018082961823
4066	0	2	0.40901483639052905
4066	1	0	0.4520780389082798
4066	1	1	0.07911090261227428
4066	1	2	0.07916465216456908
4067	0	0	0.6306992268853792
4067	0	1	0.634018325202707
4067	0	2	0.47158652633807135
4067	1	0	0.4384182606128838
4067	1	1	0.028059949576370966
4067	1	2	0.028134300732486767
4068	0	0	0.6412848690368224
4068	0	1	0.6349074303569728
4068	0	2	0.416042353003623
4068	1	0	0.4548082380833445
4068	1	1	0.038394214534362384
4068	1	2	0.03834637982267251
4069	0	0	0.6912363207817163
4069	0	1	0.6316660529646644
4069	0	2	0.4554502394131925
4069	1	0	0.45148417852669054
4069	1	1	0.05249175062320903
4069	1	2	0.05249187239657255
4070	0	0	0.4934896942571913
4070	0	1	0.4895728054533244
4070	0	2	0.4781636079556395
4070	1	0	0.43930355506336866
4070	1	1	0.07244775956948507
4070	1	2	0.07244775956879912
4071	0	0	0.4810774690642483
4071	0	1	0.4766612161318184
4071	0	2	0.37139314964641595
4071	1	0	0.4302404898743403
4071	1	1	0.031130325886857407
4071	1	2	0.03126453190893781
4072	0	0	0.4946159336290351
4072	0	1	0.4946159336290351
4072	0	2	0.48134826969697464
4072	1	0	0.4682388996986445
4072	1	1	0.04575061640906676
4072	1	2	0.04575409594376917
4073	0	0	0.5949597491555041
4073	0	1	0.546400405417889
4073	0	2	0.4226969845159112
4073	1	0	0.4281956264951788
4073	1	1	0.10675512455934012
4073	1	2	0.10670607043723868
4074	0	0	0.6030103493323196
4074	0	1	0.5758881959072911
4074	0	2	0.37700854498649594
4074	1	0	0.4840702915747518
4074	1	1	0.05017363604366744
4074	1	2	0.050173645030795605
4075	0	0	0.49257848235710333
4075	0	1	0.49257848235710333
4075	0	2	0.42847871611469374
4075	1	0	0.49257848235710333
4075	1	1	0.04034695284985307
4075	1	2	0.040402446503367925
4076	0	0	0.490819806359942
4076	0	1	0.490819806359942
4076	0	2	0.4346377000709809
4076	1	0	0.47027882613646055
4076	1	1	0.1697246153923488
4076	1	2	0.16972461501198066
4077	0	0	0.49633902034576916
4077	0	1	0.4809497231723689
4077	0	2	0.40293422535519424
4077	1	0	0.3889541891533025
4077	1	1	0.04549901988415195
4077	1	2	0.045499019881965155
4078	0	0	0.6303201171585266
4078	0	1	0.6270777902118143
4078	0	2	0.37353042815192183
4078	1	0	0.48945414290033035
4078	1	1	0.034300406743225695
4078	1	2	0.034016831720076524
4079	0	0	0.5739880904335752
4079	0	1	0.5728935085803755
4079	0	2	0.4773006225961335
4079	1	0	0.4341990152758923
4079	1	1	0.047436140659117706
4079	1	2	0.047436176669045385
4080	0	0	0.49476832446185637
4080	0	1	0.49050690670481284
4080	0	2	0.48092782797240935
4080	1	0	0.4852433418371706
4080	1	1	0.17546985135056126
4080	1	2	0.17546985095427275
4081	0	0	0.4947105519583906
4081	0	1	0.4947105519583906
4081	0	2	0.4681955195945649
4081	1	0	0.4390332313009487
4081	1	1	0.04394159741779452
4081	1	2	0.04394159741531625
4082	0	0	0.6219904306278192
4082	0	1	0.6219935272397976
4082	0	2	0.42235294800352147
4082	1	0	0.4555331419135348
4082	1	1	0.03464253879185161
4082	1	2	0.034129995357339085
4083	0	0	0.642248845402573
4083	0	1	0.6407101088275157
4083	0	2	0.4882102990231158
4083	1	0	0.44632326222333046
4083	1	1	0.12675731477704244
4083	1	2	0.12675527467116182
4084	0	0	0.4927003566878667
4084	0	1	0.4721918831999175
4084	0	2	0.4380844108179489
4084	1	0	0.4536937702254038
4084	1	1	0.11516653046676391
4084	1	2	0.1151665302461784
4085	0	0	0.46846912848927386
4085	0	1	0.46846912848927386
4085	0	2	0.4183421918304301
4085	1	0	0.44262918049676886
4085	1	1	0.041849809898845666
4085	1	2	0.04185295175626111
4086	0	0	0.49250260512609
4086	0	1	0.491536655393013
4086	0	2	0.4601149641859262
4086	1	0	0.43638118232878276
4086	1	1	0.05042973045709109
4086	1	2	0.050429640339911055
4087	0	0	0.49373592466706295
4087	0	1	0.4816659512855337
4087	0	2	0.45772214756104257
4087	1	0	0.49373592466706295
4087	1	1	0.13173541142235123
4087	1	2	0.13173541115785875
4088	0	0	0.7247640130576454
4088	0	1	0.7105152046057306
4088	0	2	0.37977784452985697
4088	1	0	0.43101321140253707
4088	1	1	0.07234492426003812
4088	1	2	0.07234590515923592
4089	0	0	0.6209063929255642
4089	0	1	0.6234830071788284
4089	0	2	0.32962719005101726
4089	1	0	0.40688433340266833
4089	1	1	0.02129195504492694
4089	1	2	0.02129193959636695
4090	0	0	0.608058602344902
4090	0	1	0.6061158693236407
4090	0	2	0.33311516774887034
4090	1	0	0.48947280902626733
4090	1	1	0.0227588547217127
4090	1	2	0.022775801502416454
4091	0	0	0.6018823522078994
4091	0	1	0.6010315584365583
4091	0	2	0.43014976301544416
4091	1	0	0.4233686212381223
4091	1	1	0.019263389760909924
4091	1	2	0.019148204096701885
4092	0	0	0.4952274753351046
4092	0	1	0.4952274753351046
4092	0	2	0.4764224096131512
4092	1	0	0.4932192334644397
4092	1	1	0.05831480510871655
4092	1	2	0.058314805104695805
4093	0	0	0.4937030114524692
4093	0	1	0.4933505393368817
4093	0	2	0.48821872161962754
4093	1	0	0.4552610903601983
4093	1	1	0.05762331619307656
4093	1	2	0.057623316189369264
4094	0	0	0.4867118624165912
4094	0	1	0.47809099685717077
4094	0	2	0.46485826175676165
4094	1	0	0.45879245123242973
4094	1	1	0.04052332514548866
4094	1	2	0.04052326201237484
4095	0	0	0.4830293332665961
4095	0	1	0.4830293332665961
4095	0	2	0.4763200483208757
4095	1	0	0.4830293332665961
4095	1	1	0.06867774633762216
4095	1	2	0.06867774619581815
4096	0	0	0.8726024054830441
4096	0	1	0.7699490356275321
4096	0	2	0.4717448957375395
4096	1	0	0.4739678046181948
4096	1	1	0.03918525206429725
4096	1	2	0.03851233313374501
4097	0	0	0.49200984599799064
4097	0	1	0.4883615540012126
4097	0	2	0.4600770460511437
4097	1	0	0.4101048458969748
4097	1	1	0.06177878749391276
4097	1	2	0.06177878737816926
4098	0	0	0.4881624412964442
4098	0	1	0.4881624412964442
4098	0	2	0.4572633261227265
4098	1	0	0.47269499385871694
4098	1	1	0.09716216379610347
4098	1	2	0.09716207440924383
4099	0	0	0.7076559764071261
4099	0	1	0.676637931927641
4099	0	2	0.41691064023265384
4099	1	0	0.27026833524021177
4099	1	1	0.033784458474966986
4099	1	2	0.03388024367568984
4100	0	0	0.4906927900783719
4100	0	1	0.4906927900783719
4100	0	2	0.45772884578390854
4100	1	0	0.46310576955127597
4100	1	1	0.053314721342689705
4100	1	2	0.05331472133857494
4101	0	0	0.49373641769958077
4101	0	1	0.49373641769958077
4101	0	2	0.492540151922992
4101	1	0	0.45159010659814575
4101	1	1	0.02866106031518373
4101	1	2	0.028761609063684412
4102	0	0	0.5506924085448794
4102	0	1	0.5274865153874475
4102	0	2	0.4702920346758438
4102	1	0	0.48313874471208
4102	1	1	0.020757461508416286
4102	1	2	0.020177804822044315
4103	0	0	0.5174429008931642
4103	0	1	0.5158066237975005
4103	0	2	0.3992232304792007
4103	1	0	0.39689094661452873
4103	1	1	0.029391711863239064
4103	1	2	0.029646820444590577
4104	0	0	0.6023827558170903
4104	0	1	0.6023827555225189
4104	0	2	0.4062374568953293
4104	1	0	0.433590601970015
4104	1	1	0.07962539819947864
4104	1	2	0.08065852086184395
4105	0	0	0.4950419082195757
4105	0	1	0.479148610337999
4105	0	2	0.4606113056330762
4105	1	0	0.48399789066765614
4105	1	1	0.020302114463486134
4105	1	2	0.02030207877515909
4106	0	0	0.4952929277368371
4106	0	1	0.4952929277368371
4106	0	2	0.45118421589027863
4106	1	0	0.4952929277368371
4106	1	1	0.033190807101388456
4106	1	2	0.03326235957052573
4107	0	0	0.7058561148149343
4107	0	1	0.7097344216265867
4107	0	2	0.34742729336272826
4107	1	0	0.40035474760985784
4107	1	1	0.03226450217767067
4107	1	2	0.03259301271832782
4108	0	0	0.49021280159922026
4108	0	1	0.4890110495596723
4108	0	2	0.4739371487828065
4108	1	0	0.45344267148992795
4108	1	1	0.04117070425479713
4108	1	2	0.04117357025871851
4109	0	0	0.4969652252762573
4109	0	1	0.4951983938938974
4109	0	2	0.4185670934635
4109	1	0	0.4861846829211644
4109	1	1	0.06612499074482597
4109	1	2	0.06612499074428865
4110	0	0	0.6211016920898165
4110	0	1	0.5631250885013294
4110	0	2	0.41703614828398794
4110	1	0	0.39579862229338286
4110	1	1	0.029701598560125456
4110	1	2	0.02943149302387199
4111	0	0	0.6135024177357433
4111	0	1	0.613943710062883
4111	0	2	0.39522705233781746
4111	1	0	0.36750378561668845
4111	1	1	0.027107890953291275
4111	1	2	0.027311230348188553
4112	0	0	0.4923662911115623
4112	0	1	0.4923662933234241
4112	0	2	0.4563066857160618
4112	1	0	0.3970950058450552
4112	1	1	0.0256439444047334
4112	1	2	0.025068325800674432
4113	0	0	0.6296801027361387
4113	0	1	0.6184960776103685
4113	0	2	0.4646468585956696
4113	1	0	0.4675509551563869
4113	1	1	0.044408218523241644
4113	1	2	0.044162465278448304
4114	0	0	0.4908167424440701
4114	0	1	0.4908167424440701
4114	0	2	0.4405537484196284
4114	1	0	0.43434087523659365
4114	1	1	0.0971825120871059
4114	1	2	0.09718251191158973
4115	0	0	0.4880976021836891
4115	0	1	0.4880976021836891
4115	0	2	0.3879925124354146
4115	1	0	0.4171290757293246
4115	1	1	0.07701879375470588
4115	1	2	0.07701879362302273
4116	0	0	0.4892241507976795
4116	0	1	0.4892241507976795
4116	0	2	0.43921429832322273
4116	1	0	0.4747512357221982
4116	1	1	0.0705797688518162
4116	1	2	0.07057976875105701
4117	0	0	0.5974549473793599
4117	0	1	0.5642013422074446
4117	0	2	0.4920475295273008
4117	1	0	0.43778380943722145
4117	1	1	0.03306172309622504
4117	1	2	0.032468123606773786
4118	0	0	0.4937738247177912
4118	0	1	0.4937738247177912
4118	0	2	0.4030120749937273
4118	1	0	0.49252767279442144
4118	1	1	0.0702248810756535
4118	1	2	0.07022482371551635
4119	0	0	0.4832958332987569
4119	0	1	0.4699337802143395
4119	0	2	0.40996515575716125
4119	1	0	0.4598117885482879
4119	1	1	0.06831831735571176
4119	1	2	0.06831826886436845
4120	0	0	0.48473196178439754
4120	0	1	0.48473196178439754
4120	0	2	0.37465487059282526
4120	1	0	0.41342415908079305
4120	1	1	0.04208116537761841
4120	1	2	0.04208116531442947
4121	0	0	0.6354168674748868
4121	0	1	0.6196559726574915
4121	0	2	0.5016714049921942
4121	1	0	0.47273124522040855
4121	1	1	0.08859450723329575
4121	1	2	0.09112093683547666
4122	0	0	0.4979912099125872
4122	0	1	0.4979912099125872
4122	0	2	0.48320075738879054
4122	1	0	0.4360676764492233
4122	1	1	0.09459143604932023
4122	1	2	0.09459135759072174
4123	0	0	0.4809225708667443
4123	0	1	0.4809225708667443
4123	0	2	0.4809225708667443
4123	1	0	0.3784650052994542
4123	1	1	0.07228104251198693
4123	1	2	0.07228095229878016
4124	0	0	0.4785366044153702
4124	0	1	0.4785366044153702
4124	0	2	0.4785366044153702
4124	1	0	0.4033610258756855
4124	1	1	0.030162637604588788
4124	1	2	0.03016263760281937
4125	0	0	0.6093708606027263
4125	0	1	0.6110962120234751
4125	0	2	0.5519991719156028
4125	1	0	0.44667462015353665
4125	1	1	0.09502250057391598
4125	1	2	0.1465287391557108
4126	0	0	0.48303371922978977
4126	0	1	0.48303371922978977
4126	0	2	0.38967438869944904
4126	1	0	0.4096870776546746
4126	1	1	0.04680863211404558
4126	1	2	0.046808596409091366
4127	0	0	0.6189440134189303
4127	0	1	0.6127683942834385
4127	0	2	0.42132801154819677
4127	1	0	0.35086223573860303
4127	1	1	0.06724521356027077
4127	1	2	0.06724516837057234
4128	0	0	0.4967036120702421
4128	0	1	0.4846188606285417
4128	0	2	0.4198703196828303
4128	1	0	0.38370630232322345
4128	1	1	0.026599866443909617
4128	1	2	0.02659977480800582
4129	0	0	0.4921303786325487
4129	0	1	0.4921303786325487
4129	0	2	0.4244745470423143
4129	1	0	0.43307407833297523
4129	1	1	0.031114374532670366
4129	1	2	0.031114374531433578
4130	0	0	0.7474009897326039
4130	0	1	0.6613630801038624
4130	0	2	0.4216241958419137
4130	1	0	0.4196673153212253
4130	1	1	0.1294058080160822
4130	1	2	0.13327961375738662
4131	0	0	0.485066642675363
4131	0	1	0.4842643302259903
4131	0	2	0.35548884497919897
4131	1	0	0.3946034899015989
4131	1	1	0.04935400801046305
4131	1	2	0.04935400800748495
4132	0	0	0.49965636358641546
4132	0	1	0.49965636358641546
4132	0	2	0.470199377871214
4132	1	0	0.45977790440852584
4132	1	1	0.03231452527894273
4132	1	2	0.03231447033580914
4133	0	0	0.49307560361481945
4133	0	1	0.49307560361481945
4133	0	2	0.37096367038033334
4133	1	0	0.4259018918136636
4133	1	1	0.18378923001888908
4133	1	2	0.18378922960388294
4134	0	0	0.4944891119217318
4134	0	1	0.4944891119217318
4134	0	2	0.4662707270932446
4134	1	0	0.3922752988867554
4134	1	1	0.14724372229018706
4134	1	2	0.14724372197007735
4135	0	0	0.4728723571643678
4135	0	1	0.4622285302849415
4135	0	2	0.44385112128506204
4135	1	0	0.36461825196364245
4135	1	1	0.03305681466326038
4135	1	2	0.03305676275318391
4136	0	0	0.4874155983241949
4136	0	1	0.4874155983241949
4136	0	2	0.31322001935127214
4136	1	0	0.43579925199675845
4136	1	1	0.0498327194366891
4136	1	2	0.04983264417441008
4137	0	0	0.4808460084524788
4137	0	1	0.4808460084524788
4137	0	2	0.36763706422642556
4137	1	0	0.4614501421957819
4137	1	1	0.0484750963944868
4137	1	2	0.04847509639411676
4138	0	0	0.4878803266602289
4138	0	1	0.4878803266602289
4138	0	2	0.4012709533362088
4138	1	0	0.4842685508717722
4138	1	1	0.14845834597228516
4138	1	2	0.14845825682332736
4139	0	0	0.48510596056547434
4139	0	1	0.4850127859393269
4139	0	2	0.47103339440537084
4139	1	0	0.48088718278162945
4139	1	1	0.06345831089526119
4139	1	2	0.06345831089192844
4140	0	0	0.48980588185764
4140	0	1	0.48980588185764
4140	0	2	0.471314238869205
4140	1	0	0.4533203467034866
4140	1	1	0.032743318124802634
4140	1	2	0.03274331812172489
4141	0	0	0.469528359752919
4141	0	1	0.469528359752919
4141	0	2	0.46130007127048306
4141	1	0	0.4314063331553167
4141	1	1	0.03440386186487511
4141	1	2	0.03440386186218247
4142	0	0	0.48627731443278444
4142	0	1	0.47894222081744164
4142	0	2	0.453529808219094
4142	1	0	0.3972123330562464
4142	1	1	0.05334052568900323
4142	1	2	0.053340437015929304
4143	0	0	0.4954777301236283
4143	0	1	0.4954777301236283
4143	0	2	0.4327950576293154
4143	1	0	0.4793774726024137
4143	1	1	0.03597449121780763
4143	1	2	0.03597449120278133
4144	0	0	0.49451432005711315
4144	0	1	0.49451432005711315
4144	0	2	0.46384078804420686
4144	1	0	0.45016724894571897
4144	1	1	0.09137782452723679
4144	1	2	0.09137782452633952
4145	0	0	0.4940775392154397
4145	0	1	0.4940775392154397
4145	0	2	0.45437605369550044
4145	1	0	0.45676759245130105
4145	1	1	0.15099775082212627
4145	1	2	0.1509977504784329
4146	0	0	0.49433791588749454
4146	0	1	0.49433791588749454
4146	0	2	0.4459545386273485
4146	1	0	0.42915725051871473
4146	1	1	0.04128986705500977
4146	1	2	0.041289867051636425
4147	0	0	0.48921793230477906
4147	0	1	0.48921793230477906
4147	0	2	0.3814827561022645
4147	1	0	0.45129642054875696
4147	1	1	0.035868923476242126
4147	1	2	0.03595781823223625
4148	0	0	0.44024972209306623
4148	0	1	0.44024972209306623
4148	0	2	0.4140885640672243
4148	1	0	0.40392333453307433
4148	1	1	0.039471574338078186
4148	1	2	0.039471574336063284
4149	0	0	0.48510915860578796
4149	0	1	0.48398071736171505
4149	0	2	0.4107923951750904
4149	1	0	0.3798188764217059
4149	1	1	0.029761403576888654
4149	1	2	0.029761339971530812
4150	0	0	0.49824859770538305
4150	0	1	0.48516719816171533
4150	0	2	0.39145777655440245
4150	1	0	0.48516719816171533
4150	1	1	0.11245635713392661
4150	1	2	0.11245635688967992
4151	0	0	0.4974393160840848
4151	0	1	0.49091452118787965
4151	0	2	0.38363978879408134
4151	1	0	0.47114125476047125
4151	1	1	0.08648607397503069
4151	1	2	0.08653380430184078
4152	0	0	0.4953548263084442
4152	0	1	0.4953548263084442
4152	0	2	0.42988338039641577
4152	1	0	0.4924828148499603
4152	1	1	0.02460482831120865
4152	1	2	0.024604828310731533
4153	0	0	0.4874601494797246
4153	0	1	0.46461956502038326
4153	0	2	0.44441705871432546
4153	1	0	0.44708199674963445
4153	1	1	0.10190562560903109
4153	1	2	0.10190562540056466
4154	0	0	0.4954643305279602
4154	0	1	0.49295980192419614
4154	0	2	0.4192161427489671
4154	1	0	0.4765992013189504
4154	1	1	0.027516774562682977
4154	1	2	0.027050891096326926
4155	0	0	0.4933046164775185
4155	0	1	0.4839347086276679
4155	0	2	0.3953675177793336
4155	1	0	0.4217217743126817
4155	1	1	0.055549643915322855
4155	1	2	0.05554964382700661
4156	0	0	0.4840197422175317
4156	0	1	0.4821570370849274
4156	0	2	0.4587150622629637
4156	1	0	0.48326846447550864
4156	1	1	0.14339669066907695
4156	1	2	0.14339660439625396
4157	0	0	0.4877978512587984
4157	0	1	0.4877978512587984
4157	0	2	0.361211978544534
4157	1	0	0.4523346787552436
4157	1	1	0.042236971681702734
4157	1	2	0.04223986825401954
4158	0	0	0.49068421750034974
4158	0	1	0.49068421750034974
4158	0	2	0.4557021346143792
4158	1	0	0.4804572891923984
4158	1	1	0.04675550040668304
4158	1	2	0.04675967892953588
4159	0	0	0.49053635228068504
4159	0	1	0.49053635228068504
4159	0	2	0.4614119646239945
4159	1	0	0.43897019439983864
4159	1	1	0.05531978647029179
4159	1	2	0.055319746367252856
4160	0	0	0.48233965928315564
4160	0	1	0.48233965928315564
4160	0	2	0.4640655606571819
4160	1	0	0.3920671425729975
4160	1	1	0.023421878530105897
4160	1	2	0.023527965738613738
4161	0	0	0.4933974702415442
4161	0	1	0.4933974702415442
4161	0	2	0.4295086482143733
4161	1	0	0.3932763971270207
4161	1	1	0.03922787456028505
4161	1	2	0.039227786153308686
4162	0	0	0.48414312766337597
4162	0	1	0.47828890956757614
4162	0	2	0.4229352473059039
4162	1	0	0.4245816433828962
4162	1	1	0.04379888429166136
4162	1	2	0.04379880991146126
4163	0	0	0.4896547078847155
4163	0	1	0.4896547078847155
4163	0	2	0.3862382043892424
4163	1	0	0.4656838622495448
4163	1	1	0.04560920907995686
4163	1	2	0.04560920907658768
4164	0	0	0.48844144019449565
4164	0	1	0.4733495773538015
4164	0	2	0.44876585624520476
4164	1	0	0.4259526877672032
4164	1	1	0.08136270387772652
4164	1	2	0.08136270372402002
4165	0	0	0.4725068411222473
4165	0	1	0.4725068411222473
4165	0	2	0.4505257878946434
4165	1	0	0.3973724539480902
4165	1	1	0.026355849958442118
4165	1	2	0.02635584995682362
4166	0	0	0.49884787923787677
4166	0	1	0.49884787923787677
4166	0	2	0.4764484977625224
4166	1	0	0.4517526045560108
4166	1	1	0.0318857613465415
4166	1	2	0.03146708099487068
4167	0	0	0.4872194059280055
4167	0	1	0.4872194059280055
4167	0	2	0.408744292518907
4167	1	0	0.44763871895265334
4167	1	1	0.03137073735599567
4167	1	2	0.031075476598164606
4168	0	0	0.4893232442518906
4168	0	1	0.47191084998165705
4168	0	2	0.40316687360663
4168	1	0	0.4046165129561294
4168	1	1	0.035492525734617114
4168	1	2	0.0350139893310452
4169	0	0	0.4937611931696246
4169	0	1	0.4937611931696246
4169	0	2	0.492742863892425
4169	1	0	0.43994429310570776
4169	1	1	0.06711459779351457
4169	1	2	0.06711459768190793
4170	0	0	0.49845944712356993
4170	0	1	0.4958774939867915
4170	0	2	0.3791314698333436
4170	1	0	0.4902664383619987
4170	1	1	0.17428528749115704
4170	1	2	0.174285287105732
4171	0	0	0.4939811502835815
4171	0	1	0.4939811502835815
4171	0	2	0.4532562113325239
4171	1	0	0.4856782977905
4171	1	1	0.05410239600951115
4171	1	2	0.054149426953724364
4172	0	0	0.4829012023419936
4172	0	1	0.4829012023419936
4172	0	2	0.436488727756473
4172	1	0	0.39054692951077474
4172	1	1	0.0344425858448925
4172	1	2	0.0344425858446433
4173	0	0	0.4955213883265046
4173	0	1	0.49287225821112346
4173	0	2	0.41206857508423717
4173	1	0	0.4213448733354411
4173	1	1	0.033824268421884365
4173	1	2	0.033824213601638176
4174	0	0	0.49587984825271714
4174	0	1	0.48363065762847884
4174	0	2	0.4006443777540825
4174	1	0	0.46394315892928206
4174	1	1	0.046610633036093405
4174	1	2	0.04661063303296252
4175	0	0	0.48547973667935157
4175	0	1	0.48547973667935157
4175	0	2	0.4331261169533643
4175	1	0	0.45102108466861557
4175	1	1	0.031497317899669613
4175	1	2	0.03149731789794749
4176	0	0	0.48343028908039676
4176	0	1	0.48333510130707824
4176	0	2	0.4144415581511388
4176	1	0	0.314706789861485
4176	1	1	0.025778367823827822
4176	1	2	0.025778367823641485
4177	0	0	0.48213762513564457
4177	0	1	0.4685584738511886
4177	0	2	0.4322295781628442
4177	1	0	0.4546181208294429
4177	1	1	0.04683565587099375
4177	1	2	0.04683926539472423
4178	0	0	0.49457240471780844
4178	0	1	0.49457240471780844
4178	0	2	0.385983754131019
4178	1	0	0.41555301623238877
4178	1	1	0.034492771983136036
4178	1	2	0.034494763142518245
4179	0	0	0.48915854721592017
4179	0	1	0.48915854721592017
4179	0	2	0.38848250021456737
4179	1	0	0.44790044716354627
4179	1	1	0.10139130846918594
4179	1	2	0.10139130827295459
4180	0	0	0.49408401555181297
4180	0	1	0.48245131502900707
4180	0	2	0.43037130086042746
4180	1	0	0.4434574679746225
4180	1	1	0.08656291237411176
4180	1	2	0.08656291220675685
4181	0	0	0.7085285256067027
4181	0	1	0.670747645337562
4181	0	2	0.4260964977867644
4181	1	0	0.4509409449182556
4181	1	1	0.039873361765706786
4181	1	2	0.038309878575579326
4182	0	0	0.49165313082441275
4182	0	1	0.4867867076678816
4182	0	2	0.3443528605836596
4182	1	0	0.3990150987039031
4182	1	1	0.02479787302540372
4182	1	2	0.024797847499436698
4183	0	0	0.4903833005546035
4183	0	1	0.4872769985528624
4183	0	2	0.4795994741459392
4183	1	0	0.41548596708202046
4183	1	1	0.03263254053254597
4183	1	2	0.032632486882595915
4184	0	0	0.49647420441095574
4184	0	1	0.49647420441095574
4184	0	2	0.43644316979802095
4184	1	0	0.4546446236587011
4184	1	1	0.021473581082410376
4184	1	2	0.021473542011266056
4185	0	0	0.4969537085814261
4185	0	1	0.4969537085814261
4185	0	2	0.4843592702168533
4185	1	0	0.48608204845642533
4185	1	1	0.04485033227254752
4185	1	2	0.04485448958882596
4186	0	0	0.4921007066817527
4186	0	1	0.4847032622411689
4186	0	2	0.4847032622411689
4186	1	0	0.3703538425906854
4186	1	1	0.03478682896991797
4186	1	2	0.03478682892541225
4187	0	0	0.4873008969855902
4187	0	1	0.472377872454111
4187	0	2	0.4600030306301509
4187	1	0	0.4387665420018891
4187	1	1	0.024798128418287393
4187	1	2	0.0247980775863567
4188	0	0	0.49751625892069207
4188	0	1	0.49751625892069207
4188	0	2	0.4394694509941149
4188	1	0	0.4520197252788816
4188	1	1	0.03755673548770001
4188	1	2	0.037556611551803176
4189	0	0	0.4945567520293058
4189	0	1	0.4945567520293058
4189	0	2	0.49341433111616156
4189	1	0	0.479452121119884
4189	1	1	0.034004402844219905
4189	1	2	0.033524705669561713
4190	0	0	0.4882465423041545
4190	0	1	0.4882465423041545
4190	0	2	0.46568556400578387
4190	1	0	0.4558972601205434
4190	1	1	0.0383691043670904
4190	1	2	0.03836910434892253
4191	0	0	0.4927191269980119
4191	0	1	0.48791528714175486
4191	0	2	0.4872001920282612
4191	1	0	0.4808555669360133
4191	1	1	0.03905902527638257
4191	1	2	0.039059025274057343
4192	0	0	0.4957765899016071
4192	0	1	0.49233792264196263
4192	0	2	0.41584117142444943
4192	1	0	0.44612212319307104
4192	1	1	0.05981602090794884
4192	1	2	0.05981602090384469
4193	0	0	0.4847249336362272
4193	0	1	0.4834312102702814
4193	0	2	0.43478455841197494
4193	1	0	0.38640764095169045
4193	1	1	0.03620340495399116
4193	1	2	0.036203404952270646
4194	0	0	0.4941887048899243
4194	0	1	0.4941887048899243
4194	0	2	0.427943131980751
4194	1	0	0.4117055944470243
4194	1	1	0.03096315942640876
4194	1	2	0.030963087926371743
4195	0	0	0.4843366100820502
4195	0	1	0.4843366100820502
4195	0	2	0.36413833072049445
4195	1	0	0.4536606462381365
4195	1	1	0.03167721164863671
4195	1	2	0.03167721164831583
4196	0	0	0.48643016645793824
4196	0	1	0.48643016645793824
4196	0	2	0.4189889940139218
4196	1	0	0.42662241155328134
4196	1	1	0.056822953528957845
4196	1	2	0.056826889353979934
4197	0	0	0.48550526579444486
4197	0	1	0.46977670285721856
4197	0	2	0.3681613751114825
4197	1	0	0.4434399295112074
4197	1	1	0.03705669698651816
4197	1	2	0.03705660661389158
4198	0	0	0.490887032446404
4198	0	1	0.49062767460440276
4198	0	2	0.4440168362360009
4198	1	0	0.42142726217082355
4198	1	1	0.11168375734281467
4198	1	2	0.11168375734174622
4199	0	0	0.5979026303897286
4199	0	1	0.5995497398416396
4199	0	2	0.4520215123477931
4199	1	0	0.4403874166407605
4199	1	1	0.0738160364673241
4199	1	2	0.0876516818617717
4200	0	0	0.6055917799945826
4200	0	1	0.6054833940186122
4200	0	2	0.4759679429443537
4200	1	0	0.4963095404056555
4200	1	1	0.05248444065379641
4200	1	2	0.0524966817691966
4201	0	0	0.49322692605816376
4201	0	1	0.4874382337402581
4201	0	2	0.42103711471583655
4201	1	0	0.47440413152864036
4201	1	1	0.023651574045120666
4201	1	2	0.02365157404320241
4202	0	0	0.499712724211441
4202	0	1	0.48182957013853134
4202	0	2	0.3365803558068
4202	1	0	0.4691822978810665
4202	1	1	0.10537372634433947
4202	1	2	0.10537364774833934
4203	0	0	0.47941117946172274
4203	0	1	0.47941117946172274
4203	0	2	0.46913707791862297
4203	1	0	0.4299608466474893
4203	1	1	0.10946002477489654
4203	1	2	0.10946002456381096
4204	0	0	0.4977438075212816
4204	0	1	0.4835301943894462
4204	0	2	0.46354196282418636
4204	1	0	0.479243932476496
4204	1	1	0.05564272380077878
4204	1	2	0.05564272379710207
4205	0	0	0.5626034071696924
4205	0	1	0.5347157539999963
4205	0	2	0.464571169435667
4205	1	0	0.4582644493690842
4205	1	1	0.042453507604191545
4205	1	2	0.04245350755143221
4206	0	0	0.4993285500963017
4206	0	1	0.4981262167520341
4206	0	2	0.4395114367008812
4206	1	0	0.4993285500963017
4206	1	1	0.07927008400595185
4206	1	2	0.07927008400510414
4207	0	0	0.49145174126133434
4207	0	1	0.49145174126133434
4207	0	2	0.44535343437479774
4207	1	0	0.47609708942244666
4207	1	1	0.03634527669688535
4207	1	2	0.03634527667890648
4208	0	0	0.6792808467460661
4208	0	1	0.6191703565213162
4208	0	2	0.45636043962676426
4208	1	0	0.3673654773440476
4208	1	1	0.03546012260797722
4208	1	2	0.0996352745063399
4209	0	0	0.4925474935676781
4209	0	1	0.48787174610593054
4209	0	2	0.48787174610593054
4209	1	0	0.43793822359822954
4209	1	1	0.030640791129844788
4209	1	2	0.030741612868265752
4210	0	0	0.49784142690951894
4210	0	1	0.49784142690951894
4210	0	2	0.38040063979977917
4210	1	0	0.4865860943530345
4210	1	1	0.06495166312090145
4210	1	2	0.0649516630110481
4211	0	0	0.4951082429461682
4211	0	1	0.4951082429461682
4211	0	2	0.41175874122881606
4211	1	0	0.3681517422310591
4211	1	1	0.04392227695479303
4211	1	2	0.04392227695212575
4212	0	0	0.4900805238932183
4212	0	1	0.48447103306548334
4212	0	2	0.47344181208123004
4212	1	0	0.4825829773311237
4212	1	1	0.12143328553824005
4212	1	2	0.12143328531586148
4213	0	0	0.4916233015702666
4213	0	1	0.4916233015702666
4213	0	2	0.4711763039421829
4213	1	0	0.4875516603336072
4213	1	1	0.08924959403866631
4213	1	2	0.08924959403778383
4214	0	0	0.4807316493936037
4214	0	1	0.47602505350243846
4214	0	2	0.4730895773788987
4214	1	0	0.44341912330990935
4214	1	1	0.03887909797538175
4214	1	2	0.038879011505930386
4215	0	0	0.6383739755419455
4215	0	1	0.5614282814040523
4215	0	2	0.2932174530793993
4215	1	0	0.4744595311264419
4215	1	1	0.029670340911548215
4215	1	2	0.03651586449385753
4216	0	0	0.6615463270198934
4216	0	1	0.6552829464071052
4216	0	2	0.5336966690756164
4216	1	0	0.4437699144559554
4216	1	1	0.09064358853597078
4216	1	2	0.1372674629079423
4217	0	0	0.5566816141452693
4217	0	1	0.4990555550792507
4217	0	2	0.4030042529595785
4217	1	0	0.4463353149767088
4217	1	1	0.4398063221742338
4217	1	2	0.4456935362459926
4218	0	0	0.5479668108375372
4218	0	1	0.5475096819433408
4218	0	2	0.5027185390376854
4218	1	0	0.4806675540768916
4218	1	1	0.06628842724264584
4218	1	2	0.0685052727885612
4219	0	0	0.540366222793119
4219	0	1	0.5423423357805061
4219	0	2	0.3902192436238052
4219	1	0	0.48000337834032886
4219	1	1	0.3343146248070499
4219	1	2	0.3437253570042627
4220	0	0	0.5652777155593467
4220	0	1	0.5540170692803403
4220	0	2	0.37379396288653904
4220	1	0	0.4991712712073948
4220	1	1	0.10297198958273199
4220	1	2	0.12005355105334362
4221	0	0	0.527189175640868
4221	0	1	0.5298815462336275
4221	0	2	0.45829599354656636
4221	1	0	0.43587483104987507
4221	1	1	0.20882569634859802
4221	1	2	0.20421954134153225
4222	0	0	0.6146391107634115
4222	0	1	0.6034589574307357
4222	0	2	0.4444101946633803
4222	1	0	0.4949384794496117
4222	1	1	0.4463925490708402
4222	1	2	0.4733440586579505
4223	0	0	0.5577921229919989
4223	0	1	0.5460035874737743
4223	0	2	0.453675437990602
4223	1	0	0.4080697285646971
4223	1	1	0.054846801488576985
4223	1	2	0.06447092438683753
4224	0	0	0.5290907808393572
4224	0	1	0.5259267557964606
4224	0	2	0.44270899418898857
4224	1	0	0.4306475803923615
4224	1	1	0.17024807151702165
4224	1	2	0.18321767198111413
4225	0	0	0.5615840748351519
4225	0	1	0.557045751245036
4225	0	2	0.44363807415073137
4225	1	0	0.3564922824554777
4225	1	1	0.23347287623437651
4225	1	2	0.26886688898141137
4226	0	0	0.5839437182926512
4226	0	1	0.5779715604353337
4226	0	2	0.43927445418184297
4226	1	0	0.44521346777619547
4226	1	1	0.06087309022556364
4226	1	2	0.07582901340493758
4227	0	0	0.5787899543701676
4227	0	1	0.5488294010706593
4227	0	2	0.43029586670244824
4227	1	0	0.47447989244695266
4227	1	1	0.07655711083303733
4227	1	2	0.10396062834761291
4228	0	0	0.6215721399855452
4228	0	1	0.6156648807042375
4228	0	2	0.4819112618543759
4228	1	0	0.43641375163647583
4228	1	1	0.1503761855659961
4228	1	2	0.15205331923416726
4229	0	0	0.5965055846381478
4229	0	1	0.547265081954992
4229	0	2	0.47728236625045145
4229	1	0	0.41368089514229367
4229	1	1	0.2522456543834684
4229	1	2	0.26476430912133836
4230	0	0	0.6504152171007345
4230	0	1	0.6333644839382713
4230	0	2	0.33711530020846114
4230	1	0	0.43110175385311666
4230	1	1	0.11397612345312363
4230	1	2	0.11339715198435335
4231	0	0	0.5637681041449472
4231	0	1	0.5630461739383229
4231	0	2	0.46738347815792436
4231	1	0	0.4694865064696737
4231	1	1	0.2321556848897354
4231	1	2	0.2313086745967755
