input_axis_1_index	input_axis_2_index	signal_bin_index	output_channel_index	replicate_id	response_value
0	0	0	0	1	6017.60792851808
0	0	0	0	2	6510.755549620031
0	0	0	0	3	5714.685647411652
0	0	0	1	1	5740.718302998138
0	0	0	1	2	6249.778534743333
0	0	0	1	3	5395.365256499484
0	0	0	2	1	5463.118227590092
0	0	0	2	2	6237.735773398306
0	0	0	2	3	5097.49019745295
0	0	0	3	1	6022.723563685919
0	0	0	3	2	6226.368101340998
0	0	0	3	3	5099.94306281494
0	0	1	0	1	7749.383600434161
0	0	1	0	2	8758.36281789262
0	0	1	0	3	7550.118738698692
0	0	1	1	1	7729.730269896155
0	0	1	1	2	8214.579895684294
0	0	1	1	3	6939.130521585191
0	0	1	2	1	7440.7523656965695
0	0	1	2	2	8484.467894675347
0	0	1	2	3	6924.089388713826
0	0	1	3	1	8026.070878029273
0	0	1	3	2	8199.543586293204
0	0	1	3	3	6931.908183411325
0	0	2	0	1	7701.060474464887
0	0	2	0	2	8176.906733588743
0	0	2	0	3	7185.840719653899
0	0	2	1	1	7405.356159701238
0	0	2	1	2	7883.429785184782
0	0	2	1	3	6589.109186047333
0	0	2	2	1	7138.465606394091
0	0	2	2	2	7895.958198873724
0	0	2	2	3	6530.244802710083
0	0	2	3	1	7713.438826453757
0	0	2	3	2	7876.605236832524
0	0	2	3	3	6568.99431963461
0	0	3	0	1	9518.35860207004
0	0	3	0	2	9908.57213463281
0	0	3	0	3	8982.811274884967
0	0	3	1	1	9004.037534237668
0	0	3	1	2	9779.262864169174
0	0	3	1	3	8019.775718004261
0	0	3	2	1	8740.98433419032
0	0	3	2	2	9797.696972525204
0	0	3	2	3	7985.575413938164
0	0	3	3	1	9258.379703804725
0	0	3	3	2	9761.444860807798
0	0	3	3	3	7969.376205348955
0	0	4	0	1	14623.318711818836
0	0	4	0	2	15042.150362347844
0	0	4	0	3	12720.144056589197
0	0	4	1	1	13448.617243101338
0	0	4	1	2	15051.89773233077
0	0	4	1	3	12094.704634092337
0	0	4	2	1	13757.070542436411
0	0	4	2	2	15080.558128315473
0	0	4	2	3	11817.65214651648
0	0	4	3	1	14372.429576769298
0	0	4	3	2	14939.250086432046
0	0	4	3	3	12060.554748240915
0	0	5	0	1	28883.23202136218
0	0	5	0	2	28624.512937380692
0	0	5	0	3	27262.77592691948
0	0	5	1	1	27638.957913324317
0	0	5	1	2	29188.325623927558
0	0	5	1	3	24607.052678436223
0	0	5	2	1	27678.948954381314
0	0	5	2	2	30206.38749681179
0	0	5	2	3	24165.25779563364
0	0	5	3	1	27105.20359864306
0	0	5	3	2	30117.723810086645
0	0	5	3	3	24344.31427055047
0	0	6	0	1	61132.98369538436
0	0	6	0	2	58467.41149886178
0	0	6	0	3	70258.21621091386
0	0	6	1	1	57264.69743096223
0	0	6	1	2	60824.24349039624
0	0	6	1	3	60623.80779693483
0	0	6	2	1	59358.08797002273
0	0	6	2	2	62524.49139558259
0	0	6	2	3	56259.98749321756
0	0	6	3	1	54846.0886177932
0	0	6	3	2	58533.65664260909
0	0	6	3	3	57241.05301473862
0	1	0	0	1	8024.609326395936
0	1	0	0	2	8193.93287910141
0	1	0	0	3	6936.866601764088
0	1	0	1	1	8015.261991432502
0	1	0	1	2	7890.864108952977
0	1	0	1	3	6309.061040781824
0	1	0	2	1	7454.293502851396
0	1	0	2	2	8196.79775823268
0	1	0	2	3	6313.386131407995
0	1	0	3	1	8017.173027936491
0	1	0	3	2	7911.146543125074
0	1	0	3	3	6613.711058733961
0	1	1	0	1	12072.010388814679
0	1	1	0	2	12142.00909883304
0	1	1	0	3	10596.379386015746
0	1	1	1	1	11454.87253864034
0	1	1	1	2	11292.061774611764
0	1	1	1	3	10277.88251041689
0	1	1	2	1	11764.611280863412
0	1	1	2	2	12719.583849670924
0	1	1	2	3	10272.446221995346
0	1	1	3	1	11788.169462458378
0	1	1	3	2	11870.782395996574
0	1	1	3	3	10605.89998162317
0	1	2	0	1	10552.296896515663
0	1	2	0	2	10723.119833110715
0	1	2	0	3	8998.9418843727
0	1	2	1	1	9938.158332040102
0	1	2	1	2	10399.945495503678
0	1	2	1	3	8120.618725851868
0	1	2	2	1	10534.646235402139
0	1	2	2	2	10988.725377959106
0	1	2	2	3	8366.60036248491
0	1	2	3	1	10579.620415208949
0	1	2	3	2	10399.888412092321
0	1	2	3	3	8376.741556537594
0	1	3	0	1	12662.760531416188
0	1	3	0	2	13074.329992328225
0	1	3	0	3	10017.241154893229
0	1	3	1	1	12025.756363315837
0	1	3	1	2	11968.13524906589
0	1	3	1	3	9545.358691228766
0	1	3	2	1	11521.479546076114
0	1	3	2	2	12766.102829701416
0	1	3	2	3	9791.275306464133
0	1	3	3	1	12167.656214748302
0	1	3	3	2	12593.455182783673
0	1	3	3	3	9865.624341729448
0	1	4	0	1	18829.870665399387
0	1	4	0	2	18177.18411339004
0	1	4	0	3	14644.529090027481
0	1	4	1	1	17473.403900490935
0	1	4	1	2	17914.73411269761
0	1	4	1	3	12974.007446964002
0	1	4	2	1	16735.097971908915
0	1	4	2	2	18452.94096010945
0	1	4	2	3	12929.729239689452
0	1	4	3	1	17499.31207422399
0	1	4	3	2	18129.45979509027
0	1	4	3	3	13514.703513743048
0	1	5	0	1	32275.368288388934
0	1	5	0	2	31758.280288289883
0	1	5	0	3	26911.003489039056
0	1	5	1	1	31893.201528728678
0	1	5	1	2	31308.09956209034
0	1	5	1	3	25435.45674051827
0	1	5	2	1	30671.318876641206
0	1	5	2	2	33037.89527868449
0	1	5	2	3	27104.195231297435
0	1	5	3	1	30976.092818201843
0	1	5	3	2	33835.196335798915
0	1	5	3	3	23849.86658579919
0	1	6	0	1	71529.22027015794
0	1	6	0	2	67881.87692536488
0	1	6	0	3	70195.53731396026
0	1	6	1	1	64197.87524567906
0	1	6	1	2	63968.171320331065
0	1	6	1	3	61383.91023182015
0	1	6	2	1	70217.05583878786
0	1	6	2	2	66211.2254131376
0	1	6	2	3	36759.29438437334
0	1	6	3	1	51736.86182441554
0	1	6	3	2	58619.98976297001
0	1	6	3	3	45567.79670262989
0	2	0	0	1	7316.707268220859
0	2	0	0	2	7529.6230723157905
0	2	0	0	3	6522.981337929125
0	2	0	1	1	7093.9326348720415
0	2	0	1	2	7259.83578689585
0	2	0	1	3	6206.685007820602
0	2	0	2	1	6531.914978542044
0	2	0	2	2	7518.483188032495
0	2	0	2	3	5928.79011168066
0	2	0	3	1	7093.625419175238
0	2	0	3	2	7247.84716119613
0	2	0	3	3	6164.823887703593
0	2	1	0	1	10263.592295590572
0	2	1	0	2	10965.750657564507
0	2	1	0	3	8695.328827989113
0	2	1	1	1	9915.133805907708
0	2	1	1	2	10039.808643390199
0	2	1	1	3	7801.101515855705
0	2	1	2	1	9933.397141500744
0	2	1	2	2	11725.294548099993
0	2	1	2	3	8390.074898547467
0	2	1	3	1	9949.793235611807
0	2	1	3	2	10934.046738173327
0	2	1	3	3	8388.93725497145
0	2	2	0	1	9974.002976920638
0	2	2	0	2	10110.634187480002
0	2	2	0	3	8223.86161330057
0	2	2	1	1	9688.065344146144
0	2	2	1	2	9120.228197733431
0	2	2	1	3	7687.7855273671
0	2	2	2	1	9311.445222798875
0	2	2	2	2	10353.571587796054
0	2	2	2	3	7753.947597119749
0	2	2	3	1	9881.724424948854
0	2	2	3	2	9693.10639937855
0	2	2	3	3	8072.72840142104
0	2	3	0	1	11308.058707582253
0	2	3	0	2	11759.174848158318
0	2	3	0	3	9398.639150443563
0	2	3	1	1	11180.480239215567
0	2	3	1	2	10863.109910935049
0	2	3	1	3	8602.328171236415
0	2	3	2	1	11184.050040887265
0	2	3	2	2	12251.606205205011
0	2	3	2	3	8609.88813135082
0	2	3	3	1	11129.367558491494
0	2	3	3	2	11148.441368570533
0	2	3	3	3	8884.049998787052
0	2	4	0	1	16619.295163980438
0	2	4	0	2	16847.112863093018
0	2	4	0	3	14101.529735347525
0	2	4	1	1	16563.160134309976
0	2	4	1	2	16252.977849787967
0	2	4	1	3	12700.683954337626
0	2	4	2	1	15004.537678380251
0	2	4	2	2	17185.96788344213
0	2	4	2	3	12993.115816554577
0	2	4	3	1	14821.783571135371
0	2	4	3	2	17082.177796295204
0	2	4	3	3	11994.419648368763
0	2	5	0	1	29679.466553035338
0	2	5	0	2	29780.813083200992
0	2	5	0	3	26915.552866298036
0	2	5	1	1	28308.105614253007
0	2	5	1	2	29231.747911249917
0	2	5	1	3	23110.366869541693
0	2	5	2	1	27505.600873886848
0	2	5	2	2	32421.252987926964
0	2	5	2	3	24493.135689656374
0	2	5	3	1	28224.64595959337
0	2	5	3	2	31022.187722284358
0	2	5	3	3	21858.580674405348
0	2	6	0	1	58074.0310139816
0	2	6	0	2	57179.148182069024
0	2	6	0	3	72247.37881185603
0	2	6	1	1	57241.13227222966
0	2	6	1	2	56643.08663172455
0	2	6	1	3	57415.83821485675
0	2	6	2	1	62011.73570795705
0	2	6	2	2	63375.43490832127
0	2	6	2	3	71306.35896052308
0	2	6	3	1	52869.37041336009
0	2	6	3	2	60592.35300215554
0	2	6	3	3	75459.62474842441
0	3	0	0	1	7202.504874260144
0	3	0	0	2	7594.576292640902
0	3	0	0	3	6497.933102232307
0	3	0	1	1	6963.2982205454455
0	3	0	1	2	7442.042408142034
0	3	0	1	3	6035.80834938675
0	3	0	2	1	6885.1264476912265
0	3	0	2	2	7593.879626976657
0	3	0	2	3	5943.020333154349
0	3	0	3	1	7466.983360786499
0	3	0	3	2	7392.784766485945
0	3	0	3	3	6284.491797572537
0	3	1	0	1	11111.635727605095
0	3	1	0	2	11150.321194156402
0	3	1	0	3	8606.976112547996
0	3	1	1	1	10079.160477385569
0	3	1	1	2	10309.476082759822
0	3	1	1	3	8232.622285363299
0	3	1	2	1	10418.96979293061
0	3	1	2	2	12111.459344688632
0	3	1	2	3	8584.601626425167
0	3	1	3	1	10671.941799582948
0	3	1	3	2	10733.322475342147
0	3	1	3	3	8552.718699010844
0	3	2	0	1	10059.172465022177
0	3	2	0	2	10574.408423808756
0	3	2	0	3	8115.870163180876
0	3	2	1	1	9482.892571993341
0	3	2	1	2	9629.82157991756
0	3	2	1	3	7791.699092039755
0	3	2	2	1	9695.060927592582
0	3	2	2	2	10552.121132837749
0	3	2	2	3	7833.0489673689635
0	3	2	3	1	10091.3714435158
0	3	2	3	2	9823.458846326272
0	3	2	3	3	7540.220303798142
0	3	3	0	1	11432.018085249703
0	3	3	0	2	11860.86485756336
0	3	3	0	3	9827.355539854265
0	3	3	1	1	10893.939966277776
0	3	3	1	2	11427.59660765521
0	3	3	1	3	8664.245030760256
0	3	3	2	1	11811.301635868793
0	3	3	2	2	12383.130287954195
0	3	3	2	3	9007.130580708974
0	3	3	3	1	11613.511994164423
0	3	3	3	2	11574.668550842627
0	3	3	3	3	8796.56162210979
0	3	4	0	1	15888.462688727064
0	3	4	0	2	16786.213375859894
0	3	4	0	3	13636.60026555792
0	3	4	1	1	15477.30645010539
0	3	4	1	2	16145.703477254723
0	3	4	1	3	12058.692574478566
0	3	4	2	1	16578.457182876642
0	3	4	2	2	17725.59933607261
0	3	4	2	3	13074.280073898084
0	3	4	3	1	15749.493766108235
0	3	4	3	2	16180.487177128256
0	3	4	3	3	12023.723110290355
0	3	5	0	1	29643.7430999983
0	3	5	0	2	28397.298250748227
0	3	5	0	3	25447.89855569251
0	3	5	1	1	26668.6558093639
0	3	5	1	2	28315.997404487578
0	3	5	1	3	21733.331367365055
0	3	5	2	1	28089.825303280697
0	3	5	2	2	34631.33082602109
0	3	5	2	3	23152.994332567505
0	3	5	3	1	25456.938374168265
0	3	5	3	2	30050.317809694687
0	3	5	3	3	21449.49889663285
0	3	6	0	1	56903.81256540575
0	3	6	0	2	55365.58602883229
0	3	6	0	3	60969.365626595434
0	3	6	1	1	48856.003702161615
0	3	6	1	2	51135.905813654834
0	3	6	1	3	54253.96244970259
0	3	6	2	1	72799.46163574015
0	3	6	2	2	74928.08112237022
0	3	6	2	3	67204.95033566644
0	3	6	3	1	44190.72204400654
0	3	6	3	2	67894.72139577291
0	3	6	3	3	61973.48872604901
0	4	0	0	1	7716.267861906548
0	4	0	0	2	7945.4103517443755
0	4	0	0	3	6939.119319212314
0	4	0	1	1	7118.692752727162
0	4	0	1	2	7948.1406441454565
0	4	0	1	3	6165.430535409615
0	4	0	2	1	7096.766541817584
0	4	0	2	2	7810.101205303174
0	4	0	2	3	6020.12812498761
0	4	0	3	1	7638.063240023543
0	4	0	3	2	7633.965111600654
0	4	0	3	3	6198.640209979385
0	4	1	0	1	10943.972047759586
0	4	1	0	2	12541.208957307435
0	4	1	0	3	9087.529804841624
0	4	1	1	1	9811.622411095932
0	4	1	1	2	11225.853148729046
0	4	1	1	3	8239.626503092031
0	4	1	2	1	10988.690032334733
0	4	1	2	2	12626.615776061826
0	4	1	2	3	9022.423937463338
0	4	1	3	1	11234.312444916195
0	4	1	3	2	11795.229977467829
0	4	1	3	3	9999.89244223016
0	4	2	0	1	10634.609372678526
0	4	2	0	2	11009.871380597448
0	4	2	0	3	8760.283581023094
0	4	2	1	1	10581.509611585869
0	4	2	1	2	10358.401149019664
0	4	2	1	3	7673.604259088941
0	4	2	2	1	10420.5644751494
0	4	2	2	2	11625.403805106096
0	4	2	2	3	8647.909482318726
0	4	2	3	1	10897.366396010528
0	4	2	3	2	10212.07664635771
0	4	2	3	3	8390.727749319165
0	4	3	0	1	12209.398716214773
0	4	3	0	2	12050.591858125455
0	4	3	0	3	10368.533432176788
0	4	3	1	1	11732.172815907661
0	4	3	1	2	11839.376860360397
0	4	3	1	3	8843.872440060883
0	4	3	2	1	12863.271904638063
0	4	3	2	2	13411.377766478552
0	4	3	2	3	9768.563390075851
0	4	3	3	1	12139.547220795503
0	4	3	3	2	12113.600211253573
0	4	3	3	3	9832.78223126287
0	4	4	0	1	17098.857814196526
0	4	4	0	2	16629.638049563233
0	4	4	0	3	14395.532133930647
0	4	4	1	1	16045.23110897978
0	4	4	1	2	16186.375813958457
0	4	4	1	3	12635.346927185341
0	4	4	2	1	17739.37970101282
0	4	4	2	2	19619.64718162588
0	4	4	2	3	13563.765211084006
0	4	4	3	1	17039.542715043208
0	4	4	3	2	17409.60066447755
0	4	4	3	3	13300.49741909886
0	4	5	0	1	29572.69633429889
0	4	5	0	2	30578.674239045875
0	4	5	0	3	25550.577778448467
0	4	5	1	1	27574.36898117429
0	4	5	1	2	27112.58522757816
0	4	5	1	3	24050.08190650513
0	4	5	2	1	33656.69106833816
0	4	5	2	2	37913.15084210197
0	4	5	2	3	24957.416097600413
0	4	5	3	1	28440.297888148783
0	4	5	3	2	32458.79234380152
0	4	5	3	3	23734.135158465688
0	4	6	0	1	52437.5909560302
0	4	6	0	2	56122.05898824307
0	4	6	0	3	51202.79774195715
0	4	6	1	1	43866.81779292978
0	4	6	1	2	51952.4104092067
0	4	6	1	3	47808.33077526134
0	4	6	2	1	62890.63115748014
0	4	6	2	2	89815.20541010093
0	4	6	2	3	73909.63612207097
0	4	6	3	1	47482.689113474175
0	4	6	3	2	61233.241121746454
0	4	6	3	3	60180.22799020118
0	5	0	0	1	7484.754903722422
0	5	0	0	2	7668.125631820198
0	5	0	0	3	6863.479212795782
0	5	0	1	1	7299.684000557545
0	5	0	1	2	7536.406837028278
0	5	0	1	3	6233.448999603274
0	5	0	2	1	6754.945432895627
0	5	0	2	2	7679.183018012472
0	5	0	2	3	6156.689466151618
0	5	0	3	1	6919.492379291857
0	5	0	3	2	7213.198177295414
0	5	0	3	3	5832.004598823596
0	5	1	0	1	12384.217960105952
0	5	1	0	2	12318.70914553439
0	5	1	0	3	9484.097667231565
0	5	1	1	1	9896.903314162546
0	5	1	1	2	11943.911600181684
0	5	1	1	3	9973.313681038744
0	5	1	2	1	11571.461017045283
0	5	1	2	2	12831.155466818833
0	5	1	2	3	9939.432163808748
0	5	1	3	1	10939.571018816765
0	5	1	3	2	11426.12693324021
0	5	1	3	3	10347.179295270955
0	5	2	0	1	11162.044023009017
0	5	2	0	2	10936.909613495289
0	5	2	0	3	8741.044782368132
0	5	2	1	1	12284.282325720233
0	5	2	1	2	9587.938859441052
0	5	2	1	3	7308.884854391723
0	5	2	2	1	11607.699529597872
0	5	2	2	2	13002.53445055968
0	5	2	2	3	10784.214452453849
0	5	2	3	1	11610.323447133997
0	5	2	3	2	10479.322826637192
0	5	2	3	3	8978.553540733437
0	5	3	0	1	14943.323776105655
0	5	3	0	2	13446.734522649891
0	5	3	0	3	11492.366443984505
0	5	3	1	1	12590.267627458721
0	5	3	1	2	11788.687744258232
0	5	3	1	3	8981.497370100638
0	5	3	2	1	14824.429724378742
0	5	3	2	2	14521.779785685192
0	5	3	2	3	10916.309275446605
0	5	3	3	1	13236.081259913364
0	5	3	3	2	13092.641994173304
0	5	3	3	3	9660.111964662412
0	5	4	0	1	19413.543948714483
0	5	4	0	2	17003.696955395048
0	5	4	0	3	15944.305184056597
0	5	4	1	1	18178.66977023057
0	5	4	1	2	17059.851180191814
0	5	4	1	3	13694.125494039083
0	5	4	2	1	21361.986211049392
0	5	4	2	2	23496.48658665479
0	5	4	2	3	15290.90455216465
0	5	4	3	1	17783.838349240326
0	5	4	3	2	19125.334465201195
0	5	4	3	3	14745.629344668516
0	5	5	0	1	34754.68931212104
0	5	5	0	2	33541.42789192284
0	5	5	0	3	27013.126616766225
0	5	5	1	1	32323.334035532862
0	5	5	1	2	30659.16602689979
0	5	5	1	3	24762.254085765086
0	5	5	2	1	40149.81526387765
0	5	5	2	2	49415.81954726943
0	5	5	2	3	29821.313996908564
0	5	5	3	1	31210.81497027474
0	5	5	3	2	35078.08227036978
0	5	5	3	3	24173.29406935876
0	5	6	0	1	64106.39184348382
0	5	6	0	2	61032.06870333133
0	5	6	0	3	63831.06819483596
0	5	6	1	1	48406.45698580521
0	5	6	1	2	54784.663577211155
0	5	6	1	3	57611.44819753511
0	5	6	2	1	79106.18135710235
0	5	6	2	2	128051.08927749554
0	5	6	2	3	55443.04923974805
0	5	6	3	1	59216.33335772222
0	5	6	3	2	70923.49242326188
0	5	6	3	3	60156.256617992534
0	6	0	0	1	7486.594341273999
0	6	0	0	2	6684.202393273005
0	6	0	0	3	6506.2325845468895
0	6	0	1	1	6159.27454572998
0	6	0	1	2	6662.289286587464
0	6	0	1	3	5348.331775778602
0	6	0	2	1	7450.507951786074
0	6	0	2	2	7181.333042001979
0	6	0	2	3	5121.696315046205
0	6	0	3	1	6244.705941743661
0	6	0	3	2	6499.985272901499
0	6	0	3	3	6365.753936543911
0	6	1	0	1	12410.685224267127
0	6	1	0	2	11985.48465301127
0	6	1	0	3	11406.913633099852
0	6	1	1	1	11157.750938990643
0	6	1	1	2	10332.701131921207
0	6	1	1	3	5478.568677013576
0	6	1	2	1	18708.673022384468
0	6	1	2	2	12296.616969895507
0	6	1	2	3	11881.27807045749
0	6	1	3	1	10262.862208492417
0	6	1	3	2	11633.606567696745
0	6	1	3	3	9999.483746831114
0	6	2	0	1	11747.371287082166
0	6	2	0	2	9157.647685929778
0	6	2	0	3	8227.859119155331
0	6	2	1	1	13703.701784200926
0	6	2	1	2	9653.58776222268
0	6	2	1	3	9290.050690367254
0	6	2	2	1	15915.718926000445
0	6	2	2	2	14211.311133083633
0	6	2	2	3	14274.527756415013
0	6	2	3	1	14614.65173460574
0	6	2	3	2	11741.714269495618
0	6	2	3	3	13541.412001797236
0	6	3	0	1	16784.948509270573
0	6	3	0	2	15313.428351003131
0	6	3	0	3	11600.584300202512
0	6	3	1	1	15864.453905625116
0	6	3	1	2	14624.282080669753
0	6	3	1	3	8569.400930279917
0	6	3	2	1	32152.580216722705
0	6	3	2	2	29349.85136312514
0	6	3	2	3	12921.62150023769
0	6	3	3	1	16486.162675443593
0	6	3	3	2	14453.101439236576
0	6	3	3	3	10595.618872461186
0	6	4	0	1	25194.696164303714
0	6	4	0	2	21242.83770383903
0	6	4	0	3	22923.39686675073
0	6	4	1	1	21709.666194732792
0	6	4	1	2	19336.81655055072
0	6	4	1	3	13482.229667568932
0	6	4	2	1	38250.715664940115
0	6	4	2	2	36422.33699577328
0	6	4	2	3	22008.816343260114
0	6	4	3	1	23389.091937310215
0	6	4	3	2	24762.336717268416
0	6	4	3	3	15088.001505492823
0	6	5	0	1	50544.67445524744
0	6	5	0	2	48466.487452682384
0	6	5	0	3	29501.78929077597
0	6	5	1	1	46366.06796599893
0	6	5	1	2	44084.730569143634
0	6	5	1	3	33074.38172673625
0	6	5	2	1	76666.29749355878
0	6	5	2	2	105180.44136380457
0	6	5	2	3	54996.007334556314
0	6	5	3	1	42646.34683943041
0	6	5	3	2	51861.632822619016
0	6	5	3	3	40141.71420247259
0	6	6	0	1	114668.28696142681
0	6	6	0	2	93344.95353133597
0	6	6	0	3	54692.959767155466
0	6	6	1	1	69655.12388032659
0	6	6	1	2	81257.45084207757
0	6	6	1	3	58743.36446995565
0	6	6	2	1	137610.41521786165
0	6	6	2	2	358701.0109102609
0	6	6	2	3	209978.22578117595
0	6	6	3	1	94728.54669898961
0	6	6	3	2	113459.65581098961
0	6	6	3	3	81167.35413546421
1	0	0	0	1	7131.557837486283
1	0	0	0	2	7608.048863334068
1	0	0	0	3	6313.773955454899
1	0	0	1	1	6583.984146363417
1	0	0	1	2	7330.160240422645
1	0	0	1	3	6283.7748253447535
1	0	0	2	1	6298.098325702617
1	0	0	2	2	7051.297491294237
1	0	0	2	3	5991.861545223821
1	0	0	3	1	6881.414181892622
1	0	0	3	2	7045.177586409715
1	0	0	3	3	6000.396880528113
1	0	1	0	1	8895.052643603376
1	0	1	0	2	9889.913687126107
1	0	1	0	3	8465.7186003243
1	0	1	1	1	9460.54205506663
1	0	1	1	2	9594.886647426796
1	0	1	1	3	8133.328278844843
1	0	1	2	1	8892.230332039946
1	0	1	2	2	9311.1387959036
1	0	1	2	3	7543.109626847217
1	0	1	3	1	9161.207695158831
1	0	1	3	2	9031.891447680786
1	0	1	3	3	8453.649812249432
1	0	2	0	1	8278.413751381742
1	0	2	0	2	9803.096795067828
1	0	2	0	3	8105.599556517053
1	0	2	1	1	8556.300531773122
1	0	2	1	2	9220.822340368532
1	0	2	1	3	7778.025838875836
1	0	2	2	1	8527.891125602064
1	0	2	2	2	8994.679833752947
1	0	2	2	3	7461.170664884525
1	0	2	3	1	9139.14132424458
1	0	2	3	2	8694.043086339794
1	0	2	3	3	7181.29247267919
1	0	3	0	1	10440.43515809314
1	0	3	0	2	11640.323449379011
1	0	3	0	3	9629.634896808915
1	0	3	1	1	10003.554188744545
1	0	3	1	2	11681.144616389545
1	0	3	1	3	9237.62233302108
1	0	3	2	1	9889.736388419893
1	0	3	2	2	10615.351887719818
1	0	3	2	3	8894.32020769569
1	0	3	3	1	10994.855164623415
1	0	3	3	2	10892.983100118281
1	0	3	3	3	8933.779084935968
1	0	4	0	1	16156.549774925112
1	0	4	0	2	16193.976441824114
1	0	4	0	3	14285.305349099368
1	0	4	1	1	13447.290753458086
1	0	4	1	2	17567.62006222854
1	0	4	1	3	13516.941001305644
1	0	4	2	1	14558.749245092531
1	0	4	2	2	17125.522671600193
1	0	4	2	3	12655.828205605225
1	0	4	3	1	15568.026057127237
1	0	4	3	2	17587.103441761596
1	0	4	3	3	13558.038999761407
1	0	5	0	1	33058.201676211065
1	0	5	0	2	35602.960851704884
1	0	5	0	3	26911.642817159543
1	0	5	1	1	28449.328060827607
1	0	5	1	2	33209.91030384751
1	0	5	1	3	25537.39815987189
1	0	5	2	1	32790.779830699794
1	0	5	2	2	35587.260966607675
1	0	5	2	3	24845.62722536582
1	0	5	3	1	28095.826414207466
1	0	5	3	2	33282.7901732548
1	0	5	3	3	28262.827111963303
1	0	6	0	1	64261.95667829471
1	0	6	0	2	68278.81496538784
1	0	6	0	3	76525.93952935262
1	0	6	1	1	66652.79303044043
1	0	6	1	2	68956.72523760419
1	0	6	1	3	70823.60635687843
1	0	6	2	1	67262.18694510648
1	0	6	2	2	69780.38638706873
1	0	6	2	3	60192.72643583657
1	0	6	3	1	51225.669320473826
1	0	6	3	2	69806.0924937088
1	0	6	3	3	62456.918180240726
1	1	0	0	1	10328.682540235415
1	1	0	0	2	10414.326218913253
1	1	0	0	3	8119.751362005347
1	1	0	1	1	9740.501885392961
1	1	0	1	2	9311.378801472933
1	1	0	1	3	7526.593412526848
1	1	0	2	1	9140.235732815583
1	1	0	2	2	9293.615219032945
1	1	0	2	3	7501.419509499556
1	1	0	3	1	10045.526402940093
1	1	0	3	2	9026.653105511989
1	1	0	3	3	7824.1743911208505
1	1	1	0	1	15818.181598604231
1	1	1	0	2	12836.022538146248
1	1	1	0	3	13652.326372232252
1	1	1	1	1	13787.321501747125
1	1	1	1	2	14405.227231644569
1	1	1	1	3	12713.31671612883
1	1	1	2	1	12906.753235180031
1	1	1	2	2	12999.088203473522
1	1	1	2	3	11807.629716540305
1	1	1	3	1	14386.933711434718
1	1	1	3	2	13537.705406430836
1	1	1	3	3	12130.3741100811
1	1	2	0	1	14731.57767102446
1	1	2	0	2	12380.423264858782
1	1	2	0	3	12069.473204070406
1	1	2	1	1	12879.474849835242
1	1	2	1	2	13445.922835741761
1	1	2	1	3	10241.530167962072
1	1	2	2	1	12554.585379767175
1	1	2	2	2	12938.621363119717
1	1	2	2	3	9630.615407550597
1	1	2	3	1	13142.529588054382
1	1	2	3	2	12954.944106771103
1	1	2	3	3	11158.739452570864
1	1	3	0	1	15355.23645524251
1	1	3	0	2	15357.875951050031
1	1	3	0	3	12165.906793902663
1	1	3	1	1	14697.529505948925
1	1	3	1	2	15404.295243849549
1	1	3	1	3	10571.037623076001
1	1	3	2	1	13982.758626830888
1	1	3	2	2	15628.992889219742
1	1	3	2	3	12035.559600695262
1	1	3	3	1	15044.767902043724
1	1	3	3	2	15428.96314621329
1	1	3	3	3	11939.457553688984
1	1	4	0	1	20234.24040126734
1	1	4	0	2	19665.42330807547
1	1	4	0	3	18220.308945010045
1	1	4	1	1	19570.565089363736
1	1	4	1	2	23149.14474643752
1	1	4	1	3	18264.201280283687
1	1	4	2	1	20925.434699454665
1	1	4	2	2	18514.225014874562
1	1	4	2	3	15575.570202690957
1	1	4	3	1	21612.730123353987
1	1	4	3	2	21865.717022636505
1	1	4	3	3	14807.515788666638
1	1	5	0	1	33572.79558483567
1	1	5	0	2	36755.718104878964
1	1	5	0	3	32511.14952698398
1	1	5	1	1	31404.783545771712
1	1	5	1	2	35289.363053525965
1	1	5	1	3	21635.69903170587
1	1	5	2	1	32699.181941128933
1	1	5	2	2	33210.901219174455
1	1	5	2	3	30999.526711373328
1	1	5	3	1	33928.39424367545
1	1	5	3	2	34717.16923606621
1	1	5	3	3	30339.2977898504
1	1	6	0	1	68901.08248522929
1	1	6	0	2	59168.85607634661
1	1	6	0	3	84678.1578094546
1	1	6	1	1	75866.35548565297
1	1	6	1	2	69087.96196701098
1	1	6	1	3	73251.38665505381
1	1	6	2	1	75108.12729512737
1	1	6	2	2	76447.23717443581
1	1	6	2	3	64674.491009736346
1	1	6	3	1	78217.87201114863
1	1	6	3	2	68480.59895780802
1	1	6	3	3	75198.74462478739
1	2	0	0	1	9617.77377449594
1	2	0	0	2	9272.596522321574
1	2	0	0	3	7723.639416671522
1	2	0	1	1	9077.254743221449
1	2	0	1	2	8929.265603586842
1	2	0	1	3	7473.003285787703
1	2	0	2	1	7970.140739106311
1	2	0	2	2	8995.186446796717
1	2	0	2	3	6841.935779068746
1	2	0	3	1	8765.352690061756
1	2	0	3	2	8035.9798568800215
1	2	0	3	3	7382.082850088436
1	2	1	0	1	15957.411569519092
1	2	1	0	2	13997.137503216854
1	2	1	0	3	11074.8225823021
1	2	1	1	1	14856.913479429502
1	2	1	1	2	13797.912474613135
1	2	1	1	3	9926.58490575671
1	2	1	2	1	12279.812677451633
1	2	1	2	2	12371.175243466332
1	2	1	2	3	9747.593257765624
1	2	1	3	1	14028.911554094531
1	2	1	3	2	13726.673958180918
1	2	1	3	3	10559.390330176617
1	2	2	0	1	13277.550447503443
1	2	2	0	2	13952.261339219333
1	2	2	0	3	10432.920816782977
1	2	2	1	1	13986.3453203556
1	2	2	1	2	13160.15518599753
1	2	2	1	3	9456.2980617606
1	2	2	2	1	12505.731937433173
1	2	2	2	2	14154.71910517256
1	2	2	2	3	8370.877828609751
1	2	2	3	1	14220.03763411638
1	2	2	3	2	12554.539764674526
1	2	2	3	3	9588.142773275684
1	2	3	0	1	14782.942953504527
1	2	3	0	2	15273.143347948491
1	2	3	0	3	11092.996224362254
1	2	3	1	1	14142.623794445231
1	2	3	1	2	13358.308302459902
1	2	3	1	3	10835.612746353676
1	2	3	2	1	13040.34924259323
1	2	3	2	2	15842.683039180129
1	2	3	2	3	11745.841045272078
1	2	3	3	1	14526.670530870144
1	2	3	3	2	15689.166305738385
1	2	3	3	3	11479.49380973557
1	2	4	0	1	19867.026807630893
1	2	4	0	2	20972.888108918818
1	2	4	0	3	14984.160492938856
1	2	4	1	1	19984.553521948434
1	2	4	1	2	19352.812387807375
1	2	4	1	3	15925.429297142542
1	2	4	2	1	19576.080070575437
1	2	4	2	2	21926.54804181089
1	2	4	2	3	13968.254864166223
1	2	4	3	1	20134.280279902563
1	2	4	3	2	19678.92603749236
1	2	4	3	3	16143.311416310236
1	2	5	0	1	41229.86624154487
1	2	5	0	2	34393.95410661284
1	2	5	0	3	27220.79520276716
1	2	5	1	1	37114.17396861266
1	2	5	1	2	36596.72013574965
1	2	5	1	3	22491.93060224565
1	2	5	2	1	34673.59386079201
1	2	5	2	2	42682.635675439
1	2	5	2	3	25686.65736899338
1	2	5	3	1	33716.9400103792
1	2	5	3	2	33704.0293580697
1	2	5	3	3	27678.37779420036
1	2	6	0	1	67673.4214609915
1	2	6	0	2	64298.80887385197
1	2	6	0	3	32202.334428922244
1	2	6	1	1	75435.63660416414
1	2	6	1	2	73730.72265103612
1	2	6	1	3	67460.97906165391
1	2	6	2	1	50931.6950763328
1	2	6	2	2	84536.89737930868
1	2	6	2	3	99495.79102777969
1	2	6	3	1	70343.44726622611
1	2	6	3	2	68163.07236119467
1	2	6	3	3	38791.733704942875
1	3	0	0	1	8440.902042385038
1	3	0	0	2	8561.20718263356
1	3	0	0	3	7898.148638532863
1	3	0	1	1	9143.797332453601
1	3	0	1	2	8874.760829771487
1	3	0	1	3	6703.722127703729
1	3	0	2	1	8462.117457199496
1	3	0	2	2	8816.500803405586
1	3	0	2	3	6879.070610999043
1	3	0	3	1	8725.028919251552
1	3	0	3	2	8503.649921213837
1	3	0	3	3	7218.357957519969
1	3	1	0	1	15516.150019773213
1	3	1	0	2	14718.76084580936
1	3	1	0	3	11135.306956499096
1	3	1	1	1	14772.379352346852
1	3	1	1	2	13375.479509850467
1	3	1	1	3	10264.94703851062
1	3	1	2	1	13837.688736150461
1	3	1	2	2	12654.095783996625
1	3	1	2	3	10279.319691751913
1	3	1	3	1	14844.274251034694
1	3	1	3	2	14619.966695909909
1	3	1	3	3	10927.385915657258
1	3	2	0	1	15003.209606103663
1	3	2	0	2	13745.136518973863
1	3	2	0	3	10693.24424300453
1	3	2	1	1	14112.403606842116
1	3	2	1	2	13169.406414141336
1	3	2	1	3	8806.251702748756
1	3	2	2	1	13239.494938215536
1	3	2	2	2	15016.79868071466
1	3	2	2	3	10226.942088448961
1	3	2	3	1	13768.917400211489
1	3	2	3	2	14054.3844308281
1	3	2	3	3	9850.882957575524
1	3	3	0	1	16003.636331265268
1	3	3	0	2	13971.990029903498
1	3	3	0	3	11579.600096679716
1	3	3	1	1	14684.399580319485
1	3	3	1	2	14380.439694199831
1	3	3	1	3	10442.827286255906
1	3	3	2	1	15646.883380170748
1	3	3	2	2	15630.042857923232
1	3	3	2	3	12527.465114583563
1	3	3	3	1	15427.04639188672
1	3	3	3	2	15426.039492231514
1	3	3	3	3	10900.244503870817
1	3	4	0	1	22323.390173524484
1	3	4	0	2	21239.80733901573
1	3	4	0	3	16519.126533108385
1	3	4	1	1	19595.229949176
1	3	4	1	2	18944.951512240626
1	3	4	1	3	13056.581648859736
1	3	4	2	1	18597.361232450905
1	3	4	2	2	23230.262911030048
1	3	4	2	3	15256.650061961464
1	3	4	3	1	20729.066493864706
1	3	4	3	2	22701.818299694038
1	3	4	3	3	15183.942481160622
1	3	5	0	1	34285.19376151824
1	3	5	0	2	33704.57876831413
1	3	5	0	3	33288.70488182302
1	3	5	1	1	29969.365172433067
1	3	5	1	2	31270.119868054535
1	3	5	1	3	26146.76253434149
1	3	5	2	1	36471.69873083305
1	3	5	2	2	41888.84715716133
1	3	5	2	3	29712.319637985696
1	3	5	3	1	33121.990845972745
1	3	5	3	2	38074.156774693045
1	3	5	3	3	25246.168265640783
1	3	6	0	1	68724.93744001433
1	3	6	0	2	73120.20813168395
1	3	6	0	3	100392.54909783647
1	3	6	1	1	48723.78143669971
1	3	6	1	2	61782.42036026443
1	3	6	1	3	52347.68007018449
1	3	6	2	1	71871.23651617239
1	3	6	2	2	84508.57017498167
1	3	6	2	3	57869.24001295047
1	3	6	3	1	65181.38664635875
1	3	6	3	2	67440.96431119331
1	3	6	3	3	42883.266434197554
1	4	0	0	1	9308.78570141161
1	4	0	0	2	8700.69427076153
1	4	0	0	3	8087.739276110786
1	4	0	1	1	10129.131720279915
1	4	0	1	2	9034.163644409175
1	4	0	1	3	7205.433385395127
1	4	0	2	1	8432.39054310778
1	4	0	2	2	9086.228004698287
1	4	0	2	3	7083.554684848703
1	4	0	3	1	8231.953777458357
1	4	0	3	2	8965.055406114754
1	4	0	3	3	7240.994804284304
1	4	1	0	1	15506.162385299604
1	4	1	0	2	15489.071090005658
1	4	1	0	3	10060.135502862931
1	4	1	1	1	15336.585821584331
1	4	1	1	2	14024.368387374043
1	4	1	1	3	10031.70835400477
1	4	1	2	1	14389.3431608916
1	4	1	2	2	16055.358932356361
1	4	1	2	3	11963.937359327818
1	4	1	3	1	13148.55963534118
1	4	1	3	2	14780.197749446976
1	4	1	3	3	11550.701195418256
1	4	2	0	1	16152.714099174867
1	4	2	0	2	13896.72075864096
1	4	2	0	3	10411.383499700723
1	4	2	1	1	17212.135239955034
1	4	2	1	2	13473.162161484415
1	4	2	1	3	9513.064213098844
1	4	2	2	1	14185.519209010909
1	4	2	2	2	16225.212624700696
1	4	2	2	3	12774.387287331456
1	4	2	3	1	16547.370710505344
1	4	2	3	2	13431.321189450893
1	4	2	3	3	10882.956699773436
1	4	3	0	1	16793.583370096374
1	4	3	0	2	15249.513463272431
1	4	3	0	3	12628.10171004718
1	4	3	1	1	15942.174669335265
1	4	3	1	2	14728.049995617199
1	4	3	1	3	11372.090866992345
1	4	3	2	1	20183.773278640467
1	4	3	2	2	18763.196538688535
1	4	3	2	3	18231.318826525156
1	4	3	3	1	16141.146685779562
1	4	3	3	2	15229.566154443555
1	4	3	3	3	11731.134185492787
1	4	4	0	1	22643.97038676432
1	4	4	0	2	22023.22984414456
1	4	4	0	3	17707.63564606756
1	4	4	1	1	20904.690779718505
1	4	4	1	2	20611.176828998498
1	4	4	1	3	15693.69126603853
1	4	4	2	1	29637.383278621564
1	4	4	2	2	25393.259586694985
1	4	4	2	3	23587.339526698845
1	4	4	3	1	22523.968409288726
1	4	4	3	2	20237.21793036433
1	4	4	3	3	17353.064588705813
1	4	5	0	1	38645.609889126135
1	4	5	0	2	33083.75299385385
1	4	5	0	3	27419.670599632544
1	4	5	1	1	32239.19934353699
1	4	5	1	2	33335.809046123584
1	4	5	1	3	22717.34197463221
1	4	5	2	1	42849.48019760922
1	4	5	2	2	54036.252539279885
1	4	5	2	3	34670.23919037593
1	4	5	3	1	37404.270322718425
1	4	5	3	2	42194.22514584178
1	4	5	3	3	31508.96234271253
1	4	6	0	1	72103.10148691585
1	4	6	0	2	70441.6845372314
1	4	6	0	3	61438.43356159187
1	4	6	1	1	56046.855488320994
1	4	6	1	2	56434.504289239725
1	4	6	1	3	44546.41225549308
1	4	6	2	1	89125.69927117256
1	4	6	2	2	135185.00227848295
1	4	6	2	3	70475.00462804997
1	4	6	3	1	62811.98777767831
1	4	6	3	2	76127.02274980642
1	4	6	3	3	47796.6392901857
1	5	0	0	1	9271.49289539622
1	5	0	0	2	9546.774664116598
1	5	0	0	3	8029.705768222423
1	5	0	1	1	8002.57502608267
1	5	0	1	2	7785.030216577262
1	5	0	1	3	7561.02381445471
1	5	0	2	1	8411.996440056855
1	5	0	2	2	9011.963448532722
1	5	0	2	3	7809.489261900501
1	5	0	3	1	10072.311849123202
1	5	0	3	2	8235.496410486245
1	5	0	3	3	7426.198466258109
1	5	1	0	1	14827.538522038456
1	5	1	0	2	15146.912325161657
1	5	1	0	3	11261.915827976129
1	5	1	1	1	16858.793646387054
1	5	1	1	2	11438.578941938755
1	5	1	1	3	13417.025500950253
1	5	1	2	1	14847.261686607244
1	5	1	2	2	15696.165661582443
1	5	1	2	3	12729.93790335754
1	5	1	3	1	14448.266098441192
1	5	1	3	2	14694.41595484812
1	5	1	3	3	9347.922321144262
1	5	2	0	1	15895.376259859473
1	5	2	0	2	14747.64121665407
1	5	2	0	3	13740.15207887061
1	5	2	1	1	16494.80166928275
1	5	2	1	2	11378.119627820482
1	5	2	1	3	12002.032968881686
1	5	2	2	1	26580.60503286997
1	5	2	2	2	19338.609069037324
1	5	2	2	3	18438.593489576626
1	5	2	3	1	13495.7706987388
1	5	2	3	2	16119.269678976878
1	5	2	3	3	14159.341706822197
1	5	3	0	1	19345.445683136633
1	5	3	0	2	17975.696268266194
1	5	3	0	3	13606.522732785852
1	5	3	1	1	16253.189794299306
1	5	3	1	2	13689.558851014883
1	5	3	1	3	11722.067701111937
1	5	3	2	1	41707.65664760876
1	5	3	2	2	33104.38172102466
1	5	3	2	3	24957.70270268942
1	5	3	3	1	15667.222354259928
1	5	3	3	2	15892.721747448908
1	5	3	3	3	12672.327761353252
1	5	4	0	1	27155.552892251253
1	5	4	0	2	20969.257970756655
1	5	4	0	3	19024.9460618866
1	5	4	1	1	23955.715634280266
1	5	4	1	2	19220.839523271272
1	5	4	1	3	16244.872637661265
1	5	4	2	1	54474.82494066885
1	5	4	2	2	36313.409757563306
1	5	4	2	3	32139.397055375746
1	5	4	3	1	27922.451978393314
1	5	4	3	2	26542.52927528463
1	5	4	3	3	19477.935174143808
1	5	5	0	1	43058.89425678625
1	5	5	0	2	44494.816450393475
1	5	5	0	3	28490.577882260557
1	5	5	1	1	39120.958806136565
1	5	5	1	2	36436.64703189273
1	5	5	1	3	30589.93466877777
1	5	5	2	1	103734.63824452016
1	5	5	2	2	83953.26257121708
1	5	5	2	3	45202.177160942774
1	5	5	3	1	39370.47509828144
1	5	5	3	2	45391.55198406176
1	5	5	3	3	28694.64992276503
1	5	6	0	1	79651.5206857032
1	5	6	0	2	83870.44486982122
1	5	6	0	3	73989.62222148576
1	5	6	1	1	67921.19707932671
1	5	6	1	2	66856.1930543544
1	5	6	1	3	60317.23083236634
1	5	6	2	1	193619.95164317687
1	5	6	2	2	397359.878440012
1	5	6	2	3	450128.08954344323
1	5	6	3	1	72006.63782539524
1	5	6	3	2	97833.28846222648
1	5	6	3	3	78253.3336741658
1	6	0	0	1	10513.228472701281
1	6	0	0	2	8340.06572505545
1	6	0	0	3	8085.686366972809
1	6	0	1	1	8558.806245020547
1	6	0	1	2	8132.1929665150565
1	6	0	1	3	6937.359011432158
1	6	0	2	1	8722.190889048905
1	6	0	2	2	10040.546451964
1	6	0	2	3	13731.947813069508
1	6	0	3	1	7733.176529982613
1	6	0	3	2	7932.67900250852
1	6	0	3	3	8637.893120635012
1	6	1	0	1	17013.823353471096
1	6	1	0	2	12513.069795398396
1	6	1	0	3	14599.215400791096
1	6	1	1	1	16963.119910020876
1	6	1	1	2	10815.67092990986
1	6	1	1	3	15005.504105656662
1	6	1	2	1	20012.268166001795
1	6	1	2	2	17972.61824063803
1	6	1	2	3	10854.127114339666
1	6	1	3	1	13508.509353698904
1	6	1	3	2	13266.880224297778
1	6	1	3	3	12815.478802021698
1	6	2	0	1	32535.1747893161
1	6	2	0	2	15541.212400158183
1	6	2	0	3	27951.60902107283
1	6	2	1	1	10641.483309982446
1	6	2	1	2	10990.807446118695
1	6	2	1	3	9045.075496718215
1	6	2	2	1	24753.776009960264
1	6	2	2	2	28654.321719580406
1	6	2	2	3	142907.33288578194
1	6	2	3	1	25890.207978212253
1	6	2	3	2	14150.286280832283
1	6	2	3	3	13556.751980786183
1	6	3	0	1	25041.42171198628
1	6	3	0	2	23491.03040185001
1	6	3	0	3	18596.009676581034
1	6	3	1	1	18326.48027916925
1	6	3	1	2	14567.49976732797
1	6	3	1	3	8673.33719178934
1	6	3	2	1	22138.455779905926
1	6	3	2	2	52821.84803890044
1	6	3	2	3	124416.49682575246
1	6	3	3	1	20387.224010239708
1	6	3	3	2	18216.983627807913
1	6	3	3	3	17077.34169323865
1	6	4	0	1	34701.34431001751
1	6	4	0	2	33910.451944812434
1	6	4	0	3	20167.43823105901
1	6	4	1	1	29062.96978593032
1	6	4	1	2	22855.327213266406
1	6	4	1	3	19486.659850940036
1	6	4	2	1	88169.38740838465
1	6	4	2	2	193985.3565284475
1	6	4	2	3	515429.3578697889
1	6	4	3	1	29469.446949691537
1	6	4	3	2	27708.723179139382
1	6	4	3	3	25619.682488478713
1	6	5	0	1	75147.17409459305
1	6	5	0	2	75067.2404982239
1	6	5	0	3	70715.49769903831
1	6	5	1	1	41940.34480703567
1	6	5	1	2	47893.8071388538
1	6	5	1	3	37696.83454039184
1	6	5	2	1	222911.94035176348
1	6	5	2	2	426490.62163069396
1	6	5	2	3	43030.36714461325
1	6	5	3	1	70120.47070490377
1	6	5	3	2	72012.77525862378
1	6	5	3	3	31816.366558225614
1	6	6	0	1	138820.75294518357
1	6	6	0	2	134086.32487214624
1	6	6	0	3	121874.81082121845
1	6	6	1	1	112917.05087792106
1	6	6	1	2	97134.59809879526
1	6	6	1	3	86283.14960213567
1	6	6	2	1	339936.6202560491
1	6	6	2	2	1527262.4214098756
1	6	6	2	3	534583.3048700955
1	6	6	3	1	126214.59427493262
1	6	6	3	2	154565.69573555992
1	6	6	3	3	542855.7361594925
2	0	0	0	1	6525.580776283151
2	0	0	0	2	7001.62828426232
2	0	0	0	3	6233.809818855586
2	0	0	1	1	6522.6512807391955
2	0	0	1	2	6697.513242520791
2	0	0	1	3	5663.972562438689
2	0	0	2	1	6231.398939246312
2	0	0	2	2	6715.863719239427
2	0	0	2	3	5652.0132945128225
2	0	0	3	1	6789.977238525855
2	0	0	3	2	6719.41987770609
2	0	0	3	3	5620.099409230563
2	0	1	0	1	8274.985326029677
2	0	1	0	2	9293.469889990636
2	0	1	0	3	7798.6199791368035
2	0	1	1	1	8490.18413328104
2	0	1	1	2	8400.081975027668
2	0	1	1	3	7459.61541259357
2	0	1	2	1	7944.339520670077
2	0	1	2	2	8942.743238213528
2	0	1	2	3	7182.771586400282
2	0	1	3	1	8861.554478310416
2	0	1	3	2	8956.220666431731
2	0	1	3	3	6573.345853193201
2	0	2	0	1	8481.854042433093
2	0	2	0	2	8579.328853258356
2	0	2	0	3	7969.216311250683
2	0	2	1	1	7926.5844019085125
2	0	2	1	2	8879.15437066208
2	0	2	1	3	7430.387106592314
2	0	2	2	1	7894.184807569532
2	0	2	2	2	8966.861098831583
2	0	2	2	3	7054.083855562609
2	0	2	3	1	8226.963199186977
2	0	2	3	2	8968.34912634886
2	0	2	3	3	7371.820590851077
2	0	3	0	1	10061.978788426331
2	0	3	0	2	10739.286656890254
2	0	3	0	3	9326.437199085949
2	0	3	1	1	9796.856209422513
2	0	3	1	2	10825.163175468557
2	0	3	1	3	8883.451089242893
2	0	3	2	1	10072.736762344743
2	0	3	2	2	11248.503475529305
2	0	3	2	3	8730.224637944491
2	0	3	3	1	9850.057365357996
2	0	3	3	2	10680.752858877462
2	0	3	3	3	8650.253547064709
2	0	4	0	1	14942.659473176956
2	0	4	0	2	16851.624622440915
2	0	4	0	3	13265.139190666652
2	0	4	1	1	15521.550995223399
2	0	4	1	2	16484.36651533274
2	0	4	1	3	11291.193891760136
2	0	4	2	1	13587.826494546658
2	0	4	2	2	16136.832728645666
2	0	4	2	3	12837.088601683865
2	0	4	3	1	14177.897009458607
2	0	4	3	2	15560.5168002821
2	0	4	3	3	11854.222242553675
2	0	5	0	1	29914.692911597227
2	0	5	0	2	30833.71116218149
2	0	5	0	3	25911.786431132838
2	0	5	1	1	23085.14123167876
2	0	5	1	2	29951.432341247513
2	0	5	1	3	25440.620337294004
2	0	5	2	1	26949.7898599622
2	0	5	2	2	34274.56854047291
2	0	5	2	3	22843.576380607898
2	0	5	3	1	25447.407268599432
2	0	5	3	2	31309.335370302488
2	0	5	3	3	23068.750920485014
2	0	6	0	1	57393.41363566993
2	0	6	0	2	69102.21874306795
2	0	6	0	3	47309.25031664217
2	0	6	1	1	55648.337178854934
2	0	6	1	2	71882.57333311488
2	0	6	1	3	62983.31384670316
2	0	6	2	1	72987.0815488103
2	0	6	2	2	81298.48319403683
2	0	6	2	3	62954.39482789791
2	0	6	3	1	62373.80447014849
2	0	6	3	2	71812.5823264693
2	0	6	3	3	77789.53186413791
2	1	0	0	1	9076.915623991095
2	1	0	0	2	8923.121857603783
2	1	0	0	3	7477.730000285555
2	1	0	1	1	8243.390627355737
2	1	0	1	2	9247.939174789837
2	1	0	1	3	7079.503434966264
2	1	0	2	1	7959.544587565109
2	1	0	2	2	8665.194726876412
2	1	0	2	3	6870.87650092426
2	1	0	3	1	8854.743630192133
2	1	0	3	2	8337.99990057266
2	1	0	3	3	7430.3358233730405
2	1	1	0	1	14147.86791323324
2	1	1	0	2	14928.42297952456
2	1	1	0	3	12199.192647420285
2	1	1	1	1	14015.77361311969
2	1	1	1	2	14033.61897879104
2	1	1	1	3	10860.221226013675
2	1	1	2	1	10803.289084479144
2	1	1	2	2	12466.383590317568
2	1	1	2	3	10518.943506864478
2	1	1	3	1	12866.211149979063
2	1	1	3	2	12955.693801550933
2	1	1	3	3	10829.203980883227
2	1	2	0	1	13090.3322547056
2	1	2	0	2	14039.16004640939
2	1	2	0	3	10737.177195532586
2	1	2	1	1	14531.813347093454
2	1	2	1	2	12274.77682255172
2	1	2	1	3	10232.02856713898
2	1	2	2	1	11945.044335639104
2	1	2	2	2	13415.151628076015
2	1	2	2	3	9510.12088739172
2	1	2	3	1	12843.475497642561
2	1	2	3	2	13736.392481981145
2	1	2	3	3	10449.477006941162
2	1	3	0	1	15424.618896461996
2	1	3	0	2	16389.490854052812
2	1	3	0	3	11500.956240247835
2	1	3	1	1	16444.913700878264
2	1	3	1	2	14955.264330764205
2	1	3	1	3	10978.397592593861
2	1	3	2	1	14152.560032787014
2	1	3	2	2	17629.22283441935
2	1	3	2	3	11252.054928280557
2	1	3	3	1	15644.628064577846
2	1	3	3	2	15352.184813962298
2	1	3	3	3	12248.579362287554
2	1	4	0	1	21913.044368301096
2	1	4	0	2	22212.95288150463
2	1	4	0	3	17238.14100362628
2	1	4	1	1	21394.955937001247
2	1	4	1	2	20292.694481024755
2	1	4	1	3	13679.20420530962
2	1	4	2	1	21202.184253044605
2	1	4	2	2	19571.475885457432
2	1	4	2	3	15643.149865721896
2	1	4	3	1	22230.6668122848
2	1	4	3	2	21108.806837105007
2	1	4	3	3	15331.65264149134
2	1	5	0	1	38418.55374823518
2	1	5	0	2	32107.02289768636
2	1	5	0	3	31429.022847820597
2	1	5	1	1	33912.89845033303
2	1	5	1	2	40757.65695161253
2	1	5	1	3	33631.61869010231
2	1	5	2	1	36556.974319341425
2	1	5	2	2	28797.217366074306
2	1	5	2	3	29342.867415386467
2	1	5	3	1	30784.445445869995
2	1	5	3	2	38225.444960550696
2	1	5	3	3	30413.685847260902
2	1	6	0	1	76021.23622661519
2	1	6	0	2	69902.68504171065
2	1	6	0	3	47837.52918018173
2	1	6	1	1	54237.31286745471
2	1	6	1	2	82021.79915048521
2	1	6	1	3	53229.97371913586
2	1	6	2	1	66471.7918626796
2	1	6	2	2	84284.32697448549
2	1	6	2	3	52114.29848510985
2	1	6	3	1	60163.92767394299
2	1	6	3	2	76237.74780951464
2	1	6	3	3	69481.95618103236
2	2	0	0	1	8144.148532493576
2	2	0	0	2	8578.82865666819
2	2	0	0	3	7400.1133035530265
2	2	0	1	1	7859.444134763597
2	2	0	1	2	7983.143699976703
2	2	0	1	3	6479.403691008619
2	2	0	2	1	7599.198319952411
2	2	0	2	2	8066.451573358729
2	2	0	2	3	6735.960989861191
2	2	0	3	1	8154.77727940813
2	2	0	3	2	8037.163744486366
2	2	0	3	3	6773.010887270647
2	2	1	0	1	12650.998099695942
2	2	1	0	2	15162.988165570754
2	2	1	0	3	11110.459334243264
2	2	1	1	1	13699.821908433654
2	2	1	1	2	14210.165894188853
2	2	1	1	3	9835.581849708475
2	2	1	2	1	11856.678170620562
2	2	1	2	2	12595.833915969466
2	2	1	2	3	9503.917432749977
2	2	1	3	1	13062.199281766692
2	2	1	3	2	12837.652789951393
2	2	1	3	3	10194.55252304961
2	2	2	0	1	14171.788118139579
2	2	2	0	2	14835.133943711358
2	2	2	0	3	10413.196205887321
2	2	2	1	1	14264.130408352816
2	2	2	1	2	13693.84513006741
2	2	2	1	3	9392.594340931288
2	2	2	2	1	12183.8374137976
2	2	2	2	2	14791.381730724977
2	2	2	2	3	8853.536634361077
2	2	2	3	1	13977.915185824842
2	2	2	3	2	14633.853142206644
2	2	2	3	3	9742.845815602755
2	2	3	0	1	17417.2292381847
2	2	3	0	2	17238.76849068019
2	2	3	0	3	11877.836630877748
2	2	3	1	1	15403.160819594708
2	2	3	1	2	16884.788568818367
2	2	3	1	3	11542.687682964952
2	2	3	2	1	16154.700040122414
2	2	3	2	2	16332.084536098526
2	2	3	2	3	10431.855525019422
2	2	3	3	1	14886.419081572578
2	2	3	3	2	15940.343122926244
2	2	3	3	3	10896.315442719531
2	2	4	0	1	19599.245253269823
2	2	4	0	2	21583.836685347655
2	2	4	0	3	15811.457988205668
2	2	4	1	1	22011.29842056349
2	2	4	1	2	20205.790090536822
2	2	4	1	3	12146.401993731935
2	2	4	2	1	20894.290416414973
2	2	4	2	2	23778.769920618754
2	2	4	2	3	14931.014044025284
2	2	4	3	1	21624.98621464674
2	2	4	3	2	22512.941952375597
2	2	4	3	3	14799.777872141845
2	2	5	0	1	36731.162376033295
2	2	5	0	2	33516.431124313094
2	2	5	0	3	25914.32605343589
2	2	5	1	1	37078.79646043036
2	2	5	1	2	33939.583388277344
2	2	5	1	3	24690.05257587358
2	2	5	2	1	37213.962009486626
2	2	5	2	2	44167.6469822302
2	2	5	2	3	21245.97256265786
2	2	5	3	1	35461.29269754706
2	2	5	3	2	36009.33344737233
2	2	5	3	3	27377.273480667212
2	2	6	0	1	70021.9332058366
2	2	6	0	2	86210.87537136604
2	2	6	0	3	54833.38077414885
2	2	6	1	1	69665.2949364199
2	2	6	1	2	72327.54322022985
2	2	6	1	3	70823.22242148322
2	2	6	2	1	80749.46131484842
2	2	6	2	2	76673.68822184035
2	2	6	2	3	52153.41635340213
2	2	6	3	1	67008.90498809743
2	2	6	3	2	87292.62532948023
2	2	6	3	3	55961.424222982285
2	3	0	0	1	8978.65878991785
2	3	0	0	2	8800.433179913798
2	3	0	0	3	7199.114461047271
2	3	0	1	1	8798.518021328477
2	3	0	1	2	8209.499509542668
2	3	0	1	3	6414.4293474514
2	3	0	2	1	7966.7946970060575
2	3	0	2	2	8350.730548722848
2	3	0	2	3	6678.71255146563
2	3	0	3	1	8577.495095267663
2	3	0	3	2	8603.006535004966
2	3	0	3	3	7100.664681540308
2	3	1	0	1	14689.324930663473
2	3	1	0	2	17755.541339792682
2	3	1	0	3	10335.418650042076
2	3	1	1	1	14297.43573470244
2	3	1	1	2	14506.87698618979
2	3	1	1	3	9078.886312610877
2	3	1	2	1	13238.645982433743
2	3	1	2	2	12970.44752058287
2	3	1	2	3	10170.759373975498
2	3	1	3	1	14679.069581112144
2	3	1	3	2	14341.848705256332
2	3	1	3	3	9678.54413651652
2	3	2	0	1	15496.711507205451
2	3	2	0	2	14305.318397490322
2	3	2	0	3	9879.937711943545
2	3	2	1	1	14180.269264784127
2	3	2	1	2	13798.819844028594
2	3	2	1	3	8978.49677330954
2	3	2	2	1	14486.71731346846
2	3	2	2	2	14571.94116552476
2	3	2	2	3	10326.951354994779
2	3	2	3	1	13156.28800156882
2	3	2	3	2	14824.822466942944
2	3	2	3	3	10209.99570814701
2	3	3	0	1	17706.333977218044
2	3	3	0	2	16913.20443027013
2	3	3	0	3	12316.422261025742
2	3	3	1	1	16105.499480350602
2	3	3	1	2	15139.907474626747
2	3	3	1	3	10175.986532475208
2	3	3	2	1	16896.309199573654
2	3	3	2	2	17020.09101207721
2	3	3	2	3	11497.936383857614
2	3	3	3	1	16230.087876457452
2	3	3	3	2	17683.704062717647
2	3	3	3	3	12241.456532220509
2	3	4	0	1	25982.7817398214
2	3	4	0	2	22437.12851006452
2	3	4	0	3	18925.018032554464
2	3	4	1	1	19512.417365063702
2	3	4	1	2	21633.397944152206
2	3	4	1	3	16147.545281936113
2	3	4	2	1	25140.395346802783
2	3	4	2	2	30944.856803876904
2	3	4	2	3	16372.105111791832
2	3	4	3	1	24925.386567158654
2	3	4	3	2	26717.326790770116
2	3	4	3	3	16726.74940269746
2	3	5	0	1	41002.761332337985
2	3	5	0	2	38212.25937517568
2	3	5	0	3	27924.163676134052
2	3	5	1	1	29677.677931226306
2	3	5	1	2	37852.2912196206
2	3	5	1	3	24954.369034931427
2	3	5	2	1	48385.74934493005
2	3	5	2	2	54692.45517741835
2	3	5	2	3	28738.02112556298
2	3	5	3	1	42514.419732887654
2	3	5	3	2	51264.51369566191
2	3	5	3	3	27393.67214265011
2	3	6	0	1	84965.07986698329
2	3	6	0	2	81461.2592625921
2	3	6	0	3	84314.42667326235
2	3	6	1	1	58059.99839237523
2	3	6	1	2	68277.81037174356
2	3	6	1	3	54404.52794201921
2	3	6	2	1	81139.2456345922
2	3	6	2	2	110962.69479156847
2	3	6	2	3	62105.75210594779
2	3	6	3	1	80544.42633112587
2	3	6	3	2	88281.90020090019
2	3	6	3	3	89419.03111159288
2	4	0	0	1	9169.247685555712
2	4	0	0	2	8685.660544762979
2	4	0	0	3	7743.56892626748
2	4	0	1	1	9615.526082085948
2	4	0	1	2	9696.615517710678
2	4	0	1	3	6940.401212793013
2	4	0	2	1	8651.830575315176
2	4	0	2	2	9183.050972125504
2	4	0	2	3	7762.179858236704
2	4	0	3	1	9125.526338564023
2	4	0	3	2	8237.436208834413
2	4	0	3	3	7547.43575027936
2	4	1	0	1	20531.41081649012
2	4	1	0	2	15547.575166240536
2	4	1	0	3	10826.562555571561
2	4	1	1	1	15176.247010269415
2	4	1	1	2	14582.262985598501
2	4	1	1	3	10878.71687193778
2	4	1	2	1	15761.02919220138
2	4	1	2	2	16494.709918212542
2	4	1	2	3	10308.246328899575
2	4	1	3	1	16307.091828777895
2	4	1	3	2	14824.610385011096
2	4	1	3	3	10922.05188241538
2	4	2	0	1	16159.581673446557
2	4	2	0	2	16920.454106811707
2	4	2	0	3	10994.278568065465
2	4	2	1	1	15528.194387153644
2	4	2	1	2	14544.614379984341
2	4	2	1	3	10859.714838997646
2	4	2	2	1	20603.001591641485
2	4	2	2	2	18417.1767062818
2	4	2	2	3	13191.850024678972
2	4	2	3	1	16185.66775191111
2	4	2	3	2	16658.002620899333
2	4	2	3	3	12901.147812563124
2	4	3	0	1	21723.168644306308
2	4	3	0	2	19287.056496463956
2	4	3	0	3	19283.465676157957
2	4	3	1	1	17600.93272214576
2	4	3	1	2	17043.692615277818
2	4	3	1	3	11626.194036416455
2	4	3	2	1	26745.54287174317
2	4	3	2	2	27082.712447533173
2	4	3	2	3	19373.72198578086
2	4	3	3	1	22504.9114177694
2	4	3	3	2	22261.03015455749
2	4	3	3	3	16096.157864112865
2	4	4	0	1	31653.554512612944
2	4	4	0	2	30879.68757758022
2	4	4	0	3	29379.285475788565
2	4	4	1	1	24013.454475245413
2	4	4	1	2	23651.58158882017
2	4	4	1	3	17180.700193318524
2	4	4	2	1	46361.06222179026
2	4	4	2	2	46625.70895307394
2	4	4	2	3	32218.14521686027
2	4	4	3	1	33704.9519919238
2	4	4	3	2	38574.43617663772
2	4	4	3	3	24421.640773582625
2	4	5	0	1	50795.71529364129
2	4	5	0	2	44589.366080633146
2	4	5	0	3	40647.868037190485
2	4	5	1	1	43607.72714846862
2	4	5	1	2	33077.70093326515
2	4	5	1	3	27631.52438747813
2	4	5	2	1	72169.0346574034
2	4	5	2	2	110146.57298848321
2	4	5	2	3	53904.559197879884
2	4	5	3	1	45347.62682741675
2	4	5	3	2	51900.157153623935
2	4	5	3	3	45785.471417714325
2	4	6	0	1	135124.00300516095
2	4	6	0	2	76223.69971893437
2	4	6	0	3	49041.95092481587
2	4	6	1	1	74043.04130730807
2	4	6	1	2	67807.97827776393
2	4	6	1	3	42867.79640169948
2	4	6	2	1	130056.68132192777
2	4	6	2	2	171106.40519310738
2	4	6	2	3	122684.66928885275
2	4	6	3	1	120348.61971734252
2	4	6	3	2	102645.41512705537
2	4	6	3	3	67574.67784861421
2	5	0	0	1	8425.56774959197
2	5	0	0	2	9637.29224833409
2	5	0	0	3	8120.388553415163
2	5	0	1	1	9057.072092862572
2	5	0	1	2	8151.112416045968
2	5	0	1	3	8404.37893125202
2	5	0	2	1	9343.392777004537
2	5	0	2	2	9199.42712564427
2	5	0	2	3	7594.884375860831
2	5	0	3	1	6855.483677795215
2	5	0	3	2	8847.405474376686
2	5	0	3	3	6589.739574579447
2	5	1	0	1	23846.083820852946
2	5	1	0	2	14661.328938593799
2	5	1	0	3	11812.221453549826
2	5	1	1	1	18359.18113366159
2	5	1	1	2	15598.953344138597
2	5	1	1	3	11622.049845385825
2	5	1	2	1	16280.066178242298
2	5	1	2	2	20501.279864604494
2	5	1	2	3	16315.089002411689
2	5	1	3	1	20026.907443647127
2	5	1	3	2	16208.772263676097
2	5	1	3	3	15715.312319452963
2	5	2	0	1	24239.939988521073
2	5	2	0	2	19882.454036835676
2	5	2	0	3	16294.073855470519
2	5	2	1	1	17946.10717559132
2	5	2	1	2	15523.68736265223
2	5	2	1	3	14781.253474460229
2	5	2	2	1	27990.408475204837
2	5	2	2	2	27888.648753624355
2	5	2	2	3	27016.761473750466
2	5	2	3	1	24336.407961410085
2	5	2	3	2	19420.26638823421
2	5	2	3	3	18531.69655170384
2	5	3	0	1	29807.036875955364
2	5	3	0	2	29999.48737879219
2	5	3	0	3	30916.52095237706
2	5	3	1	1	22301.504578322645
2	5	3	1	2	15429.788664046608
2	5	3	1	3	12055.696498582634
2	5	3	2	1	69317.32052686457
2	5	3	2	2	61204.63170657263
2	5	3	2	3	48806.82784854395
2	5	3	3	1	36206.91168707834
2	5	3	3	2	31825.597557791294
2	5	3	3	3	28885.729564812347
2	5	4	0	1	48445.90821360183
2	5	4	0	2	48793.0396343742
2	5	4	0	3	41937.05493592113
2	5	4	1	1	31844.78887605634
2	5	4	1	2	23120.787750962754
2	5	4	1	3	20555.210515768504
2	5	4	2	1	232260.35342473333
2	5	4	2	2	202958.9403153474
2	5	4	2	3	151775.82305846753
2	5	4	3	1	80518.06953379136
2	5	4	3	2	59939.37171181722
2	5	4	3	3	41655.1109186406
2	5	5	0	1	98474.01168421411
2	5	5	0	2	100717.70742310918
2	5	5	0	3	67221.46346085881
2	5	5	1	1	41840.64108538521
2	5	5	1	2	47994.492770582765
2	5	5	1	3	29154.773360976153
2	5	5	2	1	448726.76273914333
2	5	5	2	2	495831.71955155645
2	5	5	2	3	641881.3101912068
2	5	5	3	1	88638.32435664974
2	5	5	3	2	88867.67894596013
2	5	5	3	3	61357.361106628094
2	5	6	0	1	186248.15262706333
2	5	6	0	2	104506.8543975313
2	5	6	0	3	94963.96089406771
2	5	6	1	1	60915.41955337105
2	5	6	1	2	93839.57304993797
2	5	6	1	3	80515.84448982726
2	5	6	2	1	830133.1562748724
2	5	6	2	2	1532193.9251272888
2	5	6	2	3	509398.9418572224
2	5	6	3	1	130120.83537689215
2	5	6	3	2	190603.5197392043
2	5	6	3	3	62538.0169835221
2	6	0	0	1	8805.634969031087
2	6	0	0	2	8569.208156726545
2	6	0	0	3	6790.702354816383
2	6	0	1	1	9222.756375385652
2	6	0	1	2	8264.097376714204
2	6	0	1	3	5126.387911695347
2	6	0	2	1	9691.690546716893
2	6	0	2	2	10710.488257171246
2	6	0	2	3	10852.743343337106
2	6	0	3	1	11344.782929813411
2	6	0	3	2	7596.35329007658
2	6	0	3	3	6394.721020224987
2	6	1	0	1	21274.904635234798
2	6	1	0	2	17317.818839208594
2	6	1	0	3	17900.85550264089
2	6	1	1	1	20495.364801734035
2	6	1	1	2	12156.456632434052
2	6	1	1	3	15601.369694102745
2	6	1	2	1	43667.94929867272
2	6	1	2	2	17079.39542872353
2	6	1	2	3	49983.9971698927
2	6	1	3	1	18621.71506659349
2	6	1	3	2	16754.595973659478
2	6	1	3	3	31089.060394269
2	6	2	0	1	60093.15689335988
2	6	2	0	2	20083.15437196265
2	6	2	0	3	15382.41204022836
2	6	2	1	1	33796.3736028375
2	6	2	1	2	13859.834380220525
2	6	2	1	3	18108.218305131548
2	6	2	2	1	82312.72355295476
2	6	2	2	2	61689.81650916046
2	6	2	2	3	41853.32565067715
2	6	2	3	1	30407.064510353666
2	6	2	3	2	27245.5995343966
2	6	2	3	3	25771.563570002712
2	6	3	0	1	103230.74590974601
2	6	3	0	2	38453.56868832528
2	6	3	0	3	47208.550544255966
2	6	3	1	1	32936.54225177292
2	6	3	1	2	18647.37231065739
2	6	3	1	3	13462.83710902894
2	6	3	2	1	113922.1946422316
2	6	3	2	2	610288.5199956963
2	6	3	2	3	104663.9392631031
2	6	3	3	1	158031.7795551993
2	6	3	3	2	24718.228983445
2	6	3	3	3	198647.45767916404
2	6	4	0	1	151933.29405574585
2	6	4	0	2	160743.5399362552
2	6	4	0	3	241807.61935889407
2	6	4	1	1	63453.041714405976
2	6	4	1	2	34462.179274801434
2	6	4	1	3	35369.81654938438
2	6	4	2	1	592870.5548715148
2	6	4	2	2	852411.5229373309
2	6	4	2	3	855324.2426793139
2	6	4	3	1	83876.0304802402
2	6	4	3	2	292964.11736119655
2	6	4	3	3	392565.7508611036
2	6	5	0	1	294212.8533311492
2	6	5	0	2	178673.57849535655
2	6	5	0	3	415736.66940196784
2	6	5	1	1	86826.34008181494
2	6	5	1	2	53138.814430355815
2	6	5	1	3	25506.037167397848
2	6	5	2	1	1678066.3820974976
2	6	5	2	2	1928700.654896944
2	6	5	2	3	1293054.3518353752
2	6	5	3	1	354375.39149616944
2	6	5	3	2	338824.35937878286
2	6	5	3	3	507684.8204039088
2	6	6	0	1	396631.7664130779
2	6	6	0	2	314798.4622745666
2	6	6	0	3	704358.5107929935
2	6	6	1	1	163118.19117937487
2	6	6	1	2	98606.84498520265
2	6	6	1	3	96566.98130647626
2	6	6	2	1	3305895.8968890896
2	6	6	2	2	4444047.856776556
2	6	6	2	3	2380882.332364587
2	6	6	3	1	327141.02040848666
2	6	6	3	2	329977.96669337206
2	6	6	3	3	351345.60015797545
3	0	0	0	1	6347.331948498917
3	0	0	0	2	6717.330743424553
3	0	0	0	3	6186.055233150779
3	0	0	1	1	6347.080177856228
3	0	0	1	2	6584.417014630844
3	0	0	1	3	5549.0351731592855
3	0	0	2	1	5908.629567584963
3	0	0	2	2	6653.376981424486
3	0	0	2	3	5524.260136262962
3	0	0	3	1	6463.07572766559
3	0	0	3	2	6446.365524129364
3	0	0	3	3	5593.278874431129
3	0	1	0	1	7883.931047573295
3	0	1	0	2	8586.227169118294
3	0	1	0	3	7943.075213046397
3	0	1	1	1	8067.843909162901
3	0	1	1	2	8761.06858673657
3	0	1	1	3	6746.924216297087
3	0	1	2	1	7508.483312524387
3	0	1	2	2	8853.05118742698
3	0	1	2	3	6993.948645679527
3	0	1	3	1	8992.176434718333
3	0	1	3	2	8787.742234501566
3	0	1	3	3	7130.840275312172
3	0	2	0	1	8372.17651733632
3	0	2	0	2	9054.723645056061
3	0	2	0	3	7721.521434691122
3	0	2	1	1	8664.538593039202
3	0	2	1	2	8699.813193260725
3	0	2	1	3	7119.548227247573
3	0	2	2	1	7841.648150315934
3	0	2	2	2	9053.99244903269
3	0	2	2	3	7067.30116907913
3	0	2	3	1	8571.663896761316
3	0	2	3	2	8266.443021737283
3	0	2	3	3	7214.095930440971
3	0	3	0	1	10271.15144388016
3	0	3	0	2	10763.750068878424
3	0	3	0	3	9211.472713301988
3	0	3	1	1	10352.39743500169
3	0	3	1	2	10968.543458018368
3	0	3	1	3	8434.46388895576
3	0	3	2	1	9615.024062464274
3	0	3	2	2	11087.345508100272
3	0	3	2	3	8175.787906115966
3	0	3	3	1	10371.161919963997
3	0	3	3	2	10415.559491436106
3	0	3	3	3	8680.262584834723
3	0	4	0	1	15199.269235508336
3	0	4	0	2	16566.26668606741
3	0	4	0	3	12848.02130813181
3	0	4	1	1	13265.0050524536
3	0	4	1	2	15290.816700062933
3	0	4	1	3	11565.104464347009
3	0	4	2	1	13833.732608284987
3	0	4	2	2	16129.815312887675
3	0	4	2	3	11606.644586046594
3	0	4	3	1	14533.672657656565
3	0	4	3	2	16290.26506276683
3	0	4	3	3	12049.174815096692
3	0	5	0	1	27907.681183836867
3	0	5	0	2	31003.849470838766
3	0	5	0	3	21298.54275161336
3	0	5	1	1	21839.500833812548
3	0	5	1	2	30163.86752950473
3	0	5	1	3	22641.71362059954
3	0	5	2	1	26453.58866935202
3	0	5	2	2	29750.515260795677
3	0	5	2	3	23374.64546935911
3	0	5	3	1	30902.999789867532
3	0	5	3	2	29085.653807194587
3	0	5	3	3	25935.417963937703
3	0	6	0	1	60574.158631245424
3	0	6	0	2	61052.42859375976
3	0	6	0	3	66082.6810059749
3	0	6	1	1	42059.38239964148
3	0	6	1	2	54925.82016223989
3	0	6	1	3	53104.53920090132
3	0	6	2	1	47384.26400906378
3	0	6	2	2	60479.75920349691
3	0	6	2	3	47078.797589841255
3	0	6	3	1	51305.327305708546
3	0	6	3	2	71289.25944894798
3	0	6	3	3	59135.38972925231
3	1	0	0	1	8369.500245123492
3	1	0	0	2	8605.854323208232
3	1	0	0	3	7176.278080386185
3	1	0	1	1	8691.358701531459
3	1	0	1	2	8247.255079526887
3	1	0	1	3	6513.112791193789
3	1	0	2	1	7273.244724832276
3	1	0	2	2	8619.929520260375
3	1	0	2	3	6729.381472513903
3	1	0	3	1	8672.816702582342
3	1	0	3	2	8345.011021530323
3	1	0	3	3	6600.996818872024
3	1	1	0	1	12062.708320698755
3	1	1	0	2	13458.18547194441
3	1	1	0	3	11853.75594941165
3	1	1	1	1	12417.387361046976
3	1	1	1	2	11723.757660791447
3	1	1	1	3	10374.89241095935
3	1	1	2	1	11508.005876079855
3	1	1	2	2	12559.497864027946
3	1	1	2	3	10725.696196117175
3	1	1	3	1	13246.424548180865
3	1	1	3	2	12936.386927861877
3	1	1	3	3	10973.036923981243
3	1	2	0	1	13390.111601002285
3	1	2	0	2	12530.183245330521
3	1	2	0	3	10405.631787301376
3	1	2	1	1	12882.872710226162
3	1	2	1	2	13316.807738242156
3	1	2	1	3	9726.281882236362
3	1	2	2	1	12339.958260123067
3	1	2	2	2	13867.428099635958
3	1	2	2	3	9035.30704131804
3	1	2	3	1	12946.012434822027
3	1	2	3	2	12622.306206843203
3	1	2	3	3	8730.976041843693
3	1	3	0	1	14359.968825280806
3	1	3	0	2	16786.588762821215
3	1	3	0	3	11132.198434922922
3	1	3	1	1	14507.962992747402
3	1	3	1	2	15698.037920096718
3	1	3	1	3	10388.98087257732
3	1	3	2	1	13674.734080147355
3	1	3	2	2	17045.12061655336
3	1	3	2	3	10983.290646347532
3	1	3	3	1	13975.22831043504
3	1	3	3	2	15369.31515255094
3	1	3	3	3	10166.091375368436
3	1	4	0	1	20764.02610579061
3	1	4	0	2	22614.31601478696
3	1	4	0	3	14944.521873161115
3	1	4	1	1	18914.549646858464
3	1	4	1	2	19210.52754585122
3	1	4	1	3	14301.155517511183
3	1	4	2	1	18230.891784750864
3	1	4	2	2	22473.543997965677
3	1	4	2	3	16054.338173391592
3	1	4	3	1	19181.136403213124
3	1	4	3	2	23295.37509630712
3	1	4	3	3	15271.58718758465
3	1	5	0	1	35341.54751532072
3	1	5	0	2	35277.30125796152
3	1	5	0	3	26877.0067850945
3	1	5	1	1	31893.844204365298
3	1	5	1	2	35100.197485197066
3	1	5	1	3	27458.82462366805
3	1	5	2	1	23563.410450296404
3	1	5	2	2	33930.763305892986
3	1	5	2	3	28255.07774130729
3	1	5	3	1	33846.81471370911
3	1	5	3	2	36358.19548968774
3	1	5	3	3	21416.455261420342
3	1	6	0	1	91705.19452966136
3	1	6	0	2	73219.62516290757
3	1	6	0	3	59922.445019182764
3	1	6	1	1	47596.31590302654
3	1	6	1	2	81323.5281128234
3	1	6	1	3	75180.70137475275
3	1	6	2	1	47580.088560655524
3	1	6	2	2	70128.28414311766
3	1	6	2	3	34076.917530145285
3	1	6	3	1	57111.971908390435
3	1	6	3	2	65814.26465304906
3	1	6	3	3	69092.89448473392
3	2	0	0	1	7937.713873854732
3	2	0	0	2	8126.4948310689615
3	2	0	0	3	7150.4757095306695
3	2	0	1	1	7984.926014812014
3	2	0	1	2	7825.049043334173
3	2	0	1	3	6388.979494382316
3	2	0	2	1	7718.324924469254
3	2	0	2	2	8734.24110696965
3	2	0	2	3	6439.326968255169
3	2	0	3	1	7660.378359762167
3	2	0	3	2	8027.095385381359
3	2	0	3	3	6369.563289459251
3	2	1	0	1	13538.57522548435
3	2	1	0	2	13818.079944558871
3	2	1	0	3	10013.231277234794
3	2	1	1	1	13824.63195894844
3	2	1	1	2	12845.422573036714
3	2	1	1	3	8816.817551398455
3	2	1	2	1	12377.812972634581
3	2	1	2	2	13291.612660919662
3	2	1	2	3	9351.224531889684
3	2	1	3	1	12082.06778020172
3	2	1	3	2	12813.449579401593
3	2	1	3	3	9511.108682731634
3	2	2	0	1	13293.389214098257
3	2	2	0	2	15124.749543571455
3	2	2	0	3	9664.468034958483
3	2	2	1	1	13187.978253628255
3	2	2	1	2	14881.082049212857
3	2	2	1	3	9505.540224387463
3	2	2	2	1	13240.284890861349
3	2	2	2	2	13874.638859173225
3	2	2	2	3	9386.136945204289
3	2	2	3	1	12688.117872939296
3	2	2	3	2	12921.59710272595
3	2	2	3	3	8854.715145757229
3	2	3	0	1	18001.67288224765
3	2	3	0	2	19027.734533527393
3	2	3	0	3	11480.216807534613
3	2	3	1	1	15390.434297620573
3	2	3	1	2	15505.223857909235
3	2	3	1	3	10502.51638800972
3	2	3	2	1	15943.439718265106
3	2	3	2	2	17371.745159181657
3	2	3	2	3	10246.651959306098
3	2	3	3	1	15046.66923546782
3	2	3	3	2	18401.02396378361
3	2	3	3	3	10370.677386687072
3	2	4	0	1	24015.83984289434
3	2	4	0	2	25913.393126881827
3	2	4	0	3	17126.89343039013
3	2	4	1	1	21208.65292603599
3	2	4	1	2	26706.58093139337
3	2	4	1	3	13418.755772590106
3	2	4	2	1	21542.939892831117
3	2	4	2	2	24591.942241209377
3	2	4	2	3	14972.341716099481
3	2	4	3	1	20858.095208686253
3	2	4	3	2	25700.63091589837
3	2	4	3	3	14451.06756328406
3	2	5	0	1	39481.74977798284
3	2	5	0	2	44676.03053980865
3	2	5	0	3	28513.33032438554
3	2	5	1	1	30726.718839790956
3	2	5	1	2	33384.74786097709
3	2	5	1	3	28041.068352221628
3	2	5	2	1	35858.65639601298
3	2	5	2	2	36111.44303614219
3	2	5	2	3	26712.509146879856
3	2	5	3	1	34994.64382729986
3	2	5	3	2	36969.25266431978
3	2	5	3	3	24928.33871630583
3	2	6	0	1	77331.97235159203
3	2	6	0	2	74391.2802772868
3	2	6	0	3	70973.83296983935
3	2	6	1	1	93383.5231917222
3	2	6	1	2	66693.53852203232
3	2	6	1	3	37885.17347555909
3	2	6	2	1	62078.98338175476
3	2	6	2	2	84904.52673740638
3	2	6	2	3	46855.65180672008
3	2	6	3	1	61855.96256685655
3	2	6	3	2	79664.41117575034
3	2	6	3	3	82194.1350376823
3	3	0	0	1	8227.181340822284
3	3	0	0	2	8393.16686264427
3	3	0	0	3	7018.957717534934
3	3	0	1	1	8386.19124029264
3	3	0	1	2	8619.184515409097
3	3	0	1	3	6447.562629021825
3	3	0	2	1	7865.843724991143
3	3	0	2	2	8528.00795130051
3	3	0	2	3	6491.8885116620395
3	3	0	3	1	8081.358596638289
3	3	0	3	2	8502.757815329032
3	3	0	3	3	6715.53366773265
3	3	1	0	1	16003.691655994171
3	3	1	0	2	16130.561394074399
3	3	1	0	3	10425.559437414864
3	3	1	1	1	13955.096911762159
3	3	1	1	2	13610.029727066434
3	3	1	1	3	10329.3590276131
3	3	1	2	1	13747.783015127181
3	3	1	2	2	14594.100182729235
3	3	1	2	3	9468.238251792569
3	3	1	3	1	13770.20527571804
3	3	1	3	2	13305.173429830102
3	3	1	3	3	10451.940473469424
3	3	2	0	1	16105.488785482072
3	3	2	0	2	16411.897136801475
3	3	2	0	3	10501.28520629829
3	3	2	1	1	14942.794475347644
3	3	2	1	2	14819.357284301568
3	3	2	1	3	9479.802563353958
3	3	2	2	1	14703.147838479978
3	3	2	2	2	14863.033353689345
3	3	2	2	3	9647.215588859746
3	3	2	3	1	14908.068351081693
3	3	2	3	2	16095.876330878993
3	3	2	3	3	10509.721480788143
3	3	3	0	1	20000.802533188802
3	3	3	0	2	21864.539632751374
3	3	3	0	3	13946.681176296232
3	3	3	1	1	19447.662122709593
3	3	3	1	2	17838.305322034612
3	3	3	1	3	11409.412960130074
3	3	3	2	1	16535.36598983144
3	3	3	2	2	17777.328875429383
3	3	3	2	3	11923.837416869563
3	3	3	3	1	19379.994904306157
3	3	3	3	2	18745.366520014333
3	3	3	3	3	12466.01053788926
3	3	4	0	1	31480.2477968878
3	3	4	0	2	33835.555122298836
3	3	4	0	3	19470.4659772974
3	3	4	1	1	25221.299104591875
3	3	4	1	2	25684.335063995495
3	3	4	1	3	15736.606025601479
3	3	4	2	1	25292.22531145475
3	3	4	2	2	31768.571919428472
3	3	4	2	3	17003.216700564903
3	3	4	3	1	25575.373534650666
3	3	4	3	2	30555.36052079295
3	3	4	3	3	17897.74688403937
3	3	5	0	1	56057.998919095066
3	3	5	0	2	47782.38054013337
3	3	5	0	3	32630.35343680666
3	3	5	1	1	38321.424081672616
3	3	5	1	2	47164.485067592504
3	3	5	1	3	30493.9343536692
3	3	5	2	1	46141.98198014644
3	3	5	2	2	52521.51566501421
3	3	5	2	3	33263.24493350148
3	3	5	3	1	45708.01036126698
3	3	5	3	2	56723.89882926165
3	3	5	3	3	32657.50044903932
3	3	6	0	1	84967.36655936005
3	3	6	0	2	67453.26358294506
3	3	6	0	3	77176.69990623389
3	3	6	1	1	151290.35201114265
3	3	6	1	2	63543.52598795639
3	3	6	1	3	44154.24779726372
3	3	6	2	1	94925.69182291933
3	3	6	2	2	84523.72101212315
3	3	6	2	3	58677.15565709679
3	3	6	3	1	71520.22267800976
3	3	6	3	2	133903.61115230861
3	3	6	3	3	75976.06000664829
3	4	0	0	1	8868.243348015349
3	4	0	0	2	8903.653900139356
3	4	0	0	3	7274.183789835015
3	4	0	1	1	9133.926607100904
3	4	0	1	2	8635.26536421843
3	4	0	1	3	6862.166585097761
3	4	0	2	1	8642.012745697368
3	4	0	2	2	8629.689585883862
3	4	0	2	3	6856.865913009502
3	4	0	3	1	8346.207579065665
3	4	0	3	2	8692.769689661534
3	4	0	3	3	6967.471188718626
3	4	1	0	1	17598.447381126934
3	4	1	0	2	13994.467542328373
3	4	1	0	3	14289.861703576642
3	4	1	1	1	15774.933042325825
3	4	1	1	2	14428.434414580284
3	4	1	1	3	9777.411596888938
3	4	1	2	1	15608.650229367684
3	4	1	2	2	15909.257090571766
3	4	1	2	3	11491.170975920055
3	4	1	3	1	17846.023823715048
3	4	1	3	2	16472.73169395709
3	4	1	3	3	12276.006391828827
3	4	2	0	1	21415.26721510305
3	4	2	0	2	17433.122756446137
3	4	2	0	3	14956.16878765718
3	4	2	1	1	18232.509890118385
3	4	2	1	2	20167.960477636138
3	4	2	1	3	11637.367174341603
3	4	2	2	1	20060.328746930034
3	4	2	2	2	23306.08349554018
3	4	2	2	3	13502.254126260868
3	4	2	3	1	20650.29904943591
3	4	2	3	2	18203.534633612486
3	4	2	3	3	13725.894722539015
3	4	3	0	1	31941.371668844033
3	4	3	0	2	28499.106478299545
3	4	3	0	3	20530.058942709366
3	4	3	1	1	29099.605433137694
3	4	3	1	2	21517.149643533627
3	4	3	1	3	12710.995652562018
3	4	3	2	1	28326.269300466345
3	4	3	2	2	32696.155640962555
3	4	3	2	3	19571.140471637784
3	4	3	3	1	27677.313880529022
3	4	3	3	2	30231.10938012829
3	4	3	3	3	20983.480202771538
3	4	4	0	1	60571.44735007809
3	4	4	0	2	50553.92610938049
3	4	4	0	3	34640.17153287701
3	4	4	1	1	40684.50829664163
3	4	4	1	2	31131.233798475267
3	4	4	1	3	22012.667772060493
3	4	4	2	1	57955.12472905523
3	4	4	2	2	59439.646559396264
3	4	4	2	3	32987.882345424536
3	4	4	3	1	44415.4125736028
3	4	4	3	2	59253.859746452996
3	4	4	3	3	38581.807603622605
3	4	5	0	1	120401.63448019844
3	4	5	0	2	131007.75346727986
3	4	5	0	3	78792.50568347142
3	4	5	1	1	64424.898270560676
3	4	5	1	2	58926.82955393011
3	4	5	1	3	40961.68302364044
3	4	5	2	1	132716.01570413684
3	4	5	2	2	153034.6266256118
3	4	5	2	3	72438.81537800195
3	4	5	3	1	83426.30047643636
3	4	5	3	2	113182.56626793594
3	4	5	3	3	69413.00752728966
3	4	6	0	1	173818.20062726218
3	4	6	0	2	207011.06810574932
3	4	6	0	3	142940.5933393572
3	4	6	1	1	132680.84155347373
3	4	6	1	2	111178.32108163118
3	4	6	1	3	77036.17127790625
3	4	6	2	1	223970.23736797378
3	4	6	2	2	167831.1456347203
3	4	6	2	3	81274.75100362136
3	4	6	3	1	167150.27657822822
3	4	6	3	2	211424.88518151655
3	4	6	3	3	130655.44577260772
3	5	0	0	1	9048.344648844763
3	5	0	0	2	8818.072048071324
3	5	0	0	3	7561.995971976882
3	5	0	1	1	9493.11230616698
3	5	0	1	2	9083.789338357394
3	5	0	1	3	8220.05522439626
3	5	0	2	1	10786.907789990508
3	5	0	2	2	8962.49956057256
3	5	0	2	3	6976.21081099647
3	5	0	3	1	9082.031577040272
3	5	0	3	2	8985.312156525084
3	5	0	3	3	7699.398307711026
3	5	1	0	1	21772.2154993542
3	5	1	0	2	23994.43869105172
3	5	1	0	3	18412.48441831977
3	5	1	1	1	20551.15286630945
3	5	1	1	2	17735.888024421496
3	5	1	1	3	14439.523048113668
3	5	1	2	1	16719.822627722006
3	5	1	2	2	19208.592035877304
3	5	1	2	3	16286.707550560732
3	5	1	3	1	25549.776256154928
3	5	1	3	2	19942.99507314231
3	5	1	3	3	13842.909322152913
3	5	2	0	1	36459.493686213034
3	5	2	0	2	37672.30882182646
3	5	2	0	3	27843.860535981592
3	5	2	1	1	22601.479387378167
3	5	2	1	2	23789.932185095866
3	5	2	1	3	15595.219642578413
3	5	2	2	1	39305.41236083188
3	5	2	2	2	32026.152182529506
3	5	2	2	3	31153.84486898801
3	5	2	3	1	39715.213873325636
3	5	2	3	2	36600.5855995644
3	5	2	3	3	29026.112116862532
3	5	3	0	1	68377.95970988972
3	5	3	0	2	73237.22182219214
3	5	3	0	3	63848.2840407271
3	5	3	1	1	45003.64593410489
3	5	3	1	2	42313.49874698061
3	5	3	1	3	28716.226570902567
3	5	3	2	1	91470.95358398475
3	5	3	2	2	62498.91433400321
3	5	3	2	3	68808.4935810506
3	5	3	3	1	116042.79622055026
3	5	3	3	2	80134.53594035527
3	5	3	3	3	42690.95143723528
3	5	4	0	1	268479.4921301316
3	5	4	0	2	247180.74041827844
3	5	4	0	3	132984.42520825885
3	5	4	1	1	122786.44815671703
3	5	4	1	2	51647.41914868671
3	5	4	1	3	45239.40368685262
3	5	4	2	1	250362.54195552442
3	5	4	2	2	360488.7406475205
3	5	4	2	3	196328.57934759522
3	5	4	3	1	188937.06461573992
3	5	4	3	2	318156.57786702947
3	5	4	3	3	172865.41901501274
3	5	5	0	1	737871.2750348748
3	5	5	0	2	617798.9273592759
3	5	5	0	3	441186.5178809692
3	5	5	1	1	145739.28797161713
3	5	5	1	2	134164.79496259388
3	5	5	1	3	68906.94020627836
3	5	5	2	1	735043.663199936
3	5	5	2	2	852623.9117796163
3	5	5	2	3	501378.99474713294
3	5	5	3	1	519148.1283977288
3	5	5	3	2	638077.9272882002
3	5	5	3	3	422685.22666161804
3	5	6	0	1	670232.5829820838
3	5	6	0	2	695344.2490893372
3	5	6	0	3	288774.56495114043
3	5	6	1	1	212874.516054563
3	5	6	1	2	127054.19419273785
3	5	6	1	3	213941.4357990969
3	5	6	2	1	607591.4402007583
3	5	6	2	2	1100816.7152012046
3	5	6	2	3	551636.302329458
3	5	6	3	1	890053.9286570754
3	5	6	3	2	1765185.602055746
3	5	6	3	3	625432.9430278419
3	6	0	0	1	12340.003348302835
3	6	0	0	2	8891.07927452823
3	6	0	0	3	6554.145361178396
3	6	0	1	1	8709.990741123944
3	6	0	1	2	7909.370111961773
3	6	0	1	3	6816.913299039601
3	6	0	2	1	8454.082624998417
3	6	0	2	2	10058.635973501203
3	6	0	2	3	7342.8247007273185
3	6	0	3	1	8352.46151355385
3	6	0	3	2	10166.003205041723
3	6	0	3	3	6109.0262961116805
3	6	1	0	1	25109.989077158694
3	6	1	0	2	15814.859210145898
3	6	1	0	3	36399.34917113226
3	6	1	1	1	15952.084032590703
3	6	1	1	2	15978.965056299925
3	6	1	1	3	19700.465892429307
3	6	1	2	1	72370.6458124264
3	6	1	2	2	30772.290682603136
3	6	1	2	3	17184.685656407113
3	6	1	3	1	33099.022079547794
3	6	1	3	2	24604.306855361443
3	6	1	3	3	18882.60753237452
3	6	2	0	1	147426.97416046754
3	6	2	0	2	32993.87738521361
3	6	2	0	3	19312.04836653801
3	6	2	1	1	34380.258449956746
3	6	2	1	2	24875.644256927968
3	6	2	1	3	21945.979394815266
3	6	2	2	1	111044.37108518589
3	6	2	2	2	138551.84494082548
3	6	2	2	3	57122.52267397546
3	6	2	3	1	98088.91805305
3	6	2	3	2	44316.12405309027
3	6	2	3	3	51835.80897762097
3	6	3	0	1	199339.41964272052
3	6	3	0	2	230986.55185036012
3	6	3	0	3	192009.80601321423
3	6	3	1	1	153149.82497087982
3	6	3	1	2	99661.50480268164
3	6	3	1	3	44702.630497033504
3	6	3	2	1	178729.01930549298
3	6	3	2	2	354227.273141331
3	6	3	2	3	257792.76686954475
3	6	3	3	1	204975.29492418858
3	6	3	3	2	271285.42507973517
3	6	3	3	3	64237.64276539987
3	6	4	0	1	646617.826883757
3	6	4	0	2	566430.7753582674
3	6	4	0	3	661585.4017842917
3	6	4	1	1	249317.82391614735
3	6	4	1	2	192450.2358925253
3	6	4	1	3	130305.65887745185
3	6	4	2	1	932687.9519728064
3	6	4	2	2	607990.0815841577
3	6	4	2	3	623093.9498395992
3	6	4	3	1	497566.6063334646
3	6	4	3	2	800124.7994596859
3	6	4	3	3	454714.7480467184
3	6	5	0	1	1140904.278574456
3	6	5	0	2	1581061.4409587134
3	6	5	0	3	1534393.8396760635
3	6	5	1	1	598141.1830666288
3	6	5	1	2	249512.743243435
3	6	5	1	3	77995.1090786444
3	6	5	2	1	2855154.2475013994
3	6	5	2	2	2539805.192723581
3	6	5	2	3	2017952.0767806359
3	6	5	3	1	1135818.8117041837
3	6	5	3	2	1890597.197474174
3	6	5	3	3	3763013.0549107986
3	6	6	0	1	2268258.0134905237
3	6	6	0	2	2033216.9556185876
3	6	6	0	3	3444764.808531905
3	6	6	1	1	942857.7715989093
3	6	6	1	2	217704.09793785008
3	6	6	1	3	708540.8883966018
3	6	6	2	1	4512251.152849603
3	6	6	2	2	7048305.300334053
3	6	6	2	3	4082587.361018806
3	6	6	3	1	4604844.8946982585
3	6	6	3	2	4075309.0805379543
3	6	6	3	3	2509546.279265291
4	0	0	0	1	6398.420909092161
4	0	0	0	2	6755.5591712057985
4	0	0	0	3	6166.589855798376
4	0	0	1	1	6425.463251267398
4	0	0	1	2	6742.377957284742
4	0	0	1	3	5559.538212152183
4	0	0	2	1	6062.97154008064
4	0	0	2	2	6809.445647365426
4	0	0	2	3	5720.366281099817
4	0	0	3	1	6335.59221625635
4	0	0	3	2	6573.667481516828
4	0	0	3	3	5494.351803337922
4	0	1	0	1	8706.314784814198
4	0	1	0	2	9483.450829353902
4	0	1	0	3	7969.678917811809
4	0	1	1	1	7214.9521292718555
4	0	1	1	2	8846.73162310841
4	0	1	1	3	6727.869396778
4	0	1	2	1	7653.397845085622
4	0	1	2	2	9415.448904009892
4	0	1	2	3	7132.324396793636
4	0	1	3	1	7905.528469244188
4	0	1	3	2	8535.719734176986
4	0	1	3	3	6934.148129492305
4	0	2	0	1	8354.136875322165
4	0	2	0	2	8841.947080020987
4	0	2	0	3	7753.848937700561
4	0	2	1	1	8522.94406601311
4	0	2	1	2	9248.511336568838
4	0	2	1	3	7136.189781140532
4	0	2	2	1	8406.61583336626
4	0	2	2	2	9391.985369080045
4	0	2	2	3	6713.351607132376
4	0	2	3	1	8390.123886897718
4	0	2	3	2	8605.26842480083
4	0	2	3	3	7138.840455316177
4	0	3	0	1	10956.481884930618
4	0	3	0	2	10977.175532896706
4	0	3	0	3	9966.02526117232
4	0	3	1	1	9695.42564538263
4	0	3	1	2	10825.878072947304
4	0	3	1	3	8546.052698033665
4	0	3	2	1	10301.891250660712
4	0	3	2	2	11227.44189289821
4	0	3	2	3	8469.107038136506
4	0	3	3	1	10352.522425093455
4	0	3	3	2	10542.957137488254
4	0	3	3	3	8418.185982512383
4	0	4	0	1	15024.291046037602
4	0	4	0	2	16613.48352082226
4	0	4	0	3	13865.446621914794
4	0	4	1	1	13364.138907563796
4	0	4	1	2	16050.109091983404
4	0	4	1	3	12203.756929621888
4	0	4	2	1	14801.227680189102
4	0	4	2	2	14976.618278060612
4	0	4	2	3	12042.095876190231
4	0	4	3	1	14810.337335953122
4	0	4	3	2	15708.385848948325
4	0	4	3	3	12295.198124585891
4	0	5	0	1	26506.799024554795
4	0	5	0	2	26422.710012396805
4	0	5	0	3	22221.67586665179
4	0	5	1	1	25088.245137491787
4	0	5	1	2	28804.422378865256
4	0	5	1	3	24159.064071831548
4	0	5	2	1	26012.924370781882
4	0	5	2	2	27700.57113635567
4	0	5	2	3	24062.674713366305
4	0	5	3	1	26684.721586326064
4	0	5	3	2	28932.018878208288
4	0	5	3	3	21956.139153251817
4	0	6	0	1	46108.15710347649
4	0	6	0	2	50839.88565506749
4	0	6	0	3	59522.76272711142
4	0	6	1	1	53839.24000983718
4	0	6	1	2	49033.80815099977
4	0	6	1	3	42476.6215056266
4	0	6	2	1	52941.48073641757
4	0	6	2	2	52179.95464524561
4	0	6	2	3	53163.414082986186
4	0	6	3	1	50977.261674128174
4	0	6	3	2	45601.426202628354
4	0	6	3	3	54529.38474286246
4	1	0	0	1	8694.590601081301
4	1	0	0	2	8622.221515595298
4	1	0	0	3	7150.428355054078
4	1	0	1	1	7956.7202150969215
4	1	0	1	2	8367.31198317348
4	1	0	1	3	6658.52328505155
4	1	0	2	1	7422.8431529086
4	1	0	2	2	9124.388616928172
4	1	0	2	3	6397.232491850013
4	1	0	3	1	8548.597497667535
4	1	0	3	2	8646.332569843726
4	1	0	3	3	6879.197634040044
4	1	1	0	1	12968.211936925303
4	1	1	0	2	14261.282231992554
4	1	1	0	3	11756.280293155718
4	1	1	1	1	12094.426185094459
4	1	1	1	2	12919.518897994472
4	1	1	1	3	10108.78992173412
4	1	1	2	1	12360.852487471846
4	1	1	2	2	12503.736238277723
4	1	1	2	3	11662.328055659307
4	1	1	3	1	14682.362263830277
4	1	1	3	2	12517.365554408563
4	1	1	3	3	10322.92397775811
4	1	2	0	1	12712.040937795493
4	1	2	0	2	13258.515218293034
4	1	2	0	3	9919.111135904797
4	1	2	1	1	12653.163125003965
4	1	2	1	2	13627.67587523297
4	1	2	1	3	9506.961749644002
4	1	2	2	1	12423.222479313543
4	1	2	2	2	14058.73106679414
4	1	2	2	3	9541.413250780213
4	1	2	3	1	12275.845165594383
4	1	2	3	2	12941.19034742368
4	1	2	3	3	10154.119681370405
4	1	3	0	1	16630.032509431643
4	1	3	0	2	15114.742985882815
4	1	3	0	3	12066.112016273626
4	1	3	1	1	15541.28704187273
4	1	3	1	2	14477.18218707207
4	1	3	1	3	11372.307399412084
4	1	3	2	1	13891.668530327295
4	1	3	2	2	16818.02836846254
4	1	3	2	3	11693.37428743747
4	1	3	3	1	14521.459348216402
4	1	3	3	2	15597.089536945172
4	1	3	3	3	11101.718105636297
4	1	4	0	1	22159.176170891573
4	1	4	0	2	22290.778245100173
4	1	4	0	3	17826.612388511196
4	1	4	1	1	21740.287754598256
4	1	4	1	2	20022.750325078254
4	1	4	1	3	14722.741335184215
4	1	4	2	1	19460.227026963123
4	1	4	2	2	20484.55185865685
4	1	4	2	3	15208.30599990761
4	1	4	3	1	24420.21474488729
4	1	4	3	2	23200.791270746704
4	1	4	3	3	16520.779168218847
4	1	5	0	1	36073.467243583626
4	1	5	0	2	31669.709658167754
4	1	5	0	3	26449.66420737042
4	1	5	1	1	31514.96470722573
4	1	5	1	2	34778.746118002884
4	1	5	1	3	27549.21524639964
4	1	5	2	1	30305.508820881096
4	1	5	2	2	34518.791038153184
4	1	5	2	3	23217.29113331189
4	1	5	3	1	31233.489455483636
4	1	5	3	2	32674.507206548686
4	1	5	3	3	24836.143664521784
4	1	6	0	1	66496.67020780683
4	1	6	0	2	54177.64099946426
4	1	6	0	3	49626.005338026225
4	1	6	1	1	49830.93133359149
4	1	6	1	2	70006.59592638121
4	1	6	1	3	38042.90384861829
4	1	6	2	1	54945.046502796016
4	1	6	2	2	77540.71630663068
4	1	6	2	3	52144.83966218324
4	1	6	3	1	59842.64319346864
4	1	6	3	2	56550.484671896345
4	1	6	3	3	67406.69443254595
4	2	0	0	1	8259.441512719422
4	2	0	0	2	8428.269055893423
4	2	0	0	3	6873.537755643794
4	2	0	1	1	7733.034820344216
4	2	0	1	2	8164.241039206809
4	2	0	1	3	6343.959484812808
4	2	0	2	1	7188.763769095438
4	2	0	2	2	8003.253608759435
4	2	0	2	3	6658.71800950972
4	2	0	3	1	8613.189236894097
4	2	0	3	2	8277.907160805464
4	2	0	3	3	6777.305838125256
4	2	1	0	1	13724.718656500005
4	2	1	0	2	13716.502215759901
4	2	1	0	3	9324.477368808864
4	2	1	1	1	11419.57892333639
4	2	1	1	2	12433.764658512473
4	2	1	1	3	9278.9173942921
4	2	1	2	1	12331.767735808276
4	2	1	2	2	13854.412200740804
4	2	1	2	3	9760.780770489455
4	2	1	3	1	13259.230486183682
4	2	1	3	2	13067.961960335551
4	2	1	3	3	9445.588026444784
4	2	2	0	1	13710.55265198822
4	2	2	0	2	14043.663839984969
4	2	2	0	3	10506.474106510714
4	2	2	1	1	12346.793875839765
4	2	2	1	2	13549.95550403279
4	2	2	1	3	9004.853633944072
4	2	2	2	1	12196.698222266365
4	2	2	2	2	14236.666606766727
4	2	2	2	3	8837.262311794637
4	2	2	3	1	12766.420474027796
4	2	2	3	2	13157.319358338023
4	2	2	3	3	8785.457351426394
4	2	3	0	1	17496.472514843277
4	2	3	0	2	17617.71042543904
4	2	3	0	3	11755.073433978267
4	2	3	1	1	17551.520736026563
4	2	3	1	2	15430.683919416293
4	2	3	1	3	11090.88490877783
4	2	3	2	1	15040.983897309747
4	2	3	2	2	15819.037793095971
4	2	3	2	3	10240.354722129036
4	2	3	3	1	15091.661300647362
4	2	3	3	2	15709.160490865279
4	2	3	3	3	10881.904107387447
4	2	4	0	1	23610.291943734148
4	2	4	0	2	25069.56024832192
4	2	4	0	3	17506.151138458117
4	2	4	1	1	25192.369386784743
4	2	4	1	2	24280.632188815467
4	2	4	1	3	15165.475565219778
4	2	4	2	1	19692.87952933441
4	2	4	2	2	22613.505972952953
4	2	4	2	3	15406.174138370583
4	2	4	3	1	22817.807324274247
4	2	4	3	2	26696.278050729205
4	2	4	3	3	15640.419500722226
4	2	5	0	1	37560.84501778442
4	2	5	0	2	38767.13119012752
4	2	5	0	3	27314.83586972461
4	2	5	1	1	37288.602468250465
4	2	5	1	2	30174.95803027629
4	2	5	1	3	32080.975684904057
4	2	5	2	1	37372.17850123476
4	2	5	2	2	32625.57202085029
4	2	5	2	3	24890.344168316456
4	2	5	3	1	37559.00351766714
4	2	5	3	2	39919.89360524365
4	2	5	3	3	22368.92632135706
4	2	6	0	1	60208.53406495657
4	2	6	0	2	73348.48918814128
4	2	6	0	3	47475.76774775317
4	2	6	1	1	81965.21079270927
4	2	6	1	2	57671.078205265854
4	2	6	1	3	61474.08416279853
4	2	6	2	1	59064.74852865123
4	2	6	2	2	60375.73779226101
4	2	6	2	3	55441.49614916495
4	2	6	3	1	60436.403395254994
4	2	6	3	2	72372.9960761407
4	2	6	3	3	54369.94048214568
4	3	0	0	1	8291.425162899466
4	3	0	0	2	8765.196415696277
4	3	0	0	3	6835.87240606791
4	3	0	1	1	8263.722051125382
4	3	0	1	2	8111.8629165987095
4	3	0	1	3	6707.855880322824
4	3	0	2	1	8064.387164707492
4	3	0	2	2	8584.460525048818
4	3	0	2	3	5997.418864301201
4	3	0	3	1	7733.09156691879
4	3	0	3	2	8629.567687646891
4	3	0	3	3	6681.28007210965
4	3	1	0	1	15122.248833627633
4	3	1	0	2	13576.962781595961
4	3	1	0	3	10871.825010087787
4	3	1	1	1	13828.809681170453
4	3	1	1	2	13262.435821546409
4	3	1	1	3	10067.173018881538
4	3	1	2	1	14807.060292537792
4	3	1	2	2	13562.12752413196
4	3	1	2	3	9281.629587318741
4	3	1	3	1	13992.116857109082
4	3	1	3	2	14823.55989803878
4	3	1	3	3	9490.680496981042
4	3	2	0	1	15224.165442788635
4	3	2	0	2	15213.708216509129
4	3	2	0	3	11946.93810707732
4	3	2	1	1	16932.1462672582
4	3	2	1	2	14355.478664311606
4	3	2	1	3	10263.438735846763
4	3	2	2	1	12839.032238198224
4	3	2	2	2	15334.881044119737
4	3	2	2	3	8781.474286905683
4	3	2	3	1	15363.696479444798
4	3	2	3	2	14617.880071677222
4	3	2	3	3	10777.07169517854
4	3	3	0	1	22892.087389187946
4	3	3	0	2	21162.061565906864
4	3	3	0	3	14924.337912034991
4	3	3	1	1	22938.60966612721
4	3	3	1	2	19161.60471547432
4	3	3	1	3	12907.13078813591
4	3	3	2	1	18940.68279469552
4	3	3	2	2	19159.918863912564
4	3	3	2	3	11628.181330462088
4	3	3	3	1	20738.60646765661
4	3	3	3	2	18909.95998272877
4	3	3	3	3	13570.98667269151
4	3	4	0	1	38974.42272048373
4	3	4	0	2	31523.95975784036
4	3	4	0	3	23716.43072915587
4	3	4	1	1	32457.10535951233
4	3	4	1	2	36631.84656880682
4	3	4	1	3	19973.941781317557
4	3	4	2	1	27497.99703372141
4	3	4	2	2	28864.77869722518
4	3	4	2	3	15644.289456470528
4	3	4	3	1	32752.030563786277
4	3	4	3	2	37171.875068061934
4	3	4	3	3	20831.529843738765
4	3	5	0	1	67633.39685147142
4	3	5	0	2	64035.37815779917
4	3	5	0	3	42355.854065581676
4	3	5	1	1	57883.55468193126
4	3	5	1	2	56760.384442470604
4	3	5	1	3	39850.274079302886
4	3	5	2	1	51578.784458639544
4	3	5	2	2	50399.60676352394
4	3	5	2	3	31029.456720800947
4	3	5	3	1	54023.26946586216
4	3	5	3	2	61452.570314332814
4	3	5	3	3	36183.21154740848
4	3	6	0	1	84645.44175749383
4	3	6	0	2	72976.1708691201
4	3	6	0	3	70647.6168909578
4	3	6	1	1	78765.1916895952
4	3	6	1	2	61586.79483867295
4	3	6	1	3	78932.03519351757
4	3	6	2	1	81774.75929411816
4	3	6	2	2	113500.97500781159
4	3	6	2	3	64672.501548075095
4	3	6	3	1	119320.46947242788
4	3	6	3	2	119034.41197631253
4	3	6	3	3	85523.56600205421
4	4	0	0	1	9158.825033011783
4	4	0	0	2	9288.83508563132
4	4	0	0	3	7879.539155784043
4	4	0	1	1	8550.059103011978
4	4	0	1	2	8806.267352491126
4	4	0	1	3	6622.1656715246045
4	4	0	2	1	7767.686325701123
4	4	0	2	2	8404.933481910866
4	4	0	2	3	7053.4279567077865
4	4	0	3	1	9000.197307054932
4	4	0	3	2	9003.947089929956
4	4	0	3	3	7155.988904355952
4	4	1	0	1	16477.951397498462
4	4	1	0	2	16560.629450670836
4	4	1	0	3	12880.624668815954
4	4	1	1	1	15235.742533536395
4	4	1	1	2	17369.67753770699
4	4	1	1	3	11528.274564785077
4	4	1	2	1	15408.712520743742
4	4	1	2	2	17080.601870954775
4	4	1	2	3	11102.796987462805
4	4	1	3	1	17511.2681570799
4	4	1	3	2	15316.06730576825
4	4	1	3	3	11589.053322228474
4	4	2	0	1	23002.340661563703
4	4	2	0	2	19065.169556028213
4	4	2	0	3	16297.556331955273
4	4	2	1	1	22283.757016382406
4	4	2	1	2	22326.607632343603
4	4	2	1	3	14204.381514998127
4	4	2	2	1	18616.667163389975
4	4	2	2	2	19234.844026300147
4	4	2	2	3	11751.514498302788
4	4	2	3	1	23720.698746234462
4	4	2	3	2	20690.170840718223
4	4	2	3	3	14788.660914504553
4	4	3	0	1	38244.604644265215
4	4	3	0	2	35544.00960789753
4	4	3	0	3	26163.103502954233
4	4	3	1	1	40246.252706017665
4	4	3	1	2	29908.387189700206
4	4	3	1	3	18256.72983317124
4	4	3	2	1	29236.707967132323
4	4	3	2	2	28902.118212512985
4	4	3	2	3	18397.588758167996
4	4	3	3	1	31880.193838279334
4	4	3	3	2	33724.01760348127
4	4	3	3	3	22693.181143899452
4	4	4	0	1	96897.32864161149
4	4	4	0	2	87149.55815168335
4	4	4	0	3	57613.73343146645
4	4	4	1	1	94140.14225043115
4	4	4	1	2	68102.70812959578
4	4	4	1	3	38463.40252659732
4	4	4	2	1	49851.27753829118
4	4	4	2	2	63149.98073044338
4	4	4	2	3	31444.3799502438
4	4	4	3	1	66609.0579193792
4	4	4	3	2	85170.98363960774
4	4	4	3	3	45318.79839097122
4	4	5	0	1	264266.47683951055
4	4	5	0	2	255434.12104078048
4	4	5	0	3	150893.80630094878
4	4	5	1	1	189721.80371351307
4	4	5	1	2	184425.64624673984
4	4	5	1	3	77306.27945519303
4	4	5	2	1	115539.29396805033
4	4	5	2	2	112500.93532429554
4	4	5	2	3	56611.86073405302
4	4	5	3	1	209959.30707442938
4	4	5	3	2	219939.38798788594
4	4	5	3	3	91935.23364878539
4	4	6	0	1	242522.8480299675
4	4	6	0	2	256908.63679537433
4	4	6	0	3	239067.41394555868
4	4	6	1	1	308265.3951339189
4	4	6	1	2	199174.23737886368
4	4	6	1	3	110386.5461549239
4	4	6	2	1	120703.2668207946
4	4	6	2	2	147080.40218815854
4	4	6	2	3	139179.9947242312
4	4	6	3	1	272853.79419717455
4	4	6	3	2	363021.803097598
4	4	6	3	3	145775.71169915044
4	5	0	0	1	10102.293605766608
4	5	0	0	2	8389.14567447202
4	5	0	0	3	7368.27086813552
4	5	0	1	1	8856.965988880253
4	5	0	1	2	9009.253662859406
4	5	0	1	3	7676.356063207298
4	5	0	2	1	7473.827882078309
4	5	0	2	2	8971.34668632425
4	5	0	2	3	7031.317098162634
4	5	0	3	1	8481.490979724356
4	5	0	3	2	8843.87836733174
4	5	0	3	3	8098.296409405787
4	5	1	0	1	24804.166419755267
4	5	1	0	2	17271.614784895875
4	5	1	0	3	25347.430329340437
4	5	1	1	1	18072.154971415817
4	5	1	1	2	17202.09425528368
4	5	1	1	3	17459.250348150843
4	5	1	2	1	18601.773616515144
4	5	1	2	2	18885.463281334018
4	5	1	2	3	11683.132299199067
4	5	1	3	1	23878.980839417425
4	5	1	3	2	21960.338113276157
4	5	1	3	3	20486.596204420952
4	5	2	0	1	50264.06130296244
4	5	2	0	2	42102.9165511506
4	5	2	0	3	36179.0397859526
4	5	2	1	1	55557.56365532881
4	5	2	1	2	32775.050244392085
4	5	2	1	3	23390.258836539484
4	5	2	2	1	41981.78807432087
4	5	2	2	2	36703.11293600005
4	5	2	2	3	35923.04116639166
4	5	2	3	1	53228.90692476539
4	5	2	3	2	27883.358310942607
4	5	2	3	3	22731.08663611478
4	5	3	0	1	154066.84459343922
4	5	3	0	2	100324.96486402676
4	5	3	0	3	86494.21523855688
4	5	3	1	1	117257.44759378949
4	5	3	1	2	85540.38357490135
4	5	3	1	3	63990.80755483365
4	5	3	2	1	87560.5226080672
4	5	3	2	2	67429.99932592399
4	5	3	2	3	53273.58458554557
4	5	3	3	1	129010.0370110019
4	5	3	3	2	146686.94878452705
4	5	3	3	3	74493.05259496365
4	5	4	0	1	368060.5770857949
4	5	4	0	2	371376.8828991996
4	5	4	0	3	300222.35068725166
4	5	4	1	1	332697.3647183004
4	5	4	1	2	296386.4176999621
4	5	4	1	3	156065.77717702492
4	5	4	2	1	231212.5197918011
4	5	4	2	2	180017.84906917778
4	5	4	2	3	162949.11549065606
4	5	4	3	1	350421.12921607547
4	5	4	3	2	422075.08762380475
4	5	4	3	3	212347.7083504757
4	5	5	0	1	1087730.8387498225
4	5	5	0	2	983575.6309796429
4	5	5	0	3	674052.0836421524
4	5	5	1	1	819989.5359202133
4	5	5	1	2	698874.244811172
4	5	5	1	3	413056.61770562804
4	5	5	2	1	708041.5213718237
4	5	5	2	2	547477.8184503922
4	5	5	2	3	350790.83318721794
4	5	5	3	1	863022.6873142452
4	5	5	3	2	1104407.7933561753
4	5	5	3	3	651668.4914253545
4	5	6	0	1	2080364.81089114
4	5	6	0	2	1586962.3186868532
4	5	6	0	3	1517849.4754339044
4	5	6	1	1	871142.7440925625
4	5	6	1	2	1069372.8280656277
4	5	6	1	3	783895.2692234475
4	5	6	2	1	1314492.5690499705
4	5	6	2	2	939387.0511117196
4	5	6	2	3	455339.4291465006
4	5	6	3	1	1434963.6072257785
4	5	6	3	2	1641515.8702099333
4	5	6	3	3	1279850.887827904
4	6	0	0	1	8603.026959028288
4	6	0	0	2	6957.165279450694
4	6	0	0	3	8707.057458766512
4	6	0	1	1	9115.434933883567
4	6	0	1	2	8618.962407396131
4	6	0	1	3	5221.137814019503
4	6	0	2	1	11267.77383941611
4	6	0	2	2	9095.023347872664
4	6	0	2	3	6098.6791077396765
4	6	0	3	1	9028.680932315609
4	6	0	3	2	8056.228319787722
4	6	0	3	3	6077.2641335385015
4	6	1	0	1	34816.83548537006
4	6	1	0	2	26731.796326026095
4	6	1	0	3	71954.10261591455
4	6	1	1	1	22945.285772760915
4	6	1	1	2	15918.621115936221
4	6	1	1	3	35229.67233180761
4	6	1	2	1	21755.014289713457
4	6	1	2	2	25650.34019682072
4	6	1	2	3	16188.186949713849
4	6	1	3	1	30322.55705548894
4	6	1	3	2	21232.64783306753
4	6	1	3	3	27577.073405548566
4	6	2	0	1	100753.10609867671
4	6	2	0	2	55599.79957367429
4	6	2	0	3	103712.60170849493
4	6	2	1	1	101324.97663097603
4	6	2	1	2	39217.82314687387
4	6	2	1	3	24957.330086008507
4	6	2	2	1	75930.01733682376
4	6	2	2	2	95079.88936629969
4	6	2	2	3	82555.46481216172
4	6	2	3	1	73403.81654065428
4	6	2	3	2	87549.6741615861
4	6	2	3	3	108326.81787330346
4	6	3	0	1	335297.7869033727
4	6	3	0	2	456725.42894383956
4	6	3	0	3	142580.23751388508
4	6	3	1	1	326417.27469567774
4	6	3	1	2	160407.12176770854
4	6	3	1	3	176683.41421801702
4	6	3	2	1	260503.3731606345
4	6	3	2	2	354670.1792598595
4	6	3	2	3	454394.4522331569
4	6	3	3	1	205961.2966613795
4	6	3	3	2	364529.7596080449
4	6	3	3	3	211244.4962408466
4	6	4	0	1	1211861.6887801257
4	6	4	0	2	772934.5097891078
4	6	4	0	3	958731.8408969373
4	6	4	1	1	906986.7246403473
4	6	4	1	2	603318.5561430621
4	6	4	1	3	611044.4828944351
4	6	4	2	1	1079034.043598881
4	6	4	2	2	769405.2394294819
4	6	4	2	3	715849.6362356369
4	6	4	3	1	1012262.8496817034
4	6	4	3	2	1188408.5786658626
4	6	4	3	3	630518.786774118
4	6	5	0	1	2888222.713007099
4	6	5	0	2	3076833.802859973
4	6	5	0	3	2486897.5827996153
4	6	5	1	1	1606219.983256804
4	6	5	1	2	1793746.7654160752
4	6	5	1	3	1197198.4747959625
4	6	5	2	1	2020335.8173748811
4	6	5	2	2	2370526.374130585
4	6	5	2	3	1705304.8792908243
4	6	5	3	1	2473483.102258792
4	6	5	3	2	3137132.2319065942
4	6	5	3	3	2598210.5864843302
4	6	6	0	1	4852240.139209046
4	6	6	0	2	5292630.567720052
4	6	6	0	3	5205413.37241329
4	6	6	1	1	2764508.481732665
4	6	6	1	2	2393870.8006552286
4	6	6	1	3	3513061.443259748
4	6	6	2	1	4687273.426285677
4	6	6	2	2	4636886.867659273
4	6	6	2	3	4175802.2571997223
4	6	6	3	1	5078385.580741753
4	6	6	3	2	4948964.133419555
4	6	6	3	3	6129146.301149237
5	0	0	0	1	6424.080370608442
5	0	0	0	2	7181.072290806987
5	0	0	0	3	5968.700458411673
5	0	0	1	1	5940.733432095574
5	0	0	1	2	6641.569818338268
5	0	0	1	3	5638.71456304495
5	0	0	2	1	6205.796606595834
5	0	0	2	2	6664.031593211598
5	0	0	2	3	5594.519192632821
5	0	0	3	1	6093.448820915072
5	0	0	3	2	6632.151983162304
5	0	0	3	3	5474.428108648464
5	0	1	0	1	8273.321108104261
5	0	1	0	2	9060.938320955718
5	0	1	0	3	7819.3822423423
5	0	1	1	1	9277.06540450822
5	0	1	1	2	8561.459665563125
5	0	1	1	3	7199.976646468901
5	0	1	2	1	8309.623398863345
5	0	1	2	2	9350.370324701782
5	0	1	2	3	8025.492905439931
5	0	1	3	1	9108.397345786081
5	0	1	3	2	8940.268542491887
5	0	1	3	3	7897.459379958125
5	0	2	0	1	8887.753935446177
5	0	2	0	2	8770.456630282839
5	0	2	0	3	7985.820605041075
5	0	2	1	1	8349.21847633475
5	0	2	1	2	9357.90687977947
5	0	2	1	3	7327.369516467752
5	0	2	2	1	8044.300092732209
5	0	2	2	2	9754.100398205432
5	0	2	2	3	7890.966183283721
5	0	2	3	1	9645.766629354173
5	0	2	3	2	9413.920412009915
5	0	2	3	3	6946.637661604858
5	0	3	0	1	10941.218933203747
5	0	3	0	2	11747.19847468907
5	0	3	0	3	9723.047287687317
5	0	3	1	1	11255.818323800868
5	0	3	1	2	11186.478933342256
5	0	3	1	3	8701.415975827085
5	0	3	2	1	9753.800004202263
5	0	3	2	2	11844.064049640854
5	0	3	2	3	8292.478276016014
5	0	3	3	1	11213.004408109613
5	0	3	3	2	11140.068816464645
5	0	3	3	3	8409.050493262333
5	0	4	0	1	17388.769113582042
5	0	4	0	2	16029.454489519558
5	0	4	0	3	14392.683554975703
5	0	4	1	1	14746.422527415409
5	0	4	1	2	16280.1941571915
5	0	4	1	3	12918.930964393345
5	0	4	2	1	15116.768677041975
5	0	4	2	2	15667.929063452866
5	0	4	2	3	12144.748895031515
5	0	4	3	1	15595.509517653574
5	0	4	3	2	15460.803777423936
5	0	4	3	3	13248.48747266274
5	0	5	0	1	29549.698812449613
5	0	5	0	2	27709.51467258282
5	0	5	0	3	26667.62439101118
5	0	5	1	1	25816.58767884467
5	0	5	1	2	27939.362451871166
5	0	5	1	3	25335.61528324292
5	0	5	2	1	24330.942565003486
5	0	5	2	2	25063.50279083881
5	0	5	2	3	21668.59774093584
5	0	5	3	1	27178.401916818577
5	0	5	3	2	29709.221960608207
5	0	5	3	3	22781.95358278615
5	0	6	0	1	49879.477736692126
5	0	6	0	2	49075.85060831633
5	0	6	0	3	46987.5670006616
5	0	6	1	1	45170.497693656696
5	0	6	1	2	48987.06616831008
5	0	6	1	3	66806.30341774898
5	0	6	2	1	43453.394222783354
5	0	6	2	2	41573.51598904787
5	0	6	2	3	44646.885771739
5	0	6	3	1	39216.003490714
5	0	6	3	2	54167.98884385563
5	0	6	3	3	45868.83041872374
5	1	0	0	1	8322.84291543977
5	1	0	0	2	8252.338412594752
5	1	0	0	3	7914.882701276545
5	1	0	1	1	7861.162265385129
5	1	0	1	2	8820.618270487521
5	1	0	1	3	7178.335248599147
5	1	0	2	1	8272.027612867132
5	1	0	2	2	8607.83773768467
5	1	0	2	3	7385.731443585834
5	1	0	3	1	8935.443613186171
5	1	0	3	2	8505.847044331753
5	1	0	3	3	6875.668004328594
5	1	1	0	1	13937.459847927414
5	1	1	0	2	14025.032412299212
5	1	1	0	3	12753.001730840862
5	1	1	1	1	14600.254988329985
5	1	1	1	2	13427.96887810851
5	1	1	1	3	10704.03037410354
5	1	1	2	1	13138.296659682821
5	1	1	2	2	16224.83538479761
5	1	1	2	3	11190.236402036553
5	1	1	3	1	13529.204308473096
5	1	1	3	2	14641.997509865721
5	1	1	3	3	11675.835893470874
5	1	2	0	1	13978.012768919132
5	1	2	0	2	13063.296748732382
5	1	2	0	3	10996.239115474973
5	1	2	1	1	14650.800751014276
5	1	2	1	2	13427.324642354994
5	1	2	1	3	9057.944950889269
5	1	2	2	1	12370.91706205621
5	1	2	2	2	11624.987819200333
5	1	2	2	3	9895.863237581845
5	1	2	3	1	13221.300607426983
5	1	2	3	2	13960.232457930766
5	1	2	3	3	9908.853251426457
5	1	3	0	1	18090.370619527752
5	1	3	0	2	17616.498554777703
5	1	3	0	3	13389.768087357797
5	1	3	1	1	17163.27634888735
5	1	3	1	2	13693.579499635212
5	1	3	1	3	11273.780598021272
5	1	3	2	1	12104.252184247096
5	1	3	2	2	17294.883480956534
5	1	3	2	3	11489.004154093594
5	1	3	3	1	14999.574554089775
5	1	3	3	2	14714.249728207022
5	1	3	3	3	11369.678997026458
5	1	4	0	1	24059.71816802763
5	1	4	0	2	23887.184392342384
5	1	4	0	3	19702.46542534511
5	1	4	1	1	21941.40584898869
5	1	4	1	2	20085.713271287168
5	1	4	1	3	14055.222786937517
5	1	4	2	1	21709.789078867852
5	1	4	2	2	21309.840930298644
5	1	4	2	3	14720.304654816007
5	1	4	3	1	21078.896294808925
5	1	4	3	2	20409.52939940984
5	1	4	3	3	17419.650792716646
5	1	5	0	1	34652.76232877686
5	1	5	0	2	32496.099768159565
5	1	5	0	3	27727.986808376532
5	1	5	1	1	30889.986222816846
5	1	5	1	2	33816.84831346275
5	1	5	1	3	29039.997617435063
5	1	5	2	1	29623.213342387997
5	1	5	2	2	30192.820453117765
5	1	5	2	3	26200.061860411217
5	1	5	3	1	32198.578119847407
5	1	5	3	2	33809.65035637959
5	1	5	3	3	27619.48824860441
5	1	6	0	1	68744.02639627892
5	1	6	0	2	54017.89642894172
5	1	6	0	3	73792.45651054545
5	1	6	1	1	64191.746944536404
5	1	6	1	2	50819.20333641562
5	1	6	1	3	36160.73825079944
5	1	6	2	1	55891.13746958517
5	1	6	2	2	40135.05076117196
5	1	6	2	3	49779.43952474756
5	1	6	3	1	54545.27194925812
5	1	6	3	2	51562.891730105286
5	1	6	3	3	51413.22847387785
5	2	0	0	1	7564.288625285384
5	2	0	0	2	8654.142581103331
5	2	0	0	3	7061.612309650198
5	2	0	1	1	8199.026949177967
5	2	0	1	2	7946.060429416794
5	2	0	1	3	6461.658169008038
5	2	0	2	1	7580.684758456566
5	2	0	2	2	8447.051932916807
5	2	0	2	3	6562.932416720521
5	2	0	3	1	8243.995694549521
5	2	0	3	2	8056.401031429135
5	2	0	3	3	6783.012451358494
5	2	1	0	1	13925.283126325987
5	2	1	0	2	14264.625511844557
5	2	1	0	3	10687.641394682945
5	2	1	1	1	15383.562896111926
5	2	1	1	2	13058.516600866047
5	2	1	1	3	10094.790633331495
5	2	1	2	1	13387.817320069878
5	2	1	2	2	12871.869864480257
5	2	1	2	3	8701.868603464887
5	2	1	3	1	14639.388757912078
5	2	1	3	2	13462.812211910763
5	2	1	3	3	9816.64397482527
5	2	2	0	1	15640.89310951216
5	2	2	0	2	12232.981480956088
5	2	2	0	3	10193.777686285008
5	2	2	1	1	17572.40549716505
5	2	2	1	2	14204.614273504518
5	2	2	1	3	8418.656395063434
5	2	2	2	1	10884.487891256453
5	2	2	2	2	12519.768017659855
5	2	2	2	3	9535.405441809145
5	2	2	3	1	13375.397517492533
5	2	2	3	2	12821.955005402915
5	2	2	3	3	10038.184412989869
5	2	3	0	1	20191.459811646717
5	2	3	0	2	16704.665979453508
5	2	3	0	3	11551.348018283796
5	2	3	1	1	18943.825014643924
5	2	3	1	2	18379.875068492966
5	2	3	1	3	11020.125228894642
5	2	3	2	1	15241.849151831622
5	2	3	2	2	16633.119294053115
5	2	3	2	3	11652.764370023284
5	2	3	3	1	16247.752695914005
5	2	3	3	2	16600.505088864596
5	2	3	3	3	11531.034064029263
5	2	4	0	1	26090.74617790388
5	2	4	0	2	22846.563534702087
5	2	4	0	3	19276.10858822746
5	2	4	1	1	26142.248018849637
5	2	4	1	2	24488.993638037267
5	2	4	1	3	16508.799041594888
5	2	4	2	1	18332.441940687604
5	2	4	2	2	20446.840028240593
5	2	4	2	3	14006.152169613972
5	2	4	3	1	25017.695663087
5	2	4	3	2	20127.393015494294
5	2	4	3	3	16202.046901907848
5	2	5	0	1	42325.13372066835
5	2	5	0	2	41171.33858839206
5	2	5	0	3	26277.023738512733
5	2	5	1	1	43422.594707489974
5	2	5	1	2	38987.12257297025
5	2	5	1	3	33253.89203193492
5	2	5	2	1	30074.51208670442
5	2	5	2	2	31172.507329322412
5	2	5	2	3	23874.046216207495
5	2	5	3	1	33827.73831074352
5	2	5	3	2	31303.91238272768
5	2	5	3	3	29112.791805068235
5	2	6	0	1	97478.93976482365
5	2	6	0	2	51998.05464255715
5	2	6	0	3	59934.40943133963
5	2	6	1	1	72630.39373076895
5	2	6	1	2	67627.22876834453
5	2	6	1	3	62728.08973741882
5	2	6	2	1	44867.17768319502
5	2	6	2	2	54310.634962332944
5	2	6	2	3	61601.996387387175
5	2	6	3	1	57121.648400299746
5	2	6	3	2	67167.01533476057
5	2	6	3	3	43666.58877568655
5	3	0	0	1	7740.819268760446
5	3	0	0	2	8045.807633905036
5	3	0	0	3	7818.541500357678
5	3	0	1	1	8027.45622466772
5	3	0	1	2	7899.609231018925
5	3	0	1	3	6836.766527931829
5	3	0	2	1	7763.241650483564
5	3	0	2	2	8125.214848620428
5	3	0	2	3	6659.74756079227
5	3	0	3	1	7785.664551949768
5	3	0	3	2	8182.4663048368575
5	3	0	3	3	6682.631890529337
5	3	1	0	1	15021.73436935601
5	3	1	0	2	14894.157562835167
5	3	1	0	3	11810.2376068882
5	3	1	1	1	13257.1691497033
5	3	1	1	2	13819.139584917955
5	3	1	1	3	10010.10486696176
5	3	1	2	1	10824.821125290404
5	3	1	2	2	15719.336805107258
5	3	1	2	3	9805.142429106734
5	3	1	3	1	15455.675002139795
5	3	1	3	2	14677.43214358493
5	3	1	3	3	10821.20689775231
5	3	2	0	1	18724.888044904124
5	3	2	0	2	15392.584176349628
5	3	2	0	3	11794.69967155031
5	3	2	1	1	16978.15176599263
5	3	2	1	2	15072.888042703351
5	3	2	1	3	10303.651049750239
5	3	2	2	1	12919.05363825343
5	3	2	2	2	15489.961765021173
5	3	2	2	3	9349.089681418158
5	3	2	3	1	17574.37952627599
5	3	2	3	2	16915.744712226042
5	3	2	3	3	10193.99935191656
5	3	3	0	1	21217.112696051023
5	3	3	0	2	22732.909884147488
5	3	3	0	3	16529.257452798396
5	3	3	1	1	25830.108557498603
5	3	3	1	2	21762.192110754164
5	3	3	1	3	14595.146165205053
5	3	3	2	1	17647.845602126807
5	3	3	2	2	19576.826056941696
5	3	3	2	3	12040.337895563782
5	3	3	3	1	21255.281118968305
5	3	3	3	2	18992.364319348653
5	3	3	3	3	14367.40901883812
5	3	4	0	1	41132.483414173636
5	3	4	0	2	39729.62819456917
5	3	4	0	3	25678.461656065603
5	3	4	1	1	44049.19747837978
5	3	4	1	2	32513.50148477031
5	3	4	1	3	23076.77959810274
5	3	4	2	1	22244.311799176707
5	3	4	2	2	22647.310619878688
5	3	4	2	3	16032.538653502263
5	3	4	3	1	32837.691642488884
5	3	4	3	2	30983.250324159453
5	3	4	3	3	20128.714790651316
5	3	5	0	1	77271.15806376546
5	3	5	0	2	69477.38529789554
5	3	5	0	3	52322.961735369325
5	3	5	1	1	68401.55583412133
5	3	5	1	2	69209.47299760346
5	3	5	1	3	43232.27091934896
5	3	5	2	1	37070.721012998736
5	3	5	2	2	37829.38476833634
5	3	5	2	3	26708.011630425004
5	3	5	3	1	51330.42546661545
5	3	5	3	2	48269.38621460827
5	3	5	3	3	38134.4814614512
5	3	6	0	1	181556.6928661054
5	3	6	0	2	76762.26346727379
5	3	6	0	3	74416.16442429581
5	3	6	1	1	153061.07019551867
5	3	6	1	2	106376.39252625252
5	3	6	1	3	81016.90104052884
5	3	6	2	1	53544.22160046955
5	3	6	2	2	60607.6632992996
5	3	6	2	3	66134.640437516
5	3	6	3	1	84315.12590825485
5	3	6	3	2	71811.45480649912
5	3	6	3	3	70517.81693263877
5	4	0	0	1	8860.675634819494
5	4	0	0	2	7972.0878161102955
5	4	0	0	3	7278.683825505558
5	4	0	1	1	8058.353892002655
5	4	0	1	2	8150.122219518611
5	4	0	1	3	6653.649190072316
5	4	0	2	1	7293.925525890334
5	4	0	2	2	8392.811169043869
5	4	0	2	3	7528.331103560021
5	4	0	3	1	8172.621241707978
5	4	0	3	2	8073.7837189482525
5	4	0	3	3	6733.789011409649
5	4	1	0	1	19030.236194898593
5	4	1	0	2	17861.39487613924
5	4	1	0	3	14903.760862041074
5	4	1	1	1	18505.862608347248
5	4	1	1	2	14867.168241368241
5	4	1	1	3	14797.952044264519
5	4	1	2	1	15473.190287685777
5	4	1	2	2	11374.451199421186
5	4	1	2	3	10863.402573169038
5	4	1	3	1	17853.26269201954
5	4	1	3	2	15576.078543683001
5	4	1	3	3	12951.471907338613
5	4	2	0	1	27694.58117465792
5	4	2	0	2	25321.818163218843
5	4	2	0	3	19015.948637170346
5	4	2	1	1	30276.951040545966
5	4	2	1	2	23780.827386535108
5	4	2	1	3	17313.653463653958
5	4	2	2	1	14727.394191415635
5	4	2	2	2	17543.69449188363
5	4	2	2	3	9591.186057072377
5	4	2	3	1	25738.21317916166
5	4	2	3	2	18129.272845532047
5	4	2	3	3	15457.503597410487
5	4	3	0	1	51456.71988445103
5	4	3	0	2	39794.280436370755
5	4	3	0	3	30037.894677207416
5	4	3	1	1	57149.40609809146
5	4	3	1	2	36443.40332787777
5	4	3	1	3	25969.708811016102
5	4	3	2	1	22764.85389055627
5	4	3	2	2	20792.996356189786
5	4	3	2	3	14967.490746723211
5	4	3	3	1	41641.25361215462
5	4	3	3	2	31634.324419280805
5	4	3	3	3	21362.42934101616
5	4	4	0	1	123823.05823919806
5	4	4	0	2	101574.87563073341
5	4	4	0	3	72596.34828401133
5	4	4	1	1	135122.45304037526
5	4	4	1	2	110521.60558314633
5	4	4	1	3	68222.43351778509
5	4	4	2	1	38878.54020293861
5	4	4	2	2	33982.5283084924
5	4	4	2	3	22118.37634038208
5	4	4	3	1	76867.42999197461
5	4	4	3	2	67644.97664360152
5	4	4	3	3	52713.645964021925
5	4	5	0	1	355680.86002505105
5	4	5	0	2	224156.41461442338
5	4	5	0	3	163080.63614640452
5	4	5	1	1	331774.7373016465
5	4	5	1	2	289356.0228829726
5	4	5	1	3	157624.56854659226
5	4	5	2	1	69507.37594004441
5	4	5	2	2	58827.34279063288
5	4	5	2	3	43093.968002202586
5	4	5	3	1	178907.64851595135
5	4	5	3	2	170466.8436284915
5	4	5	3	3	93150.39342092404
5	4	6	0	1	667616.898161063
5	4	6	0	2	329863.5797962913
5	4	6	0	3	290178.6953623692
5	4	6	1	1	519365.67677076254
5	4	6	1	2	336575.8447208269
5	4	6	1	3	259396.05604581084
5	4	6	2	1	142712.30544388466
5	4	6	2	2	119064.06934327584
5	4	6	2	3	76293.53883720384
5	4	6	3	1	554744.8959113851
5	4	6	3	2	208077.29687430774
5	4	6	3	3	252299.04921502178
5	5	0	0	1	9085.9200475238
5	5	0	0	2	9628.588266786144
5	5	0	0	3	8428.015859352212
5	5	0	1	1	9007.32579252555
5	5	0	1	2	8853.044675071564
5	5	0	1	3	7966.028732838556
5	5	0	2	1	7841.522416822997
5	5	0	2	2	8211.003496737616
5	5	0	2	3	6849.736793006863
5	5	0	3	1	8624.036255819237
5	5	0	3	2	8136.74588107572
5	5	0	3	3	7448.818204306167
5	5	1	0	1	32531.469527541172
5	5	1	0	2	19109.348106581383
5	5	1	0	3	25460.520891777403
5	5	1	1	1	28354.611449139615
5	5	1	1	2	17513.22920760413
5	5	1	1	3	21354.745269930834
5	5	1	2	1	18886.925215221334
5	5	1	2	2	15912.359274736958
5	5	1	2	3	13897.594277076969
5	5	1	3	1	23109.451633218174
5	5	1	3	2	18617.393281142304
5	5	1	3	3	18661.908013675675
5	5	2	0	1	79646.58380455936
5	5	2	0	2	42785.3479398544
5	5	2	0	3	31692.49848589892
5	5	2	1	1	66844.13124865133
5	5	2	1	2	34915.022990047466
5	5	2	1	3	43611.9053059412
5	5	2	2	1	41128.35330933348
5	5	2	2	2	28541.308394291522
5	5	2	2	3	15965.6264595766
5	5	2	3	1	69774.55645096183
5	5	2	3	2	59347.178169177954
5	5	2	3	3	44127.479928607114
5	5	3	0	1	174114.845646319
5	5	3	0	2	165763.7929071223
5	5	3	0	3	128398.98541540196
5	5	3	1	1	155482.52436265812
5	5	3	1	2	130487.77264832638
5	5	3	1	3	98628.22948485782
5	5	3	2	1	61730.930223195326
5	5	3	2	2	51087.13068597322
5	5	3	2	3	25510.045803210407
5	5	3	3	1	129890.73780401597
5	5	3	3	2	80644.76479519362
5	5	3	3	3	106877.78731229356
5	5	4	0	1	468985.3754230145
5	5	4	0	2	481536.02348073456
5	5	4	0	3	329792.9097753577
5	5	4	1	1	487505.7854920833
5	5	4	1	2	401917.60993615683
5	5	4	1	3	288246.8289051448
5	5	4	2	1	144139.5318977636
5	5	4	2	2	102975.0196407434
5	5	4	2	3	57684.96290339464
5	5	4	3	1	335308.3179960969
5	5	4	3	2	375155.9687139645
5	5	4	3	3	194142.21535250742
5	5	5	0	1	1447709.0984835713
5	5	5	0	2	1058273.3764566747
5	5	5	0	3	763138.6541407815
5	5	5	1	1	1099293.829252431
5	5	5	1	2	1025124.3874445633
5	5	5	1	3	694042.8543778451
5	5	5	2	1	290376.4378709969
5	5	5	2	2	253738.41284040123
5	5	5	2	3	119416.12298057918
5	5	5	3	1	1009947.4447347258
5	5	5	3	2	1004685.9986802991
5	5	5	3	3	690865.4631050762
5	5	6	0	1	2101053.55057069
5	5	6	0	2	2127769.602975765
5	5	6	0	3	1678861.9582458683
5	5	6	1	1	1996426.502481879
5	5	6	1	2	1988030.6957411135
5	5	6	1	3	1419210.916001503
5	5	6	2	1	379183.6149446767
5	5	6	2	2	382370.0778875739
5	5	6	2	3	219880.7412593278
5	5	6	3	1	2089856.9712555981
5	5	6	3	2	1457903.9585524513
5	5	6	3	3	1192183.8073372778
5	6	0	0	1	13305.841024754007
5	6	0	0	2	8778.230931201117
5	6	0	0	3	10957.342833023195
5	6	0	1	1	10857.105314449294
5	6	0	1	2	9162.985476376893
5	6	0	1	3	8637.581387390803
5	6	0	2	1	7582.7494225616665
5	6	0	2	2	8118.198736519535
5	6	0	2	3	8893.557880249638
5	6	0	3	1	7444.678421386964
5	6	0	3	2	9438.333470185224
5	6	0	3	3	9338.529832134767
5	6	1	0	1	44142.998891200295
5	6	1	0	2	19774.593758721778
5	6	1	0	3	27723.587254582555
5	6	1	1	1	51829.640309000184
5	6	1	1	2	20280.60984126512
5	6	1	1	3	36625.126885924146
5	6	1	2	1	42766.569697483894
5	6	1	2	2	23441.880063237368
5	6	1	2	3	28598.8742855655
5	6	1	3	1	30919.8789648182
5	6	1	3	2	18638.112928093844
5	6	1	3	3	56743.2079756022
5	6	2	0	1	137650.34279261428
5	6	2	0	2	87587.72098971963
5	6	2	0	3	149155.58879354992
5	6	2	1	1	182809.10145638575
5	6	2	1	2	104811.16932786955
5	6	2	1	3	81155.04271387224
5	6	2	2	1	148268.59480441306
5	6	2	2	2	70614.27014390117
5	6	2	2	3	37381.09589703959
5	6	2	3	1	164366.6549527262
5	6	2	3	2	182202.03976592497
5	6	2	3	3	119464.7081831831
5	6	3	0	1	434707.7919089779
5	6	3	0	2	292703.3531723215
5	6	3	0	3	559746.5110010074
5	6	3	1	1	358280.8097808715
5	6	3	1	2	400592.7985134529
5	6	3	1	3	217757.02640489955
5	6	3	2	1	197670.68994967913
5	6	3	2	2	153797.50965498207
5	6	3	2	3	101497.50886831991
5	6	3	3	1	474700.0936713281
5	6	3	3	2	409191.5350301296
5	6	3	3	3	286244.47611650324
5	6	4	0	1	1274271.985351958
5	6	4	0	2	1206664.562636125
5	6	4	0	3	1139245.8056843327
5	6	4	1	1	1251377.9436833747
5	6	4	1	2	1156300.3666436255
5	6	4	1	3	873884.510010968
5	6	4	2	1	472609.9242116758
5	6	4	2	2	421592.4582847181
5	6	4	2	3	252487.3228911931
5	6	4	3	1	1125440.309250131
5	6	4	3	2	1105069.0999918797
5	6	4	3	3	785127.8652823888
5	6	5	0	1	3784785.4734472143
5	6	5	0	2	3333889.0662365677
5	6	5	0	3	3162798.3565289113
5	6	5	1	1	2737448.609292936
5	6	5	1	2	2796292.8140018703
5	6	5	1	3	2632808.8422033484
5	6	5	2	1	1308056.3900472955
5	6	5	2	2	1402819.5034787902
5	6	5	2	3	613079.5884274724
5	6	5	3	1	3031772.361061656
5	6	5	3	2	3291943.4313998315
5	6	5	3	3	2085460.631467694
5	6	6	0	1	7698294.845129899
5	6	6	0	2	7740094.691713619
5	6	6	0	3	6635657.322168341
5	6	6	1	1	6341547.471556265
5	6	6	1	2	5757193.511382623
5	6	6	1	3	5524703.6115594525
5	6	6	2	1	2348442.286773402
5	6	6	2	2	2551934.946246185
5	6	6	2	3	1199367.7247166538
5	6	6	3	1	5955456.587109411
5	6	6	3	2	6246057.411052946
5	6	6	3	3	4753121.425371001
6	0	0	0	1	5552.034776868436
6	0	0	0	2	6391.915830881617
6	0	0	0	3	5815.912461107599
6	0	0	1	1	5630.3195191694695
6	0	0	1	2	5973.413847792241
6	0	0	1	3	5078.036330562546
6	0	0	2	1	5057.975979767525
6	0	0	2	2	5528.204133290037
6	0	0	2	3	4741.764279452172
6	0	0	3	1	5904.603819967436
6	0	0	3	2	5761.184357628223
6	0	0	3	3	5166.917426706716
6	0	1	0	1	8856.914516248326
6	0	1	0	2	8258.115773044454
6	0	1	0	3	8767.21311147808
6	0	1	1	1	9132.631120731126
6	0	1	1	2	9111.56044500811
6	0	1	1	3	7279.597767019203
6	0	1	2	1	7151.82754728623
6	0	1	2	2	9567.134977144513
6	0	1	2	3	7613.8028892332595
6	0	1	3	1	8730.19651596735
6	0	1	3	2	8577.705778301384
6	0	1	3	3	7986.184049593962
6	0	2	0	1	7722.588012512488
6	0	2	0	2	8893.183019842323
6	0	2	0	3	7504.064717424971
6	0	2	1	1	8752.643682600203
6	0	2	1	2	9042.85147750594
6	0	2	1	3	6289.118714988646
6	0	2	2	1	8862.684011694131
6	0	2	2	2	6827.274068642039
6	0	2	2	3	7731.13834387483
6	0	2	3	1	7197.321797716821
6	0	2	3	2	7845.4537398552475
6	0	2	3	3	6743.248792150118
6	0	3	0	1	10870.269993975482
6	0	3	0	2	9579.766257622581
6	0	3	0	3	10059.825055842308
6	0	3	1	1	11004.426460388691
6	0	3	1	2	10035.764069043073
6	0	3	1	3	9678.731148098997
6	0	3	2	1	8633.463096065556
6	0	3	2	2	9826.456863742183
6	0	3	2	3	8325.234776682693
6	0	3	3	1	10275.205724374817
6	0	3	3	2	11296.001477336664
6	0	3	3	3	8302.747952992668
6	0	4	0	1	15563.664504151217
6	0	4	0	2	15450.795499811844
6	0	4	0	3	14323.47971982046
6	0	4	1	1	14503.576604561951
6	0	4	1	2	16018.854798790511
6	0	4	1	3	13344.839176324218
6	0	4	2	1	12196.888162988325
6	0	4	2	2	12444.1826405875
6	0	4	2	3	10252.394550670044
6	0	4	3	1	14658.539848872468
6	0	4	3	2	13508.080594036346
6	0	4	3	3	12477.070086588195
6	0	5	0	1	26423.79557037969
6	0	5	0	2	26836.11295213292
6	0	5	0	3	27913.531994019377
6	0	5	1	1	25284.203659365907
6	0	5	1	2	26162.269190243
6	0	5	1	3	24454.21892561316
6	0	5	2	1	19760.69697298581
6	0	5	2	2	20582.71690910216
6	0	5	2	3	17104.7903799101
6	0	5	3	1	23884.565958135092
6	0	5	3	2	24952.335965074693
6	0	5	3	3	25479.50850383808
6	0	6	0	1	46797.15034393288
6	0	6	0	2	45884.242186339136
6	0	6	0	3	50716.15974263749
6	0	6	1	1	36027.535336627814
6	0	6	1	2	47332.20793436027
6	0	6	1	3	48033.95525963733
6	0	6	2	1	42791.44002626995
6	0	6	2	2	37430.1989279843
6	0	6	2	3	36936.21746588954
6	0	6	3	1	47399.79745923407
6	0	6	3	2	43710.06580367185
6	0	6	3	3	56826.29451099501
6	1	0	0	1	9366.174776787893
6	1	0	0	2	7191.796327532186
6	1	0	0	3	7156.767823629828
6	1	0	1	1	6424.691844944218
6	1	0	1	2	8052.76394342337
6	1	0	1	3	6659.102945811577
6	1	0	2	1	5629.587424588076
6	1	0	2	2	7318.688574689371
6	1	0	2	3	6276.207959629806
6	1	0	3	1	7844.078304248775
6	1	0	3	2	7293.77569831252
6	1	0	3	3	6636.483203117405
6	1	1	0	1	16460.068704625082
6	1	1	0	2	14179.737748242362
6	1	1	0	3	12435.630040048693
6	1	1	1	1	13553.401826663925
6	1	1	1	2	12140.364116378341
6	1	1	1	3	9432.162361576073
6	1	1	2	1	15473.278206060764
6	1	1	2	2	11081.977687417997
6	1	1	2	3	17713.588654621522
6	1	1	3	1	14080.850738105099
6	1	1	3	2	11982.468690301452
6	1	1	3	3	14177.605189691945
6	1	2	0	1	14710.735542473687
6	1	2	0	2	15237.951809366052
6	1	2	0	3	12926.51513488901
6	1	2	1	1	17076.138348744036
6	1	2	1	2	11492.39299265607
6	1	2	1	3	8409.053793247902
6	1	2	2	1	10380.637404132805
6	1	2	2	2	10105.56263231896
6	1	2	2	3	10861.171362847885
6	1	2	3	1	10884.083196268937
6	1	2	3	2	10965.616635594024
6	1	2	3	3	6944.236159972857
6	1	3	0	1	16493.10995817719
6	1	3	0	2	15442.485972364666
6	1	3	0	3	14141.26630859979
6	1	3	1	1	15776.05049200656
6	1	3	1	2	15961.141710169846
6	1	3	1	3	11919.169483861138
6	1	3	2	1	13401.85337444099
6	1	3	2	2	13171.288168383044
6	1	3	2	3	8924.403230359174
6	1	3	3	1	15004.580682255397
6	1	3	3	2	13941.261268159928
6	1	3	3	3	11747.72547824827
6	1	4	0	1	22375.144476671307
6	1	4	0	2	19040.12473939243
6	1	4	0	3	18646.275371739503
6	1	4	1	1	17982.302157230057
6	1	4	1	2	18961.301895845754
6	1	4	1	3	17854.20911161854
6	1	4	2	1	16809.511617845517
6	1	4	2	2	17368.042247726313
6	1	4	2	3	13961.207098383413
6	1	4	3	1	23456.82462362374
6	1	4	3	2	17961.34255739622
6	1	4	3	3	14660.567584306864
6	1	5	0	1	34708.943683188925
6	1	5	0	2	28936.049000440435
6	1	5	0	3	26660.99321845735
6	1	5	1	1	30654.15305830598
6	1	5	1	2	28617.574800384307
6	1	5	1	3	28646.5388090422
6	1	5	2	1	19486.616637706637
6	1	5	2	2	20369.68896293646
6	1	5	2	3	18987.967393031853
6	1	5	3	1	33148.52237125212
6	1	5	3	2	22357.846438078755
6	1	5	3	3	29279.44738628604
6	1	6	0	1	49105.691203033726
6	1	6	0	2	46222.107588780644
6	1	6	0	3	59200.06614211759
6	1	6	1	1	39794.92655032916
6	1	6	1	2	47385.60557329835
6	1	6	1	3	61001.470856968575
6	1	6	2	1	55488.04185177986
6	1	6	2	2	37111.182476225695
6	1	6	2	3	36690.96180255545
6	1	6	3	1	45723.98176750534
6	1	6	3	2	42158.043365604564
6	1	6	3	3	47119.92055144733
6	2	0	0	1	8578.021457913117
6	2	0	0	2	6716.578469049689
6	2	0	0	3	6671.021315236918
6	2	0	1	1	6958.454123100573
6	2	0	1	2	7442.7452021735735
6	2	0	1	3	6350.256703434835
6	2	0	2	1	6118.200915444182
6	2	0	2	2	7375.643502706305
6	2	0	2	3	6123.565908496277
6	2	0	3	1	7993.004806522415
6	2	0	3	2	6875.32527265599
6	2	0	3	3	5783.778689991079
6	2	1	0	1	14771.471326533629
6	2	1	0	2	12782.193180072707
6	2	1	0	3	14378.685052893277
6	2	1	1	1	14506.095668977694
6	2	1	1	2	12213.327607375293
6	2	1	1	3	9980.004775153113
6	2	1	2	1	11991.655317066621
6	2	1	2	2	12292.255772187335
6	2	1	2	3	9978.206028988876
6	2	1	3	1	14404.110283523607
6	2	1	3	2	14841.457476134214
6	2	1	3	3	12921.23842723604
6	2	2	0	1	15746.24871765426
6	2	2	0	2	11465.490359791067
6	2	2	0	3	13816.058865116509
6	2	2	1	1	15627.72307753512
6	2	2	1	2	12800.447585996826
6	2	2	1	3	10063.975759062145
6	2	2	2	1	15687.749612092439
6	2	2	2	2	13237.666928573159
6	2	2	2	3	5610.4951643545
6	2	2	3	1	15332.100407816839
6	2	2	3	2	10749.73929874492
6	2	2	3	3	10999.372046600065
6	2	3	0	1	18793.3089113063
6	2	3	0	2	15953.785735525329
6	2	3	0	3	13490.519369640697
6	2	3	1	1	18653.633021893744
6	2	3	1	2	18739.705513332126
6	2	3	1	3	11343.374394347438
6	2	3	2	1	12052.60750171967
6	2	3	2	2	12321.933683854882
6	2	3	2	3	8581.429209258404
6	2	3	3	1	16420.941692815828
6	2	3	3	2	14667.75574878662
6	2	3	3	3	11691.537210318746
6	2	4	0	1	28201.421759194636
6	2	4	0	2	19932.026645024405
6	2	4	0	3	18341.622833185484
6	2	4	1	1	21641.264883614607
6	2	4	1	2	21167.714280023793
6	2	4	1	3	17960.98435336125
6	2	4	2	1	13226.347035018924
6	2	4	2	2	18286.988341266067
6	2	4	2	3	11071.584669663624
6	2	4	3	1	17796.709204339317
6	2	4	3	2	19548.431493343644
6	2	4	3	3	12774.088280992884
6	2	5	0	1	38149.88307568723
6	2	5	0	2	38644.314320333906
6	2	5	0	3	35445.832931794415
6	2	5	1	1	35057.77288726963
6	2	5	1	2	39115.38657319249
6	2	5	1	3	30199.10017094328
6	2	5	2	1	19327.554266513325
6	2	5	2	2	19872.489193717483
6	2	5	2	3	19845.893604537177
6	2	5	3	1	33124.659606681
6	2	5	3	2	30105.36260974285
6	2	5	3	3	24482.812115443805
6	2	6	0	1	77084.22648324509
6	2	6	0	2	54801.92679574467
6	2	6	0	3	71668.31221466255
6	2	6	1	1	49692.31037388825
6	2	6	1	2	55422.50161425603
6	2	6	1	3	84072.25791611818
6	2	6	2	1	41508.936992331954
6	2	6	2	2	34878.12500536867
6	2	6	2	3	49970.08679424054
6	2	6	3	1	48572.48493072462
6	2	6	3	2	47794.01916656253
6	2	6	3	3	42759.83052377942
6	3	0	0	1	6825.711675200035
6	3	0	0	2	8425.440358771202
6	3	0	0	3	6826.479863583234
6	3	0	1	1	8075.02222501105
6	3	0	1	2	7086.21254765259
6	3	0	1	3	6105.6373485240065
6	3	0	2	1	6283.778459259975
6	3	0	2	2	6556.586771746246
6	3	0	2	3	5158.239063769267
6	3	0	3	1	8128.78611867666
6	3	0	3	2	6852.3254527587815
6	3	0	3	3	5996.656037395862
6	3	1	0	1	16509.549865087025
6	3	1	0	2	14111.58111559236
6	3	1	0	3	11105.03847513214
6	3	1	1	1	13977.745867961858
6	3	1	1	2	14796.85364806309
6	3	1	1	3	13123.40984132982
6	3	1	2	1	15930.22965464282
6	3	1	2	2	12314.394568042193
6	3	1	2	3	10143.084770230407
6	3	1	3	1	13694.899558917366
6	3	1	3	2	12724.300427983319
6	3	1	3	3	7850.039391706936
6	3	2	0	1	20455.21904991693
6	3	2	0	2	17223.253536640077
6	3	2	0	3	11907.223118856044
6	3	2	1	1	20731.372258064956
6	3	2	1	2	15791.088605791803
6	3	2	1	3	11261.214112996036
6	3	2	2	1	14296.7055245655
6	3	2	2	2	9570.160329172058
6	3	2	2	3	8719.2337553018
6	3	2	3	1	15576.110836344738
6	3	2	3	2	11442.813252538745
6	3	2	3	3	10098.685269999834
6	3	3	0	1	32460.19114776852
6	3	3	0	2	23100.058361397452
6	3	3	0	3	14549.174310675371
6	3	3	1	1	22739.8207136724
6	3	3	1	2	24117.534794270076
6	3	3	1	3	17173.908755452987
6	3	3	2	1	14965.400843305926
6	3	3	2	2	14209.429775093642
6	3	3	2	3	9503.663915315472
6	3	3	3	1	20217.431960420035
6	3	3	3	2	14214.352563309421
6	3	3	3	3	13376.600367654515
6	3	4	0	1	35118.22269730467
6	3	4	0	2	39841.107403227536
6	3	4	0	3	23873.51729585924
6	3	4	1	1	51059.519895711644
6	3	4	1	2	34319.852998205046
6	3	4	1	3	26195.330537275942
6	3	4	2	1	18529.40543274663
6	3	4	2	2	16866.08774155972
6	3	4	2	3	13560.168694812994
6	3	4	3	1	33591.38203379964
6	3	4	3	2	19795.992014395957
6	3	4	3	3	19236.745939582754
6	3	5	0	1	73842.25390412114
6	3	5	0	2	58303.84288465059
6	3	5	0	3	45350.92157446504
6	3	5	1	1	78259.22206018772
6	3	5	1	2	69264.92522930284
6	3	5	1	3	54829.71599850543
6	3	5	2	1	23097.17899358542
6	3	5	2	2	21121.99535666614
6	3	5	2	3	22033.04654880983
6	3	5	3	1	42051.622001689204
6	3	5	3	2	31263.48528908565
6	3	5	3	3	31559.702996174317
6	3	6	0	1	124241.47054785266
6	3	6	0	2	104377.45519495339
6	3	6	0	3	98349.29630336122
6	3	6	1	1	87723.09723917948
6	3	6	1	2	130600.17201577002
6	3	6	1	3	108223.49895511969
6	3	6	2	1	41560.7399827054
6	3	6	2	2	32358.437101632317
6	3	6	2	3	36986.41183619782
6	3	6	3	1	64620.11976204153
6	3	6	3	2	72957.01873705114
6	3	6	3	3	55870.653130872
6	4	0	0	1	7748.874595976215
6	4	0	0	2	7548.772338997058
6	4	0	0	3	7524.98869178307
6	4	0	1	1	8028.7640555688795
6	4	0	1	2	7783.231372337126
6	4	0	1	3	6167.25141516041
6	4	0	2	1	6281.014349236554
6	4	0	2	2	6553.928876700167
6	4	0	2	3	5359.7275656303045
6	4	0	3	1	6819.34766911886
6	4	0	3	2	7544.1228796224
6	4	0	3	3	6762.641631545219
6	4	1	0	1	18972.12625693476
6	4	1	0	2	18777.799437327434
6	4	1	0	3	19080.18462908613
6	4	1	1	1	23571.735287354437
6	4	1	1	2	15531.742609982035
6	4	1	1	3	14193.380508263508
6	4	1	2	1	15520.34515845968
6	4	1	2	2	10676.477258827093
6	4	1	2	3	7635.054973627083
6	4	1	3	1	16810.24685653014
6	4	1	3	2	13871.122866045676
6	4	1	3	3	11218.557953766127
6	4	2	0	1	33669.60081586889
6	4	2	0	2	27732.56568443754
6	4	2	0	3	20549.062924965976
6	4	2	1	1	38461.88884791829
6	4	2	1	2	17961.975588281493
6	4	2	1	3	24726.786940624625
6	4	2	2	1	11587.208378191828
6	4	2	2	2	11733.797231751632
6	4	2	2	3	12074.191975942364
6	4	2	3	1	23508.65882745175
6	4	2	3	2	14002.844417156051
6	4	2	3	3	14489.704610328305
6	4	3	0	1	67788.29909945697
6	4	3	0	2	44609.88874202518
6	4	3	0	3	40346.85327330456
6	4	3	1	1	79385.23658108016
6	4	3	1	2	58215.067423391454
6	4	3	1	3	38686.93610226235
6	4	3	2	1	14850.961818943968
6	4	3	2	2	18142.23730550563
6	4	3	2	3	9785.313286946403
6	4	3	3	1	36050.46889416367
6	4	3	3	2	25712.110982476195
6	4	3	3	3	23267.22624913763
6	4	4	0	1	151071.94915654173
6	4	4	0	2	89412.71747185227
6	4	4	0	3	64156.91713525178
6	4	4	1	1	147681.76595011863
6	4	4	1	2	117192.61648259535
6	4	4	1	3	77347.78772201957
6	4	4	2	1	22850.379768993327
6	4	4	2	2	23700.891094497456
6	4	4	2	3	14501.955429700143
6	4	4	3	1	72714.19485932066
6	4	4	3	2	45892.952649601604
6	4	4	3	3	34759.4523830038
6	4	5	0	1	307876.6336727621
6	4	5	0	2	224698.80894852232
6	4	5	0	3	153851.50519252112
6	4	5	1	1	418459.0623330642
6	4	5	1	2	311656.620798105
6	4	5	1	3	204554.675792273
6	4	5	2	1	36121.58764911551
6	4	5	2	2	32639.180069122274
6	4	5	2	3	21867.811063486006
6	4	5	3	1	127001.12544793605
6	4	5	3	2	80461.25170158544
6	4	5	3	3	60805.786948819645
6	4	6	0	1	386741.55977607856
6	4	6	0	2	360077.12258773745
6	4	6	0	3	282172.4673859206
6	4	6	1	1	513892.6360535777
6	4	6	1	2	534646.4858597034
6	4	6	1	3	302586.78033536905
6	4	6	2	1	44674.63642691137
6	4	6	2	2	42113.82279691902
6	4	6	2	3	33642.13102055028
6	4	6	3	1	216110.3675364666
6	4	6	3	2	114309.43144128777
6	4	6	3	3	110755.67054231741
6	5	0	0	1	9727.412276106887
6	5	0	0	2	8176.522024407207
6	5	0	0	3	7694.723757129839
6	5	0	1	1	9282.70107990293
6	5	0	1	2	8323.381818078671
6	5	0	1	3	7839.461751383308
6	5	0	2	1	6114.481725232929
6	5	0	2	2	6592.199088846655
6	5	0	2	3	5810.013217702137
6	5	0	3	1	7625.209056621745
6	5	0	3	2	7479.3552075352545
6	5	0	3	3	6326.597037594293
6	5	1	0	1	41166.74334826746
6	5	1	0	2	18127.813692923315
6	5	1	0	3	19583.065593548374
6	5	1	1	1	33452.9839319216
6	5	1	1	2	22149.28468455114
6	5	1	1	3	17654.17636911429
6	5	1	2	1	13452.47276989226
6	5	1	2	2	12689.462119616277
6	5	1	2	3	12305.14285691358
6	5	1	3	1	24592.467470227002
6	5	1	3	2	17304.583837943017
6	5	1	3	3	19488.177800547342
6	5	2	0	1	79231.38995826543
6	5	2	0	2	39621.85291478706
6	5	2	0	3	72769.61750452856
6	5	2	1	1	115632.40380004555
6	5	2	1	2	61376.76922683202
6	5	2	1	3	72325.20092139018
6	5	2	2	1	37200.44060378903
6	5	2	2	2	14301.390365328954
6	5	2	2	3	13330.07497949991
6	5	2	3	1	59094.0401466508
6	5	2	3	2	24313.065295921435
6	5	2	3	3	27557.046212969388
6	5	3	0	1	239431.94197818244
6	5	3	0	2	143166.09104982988
6	5	3	0	3	98427.89178357238
6	5	3	1	1	269627.95191597525
6	5	3	1	2	188163.65362104884
6	5	3	1	3	165814.84910901784
6	5	3	2	1	24636.07933379474
6	5	3	2	2	25840.438307743687
6	5	3	2	3	16154.07427936361
6	5	3	3	1	102458.42618700472
6	5	3	3	2	87763.4598751788
6	5	3	3	3	56688.62052013671
6	5	4	0	1	537062.7810980878
6	5	4	0	2	428076.541311583
6	5	4	0	3	277522.09047852113
6	5	4	1	1	605412.6949714005
6	5	4	1	2	496649.62913535326
6	5	4	1	3	381167.1033266703
6	5	4	2	1	39633.274038765616
6	5	4	2	2	35596.15027468773
6	5	4	2	3	22237.740819024606
6	5	4	3	1	277196.7625637354
6	5	4	3	2	190539.02806089693
6	5	4	3	3	146720.4101226878
6	5	5	0	1	1390139.4501347714
6	5	5	0	2	1330097.0715499828
6	5	5	0	3	892092.7035701543
6	5	5	1	1	1553702.9323848612
6	5	5	1	2	1402064.7336594178
6	5	5	1	3	1010909.4355842682
6	5	5	2	1	64939.59937198182
6	5	5	2	2	67289.28779649378
6	5	5	2	3	39279.49098415353
6	5	5	3	1	725025.7010033815
6	5	5	3	2	397499.55634243245
6	5	5	3	3	370187.70481150306
6	5	6	0	1	2353553.3500664057
6	5	6	0	2	2094710.2792891266
6	5	6	0	3	2263065.741143809
6	5	6	1	1	2336659.284629125
6	5	6	1	2	2745887.1947373906
6	5	6	1	3	2536385.167506997
6	5	6	2	1	111532.49159097871
6	5	6	2	2	99825.8985179519
6	5	6	2	3	88972.8900366539
6	5	6	3	1	959116.0157038302
6	5	6	3	2	618355.656586305
6	5	6	3	3	571860.8951468143
6	6	0	0	1	11468.310884994911
6	6	0	0	2	11218.621565496916
6	6	0	0	3	18399.4004564445
6	6	0	1	1	14936.178529673365
6	6	0	1	2	10590.056957241557
6	6	0	1	3	9300.781971188357
6	6	0	2	1	8062.815627104141
6	6	0	2	2	6558.871045318216
6	6	0	2	3	5247.948329306522
6	6	0	3	1	11951.565763644534
6	6	0	3	2	8409.309010564124
6	6	0	3	3	8826.756636869677
6	6	1	0	1	47486.32573029703
6	6	1	0	2	25519.1320186305
6	6	1	0	3	35600.05232904966
6	6	1	1	1	43435.297108170605
6	6	1	1	2	27613.17949115397
6	6	1	1	3	53437.251971410595
6	6	1	2	1	18630.767113689748
6	6	1	2	2	14374.295511722268
6	6	1	2	3	9393.116180033234
6	6	1	3	1	40299.854166571036
6	6	1	3	2	16871.78402046387
6	6	1	3	3	25996.133732549853
6	6	2	0	1	207355.78557027943
6	6	2	0	2	151067.20312147905
6	6	2	0	3	225121.44133141811
6	6	2	1	1	211287.18583064177
6	6	2	1	2	97094.16191762446
6	6	2	1	3	165923.81409537443
6	6	2	2	1	84777.64861609788
6	6	2	2	2	32150.423015406068
6	6	2	2	3	11879.434721441463
6	6	2	3	1	126596.47557994968
6	6	2	3	2	66408.31300314674
6	6	2	3	3	159276.34509110206
6	6	3	0	1	402116.7144381334
6	6	3	0	2	379264.40357435914
6	6	3	0	3	402890.8866850938
6	6	3	1	1	572656.9426421226
6	6	3	1	2	543521.1255388588
6	6	3	1	3	303786.0545708012
6	6	3	2	1	75546.11887359431
6	6	3	2	2	36287.88755100032
6	6	3	2	3	29406.210381190795
6	6	3	3	1	306567.76566673676
6	6	3	3	2	337125.71819813334
6	6	3	3	3	269425.19493850606
6	6	4	0	1	1409168.7688015178
6	6	4	0	2	1051729.4125850194
6	6	4	0	3	992086.1087591915
6	6	4	1	1	1393863.8814394125
6	6	4	1	2	1326155.8020553428
6	6	4	1	3	1320974.9364488046
6	6	4	2	1	135596.441139225
6	6	4	2	2	88801.6106077182
6	6	4	2	3	65937.22411638069
6	6	4	3	1	930501.6710241259
6	6	4	3	2	774276.4943803608
6	6	4	3	3	481780.79398020316
6	6	5	0	1	3807935.072567573
6	6	5	0	2	4206458.889868637
6	6	5	0	3	2759696.7446642574
6	6	5	1	1	4302684.794952052
6	6	5	1	2	3891833.5949774114
6	6	5	1	3	3027928.025913232
6	6	5	2	1	367401.452190397
6	6	5	2	2	247446.53620475804
6	6	5	2	3	148389.84286353443
6	6	5	3	1	2595371.648656913
6	6	5	3	2	1945694.9188846094
6	6	5	3	3	1432502.676620809
6	6	6	0	1	9785051.558853354
6	6	6	0	2	8209884.379493939
6	6	6	0	3	6135512.086538539
6	6	6	1	1	8150840.889445537
6	6	6	1	2	9781257.908316879
6	6	6	1	3	8259288.572012223
6	6	6	2	1	479694.3728109888
6	6	6	2	2	615733.8428213004
6	6	6	2	3	331875.33350881614
6	6	6	3	1	5089871.068698956
6	6	6	3	2	4168889.4886552095
6	6	6	3	3	3049990.14243664
