input_axis_1_index	input_axis_2_index	signal_bin_index	output_channel_index	replicate_id	response_value
0	0	0	0	1	7172.112915175738
0	0	0	0	2	5691.723533232238
0	0	0	0	3	6360.684341883178
0	0	0	1	1	11599.182018251107
0	0	0	1	2	8475.05557760732
0	0	0	1	3	10556.142440313064
0	0	0	2	1	10429.496340795919
0	0	0	2	2	7417.787322643434
0	0	0	2	3	8645.467401952075
0	0	0	3	1	11624.72774702684
0	0	0	3	2	8151.177567138321
0	0	0	3	3	9757.213501688355
0	0	0	4	1	17194.12781666994
0	0	0	4	2	11157.576468863524
0	0	0	4	3	13509.919036836338
0	0	0	5	1	34692.723505237045
0	0	0	5	2	25764.736230598217
0	0	0	5	3	28527.97554312624
0	0	0	6	1	171677.053169608
0	0	0	6	2	168016.94297739776
0	0	0	6	3	114638.60191375847
0	0	1	0	1	6673.021324393221
0	0	1	0	2	4668.960369996705
0	0	1	0	3	5800.0169116889665
0	0	1	1	1	10527.160456038344
0	0	1	1	2	6719.102629176447
0	0	1	1	3	10015.996005953724
0	0	1	2	1	9387.97537232166
0	0	1	2	2	5867.323055584946
0	0	1	2	3	8097.930368926275
0	0	1	3	1	10915.753621633368
0	0	1	3	2	6737.010200656709
0	0	1	3	3	9120.12870292594
0	0	1	4	1	14927.210098961285
0	0	1	4	2	9881.091311262871
0	0	1	4	3	12780.576552448376
0	0	1	5	1	31528.434749497264
0	0	1	5	2	24019.349508906733
0	0	1	5	3	26994.187598751705
0	0	1	6	1	168875.2791345513
0	0	1	6	2	156403.0577240198
0	0	1	6	3	118444.90167313002
0	0	2	0	1	6412.9780922452
0	0	2	0	2	4906.027575144231
0	0	2	0	3	6066.027381328623
0	0	2	1	1	10312.146814501615
0	0	2	1	2	6737.038698006463
0	0	2	1	3	10327.359084293414
0	0	2	2	1	9153.396235015127
0	0	2	2	2	6275.250695495528
0	0	2	2	3	8335.523110712953
0	0	2	3	1	10592.587634112566
0	0	2	3	2	7209.799379367897
0	0	2	3	3	9679.372539162101
0	0	2	4	1	15249.459862194773
0	0	2	4	2	10476.192973342968
0	0	2	4	3	13728.285145395115
0	0	2	5	1	30294.213130706878
0	0	2	5	2	26273.159515259482
0	0	2	5	3	27475.29734100256
0	0	2	6	1	158015.06836369407
0	0	2	6	2	162637.01233630587
0	0	2	6	3	127932.26804711415
0	0	3	0	1	7466.815024839079
0	0	3	0	2	4904.337114906619
0	0	3	0	3	6078.637638006059
0	0	3	1	1	12466.490488257314
0	0	3	1	2	6975.3417267175355
0	0	3	1	3	9770.175555528735
0	0	3	2	1	10648.651856036764
0	0	3	2	2	6320.913015268427
0	0	3	2	3	8319.906228629676
0	0	3	3	1	11997.694444429257
0	0	3	3	2	7343.553931574816
0	0	3	3	3	9379.01483905442
0	0	3	4	1	16452.571197202946
0	0	3	4	2	10489.89382090146
0	0	3	4	3	13015.595890496852
0	0	3	5	1	39597.82047445186
0	0	3	5	2	24596.788669125017
0	0	3	5	3	27056.91248796967
0	0	3	6	1	187720.61907797147
0	0	3	6	2	130325.5604765115
0	0	3	6	3	124659.4392544322
0	0	4	0	1	6386.442049738878
0	0	4	0	2	4928.358727256069
0	0	4	0	3	6045.895394282579
0	0	4	1	1	10542.018348829262
0	0	4	1	2	6982.533105026202
0	0	4	1	3	10224.572325096366
0	0	4	2	1	9136.59803569557
0	0	4	2	2	6362.844674150378
0	0	4	2	3	8362.35005605824
0	0	4	3	1	10353.844493966964
0	0	4	3	2	7219.757951973121
0	0	4	3	3	9497.85711276469
0	0	4	4	1	15153.25016452326
0	0	4	4	2	10546.17048233484
0	0	4	4	3	13712.661612621558
0	0	4	5	1	32558.55369078467
0	0	4	5	2	25207.73183242958
0	0	4	5	3	27737.741311669277
0	0	4	6	1	159299.17438681217
0	0	4	6	2	145799.22939954157
0	0	4	6	3	121698.9905503252
0	0	5	0	1	6677.3494863194455
0	0	5	0	2	4923.710542393861
0	0	5	0	3	6063.146448125567
0	0	5	1	1	11599.39075879416
0	0	5	1	2	6962.033874382125
0	0	5	1	3	10282.915379049324
0	0	5	2	1	9394.267967091522
0	0	5	2	2	6290.092518136892
0	0	5	2	3	8548.33527833651
0	0	5	3	1	11011.156652725547
0	0	5	3	2	7128.098933280514
0	0	5	3	3	9453.740588012723
0	0	5	4	1	15735.208034876188
0	0	5	4	2	10634.931916165282
0	0	5	4	3	13154.5794989976
0	0	5	5	1	34250.71916303232
0	0	5	5	2	24816.72514704521
0	0	5	5	3	27216.211089312783
0	0	5	6	1	165886.723964104
0	0	5	6	2	137098.5574454891
0	0	5	6	3	127429.78970932456
0	0	6	0	1	7709.229370402263
0	0	6	0	2	4943.8752672392875
0	0	6	0	3	6072.474947687137
0	0	6	1	1	12727.778494399376
0	0	6	1	2	7470.7547507596855
0	0	6	1	3	10027.491940010455
0	0	6	2	1	10686.53339078177
0	0	6	2	2	6395.011323677459
0	0	6	2	3	8399.477784938577
0	0	6	3	1	11953.841374004407
0	0	6	3	2	7281.332847769044
0	0	6	3	3	9451.008139227662
0	0	6	4	1	18114.74698151351
0	0	6	4	2	10511.15689507462
0	0	6	4	3	12894.68565636786
0	0	6	5	1	39049.43744425872
0	0	6	5	2	25708.955590292855
0	0	6	5	3	26191.74331726255
0	0	6	6	1	157660.80492911194
0	0	6	6	2	136487.67779951016
0	0	6	6	3	112107.97315352791
0	0	7	0	1	6673.948784138353
0	0	7	0	2	5154.6225381648155
0	0	7	0	3	6064.593640449204
0	0	7	1	1	11285.168341646035
0	0	7	1	2	7247.096033021544
0	0	7	1	3	10782.28515656478
0	0	7	2	1	9417.455378639894
0	0	7	2	2	6536.6159502829505
0	0	7	2	3	8495.252115254396
0	0	7	3	1	11057.815698822244
0	0	7	3	2	7413.091560716273
0	0	7	3	3	9531.81218293518
0	0	7	4	1	15462.093227561525
0	0	7	4	2	10333.469684407737
0	0	7	4	3	13554.639750612712
0	0	7	5	1	33306.00058366619
0	0	7	5	2	24126.911867168143
0	0	7	5	3	27866.140694627884
0	0	7	6	1	142105.08791187336
0	0	7	6	2	143559.42539376882
0	0	7	6	3	122834.54201652114
0	1	0	0	1	8715.098009772993
0	1	0	0	2	6971.2336531416795
0	1	0	0	3	7872.028840958299
0	1	0	1	1	13904.502420296565
0	1	0	1	2	10581.69841590465
0	1	0	1	3	14991.484328425711
0	1	0	2	1	12498.56478461336
0	1	0	2	2	9170.836161979705
0	1	0	2	3	10778.33716268925
0	1	0	3	1	14629.887720715764
0	1	0	3	2	9888.662584213449
0	1	0	3	3	12066.497468317119
0	1	0	4	1	20331.213243345806
0	1	0	4	2	13035.363118850255
0	1	0	4	3	15665.364586814174
0	1	0	5	1	35078.56325843054
0	1	0	5	2	24267.200200590836
0	1	0	5	3	27960.747448050675
0	1	0	6	1	100047.9077242129
0	1	0	6	2	154865.90854918442
0	1	0	6	3	109119.74491934973
0	1	1	0	1	7378.584914974202
0	1	1	0	2	5650.31352030851
0	1	1	0	3	7309.506601710373
0	1	1	1	1	12538.220989321382
0	1	1	1	2	8980.4101944533
0	1	1	1	3	13170.367254182805
0	1	1	2	1	12376.576881759633
0	1	1	2	2	6969.436175761164
0	1	1	2	3	10725.020058898619
0	1	1	3	1	14153.36375785479
0	1	1	3	2	8427.610105795686
0	1	1	3	3	10735.099220847198
0	1	1	4	1	19070.594625804624
0	1	1	4	2	10759.846904027418
0	1	1	4	3	14662.975936380615
0	1	1	5	1	30929.32392357043
0	1	1	5	2	21527.86677509337
0	1	1	5	3	26951.621824965405
0	1	1	6	1	150745.53967989658
0	1	1	6	2	119312.76285724794
0	1	1	6	3	89340.48876013885
0	1	2	0	1	7963.895297605286
0	1	2	0	2	5947.237032808876
0	1	2	0	3	7654.418456489272
0	1	2	1	1	13613.560238360826
0	1	2	1	2	8526.050545807508
0	1	2	1	3	15008.11178033098
0	1	2	2	1	11739.960097888466
0	1	2	2	2	8154.94317083138
0	1	2	2	3	11422.393900706576
0	1	2	3	1	13519.307343477465
0	1	2	3	2	8562.344654185286
0	1	2	3	3	12587.864617177494
0	1	2	4	1	17800.74142994375
0	1	2	4	2	11238.144369592173
0	1	2	4	3	16561.735829610756
0	1	2	5	1	31548.224448955953
0	1	2	5	2	20450.629713817267
0	1	2	5	3	27555.244104418576
0	1	2	6	1	82064.44022696363
0	1	2	6	2	91957.522132407
0	1	2	6	3	86094.86877704473
0	1	3	0	1	9511.053045736506
0	1	3	0	2	5940.004218113351
0	1	3	0	3	7883.539668854617
0	1	3	1	1	15934.150389380171
0	1	3	1	2	8981.406415385904
0	1	3	1	3	13929.102868332859
0	1	3	2	1	13479.366363602265
0	1	3	2	2	8182.8095682471885
0	1	3	2	3	11190.834870517778
0	1	3	3	1	15552.113955107274
0	1	3	3	2	8785.688069010788
0	1	3	3	3	11312.455460589674
0	1	3	4	1	20854.062802736684
0	1	3	4	2	11818.239025112392
0	1	3	4	3	14925.203159766068
0	1	3	5	1	36017.50818209701
0	1	3	5	2	23116.54399565186
0	1	3	5	3	24794.923663037705
0	1	3	6	1	111313.76761255658
0	1	3	6	2	133668.17577026488
0	1	3	6	3	82328.33443977073
0	1	4	0	1	8183.094797907534
0	1	4	0	2	5919.892271120003
0	1	4	0	3	7896.097522894124
0	1	4	1	1	14922.179042549673
0	1	4	1	2	9250.84596983749
0	1	4	1	3	14778.538071045303
0	1	4	2	1	11942.467782473812
0	1	4	2	2	8110.634023758547
0	1	4	2	3	11235.778146626975
0	1	4	3	1	13776.154513241394
0	1	4	3	2	8502.417728942533
0	1	4	3	3	11705.63241111024
0	1	4	4	1	18838.945789784102
0	1	4	4	2	10951.762733885324
0	1	4	4	3	14969.838961282192
0	1	4	5	1	35391.72180405256
0	1	4	5	2	22008.432336554277
0	1	4	5	3	26093.205185711387
0	1	4	6	1	122027.92785159513
0	1	4	6	2	89687.39648427327
0	1	4	6	3	71317.14879487643
0	1	5	0	1	8229.207133795107
0	1	5	0	2	5912.182405991985
0	1	5	0	3	7894.793839001348
0	1	5	1	1	16454.905629961642
0	1	5	1	2	9271.210733751303
0	1	5	1	3	14774.554786436975
0	1	5	2	1	13208.000234754581
0	1	5	2	2	7579.875726672585
0	1	5	2	3	11676.50444917116
0	1	5	3	1	15221.108338467115
0	1	5	3	2	8647.353390562257
0	1	5	3	3	11818.625953666871
0	1	5	4	1	21186.376851405817
0	1	5	4	2	11967.695158670533
0	1	5	4	3	16587.31899408259
0	1	5	5	1	36390.25398025171
0	1	5	5	2	24345.51168375455
0	1	5	5	3	27305.182644291446
0	1	5	6	1	89287.76197270508
0	1	5	6	2	137962.8946981041
0	1	5	6	3	85915.06615763961
0	1	6	0	1	9785.371698539344
0	1	6	0	2	5926.163752100696
0	1	6	0	3	7905.18134888588
0	1	6	1	1	16477.19480096569
0	1	6	1	2	9508.048463540534
0	1	6	1	3	15843.120340503725
0	1	6	2	1	16127.156824563739
0	1	6	2	2	7948.63963648593
0	1	6	2	3	10980.109274489627
0	1	6	3	1	16608.865925349535
0	1	6	3	2	8065.471151161149
0	1	6	3	3	11604.853248057741
0	1	6	4	1	22023.525322099955
0	1	6	4	2	11311.446514040194
0	1	6	4	3	14459.311210238764
0	1	6	5	1	37237.638697475624
0	1	6	5	2	22262.011889209174
0	1	6	5	3	27772.566397900202
0	1	6	6	1	121722.38542258501
0	1	6	6	2	100407.83976478475
0	1	6	6	3	73799.53536134369
0	1	7	0	1	8971.412672879198
0	1	7	0	2	6230.053659086334
0	1	7	0	3	7854.30768716683
0	1	7	1	1	16510.073056324138
0	1	7	1	2	9020.163835826183
0	1	7	1	3	16120.103908866593
0	1	7	2	1	12878.869797850646
0	1	7	2	2	8104.297075612522
0	1	7	2	3	11770.816416220629
0	1	7	3	1	14274.703675692237
0	1	7	3	2	9304.63430435452
0	1	7	3	3	12291.93851583131
0	1	7	4	1	20441.226448236208
0	1	7	4	2	11556.643875398175
0	1	7	4	3	15373.375937787978
0	1	7	5	1	35732.9382768635
0	1	7	5	2	21305.753330852767
0	1	7	5	3	27728.058999309746
0	1	7	6	1	97008.85898802306
0	1	7	6	2	75958.3725404828
0	1	7	6	3	84810.19009766927
0	2	0	0	1	7864.939672186332
0	2	0	0	2	6650.069734247416
0	2	0	0	3	7321.989309533234
0	2	0	1	1	13010.489558433936
0	2	0	1	2	9971.236186773693
0	2	0	1	3	11826.39357488499
0	2	0	2	1	11242.422463210862
0	2	0	2	2	9655.057958353851
0	2	0	2	3	11821.83225251996
0	2	0	3	1	12637.153794666156
0	2	0	3	2	9669.829520289786
0	2	0	3	3	10906.049286014357
0	2	0	4	1	16802.74343908111
0	2	0	4	2	12121.642064243433
0	2	0	4	3	15218.812840332885
0	2	0	5	1	34549.85675526945
0	2	0	5	2	25691.037783130436
0	2	0	5	3	25396.712387595086
0	2	0	6	1	114726.45003888234
0	2	0	6	2	120208.17152326847
0	2	0	6	3	73880.01670277888
0	2	1	0	1	7597.288724204501
0	2	1	0	2	5628.14453214544
0	2	1	0	3	6753.201856593798
0	2	1	1	1	14368.872331230317
0	2	1	1	2	9413.883481630952
0	2	1	1	3	11773.636886037673
0	2	1	2	1	10784.075613807265
0	2	1	2	2	8096.7580098414
0	2	1	2	3	10397.10869876332
0	2	1	3	1	13167.623379992583
0	2	1	3	2	8297.32623875439
0	2	1	3	3	11165.685433434597
0	2	1	4	1	17549.962520142
0	2	1	4	2	10959.783172512847
0	2	1	4	3	15504.84412588471
0	2	1	5	1	31498.8482861378
0	2	1	5	2	21458.741540350275
0	2	1	5	3	25512.53445851564
0	2	1	6	1	93546.42591384462
0	2	1	6	2	84620.19965728292
0	2	1	6	3	104952.23999427666
0	2	2	0	1	7626.5030108683195
0	2	2	0	2	6050.82767801969
0	2	2	0	3	7769.476520021317
0	2	2	1	1	13978.827236605235
0	2	2	1	2	9433.80132689227
0	2	2	1	3	14952.900884693341
0	2	2	2	1	12417.414863741918
0	2	2	2	2	7566.667296050515
0	2	2	2	3	11093.617910825447
0	2	2	3	1	13172.1111423859
0	2	2	3	2	8432.53041531834
0	2	2	3	3	12097.267371875956
0	2	2	4	1	18275.913782921787
0	2	2	4	2	11408.149443879456
0	2	2	4	3	14225.036553310858
0	2	2	5	1	29186.53630027637
0	2	2	5	2	21125.134385414865
0	2	2	5	3	23851.224746657033
0	2	2	6	1	84519.18749131818
0	2	2	6	2	98055.05880687687
0	2	2	6	3	78589.08533474461
0	2	3	0	1	9462.205538393282
0	2	3	0	2	5889.845083714079
0	2	3	0	3	7734.770605570314
0	2	3	1	1	15213.63505115786
0	2	3	1	2	9149.183031615667
0	2	3	1	3	13295.383332835328
0	2	3	2	1	13762.602608309791
0	2	3	2	2	7910.156935753508
0	2	3	2	3	10667.436528047001
0	2	3	3	1	15771.068497148397
0	2	3	3	2	8781.87308240656
0	2	3	3	3	11277.03830766933
0	2	3	4	1	21416.769833966348
0	2	3	4	2	11886.81599550931
0	2	3	4	3	14821.23457242025
0	2	3	5	1	35342.11004398632
0	2	3	5	2	20708.423327950954
0	2	3	5	3	25428.15323518141
0	2	3	6	1	73440.04989555679
0	2	3	6	2	80857.45260311119
0	2	3	6	3	78498.6510401761
0	2	4	0	1	7580.6213027977665
0	2	4	0	2	6042.79948968465
0	2	4	0	3	7811.2597695270615
0	2	4	1	1	15171.94343117709
0	2	4	1	2	8872.66477168857
0	2	4	1	3	13884.638151194684
0	2	4	2	1	13385.150318213546
0	2	4	2	2	7813.856627860908
0	2	4	2	3	11152.893572111665
0	2	4	3	1	13045.473634718797
0	2	4	3	2	8555.881797663387
0	2	4	3	3	12672.644470154892
0	2	4	4	1	16385.18291491725
0	2	4	4	2	10859.715851692063
0	2	4	4	3	14990.82330178142
0	2	4	5	1	28945.212290658576
0	2	4	5	2	20985.111998860353
0	2	4	5	3	26447.67663531923
0	2	4	6	1	88260.98696862705
0	2	4	6	2	74458.15204094074
0	2	4	6	3	69937.84898335012
0	2	5	0	1	8583.68811423628
0	2	5	0	2	6072.524392697248
0	2	5	0	3	7490.226474474327
0	2	5	1	1	15754.009784569644
0	2	5	1	2	8626.286112368663
0	2	5	1	3	15666.602993554716
0	2	5	2	1	12477.272092391057
0	2	5	2	2	7430.2919032773825
0	2	5	2	3	10792.151550415192
0	2	5	3	1	14903.08035899093
0	2	5	3	2	8676.622185078038
0	2	5	3	3	12974.727210433395
0	2	5	4	1	19659.00424349623
0	2	5	4	2	11033.635732095745
0	2	5	4	3	15423.367821238466
0	2	5	5	1	32387.559279305933
0	2	5	5	2	21156.051191508202
0	2	5	5	3	26798.335247927927
0	2	5	6	1	113184.39766192215
0	2	5	6	2	74091.04905021837
0	2	5	6	3	82127.74439522167
0	2	6	0	1	9968.919779339427
0	2	6	0	2	6279.7854319125045
0	2	6	0	3	7827.489444937811
0	2	6	1	1	15904.215072629424
0	2	6	1	2	9999.944042010095
0	2	6	1	3	13904.540801206485
0	2	6	2	1	15615.314990932558
0	2	6	2	2	8316.01949873833
0	2	6	2	3	10650.343655723706
0	2	6	3	1	17885.509120100534
0	2	6	3	2	8825.466227018369
0	2	6	3	3	11834.150210969978
0	2	6	4	1	20483.062021761954
0	2	6	4	2	11709.274600495939
0	2	6	4	3	14848.275139193274
0	2	6	5	1	33637.460169098005
0	2	6	5	2	22389.587495048727
0	2	6	5	3	25971.307154706366
0	2	6	6	1	95976.31920338748
0	2	6	6	2	83945.57067392922
0	2	6	6	3	66759.99069549705
0	2	7	0	1	8297.461288548386
0	2	7	0	2	6098.01123223076
0	2	7	0	3	7797.217473793307
0	2	7	1	1	17185.950712227183
0	2	7	1	2	9150.572551470308
0	2	7	1	3	15969.466781547739
0	2	7	2	1	13417.263921844315
0	2	7	2	2	7565.167846661037
0	2	7	2	3	10830.742207094674
0	2	7	3	1	14081.386485995094
0	2	7	3	2	8133.025549504168
0	2	7	3	3	12162.02501528114
0	2	7	4	1	17763.7946283564
0	2	7	4	2	11793.587487192613
0	2	7	4	3	15685.245640078032
0	2	7	5	1	30857.555601560955
0	2	7	5	2	22067.93629736272
0	2	7	5	3	25625.381770287982
0	2	7	6	1	96275.45248012808
0	2	7	6	2	91992.20455867567
0	2	7	6	3	66495.65948454007
0	3	0	0	1	7875.70269652869
0	3	0	0	2	7020.78130321963
0	3	0	0	3	7675.906465034522
0	3	0	1	1	15994.277586868642
0	3	0	1	2	11666.160942037213
0	3	0	1	3	12905.708936303889
0	3	0	2	1	14371.912327848087
0	3	0	2	2	10003.931746650287
0	3	0	2	3	11468.10120078346
0	3	0	3	1	14274.10661881824
0	3	0	3	2	11125.356984537688
0	3	0	3	3	11907.2661089524
0	3	0	4	1	17499.034877645474
0	3	0	4	2	14088.926281684475
0	3	0	4	3	14385.621412370216
0	3	0	5	1	29915.364627276846
0	3	0	5	2	27940.753355206267
0	3	0	5	3	26293.08760501991
0	3	0	6	1	78067.7114381658
0	3	0	6	2	104030.3443863111
0	3	0	6	3	72572.81432040464
0	3	1	0	1	7228.494755184773
0	3	1	0	2	5691.092070927651
0	3	1	0	3	7354.265809480067
0	3	1	1	1	14159.315157324374
0	3	1	1	2	8780.904324839834
0	3	1	1	3	14246.016476272303
0	3	1	2	1	11408.955741320277
0	3	1	2	2	8665.565963577019
0	3	1	2	3	10587.023379996506
0	3	1	3	1	13186.801974160373
0	3	1	3	2	9476.450736744218
0	3	1	3	3	12770.072912582162
0	3	1	4	1	18247.479025262743
0	3	1	4	2	11523.668263761198
0	3	1	4	3	15535.710486355894
0	3	1	5	1	30667.274272475788
0	3	1	5	2	22451.43963894275
0	3	1	5	3	23896.823975052266
0	3	1	6	1	85408.84193764631
0	3	1	6	2	89719.92376974205
0	3	1	6	3	69675.6197834578
0	3	2	0	1	7362.344966061841
0	3	2	0	2	6125.200135146123
0	3	2	0	3	7930.260865101078
0	3	2	1	1	19484.520080197475
0	3	2	1	2	9337.11693703081
0	3	2	1	3	15409.904698184693
0	3	2	2	1	12073.43553830697
0	3	2	2	2	7909.614657102471
0	3	2	2	3	12903.720206885757
0	3	2	3	1	13995.589768294834
0	3	2	3	2	9057.676252791296
0	3	2	3	3	12674.252744989059
0	3	2	4	1	18630.275411374394
0	3	2	4	2	12139.939506718425
0	3	2	4	3	16469.878395861655
0	3	2	5	1	28931.927725708927
0	3	2	5	2	22635.797514205944
0	3	2	5	3	28245.413888241445
0	3	2	6	1	76535.97937978077
0	3	2	6	2	73135.50422622237
0	3	2	6	3	67441.30781280596
0	3	3	0	1	10354.053885181005
0	3	3	0	2	5903.631510054096
0	3	3	0	3	7883.884692454389
0	3	3	1	1	15807.814231697052
0	3	3	1	2	10340.505916390903
0	3	3	1	3	13665.371610782255
0	3	3	2	1	14867.224046394882
0	3	3	2	2	8604.086041286144
0	3	3	2	3	12289.269914712386
0	3	3	3	1	16870.183857890923
0	3	3	3	2	9929.87842699995
0	3	3	3	3	12653.93466717477
0	3	3	4	1	20227.79798437852
0	3	3	4	2	12741.614638961908
0	3	3	4	3	16088.043447746295
0	3	3	5	1	37148.82961808666
0	3	3	5	2	21861.16712311631
0	3	3	5	3	26298.61473823352
0	3	3	6	1	78298.62923455035
0	3	3	6	2	77886.11708892511
0	3	3	6	3	61763.033276194416
0	3	4	0	1	8534.940140482646
0	3	4	0	2	6278.823321258471
0	3	4	0	3	7689.1672262787115
0	3	4	1	1	14394.007790514024
0	3	4	1	2	8780.986796645306
0	3	4	1	3	13519.74858022382
0	3	4	2	1	13610.838810341416
0	3	4	2	2	7881.800752126024
0	3	4	2	3	13007.35481175312
0	3	4	3	1	13861.56769675068
0	3	4	3	2	10026.300294085391
0	3	4	3	3	13319.191341659964
0	3	4	4	1	18799.97288368825
0	3	4	4	2	12074.28187143229
0	3	4	4	3	15166.875605907038
0	3	4	5	1	30110.27542954807
0	3	4	5	2	22807.37892755856
0	3	4	5	3	29851.957399633044
0	3	4	6	1	84830.03151502459
0	3	4	6	2	81753.12176730565
0	3	4	6	3	70476.2147412506
0	3	5	0	1	9008.322719647898
0	3	5	0	2	6441.699105677563
0	3	5	0	3	7620.782472383783
0	3	5	1	1	19811.121149367158
0	3	5	1	2	9556.384294887579
0	3	5	1	3	16119.395750083055
0	3	5	2	1	11772.822969601664
0	3	5	2	2	7847.862498362698
0	3	5	2	3	12178.687401081528
0	3	5	3	1	16434.61923315197
0	3	5	3	2	9633.701164833525
0	3	5	3	3	12291.27710696596
0	3	5	4	1	21109.535206264576
0	3	5	4	2	12070.460915731599
0	3	5	4	3	16870.977796008498
0	3	5	5	1	32934.818115948394
0	3	5	5	2	25596.043954503533
0	3	5	5	3	28036.758157069526
0	3	5	6	1	101187.22687826568
0	3	5	6	2	80681.70532266519
0	3	5	6	3	80630.37152212036
0	3	6	0	1	9763.507026547446
0	3	6	0	2	6140.87528146759
0	3	6	0	3	7883.75316358716
0	3	6	1	1	19442.042833468833
0	3	6	1	2	10889.017707749033
0	3	6	1	3	14274.748482739082
0	3	6	2	1	15878.181607073766
0	3	6	2	2	9213.301911984108
0	3	6	2	3	11700.63665431695
0	3	6	3	1	19325.198284480477
0	3	6	3	2	9514.804422538782
0	3	6	3	3	13931.547121639322
0	3	6	4	1	19729.438741349033
0	3	6	4	2	12445.897148299673
0	3	6	4	3	16130.374159803176
0	3	6	5	1	38474.83399347423
0	3	6	5	2	23704.793316355688
0	3	6	5	3	27454.032762899486
0	3	6	6	1	100782.10109391026
0	3	6	6	2	75130.92514347949
0	3	6	6	3	68059.83205982589
0	3	7	0	1	9505.605773138714
0	3	7	0	2	5904.347189264599
0	3	7	0	3	7703.527005885379
0	3	7	1	1	17242.97771836132
0	3	7	1	2	10876.376893538029
0	3	7	1	3	16036.641373000635
0	3	7	2	1	14961.416144902512
0	3	7	2	2	9423.892271555747
0	3	7	2	3	12022.3574078612
0	3	7	3	1	17053.20105802973
0	3	7	3	2	9617.305969353967
0	3	7	3	3	14294.374425858265
0	3	7	4	1	18927.31718217671
0	3	7	4	2	12341.70110688314
0	3	7	4	3	15791.243532209417
0	3	7	5	1	34935.9748273985
0	3	7	5	2	23201.230948910947
0	3	7	5	3	29872.19206821755
0	3	7	6	1	92190.98393499557
0	3	7	6	2	75941.63381637959
0	3	7	6	3	69151.62453233225
0	4	0	0	1	7982.518202409349
0	4	0	0	2	7323.576383317663
0	4	0	0	3	7511.855542758036
0	4	0	1	1	15447.290786546064
0	4	0	1	2	14345.529720850873
0	4	0	1	3	16713.26343874353
0	4	0	2	1	15178.54971954874
0	4	0	2	2	9773.869411214806
0	4	0	2	3	11959.365706487177
0	4	0	3	1	11837.05354316832
0	4	0	3	2	12596.197624985092
0	4	0	3	3	11477.619108630972
0	4	0	4	1	18055.163231787672
0	4	0	4	2	15478.395132124593
0	4	0	4	3	16165.575524898097
0	4	0	5	1	31006.97621937494
0	4	0	5	2	34155.67997969226
0	4	0	5	3	29102.781368846423
0	4	0	6	1	109525.24968025596
0	4	0	6	2	119443.95569998249
0	4	0	6	3	78528.4415648094
0	4	1	0	1	7981.811988020339
0	4	1	0	2	5702.905973873622
0	4	1	0	3	7224.744476539404
0	4	1	1	1	12393.40542430689
0	4	1	1	2	10133.49294272665
0	4	1	1	3	13275.849554199085
0	4	1	2	1	13245.4812510099
0	4	1	2	2	8623.046721046107
0	4	1	2	3	11138.217937492047
0	4	1	3	1	11135.60316662791
0	4	1	3	2	8751.466842601443
0	4	1	3	3	11214.913845823525
0	4	1	4	1	19833.413601069682
0	4	1	4	2	12997.682460741773
0	4	1	4	3	15207.128069797454
0	4	1	5	1	35236.167740244615
0	4	1	5	2	27489.426714462148
0	4	1	5	3	26822.93591866961
0	4	1	6	1	79784.40119249377
0	4	1	6	2	92659.47960163478
0	4	1	6	3	66097.58460526247
0	4	2	0	1	8237.945042817868
0	4	2	0	2	6313.457905749358
0	4	2	0	3	8191.12973674862
0	4	2	1	1	24111.90562985712
0	4	2	1	2	8825.055427705232
0	4	2	1	3	17789.445555865626
0	4	2	2	1	15685.0188452501
0	4	2	2	2	9868.376110048754
0	4	2	2	3	13813.66951162187
0	4	2	3	1	16129.932037069413
0	4	2	3	2	10293.920818678178
0	4	2	3	3	13589.35110250289
0	4	2	4	1	23242.123328192232
0	4	2	4	2	12391.725182769245
0	4	2	4	3	16978.21939352178
0	4	2	5	1	31873.097398407197
0	4	2	5	2	25071.051461408973
0	4	2	5	3	27900.41221736808
0	4	2	6	1	62295.978158056925
0	4	2	6	2	75209.08325867106
0	4	2	6	3	74075.92895143172
0	4	3	0	1	9793.377378428218
0	4	3	0	2	6325.383381665982
0	4	3	0	3	8192.994318073826
0	4	3	1	1	18608.995268250383
0	4	3	1	2	10122.622472634124
0	4	3	1	3	15773.672468133293
0	4	3	2	1	13188.163269468756
0	4	3	2	2	9341.504219179133
0	4	3	2	3	13740.746556026153
0	4	3	3	1	17762.57659372466
0	4	3	3	2	9264.460119766092
0	4	3	3	3	13503.177382383985
0	4	3	4	1	25222.7153827059
0	4	3	4	2	12040.758842010904
0	4	3	4	3	17760.418351569882
0	4	3	5	1	35724.16925132154
0	4	3	5	2	25019.249181537234
0	4	3	5	3	27466.994344422867
0	4	3	6	1	91857.32871613046
0	4	3	6	2	73160.40144296766
0	4	3	6	3	76136.60476611278
0	4	4	0	1	7662.117431009014
0	4	4	0	2	6376.510828261429
0	4	4	0	3	8246.775636898748
0	4	4	1	1	15603.350497197984
0	4	4	1	2	8893.219232379204
0	4	4	1	3	15656.240413506432
0	4	4	2	1	13073.52360915691
0	4	4	2	2	10793.293195898099
0	4	4	2	3	11906.549398802821
0	4	4	3	1	14931.797737449802
0	4	4	3	2	9909.612421753307
0	4	4	3	3	13538.331843535681
0	4	4	4	1	21205.55863679148
0	4	4	4	2	12396.351996199199
0	4	4	4	3	17723.118395459576
0	4	4	5	1	33659.35948910749
0	4	4	5	2	25842.601129970943
0	4	4	5	3	32156.40413079947
0	4	4	6	1	63037.25566067137
0	4	4	6	2	78667.92869520525
0	4	4	6	3	84477.54426535472
0	4	5	0	1	9316.034700607299
0	4	5	0	2	6085.97721828175
0	4	5	0	3	7960.158186213338
0	4	5	1	1	22098.257468667118
0	4	5	1	2	10514.176817205032
0	4	5	1	3	14796.592814716894
0	4	5	2	1	15147.212540821289
0	4	5	2	2	7606.112676201643
0	4	5	2	3	10999.469706333428
0	4	5	3	1	19738.89857009976
0	4	5	3	2	9471.753707458916
0	4	5	3	3	15103.716486555459
0	4	5	4	1	19556.303126315346
0	4	5	4	2	13827.530255874037
0	4	5	4	3	18837.8854282327
0	4	5	5	1	39945.59682051289
0	4	5	5	2	25634.14498793053
0	4	5	5	3	31928.078440417867
0	4	5	6	1	100480.63474611717
0	4	5	6	2	83650.90572513406
0	4	5	6	3	89594.85747186674
0	4	6	0	1	9712.600217984993
0	4	6	0	2	6440.629947518177
0	4	6	0	3	7923.898315416125
0	4	6	1	1	19204.07300572296
0	4	6	1	2	10831.902579356098
0	4	6	1	3	15047.386959512223
0	4	6	2	1	17724.08959828097
0	4	6	2	2	8981.595843532581
0	4	6	2	3	11783.20108152246
0	4	6	3	1	16185.575646142377
0	4	6	3	2	10083.334420883688
0	4	6	3	3	13705.0418428122
0	4	6	4	1	25786.67913547587
0	4	6	4	2	14283.166812088795
0	4	6	4	3	17529.78408245265
0	4	6	5	1	42206.29901878502
0	4	6	5	2	26892.319818253003
0	4	6	5	3	32543.58335923825
0	4	6	6	1	112091.99182076
0	4	6	6	2	84300.31741626957
0	4	6	6	3	78775.93594483347
0	4	7	0	1	8460.069532004045
0	4	7	0	2	5957.077067030709
0	4	7	0	3	8348.125356866782
0	4	7	1	1	14357.395447877032
0	4	7	1	2	13457.098702737363
0	4	7	1	3	14688.808572874674
0	4	7	2	1	16104.114186252631
0	4	7	2	2	10018.422697227299
0	4	7	2	3	14010.961293052635
0	4	7	3	1	20391.665224744138
0	4	7	3	2	10459.854631818813
0	4	7	3	3	17019.986032014247
0	4	7	4	1	19888.189589741607
0	4	7	4	2	14545.862832322986
0	4	7	4	3	17805.81030706392
0	4	7	5	1	37672.643244622246
0	4	7	5	2	27425.587416809456
0	4	7	5	3	30191.499249388155
0	4	7	6	1	109511.52276560254
0	4	7	6	2	93569.25818110902
0	4	7	6	3	87832.64805032112
0	5	0	0	1	9711.86206721765
0	5	0	0	2	7779.925537855377
0	5	0	0	3	8319.31922929975
0	5	0	1	1	9797.73556946934
0	5	0	1	2	12929.562224274596
0	5	0	1	3	16670.506903345722
0	5	0	2	1	15257.898033852878
0	5	0	2	2	11531.844011678064
0	5	0	2	3	11733.222563155698
0	5	0	3	1	10335.106697310594
0	5	0	3	2	11272.700662596497
0	5	0	3	3	12604.406466660977
0	5	0	4	1	19362.251382325954
0	5	0	4	2	17549.16534226238
0	5	0	4	3	17198.256700584585
0	5	0	5	1	40641.10038060026
0	5	0	5	2	40728.96167171334
0	5	0	5	3	33786.14664196781
0	5	0	6	1	117904.47445821912
0	5	0	6	2	185440.0179781238
0	5	0	6	3	108614.02284885819
0	5	1	0	1	8142.178902361674
0	5	1	0	2	5868.887723263069
0	5	1	0	3	7846.251562501983
0	5	1	1	1	17406.456689864353
0	5	1	1	2	8191.475397520968
0	5	1	1	3	14584.387866617888
0	5	1	2	1	11968.277165244937
0	5	1	2	2	7629.3425858451865
0	5	1	2	3	8799.020268691016
0	5	1	3	1	16456.13677812196
0	5	1	3	2	9033.792563876757
0	5	1	3	3	12067.53379656924
0	5	1	4	1	17709.86105689127
0	5	1	4	2	12326.844366079822
0	5	1	4	3	16528.23679552195
0	5	1	5	1	37581.699740136435
0	5	1	5	2	27959.018862043547
0	5	1	5	3	30556.55910991306
0	5	1	6	1	104135.16827444488
0	5	1	6	2	80003.09459440052
0	5	1	6	3	68885.75189941448
0	5	2	0	1	9541.655939561457
0	5	2	0	2	6010.566023591862
0	5	2	0	3	8187.738326951864
0	5	2	1	1	14662.14144103198
0	5	2	1	2	10502.184304779388
0	5	2	1	3	14532.157898578345
0	5	2	2	1	15706.462072324151
0	5	2	2	2	9294.227998548027
0	5	2	2	3	13279.108605693169
0	5	2	3	1	16125.646998072785
0	5	2	3	2	11827.937767550124
0	5	2	3	3	15500.57027060361
0	5	2	4	1	25159.54217990317
0	5	2	4	2	12393.649940644013
0	5	2	4	3	17874.80367744904
0	5	2	5	1	38280.825532705334
0	5	2	5	2	24766.691452017705
0	5	2	5	3	31823.899973748757
0	5	2	6	1	87616.92654240938
0	5	2	6	2	66772.82520641045
0	5	2	6	3	69775.81039378438
0	5	3	0	1	8537.800758792657
0	5	3	0	2	6332.183098688898
0	5	3	0	3	8698.478185741631
0	5	3	1	1	28330.494215767314
0	5	3	1	2	8258.123048456673
0	5	3	1	3	18156.305514463886
0	5	3	2	1	15970.528423129714
0	5	3	2	2	8920.516009107612
0	5	3	2	3	14348.815268810376
0	5	3	3	1	15496.254913459317
0	5	3	3	2	9547.782243353045
0	5	3	3	3	13256.716450784954
0	5	3	4	1	21699.73097599456
0	5	3	4	2	14203.67216421141
0	5	3	4	3	18387.792883847993
0	5	3	5	1	39115.044478955766
0	5	3	5	2	24687.77843591722
0	5	3	5	3	30944.29450926925
0	5	3	6	1	85807.38985958578
0	5	3	6	2	79819.00490166308
0	5	3	6	3	63338.15997680557
0	5	4	0	1	8121.964175797108
0	5	4	0	2	6537.525066980282
0	5	4	0	3	8312.588250877117
0	5	4	1	1	15818.60617922712
0	5	4	1	2	10341.32695981742
0	5	4	1	3	18466.821929452843
0	5	4	2	1	12342.873360408428
0	5	4	2	2	8170.1371370509005
0	5	4	2	3	13393.684241842036
0	5	4	3	1	17243.455536366975
0	5	4	3	2	8913.398902252151
0	5	4	3	3	14295.082183744726
0	5	4	4	1	22956.49230263197
0	5	4	4	2	14462.276758069764
0	5	4	4	3	18310.816853975262
0	5	4	5	1	39849.09602005861
0	5	4	5	2	25265.67067669581
0	5	4	5	3	33571.05216621442
0	5	4	6	1	88845.27430778314
0	5	4	6	2	84391.07643410441
0	5	4	6	3	76855.85537026048
0	5	5	0	1	9627.108236768347
0	5	5	0	2	6719.389274797528
0	5	5	0	3	7565.875536486586
0	5	5	1	1	15530.826448470521
0	5	5	1	2	12470.718832237993
0	5	5	1	3	15969.907858340313
0	5	5	2	1	11619.513813158126
0	5	5	2	2	9029.361097175217
0	5	5	2	3	13602.093047641396
0	5	5	3	1	17885.8108501125
0	5	5	3	2	10765.978507936296
0	5	5	3	3	13857.283327527248
0	5	5	4	1	27368.497657148513
0	5	5	4	2	14719.302910184037
0	5	5	4	3	16468.68897654817
0	5	5	5	1	57937.74861529105
0	5	5	5	2	27242.233998135915
0	5	5	5	3	32970.78641130212
0	5	5	6	1	93719.14300172293
0	5	5	6	2	87236.88406610339
0	5	5	6	3	84328.29664411148
0	5	6	0	1	8539.233865412352
0	5	6	0	2	5792.533265066291
0	5	6	0	3	7807.478811482635
0	5	6	1	1	18715.296551565512
0	5	6	1	2	9386.529404091661
0	5	6	1	3	16158.618421549207
0	5	6	2	1	14089.335270275686
0	5	6	2	2	9697.059563762494
0	5	6	2	3	11416.1009771379
0	5	6	3	1	18986.158971896853
0	5	6	3	2	9071.878693911152
0	5	6	3	3	15821.587591839318
0	5	6	4	1	23244.847565553966
0	5	6	4	2	13993.916577450453
0	5	6	4	3	20484.44115016439
0	5	6	5	1	45520.813657001214
0	5	6	5	2	30261.19272935739
0	5	6	5	3	35406.29248973359
0	5	6	6	1	124653.57227148933
0	5	6	6	2	103426.72435088061
0	5	6	6	3	88654.07155707222
0	5	7	0	1	8807.692210835183
0	5	7	0	2	6698.346357834225
0	5	7	0	3	8484.350359225016
0	5	7	1	1	14863.078173168726
0	5	7	1	2	10041.442859483039
0	5	7	1	3	18941.30224669471
0	5	7	2	1	16885.909599845534
0	5	7	2	2	8964.966462888038
0	5	7	2	3	15226.126241035196
0	5	7	3	1	21478.470875806623
0	5	7	3	2	9062.402880733265
0	5	7	3	3	13349.422105559575
0	5	7	4	1	25519.993503520032
0	5	7	4	2	12234.550697885777
0	5	7	4	3	17662.506364553003
0	5	7	5	1	39867.37167275492
0	5	7	5	2	28107.65581154546
0	5	7	5	3	34572.76736349915
0	5	7	6	1	86459.14385830812
0	5	7	6	2	109773.50502108345
0	5	7	6	3	101321.48382006721
0	6	0	0	1	8650.148035467198
0	6	0	0	2	6648.560633222882
0	6	0	0	3	8611.509171589303
0	6	0	1	1	17741.97105205534
0	6	0	1	2	15299.856282426865
0	6	0	1	3	17274.628565898856
0	6	0	2	1	4392.087251968651
0	6	0	2	2	8170.3776536187615
0	6	0	2	3	13954.960419929703
0	6	0	3	1	22171.977217285475
0	6	0	3	2	15871.435856962946
0	6	0	3	3	17099.447258640088
0	6	0	4	1	31460.55708056278
0	6	0	4	2	17552.423832679393
0	6	0	4	3	18262.965455980753
0	6	0	5	1	55546.638140177
0	6	0	5	2	73404.17859610527
0	6	0	5	3	41941.15063337676
0	6	0	6	1	160597.313990915
0	6	0	6	2	412352.2520864005
0	6	0	6	3	216564.66673175164
0	6	1	0	1	8373.152005082502
0	6	1	0	2	5474.56635921712
0	6	1	0	3	7175.128460761713
0	6	1	1	1	6727.510051907317
0	6	1	1	2	10847.22516642053
0	6	1	1	3	18306.962776332406
0	6	1	2	1	15375.525827734386
0	6	1	2	2	8192.979984405007
0	6	1	2	3	12729.690888268591
0	6	1	3	1	23560.867386823214
0	6	1	3	2	9071.382329153334
0	6	1	3	3	10825.446309698602
0	6	1	4	1	19366.495004804136
0	6	1	4	2	13477.873086378997
0	6	1	4	3	12720.962621633302
0	6	1	5	1	26503.30349634905
0	6	1	5	2	22637.61684052559
0	6	1	5	3	22676.701661858457
0	6	1	6	1	85785.76418606829
0	6	1	6	2	68247.8760789111
0	6	1	6	3	70351.42349149442
0	6	2	0	1	8653.626640374036
0	6	2	0	2	5527.332265342104
0	6	2	0	3	8245.061940472015
0	6	2	1	1	14147.717288907235
0	6	2	1	2	9243.6992282048
0	6	2	1	3	15955.921634581262
0	6	2	2	1	13672.165945846275
0	6	2	2	2	7448.175632417147
0	6	2	2	3	16964.36242050714
0	6	2	3	1	16450.89943756477
0	6	2	3	2	7332.194091550975
0	6	2	3	3	11152.522629705982
0	6	2	4	1	24268.010354411643
0	6	2	4	2	12768.641832048212
0	6	2	4	3	15931.60990509605
0	6	2	5	1	33235.5135529172
0	6	2	5	2	21151.265630318114
0	6	2	5	3	27184.227644317056
0	6	2	6	1	80885.80265229268
0	6	2	6	2	52463.58366561382
0	6	2	6	3	69132.93644937332
0	6	3	0	1	10175.788900707434
0	6	3	0	2	5122.83275952903
0	6	3	0	3	7849.483332805628
0	6	3	1	1	11800.507546055906
0	6	3	1	2	8537.187207357081
0	6	3	1	3	11419.134644276688
0	6	3	2	1	9775.132400191076
0	6	3	2	2	6782.544788080131
0	6	3	2	3	9518.393660029786
0	6	3	3	1	10902.956471178108
0	6	3	3	2	9405.977251446786
0	6	3	3	3	10455.37668372934
0	6	3	4	1	19982.570765824083
0	6	3	4	2	9513.513079171744
0	6	3	4	3	18926.51434228017
0	6	3	5	1	32809.12755309816
0	6	3	5	2	21429.33368489223
0	6	3	5	3	22801.218851981583
0	6	3	6	1	88991.53656858414
0	6	3	6	2	59504.97666801822
0	6	3	6	3	56495.209940952824
0	6	4	0	1	7423.789204522485
0	6	4	0	2	5640.317542988585
0	6	4	0	3	7519.6801401688035
0	6	4	1	1	18481.16836764665
0	6	4	1	2	8723.648019620123
0	6	4	1	3	16993.251630142702
0	6	4	2	1	9371.74066681897
0	6	4	2	2	8957.284795830155
0	6	4	2	3	10094.729690621376
0	6	4	3	1	14394.681006632132
0	6	4	3	2	7222.977010436327
0	6	4	3	3	10726.638252722432
0	6	4	4	1	24821.74338986371
0	6	4	4	2	12841.896732998695
0	6	4	4	3	15882.183000476964
0	6	4	5	1	29796.593625166217
0	6	4	5	2	27187.860597073643
0	6	4	5	3	22644.981918311976
0	6	4	6	1	74281.7143732285
0	6	4	6	2	76028.89562306814
0	6	4	6	3	68637.06315958386
0	6	5	0	1	9848.332418193684
0	6	5	0	2	5921.295170675385
0	6	5	0	3	8564.220933453451
0	6	5	1	1	22524.65502553703
0	6	5	1	2	8541.397671118259
0	6	5	1	3	14328.480165349038
0	6	5	2	1	20455.171632114627
0	6	5	2	2	6585.509302819262
0	6	5	2	3	11692.064148961033
0	6	5	3	1	24218.26550021842
0	6	5	3	2	12797.152512812167
0	6	5	3	3	16897.848011712354
0	6	5	4	1	36210.40251431787
0	6	5	4	2	12316.08930436797
0	6	5	4	3	12192.317853787254
0	6	5	5	1	53137.973473747246
0	6	5	5	2	23688.681068575643
0	6	5	5	3	29064.422763624025
0	6	5	6	1	118485.17408563766
0	6	5	6	2	113061.30831381635
0	6	5	6	3	100994.39968425545
0	6	6	0	1	8774.566093132164
0	6	6	0	2	5320.811646120068
0	6	6	0	3	7077.38167888777
0	6	6	1	1	12989.600160407099
0	6	6	1	2	9144.132080535082
0	6	6	1	3	14197.647601979226
0	6	6	2	1	15105.955969955925
0	6	6	2	2	7832.825175892562
0	6	6	2	3	9093.628437609237
0	6	6	3	1	17205.563471693677
0	6	6	3	2	8408.72172224128
0	6	6	3	3	10024.96457289529
0	6	6	4	1	25964.836398553532
0	6	6	4	2	11250.067703406132
0	6	6	4	3	14104.374522363694
0	6	6	5	1	55601.644893523866
0	6	6	5	2	29301.800530514924
0	6	6	5	3	27375.65565544729
0	6	6	6	1	94762.0053899495
0	6	6	6	2	127281.46619578735
0	6	6	6	3	110076.6881566919
0	6	7	0	1	7590.876785024815
0	6	7	0	2	5375.31160695032
0	6	7	0	3	7688.390790299405
0	6	7	1	1	15634.78759372958
0	6	7	1	2	15817.999400518354
0	6	7	1	3	12195.53472093456
0	6	7	2	1	17221.00200452423
0	6	7	2	2	7836.745476760346
0	6	7	2	3	12162.499947876284
0	6	7	3	1	13319.230113366448
0	6	7	3	2	7688.456181017555
0	6	7	3	3	14458.717681989925
0	6	7	4	1	24390.759188055312
0	6	7	4	2	11405.285711427397
0	6	7	4	3	20038.512363590562
0	6	7	5	1	68234.09994178891
0	6	7	5	2	28561.884035528885
0	6	7	5	3	25744.18867778792
0	6	7	6	1	96460.51096777359
0	6	7	6	2	124432.78700981454
0	6	7	6	3	140196.61816864237
1	0	0	0	1	9438.196142876352
1	0	0	0	2	7700.402203208494
1	0	0	0	3	8385.570810881794
1	0	0	1	1	18005.09943965043
1	0	0	1	2	13661.40380373539
1	0	0	1	3	16360.87036927673
1	0	0	2	1	17144.674716626403
1	0	0	2	2	12236.791268981455
1	0	0	2	3	12776.050113819561
1	0	0	3	1	19215.306948365997
1	0	0	3	2	13031.14947795538
1	0	0	3	3	13925.631781442084
1	0	0	4	1	25984.36505522157
1	0	0	4	2	18243.934136945703
1	0	0	4	3	19767.498955529903
1	0	0	5	1	59982.66390966023
1	0	0	5	2	42015.42168610735
1	0	0	5	3	38673.32280766864
1	0	0	6	1	233833.43861593973
1	0	0	6	2	246359.90484303
1	0	0	6	3	130326.2198923911
1	0	1	0	1	8588.944927436361
1	0	1	0	2	5892.522696034865
1	0	1	0	3	7567.483917264509
1	0	1	1	1	15551.126632912046
1	0	1	1	2	8981.109412642385
1	0	1	1	3	14655.342998016888
1	0	1	2	1	15061.714542953912
1	0	1	2	2	8620.096431528256
1	0	1	2	3	11981.832351199875
1	0	1	3	1	18019.278635674025
1	0	1	3	2	9450.059451884988
1	0	1	3	3	13314.206579968497
1	0	1	4	1	24803.212192851624
1	0	1	4	2	13556.179983358226
1	0	1	4	3	18793.24216754087
1	0	1	5	1	59383.78008948
1	0	1	5	2	32223.41715790071
1	0	1	5	3	36221.5690272
1	0	1	6	1	191434.31085842586
1	0	1	6	2	206060.0654072359
1	0	1	6	3	119060.29293607947
1	0	2	0	1	8339.315871830102
1	0	2	0	2	6143.2121594130085
1	0	2	0	3	7606.560946332313
1	0	2	1	1	14559.633259476246
1	0	2	1	2	9415.378344208186
1	0	2	1	3	15428.618141669549
1	0	2	2	1	13889.196135409835
1	0	2	2	2	9046.49557239324
1	0	2	2	3	12467.128871996967
1	0	2	3	1	15572.123402186095
1	0	2	3	2	10140.209275043913
1	0	2	3	3	13086.310011619229
1	0	2	4	1	21735.14132106895
1	0	2	4	2	16416.06491778483
1	0	2	4	3	19300.47234706771
1	0	2	5	1	60657.478925946634
1	0	2	5	2	42335.0391567249
1	0	2	5	3	34390.03880737399
1	0	2	6	1	279736.8767058813
1	0	2	6	2	200563.77786818202
1	0	2	6	3	110711.65285671139
1	0	3	0	1	9208.556667649465
1	0	3	0	2	6166.36670057696
1	0	3	0	3	7592.579544612425
1	0	3	1	1	17459.440047806773
1	0	3	1	2	10218.65139554084
1	0	3	1	3	14130.478600375587
1	0	3	2	1	15622.030255228263
1	0	3	2	2	9045.332924731822
1	0	3	2	3	11460.144559934057
1	0	3	3	1	17178.657918196717
1	0	3	3	2	10866.139671996094
1	0	3	3	3	12616.982951963651
1	0	3	4	1	26079.78512277609
1	0	3	4	2	15105.349268661324
1	0	3	4	3	16132.218360628192
1	0	3	5	1	57600.53037309984
1	0	3	5	2	33675.770295204056
1	0	3	5	3	36698.7099015876
1	0	3	6	1	280217.69063051214
1	0	3	6	2	164314.13099760326
1	0	3	6	3	119806.19651000174
1	0	4	0	1	7917.8923438016
1	0	4	0	2	6123.0669418274665
1	0	4	0	3	7798.907643098193
1	0	4	1	1	15670.397947782523
1	0	4	1	2	10036.122563886784
1	0	4	1	3	15029.778771670512
1	0	4	2	1	15491.575726487961
1	0	4	2	2	8577.858214213175
1	0	4	2	3	11725.407754723135
1	0	4	3	1	17520.11868119066
1	0	4	3	2	10045.872547179646
1	0	4	3	3	13875.606443956176
1	0	4	4	1	24669.609075122273
1	0	4	4	2	12983.051042066832
1	0	4	4	3	19030.52519747719
1	0	4	5	1	52785.74065849643
1	0	4	5	2	34685.1238309586
1	0	4	5	3	34599.27515935697
1	0	4	6	1	219147.80593167015
1	0	4	6	2	203735.30351640313
1	0	4	6	3	126466.88165083845
1	0	5	0	1	8657.131161059762
1	0	5	0	2	6136.151912026047
1	0	5	0	3	7764.477486145515
1	0	5	1	1	16590.36310629799
1	0	5	1	2	9922.49486232975
1	0	5	1	3	15572.603743048288
1	0	5	2	1	15916.801688175714
1	0	5	2	2	9199.22555910128
1	0	5	2	3	12413.990758949869
1	0	5	3	1	17357.617662508947
1	0	5	3	2	9389.954766049845
1	0	5	3	3	13730.214251631856
1	0	5	4	1	23069.835413280685
1	0	5	4	2	15440.559631833303
1	0	5	4	3	18876.165180435106
1	0	5	5	1	68059.93856542061
1	0	5	5	2	33655.167431144124
1	0	5	5	3	34908.88297716929
1	0	5	6	1	189159.42405411124
1	0	5	6	2	191641.8596304321
1	0	5	6	3	127734.08008360972
1	0	6	0	1	9666.234378176105
1	0	6	0	2	6409.376462794732
1	0	6	0	3	7880.673108533243
1	0	6	1	1	18267.215116564694
1	0	6	1	2	10573.59860783147
1	0	6	1	3	14718.341075459486
1	0	6	2	1	16564.89336650077
1	0	6	2	2	9594.61882210294
1	0	6	2	3	11899.006018533282
1	0	6	3	1	18918.745473021758
1	0	6	3	2	10489.401756698211
1	0	6	3	3	12620.96806852552
1	0	6	4	1	26636.209299377784
1	0	6	4	2	16648.71439329211
1	0	6	4	3	18429.17147662253
1	0	6	5	1	61918.20651131731
1	0	6	5	2	36345.227011757
1	0	6	5	3	36765.41457389834
1	0	6	6	1	251718.34015898308
1	0	6	6	2	203033.88402415358
1	0	6	6	3	120805.70227167207
1	0	7	0	1	8868.645082782285
1	0	7	0	2	6418.18894382477
1	0	7	0	3	8119.21220509885
1	0	7	1	1	17204.590085910997
1	0	7	1	2	11323.778822942797
1	0	7	1	3	15815.2636348244
1	0	7	2	1	16895.601063805596
1	0	7	2	2	9602.897618025203
1	0	7	2	3	12993.003012831141
1	0	7	3	1	17532.431778439834
1	0	7	3	2	11321.061645979322
1	0	7	3	3	13081.980976566649
1	0	7	4	1	24730.313265980294
1	0	7	4	2	14359.127660831296
1	0	7	4	3	19540.100251288564
1	0	7	5	1	57537.95537891609
1	0	7	5	2	30779.475696511556
1	0	7	5	3	37727.27592275462
1	0	7	6	1	484955.5647638581
1	0	7	6	2	193118.3072984381
1	0	7	6	3	113871.2646535285
1	1	0	0	1	12249.06517014885
1	1	0	0	2	9466.288232477913
1	1	0	0	3	10731.155888612253
1	1	0	1	1	23126.57312096733
1	1	0	1	2	19779.52064766927
1	1	0	1	3	23595.845262030634
1	1	0	2	1	22796.099303404164
1	1	0	2	2	16790.534431755346
1	1	0	2	3	17875.357729160172
1	1	0	3	1	22330.211158842543
1	1	0	3	2	17055.93575875179
1	1	0	3	3	18599.037019176478
1	1	0	4	1	29626.757770437598
1	1	0	4	2	22968.52845436424
1	1	0	4	3	24892.055950839123
1	1	0	5	1	68139.61667474831
1	1	0	5	2	57108.17769137218
1	1	0	5	3	41795.753558512246
1	1	0	6	1	297630.14422336395
1	1	0	6	2	123920.20778125073
1	1	0	6	3	123609.47234866586
1	1	1	0	1	9513.572573120593
1	1	1	0	2	7444.44058992027
1	1	1	0	3	10473.775994169144
1	1	1	1	1	21249.105497950848
1	1	1	1	2	9994.30695962474
1	1	1	1	3	21108.44272259024
1	1	1	2	1	20908.558269116376
1	1	1	2	2	10142.523827937446
1	1	1	2	3	15861.130316783017
1	1	1	3	1	21235.741927605697
1	1	1	3	2	10595.33739140553
1	1	1	3	3	16829.893123646627
1	1	1	4	1	31221.653330955396
1	1	1	4	2	15477.74819038434
1	1	1	4	3	22914.28547227652
1	1	1	5	1	40065.162919134935
1	1	1	5	2	24751.154820771855
1	1	1	5	3	35237.519614926285
1	1	1	6	1	239122.41710665106
1	1	1	6	2	133120.5326083689
1	1	1	6	3	72113.0214848539
1	1	2	0	1	11753.301924235673
1	1	2	0	2	7506.011204711722
1	1	2	0	3	10505.79438982517
1	1	2	1	1	20636.823183076416
1	1	2	1	2	12048.935133061686
1	1	2	1	3	23968.57411630925
1	1	2	2	1	19594.114354764348
1	1	2	2	2	10399.273677010357
1	1	2	2	3	18465.28933558219
1	1	2	3	1	21032.905735740584
1	1	2	3	2	12685.447619389955
1	1	2	3	3	19802.628219095433
1	1	2	4	1	23774.381923478715
1	1	2	4	2	14021.611466882769
1	1	2	4	3	22624.76140773698
1	1	2	5	1	59246.886279550425
1	1	2	5	2	26221.11095388493
1	1	2	5	3	39358.73068477436
1	1	2	6	1	64678.11662134361
1	1	2	6	2	204962.09230321518
1	1	2	6	3	95408.40640364433
1	1	3	0	1	11952.964200702765
1	1	3	0	2	8494.101790104869
1	1	3	0	3	9645.771461522616
1	1	3	1	1	24814.250242902595
1	1	3	1	2	12452.564029407002
1	1	3	1	3	21360.228159318685
1	1	3	2	1	21157.076977921974
1	1	3	2	2	12787.02087046475
1	1	3	2	3	16369.601800674358
1	1	3	3	1	21611.684419685374
1	1	3	3	2	10781.54778593274
1	1	3	3	3	15698.722118228252
1	1	3	4	1	26174.897354804045
1	1	3	4	2	14649.888803294461
1	1	3	4	3	19213.750205914464
1	1	3	5	1	51843.35587704075
1	1	3	5	2	23547.13937177535
1	1	3	5	3	36488.16408280059
1	1	3	6	1	114828.45756516725
1	1	3	6	2	240903.21990821382
1	1	3	6	3	105429.07152955132
1	1	4	0	1	11352.58985744177
1	1	4	0	2	7960.989647542225
1	1	4	0	3	10451.439956211592
1	1	4	1	1	24970.916864726994
1	1	4	1	2	12078.062627165466
1	1	4	1	3	23187.04548518385
1	1	4	2	1	21477.21808635993
1	1	4	2	2	12488.550418382323
1	1	4	2	3	17325.651379226576
1	1	4	3	1	21896.520282478632
1	1	4	3	2	11277.146223141423
1	1	4	3	3	18760.976186202006
1	1	4	4	1	26545.921514329857
1	1	4	4	2	13827.324380782513
1	1	4	4	3	21131.052666815754
1	1	4	5	1	57493.13838170359
1	1	4	5	2	27260.75870935605
1	1	4	5	3	37293.38810095441
1	1	4	6	1	121882.18545161028
1	1	4	6	2	116192.98783289143
1	1	4	6	3	78385.2957534478
1	1	5	0	1	12009.57563836018
1	1	5	0	2	7927.109393466912
1	1	5	0	3	10406.851230859009
1	1	5	1	1	24802.85211124236
1	1	5	1	2	11406.206531408636
1	1	5	1	3	23945.026103799824
1	1	5	2	1	21946.123461764037
1	1	5	2	2	10889.532098132877
1	1	5	2	3	18214.153201991037
1	1	5	3	1	25310.117254695157
1	1	5	3	2	13256.514453221462
1	1	5	3	3	18771.741175180247
1	1	5	4	1	32036.831279228292
1	1	5	4	2	15507.085359301069
1	1	5	4	3	24239.78215670734
1	1	5	5	1	67368.80816117293
1	1	5	5	2	30961.889924655232
1	1	5	5	3	39024.53833791941
1	1	5	6	1	160488.15624506754
1	1	5	6	2	179628.89890027116
1	1	5	6	3	93790.67375569715
1	1	6	0	1	13314.856807645994
1	1	6	0	2	7950.083814777056
1	1	6	0	3	10420.396166887213
1	1	6	1	1	25066.727252617482
1	1	6	1	2	13935.636235291475
1	1	6	1	3	22878.013637884796
1	1	6	2	1	23735.20836036654
1	1	6	2	2	12799.376170048854
1	1	6	2	3	16163.905163455986
1	1	6	3	1	23586.49297347429
1	1	6	3	2	11863.551839798922
1	1	6	3	3	18159.979544399197
1	1	6	4	1	31032.71440976592
1	1	6	4	2	16569.92127104623
1	1	6	4	3	20779.181048877144
1	1	6	5	1	65176.63239103217
1	1	6	5	2	26917.148606708153
1	1	6	5	3	32873.889301602845
1	1	6	6	1	118193.75757847937
1	1	6	6	2	101873.99747740888
1	1	6	6	3	108503.04991753666
1	1	7	0	1	12006.167453274622
1	1	7	0	2	7970.798067513057
1	1	7	0	3	11008.529875132474
1	1	7	1	1	27203.86425452785
1	1	7	1	2	12458.544945351037
1	1	7	1	3	25631.273410873946
1	1	7	2	1	23700.965821093727
1	1	7	2	2	12809.449478867324
1	1	7	2	3	19393.084423973865
1	1	7	3	1	27865.88733743799
1	1	7	3	2	13972.56353362885
1	1	7	3	3	18359.85431257062
1	1	7	4	1	32443.767607995414
1	1	7	4	2	19690.827961039016
1	1	7	4	3	20871.497866309262
1	1	7	5	1	60177.684192253684
1	1	7	5	2	29167.88431044633
1	1	7	5	3	38533.45685775503
1	1	7	6	1	129486.33778933028
1	1	7	6	2	141734.2933548005
1	1	7	6	3	203078.33808814583
1	2	0	0	1	11429.971574478825
1	2	0	0	2	9394.54249581583
1	2	0	0	3	10627.898725255369
1	2	0	1	1	26817.107668662407
1	2	0	1	2	17486.54826720369
1	2	0	1	3	22006.22281307796
1	2	0	2	1	18371.622636353335
1	2	0	2	2	16838.572103870934
1	2	0	2	3	16959.65856154023
1	2	0	3	1	19409.470983887742
1	2	0	3	2	16927.682586114697
1	2	0	3	3	17962.76516487559
1	2	0	4	1	28371.185317603835
1	2	0	4	2	21762.98515991513
1	2	0	4	3	21066.909514658793
1	2	0	5	1	71406.35277931788
1	2	0	5	2	30108.408667657633
1	2	0	5	3	34211.2536562141
1	2	0	6	1	157928.2532601762
1	2	0	6	2	133513.89244586707
1	2	0	6	3	97158.60915496037
1	2	1	0	1	11729.72391348028
1	2	1	0	2	7115.501022853676
1	2	1	0	3	9539.206602718334
1	2	1	1	1	18845.84812081401
1	2	1	1	2	11927.309228565931
1	2	1	1	3	15334.895050210955
1	2	1	2	1	19528.949605795737
1	2	1	2	2	11463.150335696855
1	2	1	2	3	15913.81494933363
1	2	1	3	1	17836.363373561562
1	2	1	3	2	9401.205248267404
1	2	1	3	3	16147.946527711807
1	2	1	4	1	27275.314830303752
1	2	1	4	2	14562.899911283683
1	2	1	4	3	18856.5164133723
1	2	1	5	1	42159.337042502135
1	2	1	5	2	22742.890321894694
1	2	1	5	3	34229.77407802523
1	2	1	6	1	138082.45428222173
1	2	1	6	2	107693.02168351678
1	2	1	6	3	92920.18732771602
1	2	2	0	1	10613.941246287839
1	2	2	0	2	8090.7061096644675
1	2	2	0	3	10310.117455674992
1	2	2	1	1	19660.622972169964
1	2	2	1	2	13978.620112243858
1	2	2	1	3	19439.31848114589
1	2	2	2	1	17767.430026450926
1	2	2	2	2	11324.699435637842
1	2	2	2	3	18657.759281466722
1	2	2	3	1	19574.142803436356
1	2	2	3	2	13177.19970382755
1	2	2	3	3	18903.506511116924
1	2	2	4	1	26527.878955173735
1	2	2	4	2	14051.007413788937
1	2	2	4	3	22995.467639159124
1	2	2	5	1	50723.0439409833
1	2	2	5	2	25573.28310029582
1	2	2	5	3	32047.639870348798
1	2	2	6	1	194927.56404959777
1	2	2	6	2	124343.57029083409
1	2	2	6	3	87465.68686507526
1	2	3	0	1	12408.414787160611
1	2	3	0	2	8272.603503024482
1	2	3	0	3	10328.16625999281
1	2	3	1	1	21699.852792223723
1	2	3	1	2	12294.898799189741
1	2	3	1	3	19129.74184303431
1	2	3	2	1	20831.429591468237
1	2	3	2	2	14330.67927557605
1	2	3	2	3	16786.743376487386
1	2	3	3	1	26803.15543859465
1	2	3	3	2	13267.38132666933
1	2	3	3	3	17270.330234825815
1	2	3	4	1	31074.510885841348
1	2	3	4	2	16671.241914630184
1	2	3	4	3	18720.448763272434
1	2	3	5	1	41700.9434320451
1	2	3	5	2	24377.121678755488
1	2	3	5	3	31589.255310452485
1	2	3	6	1	128893.36966272144
1	2	3	6	2	127370.85857964671
1	2	3	6	3	64806.22839316444
1	2	4	0	1	11380.732310572259
1	2	4	0	2	7522.83105668247
1	2	4	0	3	10089.10614449553
1	2	4	1	1	19897.561787234867
1	2	4	1	2	12716.610904896696
1	2	4	1	3	21722.87538946464
1	2	4	2	1	18905.610707455453
1	2	4	2	2	11065.883838978525
1	2	4	2	3	15341.295003830786
1	2	4	3	1	20290.640355729665
1	2	4	3	2	10992.795956990998
1	2	4	3	3	17987.46835992906
1	2	4	4	1	23085.552611529536
1	2	4	4	2	15058.608182649401
1	2	4	4	3	21265.77119633608
1	2	4	5	1	45904.07497325596
1	2	4	5	2	23707.000740797015
1	2	4	5	3	27894.48237942205
1	2	4	6	1	127348.29844626212
1	2	4	6	2	104678.41100236907
1	2	4	6	3	80008.88395458736
1	2	5	0	1	12145.375215307013
1	2	5	0	2	7365.013213981137
1	2	5	0	3	9321.260061682082
1	2	5	1	1	22225.904739751615
1	2	5	1	2	11143.35371733356
1	2	5	1	3	23930.13744773381
1	2	5	2	1	19580.890541339977
1	2	5	2	2	8935.03902264037
1	2	5	2	3	18797.748260063363
1	2	5	3	1	23654.077897800136
1	2	5	3	2	13213.842041980108
1	2	5	3	3	17031.960684384554
1	2	5	4	1	28893.42251279433
1	2	5	4	2	14624.436693352034
1	2	5	4	3	24659.002472279186
1	2	5	5	1	43728.77319232565
1	2	5	5	2	21706.58700997012
1	2	5	5	3	34162.822882373046
1	2	5	6	1	113363.16279858365
1	2	5	6	2	107679.00024210746
1	2	5	6	3	101487.15973580569
1	2	6	0	1	12239.938793787325
1	2	6	0	2	8462.941495581505
1	2	6	0	3	9636.230056374834
1	2	6	1	1	28695.129837162298
1	2	6	1	2	15066.15474745398
1	2	6	1	3	20678.86096321258
1	2	6	2	1	23878.70091768544
1	2	6	2	2	11033.375507430448
1	2	6	2	3	15938.29034773872
1	2	6	3	1	24915.46849167942
1	2	6	3	2	13571.663792610163
1	2	6	3	3	17211.542561321265
1	2	6	4	1	33367.2693387555
1	2	6	4	2	16055.039609968551
1	2	6	4	3	23457.29318168687
1	2	6	5	1	49816.93777300847
1	2	6	5	2	27069.164362592706
1	2	6	5	3	33413.30233716325
1	2	6	6	1	100878.86620036584
1	2	6	6	2	103389.58865914699
1	2	6	6	3	73857.07978651053
1	2	7	0	1	12591.150922508918
1	2	7	0	2	7758.967895898897
1	2	7	0	3	10725.580109683318
1	2	7	1	1	24026.868594024138
1	2	7	1	2	15143.167775343405
1	2	7	1	3	20454.81637112999
1	2	7	2	1	22092.221927519076
1	2	7	2	2	14374.869052809298
1	2	7	2	3	17727.63507153612
1	2	7	3	1	21177.234083396823
1	2	7	3	2	12793.654668738413
1	2	7	3	3	20825.469096229346
1	2	7	4	1	31389.102443937092
1	2	7	4	2	16206.693139021181
1	2	7	4	3	21495.817306719488
1	2	7	5	1	50501.34308222008
1	2	7	5	2	26769.05265353052
1	2	7	5	3	37404.28143880493
1	2	7	6	1	219324.8348626343
1	2	7	6	2	78584.13739270793
1	2	7	6	3	71927.6860601245
1	3	0	0	1	10368.449920861014
1	3	0	0	2	8946.617558715929
1	3	0	0	3	11000.23154735074
1	3	0	1	1	16876.942405287165
1	3	0	1	2	15335.317903654719
1	3	0	1	3	19960.583493689817
1	3	0	2	1	20020.433668943268
1	3	0	2	2	17916.776727374574
1	3	0	2	3	16605.02379398447
1	3	0	3	1	25580.82821041355
1	3	0	3	2	18034.35642750969
1	3	0	3	3	18185.439327656197
1	3	0	4	1	23933.787484868226
1	3	0	4	2	22786.042608230007
1	3	0	4	3	19517.873939177873
1	3	0	5	1	53913.747717783175
1	3	0	5	2	35894.901979858696
1	3	0	5	3	37657.46158379705
1	3	0	6	1	203104.71457390845
1	3	0	6	2	109708.93493372212
1	3	0	6	3	65126.62435858311
1	3	1	0	1	8475.12479967471
1	3	1	0	2	7427.616575518248
1	3	1	0	3	10229.638727172623
1	3	1	1	1	24432.699982403105
1	3	1	1	2	11805.871553595141
1	3	1	1	3	19942.78082782532
1	3	1	2	1	23025.964870031356
1	3	1	2	2	8557.89644513025
1	3	1	2	3	18604.853198951452
1	3	1	3	1	22354.985399825928
1	3	1	3	2	11774.51086168188
1	3	1	3	3	15416.666483746974
1	3	1	4	1	29571.05050391276
1	3	1	4	2	13880.595138726972
1	3	1	4	3	20227.490988371424
1	3	1	5	1	43421.51834743562
1	3	1	5	2	24364.922360357465
1	3	1	5	3	33935.2731897144
1	3	1	6	1	129425.046184745
1	3	1	6	2	82562.16847784996
1	3	1	6	3	98558.1735913653
1	3	2	0	1	10728.235085411467
1	3	2	0	2	7254.9578097921085
1	3	2	0	3	10513.249623327787
1	3	2	1	1	19712.4538191378
1	3	2	1	2	13585.311038320102
1	3	2	1	3	22045.991065937676
1	3	2	2	1	18323.493167494154
1	3	2	2	2	10170.519909517752
1	3	2	2	3	24257.66934333644
1	3	2	3	1	19958.090296635655
1	3	2	3	2	14063.796801323875
1	3	2	3	3	18097.151813533335
1	3	2	4	1	23938.143654494146
1	3	2	4	2	12649.3463125198
1	3	2	4	3	22340.75403311837
1	3	2	5	1	43476.55119441958
1	3	2	5	2	23652.206388122395
1	3	2	5	3	38521.58068544934
1	3	2	6	1	82048.77021728309
1	3	2	6	2	81994.44132955541
1	3	2	6	3	78071.3018930151
1	3	3	0	1	12203.879653289554
1	3	3	0	2	7172.799080975679
1	3	3	0	3	10297.597160921508
1	3	3	1	1	27157.90932812197
1	3	3	1	2	11430.82371423509
1	3	3	1	3	22899.602676449373
1	3	3	2	1	25388.243418446295
1	3	3	2	2	12981.743312104514
1	3	3	2	3	15360.505256583872
1	3	3	3	1	20106.585481063543
1	3	3	3	2	12209.641638606041
1	3	3	3	3	16949.972550171402
1	3	3	4	1	28990.622291701064
1	3	3	4	2	13396.323372159719
1	3	3	4	3	21436.078712087554
1	3	3	5	1	42293.49848880257
1	3	3	5	2	27221.30920133101
1	3	3	5	3	34140.92564802326
1	3	3	6	1	112746.24840797287
1	3	3	6	2	70256.15720187391
1	3	3	6	3	65334.5114691941
1	3	4	0	1	11421.628143308077
1	3	4	0	2	7478.8236731727475
1	3	4	0	3	9648.897666538138
1	3	4	1	1	19847.176815440434
1	3	4	1	2	14187.545905917354
1	3	4	1	3	19813.191856637084
1	3	4	2	1	22228.289618205243
1	3	4	2	2	13322.583775868661
1	3	4	2	3	17293.168516747777
1	3	4	3	1	22611.671681230575
1	3	4	3	2	13175.157040785452
1	3	4	3	3	18083.89078227641
1	3	4	4	1	28067.54525964909
1	3	4	4	2	14360.825680688395
1	3	4	4	3	20158.449685233893
1	3	4	5	1	34732.288963925545
1	3	4	5	2	24828.708115149486
1	3	4	5	3	36342.16748858061
1	3	4	6	1	95533.83678768086
1	3	4	6	2	86687.70163590719
1	3	4	6	3	92345.45474969302
1	3	5	0	1	11988.579495911014
1	3	5	0	2	7507.399070807194
1	3	5	0	3	10234.740673332275
1	3	5	1	1	21231.450652217907
1	3	5	1	2	14238.758487105708
1	3	5	1	3	24202.716341704163
1	3	5	2	1	30268.268131026914
1	3	5	2	2	13538.203053666295
1	3	5	2	3	17915.10530683459
1	3	5	3	1	22135.441545614984
1	3	5	3	2	11339.76370795066
1	3	5	3	3	16889.64896685157
1	3	5	4	1	24371.63140360139
1	3	5	4	2	15624.810955497354
1	3	5	4	3	22074.052594647637
1	3	5	5	1	47932.350710677274
1	3	5	5	2	26572.089048957707
1	3	5	5	3	35219.77780135451
1	3	5	6	1	116249.18544936652
1	3	5	6	2	98283.5894871889
1	3	5	6	3	74189.54267594533
1	3	6	0	1	12731.311498218769
1	3	6	0	2	6383.868096256907
1	3	6	0	3	10523.917452719204
1	3	6	1	1	26671.983575531154
1	3	6	1	2	14544.239110209219
1	3	6	1	3	23923.98176295085
1	3	6	2	1	23724.762320643276
1	3	6	2	2	14945.677792075414
1	3	6	2	3	16933.489379840743
1	3	6	3	1	25112.04332581644
1	3	6	3	2	12076.601373489339
1	3	6	3	3	17392.82383826149
1	3	6	4	1	27669.69059077456
1	3	6	4	2	13396.50565010182
1	3	6	4	3	22835.42121543017
1	3	6	5	1	47849.15336830196
1	3	6	5	2	31579.15133704845
1	3	6	5	3	34413.43265129075
1	3	6	6	1	81567.45803827548
1	3	6	6	2	104242.07943760093
1	3	6	6	3	62499.40965101283
1	3	7	0	1	14858.867633329055
1	3	7	0	2	7508.031936594182
1	3	7	0	3	10939.896732212565
1	3	7	1	1	23518.862319756936
1	3	7	1	2	15458.364416665274
1	3	7	1	3	21834.5170263569
1	3	7	2	1	19896.520656331515
1	3	7	2	2	15639.321194126613
1	3	7	2	3	18269.165617510243
1	3	7	3	1	28013.377127698688
1	3	7	3	2	13207.690043735902
1	3	7	3	3	20885.48683186652
1	3	7	4	1	30186.18726454767
1	3	7	4	2	15814.86652426574
1	3	7	4	3	22582.46391370391
1	3	7	5	1	42925.0694899013
1	3	7	5	2	28713.41901775157
1	3	7	5	3	32036.250813467206
1	3	7	6	1	84089.9290434315
1	3	7	6	2	77283.89677518856
1	3	7	6	3	72182.13478955778
1	4	0	0	1	12402.688342933023
1	4	0	0	2	8972.516115501436
1	4	0	0	3	10076.574913714292
1	4	0	1	1	22852.071368721616
1	4	0	1	2	17067.975296408986
1	4	0	1	3	24762.84045190735
1	4	0	2	1	18599.28780449495
1	4	0	2	2	19640.14225542059
1	4	0	2	3	18579.145308668732
1	4	0	3	1	24005.19140811933
1	4	0	3	2	20978.428121192148
1	4	0	3	3	22569.173674353508
1	4	0	4	1	28443.93393867507
1	4	0	4	2	22894.808037158287
1	4	0	4	3	28114.88826394632
1	4	0	5	1	48023.26121003296
1	4	0	5	2	39398.43054946419
1	4	0	5	3	38817.087352951574
1	4	0	6	1	157615.55748342926
1	4	0	6	2	175581.5497523269
1	4	0	6	3	73554.93166118464
1	4	1	0	1	11980.868313566843
1	4	1	0	2	6885.776360836317
1	4	1	0	3	10139.251055553603
1	4	1	1	1	16165.543140870712
1	4	1	1	2	11607.41227313636
1	4	1	1	3	23475.416196530296
1	4	1	2	1	15925.642434000016
1	4	1	2	2	13523.048799940505
1	4	1	2	3	19401.523777317892
1	4	1	3	1	21271.335534036378
1	4	1	3	2	9832.210049508561
1	4	1	3	3	21704.7295687464
1	4	1	4	1	20296.650584253784
1	4	1	4	2	14266.945229798861
1	4	1	4	3	20984.00417795478
1	4	1	5	1	43416.460571295254
1	4	1	5	2	27446.703242734195
1	4	1	5	3	31230.55553417216
1	4	1	6	1	105245.16266638134
1	4	1	6	2	97618.45899863703
1	4	1	6	3	71826.65084092232
1	4	2	0	1	8419.184973669759
1	4	2	0	2	7562.5070960931835
1	4	2	0	3	10175.576908347564
1	4	2	1	1	23895.144508684905
1	4	2	1	2	13745.777123232274
1	4	2	1	3	18227.82991486568
1	4	2	2	1	12680.323931270172
1	4	2	2	2	15343.902311545506
1	4	2	2	3	17958.207103666802
1	4	2	3	1	26107.203453473274
1	4	2	3	2	13355.623849850337
1	4	2	3	3	18126.603511997142
1	4	2	4	1	23751.719311676145
1	4	2	4	2	16109.7381418071
1	4	2	4	3	25441.95233749562
1	4	2	5	1	41726.65958357208
1	4	2	5	2	25262.828813224187
1	4	2	5	3	41074.17443490722
1	4	2	6	1	72330.56657258172
1	4	2	6	2	82217.13025709143
1	4	2	6	3	67786.34767042645
1	4	3	0	1	12439.675609138949
1	4	3	0	2	7459.447180094283
1	4	3	0	3	10132.954197144907
1	4	3	1	1	33524.37631302852
1	4	3	1	2	14454.81296942195
1	4	3	1	3	22840.578136095603
1	4	3	2	1	16696.308113649524
1	4	3	2	2	13339.921049869452
1	4	3	2	3	22701.859427469317
1	4	3	3	1	38684.18082421497
1	4	3	3	2	15621.23784053349
1	4	3	3	3	17425.734595552793
1	4	3	4	1	26295.459471435435
1	4	3	4	2	14592.209107073135
1	4	3	4	3	20380.74459647223
1	4	3	5	1	43783.14657259203
1	4	3	5	2	26155.13556296339
1	4	3	5	3	31535.789686247066
1	4	3	6	1	93528.87128395768
1	4	3	6	2	85172.88757356594
1	4	3	6	3	83430.10030943115
1	4	4	0	1	10436.044458419692
1	4	4	0	2	7131.043880757162
1	4	4	0	3	9480.817665667022
1	4	4	1	1	29988.82036803296
1	4	4	1	2	13223.82093044134
1	4	4	1	3	23683.411920676845
1	4	4	2	1	24716.4010364164
1	4	4	2	2	12472.562673857909
1	4	4	2	3	15309.802967717906
1	4	4	3	1	18757.336514622795
1	4	4	3	2	14106.218432370672
1	4	4	3	3	18475.906002813892
1	4	4	4	1	21920.07279114805
1	4	4	4	2	15471.906705405596
1	4	4	4	3	19739.69502371942
1	4	4	5	1	40717.233999213626
1	4	4	5	2	24708.618287512996
1	4	4	5	3	37152.2485657655
1	4	4	6	1	71065.36070905082
1	4	4	6	2	77997.80513492336
1	4	4	6	3	89783.55603118584
1	4	5	0	1	11198.682986752685
1	4	5	0	2	7723.720395224434
1	4	5	0	3	9822.72458467468
1	4	5	1	1	26887.747623032552
1	4	5	1	2	11243.037197857246
1	4	5	1	3	21785.83877380581
1	4	5	2	1	24652.701028317053
1	4	5	2	2	12548.002293450532
1	4	5	2	3	20347.736463718673
1	4	5	3	1	16167.037136535177
1	4	5	3	2	8815.209418145449
1	4	5	3	3	25892.720652507684
1	4	5	4	1	34151.248406286875
1	4	5	4	2	13901.021066165924
1	4	5	4	3	22361.304596259288
1	4	5	5	1	54557.85591889931
1	4	5	5	2	30981.33366027244
1	4	5	5	3	37305.27223281013
1	4	5	6	1	122121.4166889412
1	4	5	6	2	102806.72695684295
1	4	5	6	3	84336.9414387348
1	4	6	0	1	13225.307235882223
1	4	6	0	2	7294.4946576156935
1	4	6	0	3	10550.479539196076
1	4	6	1	1	18602.58506684148
1	4	6	1	2	12220.928382497279
1	4	6	1	3	24438.299365448176
1	4	6	2	1	27548.469612882072
1	4	6	2	2	11198.468842876913
1	4	6	2	3	19517.747742172163
1	4	6	3	1	20307.32839360155
1	4	6	3	2	11785.910719617279
1	4	6	3	3	20221.364715289397
1	4	6	4	1	25573.25577357257
1	4	6	4	2	15352.371190422475
1	4	6	4	3	22845.13094921642
1	4	6	5	1	52068.152791917775
1	4	6	5	2	31597.36232574066
1	4	6	5	3	36938.620010488354
1	4	6	6	1	95228.46298039652
1	4	6	6	2	106937.40540613797
1	4	6	6	3	73852.22740011403
1	4	7	0	1	13491.209959946864
1	4	7	0	2	9257.319640192109
1	4	7	0	3	10342.767705965978
1	4	7	1	1	23985.56724058074
1	4	7	1	2	14117.086552017614
1	4	7	1	3	27599.98788592059
1	4	7	2	1	37178.01337163595
1	4	7	2	2	11908.771999744658
1	4	7	2	3	19229.129069287468
1	4	7	3	1	35704.00819460724
1	4	7	3	2	11087.142943337687
1	4	7	3	3	18469.487221613454
1	4	7	4	1	31464.42374717955
1	4	7	4	2	17526.22103824447
1	4	7	4	3	20199.012181448703
1	4	7	5	1	44606.01265057142
1	4	7	5	2	24474.58744081506
1	4	7	5	3	29473.69268657557
1	4	7	6	1	98792.36488247037
1	4	7	6	2	89101.72339606649
1	4	7	6	3	71950.24612522552
1	5	0	0	1	9811.27140860738
1	5	0	0	2	7827.112888936814
1	5	0	0	3	9499.168877454455
1	5	0	1	1	27343.954578595112
1	5	0	1	2	19966.95983739777
1	5	0	1	3	21765.709781852645
1	5	0	2	1	22509.25036311173
1	5	0	2	2	14897.126811427126
1	5	0	2	3	17867.16349214012
1	5	0	3	1	19973.30016298621
1	5	0	3	2	14439.276987043777
1	5	0	3	3	19825.75244350181
1	5	0	4	1	35213.991454384406
1	5	0	4	2	26740.786506418895
1	5	0	4	3	29344.19245557389
1	5	0	5	1	55429.22954743638
1	5	0	5	2	79895.3153360484
1	5	0	5	3	41578.731743926335
1	5	0	6	1	150748.26805164758
1	5	0	6	2	265621.4172518612
1	5	0	6	3	134376.2471881691
1	5	1	0	1	12747.315725895005
1	5	1	0	2	6937.817603788283
1	5	1	0	3	8738.329532197291
1	5	1	1	1	14713.563385262236
1	5	1	1	2	13149.958999229979
1	5	1	1	3	15103.890386326737
1	5	1	2	1	15519.72926323825
1	5	1	2	2	12608.291642712915
1	5	1	2	3	11000.502748389119
1	5	1	3	1	18644.450195498026
1	5	1	3	2	10566.791508520682
1	5	1	3	3	17985.00897564795
1	5	1	4	1	24276.13445552164
1	5	1	4	2	15110.80524887356
1	5	1	4	3	19357.99583621983
1	5	1	5	1	39016.82189858607
1	5	1	5	2	29972.744444712014
1	5	1	5	3	33434.835576784986
1	5	1	6	1	91978.65911093172
1	5	1	6	2	85680.2409988823
1	5	1	6	3	105374.24453805016
1	5	2	0	1	9688.598452021135
1	5	2	0	2	7383.679230270136
1	5	2	0	3	10448.659215613498
1	5	2	1	1	25417.052793831972
1	5	2	1	2	10549.668281409871
1	5	2	1	3	26527.17623282526
1	5	2	2	1	18809.737343493263
1	5	2	2	2	13553.620151515672
1	5	2	2	3	12085.47544047947
1	5	2	3	1	13060.794431545895
1	5	2	3	2	10676.918695624881
1	5	2	3	3	18624.89866474738
1	5	2	4	1	26354.74495507548
1	5	2	4	2	13044.210663799811
1	5	2	4	3	25714.648376301593
1	5	2	5	1	32736.678469495713
1	5	2	5	2	27107.32496778499
1	5	2	5	3	29270.671092605102
1	5	2	6	1	53003.64126584526
1	5	2	6	2	62804.48647428835
1	5	2	6	3	70305.27042067588
1	5	3	0	1	11285.417622159412
1	5	3	0	2	7051.358157080778
1	5	3	0	3	11898.538294073309
1	5	3	1	1	13899.657941755482
1	5	3	1	2	11993.339704510754
1	5	3	1	3	21952.424069235774
1	5	3	2	1	17913.665034315833
1	5	3	2	2	7440.596994030866
1	5	3	2	3	18453.696330052204
1	5	3	3	1	25117.198063856667
1	5	3	3	2	10810.104056084478
1	5	3	3	3	15027.184211748641
1	5	3	4	1	33056.51546491194
1	5	3	4	2	17639.738772449615
1	5	3	4	3	23628.852722800828
1	5	3	5	1	38274.73987213301
1	5	3	5	2	31910.131613890364
1	5	3	5	3	37400.841156606366
1	5	3	6	1	77986.54208025627
1	5	3	6	2	79222.42821425654
1	5	3	6	3	89660.79715802943
1	5	4	0	1	9462.972410838367
1	5	4	0	2	6481.461397328239
1	5	4	0	3	10780.947508948067
1	5	4	1	1	29897.036332058833
1	5	4	1	2	13263.395911397693
1	5	4	1	3	19469.09046828113
1	5	4	2	1	14577.331612148642
1	5	4	2	2	11120.54407442613
1	5	4	2	3	17330.91882013165
1	5	4	3	1	30621.961551419685
1	5	4	3	2	11077.55545231484
1	5	4	3	3	18231.01594760667
1	5	4	4	1	24546.719594788003
1	5	4	4	2	13832.167191200386
1	5	4	4	3	23702.393792773644
1	5	4	5	1	56882.87375102287
1	5	4	5	2	24766.146375031705
1	5	4	5	3	39135.35429221596
1	5	4	6	1	81549.44790637934
1	5	4	6	2	80279.8404832103
1	5	4	6	3	81055.02902195275
1	5	5	0	1	10585.89216539627
1	5	5	0	2	7383.846114695818
1	5	5	0	3	10978.677907351217
1	5	5	1	1	22797.251616423935
1	5	5	1	2	11285.582447481136
1	5	5	1	3	23917.808037930274
1	5	5	2	1	29004.731845808044
1	5	5	2	2	14156.694991634227
1	5	5	2	3	17828.247452401392
1	5	5	3	1	20617.658858226172
1	5	5	3	2	11688.78766173783
1	5	5	3	3	23352.92279276395
1	5	5	4	1	51179.18706011046
1	5	5	4	2	18316.71505952956
1	5	5	4	3	21522.802504497726
1	5	5	5	1	68963.51293494532
1	5	5	5	2	27176.85015792937
1	5	5	5	3	35828.44636924317
1	5	5	6	1	93776.691421443
1	5	5	6	2	102603.19326111337
1	5	5	6	3	78937.09909492149
1	5	6	0	1	11492.603517303021
1	5	6	0	2	7161.575899626592
1	5	6	0	3	9614.430342051459
1	5	6	1	1	22147.303721995595
1	5	6	1	2	9959.259997887577
1	5	6	1	3	23882.023467871288
1	5	6	2	1	23462.262539819207
1	5	6	2	2	6997.365461566737
1	5	6	2	3	17594.411998468582
1	5	6	3	1	25554.885061207042
1	5	6	3	2	13842.80577219846
1	5	6	3	3	23192.47127609851
1	5	6	4	1	37946.89729124792
1	5	6	4	2	19642.288698375072
1	5	6	4	3	18902.51868290682
1	5	6	5	1	68581.525633366
1	5	6	5	2	31727.90075024758
1	5	6	5	3	33181.122332149054
1	5	6	6	1	120660.43270184041
1	5	6	6	2	113593.26902474095
1	5	6	6	3	111408.9995833502
1	5	7	0	1	14816.994643465483
1	5	7	0	2	6749.494733982555
1	5	7	0	3	9466.605973233789
1	5	7	1	1	19731.377821962433
1	5	7	1	2	14956.27875258986
1	5	7	1	3	19890.58682522932
1	5	7	2	1	11966.316277568905
1	5	7	2	2	8968.044761711986
1	5	7	2	3	17885.66715326794
1	5	7	3	1	20193.66743004058
1	5	7	3	2	8895.55662129354
1	5	7	3	3	26851.893587352406
1	5	7	4	1	31298.369754318275
1	5	7	4	2	15085.27913818581
1	5	7	4	3	23088.276554364464
1	5	7	5	1	62761.2432534295
1	5	7	5	2	33140.22947997522
1	5	7	5	3	48351.49497887201
1	5	7	6	1	192896.70631351692
1	5	7	6	2	90976.37232915015
1	5	7	6	3	123341.35614316078
1	6	0	0	1	10837.426598115266
1	6	0	0	2	7881.194085989817
1	6	0	0	3	10833.67165152587
1	6	0	1	1	9102.343238737398
1	6	0	1	2	24627.14231226882
1	6	0	1	3	28551.43263846178
1	6	0	2	1	16002.639473189578
1	6	0	2	2	13651.258967194448
1	6	0	2	3	11879.364529385848
1	6	0	3	1	12842.048255709533
1	6	0	3	2	14951.403211559234
1	6	0	3	3	19070.40400119071
1	6	0	4	1	39186.17243251149
1	6	0	4	2	28373.187478359076
1	6	0	4	3	34207.14832776556
1	6	0	5	1	95720.52266512086
1	6	0	5	2	103432.4883512022
1	6	0	5	3	58448.323842559286
1	6	0	6	1	192816.17725054052
1	6	0	6	2	668027.9806057921
1	6	0	6	3	124006.65377713356
1	6	1	0	1	6775.25537704644
1	6	1	0	2	5311.490759411399
1	6	1	0	3	11674.761095731556
1	6	1	1	1	32474.30889072313
1	6	1	1	2	9793.586903101443
1	6	1	1	3	23368.679668458768
1	6	1	2	1	16401.002862576228
1	6	1	2	2	10023.347059564687
1	6	1	2	3	11903.666243678963
1	6	1	3	1	19181.88509595613
1	6	1	3	2	14515.652453437984
1	6	1	3	3	4717.382304589972
1	6	1	4	1	14226.602105414093
1	6	1	4	2	12490.178968951186
1	6	1	4	3	16597.053694562524
1	6	1	5	1	39384.95261059218
1	6	1	5	2	27803.616319676024
1	6	1	5	3	26491.18366884691
1	6	1	6	1	209710.94349014072
1	6	1	6	2	84042.3271929986
1	6	1	6	3	59324.036889230076
1	6	2	0	1	12896.405403512263
1	6	2	0	2	5735.301646237233
1	6	2	0	3	13216.917730532277
1	6	2	1	1	10613.304848314105
1	6	2	1	2	7566.543174563122
1	6	2	1	3	14518.90082218479
1	6	2	2	1	13184.157816149165
1	6	2	2	2	5114.517045180051
1	6	2	2	3	19036.74543779895
1	6	2	3	1	20294.6350791259
1	6	2	3	2	4536.5842780174125
1	6	2	3	3	14664.918142350627
1	6	2	4	1	21970.12845562453
1	6	2	4	2	5930.304394024528
1	6	2	4	3	23931.061823129898
1	6	2	5	1	52771.932220605144
1	6	2	5	2	18513.393623323595
1	6	2	5	3	24414.923287337027
1	6	2	6	1	78264.31026930237
1	6	2	6	2	56828.71554044492
1	6	2	6	3	78318.08100768569
1	6	3	0	1	7512.601300066061
1	6	3	0	2	7188.922530676405
1	6	3	0	3	11526.489615518918
1	6	3	1	1	19735.089420831624
1	6	3	1	2	7493.076262079871
1	6	3	1	3	22998.989168477383
1	6	3	2	1	14709.906595377535
1	6	3	2	2	8008.1518464091105
1	6	3	2	3	26315.504930769428
1	6	3	3	1	54779.58804476189
1	6	3	3	2	11306.633342283749
1	6	3	3	3	14744.50770701452
1	6	3	4	1	35339.128922456905
1	6	3	4	2	12601.022567278214
1	6	3	4	3	16701.975472123162
1	6	3	5	1	46078.88035831301
1	6	3	5	2	23373.80020788808
1	6	3	5	3	24062.46810236488
1	6	3	6	1	55451.53360037852
1	6	3	6	2	66490.75240351754
1	6	3	6	3	83998.48185060426
1	6	4	0	1	9863.114272893483
1	6	4	0	2	5192.078745422394
1	6	4	0	3	9384.47365509698
1	6	4	1	1	27693.4593231252
1	6	4	1	2	7538.090421539003
1	6	4	1	3	31761.67645213821
1	6	4	2	1	31793.361044655838
1	6	4	2	2	8363.866423573696
1	6	4	2	3	11808.168538171543
1	6	4	3	1	2447.825646514574
1	6	4	3	2	5826.2305976838
1	6	4	3	3	12829.98080082796
1	6	4	4	1	66892.68968997584
1	6	4	4	2	10803.350468708551
1	6	4	4	3	16751.47212975655
1	6	4	5	1	51813.683119236586
1	6	4	5	2	19619.751198747086
1	6	4	5	3	27138.899506267786
1	6	4	6	1	52455.00695358125
1	6	4	6	2	75979.33196543023
1	6	4	6	3	61431.853153272175
1	6	5	0	1	13550.101521683799
1	6	5	0	2	4879.8515877669215
1	6	5	0	3	10679.007039439835
1	6	5	1	1	19308.632174709383
1	6	5	1	2	11303.361416479638
1	6	5	1	3	29666.034047222987
1	6	5	2	1	4528.898292401437
1	6	5	2	2	8487.54909260422
1	6	5	2	3	17472.661070330156
1	6	5	3	1	45638.80261329576
1	6	5	3	2	8148.925651868726
1	6	5	3	3	31039.557940098763
1	6	5	4	1	12506.060934728666
1	6	5	4	2	12034.315135290737
1	6	5	4	3	19427.611412935712
1	6	5	5	1	52769.49043101869
1	6	5	5	2	24231.120904829742
1	6	5	5	3	38207.47434771798
1	6	5	6	1	169847.25329252612
1	6	5	6	2	100636.64077089715
1	6	5	6	3	92857.69284105551
1	6	6	0	1	12006.5805203337
1	6	6	0	2	7461.7276763574155
1	6	6	0	3	8560.570240455341
1	6	6	1	1	20588.77755922478
1	6	6	1	2	9522.766227323076
1	6	6	1	3	20994.196245160194
1	6	6	2	1	23608.56280082686
1	6	6	2	2	10349.86336777038
1	6	6	2	3	15535.207538137045
1	6	6	3	1	53443.303060238155
1	6	6	3	2	7463.526956756244
1	6	6	3	3	18863.536552271504
1	6	6	4	1	44684.333803001435
1	6	6	4	2	15780.634168544138
1	6	6	4	3	13701.417486526112
1	6	6	5	1	64265.185970803795
1	6	6	5	2	25403.050759418133
1	6	6	5	3	39084.11752803871
1	6	6	6	1	82947.21587342754
1	6	6	6	2	107664.83565378681
1	6	6	6	3	77596.61653920947
1	6	7	0	1	4224.597320700655
1	6	7	0	2	7482.756906608226
1	6	7	0	3	11538.912662504754
1	6	7	1	1	36971.13458783386
1	6	7	1	2	15442.910675420186
1	6	7	1	3	20890.893382637598
1	6	7	2	1	13923.01525155412
1	6	7	2	2	14890.631201786226
1	6	7	2	3	15423.382525871153
1	6	7	3	1	33682.77696882573
1	6	7	3	2	6367.658601819362
1	6	7	3	3	27988.270394039766
1	6	7	4	1	30088.06370110041
1	6	7	4	2	12927.29592213728
1	6	7	4	3	27596.392595349218
1	6	7	5	1	42960.8308275904
1	6	7	5	2	24941.079423225157
1	6	7	5	3	31227.15331585474
1	6	7	6	1	172565.9079514433
1	6	7	6	2	75370.84261962352
1	6	7	6	3	122650.5131794445
2	0	0	0	1	9134.086164164744
2	0	0	0	2	6802.844538995063
2	0	0	0	3	8311.841241986287
2	0	0	1	1	16150.168377678905
2	0	0	1	2	10625.947978213375
2	0	0	1	3	15679.229587625385
2	0	0	2	1	17085.301788664594
2	0	0	2	2	10905.779516066
2	0	0	2	3	13901.872154700612
2	0	0	3	1	20915.087059768706
2	0	0	3	2	14522.883500271268
2	0	0	3	3	16840.59129107733
2	0	0	4	1	53647.20170427407
2	0	0	4	2	33153.011685651814
2	0	0	4	3	31336.492396191054
2	0	0	5	1	365571.96636236925
2	0	0	5	2	160728.1249380866
2	0	0	5	3	111125.55967628192
2	0	0	6	1	683187.6481947162
2	0	0	6	2	1736316.598426727
2	0	0	6	3	417707.4525659445
2	0	1	0	1	8170.679231138081
2	0	1	0	2	5611.662850680582
2	0	1	0	3	7527.212560050517
2	0	1	1	1	13872.419911928191
2	0	1	1	2	8568.711718357228
2	0	1	1	3	13706.188179056035
2	0	1	2	1	14714.19994463785
2	0	1	2	2	8690.70910265208
2	0	1	2	3	12836.260081125138
2	0	1	3	1	19558.02085435645
2	0	1	3	2	11232.002558519074
2	0	1	3	3	16112.559536855739
2	0	1	4	1	36321.81255441657
2	0	1	4	2	27408.663371874907
2	0	1	4	3	28098.773144031293
2	0	1	5	1	245957.3787826809
2	0	1	5	2	141197.0684949379
2	0	1	5	3	74186.8590484733
2	0	1	6	1	594328.6420391109
2	0	1	6	2	562566.526076616
2	0	1	6	3	372129.66671798145
2	0	2	0	1	7977.925428389781
2	0	2	0	2	5730.983325884151
2	0	2	0	3	7590.05487205564
2	0	2	1	1	12883.690018577892
2	0	2	1	2	8923.577882594962
2	0	2	1	3	14440.967633270116
2	0	2	2	1	13835.172233480855
2	0	2	2	2	8676.450081089777
2	0	2	2	3	12378.348346957095
2	0	2	3	1	19769.419072783054
2	0	2	3	2	12428.406280633086
2	0	2	3	3	16346.85182949921
2	0	2	4	1	39134.728919138826
2	0	2	4	2	25401.63005913612
2	0	2	4	3	25678.578008754772
2	0	2	5	1	178238.50268647276
2	0	2	5	2	159975.25186653042
2	0	2	5	3	76914.62141193758
2	0	2	6	1	700922.5419109334
2	0	2	6	2	1151632.4226053106
2	0	2	6	3	183801.06073842748
2	0	3	0	1	8794.761324923902
2	0	3	0	2	5881.196968784625
2	0	3	0	3	7541.475733101643
2	0	3	1	1	15751.66413467554
2	0	3	1	2	8728.304116510619
2	0	3	1	3	12949.368752793296
2	0	3	2	1	15777.77319602728
2	0	3	2	2	8623.877789346356
2	0	3	2	3	11575.167259318885
2	0	3	3	1	19322.94011415186
2	0	3	3	2	12344.878687872832
2	0	3	3	3	15229.800877766727
2	0	3	4	1	33631.20388494128
2	0	3	4	2	27509.600391810574
2	0	3	4	3	26204.31432391012
2	0	3	5	1	175474.1599911738
2	0	3	5	2	92057.45113116615
2	0	3	5	3	63430.28620315601
2	0	3	6	1	728405.9740246097
2	0	3	6	2	845548.2797787007
2	0	3	6	3	340878.9529045975
2	0	4	0	1	7982.943852253701
2	0	4	0	2	5806.428383551673
2	0	4	0	3	7646.049201405398
2	0	4	1	1	14606.138651969097
2	0	4	1	2	9205.627804848269
2	0	4	1	3	13679.723063134226
2	0	4	2	1	14644.079763943693
2	0	4	2	2	9094.148439781113
2	0	4	2	3	12433.782256481198
2	0	4	3	1	18987.38200273324
2	0	4	3	2	12197.865829144017
2	0	4	3	3	14708.353891467414
2	0	4	4	1	36735.141419328895
2	0	4	4	2	29239.138266767124
2	0	4	4	3	25711.052589638253
2	0	4	5	1	201668.58585164163
2	0	4	5	2	171910.99075802366
2	0	4	5	3	86086.40804374577
2	0	4	6	1	804227.5046294276
2	0	4	6	2	578865.9404818761
2	0	4	6	3	181722.61723436794
2	0	5	0	1	8165.130720726975
2	0	5	0	2	5663.533246534441
2	0	5	0	3	7732.3787589949425
2	0	5	1	1	14792.331050675337
2	0	5	1	2	8815.471357015784
2	0	5	1	3	14594.576301949048
2	0	5	2	1	15331.48052661416
2	0	5	2	2	8905.420752517226
2	0	5	2	3	13312.433146783833
2	0	5	3	1	19678.286778743583
2	0	5	3	2	11723.05190431252
2	0	5	3	3	16167.407929380019
2	0	5	4	1	34874.127748937084
2	0	5	4	2	24312.98247608441
2	0	5	4	3	26554.243518778883
2	0	5	5	1	231283.21779819424
2	0	5	5	2	127557.90923827127
2	0	5	5	3	76661.27075992322
2	0	5	6	1	934188.5642422505
2	0	5	6	2	600817.0999424297
2	0	5	6	3	310376.8611610299
2	0	6	0	1	9092.766984483824
2	0	6	0	2	5879.452603189176
2	0	6	0	3	7750.336845764473
2	0	6	1	1	17024.26108825887
2	0	6	1	2	9258.24313682201
2	0	6	1	3	13971.337068417803
2	0	6	2	1	17346.788834906874
2	0	6	2	2	9958.977976110436
2	0	6	2	3	12911.957822322345
2	0	6	3	1	20446.3316730069
2	0	6	3	2	11683.895521650102
2	0	6	3	3	14432.466088391995
2	0	6	4	1	42795.77914368981
2	0	6	4	2	21331.029515010265
2	0	6	4	3	26976.060357622562
2	0	6	5	1	414738.03301139094
2	0	6	5	2	153942.00961537144
2	0	6	5	3	75694.58758098507
2	0	6	6	1	1208802.8429449557
2	0	6	6	2	747754.2669869892
2	0	6	6	3	377816.43390705483
2	0	7	0	1	8238.945666471847
2	0	7	0	2	5901.701543570994
2	0	7	0	3	7917.543305055427
2	0	7	1	1	16306.857122937188
2	0	7	1	2	9282.752632671838
2	0	7	1	3	15921.37671021833
2	0	7	2	1	16560.366392709708
2	0	7	2	2	10308.97263955809
2	0	7	2	3	13904.828462714084
2	0	7	3	1	22666.84131897884
2	0	7	3	2	11707.22433385309
2	0	7	3	3	16240.633054824271
2	0	7	4	1	43124.468902655455
2	0	7	4	2	25103.125601188578
2	0	7	4	3	29978.22362429376
2	0	7	5	1	216254.06238438236
2	0	7	5	2	178305.5248339814
2	0	7	5	3	72546.61019129051
2	0	7	6	1	709455.0383379757
2	0	7	6	2	527019.3785404614
2	0	7	6	3	268946.02075273055
2	1	0	0	1	12068.851464045252
2	1	0	0	2	9280.668865156835
2	1	0	0	3	10410.31024675177
2	1	0	1	1	24587.51716788967
2	1	0	1	2	18762.96964118259
2	1	0	1	3	25770.779852749816
2	1	0	2	1	25383.694163562785
2	1	0	2	2	18142.28957880735
2	1	0	2	3	24174.51382316387
2	1	0	3	1	35120.61645724162
2	1	0	3	2	22254.533317493115
2	1	0	3	3	24305.382969224942
2	1	0	4	1	62471.95696311814
2	1	0	4	2	37013.62111288123
2	1	0	4	3	33938.367384490266
2	1	0	5	1	366007.6553146994
2	1	0	5	2	145431.06890516554
2	1	0	5	3	118965.8838538608
2	1	0	6	1	479896.34466203256
2	1	0	6	2	878244.5272684356
2	1	0	6	3	295114.16638021445
2	1	1	0	1	10408.257052013032
2	1	1	0	2	7272.166789626136
2	1	1	0	3	10001.251972887456
2	1	1	1	1	19349.982726092152
2	1	1	1	2	11265.109927968215
2	1	1	1	3	22213.048066491498
2	1	1	2	1	23297.981328803005
2	1	1	2	2	10835.732564133908
2	1	1	2	3	18131.07859635548
2	1	1	3	1	26039.702445550964
2	1	1	3	2	12078.041825669703
2	1	1	3	3	18774.77680809894
2	1	1	4	1	30753.36977109423
2	1	1	4	2	15965.094778618863
2	1	1	4	3	23446.639217856406
2	1	1	5	1	65398.927021919786
2	1	1	5	2	44859.140836552775
2	1	1	5	3	51964.43341921874
2	1	1	6	1	181076.30806129036
2	1	1	6	2	248738.389656202
2	1	1	6	3	84014.22642704629
2	1	2	0	1	11348.8913022959
2	1	2	0	2	7592.800356208711
2	1	2	0	3	10367.914124352928
2	1	2	1	1	19399.337859107225
2	1	2	1	2	11635.707759561194
2	1	2	1	3	21951.283682397796
2	1	2	2	1	22767.805694664294
2	1	2	2	2	11521.246936313808
2	1	2	2	3	23158.583718397473
2	1	2	3	1	23127.118815623217
2	1	2	3	2	12590.288977236543
2	1	2	3	3	22234.539875445716
2	1	2	4	1	32022.551889379472
2	1	2	4	2	16866.81042529776
2	1	2	4	3	26692.769841225065
2	1	2	5	1	44676.27327589581
2	1	2	5	2	29604.69828107138
2	1	2	5	3	43590.49534864526
2	1	2	6	1	317142.27912782255
2	1	2	6	2	157907.85397332397
2	1	2	6	3	120771.84529128717
2	1	3	0	1	11748.983155937694
2	1	3	0	2	8046.416221401645
2	1	3	0	3	9719.477429416864
2	1	3	1	1	25137.094920618405
2	1	3	1	2	13310.652998438876
2	1	3	1	3	20054.15700934682
2	1	3	2	1	24458.966272828387
2	1	3	2	2	12833.055844495679
2	1	3	2	3	17588.984329356193
2	1	3	3	1	24200.813593254188
2	1	3	3	2	14411.942364385735
2	1	3	3	3	18256.471072263965
2	1	3	4	1	33167.685951217056
2	1	3	4	2	15610.446523412997
2	1	3	4	3	26601.32393201874
2	1	3	5	1	52260.74950826097
2	1	3	5	2	25582.06710399275
2	1	3	5	3	35455.63631546513
2	1	3	6	1	155642.13572871202
2	1	3	6	2	363820.39163558034
2	1	3	6	3	108288.7137910244
2	1	4	0	1	10608.337537443926
2	1	4	0	2	7857.862461700535
2	1	4	0	3	10870.254200994317
2	1	4	1	1	22993.647161730998
2	1	4	1	2	11445.394810686219
2	1	4	1	3	22963.45224101928
2	1	4	2	1	24431.744854986493
2	1	4	2	2	12224.630601464587
2	1	4	2	3	17272.671130121627
2	1	4	3	1	25056.548087524978
2	1	4	3	2	12747.834187832623
2	1	4	3	3	21348.48921604886
2	1	4	4	1	28442.948213601445
2	1	4	4	2	17095.10809898696
2	1	4	4	3	24006.78672870929
2	1	4	5	1	69356.87358622695
2	1	4	5	2	33251.96296209264
2	1	4	5	3	41514.70079036489
2	1	4	6	1	747228.2705034617
2	1	4	6	2	273409.8017258518
2	1	4	6	3	100125.67277672731
2	1	5	0	1	11591.190965266444
2	1	5	0	2	7903.875705495011
2	1	5	0	3	10604.024062933167
2	1	5	1	1	24626.93704615328
2	1	5	1	2	12394.092512371606
2	1	5	1	3	21274.197540290115
2	1	5	2	1	24957.112394136908
2	1	5	2	2	11303.498599132172
2	1	5	2	3	19497.558384457672
2	1	5	3	1	26274.068061712136
2	1	5	3	2	13638.577429999685
2	1	5	3	3	20939.863973449294
2	1	5	4	1	38979.76303679603
2	1	5	4	2	21633.156739592494
2	1	5	4	3	29834.194672335954
2	1	5	5	1	119041.11340373772
2	1	5	5	2	36285.56541360878
2	1	5	5	3	50191.537938247544
2	1	5	6	1	115845.86503759661
2	1	5	6	2	253580.00902103027
2	1	5	6	3	149987.49316683115
2	1	6	0	1	11710.507112084355
2	1	6	0	2	7605.53059322705
2	1	6	0	3	10503.634404770695
2	1	6	1	1	25097.568028573263
2	1	6	1	2	12136.427792384664
2	1	6	1	3	22296.85001291208
2	1	6	2	1	27752.0371770804
2	1	6	2	2	14606.424992868873
2	1	6	2	3	18653.683958314203
2	1	6	3	1	31349.49214199004
2	1	6	3	2	15290.505384323791
2	1	6	3	3	20459.39210607546
2	1	6	4	1	48091.87237037069
2	1	6	4	2	22962.064460122398
2	1	6	4	3	28758.125432614863
2	1	6	5	1	174369.1660794504
2	1	6	5	2	68108.24194028025
2	1	6	5	3	63883.116407266425
2	1	6	6	1	797553.8640419785
2	1	6	6	2	312035.9563988239
2	1	6	6	3	245231.19934357214
2	1	7	0	1	11806.818495231864
2	1	7	0	2	7533.243302731724
2	1	7	0	3	11731.776317104035
2	1	7	1	1	25769.572471491654
2	1	7	1	2	13426.830944988767
2	1	7	1	3	24394.551774552114
2	1	7	2	1	24730.77654667879
2	1	7	2	2	12946.119844530771
2	1	7	2	3	20311.66046713045
2	1	7	3	1	32780.49603365379
2	1	7	3	2	14558.547945875362
2	1	7	3	3	21802.091670870854
2	1	7	4	1	39104.65831405096
2	1	7	4	2	29665.159492041
2	1	7	4	3	31779.052238037664
2	1	7	5	1	94171.9649613174
2	1	7	5	2	285922.5822166113
2	1	7	5	3	56536.33073836979
2	1	7	6	1	426860.63530452864
2	1	7	6	2	359828.7774066316
2	1	7	6	3	245779.21364574804
2	2	0	0	1	9604.833122361593
2	2	0	0	2	9730.930587784875
2	2	0	0	3	9623.751251528736
2	2	0	1	1	19045.37595765966
2	2	0	1	2	19326.159315726072
2	2	0	1	3	22992.275517732196
2	2	0	2	1	26592.446364223033
2	2	0	2	2	24518.22697993124
2	2	0	2	3	20380.92659115307
2	2	0	3	1	34394.243739875186
2	2	0	3	2	33723.52529988663
2	2	0	3	3	26958.790036257164
2	2	0	4	1	66590.41096379861
2	2	0	4	2	53912.238693279956
2	2	0	4	3	32991.304696038766
2	2	0	5	1	209140.55860291046
2	2	0	5	2	484297.76563317777
2	2	0	5	3	102724.2105189168
2	2	0	6	1	2239256.0503651914
2	2	0	6	2	284778.1863496559
2	2	0	6	3	335991.2910650053
2	2	1	0	1	9373.699034277402
2	2	1	0	2	7425.0934221302305
2	2	1	0	3	9868.22536719705
2	2	1	1	1	16537.017514385137
2	2	1	1	2	12750.02020261254
2	2	1	1	3	15140.531305065664
2	2	1	2	1	18844.472260237584
2	2	1	2	2	10824.56549575245
2	2	1	2	3	16617.105671587597
2	2	1	3	1	21548.18436020836
2	2	1	3	2	11925.603706758346
2	2	1	3	3	16947.927478087076
2	2	1	4	1	35669.22250350922
2	2	1	4	2	15030.953802530352
2	2	1	4	3	22975.851045070845
2	2	1	5	1	55759.88756100992
2	2	1	5	2	27918.512697109247
2	2	1	5	3	37355.74034679237
2	2	1	6	1	104447.2332132346
2	2	1	6	2	126158.58782424722
2	2	1	6	3	128612.8778760983
2	2	2	0	1	10121.35670621729
2	2	2	0	2	7336.681203384249
2	2	2	0	3	10740.34143289601
2	2	2	1	1	21679.438301326096
2	2	2	1	2	13625.846414690672
2	2	2	1	3	21622.27077287038
2	2	2	2	1	21596.96229046685
2	2	2	2	2	11780.835796168958
2	2	2	2	3	20064.155044092862
2	2	2	3	1	24983.63766144206
2	2	2	3	2	12941.977595116501
2	2	2	3	3	22222.66484106019
2	2	2	4	1	28211.306628635313
2	2	2	4	2	16477.143456611593
2	2	2	4	3	24142.971210708412
2	2	2	5	1	39032.398490704305
2	2	2	5	2	29382.177144587666
2	2	2	5	3	38393.298606056465
2	2	2	6	1	133566.45888550606
2	2	2	6	2	148285.09720526467
2	2	2	6	3	108025.99565015596
2	2	3	0	1	12362.6693599303
2	2	3	0	2	7643.663672356872
2	2	3	0	3	10515.082742025399
2	2	3	1	1	24530.954090962605
2	2	3	1	2	12741.251011518756
2	2	3	1	3	18403.077383578722
2	2	3	2	1	23897.499570227374
2	2	3	2	2	14167.476828412939
2	2	3	2	3	16911.171830550993
2	2	3	3	1	26205.132762306806
2	2	3	3	2	13101.99573209368
2	2	3	3	3	20158.72892605168
2	2	3	4	1	28741.711154544144
2	2	3	4	2	14464.276955671405
2	2	3	4	3	20236.70016739618
2	2	3	5	1	54481.28259318457
2	2	3	5	2	26121.007022495935
2	2	3	5	3	35234.64298314989
2	2	3	6	1	91591.36051138736
2	2	3	6	2	105792.32946054806
2	2	3	6	3	96006.07809920475
2	2	4	0	1	10640.678036363388
2	2	4	0	2	8169.795161797888
2	2	4	0	3	10130.576739583023
2	2	4	1	1	22466.59818644469
2	2	4	1	2	12929.488025604558
2	2	4	1	3	20089.708454168645
2	2	4	2	1	27278.07268834972
2	2	4	2	2	11034.244596892164
2	2	4	2	3	19849.72680461843
2	2	4	3	1	26544.897986441872
2	2	4	3	2	15583.060572425078
2	2	4	3	3	20526.518142947847
2	2	4	4	1	29618.354236155537
2	2	4	4	2	16134.26829816059
2	2	4	4	3	26472.336353096158
2	2	4	5	1	49175.263746351295
2	2	4	5	2	28234.06728748638
2	2	4	5	3	40779.2144487882
2	2	4	6	1	148243.00637994203
2	2	4	6	2	103515.32538516821
2	2	4	6	3	79693.60531807489
2	2	5	0	1	12081.756735217961
2	2	5	0	2	7612.289733940976
2	2	5	0	3	10531.870454273183
2	2	5	1	1	23871.487800674524
2	2	5	1	2	11741.0258898062
2	2	5	1	3	24771.54508112464
2	2	5	2	1	24369.243884932926
2	2	5	2	2	12531.232937398003
2	2	5	2	3	20497.118436240213
2	2	5	3	1	26006.06768253728
2	2	5	3	2	11097.312779667067
2	2	5	3	3	19303.88562851189
2	2	5	4	1	32620.035493897038
2	2	5	4	2	17066.29327079243
2	2	5	4	3	25619.860244344323
2	2	5	5	1	65500.160170098825
2	2	5	5	2	34208.85077716477
2	2	5	5	3	41455.39820925721
2	2	5	6	1	311069.65939172456
2	2	5	6	2	128800.82920402772
2	2	5	6	3	131432.540263542
2	2	6	0	1	12285.11719276294
2	2	6	0	2	7940.319664933541
2	2	6	0	3	9501.986478715568
2	2	6	1	1	22231.157020103346
2	2	6	1	2	12359.042296488744
2	2	6	1	3	21641.479482888273
2	2	6	2	1	22147.695760856986
2	2	6	2	2	13467.081222884866
2	2	6	2	3	17644.003180926535
2	2	6	3	1	26917.281748103098
2	2	6	3	2	17416.431924901874
2	2	6	3	3	21332.26232970379
2	2	6	4	1	36668.49460339169
2	2	6	4	2	19710.9200652365
2	2	6	4	3	26956.139661230212
2	2	6	5	1	79694.61782722228
2	2	6	5	2	43808.320057366414
2	2	6	5	3	40053.41832697697
2	2	6	6	1	262422.76606488787
2	2	6	6	2	190492.12855232257
2	2	6	6	3	220403.25747152377
2	2	7	0	1	12122.48690401501
2	2	7	0	2	7630.789819333931
2	2	7	0	3	9977.383349107851
2	2	7	1	1	22406.746200821042
2	2	7	1	2	12080.920698159007
2	2	7	1	3	24068.142428105915
2	2	7	2	1	23386.216455713347
2	2	7	2	2	14251.783022210639
2	2	7	2	3	21335.670532432006
2	2	7	3	1	28584.28708858214
2	2	7	3	2	14686.213650116431
2	2	7	3	3	24967.85202785451
2	2	7	4	1	38110.12483166385
2	2	7	4	2	25306.655964242505
2	2	7	4	3	23534.099989679406
2	2	7	5	1	79845.03849838677
2	2	7	5	2	51936.35982796391
2	2	7	5	3	49937.186815718
2	2	7	6	1	322577.84731275827
2	2	7	6	2	151750.59307552633
2	2	7	6	3	241925.45601233977
2	3	0	0	1	12273.288078554382
2	3	0	0	2	9232.053020502219
2	3	0	0	3	10648.460928529375
2	3	0	1	1	28275.653234528458
2	3	0	1	2	21647.84793752089
2	3	0	1	3	24675.69124310138
2	3	0	2	1	23219.81906047159
2	3	0	2	2	20634.0361110006
2	3	0	2	3	16099.996137555632
2	3	0	3	1	36603.82984018656
2	3	0	3	2	28308.943793103386
2	3	0	3	3	24652.922495767532
2	3	0	4	1	67084.50248079917
2	3	0	4	2	71742.76400714065
2	3	0	4	3	54063.486584444094
2	3	0	5	1	106437.75325623847
2	3	0	5	2	210364.22971650187
2	3	0	5	3	105817.0429858861
2	3	0	6	1	1074568.7779757685
2	3	0	6	2	314220.61717059684
2	3	0	6	3	230231.6338182356
2	3	1	0	1	12588.866169634464
2	3	1	0	2	8652.569352650278
2	3	1	0	3	9008.896181851362
2	3	1	1	1	20647.013936685653
2	3	1	1	2	11502.410120615788
2	3	1	1	3	18784.14544776074
2	3	1	2	1	20835.566713269567
2	3	1	2	2	13947.591655242853
2	3	1	2	3	20388.605514747003
2	3	1	3	1	18972.075805128472
2	3	1	3	2	16282.411828539101
2	3	1	3	3	19133.28244583652
2	3	1	4	1	28588.918626795876
2	3	1	4	2	15021.179039452629
2	3	1	4	3	20591.85748337898
2	3	1	5	1	42818.07647806777
2	3	1	5	2	25200.648150894165
2	3	1	5	3	36278.85336118036
2	3	1	6	1	138040.68796913297
2	3	1	6	2	73896.9353215308
2	3	1	6	3	99044.70534730313
2	3	2	0	1	12539.370745507214
2	3	2	0	2	8032.747997614728
2	3	2	0	3	10607.461241935836
2	3	2	1	1	24111.413682541366
2	3	2	1	2	13748.472839992994
2	3	2	1	3	23318.099097342318
2	3	2	2	1	24345.154762845064
2	3	2	2	2	14630.506237775413
2	3	2	2	3	22188.231194574364
2	3	2	3	1	22436.028645332946
2	3	2	3	2	13458.998426036618
2	3	2	3	3	19461.093783584518
2	3	2	4	1	26816.138159461745
2	3	2	4	2	16319.708213957456
2	3	2	4	3	22315.44694444981
2	3	2	5	1	46975.21524183072
2	3	2	5	2	28829.865306424173
2	3	2	5	3	33941.68524087371
2	3	2	6	1	78716.22029119272
2	3	2	6	2	86569.88191546976
2	3	2	6	3	69362.69762592678
2	3	3	0	1	11325.290889490305
2	3	3	0	2	8037.592459832705
2	3	3	0	3	10290.78167264353
2	3	3	1	1	20592.34484398164
2	3	3	1	2	12147.768812012648
2	3	3	1	3	21830.792643290395
2	3	3	2	1	25594.209868779
2	3	3	2	2	16943.804881117794
2	3	3	2	3	15208.717862817208
2	3	3	3	1	26921.765769293597
2	3	3	3	2	14709.916919578613
2	3	3	3	3	21956.861727360912
2	3	3	4	1	34053.49143120292
2	3	3	4	2	16760.35388928175
2	3	3	4	3	21057.04317164729
2	3	3	5	1	47251.189729456244
2	3	3	5	2	25838.247013772743
2	3	3	5	3	31708.616759412143
2	3	3	6	1	95954.10969432488
2	3	3	6	2	117805.70647403672
2	3	3	6	3	83738.72682307402
2	3	4	0	1	13804.807680773421
2	3	4	0	2	7930.11002703699
2	3	4	0	3	10053.945556825533
2	3	4	1	1	23467.702220572206
2	3	4	1	2	11456.185335088221
2	3	4	1	3	23481.577638233073
2	3	4	2	1	19640.49907390832
2	3	4	2	2	10746.246341670378
2	3	4	2	3	18416.228497482563
2	3	4	3	1	27065.61031271921
2	3	4	3	2	14779.287388595696
2	3	4	3	3	22128.86152860405
2	3	4	4	1	24770.306242883868
2	3	4	4	2	15918.873384508912
2	3	4	4	3	22931.31347711042
2	3	4	5	1	48582.44189140895
2	3	4	5	2	28992.56895365484
2	3	4	5	3	37240.53793169778
2	3	4	6	1	115381.27708213248
2	3	4	6	2	107832.32008362305
2	3	4	6	3	86668.5019293088
2	3	5	0	1	12648.955534280236
2	3	5	0	2	8079.470569989691
2	3	5	0	3	11182.552868965533
2	3	5	1	1	23673.964313535755
2	3	5	1	2	13469.508345078413
2	3	5	1	3	20847.99997603702
2	3	5	2	1	22216.27156105188
2	3	5	2	2	11466.971144857262
2	3	5	2	3	21168.222993739684
2	3	5	3	1	27583.605062906714
2	3	5	3	2	14732.681548412464
2	3	5	3	3	19941.953931237123
2	3	5	4	1	38486.629847320815
2	3	5	4	2	16442.378663315747
2	3	5	4	3	24554.62951272972
2	3	5	5	1	36979.285086353084
2	3	5	5	2	31487.604801834328
2	3	5	5	3	34490.72010013398
2	3	5	6	1	86642.59899245061
2	3	5	6	2	95697.62196234404
2	3	5	6	3	102000.67474507721
2	3	6	0	1	11072.784176388755
2	3	6	0	2	8148.062613380297
2	3	6	0	3	10036.399998985082
2	3	6	1	1	20314.95175988155
2	3	6	1	2	20368.41983255775
2	3	6	1	3	24833.037084027143
2	3	6	2	1	20545.071917937064
2	3	6	2	2	17044.00312971735
2	3	6	2	3	18589.38644576065
2	3	6	3	1	36276.43793684291
2	3	6	3	2	13985.409335703142
2	3	6	3	3	21506.75581970747
2	3	6	4	1	38742.50550251218
2	3	6	4	2	20314.48504158212
2	3	6	4	3	28906.368176108695
2	3	6	5	1	60341.84654621731
2	3	6	5	2	26634.664049473737
2	3	6	5	3	40889.140382518955
2	3	6	6	1	212612.24662029094
2	3	6	6	2	141118.28581752162
2	3	6	6	3	126045.36737263922
2	3	7	0	1	12476.176324479968
2	3	7	0	2	7532.996037683048
2	3	7	0	3	11508.24406525875
2	3	7	1	1	26378.587540405246
2	3	7	1	2	11824.420373050198
2	3	7	1	3	23343.45859651164
2	3	7	2	1	29570.130197076032
2	3	7	2	2	11743.28505238971
2	3	7	2	3	21070.705788724434
2	3	7	3	1	28076.70739795824
2	3	7	3	2	14983.170306235226
2	3	7	3	3	21764.761525982987
2	3	7	4	1	50139.4981377468
2	3	7	4	2	14623.113893526746
2	3	7	4	3	27405.839832034606
2	3	7	5	1	54846.04722684218
2	3	7	5	2	42299.17926451829
2	3	7	5	3	49800.63512827555
2	3	7	6	1	141551.17802217047
2	3	7	6	2	111434.77227384955
2	3	7	6	3	94839.8258075031
2	4	0	0	1	11781.978602832163
2	4	0	0	2	8526.017944431554
2	4	0	0	3	9932.18537325517
2	4	0	1	1	23330.479745669123
2	4	0	1	2	14327.635519604022
2	4	0	1	3	22481.527469965316
2	4	0	2	1	31931.588913728145
2	4	0	2	2	21062.847207640516
2	4	0	2	3	23282.605251557656
2	4	0	3	1	31513.735247865134
2	4	0	3	2	27047.420718957674
2	4	0	3	3	35340.80806447942
2	4	0	4	1	53134.46930199527
2	4	0	4	2	48417.269994769114
2	4	0	4	3	31559.279199029188
2	4	0	5	1	188228.41355800282
2	4	0	5	2	588673.1506559369
2	4	0	5	3	139745.09793500442
2	4	0	6	1	188728.96326889476
2	4	0	6	2	397282.0190545734
2	4	0	6	3	492462.6291621281
2	4	1	0	1	11997.209304229722
2	4	1	0	2	7435.834867787356
2	4	1	0	3	12014.286114430663
2	4	1	1	1	15038.719414731298
2	4	1	1	2	14686.380039465432
2	4	1	1	3	18068.958320071837
2	4	1	2	1	19270.288838225297
2	4	1	2	2	15111.860942976797
2	4	1	2	3	12550.754293390233
2	4	1	3	1	14893.71044619494
2	4	1	3	2	14278.26509331994
2	4	1	3	3	15307.363652753633
2	4	1	4	1	26081.528179579615
2	4	1	4	2	14296.05293626506
2	4	1	4	3	24726.417546355802
2	4	1	5	1	51266.712977565025
2	4	1	5	2	25916.26780458034
2	4	1	5	3	37420.84440662788
2	4	1	6	1	129519.2994818021
2	4	1	6	2	111529.51468102854
2	4	1	6	3	85544.61582809332
2	4	2	0	1	9094.229500939526
2	4	2	0	2	8058.63248841667
2	4	2	0	3	10709.464077149705
2	4	2	1	1	26347.558442580175
2	4	2	1	2	8990.33917677279
2	4	2	1	3	19757.057523219468
2	4	2	2	1	24721.559862330356
2	4	2	2	2	13588.52553042839
2	4	2	2	3	23594.749856148865
2	4	2	3	1	28005.985819919784
2	4	2	3	2	10646.711270401935
2	4	2	3	3	22639.33977539422
2	4	2	4	1	26576.495073586746
2	4	2	4	2	16924.073890211923
2	4	2	4	3	22888.078895725528
2	4	2	5	1	42765.47547429651
2	4	2	5	2	32132.895123971455
2	4	2	5	3	30597.673719972114
2	4	2	6	1	85972.3319520579
2	4	2	6	2	82593.94200305126
2	4	2	6	3	70929.05262224042
2	4	3	0	1	12789.463032131636
2	4	3	0	2	8159.306477396034
2	4	3	0	3	10152.843042160368
2	4	3	1	1	28951.468607771876
2	4	3	1	2	14882.056566599056
2	4	3	1	3	22177.59676250787
2	4	3	2	1	35639.79331136064
2	4	3	2	2	9251.652019991714
2	4	3	2	3	15259.082893214581
2	4	3	3	1	24481.913874193735
2	4	3	3	2	16681.493085833958
2	4	3	3	3	22399.304278910848
2	4	3	4	1	35261.19227685047
2	4	3	4	2	19773.357880554202
2	4	3	4	3	21841.481901181825
2	4	3	5	1	54644.75946681417
2	4	3	5	2	25798.571422488763
2	4	3	5	3	35824.63532202573
2	4	3	6	1	103818.69107881501
2	4	3	6	2	95056.61730472605
2	4	3	6	3	85118.44445183678
2	4	4	0	1	11098.504365905446
2	4	4	0	2	7080.616451614687
2	4	4	0	3	9890.124561103676
2	4	4	1	1	25758.721570785066
2	4	4	1	2	11985.89205657866
2	4	4	1	3	20964.55963553913
2	4	4	2	1	18512.60189661619
2	4	4	2	2	14309.059510823976
2	4	4	2	3	21300.423548595478
2	4	4	3	1	24555.300560327545
2	4	4	3	2	17049.29798593005
2	4	4	3	3	25804.30430886794
2	4	4	4	1	36176.27132696828
2	4	4	4	2	18556.181988840945
2	4	4	4	3	23060.5179185861
2	4	4	5	1	34737.467956882116
2	4	4	5	2	25588.4382568769
2	4	4	5	3	40496.412761788844
2	4	4	6	1	111829.60360321468
2	4	4	6	2	70816.45143119022
2	4	4	6	3	68466.7792086016
2	4	5	0	1	9383.648067722474
2	4	5	0	2	7820.261584455764
2	4	5	0	3	9884.02338555346
2	4	5	1	1	27772.593730667606
2	4	5	1	2	14049.500222335197
2	4	5	1	3	28880.51590311824
2	4	5	2	1	31837.4077769606
2	4	5	2	2	9960.87336924977
2	4	5	2	3	21125.44856109126
2	4	5	3	1	25465.655301283157
2	4	5	3	2	16691.30461305524
2	4	5	3	3	24423.60617398215
2	4	5	4	1	34875.17330933192
2	4	5	4	2	22569.984873521153
2	4	5	4	3	28893.586160308234
2	4	5	5	1	40565.48991113853
2	4	5	5	2	26899.537463362314
2	4	5	5	3	40235.45001449001
2	4	5	6	1	109278.2348588857
2	4	5	6	2	69223.61240464373
2	4	5	6	3	87724.325317801
2	4	6	0	1	14256.808890859777
2	4	6	0	2	7699.083194334943
2	4	6	0	3	11765.454119590864
2	4	6	1	1	24946.205360288965
2	4	6	1	2	15329.689005053253
2	4	6	1	3	22406.789171636297
2	4	6	2	1	29702.58225382433
2	4	6	2	2	10773.567172428373
2	4	6	2	3	17507.585059599518
2	4	6	3	1	24653.57383779968
2	4	6	3	2	17473.641828278545
2	4	6	3	3	23262.122856832582
2	4	6	4	1	38423.119752667815
2	4	6	4	2	19768.15105163206
2	4	6	4	3	22100.319323879907
2	4	6	5	1	60989.054858838506
2	4	6	5	2	29105.75186177817
2	4	6	5	3	42157.04963955874
2	4	6	6	1	149402.50483700522
2	4	6	6	2	112063.38421340696
2	4	6	6	3	89906.59910702812
2	4	7	0	1	12430.499752580028
2	4	7	0	2	7514.760802911081
2	4	7	0	3	10643.759530384968
2	4	7	1	1	27987.319605166045
2	4	7	1	2	12373.997215809628
2	4	7	1	3	22765.45624648585
2	4	7	2	1	24157.970317721334
2	4	7	2	2	16065.001885527066
2	4	7	2	3	19399.310849732516
2	4	7	3	1	35846.812223850655
2	4	7	3	2	15505.258916842638
2	4	7	3	3	28205.352933551592
2	4	7	4	1	36702.88988724969
2	4	7	4	2	21685.348851649436
2	4	7	4	3	20739.40841219286
2	4	7	5	1	57068.22318568298
2	4	7	5	2	36133.140010229174
2	4	7	5	3	46114.72627190391
2	4	7	6	1	101737.05056889934
2	4	7	6	2	130329.16992144805
2	4	7	6	3	94306.43906583825
2	5	0	0	1	14523.470004010025
2	5	0	0	2	9697.974033174713
2	5	0	0	3	13462.057140824305
2	5	0	1	1	16938.475928858665
2	5	0	1	2	17279.78578310824
2	5	0	1	3	29573.480550801185
2	5	0	2	1	17967.203537816833
2	5	0	2	2	24829.602839609917
2	5	0	2	3	16602.498622984054
2	5	0	3	1	36528.64947372955
2	5	0	3	2	15897.139926827522
2	5	0	3	3	24127.99681451918
2	5	0	4	1	664980.297597317
2	5	0	4	2	53373.35944748163
2	5	0	4	3	41867.28624505395
2	5	0	5	1	253030.94212404426
2	5	0	5	2	550419.7451876545
2	5	0	5	3	407986.0354630518
2	5	0	6	1	1003166.5116853073
2	5	0	6	2	655446.3095811537
2	5	0	6	3	473964.57992055913
2	5	1	0	1	11014.615583448627
2	5	1	0	2	7760.760399497849
2	5	1	0	3	9627.54965324707
2	5	1	1	1	23146.602049062392
2	5	1	1	2	9033.207772332049
2	5	1	1	3	20671.29329851532
2	5	1	2	1	19016.96450368966
2	5	1	2	2	10745.53050434974
2	5	1	2	3	20132.679937281642
2	5	1	3	1	30445.171319153415
2	5	1	3	2	11907.553233964869
2	5	1	3	3	14831.466177663053
2	5	1	4	1	25021.43851259462
2	5	1	4	2	21149.989973302054
2	5	1	4	3	21475.48754710303
2	5	1	5	1	42577.25015197201
2	5	1	5	2	25099.34560411646
2	5	1	5	3	49880.946940298854
2	5	1	6	1	91769.78362557064
2	5	1	6	2	76946.09601183655
2	5	1	6	3	91228.95416467011
2	5	2	0	1	12125.439420417311
2	5	2	0	2	8316.375406804667
2	5	2	0	3	10199.196952896267
2	5	2	1	1	30509.738102544397
2	5	2	1	2	15258.659832412313
2	5	2	1	3	27068.64797559863
2	5	2	2	1	32754.911978146105
2	5	2	2	2	7153.4814074286005
2	5	2	2	3	21459.01697575412
2	5	2	3	1	12588.405504189213
2	5	2	3	2	24307.16962932951
2	5	2	3	3	14943.11175552928
2	5	2	4	1	29672.42749897028
2	5	2	4	2	14245.538681337373
2	5	2	4	3	27972.492478658813
2	5	2	5	1	52845.72339859615
2	5	2	5	2	25797.56185469841
2	5	2	5	3	41338.04486517128
2	5	2	6	1	67934.9479559543
2	5	2	6	2	92098.09900238948
2	5	2	6	3	86264.49691556713
2	5	3	0	1	18972.218830873084
2	5	3	0	2	5239.53317332119
2	5	3	0	3	12088.396830362593
2	5	3	1	1	38961.26471834881
2	5	3	1	2	9236.214693689875
2	5	3	1	3	20511.7907868548
2	5	3	2	1	24271.54846038686
2	5	3	2	2	12960.062190607538
2	5	3	2	3	18423.29350963814
2	5	3	3	1	51566.89809927986
2	5	3	3	2	15393.864984290441
2	5	3	3	3	22840.09631627283
2	5	3	4	1	39462.80179705605
2	5	3	4	2	15448.382215193296
2	5	3	4	3	17142.09276040227
2	5	3	5	1	65959.39755569227
2	5	3	5	2	30362.198437962797
2	5	3	5	3	35632.08863946059
2	5	3	6	1	84381.71452046331
2	5	3	6	2	92568.54295936163
2	5	3	6	3	93504.75009447586
2	5	4	0	1	11679.368044944975
2	5	4	0	2	6738.803214047586
2	5	4	0	3	9454.70424078384
2	5	4	1	1	29915.471167168507
2	5	4	1	2	8153.706139943301
2	5	4	1	3	17953.177271373846
2	5	4	2	1	29260.205929405947
2	5	4	2	2	15369.73268763327
2	5	4	2	3	14928.097721573311
2	5	4	3	1	28376.860273221053
2	5	4	3	2	8963.857196081999
2	5	4	3	3	12544.074657398623
2	5	4	4	1	26243.109661385282
2	5	4	4	2	13689.545003630381
2	5	4	4	3	26839.238680769155
2	5	4	5	1	57923.264399369305
2	5	4	5	2	21463.327326227733
2	5	4	5	3	53210.69526267345
2	5	4	6	1	106170.77977181389
2	5	4	6	2	75012.08448575958
2	5	4	6	3	70923.02111205224
2	5	5	0	1	16741.844338893337
2	5	5	0	2	9610.322546799294
2	5	5	0	3	10896.794628103124
2	5	5	1	1	20060.70905295128
2	5	5	1	2	15531.791512054173
2	5	5	1	3	18927.58045193633
2	5	5	2	1	19747.30360484215
2	5	5	2	2	7442.098389039492
2	5	5	2	3	28537.331850288996
2	5	5	3	1	33388.25824147788
2	5	5	3	2	10471.601532840312
2	5	5	3	3	20359.747297371934
2	5	5	4	1	54202.89859907511
2	5	5	4	2	19060.170339066968
2	5	5	4	3	23079.625138384145
2	5	5	5	1	51165.214213305226
2	5	5	5	2	28400.200471818218
2	5	5	5	3	41587.15317513278
2	5	5	6	1	123849.02515017973
2	5	5	6	2	112074.18786458392
2	5	5	6	3	104047.23008126815
2	5	6	0	1	11156.142938696285
2	5	6	0	2	7756.410106432725
2	5	6	0	3	11690.271423447926
2	5	6	1	1	24505.62909840355
2	5	6	1	2	11667.840853303507
2	5	6	1	3	21405.89073771026
2	5	6	2	1	22696.559693781375
2	5	6	2	2	12056.657209518185
2	5	6	2	3	17532.632758875698
2	5	6	3	1	25831.925007782404
2	5	6	3	2	16208.302587335882
2	5	6	3	3	17528.153959781535
2	5	6	4	1	42679.28134552128
2	5	6	4	2	13708.092134792936
2	5	6	4	3	24372.511002792613
2	5	6	5	1	53197.71701684018
2	5	6	5	2	31553.516735528192
2	5	6	5	3	48245.04342202017
2	5	6	6	1	168129.22107547036
2	5	6	6	2	108123.84374108516
2	5	6	6	3	100044.31482548837
2	5	7	0	1	12337.997135983122
2	5	7	0	2	7439.454887701311
2	5	7	0	3	11331.08443105765
2	5	7	1	1	25154.973649932595
2	5	7	1	2	17865.045932328263
2	5	7	1	3	23172.078536942066
2	5	7	2	1	21375.657121650624
2	5	7	2	2	11884.137401488537
2	5	7	2	3	19719.761032979775
2	5	7	3	1	20380.779060926037
2	5	7	3	2	12029.42294522523
2	5	7	3	3	16079.141642334504
2	5	7	4	1	32764.905916228177
2	5	7	4	2	15133.63110870963
2	5	7	4	3	30452.56023168289
2	5	7	5	1	57431.298258222225
2	5	7	5	2	36719.51603919573
2	5	7	5	3	44566.22554844506
2	5	7	6	1	121831.79796299228
2	5	7	6	2	116244.80182000113
2	5	7	6	3	118857.33495913463
2	6	0	0	1	11143.810052686924
2	6	0	0	2	7709.6193675592785
2	6	0	0	3	10716.503889865246
2	6	0	1	1	17115.09518750142
2	6	0	1	2	15383.566850068728
2	6	0	1	3	34975.40705877232
2	6	0	2	1	27989.15742333992
2	6	0	2	2	15796.6367703899
2	6	0	2	3	10620.06187432178
2	6	0	3	1	31285.575307864056
2	6	0	3	2	12779.53422449137
2	6	0	3	3	22574.69149771653
2	6	0	4	1	24202.988042313464
2	6	0	4	2	181783.93855553647
2	6	0	4	3	40255.39855451789
2	6	0	5	1	842881.4240809489
2	6	0	5	2	416905.3432046573
2	6	0	5	3	66482.2426579785
2	6	0	6	1	4400244.118602736
2	6	0	6	2	713292.4502824623
2	6	0	6	3	653862.4637339108
2	6	1	0	1	7610.030179825345
2	6	1	0	2	7316.983778344246
2	6	1	0	3	9813.218667145095
2	6	1	1	1	13669.580597295248
2	6	1	1	2	18115.439838987695
2	6	1	1	3	29007.39645300809
2	6	1	2	1	24729.994593829524
2	6	1	2	2	9996.547925219926
2	6	1	2	3	13323.316748565978
2	6	1	3	1	24676.833154380172
2	6	1	3	2	2866.5456707187827
2	6	1	3	3	10546.45957244352
2	6	1	4	1	27225.645780534876
2	6	1	4	2	16737.190500542987
2	6	1	4	3	27507.970265711952
2	6	1	5	1	59427.06352713347
2	6	1	5	2	25656.647662708383
2	6	1	5	3	37510.21792459465
2	6	1	6	1	191446.9084167324
2	6	1	6	2	66074.94391654841
2	6	1	6	3	107231.96353725062
2	6	2	0	1	14838.480695594528
2	6	2	0	2	5409.923832930789
2	6	2	0	3	9331.501779323693
2	6	2	1	1	13709.888979862655
2	6	2	1	2	10689.48230945758
2	6	2	1	3	28922.20846172482
2	6	2	2	1	15314.955339554466
2	6	2	2	2	7291.445714847167
2	6	2	2	3	35133.20270840281
2	6	2	3	1	25383.825150033597
2	6	2	3	2	8156.375007699908
2	6	2	3	3	25459.974116421527
2	6	2	4	1	17970.826459437703
2	6	2	4	2	15089.220318249263
2	6	2	4	3	24370.105058854442
2	6	2	5	1	68344.10767811464
2	6	2	5	2	18922.103304190077
2	6	2	5	3	42381.07736575605
2	6	2	6	1	128961.68603642787
2	6	2	6	2	95570.21727178589
2	6	2	6	3	72391.53650200093
2	6	3	0	1	13589.25015706118
2	6	3	0	2	5785.671791792722
2	6	3	0	3	9809.653201497773
2	6	3	1	1	30298.506286585878
2	6	3	1	2	2989.371528393126
2	6	3	1	3	26744.18937842355
2	6	3	2	1	26345.00606836962
2	6	3	2	2	7880.095375875479
2	6	3	2	3	14285.513597188507
2	6	3	3	1	32781.56330447906
2	6	3	3	2	7871.42324913031
2	6	3	3	3	23509.05283616963
2	6	3	4	1	28147.114768882322
2	6	3	4	2	23758.895228645626
2	6	3	4	3	17771.56537034434
2	6	3	5	1	40454.38271473192
2	6	3	5	2	16586.27261341
2	6	3	5	3	36154.719169501215
2	6	3	6	1	125634.45298971228
2	6	3	6	2	56288.58339950628
2	6	3	6	3	85774.65129242162
2	6	4	0	1	7890.705979664081
2	6	4	0	2	8890.751265461713
2	6	4	0	3	12772.038083575964
2	6	4	1	1	8405.236087705576
2	6	4	1	2	7735.5081244359935
2	6	4	1	3	23182.727853797544
2	6	4	2	1	25455.890684090526
2	6	4	2	2	9621.484547640855
2	6	4	2	3	15242.765089199715
2	6	4	3	1	21311.210670917928
2	6	4	3	2	12698.86516708821
2	6	4	3	3	11953.88603958764
2	6	4	4	1	25948.6249579781
2	6	4	4	2	10341.175804822808
2	6	4	4	3	25189.434983094958
2	6	4	5	1	64799.06184082416
2	6	4	5	2	21883.309553902443
2	6	4	5	3	29719.213866964965
2	6	4	6	1	54508.66717616749
2	6	4	6	2	92630.11590453854
2	6	4	6	3	83228.53002247609
2	6	5	0	1	17385.717268852757
2	6	5	0	2	7723.986507791048
2	6	5	0	3	11067.421024036272
2	6	5	1	1	28956.609214370368
2	6	5	1	2	10395.594992238179
2	6	5	1	3	17386.853881373077
2	6	5	2	1	26726.57667588908
2	6	5	2	2	6791.9635685835165
2	6	5	2	3	21616.172738445897
2	6	5	3	1	26562.57119614786
2	6	5	3	2	8707.896792511088
2	6	5	3	3	17721.405851492862
2	6	5	4	1	28304.603315737404
2	6	5	4	2	16184.98313424227
2	6	5	4	3	26543.546566721663
2	6	5	5	1	79905.20916331118
2	6	5	5	2	18142.775498482897
2	6	5	5	3	51947.96874589966
2	6	5	6	1	533500.0256327292
2	6	5	6	2	67762.85930700252
2	6	5	6	3	109702.84717067474
2	6	6	0	1	8557.109837088245
2	6	6	0	2	6789.848669390238
2	6	6	0	3	10157.379899009593
2	6	6	1	1	13304.564878688825
2	6	6	1	2	13821.755968724741
2	6	6	1	3	23616.970409395173
2	6	6	2	1	27184.78183492263
2	6	6	2	2	10764.566422237533
2	6	6	2	3	17245.346979178543
2	6	6	3	1	15294.506241687997
2	6	6	3	2	10104.277097692913
2	6	6	3	3	14726.62134484937
2	6	6	4	1	17807.420801908498
2	6	6	4	2	12514.085039329128
2	6	6	4	3	21736.627830017187
2	6	6	5	1	54467.612283874354
2	6	6	5	2	24837.313973988876
2	6	6	5	3	57309.24687216526
2	6	6	6	1	221943.42223131555
2	6	6	6	2	150081.4728484125
2	6	6	6	3	138529.01007112494
2	6	7	0	1	9445.751576034418
2	6	7	0	2	5237.744387438048
2	6	7	0	3	9075.056829430363
2	6	7	1	1	21426.549533346537
2	6	7	1	2	6465.176700930062
2	6	7	1	3	22686.491428038302
2	6	7	2	1	30099.56085832751
2	6	7	2	2	8301.430218112033
2	6	7	2	3	22881.55568471463
2	6	7	3	1	29521.58947804329
2	6	7	3	2	12176.056545088151
2	6	7	3	3	19787.02913502418
2	6	7	4	1	46987.80083295169
2	6	7	4	2	20263.306983788647
2	6	7	4	3	11292.71310027497
2	6	7	5	1	57648.376384547024
2	6	7	5	2	34857.25689557499
2	6	7	5	3	47188.06934595552
2	6	7	6	1	1458357.4696618074
2	6	7	6	2	106480.32447482987
2	6	7	6	3	124216.1505867684
3	0	0	0	1	8666.480203923884
3	0	0	0	2	6530.563165911008
3	0	0	0	3	8038.41550802205
3	0	0	1	1	14678.79683327714
3	0	0	1	2	9633.853310973467
3	0	0	1	3	13850.282502649274
3	0	0	2	1	15871.427815344758
3	0	0	2	2	10801.245346086285
3	0	0	2	3	13295.791250395758
3	0	0	3	1	23837.668903088066
3	0	0	3	2	17813.397748535703
3	0	0	3	3	19960.183572465212
3	0	0	4	1	83958.91632978182
3	0	0	4	2	93739.59654329764
3	0	0	4	3	58997.77768018726
3	0	0	5	1	1295154.2846402193
3	0	0	5	2	1327142.339296393
3	0	0	5	3	841790.5302833375
3	0	0	6	1	4064990.2578510847
3	0	0	6	2	5091447.369262204
3	0	0	6	3	3451051.9926719554
3	0	1	0	1	7831.077221471298
3	0	1	0	2	5249.058322857035
3	0	1	0	3	7441.711136093003
3	0	1	1	1	13340.504106816035
3	0	1	1	2	7610.077122890785
3	0	1	1	3	12476.951898126294
3	0	1	2	1	14351.977072223732
3	0	1	2	2	8575.60006567378
3	0	1	2	3	12774.36821724876
3	0	1	3	1	22960.318116190218
3	0	1	3	2	13288.840123327871
3	0	1	3	3	17351.321402462763
3	0	1	4	1	61252.06585814711
3	0	1	4	2	72053.19709627765
3	0	1	4	3	50206.04613266631
3	0	1	5	1	1076989.6690623828
3	0	1	5	2	1142771.5765389763
3	0	1	5	3	630510.1170278895
3	0	1	6	1	4965469.346801523
3	0	1	6	2	4346019.4366457015
3	0	1	6	3	3760585.2223245404
3	0	2	0	1	7561.828760330674
3	0	2	0	2	5515.754387895644
3	0	2	0	3	7462.684605728513
3	0	2	1	1	13083.419726090842
3	0	2	1	2	7742.638440756818
3	0	2	1	3	13569.75109156947
3	0	2	2	1	13659.508278304176
3	0	2	2	2	8773.498266624303
3	0	2	2	3	12804.42443532219
3	0	2	3	1	20694.149866174725
3	0	2	3	2	14831.570621404004
3	0	2	3	3	18110.24199995379
3	0	2	4	1	57297.63449498406
3	0	2	4	2	83528.55413278191
3	0	2	4	3	54632.843594841324
3	0	2	5	1	1307468.2599077479
3	0	2	5	2	1296236.5856005452
3	0	2	5	3	677306.4127176167
3	0	2	6	1	2441908.459438784
3	0	2	6	2	5287704.806272604
3	0	2	6	3	3518120.28236493
3	0	3	0	1	8405.188766550778
3	0	3	0	2	5561.065895079436
3	0	3	0	3	7446.6245482984505
3	0	3	1	1	14389.152703094222
3	0	3	1	2	9389.882621671186
3	0	3	1	3	12546.9820207907
3	0	3	2	1	14441.410734538471
3	0	3	2	2	9134.709928147466
3	0	3	2	3	12306.019962338312
3	0	3	3	1	21066.806581171797
3	0	3	3	2	13860.256219363633
3	0	3	3	3	16556.83669351935
3	0	3	4	1	56825.518376691594
3	0	3	4	2	62828.647204596055
3	0	3	4	3	43667.484194488585
3	0	3	5	1	1118207.305090718
3	0	3	5	2	1225423.4520502128
3	0	3	5	3	528085.3219999449
3	0	3	6	1	2183559.0124787847
3	0	3	6	2	4812803.435805337
3	0	3	6	3	1598154.107191495
3	0	4	0	1	7579.468179901665
3	0	4	0	2	5576.520602212277
3	0	4	0	3	7502.345794037984
3	0	4	1	1	13851.96286208114
3	0	4	1	2	7962.988866373293
3	0	4	1	3	13173.05626713158
3	0	4	2	1	13284.186731866605
3	0	4	2	2	8703.493185550586
3	0	4	2	3	12642.510720052393
3	0	4	3	1	20900.736721497768
3	0	4	3	2	13918.37763848458
3	0	4	3	3	17155.507743238126
3	0	4	4	1	59210.550872439904
3	0	4	4	2	64336.62416267599
3	0	4	4	3	45912.05035745917
3	0	4	5	1	682356.2026453579
3	0	4	5	2	1230823.208199099
3	0	4	5	3	633337.6118444967
3	0	4	6	1	1819751.5914432772
3	0	4	6	2	4163408.417397782
3	0	4	6	3	3578774.764424132
3	0	5	0	1	8243.633398287297
3	0	5	0	2	5647.29754736481
3	0	5	0	3	7580.67107023576
3	0	5	1	1	13492.4923778022
3	0	5	1	2	8542.190867360725
3	0	5	1	3	14532.04019114071
3	0	5	2	1	14446.144219498296
3	0	5	2	2	8374.569574405536
3	0	5	2	3	13150.796131233034
3	0	5	3	1	21890.622294716002
3	0	5	3	2	14361.288096501965
3	0	5	3	3	18193.96728855291
3	0	5	4	1	70888.32978315518
3	0	5	4	2	76168.54831193144
3	0	5	4	3	48852.937863731626
3	0	5	5	1	968612.9026503105
3	0	5	5	2	908260.6775262961
3	0	5	5	3	640592.3644693925
3	0	5	6	1	4248936.162852692
3	0	5	6	2	3959331.118980305
3	0	5	6	3	4563316.204186175
3	0	6	0	1	8830.494891835799
3	0	6	0	2	5682.053927671025
3	0	6	0	3	7429.182078810481
3	0	6	1	1	15190.77519360681
3	0	6	1	2	8416.981867360235
3	0	6	1	3	12009.479601618577
3	0	6	2	1	15457.655317969655
3	0	6	2	2	9325.047085283306
3	0	6	2	3	12780.392242028354
3	0	6	3	1	23756.00920654217
3	0	6	3	2	15011.526833433789
3	0	6	3	3	17413.87382186822
3	0	6	4	1	69697.14536866393
3	0	6	4	2	75249.494929632
3	0	6	4	3	49725.9189220509
3	0	6	5	1	911663.4367162101
3	0	6	5	2	1130290.77813801
3	0	6	5	3	514639.2415011268
3	0	6	6	1	3668809.7240956016
3	0	6	6	2	3950751.1571232337
3	0	6	6	3	2771980.689788754
3	0	7	0	1	7990.042925553182
3	0	7	0	2	5724.400861462967
3	0	7	0	3	7771.967589796365
3	0	7	1	1	14524.917807266314
3	0	7	1	2	8739.917681928997
3	0	7	1	3	13488.85099924433
3	0	7	2	1	14987.584671247689
3	0	7	2	2	8811.263646767202
3	0	7	2	3	12732.873294146566
3	0	7	3	1	23983.862327788647
3	0	7	3	2	14270.92171137611
3	0	7	3	3	20107.85175358484
3	0	7	4	1	72776.64619946481
3	0	7	4	2	77112.2421103125
3	0	7	4	3	59482.61881644187
3	0	7	5	1	1049479.6441572576
3	0	7	5	2	1245942.6386578332
3	0	7	5	3	819845.6364570195
3	0	7	6	1	3407473.4812816195
3	0	7	6	2	3781066.0014049886
3	0	7	6	3	3651430.809620505
3	1	0	0	1	11203.002275673607
3	1	0	0	2	7941.378608358648
3	1	0	0	3	9709.126174513363
3	1	0	1	1	22105.28283133101
3	1	0	1	2	15346.073431436083
3	1	0	1	3	20510.174674896545
3	1	0	2	1	26157.918567808178
3	1	0	2	2	15734.807796086177
3	1	0	2	3	21590.355108754855
3	1	0	3	1	41510.97314293856
3	1	0	3	2	26576.619667197694
3	1	0	3	3	28366.9637306978
3	1	0	4	1	102025.09244059343
3	1	0	4	2	114261.06682840672
3	1	0	4	3	72301.35554280848
3	1	0	5	1	781352.8472293213
3	1	0	5	2	911563.9233813711
3	1	0	5	3	524637.081312789
3	1	0	6	1	2494207.6163296634
3	1	0	6	2	2507884.894038424
3	1	0	6	3	3050636.5426941277
3	1	1	0	1	10840.411767174046
3	1	1	0	2	6940.587255588614
3	1	1	0	3	9650.442793154933
3	1	1	1	1	17586.850774718747
3	1	1	1	2	10747.732748866854
3	1	1	1	3	18730.836901462648
3	1	1	2	1	21797.14712157797
3	1	1	2	2	9794.12017696779
3	1	1	2	3	16426.161939748847
3	1	1	3	1	26584.85354322584
3	1	1	3	2	11528.692025693581
3	1	1	3	3	18618.13648386055
3	1	1	4	1	38651.086660182846
3	1	1	4	2	17209.11713392555
3	1	1	4	3	29349.25225286238
3	1	1	5	1	63263.32294256596
3	1	1	5	2	49163.46816917336
3	1	1	5	3	57153.20442151954
3	1	1	6	1	316539.9794420354
3	1	1	6	2	809793.2903328129
3	1	1	6	3	209021.20809588392
3	1	2	0	1	10577.095064836582
3	1	2	0	2	7030.368963726452
3	1	2	0	3	10284.947332302987
3	1	2	1	1	21224.59952540588
3	1	2	1	2	11714.489394588978
3	1	2	1	3	19703.47119953904
3	1	2	2	1	20556.858382131322
3	1	2	2	2	11123.364804905937
3	1	2	2	3	18452.346562245468
3	1	2	3	1	25032.50375434776
3	1	2	3	2	15018.302548357466
3	1	2	3	3	20512.683154412298
3	1	2	4	1	30193.745349241755
3	1	2	4	2	21182.85646837171
3	1	2	4	3	26892.76230992461
3	1	2	5	1	90880.80277137572
3	1	2	5	2	51871.01259852425
3	1	2	5	3	52981.41342021651
3	1	2	6	1	409181.58015079546
3	1	2	6	2	443462.1849225764
3	1	2	6	3	149801.35891935386
3	1	3	0	1	11755.648977905597
3	1	3	0	2	7461.291139474393
3	1	3	0	3	9902.062945473794
3	1	3	1	1	23929.3216814368
3	1	3	1	2	13168.070276539496
3	1	3	1	3	20740.626336494322
3	1	3	2	1	23189.4275398418
3	1	3	2	2	11399.28582881435
3	1	3	2	3	17184.016671999874
3	1	3	3	1	24950.16721768306
3	1	3	3	2	12325.470134850566
3	1	3	3	3	19759.780407205406
3	1	3	4	1	37425.48266782025
3	1	3	4	2	18569.581150554844
3	1	3	4	3	22411.782149082697
3	1	3	5	1	62528.258405859706
3	1	3	5	2	49633.37768387134
3	1	3	5	3	51803.25663837064
3	1	3	6	1	345960.6557644117
3	1	3	6	2	934696.2236994103
3	1	3	6	3	116924.09276719809
3	1	4	0	1	11006.477615650567
3	1	4	0	2	7291.48480518948
3	1	4	0	3	9927.16394188308
3	1	4	1	1	22412.617671842432
3	1	4	1	2	11661.082862391111
3	1	4	1	3	23961.40768349604
3	1	4	2	1	23291.280611694157
3	1	4	2	2	10928.139357410106
3	1	4	2	3	18563.33892025217
3	1	4	3	1	26651.351357152198
3	1	4	3	2	13123.381232847132
3	1	4	3	3	19442.13360653422
3	1	4	4	1	36444.748892316245
3	1	4	4	2	22791.457090447966
3	1	4	4	3	31901.267674835326
3	1	4	5	1	62927.21952399778
3	1	4	5	2	69484.39196726539
3	1	4	5	3	51608.467199037594
3	1	4	6	1	725839.4741841181
3	1	4	6	2	731161.910672345
3	1	4	6	3	223762.55127529244
3	1	5	0	1	11766.924597889381
3	1	5	0	2	6715.051628807636
3	1	5	0	3	10398.030977829667
3	1	5	1	1	24253.981350256076
3	1	5	1	2	12010.128177999546
3	1	5	1	3	20882.32595271262
3	1	5	2	1	22422.4549291184
3	1	5	2	2	11255.00525513334
3	1	5	2	3	19439.007047828076
3	1	5	3	1	34778.61188129899
3	1	5	3	2	16310.793520970874
3	1	5	3	3	23974.81001189966
3	1	5	4	1	56965.61174557033
3	1	5	4	2	26617.84142127055
3	1	5	4	3	39849.081736772576
3	1	5	5	1	240710.9737141988
3	1	5	5	2	274585.43331957445
3	1	5	5	3	169763.11687376237
3	1	5	6	1	832171.2368500498
3	1	5	6	2	1769510.4492112715
3	1	5	6	3	1809801.686851096
3	1	6	0	1	12084.33163770254
3	1	6	0	2	6900.734046710735
3	1	6	0	3	9960.752624362625
3	1	6	1	1	23730.33532222427
3	1	6	1	2	12158.168711994666
3	1	6	1	3	19962.74126977873
3	1	6	2	1	25413.76549068424
3	1	6	2	2	12895.506327947332
3	1	6	2	3	17934.729296892052
3	1	6	3	1	30870.39200625527
3	1	6	3	2	16990.10038365225
3	1	6	3	3	23191.63560188366
3	1	6	4	1	78905.55531536596
3	1	6	4	2	63775.497398464286
3	1	6	4	3	44026.32686663448
3	1	6	5	1	646246.5892071931
3	1	6	5	2	563539.3006773461
3	1	6	5	3	264678.65328670986
3	1	6	6	1	1908934.3721971847
3	1	6	6	2	2408033.7576523414
3	1	6	6	3	1913293.4023843207
3	1	7	0	1	10851.648460236895
3	1	7	0	2	7331.699581472478
3	1	7	0	3	10803.238170606364
3	1	7	1	1	23953.583448507692
3	1	7	1	2	11141.57007538658
3	1	7	1	3	21812.14219230514
3	1	7	2	1	26530.04438269829
3	1	7	2	2	11868.253399939216
3	1	7	2	3	19499.997437260285
3	1	7	3	1	33965.237413237715
3	1	7	3	2	19563.21729071015
3	1	7	3	3	26567.916357327875
3	1	7	4	1	85287.6138437094
3	1	7	4	2	42756.129626557115
3	1	7	4	3	49199.73865513044
3	1	7	5	1	503434.5049360242
3	1	7	5	2	668140.8481842338
3	1	7	5	3	433921.4493781422
3	1	7	6	1	995520.8364689928
3	1	7	6	2	6545492.400394762
3	1	7	6	3	1944741.0799459803
3	2	0	0	1	11704.131881181827
3	2	0	0	2	8163.523714807073
3	2	0	0	3	10070.11479504586
3	2	0	1	1	19145.734957290653
3	2	0	1	2	14292.291394716565
3	2	0	1	3	17208.27142703991
3	2	0	2	1	26542.429617539485
3	2	0	2	2	20371.264100406577
3	2	0	2	3	22336.752447270213
3	2	0	3	1	37719.25990643739
3	2	0	3	2	32327.580204770966
3	2	0	3	3	30394.42558878085
3	2	0	4	1	101469.03190524178
3	2	0	4	2	130327.78992937296
3	2	0	4	3	96010.432170525
3	2	0	5	1	1480105.9080836484
3	2	0	5	2	1053126.2117407545
3	2	0	5	3	953305.2557057318
3	2	0	6	1	6290971.355616981
3	2	0	6	2	4038294.6014784737
3	2	0	6	3	2162903.9276561136
3	2	1	0	1	10166.183948839765
3	2	1	0	2	6599.86932296725
3	2	1	0	3	10129.62261619181
3	2	1	1	1	21025.65605367829
3	2	1	1	2	11641.232073346668
3	2	1	1	3	18304.78766624325
3	2	1	2	1	19066.478451346673
3	2	1	2	2	11273.869746948394
3	2	1	2	3	18050.102811706252
3	2	1	3	1	25824.46064113082
3	2	1	3	2	12489.919682132915
3	2	1	3	3	17262.84994959003
3	2	1	4	1	30009.759352655085
3	2	1	4	2	13727.01129192182
3	2	1	4	3	24078.289791683706
3	2	1	5	1	46101.675371623416
3	2	1	5	2	31575.726648651882
3	2	1	5	3	45962.145537406934
3	2	1	6	1	343223.7724015883
3	2	1	6	2	155672.958667953
3	2	1	6	3	105652.05955754507
3	2	2	0	1	10012.148733558914
3	2	2	0	2	7233.682727504047
3	2	2	0	3	10380.460581786736
3	2	2	1	1	20956.721985726774
3	2	2	1	2	13045.27582563051
3	2	2	1	3	21660.63058873111
3	2	2	2	1	23859.493251877466
3	2	2	2	2	12266.25268668296
3	2	2	2	3	18514.993701942887
3	2	2	3	1	25702.795535279558
3	2	2	3	2	13013.555938864149
3	2	2	3	3	20812.338002196553
3	2	2	4	1	34020.12122849798
3	2	2	4	2	16473.319260085547
3	2	2	4	3	25006.517361912793
3	2	2	5	1	43727.07143726821
3	2	2	5	2	26035.543138425543
3	2	2	5	3	34853.68857562486
3	2	2	6	1	370627.7328322574
3	2	2	6	2	179231.27054564565
3	2	2	6	3	101692.55357811351
3	2	3	0	1	13623.49333643862
3	2	3	0	2	7741.761474112813
3	2	3	0	3	10390.7811475999
3	2	3	1	1	21477.32929041292
3	2	3	1	2	11669.169006661608
3	2	3	1	3	18506.94940502057
3	2	3	2	1	23405.045483920396
3	2	3	2	2	14757.33094123416
3	2	3	2	3	17165.844888420932
3	2	3	3	1	30326.509271459836
3	2	3	3	2	13032.057737946903
3	2	3	3	3	19003.551982149802
3	2	3	4	1	34516.327136566135
3	2	3	4	2	17593.327652924225
3	2	3	4	3	24965.767395184004
3	2	3	5	1	45203.07027665798
3	2	3	5	2	27162.662241531914
3	2	3	5	3	36612.56034681747
3	2	3	6	1	102560.57641250605
3	2	3	6	2	94622.3109730551
3	2	3	6	3	142523.55859342014
3	2	4	0	1	12032.23078801082
3	2	4	0	2	7322.734073952687
3	2	4	0	3	10365.032610775173
3	2	4	1	1	20712.22957323126
3	2	4	1	2	12283.855027810987
3	2	4	1	3	20175.349900940175
3	2	4	2	1	24754.40610151072
3	2	4	2	2	12478.210989410569
3	2	4	2	3	20646.276180456218
3	2	4	3	1	27493.27940531807
3	2	4	3	2	14167.855010239859
3	2	4	3	3	20321.568251955967
3	2	4	4	1	36702.89467349138
3	2	4	4	2	16625.87374196733
3	2	4	4	3	25439.77775842064
3	2	4	5	1	55230.42196095197
3	2	4	5	2	34672.667977455654
3	2	4	5	3	38247.33959032033
3	2	4	6	1	122774.86414251599
3	2	4	6	2	173350.16666053626
3	2	4	6	3	84951.48917499217
3	2	5	0	1	10370.121406607272
3	2	5	0	2	7461.438673693932
3	2	5	0	3	10419.245007555546
3	2	5	1	1	26727.811606621344
3	2	5	1	2	10299.907911223147
3	2	5	1	3	23579.63945074981
3	2	5	2	1	27167.469027286657
3	2	5	2	2	12866.743170521919
3	2	5	2	3	18546.388870518735
3	2	5	3	1	33163.514656210544
3	2	5	3	2	14295.82481199591
3	2	5	3	3	21684.22179414788
3	2	5	4	1	40898.79125974737
3	2	5	4	2	22829.251322898053
3	2	5	4	3	28887.950724330218
3	2	5	5	1	95199.08366871867
3	2	5	5	2	77841.47648322511
3	2	5	5	3	72380.83698367464
3	2	5	6	1	1142486.2608716635
3	2	5	6	2	663514.6676434644
3	2	5	6	3	674762.2129953786
3	2	6	0	1	13959.567723841858
3	2	6	0	2	8096.701568623496
3	2	6	0	3	9678.717481325239
3	2	6	1	1	25352.343201987303
3	2	6	1	2	13276.801654090727
3	2	6	1	3	18097.27937978315
3	2	6	2	1	25592.066247096787
3	2	6	2	2	12213.154996751362
3	2	6	2	3	16355.360330711927
3	2	6	3	1	30789.08749540377
3	2	6	3	2	17262.060453538732
3	2	6	3	3	21260.39711921619
3	2	6	4	1	54043.97033820946
3	2	6	4	2	45412.32675282488
3	2	6	4	3	36639.97147658388
3	2	6	5	1	374265.5675626525
3	2	6	5	2	205664.92214883142
3	2	6	5	3	148764.54122368543
3	2	6	6	1	1688988.6669570296
3	2	6	6	2	1376586.314420034
3	2	6	6	3	688454.7545605485
3	2	7	0	1	12111.354271474338
3	2	7	0	2	6939.75222054928
3	2	7	0	3	11082.543414001666
3	2	7	1	1	28376.280018983125
3	2	7	1	2	13525.180747852206
3	2	7	1	3	21386.042089648556
3	2	7	2	1	25785.392293432662
3	2	7	2	2	14743.507403857237
3	2	7	2	3	22312.818245843715
3	2	7	3	1	32998.537322348464
3	2	7	3	2	16829.756283626186
3	2	7	3	3	24756.181930557577
3	2	7	4	1	71490.38821700987
3	2	7	4	2	51247.39163263386
3	2	7	4	3	40667.7337582608
3	2	7	5	1	545593.3178927371
3	2	7	5	2	192227.54455132032
3	2	7	5	3	223452.11046356417
3	2	7	6	1	1967074.9187102895
3	2	7	6	2	3649835.6892943243
3	2	7	6	3	540323.7918331476
3	3	0	0	1	10318.645648041593
3	3	0	0	2	8390.906857858254
3	3	0	0	3	9361.954880448662
3	3	0	1	1	19346.345721732323
3	3	0	1	2	13597.685113377946
3	3	0	1	3	19650.851019260113
3	3	0	2	1	22860.66195779584
3	3	0	2	2	24336.58827318239
3	3	0	2	3	25244.304787102894
3	3	0	3	1	44125.634776859995
3	3	0	3	2	48969.38475277106
3	3	0	3	3	40718.585485844735
3	3	0	4	1	125491.41479122643
3	3	0	4	2	230949.1441340745
3	3	0	4	3	112867.71751106482
3	3	0	5	1	1198989.4574829275
3	3	0	5	2	1612127.4249338075
3	3	0	5	3	877777.5904327087
3	3	0	6	1	3297670.9356582398
3	3	0	6	2	4271666.852318798
3	3	0	6	3	2220082.3117654305
3	3	1	0	1	10979.244984309098
3	3	1	0	2	6614.350296184686
3	3	1	0	3	10017.45713573738
3	3	1	1	1	22295.94734404076
3	3	1	1	2	11816.57974136608
3	3	1	1	3	20466.99637606753
3	3	1	2	1	23767.876965454896
3	3	1	2	2	12094.505516888516
3	3	1	2	3	17407.256115483866
3	3	1	3	1	24945.10667047691
3	3	1	3	2	17554.2626127369
3	3	1	3	3	20475.82308876946
3	3	1	4	1	31841.43846685308
3	3	1	4	2	15836.037537149776
3	3	1	4	3	26600.03465321303
3	3	1	5	1	53159.216885417365
3	3	1	5	2	30240.32217231221
3	3	1	5	3	38582.68108926772
3	3	1	6	1	100244.94447560624
3	3	1	6	2	154175.46327783758
3	3	1	6	3	89191.39926349305
3	3	2	0	1	11414.504542388533
3	3	2	0	2	8539.998458754784
3	3	2	0	3	10609.016894523804
3	3	2	1	1	20510.333196248055
3	3	2	1	2	14405.771809651045
3	3	2	1	3	21310.314824145506
3	3	2	2	1	24219.20134370763
3	3	2	2	2	13474.083783023067
3	3	2	2	3	22120.344502398548
3	3	2	3	1	28855.02961130503
3	3	2	3	2	16109.80718540348
3	3	2	3	3	19523.955181019366
3	3	2	4	1	36586.85620580953
3	3	2	4	2	17483.241838072037
3	3	2	4	3	26687.50386507134
3	3	2	5	1	48385.47589143907
3	3	2	5	2	27004.95162392455
3	3	2	5	3	33794.090390168145
3	3	2	6	1	92181.61574226205
3	3	2	6	2	96352.00665045924
3	3	2	6	3	98578.50559346608
3	3	3	0	1	12973.34118443933
3	3	3	0	2	8411.944227800606
3	3	3	0	3	9924.393567276347
3	3	3	1	1	24753.669348284497
3	3	3	1	2	12459.10816988577
3	3	3	1	3	21734.665016988667
3	3	3	2	1	23235.70009516464
3	3	3	2	2	12427.949924566894
3	3	3	2	3	19700.57568896817
3	3	3	3	1	33755.4523865911
3	3	3	3	2	15289.471086416801
3	3	3	3	3	20166.62646682067
3	3	3	4	1	37833.684704318635
3	3	3	4	2	16460.743751681843
3	3	3	4	3	26340.99017426452
3	3	3	5	1	49310.21020470814
3	3	3	5	2	28644.399572221217
3	3	3	5	3	38590.13837007254
3	3	3	6	1	102473.9947461956
3	3	3	6	2	106214.87208510273
3	3	3	6	3	83605.2874304915
3	3	4	0	1	12018.233731564516
3	3	4	0	2	8362.670028390217
3	3	4	0	3	10047.920744101692
3	3	4	1	1	24195.14993063726
3	3	4	1	2	14408.239388595292
3	3	4	1	3	20351.984906756286
3	3	4	2	1	23522.473188634238
3	3	4	2	2	15005.45473871272
3	3	4	2	3	22146.157730567542
3	3	4	3	1	27568.568737942303
3	3	4	3	2	16349.225883368279
3	3	4	3	3	21220.194828000247
3	3	4	4	1	33060.06335685966
3	3	4	4	2	16680.820824444403
3	3	4	4	3	27264.56028239419
3	3	4	5	1	41144.78362554168
3	3	4	5	2	27289.165816093697
3	3	4	5	3	33155.66355169566
3	3	4	6	1	148587.77437942353
3	3	4	6	2	83258.63750606272
3	3	4	6	3	93198.83978576996
3	3	5	0	1	13012.13550638634
3	3	5	0	2	7733.593235006864
3	3	5	0	3	11691.841756858073
3	3	5	1	1	25418.46143205406
3	3	5	1	2	16707.174111106615
3	3	5	1	3	24296.722084595258
3	3	5	2	1	24358.14496272124
3	3	5	2	2	15597.118288610753
3	3	5	2	3	22294.871215505504
3	3	5	3	1	32271.896459368007
3	3	5	3	2	18147.959837219936
3	3	5	3	3	24978.45945564218
3	3	5	4	1	35121.91774596152
3	3	5	4	2	19050.591479176423
3	3	5	4	3	27312.35633798243
3	3	5	5	1	65222.76102167498
3	3	5	5	2	34056.2024558769
3	3	5	5	3	50359.46573182464
3	3	5	6	1	241367.87930721624
3	3	5	6	2	173754.93069129332
3	3	5	6	3	129372.15951445422
3	3	6	0	1	12945.243331613547
3	3	6	0	2	7190.052039346467
3	3	6	0	3	11029.026730194604
3	3	6	1	1	27477.433372352327
3	3	6	1	2	12491.893428436098
3	3	6	1	3	15463.487162142072
3	3	6	2	1	29369.53016004493
3	3	6	2	2	13811.496335666747
3	3	6	2	3	19075.924251474436
3	3	6	3	1	32858.29741796708
3	3	6	3	2	21618.786431770663
3	3	6	3	3	26370.89791890855
3	3	6	4	1	47313.02273535985
3	3	6	4	2	27758.226403173227
3	3	6	4	3	28318.036906436268
3	3	6	5	1	98189.75620527344
3	3	6	5	2	80043.91754746887
3	3	6	5	3	58814.865935597256
3	3	6	6	1	579753.9098881634
3	3	6	6	2	344444.61293283023
3	3	6	6	3	254081.04810341125
3	3	7	0	1	12156.718502900272
3	3	7	0	2	7349.961328805263
3	3	7	0	3	9391.713250656476
3	3	7	1	1	26586.63676570799
3	3	7	1	2	13967.901818266457
3	3	7	1	3	22735.090711511933
3	3	7	2	1	26691.60004740915
3	3	7	2	2	14152.965405913481
3	3	7	2	3	19815.177350863356
3	3	7	3	1	37409.777621626614
3	3	7	3	2	16831.02500405178
3	3	7	3	3	30092.192525251143
3	3	7	4	1	51076.34033066445
3	3	7	4	2	39748.448514144744
3	3	7	4	3	30355.678764237262
3	3	7	5	1	128635.46501308537
3	3	7	5	2	120824.41078393543
3	3	7	5	3	95459.07452103101
3	3	7	6	1	912110.471558571
3	3	7	6	2	362439.9508206269
3	3	7	6	3	379679.6368206827
3	4	0	0	1	11175.773731087382
3	4	0	0	2	8660.2572063522
3	4	0	0	3	10853.082810302072
3	4	0	1	1	19633.35704845205
3	4	0	1	2	15543.323158847617
3	4	0	1	3	22542.494532427307
3	4	0	2	1	24941.637221218523
3	4	0	2	2	17201.683081399893
3	4	0	2	3	19805.71075579699
3	4	0	3	1	45250.33839440221
3	4	0	3	2	40744.66448477922
3	4	0	3	3	34007.45885430694
3	4	0	4	1	117769.78165926934
3	4	0	4	2	425418.42932360136
3	4	0	4	3	215268.70458243365
3	4	0	5	1	1381381.5591461728
3	4	0	5	2	1514107.3989762487
3	4	0	5	3	1743145.2643536485
3	4	0	6	1	4656475.102272432
3	4	0	6	2	7121819.796484265
3	4	0	6	3	2260724.449824055
3	4	1	0	1	8597.822279016906
3	4	1	0	2	8427.462416579692
3	4	1	0	3	9953.000270370767
3	4	1	1	1	18785.76239439589
3	4	1	1	2	12808.578266617933
3	4	1	1	3	25188.874055390028
3	4	1	2	1	16671.334479665296
3	4	1	2	2	13795.472843668776
3	4	1	2	3	19147.066944118924
3	4	1	3	1	24243.302508988094
3	4	1	3	2	12161.640723925775
3	4	1	3	3	21441.558484211688
3	4	1	4	1	28448.324179817835
3	4	1	4	2	19230.145378463836
3	4	1	4	3	21704.38053870337
3	4	1	5	1	36820.871643808176
3	4	1	5	2	30891.749035711175
3	4	1	5	3	41299.595126092994
3	4	1	6	1	125898.8162272308
3	4	1	6	2	111937.97756656967
3	4	1	6	3	91165.67663131081
3	4	2	0	1	8962.409319196167
3	4	2	0	2	8002.7768530650765
3	4	2	0	3	10415.561554079282
3	4	2	1	1	23972.109064874912
3	4	2	1	2	13824.240009702957
3	4	2	1	3	30173.947654963365
3	4	2	2	1	24143.59692015087
3	4	2	2	2	14455.929418207834
3	4	2	2	3	20639.288861292716
3	4	2	3	1	26358.05922490913
3	4	2	3	2	13828.048064849487
3	4	2	3	3	23054.937669661536
3	4	2	4	1	32979.07750019646
3	4	2	4	2	18086.312572721276
3	4	2	4	3	26110.726406916063
3	4	2	5	1	47540.76468108448
3	4	2	5	2	36109.83369373589
3	4	2	5	3	37879.28343061498
3	4	2	6	1	106195.30200928585
3	4	2	6	2	96982.69320015272
3	4	2	6	3	86179.36976799111
3	4	3	0	1	11886.635090290754
3	4	3	0	2	8591.454128271369
3	4	3	0	3	10610.528017808792
3	4	3	1	1	22532.895189596005
3	4	3	1	2	12631.725134182647
3	4	3	1	3	18406.841578714117
3	4	3	2	1	25789.92452179334
3	4	3	2	2	14730.763434523747
3	4	3	2	3	19177.102944497667
3	4	3	3	1	29909.367869896967
3	4	3	3	2	19335.426840108557
3	4	3	3	3	19959.34736866619
3	4	3	4	1	38446.672105638005
3	4	3	4	2	18886.200377912086
3	4	3	4	3	24807.81125198477
3	4	3	5	1	50447.02556946023
3	4	3	5	2	31880.94253220014
3	4	3	5	3	33941.00486828367
3	4	3	6	1	87683.20264795363
3	4	3	6	2	103914.76427073091
3	4	3	6	3	93733.91059684209
3	4	4	0	1	10585.011638359443
3	4	4	0	2	7481.092016012841
3	4	4	0	3	10709.109843578743
3	4	4	1	1	21216.461512604546
3	4	4	1	2	11325.976448846981
3	4	4	1	3	19491.31759527058
3	4	4	2	1	22885.93796751197
3	4	4	2	2	12940.011052873178
3	4	4	2	3	22918.546887419765
3	4	4	3	1	32524.57014095369
3	4	4	3	2	15048.772614147942
3	4	4	3	3	21854.277542020438
3	4	4	4	1	35570.55267576406
3	4	4	4	2	20015.449445688293
3	4	4	4	3	30316.26550683691
3	4	4	5	1	46018.82140113439
3	4	4	5	2	26425.731109968325
3	4	4	5	3	34371.824623064575
3	4	4	6	1	62988.55936670808
3	4	4	6	2	73950.90185060541
3	4	4	6	3	84043.23266744707
3	4	5	0	1	10371.941556636744
3	4	5	0	2	7367.487076412826
3	4	5	0	3	12234.001022405582
3	4	5	1	1	29565.91267883077
3	4	5	1	2	12086.843455209266
3	4	5	1	3	16185.852946449078
3	4	5	2	1	23734.717808098932
3	4	5	2	2	16319.008955548627
3	4	5	2	3	18332.718602086774
3	4	5	3	1	32334.90070713304
3	4	5	3	2	16326.551741758765
3	4	5	3	3	21827.38904666698
3	4	5	4	1	46838.02077710109
3	4	5	4	2	19274.485150801138
3	4	5	4	3	27603.410482335887
3	4	5	5	1	54097.430841638336
3	4	5	5	2	38553.98228243804
3	4	5	5	3	46486.618850441955
3	4	5	6	1	106653.07026558445
3	4	5	6	2	116770.89571283963
3	4	5	6	3	85278.71592472194
3	4	6	0	1	12910.299847610002
3	4	6	0	2	7257.489350666511
3	4	6	0	3	10861.37297466294
3	4	6	1	1	24356.94163759762
3	4	6	1	2	18204.33832096674
3	4	6	1	3	19299.544683950004
3	4	6	2	1	29834.39766608762
3	4	6	2	2	11952.095244781733
3	4	6	2	3	20585.621897366436
3	4	6	3	1	37399.608729620755
3	4	6	3	2	14849.628167465138
3	4	6	3	3	24194.86178011196
3	4	6	4	1	42698.36193937337
3	4	6	4	2	24459.686793952395
3	4	6	4	3	29691.197866283623
3	4	6	5	1	78334.72542776969
3	4	6	5	2	41457.47138048653
3	4	6	5	3	48670.461616573564
3	4	6	6	1	179311.52365562448
3	4	6	6	2	262174.76141002955
3	4	6	6	3	132569.1927022168
3	4	7	0	1	11646.53403085901
3	4	7	0	2	7884.46231312202
3	4	7	0	3	10025.181158399266
3	4	7	1	1	23005.942755257864
3	4	7	1	2	16100.83160470596
3	4	7	1	3	24980.865682844014
3	4	7	2	1	26316.499297578703
3	4	7	2	2	17491.64000939
3	4	7	2	3	22256.636268329057
3	4	7	3	1	31268.715584580183
3	4	7	3	2	17464.517784483476
3	4	7	3	3	29359.645306799885
3	4	7	4	1	40019.14528935378
3	4	7	4	2	25118.447281096836
3	4	7	4	3	32093.038797528563
3	4	7	5	1	81512.40000570266
3	4	7	5	2	47701.60491638327
3	4	7	5	3	55195.052778476
3	4	7	6	1	165585.0281882183
3	4	7	6	2	195407.16989734315
3	4	7	6	3	153344.13184170678
3	5	0	0	1	14409.903989392056
3	5	0	0	2	9765.544877076663
3	5	0	0	3	11591.946471655827
3	5	0	1	1	22184.544986051005
3	5	0	1	2	14059.186395617358
3	5	0	1	3	27200.47422205881
3	5	0	2	1	20280.632502085035
3	5	0	2	2	14278.333763704712
3	5	0	2	3	24492.126518265224
3	5	0	3	1	92116.68627579263
3	5	0	3	2	21854.71070173978
3	5	0	3	3	29650.76383544165
3	5	0	4	1	185940.63739434
3	5	0	4	2	297843.4025292751
3	5	0	4	3	172050.5843068539
3	5	0	5	1	1822120.84828124
3	5	0	5	2	2395600.291840781
3	5	0	5	3	1303143.6306538808
3	5	0	6	1	2388547.695174171
3	5	0	6	2	6700609.357548293
3	5	0	6	3	5447614.357444678
3	5	1	0	1	9003.30122954227
3	5	1	0	2	7330.3058244841795
3	5	1	0	3	10405.824349716737
3	5	1	1	1	22090.290533973373
3	5	1	1	2	10592.295641140669
3	5	1	1	3	32506.105569866315
3	5	1	2	1	15870.343013862244
3	5	1	2	2	11860.439440468557
3	5	1	2	3	17932.136061770165
3	5	1	3	1	26814.548647848198
3	5	1	3	2	12083.107348359443
3	5	1	3	3	12406.6048557145
3	5	1	4	1	28025.97159691937
3	5	1	4	2	19706.26424403847
3	5	1	4	3	29908.7607268734
3	5	1	5	1	43090.57980451793
3	5	1	5	2	24276.76634229793
3	5	1	5	3	47133.70063100034
3	5	1	6	1	102501.37754752055
3	5	1	6	2	103688.0286691878
3	5	1	6	3	93644.49933946741
3	5	2	0	1	12507.125663403393
3	5	2	0	2	8078.32911745688
3	5	2	0	3	10433.8670828097
3	5	2	1	1	29601.423667973067
3	5	2	1	2	13669.678183285298
3	5	2	1	3	23563.94701421432
3	5	2	2	1	23898.92160471343
3	5	2	2	2	12037.682874929518
3	5	2	2	3	22454.085664557944
3	5	2	3	1	25108.108192579522
3	5	2	3	2	10795.916840192498
3	5	2	3	3	21389.662727893363
3	5	2	4	1	33746.46389771607
3	5	2	4	2	18232.94797140959
3	5	2	4	3	32076.203948341208
3	5	2	5	1	62876.365115413006
3	5	2	5	2	20234.22635388406
3	5	2	5	3	44162.74476274796
3	5	2	6	1	96513.19399051182
3	5	2	6	2	91111.3719555021
3	5	2	6	3	69964.83830587991
3	5	3	0	1	16665.87257328616
3	5	3	0	2	7737.717865357807
3	5	3	0	3	10950.27970489724
3	5	3	1	1	26177.31535423977
3	5	3	1	2	7535.925797803844
3	5	3	1	3	15866.185306070834
3	5	3	2	1	30155.43627171577
3	5	3	2	2	12168.884193777925
3	5	3	2	3	21244.469811895815
3	5	3	3	1	16969.46696042426
3	5	3	3	2	9354.874598735896
3	5	3	3	3	17653.239544602016
3	5	3	4	1	26532.590790824852
3	5	3	4	2	20028.25588361708
3	5	3	4	3	27314.86024861633
3	5	3	5	1	51630.4690581099
3	5	3	5	2	29430.248118258358
3	5	3	5	3	35508.97505755117
3	5	3	6	1	83876.99959180207
3	5	3	6	2	84028.85989216433
3	5	3	6	3	95007.37570278901
3	5	4	0	1	9612.849132818033
3	5	4	0	2	8213.928776869367
3	5	4	0	3	9533.524817050737
3	5	4	1	1	22802.36060459012
3	5	4	1	2	9293.876672740565
3	5	4	1	3	26228.262427135156
3	5	4	2	1	19398.639321467308
3	5	4	2	2	13755.048780431807
3	5	4	2	3	25900.023320487453
3	5	4	3	1	34180.91208652334
3	5	4	3	2	10631.215249637784
3	5	4	3	3	30637.47986726131
3	5	4	4	1	39713.3742361413
3	5	4	4	2	13248.865668761078
3	5	4	4	3	41978.05505962536
3	5	4	5	1	47581.77107620545
3	5	4	5	2	25400.1547818018
3	5	4	5	3	42527.668367630155
3	5	4	6	1	181546.93681579214
3	5	4	6	2	116689.48092174997
3	5	4	6	3	75868.26831516455
3	5	5	0	1	13149.557920142655
3	5	5	0	2	7281.3674343187195
3	5	5	0	3	9859.505018484535
3	5	5	1	1	28404.190067866617
3	5	5	1	2	12694.340502293728
3	5	5	1	3	22953.289010821707
3	5	5	2	1	25765.298410151307
3	5	5	2	2	14628.275070373538
3	5	5	2	3	21233.29727207625
3	5	5	3	1	29835.132786053164
3	5	5	3	2	13553.568286663041
3	5	5	3	3	18748.946467261558
3	5	5	4	1	37709.508469948196
3	5	5	4	2	14363.94710768851
3	5	5	4	3	26465.972148520363
3	5	5	5	1	54869.37623641223
3	5	5	5	2	29423.519747023503
3	5	5	5	3	37547.6384356196
3	5	5	6	1	140725.25443242773
3	5	5	6	2	132636.66682055785
3	5	5	6	3	119139.88059348261
3	5	6	0	1	14481.217695991767
3	5	6	0	2	8159.209151336383
3	5	6	0	3	12394.788103967032
3	5	6	1	1	25810.72719558743
3	5	6	1	2	19274.530549332016
3	5	6	1	3	24430.2374016524
3	5	6	2	1	23935.11268589434
3	5	6	2	2	11597.125731965556
3	5	6	2	3	16354.411604718967
3	5	6	3	1	38809.67226723679
3	5	6	3	2	16712.155238462656
3	5	6	3	3	20376.014711262775
3	5	6	4	1	39942.93827251186
3	5	6	4	2	17997.17178506674
3	5	6	4	3	26572.809837971334
3	5	6	5	1	84594.75083357701
3	5	6	5	2	30394.58069268774
3	5	6	5	3	47907.22911234903
3	5	6	6	1	109148.96787051104
3	5	6	6	2	74555.40574921138
3	5	6	6	3	113400.46884863822
3	5	7	0	1	10016.88302930019
3	5	7	0	2	8191.861260585354
3	5	7	0	3	12765.74655572785
3	5	7	1	1	23504.007830746326
3	5	7	1	2	7867.9872472190455
3	5	7	1	3	32681.713755342374
3	5	7	2	1	24215.56127386629
3	5	7	2	2	16175.399735241725
3	5	7	2	3	20557.68512464624
3	5	7	3	1	35739.72344052102
3	5	7	3	2	10819.597507998671
3	5	7	3	3	19869.002055219447
3	5	7	4	1	39992.1066408872
3	5	7	4	2	20223.378466508966
3	5	7	4	3	24138.56700897713
3	5	7	5	1	64308.01431713226
3	5	7	5	2	41466.19450040998
3	5	7	5	3	40643.71907509181
3	5	7	6	1	206462.3284124309
3	5	7	6	2	147814.83995286044
3	5	7	6	3	155222.31128408483
3	6	0	0	1	7584.300608732954
3	6	0	0	2	8114.334827009912
3	6	0	0	3	10404.025400294597
3	6	0	1	1	34205.33915156308
3	6	0	1	2	27813.9694313035
3	6	0	1	3	17006.71201919483
3	6	0	2	1	44480.698670748236
3	6	0	2	2	18175.278710454728
3	6	0	2	3	16529.694451620915
3	6	0	3	1	40694.460671787674
3	6	0	3	2	34204.00897859942
3	6	0	3	3	31407.458357358508
3	6	0	4	1	1178963.8885280401
3	6	0	4	2	186831.54017755188
3	6	0	4	3	1619181.4698983857
3	6	0	5	1	425629.84737491177
3	6	0	5	2	5204599.965285378
3	6	0	5	3	1801592.2429071418
3	6	0	6	1	6804110.865362959
3	6	0	6	2	7657771.48550676
3	6	0	6	3	2209995.409824786
3	6	1	0	1	5282.301395645993
3	6	1	0	2	5663.695875336864
3	6	1	0	3	10238.154071012656
3	6	1	1	1	23578.226600125075
3	6	1	1	2	11264.444380980069
3	6	1	1	3	27551.81611232515
3	6	1	2	1	7731.811606122052
3	6	1	2	2	11211.55191764139
3	6	1	2	3	21222.82808562627
3	6	1	3	1	23504.333917633714
3	6	1	3	2	9606.869958936244
3	6	1	3	3	15220.425414427198
3	6	1	4	1	30059.58318968635
3	6	1	4	2	20486.882783322682
3	6	1	4	3	18255.996709793908
3	6	1	5	1	40563.489763065496
3	6	1	5	2	25681.996689094627
3	6	1	5	3	34996.79390872118
3	6	1	6	1	133370.66662744092
3	6	1	6	2	72086.02782876464
3	6	1	6	3	84265.3472718281
3	6	2	0	1	12490.506921534055
3	6	2	0	2	6221.547881674501
3	6	2	0	3	9511.919919585427
3	6	2	1	1	21244.573675883068
3	6	2	1	2	16769.902260760362
3	6	2	1	3	24684.138993495544
3	6	2	2	1	62138.91592305694
3	6	2	2	2	7340.164454129254
3	6	2	2	3	16233.595746816793
3	6	2	3	1	26207.56675799156
3	6	2	3	2	36986.497417712504
3	6	2	3	3	13223.416341976856
3	6	2	4	1	17880.906386716713
3	6	2	4	2	28089.636989223076
3	6	2	4	3	15598.541296800378
3	6	2	5	1	51231.67588618562
3	6	2	5	2	30697.920791499295
3	6	2	5	3	29325.48149957116
3	6	2	6	1	87572.82553118165
3	6	2	6	2	63688.742112138665
3	6	2	6	3	84466.23913545968
3	6	3	0	1	14021.091762868258
3	6	3	0	2	9586.631156786463
3	6	3	0	3	13270.624739185281
3	6	3	1	1	15964.550368672762
3	6	3	1	2	7568.951391370313
3	6	3	1	3	31051.69089562098
3	6	3	2	1	21569.889591519503
3	6	3	2	2	9586.20726373673
3	6	3	2	3	18198.273739684344
3	6	3	3	1	25651.44593279883
3	6	3	3	2	15975.692116924036
3	6	3	3	3	26574.386733742205
3	6	3	4	1	31676.40250918415
3	6	3	4	2	11629.813347004216
3	6	3	4	3	36179.70038190724
3	6	3	5	1	72951.84282713073
3	6	3	5	2	22580.202871734975
3	6	3	5	3	32926.57367314159
3	6	3	6	1	74706.89996751446
3	6	3	6	2	74248.25663702266
3	6	3	6	3	81030.9333630741
3	6	4	0	1	12192.49030425701
3	6	4	0	2	8274.05934032753
3	6	4	0	3	6184.643230787594
3	6	4	1	1	24517.302335127708
3	6	4	1	2	4697.0236263544075
3	6	4	1	3	15956.82093647169
3	6	4	2	1	18908.49315731598
3	6	4	2	2	3990.871588207964
3	6	4	2	3	23530.494848802166
3	6	4	3	1	21782.686808063896
3	6	4	3	2	14600.799132958407
3	6	4	3	3	17426.114566034266
3	6	4	4	1	19136.59699288196
3	6	4	4	2	16844.152580458554
3	6	4	4	3	31166.305238262314
3	6	4	5	1	28247.797319311725
3	6	4	5	2	26591.38121250961
3	6	4	5	3	25572.04751803652
3	6	4	6	1	70914.35691869837
3	6	4	6	2	69471.45706315692
3	6	4	6	3	64235.429709473625
3	6	5	0	1	15694.658304963408
3	6	5	0	2	9423.134504849568
3	6	5	0	3	10624.555604959696
3	6	5	1	1	20315.522982621806
3	6	5	1	2	7383.591492029315
3	6	5	1	3	22848.545978240327
3	6	5	2	1	24301.11520193285
3	6	5	2	2	3854.35971993972
3	6	5	2	3	22539.049109925174
3	6	5	3	1	30561.777334213417
3	6	5	3	2	6569.847719034032
3	6	5	3	3	23107.51471758976
3	6	5	4	1	39699.938038558124
3	6	5	4	2	7371.892862023184
3	6	5	4	3	37973.931873575406
3	6	5	5	1	39401.326488808205
3	6	5	5	2	18294.569906484106
3	6	5	5	3	39967.46528983239
3	6	5	6	1	414864.9388406086
3	6	5	6	2	74806.55938313712
3	6	5	6	3	107412.20666933735
3	6	6	0	1	16060.601466106988
3	6	6	0	2	6783.075890906491
3	6	6	0	3	9643.327472648312
3	6	6	1	1	23803.26031344223
3	6	6	1	2	9190.603205901938
3	6	6	1	3	25852.68438241491
3	6	6	2	1	20276.46377781768
3	6	6	2	2	11431.095740665027
3	6	6	2	3	21640.158923471692
3	6	6	3	1	18997.465106710468
3	6	6	3	2	15988.499186671415
3	6	6	3	3	28398.67128729527
3	6	6	4	1	37525.3336147628
3	6	6	4	2	12167.291580024908
3	6	6	4	3	37672.421862849595
3	6	6	5	1	187551.30571220035
3	6	6	5	2	26225.762216228133
3	6	6	5	3	30816.22162738439
3	6	6	6	1	232013.46962875722
3	6	6	6	2	168052.37724535112
3	6	6	6	3	90306.06218857915
3	6	7	0	1	8654.066778304505
3	6	7	0	2	5415.300916181897
3	6	7	0	3	11202.995746576467
3	6	7	1	1	18661.181928713584
3	6	7	1	2	14416.343798947119
3	6	7	1	3	28535.473140462196
3	6	7	2	1	20899.825041733315
3	6	7	2	2	16252.639505725929
3	6	7	2	3	26114.527464877465
3	6	7	3	1	29989.69246554123
3	6	7	3	2	15043.004576282538
3	6	7	3	3	19571.800415295744
3	6	7	4	1	19984.11020640079
3	6	7	4	2	9583.21560573462
3	6	7	4	3	33725.25156207316
3	6	7	5	1	74923.63912564017
3	6	7	5	2	29136.13157107216
3	6	7	5	3	45192.43338820266
3	6	7	6	1	296641.3298836321
3	6	7	6	2	60429.227123920144
3	6	7	6	3	169198.53123972844
4	0	0	0	1	8474.69599126301
4	0	0	0	2	6669.478404121314
4	0	0	0	3	7862.604080651965
4	0	0	1	1	14856.463528000968
4	0	0	1	2	11208.682879955866
4	0	0	1	3	13609.977851572945
4	0	0	2	1	15754.583190780962
4	0	0	2	2	10640.775877141754
4	0	0	2	3	13850.550643937298
4	0	0	3	1	27110.453399677266
4	0	0	3	2	21827.53700777808
4	0	0	3	3	22756.70555024856
4	0	0	4	1	138119.6123281407
4	0	0	4	2	152329.97177924242
4	0	0	4	3	106237.74479180804
4	0	0	5	1	2123245.756313711
4	0	0	5	2	2185467.585690684
4	0	0	5	3	1928211.1725513418
4	0	0	6	1	12078879.65059548
4	0	0	6	2	8821762.24253792
4	0	0	6	3	10195252.561124984
4	0	1	0	1	8046.989617548861
4	0	1	0	2	5127.138793835293
4	0	1	0	3	7416.61515043991
4	0	1	1	1	14224.275380986139
4	0	1	1	2	8091.595510230408
4	0	1	1	3	13013.02765895642
4	0	1	2	1	14640.216167252662
4	0	1	2	2	8552.610129904724
4	0	1	2	3	13216.47149509318
4	0	1	3	1	24591.170316506796
4	0	1	3	2	17592.451731550427
4	0	1	3	3	20780.17400003532
4	0	1	4	1	107767.44353554962
4	0	1	4	2	116695.13820415697
4	0	1	4	3	92844.10009386827
4	0	1	5	1	1716441.2410937082
4	0	1	5	2	2129169.7992182383
4	0	1	5	3	1575070.8035759283
4	0	1	6	1	8454714.821773201
4	0	1	6	2	8956752.929920848
4	0	1	6	3	8979487.68186967
4	0	2	0	1	7677.049636051162
4	0	2	0	2	5524.735263425835
4	0	2	0	3	7652.6307261205175
4	0	2	1	1	13764.679931515007
4	0	2	1	2	8565.348134237018
4	0	2	1	3	13586.62521151609
4	0	2	2	1	13202.191038953646
4	0	2	2	2	9367.843277438144
4	0	2	2	3	12855.585809201424
4	0	2	3	1	23724.393920965686
4	0	2	3	2	18298.40014104791
4	0	2	3	3	20581.633581723247
4	0	2	4	1	118270.42693826364
4	0	2	4	2	160241.65541361173
4	0	2	4	3	93260.83874556162
4	0	2	5	1	1939047.027750569
4	0	2	5	2	2126244.836655147
4	0	2	5	3	1777307.0471636336
4	0	2	6	1	7877810.22828747
4	0	2	6	2	7901080.392817767
4	0	2	6	3	7838731.087744137
4	0	3	0	1	8615.055878414592
4	0	3	0	2	5579.420605821777
4	0	3	0	3	7434.10711174749
4	0	3	1	1	14669.438973567407
4	0	3	1	2	9138.259504521475
4	0	3	1	3	13054.26719148807
4	0	3	2	1	14974.704479051046
4	0	3	2	2	9457.513890431877
4	0	3	2	3	12158.728701876793
4	0	3	3	1	22610.60925427893
4	0	3	3	2	16984.546772263635
4	0	3	3	3	18906.64087661811
4	0	3	4	1	96077.62937560282
4	0	3	4	2	113882.12800776282
4	0	3	4	3	84662.2910341924
4	0	3	5	1	1788064.5884158567
4	0	3	5	2	2067344.242828148
4	0	3	5	3	1590447.4164472385
4	0	3	6	1	8287427.210377792
4	0	3	6	2	11134400.877133448
4	0	3	6	3	7089493.132520084
4	0	4	0	1	7632.359789946956
4	0	4	0	2	5410.343322271875
4	0	4	0	3	7694.754407150585
4	0	4	1	1	13210.951387728695
4	0	4	1	2	8549.623049533891
4	0	4	1	3	13541.91257283987
4	0	4	2	1	14416.445693962067
4	0	4	2	2	8977.867272457675
4	0	4	2	3	13091.850414066508
4	0	4	3	1	22714.647775519268
4	0	4	3	2	16831.142738536382
4	0	4	3	3	20771.929881727243
4	0	4	4	1	94798.56357215821
4	0	4	4	2	132676.18955828238
4	0	4	4	3	85824.36321391526
4	0	4	5	1	1817749.169352642
4	0	4	5	2	2184160.8807888897
4	0	4	5	3	1476878.3102160508
4	0	4	6	1	9444898.027916737
4	0	4	6	2	11490594.479903027
4	0	4	6	3	9128317.3380412
4	0	5	0	1	8096.961629197962
4	0	5	0	2	5839.478620808552
4	0	5	0	3	7589.376454355741
4	0	5	1	1	14695.62970046897
4	0	5	1	2	8593.294135127506
4	0	5	1	3	13909.972919679352
4	0	5	2	1	15370.081558034412
4	0	5	2	2	9222.43906614042
4	0	5	2	3	13280.164474792633
4	0	5	3	1	24284.157401940713
4	0	5	3	2	17315.667710384205
4	0	5	3	3	20992.915072163156
4	0	5	4	1	107451.41023680034
4	0	5	4	2	135765.29776959005
4	0	5	4	3	88326.22234581203
4	0	5	5	1	2018920.356095779
4	0	5	5	2	2066455.9374364016
4	0	5	5	3	1595549.3267247698
4	0	5	6	1	6437624.634281295
4	0	5	6	2	8167765.393262875
4	0	5	6	3	7675306.867856881
4	0	6	0	1	8690.312685792136
4	0	6	0	2	5604.709418653052
4	0	6	0	3	7495.007059106323
4	0	6	1	1	15624.979236164352
4	0	6	1	2	9107.398113692518
4	0	6	1	3	12299.090960151445
4	0	6	2	1	16119.863140214624
4	0	6	2	2	9370.92019834269
4	0	6	2	3	11896.392314299519
4	0	6	3	1	24528.612178390977
4	0	6	3	2	16986.733640472718
4	0	6	3	3	20196.415187068447
4	0	6	4	1	113535.61226391548
4	0	6	4	2	128360.03757284183
4	0	6	4	3	89127.90681199094
4	0	6	5	1	1881463.6860133447
4	0	6	5	2	2026729.9178357534
4	0	6	5	3	1729785.3415771923
4	0	6	6	1	9237753.174807563
4	0	6	6	2	9151207.262566587
4	0	6	6	3	7000798.932784293
4	0	7	0	1	8262.458092875888
4	0	7	0	2	5622.167496973229
4	0	7	0	3	7738.186474203533
4	0	7	1	1	15038.791911332306
4	0	7	1	2	8922.395999461722
4	0	7	1	3	14292.044435086194
4	0	7	2	1	15630.764572857614
4	0	7	2	2	8689.022719532659
4	0	7	2	3	12778.570450520583
4	0	7	3	1	26094.846288571396
4	0	7	3	2	18686.616135664568
4	0	7	3	3	20807.005195688063
4	0	7	4	1	120597.28649899976
4	0	7	4	2	127255.0932077693
4	0	7	4	3	84346.40591841936
4	0	7	5	1	1638124.061878254
4	0	7	5	2	2082622.0991643667
4	0	7	5	3	1971945.034596479
4	0	7	6	1	8967035.508474167
4	0	7	6	2	9901618.967697877
4	0	7	6	3	12492161.988249823
4	1	0	0	1	10323.537874002783
4	1	0	0	2	8177.741419335481
4	1	0	0	3	10161.316489445428
4	1	0	1	1	21023.313355182512
4	1	0	1	2	15644.147711053836
4	1	0	1	3	21184.31113779708
4	1	0	2	1	25145.92482112113
4	1	0	2	2	16125.355225553636
4	1	0	2	3	18806.064157905974
4	1	0	3	1	38144.448347820944
4	1	0	3	2	25747.36258924481
4	1	0	3	3	29661.331366965955
4	1	0	4	1	127555.63098423574
4	1	0	4	2	124742.26634131998
4	1	0	4	3	94615.13185266078
4	1	0	5	1	1690329.6590537326
4	1	0	5	2	1585800.7784729106
4	1	0	5	3	1641040.2531138477
4	1	0	6	1	11844620.273118531
4	1	0	6	2	6098524.209676119
4	1	0	6	3	6898700.618050871
4	1	1	0	1	10463.966236572225
4	1	1	0	2	5692.921836130544
4	1	1	0	3	10011.711737007408
4	1	1	1	1	20612.909711639288
4	1	1	1	2	11139.44434359884
4	1	1	1	3	19025.42667096369
4	1	1	2	1	19937.820796845837
4	1	1	2	2	9782.698350891971
4	1	1	2	3	17503.3853163964
4	1	1	3	1	25153.228479326946
4	1	1	3	2	13312.815047770622
4	1	1	3	3	20304.834685789945
4	1	1	4	1	36757.435201204586
4	1	1	4	2	21420.986025611597
4	1	1	4	3	32925.4745088287
4	1	1	5	1	145517.95634515552
4	1	1	5	2	86781.67000646486
4	1	1	5	3	107368.01761012668
4	1	1	6	1	553749.9070978865
4	1	1	6	2	1264274.859180968
4	1	1	6	3	1242211.6393908649
4	1	2	0	1	10460.192621559116
4	1	2	0	2	6559.389323028336
4	1	2	0	3	9989.566618276443
4	1	2	1	1	19243.29851983346
4	1	2	1	2	10862.861755287771
4	1	2	1	3	23559.479167294707
4	1	2	2	1	20746.95593296663
4	1	2	2	2	10546.042818977823
4	1	2	2	3	19058.652528640683
4	1	2	3	1	25966.05731175264
4	1	2	3	2	12483.594009345565
4	1	2	3	3	23105.46699190694
4	1	2	4	1	34706.97128752241
4	1	2	4	2	23854.323304758665
4	1	2	4	3	33530.083307231645
4	1	2	5	1	183692.52663622942
4	1	2	5	2	85989.30291129774
4	1	2	5	3	80329.53208274627
4	1	2	6	1	768415.1284835078
4	1	2	6	2	1189415.752288028
4	1	2	6	3	493113.7081348627
4	1	3	0	1	11256.332737352674
4	1	3	0	2	7375.5680949764765
4	1	3	0	3	9352.102955374477
4	1	3	1	1	21192.94414475681
4	1	3	1	2	11482.66926816861
4	1	3	1	3	16957.95762070395
4	1	3	2	1	21359.155428050864
4	1	3	2	2	10534.704865211308
4	1	3	2	3	15832.869877252593
4	1	3	3	1	24645.99421621113
4	1	3	3	2	14138.163678907178
4	1	3	3	3	19349.31271916582
4	1	3	4	1	38646.27391954872
4	1	3	4	2	20298.906518384585
4	1	3	4	3	28245.079204827452
4	1	3	5	1	81165.85656741116
4	1	3	5	2	152348.90659721012
4	1	3	5	3	70752.89140808326
4	1	3	6	1	512574.08807559527
4	1	3	6	2	2717960.324592817
4	1	3	6	3	326006.0642647268
4	1	4	0	1	10792.50157383096
4	1	4	0	2	6906.58870253282
4	1	4	0	3	9843.611438333404
4	1	4	1	1	22382.224698999315
4	1	4	1	2	10176.838350809105
4	1	4	1	3	22482.15199959726
4	1	4	2	1	22218.354983673147
4	1	4	2	2	9810.548563156273
4	1	4	2	3	18344.002181225005
4	1	4	3	1	26630.36004029894
4	1	4	3	2	13315.986330703645
4	1	4	3	3	21378.683604212514
4	1	4	4	1	42182.25634590379
4	1	4	4	2	23113.12626539083
4	1	4	4	3	31109.58202172994
4	1	4	5	1	197267.00744706404
4	1	4	5	2	179193.47084454197
4	1	4	5	3	94412.42193043226
4	1	4	6	1	1803168.8740471823
4	1	4	6	2	1474068.6776272329
4	1	4	6	3	492525.12298949965
4	1	5	0	1	11234.11694865863
4	1	5	0	2	6747.530775875032
4	1	5	0	3	10196.23448346248
4	1	5	1	1	22459.54531235295
4	1	5	1	2	11056.169666550804
4	1	5	1	3	21277.4284241215
4	1	5	2	1	25270.099311727186
4	1	5	2	2	12153.178386672223
4	1	5	2	3	19103.44528465601
4	1	5	3	1	31120.211298840823
4	1	5	3	2	16767.04283696592
4	1	5	3	3	24567.68069133678
4	1	5	4	1	77890.93805548937
4	1	5	4	2	73668.52263519546
4	1	5	4	3	50722.94318808381
4	1	5	5	1	722583.6019013724
4	1	5	5	2	759107.2386026131
4	1	5	5	3	525894.4834278998
4	1	5	6	1	5291427.760427098
4	1	5	6	2	4222138.652586122
4	1	5	6	3	4111228.2093758616
4	1	6	0	1	11556.128656200784
4	1	6	0	2	6763.436716819621
4	1	6	0	3	9608.546055655743
4	1	6	1	1	23951.735203910794
4	1	6	1	2	11665.954151912576
4	1	6	1	3	20933.31779403511
4	1	6	2	1	23029.405168842743
4	1	6	2	2	12312.241442166694
4	1	6	2	3	16870.764113661637
4	1	6	3	1	34319.82766571148
4	1	6	3	2	17929.532534862563
4	1	6	3	3	26562.776606104904
4	1	6	4	1	95421.2394837718
4	1	6	4	2	87896.9379879694
4	1	6	4	3	71474.31058566098
4	1	6	5	1	1018773.676479632
4	1	6	5	2	767514.2840976992
4	1	6	5	3	963414.2572863855
4	1	6	6	1	4941457.023431924
4	1	6	6	2	9236065.771425772
4	1	6	6	3	6757899.728468799
4	1	7	0	1	11374.326112760102
4	1	7	0	2	7393.620822600421
4	1	7	0	3	10771.449352295072
4	1	7	1	1	25904.407220098306
4	1	7	1	2	10223.02688784817
4	1	7	1	3	20916.47544617479
4	1	7	2	1	25064.155568006707
4	1	7	2	2	10298.679786025059
4	1	7	2	3	19752.198070048093
4	1	7	3	1	36018.02263931735
4	1	7	3	2	18856.03205050205
4	1	7	3	3	27280.833199522804
4	1	7	4	1	100843.87464480309
4	1	7	4	2	93737.44877291039
4	1	7	4	3	69827.39472119653
4	1	7	5	1	869549.1044330033
4	1	7	5	2	1525387.2801811658
4	1	7	5	3	1027824.6728998582
4	1	7	6	1	2990289.125160599
4	1	7	6	2	3769104.12825803
4	1	7	6	3	7793293.652777044
4	2	0	0	1	11138.617557211592
4	2	0	0	2	7482.03443381154
4	2	0	0	3	9552.216757559316
4	2	0	1	1	21049.774919880707
4	2	0	1	2	14627.870841567357
4	2	0	1	3	19223.311660616677
4	2	0	2	1	27543.985332732012
4	2	0	2	2	16832.60178327347
4	2	0	2	3	18608.766286859383
4	2	0	3	1	42376.8135138863
4	2	0	3	2	30853.3560431615
4	2	0	3	3	31021.210927965287
4	2	0	4	1	182945.91309052618
4	2	0	4	2	182801.44081131637
4	2	0	4	3	114558.68331005942
4	2	0	5	1	1796708.1939869015
4	2	0	5	2	1910275.8386640062
4	2	0	5	3	2021540.2166474469
4	2	0	6	1	8302685.48618314
4	2	0	6	2	6932053.030346323
4	2	0	6	3	7769562.133577953
4	2	1	0	1	10617.351154698117
4	2	1	0	2	6774.871514666634
4	2	1	0	3	8540.977112154626
4	2	1	1	1	19715.49302278811
4	2	1	1	2	10085.92672738392
4	2	1	1	3	21013.44171944245
4	2	1	2	1	19791.326854690662
4	2	1	2	2	11144.568700205808
4	2	1	2	3	16636.05280973649
4	2	1	3	1	24384.167450833807
4	2	1	3	2	11719.517568492925
4	2	1	3	3	19354.694104831116
4	2	1	4	1	31554.988111956758
4	2	1	4	2	15767.86153416183
4	2	1	4	3	25701.687697197936
4	2	1	5	1	58053.92378510312
4	2	1	5	2	33359.69435885739
4	2	1	5	3	48051.787859966535
4	2	1	6	1	287856.70158598374
4	2	1	6	2	260636.47126408727
4	2	1	6	3	146180.9579750487
4	2	2	0	1	9661.63474434805
4	2	2	0	2	7020.138981516719
4	2	2	0	3	9649.244807517662
4	2	2	1	1	20724.222337543462
4	2	2	1	2	11432.001285887814
4	2	2	1	3	20182.219839909685
4	2	2	2	1	22977.381889667664
4	2	2	2	2	11193.807926987065
4	2	2	2	3	17402.18359165509
4	2	2	3	1	26091.089336489407
4	2	2	3	2	14162.920425564374
4	2	2	3	3	21190.361478587765
4	2	2	4	1	33907.430741764096
4	2	2	4	2	16928.36335654521
4	2	2	4	3	26407.94729492221
4	2	2	5	1	53273.90692294459
4	2	2	5	2	36738.500504007665
4	2	2	5	3	40660.91456257246
4	2	2	6	1	250854.48456839108
4	2	2	6	2	1068070.6865102155
4	2	2	6	3	111481.51949391076
4	2	3	0	1	11622.01105132679
4	2	3	0	2	6603.184364925776
4	2	3	0	3	10103.739453486232
4	2	3	1	1	24047.027998179146
4	2	3	1	2	12037.971235261597
4	2	3	1	3	22045.278224160327
4	2	3	2	1	24606.945155383873
4	2	3	2	2	11606.458550776297
4	2	3	2	3	18097.474372762565
4	2	3	3	1	26914.05005993061
4	2	3	3	2	12642.051873564531
4	2	3	3	3	20275.972944005094
4	2	3	4	1	35642.588972726415
4	2	3	4	2	19718.052998140527
4	2	3	4	3	27096.343433747177
4	2	3	5	1	57173.606143348574
4	2	3	5	2	32530.891950539404
4	2	3	5	3	44849.77778764239
4	2	3	6	1	362384.0394044093
4	2	3	6	2	146143.8026607029
4	2	3	6	3	131433.58194091884
4	2	4	0	1	10680.80212790618
4	2	4	0	2	7163.766337277556
4	2	4	0	3	10224.740313315055
4	2	4	1	1	23039.930189120972
4	2	4	1	2	11436.019245825903
4	2	4	1	3	20399.014961843608
4	2	4	2	1	24305.062442342172
4	2	4	2	2	12196.552805116145
4	2	4	2	3	18645.648220552353
4	2	4	3	1	25501.973843575448
4	2	4	3	2	13441.417238600803
4	2	4	3	3	20180.829877379216
4	2	4	4	1	34694.56593920333
4	2	4	4	2	16859.11769566416
4	2	4	4	3	27828.473860095743
4	2	4	5	1	62588.61248788527
4	2	4	5	2	38152.16338813737
4	2	4	5	3	48075.02214728616
4	2	4	6	1	211961.40883917746
4	2	4	6	2	320837.2575091876
4	2	4	6	3	135962.9178402014
4	2	5	0	1	11262.346275390599
4	2	5	0	2	6551.680315486399
4	2	5	0	3	10249.791525744278
4	2	5	1	1	22473.60880807654
4	2	5	1	2	11621.198206322886
4	2	5	1	3	22547.485091842613
4	2	5	2	1	25272.96960125566
4	2	5	2	2	11248.207455486125
4	2	5	2	3	20905.197610533476
4	2	5	3	1	32384.623692460293
4	2	5	3	2	14931.477451451075
4	2	5	3	3	24630.278168611316
4	2	5	4	1	57493.72971819644
4	2	5	4	2	35659.40307416782
4	2	5	4	3	39817.43858716549
4	2	5	5	1	211256.44833457447
4	2	5	5	2	241423.15472770086
4	2	5	5	3	159948.59241689125
4	2	5	6	1	2368216.159046886
4	2	5	6	2	2872964.833189977
4	2	5	6	3	1071222.8172691746
4	2	6	0	1	12191.08024893149
4	2	6	0	2	7206.854350623033
4	2	6	0	3	9713.684040091151
4	2	6	1	1	24572.90839324959
4	2	6	1	2	13585.908017977603
4	2	6	1	3	20153.924708381634
4	2	6	2	1	23848.08227914327
4	2	6	2	2	13190.314265566672
4	2	6	2	3	19633.224256249032
4	2	6	3	1	37511.10203184611
4	2	6	3	2	21646.056566887233
4	2	6	3	3	23085.092368039463
4	2	6	4	1	90493.27036340523
4	2	6	4	2	67224.87133701248
4	2	6	4	3	55757.487087008056
4	2	6	5	1	960904.1759251971
4	2	6	5	2	733681.7024146506
4	2	6	5	3	510473.0544402444
4	2	6	6	1	2993955.040605842
4	2	6	6	2	4147387.5469452157
4	2	6	6	3	3368049.710281386
4	2	7	0	1	12155.742029082336
4	2	7	0	2	7746.898768182957
4	2	7	0	3	10405.739520112842
4	2	7	1	1	23300.037981782978
4	2	7	1	2	12582.842763420762
4	2	7	1	3	22128.08171154644
4	2	7	2	1	30928.98911982105
4	2	7	2	2	11859.162886300766
4	2	7	2	3	20646.542351660573
4	2	7	3	1	40142.94422293287
4	2	7	3	2	20915.199517041663
4	2	7	3	3	24544.80919731793
4	2	7	4	1	100348.85898147883
4	2	7	4	2	65294.774112258885
4	2	7	4	3	65993.97295717047
4	2	7	5	1	789045.2258829542
4	2	7	5	2	898375.5181340063
4	2	7	5	3	592379.2317424831
4	2	7	6	1	6713316.074331679
4	2	7	6	2	4558974.471075584
4	2	7	6	3	6595839.608626603
4	3	0	0	1	9828.173726074354
4	3	0	0	2	7902.283480861719
4	3	0	0	3	9598.187238016188
4	3	0	1	1	23422.682965047163
4	3	0	1	2	17432.882051381675
4	3	0	1	3	19034.565295784723
4	3	0	2	1	25252.519850041343
4	3	0	2	2	19183.019555271145
4	3	0	2	3	17734.514883403674
4	3	0	3	1	44191.76715111309
4	3	0	3	2	39450.15297699183
4	3	0	3	3	31839.66180795059
4	3	0	4	1	250843.49102801934
4	3	0	4	2	270974.90626037086
4	3	0	4	3	185376.9891499292
4	3	0	5	1	1796781.3880926017
4	3	0	5	2	1770022.8376601546
4	3	0	5	3	1821942.8925428719
4	3	0	6	1	10051751.709952883
4	3	0	6	2	10984183.338292846
4	3	0	6	3	6938208.378737646
4	3	1	0	1	9392.10459134394
4	3	1	0	2	7255.952076929099
4	3	1	0	3	9501.974999551456
4	3	1	1	1	20219.436937671897
4	3	1	1	2	12641.8770128467
4	3	1	1	3	22613.281073757906
4	3	1	2	1	19791.624967346634
4	3	1	2	2	13090.904637356565
4	3	1	2	3	15418.825056110498
4	3	1	3	1	24945.16477490752
4	3	1	3	2	13938.229375343151
4	3	1	3	3	19013.723754046892
4	3	1	4	1	34104.76198064316
4	3	1	4	2	16911.40960086442
4	3	1	4	3	26846.219941546013
4	3	1	5	1	43810.900760237295
4	3	1	5	2	28814.366503342873
4	3	1	5	3	46617.7203412286
4	3	1	6	1	150543.13919000007
4	3	1	6	2	102209.54603577648
4	3	1	6	3	90008.8961247948
4	3	2	0	1	9276.679804673966
4	3	2	0	2	7062.424367320188
4	3	2	0	3	9976.885125842236
4	3	2	1	1	27847.06517468439
4	3	2	1	2	12580.115258615871
4	3	2	1	3	20846.224324690207
4	3	2	2	1	28497.208913697286
4	3	2	2	2	13107.371043354418
4	3	2	2	3	20814.07670498657
4	3	2	3	1	26600.43826698656
4	3	2	3	2	13947.054746273192
4	3	2	3	3	19763.69561027072
4	3	2	4	1	35203.96425770555
4	3	2	4	2	17308.825136376967
4	3	2	4	3	29937.901779804433
4	3	2	5	1	52766.01876551223
4	3	2	5	2	32123.631224346256
4	3	2	5	3	48216.101987475355
4	3	2	6	1	83791.30976987036
4	3	2	6	2	167352.1027691054
4	3	2	6	3	87873.54823298505
4	3	3	0	1	13037.426293277815
4	3	3	0	2	7664.106352698034
4	3	3	0	3	10244.117516395061
4	3	3	1	1	24317.785381998405
4	3	3	1	2	14991.155687977052
4	3	3	1	3	20889.77474533505
4	3	3	2	1	26219.508802936474
4	3	3	2	2	14258.680843777638
4	3	3	2	3	15904.256494021187
4	3	3	3	1	30404.094713790684
4	3	3	3	2	15519.438897165568
4	3	3	3	3	18485.290116015607
4	3	3	4	1	38362.96491941602
4	3	3	4	2	19153.368167561435
4	3	3	4	3	24353.083517823627
4	3	3	5	1	50788.60442948392
4	3	3	5	2	35624.8320255626
4	3	3	5	3	42040.66574140158
4	3	3	6	1	106471.85047074746
4	3	3	6	2	124353.32324672843
4	3	3	6	3	87382.8604776082
4	3	4	0	1	11244.757304259918
4	3	4	0	2	6892.993920502817
4	3	4	0	3	10753.88452135371
4	3	4	1	1	25616.25697055928
4	3	4	1	2	12530.292368886156
4	3	4	1	3	20963.90105855488
4	3	4	2	1	23816.00328271536
4	3	4	2	2	12627.445095806888
4	3	4	2	3	19809.068624347274
4	3	4	3	1	28944.895530538946
4	3	4	3	2	14867.86158506947
4	3	4	3	3	25102.16191204826
4	3	4	4	1	32444.902585793407
4	3	4	4	2	20233.01210805609
4	3	4	4	3	27684.56337485495
4	3	4	5	1	49529.078949396215
4	3	4	5	2	31153.67073457078
4	3	4	5	3	41178.74189818139
4	3	4	6	1	109493.6053664448
4	3	4	6	2	135376.0344998993
4	3	4	6	3	102087.2244166241
4	3	5	0	1	13277.370104562717
4	3	5	0	2	6934.421077369761
4	3	5	0	3	10741.432398879962
4	3	5	1	1	26423.309314293605
4	3	5	1	2	11584.180631283974
4	3	5	1	3	21650.628007738993
4	3	5	2	1	26888.445096574505
4	3	5	2	2	10620.691463538551
4	3	5	2	3	17867.300578002603
4	3	5	3	1	33624.35191400182
4	3	5	3	2	16265.414819250665
4	3	5	3	3	24078.436708468413
4	3	5	4	1	44765.14712995354
4	3	5	4	2	22925.53059425793
4	3	5	4	3	32456.13384552255
4	3	5	5	1	103541.23347854649
4	3	5	5	2	57669.3443634346
4	3	5	5	3	60260.57383199604
4	3	5	6	1	409275.20004954096
4	3	5	6	2	446475.93645437574
4	3	5	6	3	251616.8505997876
4	3	6	0	1	14797.11741534766
4	3	6	0	2	8014.070617535588
4	3	6	0	3	10010.267216618857
4	3	6	1	1	30599.687721221977
4	3	6	1	2	11803.90470000832
4	3	6	1	3	22717.900065467456
4	3	6	2	1	28904.5393596819
4	3	6	2	2	12560.952974234755
4	3	6	2	3	20633.92823955672
4	3	6	3	1	39931.36096297385
4	3	6	3	2	18097.44183752407
4	3	6	3	3	23799.438910398658
4	3	6	4	1	62065.72552627882
4	3	6	4	2	36685.646549266254
4	3	6	4	3	39605.526077955634
4	3	6	5	1	289385.44683229877
4	3	6	5	2	249422.3186521987
4	3	6	5	3	161359.85416204444
4	3	6	6	1	1664181.1452351913
4	3	6	6	2	1585689.6358226659
4	3	6	6	3	1280170.0739667797
4	3	7	0	1	12188.698947672026
4	3	7	0	2	7146.041653022982
4	3	7	0	3	10284.126100604726
4	3	7	1	1	28801.387863353775
4	3	7	1	2	14327.627411864274
4	3	7	1	3	22207.809077920247
4	3	7	2	1	24129.966319405597
4	3	7	2	2	11205.571661475087
4	3	7	2	3	21421.258792498556
4	3	7	3	1	38688.66495372685
4	3	7	3	2	19537.28831854309
4	3	7	3	3	30873.301802057686
4	3	7	4	1	68936.80656872713
4	3	7	4	2	36080.68544309001
4	3	7	4	3	52001.6961780272
4	3	7	5	1	329988.1201256141
4	3	7	5	2	373521.5317997945
4	3	7	5	3	167364.9224633707
4	3	7	6	1	2540717.0512949545
4	3	7	6	2	2427345.746877482
4	3	7	6	3	1964912.4651809423
4	4	0	0	1	10509.229511661082
4	4	0	0	2	8808.964894099925
4	4	0	0	3	10485.284188220718
4	4	0	1	1	24325.361508196827
4	4	0	1	2	17853.302814774972
4	4	0	1	3	22449.484900858446
4	4	0	2	1	23939.314786052142
4	4	0	2	2	19150.30768807071
4	4	0	2	3	18845.824910725278
4	4	0	3	1	48659.02194143186
4	4	0	3	2	39238.92388066186
4	4	0	3	3	34699.596750369485
4	4	0	4	1	342857.3150633485
4	4	0	4	2	248971.97531231213
4	4	0	4	3	239987.78667125106
4	4	0	5	1	2115090.9116586996
4	4	0	5	2	2414597.300896857
4	4	0	5	3	1860282.5294033284
4	4	0	6	1	6837475.522092083
4	4	0	6	2	13041332.588669468
4	4	0	6	3	8446110.011491153
4	4	1	0	1	10673.558565103353
4	4	1	0	2	7117.0773448188575
4	4	1	0	3	9254.972578599449
4	4	1	1	1	19675.070783621333
4	4	1	1	2	13717.320964982751
4	4	1	1	3	17408.190194315524
4	4	1	2	1	16739.018019163384
4	4	1	2	2	9777.03032948547
4	4	1	2	3	15893.042270856615
4	4	1	3	1	24331.9693788407
4	4	1	3	2	13714.214285045917
4	4	1	3	3	21345.42084106952
4	4	1	4	1	35335.43054745662
4	4	1	4	2	18361.75732136568
4	4	1	4	3	27038.285279929965
4	4	1	5	1	58742.49061692711
4	4	1	5	2	34009.928414980044
4	4	1	5	3	38402.40458889876
4	4	1	6	1	115214.6160517546
4	4	1	6	2	104764.25245596694
4	4	1	6	3	90115.30904567335
4	4	2	0	1	11346.119423184735
4	4	2	0	2	7840.209400129718
4	4	2	0	3	11124.613717525688
4	4	2	1	1	19537.433822058792
4	4	2	1	2	15470.071199742
4	4	2	1	3	30601.7251292972
4	4	2	2	1	30928.59996273972
4	4	2	2	2	11737.966301986857
4	4	2	2	3	22017.11069059555
4	4	2	3	1	29672.22802208514
4	4	2	3	2	15670.956230593105
4	4	2	3	3	26031.311023235252
4	4	2	4	1	38322.784358372424
4	4	2	4	2	18092.340347447447
4	4	2	4	3	25902.330976852463
4	4	2	5	1	52865.31032368877
4	4	2	5	2	34913.47646896056
4	4	2	5	3	39654.37755363048
4	4	2	6	1	130142.85679406399
4	4	2	6	2	79842.53431934761
4	4	2	6	3	92195.68396338129
4	4	3	0	1	13649.947914349497
4	4	3	0	2	7105.9392700023045
4	4	3	0	3	11947.091462203762
4	4	3	1	1	24694.827520293125
4	4	3	1	2	9608.345180740707
4	4	3	1	3	22346.156524572012
4	4	3	2	1	22753.822058506732
4	4	3	2	2	8462.90398251651
4	4	3	2	3	18060.76876818451
4	4	3	3	1	32772.91543184063
4	4	3	3	2	13481.375658251427
4	4	3	3	3	19633.295103580604
4	4	3	4	1	39277.47566030502
4	4	3	4	2	19574.96203454807
4	4	3	4	3	30578.696256307496
4	4	3	5	1	57419.21730811458
4	4	3	5	2	36402.27202186356
4	4	3	5	3	41132.74263565505
4	4	3	6	1	107530.02518603796
4	4	3	6	2	85114.28664290029
4	4	3	6	3	79967.38326504672
4	4	4	0	1	11566.098906564532
4	4	4	0	2	7321.113362604471
4	4	4	0	3	9763.499300150559
4	4	4	1	1	22013.578758192278
4	4	4	1	2	13411.618886254077
4	4	4	1	3	23441.151030887457
4	4	4	2	1	28555.404639697867
4	4	4	2	2	11879.660123305546
4	4	4	2	3	17093.108439964708
4	4	4	3	1	28360.044579786023
4	4	4	3	2	14655.793971141225
4	4	4	3	3	22288.254050558033
4	4	4	4	1	40795.5590662739
4	4	4	4	2	17654.240988060315
4	4	4	4	3	29582.768506113334
4	4	4	5	1	50594.92476004815
4	4	4	5	2	31888.561296509022
4	4	4	5	3	43870.291513620505
4	4	4	6	1	131511.23183362442
4	4	4	6	2	111777.39151978525
4	4	4	6	3	99382.97394793121
4	4	5	0	1	10863.262126280048
4	4	5	0	2	7446.420361247499
4	4	5	0	3	10398.931299247924
4	4	5	1	1	22450.077838335288
4	4	5	1	2	14731.269153828513
4	4	5	1	3	25819.74347829265
4	4	5	2	1	24912.323804844207
4	4	5	2	2	16967.392926110653
4	4	5	2	3	20182.91126542247
4	4	5	3	1	33149.96767488487
4	4	5	3	2	16259.291957665857
4	4	5	3	3	23890.564884811676
4	4	5	4	1	45518.922834507
4	4	5	4	2	20698.976756900207
4	4	5	4	3	28959.613178190713
4	4	5	5	1	70244.48465067835
4	4	5	5	2	38761.51951090186
4	4	5	5	3	45613.214162817014
4	4	5	6	1	154262.4431653535
4	4	5	6	2	169105.90885139973
4	4	5	6	3	103820.33133289227
4	4	6	0	1	14471.371645199328
4	4	6	0	2	7733.653061250052
4	4	6	0	3	9084.004116839233
4	4	6	1	1	22337.47745402685
4	4	6	1	2	13165.569917581379
4	4	6	1	3	20958.207319165136
4	4	6	2	1	21533.52899724161
4	4	6	2	2	12939.153064249724
4	4	6	2	3	22915.13397787026
4	4	6	3	1	33773.660267110456
4	4	6	3	2	13682.192096623723
4	4	6	3	3	25755.095760729648
4	4	6	4	1	54288.46926200442
4	4	6	4	2	24706.340916820718
4	4	6	4	3	37287.447835964325
4	4	6	5	1	124970.47774589149
4	4	6	5	2	73673.87008804585
4	4	6	5	3	74970.97854738272
4	4	6	6	1	466460.70881806436
4	4	6	6	2	543881.8578723248
4	4	6	6	3	275332.87357369415
4	4	7	0	1	11946.936767643489
4	4	7	0	2	8092.453530071085
4	4	7	0	3	11353.092063998192
4	4	7	1	1	21109.258431617898
4	4	7	1	2	17458.75609237204
4	4	7	1	3	22624.401867483633
4	4	7	2	1	16391.503750056258
4	4	7	2	2	11837.731734288896
4	4	7	2	3	20392.409016343674
4	4	7	3	1	35135.26938556326
4	4	7	3	2	13320.863892714522
4	4	7	3	3	26686.95980554961
4	4	7	4	1	54087.15506340466
4	4	7	4	2	28562.87342749767
4	4	7	4	3	39027.0401842941
4	4	7	5	1	165709.70275049162
4	4	7	5	2	100351.58991796487
4	4	7	5	3	78238.56147640503
4	4	7	6	1	755031.7444707877
4	4	7	6	2	460528.1300383941
4	4	7	6	3	388685.2563699002
4	5	0	0	1	13131.646858589245
4	5	0	0	2	9332.692893447782
4	5	0	0	3	9639.465768292981
4	5	0	1	1	25612.625047284477
4	5	0	1	2	12069.388888083547
4	5	0	1	3	26940.028445627777
4	5	0	2	1	19706.996566094764
4	5	0	2	2	18368.451620224623
4	5	0	2	3	24610.803288835094
4	5	0	3	1	46419.79721564715
4	5	0	3	2	18479.933113521656
4	5	0	3	3	32574.67810338114
4	5	0	4	1	283029.5710347799
4	5	0	4	2	404444.5022913287
4	5	0	4	3	365352.7688335936
4	5	0	5	1	1632738.7169515498
4	5	0	5	2	2962410.3446324226
4	5	0	5	3	2137010.619788045
4	5	0	6	1	11766840.453925146
4	5	0	6	2	11810385.123088837
4	5	0	6	3	6027823.847993984
4	5	1	0	1	9964.837264011261
4	5	1	0	2	6168.653765893367
4	5	1	0	3	9719.412129186554
4	5	1	1	1	32076.2833493006
4	5	1	1	2	10150.767563106063
4	5	1	1	3	21491.1415461163
4	5	1	2	1	25978.683331853408
4	5	1	2	2	11829.313575474607
4	5	1	2	3	14752.05598631191
4	5	1	3	1	21229.621556658156
4	5	1	3	2	11741.89039082695
4	5	1	3	3	20632.51948424636
4	5	1	4	1	41050.320574509155
4	5	1	4	2	14618.400979443812
4	5	1	4	3	18707.173720941923
4	5	1	5	1	50497.59792042868
4	5	1	5	2	32540.58167275419
4	5	1	5	3	38085.11118720499
4	5	1	6	1	86798.12051931306
4	5	1	6	2	98866.38932433365
4	5	1	6	3	78467.49196932715
4	5	2	0	1	8593.37674845733
4	5	2	0	2	7317.211373788786
4	5	2	0	3	12207.302371657237
4	5	2	1	1	27643.62347418226
4	5	2	1	2	8709.897039597725
4	5	2	1	3	25283.414581356625
4	5	2	2	1	34437.77277245968
4	5	2	2	2	12663.414678216717
4	5	2	2	3	18224.565756453296
4	5	2	3	1	33784.93824952466
4	5	2	3	2	11615.367612950831
4	5	2	3	3	24731.344716564112
4	5	2	4	1	35753.8115350757
4	5	2	4	2	17874.959731560208
4	5	2	4	3	26469.272052074713
4	5	2	5	1	46236.01407139307
4	5	2	5	2	30483.609519725185
4	5	2	5	3	42691.59303570898
4	5	2	6	1	104886.7147287225
4	5	2	6	2	82361.28205430499
4	5	2	6	3	81401.50027812697
4	5	3	0	1	11425.816185473697
4	5	3	0	2	7419.220688473615
4	5	3	0	3	9734.22272853866
4	5	3	1	1	26725.346777085946
4	5	3	1	2	13152.482929096534
4	5	3	1	3	24352.705849045236
4	5	3	2	1	24000.73611568094
4	5	3	2	2	11315.482304758947
4	5	3	2	3	19501.679009506755
4	5	3	3	1	30100.775859961854
4	5	3	3	2	12263.629290306424
4	5	3	3	3	26830.82238568782
4	5	3	4	1	35639.38358227563
4	5	3	4	2	16245.697356319155
4	5	3	4	3	26252.733676468324
4	5	3	5	1	54080.94910242723
4	5	3	5	2	27182.843762688564
4	5	3	5	3	36132.4244094982
4	5	3	6	1	99893.66215283016
4	5	3	6	2	85031.66700093396
4	5	3	6	3	75376.27876312746
4	5	4	0	1	13265.033089585213
4	5	4	0	2	7052.952081943689
4	5	4	0	3	10998.357034965404
4	5	4	1	1	24748.000269591583
4	5	4	1	2	15590.72001076807
4	5	4	1	3	21557.92856071295
4	5	4	2	1	23977.30558738458
4	5	4	2	2	12985.726584046537
4	5	4	2	3	26458.6168873368
4	5	4	3	1	33624.79298021116
4	5	4	3	2	12958.017409267371
4	5	4	3	3	19397.20852227954
4	5	4	4	1	33006.62197428529
4	5	4	4	2	18369.94646883278
4	5	4	4	3	23893.83564350174
4	5	4	5	1	52478.46526599464
4	5	4	5	2	29399.65388119315
4	5	4	5	3	39896.151654185676
4	5	4	6	1	125172.1198845342
4	5	4	6	2	86699.31186332533
4	5	4	6	3	103548.23570101066
4	5	5	0	1	12170.703199321046
4	5	5	0	2	7751.690665818749
4	5	5	0	3	10809.785343771968
4	5	5	1	1	20160.74348405062
4	5	5	1	2	10635.70572290049
4	5	5	1	3	24728.292324289094
4	5	5	2	1	23859.39364152127
4	5	5	2	2	15322.309903421494
4	5	5	2	3	13562.036481721976
4	5	5	3	1	31724.774369648563
4	5	5	3	2	11267.894236595404
4	5	5	3	3	23391.210180709906
4	5	5	4	1	36567.2273658818
4	5	5	4	2	19039.664802903128
4	5	5	4	3	25001.851103603305
4	5	5	5	1	59586.16347706609
4	5	5	5	2	27891.319149246552
4	5	5	5	3	42922.64036190954
4	5	5	6	1	144820.07540286443
4	5	5	6	2	112359.6352651456
4	5	5	6	3	142389.29031556693
4	5	6	0	1	10524.531981997801
4	5	6	0	2	7167.076330120169
4	5	6	0	3	9206.731042981355
4	5	6	1	1	20982.236561256075
4	5	6	1	2	14367.702871511385
4	5	6	1	3	20412.217265815998
4	5	6	2	1	28148.90039580741
4	5	6	2	2	9123.740893488079
4	5	6	2	3	20982.387254293837
4	5	6	3	1	40308.680776004374
4	5	6	3	2	10074.794666589345
4	5	6	3	3	25352.619943945814
4	5	6	4	1	51347.2865375059
4	5	6	4	2	22367.693598161783
4	5	6	4	3	30074.10687074562
4	5	6	5	1	74461.2026948545
4	5	6	5	2	44458.87273589193
4	5	6	5	3	45751.885170075715
4	5	6	6	1	257863.20755236276
4	5	6	6	2	193677.38226541903
4	5	6	6	3	112861.01463132071
4	5	7	0	1	10037.27324614073
4	5	7	0	2	7319.055182917933
4	5	7	0	3	10556.572479515846
4	5	7	1	1	27919.020323369205
4	5	7	1	2	9945.714203728618
4	5	7	1	3	18724.09916002156
4	5	7	2	1	34161.4800887526
4	5	7	2	2	11553.097476999055
4	5	7	2	3	25496.5598232289
4	5	7	3	1	35900.000769142076
4	5	7	3	2	14355.95315909206
4	5	7	3	3	14845.473515176724
4	5	7	4	1	39886.55547616308
4	5	7	4	2	18697.47359454238
4	5	7	4	3	27937.36999201312
4	5	7	5	1	93177.65068262248
4	5	7	5	2	50211.33432296438
4	5	7	5	3	48650.11557927023
4	5	7	6	1	160906.63638759893
4	5	7	6	2	198228.74165675702
4	5	7	6	3	223488.33760333847
4	6	0	0	1	8303.843540696264
4	6	0	0	2	6291.447447039312
4	6	0	0	3	9952.45068024692
4	6	0	1	1	24385.61714978507
4	6	0	1	2	15187.71140220543
4	6	0	1	3	24845.387709721083
4	6	0	2	1	43254.748230370926
4	6	0	2	2	46122.14221563969
4	6	0	2	3	11169.46003935139
4	6	0	3	1	42057.65258743085
4	6	0	3	2	37271.165583650945
4	6	0	3	3	48310.80918753441
4	6	0	4	1	454498.14203903294
4	6	0	4	2	781481.62643677
4	6	0	4	3	702767.1175391142
4	6	0	5	1	3761531.5982117294
4	6	0	5	2	2814699.271042591
4	6	0	5	3	3252179.6767733893
4	6	0	6	1	20007406.131888986
4	6	0	6	2	13531390.037931323
4	6	0	6	3	17614279.15309715
4	6	1	0	1	9278.412519366282
4	6	1	0	2	5846.762142420334
4	6	1	0	3	8956.805453277455
4	6	1	1	1	20457.41296578292
4	6	1	1	2	7789.838622100826
4	6	1	1	3	18526.77490065842
4	6	1	2	1	14009.935004499805
4	6	1	2	2	9534.898296780513
4	6	1	2	3	12747.250941111592
4	6	1	3	1	20456.7214180796
4	6	1	3	2	12395.929216021292
4	6	1	3	3	17201.028316542237
4	6	1	4	1	31222.528250788924
4	6	1	4	2	13832.65207726867
4	6	1	4	3	27196.394385226875
4	6	1	5	1	47684.3517153267
4	6	1	5	2	20017.38952747557
4	6	1	5	3	37513.998652789494
4	6	1	6	1	134921.67887409998
4	6	1	6	2	82088.77703538384
4	6	1	6	3	73213.87717229675
4	6	2	0	1	5125.177979711316
4	6	2	0	2	9459.003441239682
4	6	2	0	3	10099.45701118227
4	6	2	1	1	11728.309751546018
4	6	2	1	2	9782.880989246292
4	6	2	1	3	23697.34631474768
4	6	2	2	1	18308.069366075568
4	6	2	2	2	10346.595299775643
4	6	2	2	3	18344.50012047945
4	6	2	3	1	34802.208768123375
4	6	2	3	2	9061.941382601446
4	6	2	3	3	15819.082411341193
4	6	2	4	1	28757.54546767694
4	6	2	4	2	18831.645558868655
4	6	2	4	3	24432.699864737966
4	6	2	5	1	36713.21549886365
4	6	2	5	2	18897.87433054253
4	6	2	5	3	29919.8467858928
4	6	2	6	1	47333.10356026079
4	6	2	6	2	62057.66596387724
4	6	2	6	3	67404.353372373
4	6	3	0	1	16075.812395102052
4	6	3	0	2	7087.288122260491
4	6	3	0	3	7822.044967312919
4	6	3	1	1	17147.75671796784
4	6	3	1	2	6384.205862392148
4	6	3	1	3	22571.076563253475
4	6	3	2	1	21521.683047078634
4	6	3	2	2	12124.50963739908
4	6	3	2	3	10885.406805968782
4	6	3	3	1	23016.499194888973
4	6	3	3	2	15340.640639761079
4	6	3	3	3	21400.07250832876
4	6	3	4	1	26194.72118455466
4	6	3	4	2	16006.12051039686
4	6	3	4	3	21757.321542772665
4	6	3	5	1	47390.25320157355
4	6	3	5	2	24763.8540679741
4	6	3	5	3	46449.38682560027
4	6	3	6	1	96817.9993359499
4	6	3	6	2	69784.82722823834
4	6	3	6	3	62875.43292504152
4	6	4	0	1	9080.773845146428
4	6	4	0	2	8210.233539894432
4	6	4	0	3	10125.126362901838
4	6	4	1	1	23556.36833565531
4	6	4	1	2	8935.79189248963
4	6	4	1	3	17819.047091176653
4	6	4	2	1	28557.61091128952
4	6	4	2	2	8999.573499145179
4	6	4	2	3	20026.262422012856
4	6	4	3	1	51672.081856788696
4	6	4	3	2	18421.62546280236
4	6	4	3	3	30856.365470214776
4	6	4	4	1	23909.90222066152
4	6	4	4	2	11559.118823393213
4	6	4	4	3	35679.839249660414
4	6	4	5	1	42155.53775656907
4	6	4	5	2	21602.729433823668
4	6	4	5	3	42714.959393528276
4	6	4	6	1	85168.26972335251
4	6	4	6	2	66506.631213861
4	6	4	6	3	89063.41510788584
4	6	5	0	1	12538.595438019667
4	6	5	0	2	7236.484660904431
4	6	5	0	3	11167.800067647957
4	6	5	1	1	19305.994918091466
4	6	5	1	2	20654.521967165965
4	6	5	1	3	18942.078351886594
4	6	5	2	1	18238.652047147745
4	6	5	2	2	5044.754471707485
4	6	5	2	3	18005.415130408517
4	6	5	3	1	21142.015824958988
4	6	5	3	2	17988.501516012584
4	6	5	3	3	27391.585951327896
4	6	5	4	1	43118.52150591964
4	6	5	4	2	13449.872578120625
4	6	5	4	3	24244.368003852025
4	6	5	5	1	71059.10490906077
4	6	5	5	2	28384.386580723007
4	6	5	5	3	41604.7476304735
4	6	5	6	1	140012.66625508695
4	6	5	6	2	107362.17844424622
4	6	5	6	3	106742.78888095204
4	6	6	0	1	6003.770937570809
4	6	6	0	2	6079.4505155829675
4	6	6	0	3	11563.048585158198
4	6	6	1	1	24546.72461375591
4	6	6	1	2	8935.011377894307
4	6	6	1	3	11716.149707569522
4	6	6	2	1	31941.751874354788
4	6	6	2	2	7707.686272364335
4	6	6	2	3	19819.429200959028
4	6	6	3	1	34088.87325777418
4	6	6	3	2	14909.07049439989
4	6	6	3	3	24667.726576344576
4	6	6	4	1	41552.05076826784
4	6	6	4	2	22409.35946877204
4	6	6	4	3	23894.412477358084
4	6	6	5	1	79899.62599678565
4	6	6	5	2	25764.043996063796
4	6	6	5	3	48555.4712313698
4	6	6	6	1	201785.61341073614
4	6	6	6	2	97802.7426986917
4	6	6	6	3	72582.61656656125
4	6	7	0	1	15985.00181287872
4	6	7	0	2	6873.245663794883
4	6	7	0	3	9880.001696153695
4	6	7	1	1	15439.845861583099
4	6	7	1	2	17912.771920955096
4	6	7	1	3	21465.76504346131
4	6	7	2	1	27815.37443670323
4	6	7	2	2	11106.420019248308
4	6	7	2	3	36758.589779488095
4	6	7	3	1	21365.393703524387
4	6	7	3	2	16051.686917738562
4	6	7	3	3	20990.20358878174
4	6	7	4	1	43683.011560132785
4	6	7	4	2	21686.2440440688
4	6	7	4	3	26333.447179397226
4	6	7	5	1	70580.47667846098
4	6	7	5	2	42312.845219245835
4	6	7	5	3	27911.292474229755
4	6	7	6	1	459495.94469177676
4	6	7	6	2	117290.16990721483
4	6	7	6	3	112443.95547727581
5	0	0	0	1	8864.874801611208
5	0	0	0	2	6309.65659614506
5	0	0	0	3	8398.02942728768
5	0	0	1	1	17985.01212983063
5	0	0	1	2	12374.762232403975
5	0	0	1	3	16548.503581220677
5	0	0	2	1	17254.414642681302
5	0	0	2	2	11216.220901287237
5	0	0	2	3	14664.228430941524
5	0	0	3	1	30855.81236575903
5	0	0	3	2	27095.189868063404
5	0	0	3	3	25118.940628287397
5	0	0	4	1	165034.10398336186
5	0	0	4	2	186305.5108578363
5	0	0	4	3	127201.81990155572
5	0	0	5	1	2304278.552913736
5	0	0	5	2	2557257.9684964074
5	0	0	5	3	2254332.6580192754
5	0	0	6	1	12969078.72959073
5	0	0	6	2	13243793.61840507
5	0	0	6	3	14625913.095725333
5	0	1	0	1	8293.609549432174
5	0	1	0	2	5036.231442855664
5	0	1	0	3	7633.44408510423
5	0	1	1	1	15851.988618041665
5	0	1	1	2	8535.965658355317
5	0	1	1	3	15689.845016319545
5	0	1	2	1	16147.812217410232
5	0	1	2	2	11104.181014410007
5	0	1	2	3	13886.30168038848
5	0	1	3	1	26654.981468633574
5	0	1	3	2	20732.895212086452
5	0	1	3	3	23233.38910118198
5	0	1	4	1	123935.69786971126
5	0	1	4	2	189044.93255034124
5	0	1	4	3	122271.39732546627
5	0	1	5	1	1798322.946780432
5	0	1	5	2	2376113.0314392215
5	0	1	5	3	1968101.817132583
5	0	1	6	1	12920002.14959828
5	0	1	6	2	12183441.782780908
5	0	1	6	3	13469216.812958186
5	0	2	0	1	8296.966387258237
5	0	2	0	2	5369.224674896212
5	0	2	0	3	7573.294043118494
5	0	2	1	1	16768.843911807227
5	0	2	1	2	9678.027198486696
5	0	2	1	3	16316.047365206397
5	0	2	2	1	13768.645421587633
5	0	2	2	2	10535.778649774265
5	0	2	2	3	14061.068320532057
5	0	2	3	1	27037.977912702154
5	0	2	3	2	23961.82251872333
5	0	2	3	3	24345.838561484055
5	0	2	4	1	146820.94951983273
5	0	2	4	2	201627.10887043917
5	0	2	4	3	128243.37165692278
5	0	2	5	1	2533792.9097411865
5	0	2	5	2	2685817.385480782
5	0	2	5	3	2262504.2659127167
5	0	2	6	1	14488633.75092084
5	0	2	6	2	15048755.12605105
5	0	2	6	3	15483581.42671813
5	0	3	0	1	9032.800532494506
5	0	3	0	2	5457.788554051778
5	0	3	0	3	7429.172759971991
5	0	3	1	1	17875.96735294358
5	0	3	1	2	8910.028376099748
5	0	3	1	3	14607.737813936632
5	0	3	2	1	15743.742270702514
5	0	3	2	2	10224.85805962158
5	0	3	2	3	13151.309709830555
5	0	3	3	1	26770.040885181967
5	0	3	3	2	21935.75274841562
5	0	3	3	3	20706.75359709978
5	0	3	4	1	133575.0791166846
5	0	3	4	2	168037.29078508902
5	0	3	4	3	113085.52897408682
5	0	3	5	1	1933554.7701160319
5	0	3	5	2	2466132.2469989043
5	0	3	5	3	2129482.375325432
5	0	3	6	1	13379982.003814144
5	0	3	6	2	14667870.56782129
5	0	3	6	3	15827575.153281175
5	0	4	0	1	8094.297396257795
5	0	4	0	2	5425.8880735673365
5	0	4	0	3	7782.528757674646
5	0	4	1	1	16288.856403375648
5	0	4	1	2	9169.904688923427
5	0	4	1	3	15775.956352805415
5	0	4	2	1	16406.22765693382
5	0	4	2	2	10464.986286977672
5	0	4	2	3	13529.900601390176
5	0	4	3	1	24587.01276424953
5	0	4	3	2	23162.238024883598
5	0	4	3	3	23803.1461065842
5	0	4	4	1	115915.16002177614
5	0	4	4	2	182728.55142135746
5	0	4	4	3	123073.2416934988
5	0	4	5	1	1798963.0420312746
5	0	4	5	2	2379209.433824979
5	0	4	5	3	2148349.1383415097
5	0	4	6	1	10753081.981762582
5	0	4	6	2	15339954.158580054
5	0	4	6	3	16021290.554016046
5	0	5	0	1	8606.325032443776
5	0	5	0	2	5491.522818790065
5	0	5	0	3	7729.34566936641
5	0	5	1	1	17006.727109295527
5	0	5	1	2	8264.367171914193
5	0	5	1	3	16490.321112182774
5	0	5	2	1	15333.912014010151
5	0	5	2	2	9126.786284118858
5	0	5	2	3	14119.91369869565
5	0	5	3	1	26909.497248331856
5	0	5	3	2	22253.676919738205
5	0	5	3	3	23227.680998551274
5	0	5	4	1	151952.41182564426
5	0	5	4	2	186464.60520400514
5	0	5	4	3	122539.75114567402
5	0	5	5	1	2158271.736738271
5	0	5	5	2	2536638.0127312043
5	0	5	5	3	2136593.2298946194
5	0	5	6	1	13935176.623173721
5	0	5	6	2	12909106.70506173
5	0	5	6	3	17375611.38514979
5	0	6	0	1	9020.011257433565
5	0	6	0	2	5722.5225679917585
5	0	6	0	3	7621.1263742893125
5	0	6	1	1	17583.441837265364
5	0	6	1	2	9456.37364233693
5	0	6	1	3	14060.906515566945
5	0	6	2	1	17276.784648580964
5	0	6	2	2	9589.293033226948
5	0	6	2	3	13335.387733401561
5	0	6	3	1	28165.267950460948
5	0	6	3	2	23002.884215864786
5	0	6	3	3	21116.215397841563
5	0	6	4	1	162865.65522768203
5	0	6	4	2	162427.16324549395
5	0	6	4	3	112552.21768544707
5	0	6	5	1	2064721.5741393806
5	0	6	5	2	2532318.040703633
5	0	6	5	3	1853998.2539294688
5	0	6	6	1	15893009.096445773
5	0	6	6	2	14314888.904809572
5	0	6	6	3	13625838.829139786
5	0	7	0	1	8928.309457236475
5	0	7	0	2	6067.3084066297615
5	0	7	0	3	7691.151855198459
5	0	7	1	1	17202.604380557983
5	0	7	1	2	9797.7499907296
5	0	7	1	3	15176.928425905578
5	0	7	2	1	17043.435353868495
5	0	7	2	2	10910.801108103668
5	0	7	2	3	13220.683203528268
5	0	7	3	1	25555.29034930991
5	0	7	3	2	23463.127444140813
5	0	7	3	3	22772.71411766988
5	0	7	4	1	145076.0167083806
5	0	7	4	2	158684.18753943924
5	0	7	4	3	111944.8226102667
5	0	7	5	1	2039310.8198386603
5	0	7	5	2	2553723.0114660836
5	0	7	5	3	1923990.6204143083
5	0	7	6	1	13277238.187296852
5	0	7	6	2	14199803.340507813
5	0	7	6	3	15968779.154490426
5	1	0	0	1	11355.296700253442
5	1	0	0	2	7248.782885767782
5	1	0	0	3	10580.777624761677
5	1	0	1	1	22838.431359423645
5	1	0	1	2	16436.914080161274
5	1	0	1	3	22898.13560526449
5	1	0	2	1	23246.074998764572
5	1	0	2	2	14281.929359853064
5	1	0	2	3	19108.76831110072
5	1	0	3	1	42953.187750682904
5	1	0	3	2	25563.370985034497
5	1	0	3	3	30822.154193331575
5	1	0	4	1	165683.07787327224
5	1	0	4	2	141239.38526001183
5	1	0	4	3	126100.45381621082
5	1	0	5	1	1860687.8448538473
5	1	0	5	2	2066958.0114889762
5	1	0	5	3	1817851.464591266
5	1	0	6	1	12060718.17510058
5	1	0	6	2	12895365.139178507
5	1	0	6	3	9308226.658592058
5	1	1	0	1	12166.951538743662
5	1	1	0	2	6100.475134065869
5	1	1	0	3	10504.685161963178
5	1	1	1	1	19357.87994996414
5	1	1	1	2	10816.04627009738
5	1	1	1	3	21636.725641628174
5	1	1	2	1	19989.05764577302
5	1	1	2	2	10467.181924652563
5	1	1	2	3	17553.723565142354
5	1	1	3	1	29178.160972088725
5	1	1	3	2	13322.317975891907
5	1	1	3	3	21991.80261027853
5	1	1	4	1	51632.50831597594
5	1	1	4	2	31723.377342312415
5	1	1	4	3	40436.59240019236
5	1	1	5	1	273332.1104147783
5	1	1	5	2	468211.5693116286
5	1	1	5	3	222350.65388876942
5	1	1	6	1	2568053.4291851525
5	1	1	6	2	3677600.9132120283
5	1	1	6	3	2980076.699754358
5	1	2	0	1	12070.960403697996
5	1	2	0	2	7347.223262507587
5	1	2	0	3	9721.002466597387
5	1	2	1	1	19307.597746037198
5	1	2	1	2	11149.728038861917
5	1	2	1	3	26572.11318775346
5	1	2	2	1	18739.60251623013
5	1	2	2	2	9085.38486022869
5	1	2	2	3	19848.23280222033
5	1	2	3	1	25096.971275073494
5	1	2	3	2	14457.473535767935
5	1	2	3	3	22072.317034334606
5	1	2	4	1	44732.27850016811
5	1	2	4	2	31023.628405480922
5	1	2	4	3	34872.36666238583
5	1	2	5	1	310373.6110711271
5	1	2	5	2	498376.19600402954
5	1	2	5	3	100451.25160373244
5	1	2	6	1	2688342.9919089214
5	1	2	6	2	2097012.9331589001
5	1	2	6	3	3320554.0792721333
5	1	3	0	1	12034.084145183322
5	1	3	0	2	6451.946082878178
5	1	3	0	3	9565.411232096609
5	1	3	1	1	24629.088258192918
5	1	3	1	2	11090.352076048526
5	1	3	1	3	22259.05910107548
5	1	3	2	1	22284.22748688031
5	1	3	2	2	12597.656428522361
5	1	3	2	3	18507.638964238235
5	1	3	3	1	27295.731681665955
5	1	3	3	2	12523.522592577126
5	1	3	3	3	19613.538052514472
5	1	3	4	1	40248.54153024995
5	1	3	4	2	26059.938876977852
5	1	3	4	3	34767.204519772306
5	1	3	5	1	225952.94527472087
5	1	3	5	2	360142.09938153264
5	1	3	5	3	128978.52879070431
5	1	3	6	1	4191628.060685402
5	1	3	6	2	7902381.116693351
5	1	3	6	3	2278152.600234324
5	1	4	0	1	10324.577545461023
5	1	4	0	2	6865.116283198723
5	1	4	0	3	10675.514297462512
5	1	4	1	1	23412.547775013933
5	1	4	1	2	9966.268401466597
5	1	4	1	3	25261.02424180481
5	1	4	2	1	21781.893557958887
5	1	4	2	2	10551.993256096663
5	1	4	2	3	19475.490562997184
5	1	4	3	1	23989.338056339788
5	1	4	3	2	12793.272472307144
5	1	4	3	3	22329.848734402898
5	1	4	4	1	48809.88942350153
5	1	4	4	2	38610.28170170236
5	1	4	4	3	39636.536626268
5	1	4	5	1	293681.4400916615
5	1	4	5	2	593207.0028490948
5	1	4	5	3	300687.74233486556
5	1	4	6	1	3045552.9590846477
5	1	4	6	2	4876348.047799128
5	1	4	6	3	3317930.6167215304
5	1	5	0	1	12639.777230899675
5	1	5	0	2	6593.6438340391
5	1	5	0	3	9921.54552130169
5	1	5	1	1	24725.8335832603
5	1	5	1	2	11385.021411785296
5	1	5	1	3	23904.579497028448
5	1	5	2	1	23295.894455215654
5	1	5	2	2	12238.272535333643
5	1	5	2	3	20093.594529945374
5	1	5	3	1	31934.303095716758
5	1	5	3	2	19825.19953654163
5	1	5	3	3	24972.354253971564
5	1	5	4	1	92249.10567750756
5	1	5	4	2	95918.21201738511
5	1	5	4	3	71015.33053045782
5	1	5	5	1	1007421.0164551237
5	1	5	5	2	1469954.5014999558
5	1	5	5	3	725711.3456736807
5	1	5	6	1	7033696.667872117
5	1	5	6	2	7634567.485976857
5	1	5	6	3	9850589.530037627
5	1	6	0	1	11888.21900316028
5	1	6	0	2	6456.548937748869
5	1	6	0	3	10355.582787875433
5	1	6	1	1	22364.16144663871
5	1	6	1	2	13597.532384971655
5	1	6	1	3	20325.761524368776
5	1	6	2	1	24274.276966880432
5	1	6	2	2	12489.002908569875
5	1	6	2	3	16151.695097078078
5	1	6	3	1	36646.963065187214
5	1	6	3	2	23088.77337264269
5	1	6	3	3	28120.382804036864
5	1	6	4	1	110664.890170223
5	1	6	4	2	98637.141542981
5	1	6	4	3	93124.79241529213
5	1	6	5	1	1324339.1952709397
5	1	6	5	2	1756535.2134421172
5	1	6	5	3	1284226.6137510769
5	1	6	6	1	9924965.55737334
5	1	6	6	2	9512936.135727447
5	1	6	6	3	10104477.299971703
5	1	7	0	1	11169.369417571188
5	1	7	0	2	7076.24079434524
5	1	7	0	3	10151.68001658368
5	1	7	1	1	21655.647021862187
5	1	7	1	2	14012.96394029735
5	1	7	1	3	25307.197590361622
5	1	7	2	1	26021.009016204032
5	1	7	2	2	10160.400082136544
5	1	7	2	3	23005.22112377268
5	1	7	3	1	35362.360568216696
5	1	7	3	2	17770.94849966612
5	1	7	3	3	27690.810439714907
5	1	7	4	1	118431.43139182897
5	1	7	4	2	103967.87356326604
5	1	7	4	3	103280.2929431799
5	1	7	5	1	1288053.1078825379
5	1	7	5	2	2057858.8897704582
5	1	7	5	3	1689733.7627744863
5	1	7	6	1	11726746.219732797
5	1	7	6	2	16580541.097738314
5	1	7	6	3	9327990.07006288
5	2	0	0	1	10826.976095654183
5	2	0	0	2	8388.478871994115
5	2	0	0	3	9831.325179656946
5	2	0	1	1	22394.172573569944
5	2	0	1	2	14859.924527481064
5	2	0	1	3	19805.342853854832
5	2	0	2	1	23154.129054471705
5	2	0	2	2	17041.505839684
5	2	0	2	3	20957.376162237655
5	2	0	3	1	42129.619290206865
5	2	0	3	2	28957.381955440964
5	2	0	3	3	31112.410621590505
5	2	0	4	1	206990.78677940145
5	2	0	4	2	176771.63722830138
5	2	0	4	3	128882.71791514606
5	2	0	5	1	2248474.5513414885
5	2	0	5	2	2305461.121811911
5	2	0	5	3	1999740.9028256473
5	2	0	6	1	8709673.084836503
5	2	0	6	2	11832728.21173558
5	2	0	6	3	10591684.297299441
5	2	1	0	1	9864.715795137246
5	2	1	0	2	6042.9771277257005
5	2	1	0	3	10154.053960439598
5	2	1	1	1	22024.34326866284
5	2	1	1	2	9749.172853690743
5	2	1	1	3	19383.644157028313
5	2	1	2	1	19436.823223449814
5	2	1	2	2	10875.990872205904
5	2	1	2	3	16284.984695678446
5	2	1	3	1	24166.438216087416
5	2	1	3	2	12098.528848206128
5	2	1	3	3	21695.464674089795
5	2	1	4	1	33870.6824609177
5	2	1	4	2	16477.656501417867
5	2	1	4	3	25689.30303957092
5	2	1	5	1	70287.24688664895
5	2	1	5	2	34932.51372881516
5	2	1	5	3	53119.84241211176
5	2	1	6	1	273689.50079566013
5	2	1	6	2	389674.05478897755
5	2	1	6	3	207937.20310034932
5	2	2	0	1	9976.529191481673
5	2	2	0	2	6615.593067262684
5	2	2	0	3	9571.745918869905
5	2	2	1	1	17833.771217162852
5	2	2	1	2	12566.949292168521
5	2	2	1	3	25484.291125836644
5	2	2	2	1	18194.3308085664
5	2	2	2	2	9035.469159604954
5	2	2	2	3	20116.466767786096
5	2	2	3	1	25888.06618935391
5	2	2	3	2	12015.650661503376
5	2	2	3	3	21074.778869236165
5	2	2	4	1	32976.85232629273
5	2	2	4	2	14692.647961007184
5	2	2	4	3	27962.502516945577
5	2	2	5	1	61599.220988694506
5	2	2	5	2	47690.07335789172
5	2	2	5	3	53557.26833215941
5	2	2	6	1	254406.2474348955
5	2	2	6	2	720476.3951226941
5	2	2	6	3	139105.03491340086
5	2	3	0	1	10987.449301651488
5	2	3	0	2	6838.696121226255
5	2	3	0	3	9434.024752758443
5	2	3	1	1	25219.134883007195
5	2	3	1	2	10940.970734975472
5	2	3	1	3	21719.619777466385
5	2	3	2	1	20968.813681445736
5	2	3	2	2	8574.9262412325
5	2	3	2	3	16210.512218260454
5	2	3	3	1	26645.978430777177
5	2	3	3	2	12756.55975453241
5	2	3	3	3	19141.11454716715
5	2	3	4	1	34778.43785669684
5	2	3	4	2	17335.924113089768
5	2	3	4	3	25212.93103604299
5	2	3	5	1	70884.96862749495
5	2	3	5	2	41772.58466936458
5	2	3	5	3	47951.54809113621
5	2	3	6	1	211239.6202136486
5	2	3	6	2	549909.4000764778
5	2	3	6	3	223953.64572302293
5	2	4	0	1	10916.803068124791
5	2	4	0	2	6452.531260802277
5	2	4	0	3	9915.570416130999
5	2	4	1	1	20862.001237580735
5	2	4	1	2	11423.326192824406
5	2	4	1	3	22961.6609426476
5	2	4	2	1	22799.210022183717
5	2	4	2	2	12266.713622850675
5	2	4	2	3	19119.36721164679
5	2	4	3	1	24023.443167407317
5	2	4	3	2	12201.104864535067
5	2	4	3	3	20347.389304918863
5	2	4	4	1	38342.462365421816
5	2	4	4	2	16763.82045473927
5	2	4	4	3	30706.019231486767
5	2	4	5	1	71001.89793251213
5	2	4	5	2	50397.02987318325
5	2	4	5	3	59464.138788943776
5	2	4	6	1	335907.3290275978
5	2	4	6	2	522180.4093460707
5	2	4	6	3	236747.8629757879
5	2	5	0	1	10220.98803867339
5	2	5	0	2	7099.750650675683
5	2	5	0	3	9516.727976966922
5	2	5	1	1	24281.535330765095
5	2	5	1	2	11499.583004670698
5	2	5	1	3	20857.126905763187
5	2	5	2	1	27102.421925619794
5	2	5	2	2	11544.144537979239
5	2	5	2	3	17452.46274700883
5	2	5	3	1	31702.87598761873
5	2	5	3	2	16001.953854335561
5	2	5	3	3	24699.816977111837
5	2	5	4	1	68615.75235143429
5	2	5	4	2	44682.00612821145
5	2	5	4	3	47376.015056823664
5	2	5	5	1	557911.3318021025
5	2	5	5	2	596484.7677137109
5	2	5	5	3	353084.98326307343
5	2	5	6	1	3471814.2496610857
5	2	5	6	2	4862270.310787705
5	2	5	6	3	3137075.6110230517
5	2	6	0	1	11974.95000409248
5	2	6	0	2	6363.293336864415
5	2	6	0	3	9139.184312556048
5	2	6	1	1	24759.90845047257
5	2	6	1	2	12841.717990269939
5	2	6	1	3	21332.491142250077
5	2	6	2	1	24240.506279494683
5	2	6	2	2	12876.23230644658
5	2	6	2	3	17703.537005384773
5	2	6	3	1	37267.58549333204
5	2	6	3	2	16313.294839863283
5	2	6	3	3	26751.675994700257
5	2	6	4	1	110882.94637489942
5	2	6	4	2	81019.67449107824
5	2	6	4	3	75029.82238030675
5	2	6	5	1	901955.1091537003
5	2	6	5	2	1134264.5416759746
5	2	6	5	3	911671.6894899398
5	2	6	6	1	7418380.426900273
5	2	6	6	2	8027278.034718945
5	2	6	6	3	8328495.965378752
5	2	7	0	1	11382.681666879907
5	2	7	0	2	7310.151215805904
5	2	7	0	3	11057.90890819193
5	2	7	1	1	27588.3961056558
5	2	7	1	2	13829.744581535791
5	2	7	1	3	26133.097660779724
5	2	7	2	1	24861.89379757138
5	2	7	2	2	13158.994153595344
5	2	7	2	3	16445.609597536037
5	2	7	3	1	36937.88661108526
5	2	7	3	2	22579.775818124108
5	2	7	3	3	25640.92718043108
5	2	7	4	1	110322.52613743536
5	2	7	4	2	84578.46857704289
5	2	7	4	3	81583.2543152469
5	2	7	5	1	962041.0612563051
5	2	7	5	2	1561352.2351041667
5	2	7	5	3	1018775.7518529417
5	2	7	6	1	5887194.762112223
5	2	7	6	2	7375543.370632563
5	2	7	6	3	7108624.468802171
5	3	0	0	1	9116.788973119417
5	3	0	0	2	7707.5330970519735
5	3	0	0	3	9863.650631362552
5	3	0	1	1	21094.772092037725
5	3	0	1	2	13588.051703294035
5	3	0	1	3	19671.677441117063
5	3	0	2	1	23971.05228103793
5	3	0	2	2	15408.976061966314
5	3	0	2	3	19878.592712218222
5	3	0	3	1	42198.80602413143
5	3	0	3	2	29447.531835122874
5	3	0	3	3	31749.603866695314
5	3	0	4	1	194251.1742067574
5	3	0	4	2	220692.28669398205
5	3	0	4	3	175078.54091221068
5	3	0	5	1	2192305.6650028336
5	3	0	5	2	2261825.7159509063
5	3	0	5	3	1840777.8510635835
5	3	0	6	1	14270630.389004702
5	3	0	6	2	13770942.732865224
5	3	0	6	3	9132886.315926388
5	3	1	0	1	10694.553826616675
5	3	1	0	2	6606.413225554807
5	3	1	0	3	9657.157608454578
5	3	1	1	1	20459.88128620244
5	3	1	1	2	10028.40496844769
5	3	1	1	3	17700.0648117265
5	3	1	2	1	22137.20566516432
5	3	1	2	2	12608.081216454044
5	3	1	2	3	15938.694955138026
5	3	1	3	1	25573.383147055607
5	3	1	3	2	11641.720324223572
5	3	1	3	3	19265.872767168934
5	3	1	4	1	36134.892793293286
5	3	1	4	2	15061.801395804647
5	3	1	4	3	27588.313331703463
5	3	1	5	1	50086.92667238298
5	3	1	5	2	28460.654660012096
5	3	1	5	3	39913.75005649282
5	3	1	6	1	120625.24150264902
5	3	1	6	2	101278.69076138713
5	3	1	6	3	109950.65429310099
5	3	2	0	1	10615.712089303488
5	3	2	0	2	6399.858114035803
5	3	2	0	3	9992.790733238955
5	3	2	1	1	21077.891253220783
5	3	2	1	2	12069.303502231573
5	3	2	1	3	22477.09914541737
5	3	2	2	1	20366.03367105529
5	3	2	2	2	12366.201081226633
5	3	2	2	3	17253.776938407005
5	3	2	3	1	28561.664989076457
5	3	2	3	2	15122.262884798958
5	3	2	3	3	19578.089662832543
5	3	2	4	1	36164.55528115023
5	3	2	4	2	18258.146989455265
5	3	2	4	3	28233.878942053147
5	3	2	5	1	49340.75024682008
5	3	2	5	2	33792.26781554628
5	3	2	5	3	42955.644221354894
5	3	2	6	1	138242.77990960356
5	3	2	6	2	109866.68355840509
5	3	2	6	3	122039.59443147574
5	3	3	0	1	11020.21906208316
5	3	3	0	2	7061.555107918902
5	3	3	0	3	11052.474408058995
5	3	3	1	1	26504.413920690848
5	3	3	1	2	11616.877346899266
5	3	3	1	3	18674.93940129906
5	3	3	2	1	25376.146613429024
5	3	3	2	2	10221.375556298135
5	3	3	2	3	18733.618702464017
5	3	3	3	1	27622.977307332025
5	3	3	3	2	12085.358886719314
5	3	3	3	3	19712.919205877995
5	3	3	4	1	39852.49445834249
5	3	3	4	2	16346.916600136052
5	3	3	4	3	25268.413552329883
5	3	3	5	1	54781.0394957027
5	3	3	5	2	34348.4004835153
5	3	3	5	3	39293.715455606856
5	3	3	6	1	137449.68638467306
5	3	3	6	2	101367.95007542921
5	3	3	6	3	103894.73275134971
5	3	4	0	1	10959.719294682694
5	3	4	0	2	6665.36764074971
5	3	4	0	3	10724.043482868086
5	3	4	1	1	27905.932902413246
5	3	4	1	2	10324.675433437955
5	3	4	1	3	24331.191897445915
5	3	4	2	1	24359.06621946716
5	3	4	2	2	11822.510086268026
5	3	4	2	3	18521.963382440827
5	3	4	3	1	28485.350521017564
5	3	4	3	2	12627.970544536554
5	3	4	3	3	20931.542184599908
5	3	4	4	1	36809.49851688272
5	3	4	4	2	17919.47995343702
5	3	4	4	3	27286.75077864145
5	3	4	5	1	59733.69190744484
5	3	4	5	2	32375.538051761356
5	3	4	5	3	44241.93116321317
5	3	4	6	1	122699.46629929429
5	3	4	6	2	118695.97827645193
5	3	4	6	3	98617.00100068153
5	3	5	0	1	11944.994709588625
5	3	5	0	2	6873.698305440836
5	3	5	0	3	10248.514766576936
5	3	5	1	1	24411.46160266838
5	3	5	1	2	13196.656990692458
5	3	5	1	3	20516.99065209417
5	3	5	2	1	27197.44493238341
5	3	5	2	2	12084.381104421707
5	3	5	2	3	21960.576671948707
5	3	5	3	1	34484.16937590053
5	3	5	3	2	12482.286785562452
5	3	5	3	3	22232.031002735635
5	3	5	4	1	54131.21414177156
5	3	5	4	2	27412.127191559375
5	3	5	4	3	36242.09032516484
5	3	5	5	1	181868.88936999926
5	3	5	5	2	130621.66981980148
5	3	5	5	3	113210.0814698365
5	3	5	6	1	865724.5793206645
5	3	5	6	2	1083388.9117333815
5	3	5	6	3	613801.0577017915
5	3	6	0	1	11324.970713594044
5	3	6	0	2	7387.722553525178
5	3	6	0	3	10681.103317262436
5	3	6	1	1	23618.57615420966
5	3	6	1	2	12793.349924315706
5	3	6	1	3	20679.701572326452
5	3	6	2	1	26823.55633763469
5	3	6	2	2	10929.721470631612
5	3	6	2	3	17204.322435073525
5	3	6	3	1	38422.94214987895
5	3	6	3	2	18358.51118373181
5	3	6	3	3	24296.77528816941
5	3	6	4	1	87338.96071451712
5	3	6	4	2	50323.20717982775
5	3	6	4	3	49696.01515393565
5	3	6	5	1	582787.0973146567
5	3	6	5	2	595564.3724130882
5	3	6	5	3	341751.59042522876
5	3	6	6	1	3140713.791731236
5	3	6	6	2	3905962.1718283542
5	3	6	6	3	2298304.8699560706
5	3	7	0	1	12162.702612945413
5	3	7	0	2	7061.464266365172
5	3	7	0	3	9629.210897920517
5	3	7	1	1	23926.890824109556
5	3	7	1	2	16029.083226492861
5	3	7	1	3	23057.121911682996
5	3	7	2	1	25282.084084767055
5	3	7	2	2	11536.905256039547
5	3	7	2	3	19395.663875665927
5	3	7	3	1	37566.18946291027
5	3	7	3	2	20916.869219568405
5	3	7	3	3	29714.08644992877
5	3	7	4	1	82440.50943140767
5	3	7	4	2	59740.91016774659
5	3	7	4	3	57221.13348489878
5	3	7	5	1	545577.8897494681
5	3	7	5	2	747365.7289971783
5	3	7	5	3	437477.65174201387
5	3	7	6	1	3492458.128423468
5	3	7	6	2	4140965.0609868607
5	3	7	6	3	3147729.943458219
5	4	0	0	1	10097.74254316973
5	4	0	0	2	7091.512534947235
5	4	0	0	3	8990.124539671862
5	4	0	1	1	23350.836225048268
5	4	0	1	2	13780.79862492593
5	4	0	1	3	25627.11554746667
5	4	0	2	1	27201.32541703099
5	4	0	2	2	18116.558842304672
5	4	0	2	3	20366.14907490833
5	4	0	3	1	59534.988490277996
5	4	0	3	2	32028.928260694312
5	4	0	3	3	42088.492663876925
5	4	0	4	1	288637.675904216
5	4	0	4	2	308240.9070260076
5	4	0	4	3	196684.90902892035
5	4	0	5	1	2361929.7414977923
5	4	0	5	2	2719741.7880697874
5	4	0	5	3	2407607.8477689163
5	4	0	6	1	11630303.823695999
5	4	0	6	2	15945326.550748015
5	4	0	6	3	14154968.248490583
5	4	1	0	1	9977.639916784337
5	4	1	0	2	6213.23040949646
5	4	1	0	3	10061.243756937341
5	4	1	1	1	21014.52267769095
5	4	1	1	2	13390.78120662198
5	4	1	1	3	21007.14676573606
5	4	1	2	1	18911.046292368206
5	4	1	2	2	9700.826367438869
5	4	1	2	3	20661.646494890952
5	4	1	3	1	24063.33163318161
5	4	1	3	2	15037.459329952471
5	4	1	3	3	21569.775825822948
5	4	1	4	1	33594.42625573482
5	4	1	4	2	16053.720915525113
5	4	1	4	3	26064.089147137194
5	4	1	5	1	49516.18874455509
5	4	1	5	2	28026.534209151065
5	4	1	5	3	40769.82255779758
5	4	1	6	1	123864.24913392552
5	4	1	6	2	100505.29845026141
5	4	1	6	3	97231.25988406097
5	4	2	0	1	9009.428119271875
5	4	2	0	2	7271.920647697872
5	4	2	0	3	10389.654404893208
5	4	2	1	1	29704.973233248886
5	4	2	1	2	10864.456474389026
5	4	2	1	3	24449.71565522397
5	4	2	2	1	18742.544902744
5	4	2	2	2	13673.029077936957
5	4	2	2	3	23483.847206360293
5	4	2	3	1	29922.37713713422
5	4	2	3	2	15413.610254288154
5	4	2	3	3	24104.895656572124
5	4	2	4	1	34847.442362145026
5	4	2	4	2	15803.398952954594
5	4	2	4	3	27657.154709230243
5	4	2	5	1	51905.82878873078
5	4	2	5	2	30784.04334907446
5	4	2	5	3	41892.2873541687
5	4	2	6	1	97506.93980886447
5	4	2	6	2	108892.81173499106
5	4	2	6	3	92119.0168991474
5	4	3	0	1	11617.052918336489
5	4	3	0	2	6539.779006986628
5	4	3	0	3	10676.287708329535
5	4	3	1	1	25398.39243193638
5	4	3	1	2	11357.424809446959
5	4	3	1	3	22457.97169044034
5	4	3	2	1	21449.165209612198
5	4	3	2	2	12543.833781583751
5	4	3	2	3	19197.491198761803
5	4	3	3	1	29795.021806459634
5	4	3	3	2	12051.066691047032
5	4	3	3	3	22036.086503746537
5	4	3	4	1	41311.64375491546
5	4	3	4	2	16947.562041713565
5	4	3	4	3	26161.19428150445
5	4	3	5	1	53183.65222147851
5	4	3	5	2	33453.02439030471
5	4	3	5	3	39130.68237288551
5	4	3	6	1	109702.47383719942
5	4	3	6	2	84749.5731924815
5	4	3	6	3	87926.53991092299
5	4	4	0	1	11701.438211071647
5	4	4	0	2	6888.100651839855
5	4	4	0	3	10374.307753294028
5	4	4	1	1	27693.80599677978
5	4	4	1	2	10392.316601595008
5	4	4	1	3	25986.02392563477
5	4	4	2	1	23757.31271440982
5	4	4	2	2	11569.675658940972
5	4	4	2	3	17740.578978752437
5	4	4	3	1	28786.64248669474
5	4	4	3	2	12953.914911772335
5	4	4	3	3	23700.757848330566
5	4	4	4	1	38408.87390734567
5	4	4	4	2	14534.32453531987
5	4	4	4	3	27736.373531268633
5	4	4	5	1	51807.78106479165
5	4	4	5	2	31151.385252945318
5	4	4	5	3	44130.35467941157
5	4	4	6	1	97973.44976608899
5	4	4	6	2	87106.64747739283
5	4	4	6	3	100798.47203548563
5	4	5	0	1	10994.13293347079
5	4	5	0	2	7389.315027991463
5	4	5	0	3	10515.695526539437
5	4	5	1	1	29352.862763179586
5	4	5	1	2	14209.373552871166
5	4	5	1	3	21129.382422561797
5	4	5	2	1	26033.336463027485
5	4	5	2	2	14017.982697915895
5	4	5	2	3	21701.81585170855
5	4	5	3	1	31492.91007605374
5	4	5	3	2	14799.056945718392
5	4	5	3	3	24088.171616533007
5	4	5	4	1	42356.564149221325
5	4	5	4	2	18505.76794693074
5	4	5	4	3	30095.214900101957
5	4	5	5	1	88756.37775963248
5	4	5	5	2	47929.72247065444
5	4	5	5	3	55779.94941849893
5	4	5	6	1	313721.6640172487
5	4	5	6	2	221101.9011718033
5	4	5	6	3	141187.14482446192
5	4	6	0	1	11176.235575884035
5	4	6	0	2	7163.812738929908
5	4	6	0	3	9181.378036868447
5	4	6	1	1	24128.532511335317
5	4	6	1	2	9119.547563135944
5	4	6	1	3	25574.323031963475
5	4	6	2	1	28702.72407131033
5	4	6	2	2	11812.557553306917
5	4	6	2	3	22186.23144002848
5	4	6	3	1	37752.15975221809
5	4	6	3	2	17765.57904101803
5	4	6	3	3	21291.73658219864
5	4	6	4	1	53885.53998873869
5	4	6	4	2	29172.671781812463
5	4	6	4	3	35862.820831015975
5	4	6	5	1	220082.0212864931
5	4	6	5	2	140375.36739656026
5	4	6	5	3	113593.8112224122
5	4	6	6	1	1203594.5448835487
5	4	6	6	2	1058076.9434923704
5	4	6	6	3	709392.8728119335
5	4	7	0	1	11266.409091171638
5	4	7	0	2	7061.152613330664
5	4	7	0	3	10039.298808774693
5	4	7	1	1	25985.48062561553
5	4	7	1	2	13858.01324264619
5	4	7	1	3	19645.85034609081
5	4	7	2	1	27346.88771738627
5	4	7	2	2	9479.963064881578
5	4	7	2	3	18693.90885401328
5	4	7	3	1	34098.52870435056
5	4	7	3	2	15363.733264939015
5	4	7	3	3	23303.458743469328
5	4	7	4	1	54821.61788526311
5	4	7	4	2	32454.7255375132
5	4	7	4	3	40809.30641353429
5	4	7	5	1	190281.55845213804
5	4	7	5	2	190563.39570402226
5	4	7	5	3	116705.77628118508
5	4	7	6	1	943226.8723221046
5	4	7	6	2	1564599.4014012755
5	4	7	6	3	817587.8438080441
5	5	0	0	1	9471.068843487255
5	5	0	0	2	8876.620311793524
5	5	0	0	3	8556.458919892306
5	5	0	1	1	20758.33113543011
5	5	0	1	2	15043.240473779393
5	5	0	1	3	19356.67005736658
5	5	0	2	1	28284.448572051326
5	5	0	2	2	12300.982802249247
5	5	0	2	3	26639.33840341407
5	5	0	3	1	58045.82749639629
5	5	0	3	2	28026.55381374795
5	5	0	3	3	31021.710592781652
5	5	0	4	1	396954.27138000686
5	5	0	4	2	426301.35884450044
5	5	0	4	3	263509.80620214215
5	5	0	5	1	3260873.192619639
5	5	0	5	2	3377215.883805101
5	5	0	5	3	3006718.1415657112
5	5	0	6	1	10849286.015400205
5	5	0	6	2	12469486.283816315
5	5	0	6	3	16851620.85190683
5	5	1	0	1	9586.671567729318
5	5	1	0	2	7349.21592865538
5	5	1	0	3	8948.238369696403
5	5	1	1	1	27522.42664593559
5	5	1	1	2	8736.954768775766
5	5	1	1	3	17316.844284089653
5	5	1	2	1	20335.476758970133
5	5	1	2	2	6668.3840227437795
5	5	1	2	3	19763.92998335552
5	5	1	3	1	30760.108659713875
5	5	1	3	2	11721.894853480746
5	5	1	3	3	18339.078288369696
5	5	1	4	1	28579.764083628852
5	5	1	4	2	15429.171093313957
5	5	1	4	3	23446.282796540414
5	5	1	5	1	47943.40163623469
5	5	1	5	2	26063.292238923346
5	5	1	5	3	43213.65419161075
5	5	1	6	1	129360.23994397988
5	5	1	6	2	91983.49678178492
5	5	1	6	3	98576.08751567
5	5	2	0	1	10760.126082567978
5	5	2	0	2	7434.559402870882
5	5	2	0	3	11878.084755463487
5	5	2	1	1	29894.665884145747
5	5	2	1	2	13022.246618559822
5	5	2	1	3	26792.24323059642
5	5	2	2	1	19032.99308982301
5	5	2	2	2	9176.691035784703
5	5	2	2	3	20338.723577945817
5	5	2	3	1	28415.473427564288
5	5	2	3	2	11719.154090703563
5	5	2	3	3	18162.751476825324
5	5	2	4	1	33921.42098067482
5	5	2	4	2	15015.30780776395
5	5	2	4	3	30126.70489283359
5	5	2	5	1	51162.84512006202
5	5	2	5	2	25550.04864756043
5	5	2	5	3	42337.86265347883
5	5	2	6	1	107742.4495838977
5	5	2	6	2	77586.39991469841
5	5	2	6	3	82125.71541733731
5	5	3	0	1	11974.001842037836
5	5	3	0	2	7159.776874274103
5	5	3	0	3	9382.410887309477
5	5	3	1	1	34678.85501770083
5	5	3	1	2	11471.67934441744
5	5	3	1	3	20946.633665648395
5	5	3	2	1	24852.79987959092
5	5	3	2	2	8714.282513700551
5	5	3	2	3	16234.6121713375
5	5	3	3	1	29046.07990185401
5	5	3	3	2	11279.07016835103
5	5	3	3	3	17818.554243595816
5	5	3	4	1	37602.50395332655
5	5	3	4	2	16150.614622187619
5	5	3	4	3	24140.46339963356
5	5	3	5	1	48042.5915117828
5	5	3	5	2	27453.652793831923
5	5	3	5	3	35061.5737050897
5	5	3	6	1	98969.76343395516
5	5	3	6	2	86911.42499686002
5	5	3	6	3	82487.23619849679
5	5	4	0	1	10406.624954217361
5	5	4	0	2	6977.50024268946
5	5	4	0	3	11494.956423083182
5	5	4	1	1	20996.375240497295
5	5	4	1	2	8880.159652846265
5	5	4	1	3	23359.332361290297
5	5	4	2	1	24771.635257252452
5	5	4	2	2	11546.572582958815
5	5	4	2	3	19931.6067469532
5	5	4	3	1	34579.414908780716
5	5	4	3	2	14213.041690476473
5	5	4	3	3	17719.46690958659
5	5	4	4	1	36209.39751527827
5	5	4	4	2	14398.148008001312
5	5	4	4	3	29210.2357768392
5	5	4	5	1	60354.80398891523
5	5	4	5	2	25326.776433799296
5	5	4	5	3	39969.87827154692
5	5	4	6	1	99472.29573073186
5	5	4	6	2	80772.2031554002
5	5	4	6	3	106530.58660290182
5	5	5	0	1	11261.53320161761
5	5	5	0	2	7333.0676927735185
5	5	5	0	3	9715.98338771164
5	5	5	1	1	25595.050941810085
5	5	5	1	2	11798.198571755069
5	5	5	1	3	28057.855747714457
5	5	5	2	1	17841.321703259888
5	5	5	2	2	10246.16629387985
5	5	5	2	3	20140.97408102478
5	5	5	3	1	28411.760766930343
5	5	5	3	2	10852.47555092225
5	5	5	3	3	24274.35145345841
5	5	5	4	1	38739.36863063415
5	5	5	4	2	16238.610799363632
5	5	5	4	3	25864.424075376985
5	5	5	5	1	62012.80906092933
5	5	5	5	2	35140.621908352776
5	5	5	5	3	44708.8014678811
5	5	5	6	1	115424.13022363298
5	5	5	6	2	108871.40454074531
5	5	5	6	3	115411.38949686164
5	5	6	0	1	11979.854393793936
5	5	6	0	2	5981.76189594642
5	5	6	0	3	10289.067688993797
5	5	6	1	1	18787.545191793233
5	5	6	1	2	17192.16914628825
5	5	6	1	3	24893.17047654707
5	5	6	2	1	21636.453708085297
5	5	6	2	2	9863.170237407277
5	5	6	2	3	15941.22557159244
5	5	6	3	1	34278.1737392036
5	5	6	3	2	12164.552212144137
5	5	6	3	3	23903.891861915065
5	5	6	4	1	45658.61667200964
5	5	6	4	2	14838.692329117292
5	5	6	4	3	27625.79620366659
5	5	6	5	1	93750.0007347312
5	5	6	5	2	49508.4930157224
5	5	6	5	3	54184.65254985705
5	5	6	6	1	266717.2032309181
5	5	6	6	2	248855.32267474075
5	5	6	6	3	256809.14353551262
5	5	7	0	1	13453.191281945983
5	5	7	0	2	8070.821814057626
5	5	7	0	3	10442.275262503535
5	5	7	1	1	22207.83385084776
5	5	7	1	2	14388.455658248646
5	5	7	1	3	26708.513745781314
5	5	7	2	1	27379.15123581578
5	5	7	2	2	8757.55948572922
5	5	7	2	3	23225.444244079405
5	5	7	3	1	31492.840553480797
5	5	7	3	2	15745.450952797493
5	5	7	3	3	15007.731290339072
5	5	7	4	1	48721.41015401511
5	5	7	4	2	22985.03176293726
5	5	7	4	3	28010.39518665828
5	5	7	5	1	118729.06827993304
5	5	7	5	2	72216.70516224028
5	5	7	5	3	69249.21970471372
5	5	7	6	1	601911.0459964115
5	5	7	6	2	399164.8486214131
5	5	7	6	3	349550.21563597576
5	6	0	0	1	7757.808543881864
5	6	0	0	2	7853.728491096595
5	6	0	0	3	10243.007403583291
5	6	0	1	1	24714.249460719555
5	6	0	1	2	8415.751808023932
5	6	0	1	3	23145.36598542324
5	6	0	2	1	61158.81266088024
5	6	0	2	2	9375.08555534855
5	6	0	2	3	20013.107925986536
5	6	0	3	1	67984.68357070375
5	6	0	3	2	98839.33924790095
5	6	0	3	3	51663.84760256387
5	6	0	4	1	526191.7711481659
5	6	0	4	2	798360.4246879682
5	6	0	4	3	370483.2409477632
5	6	0	5	1	5091252.119616228
5	6	0	5	2	4412549.937550165
5	6	0	5	3	2116497.804131113
5	6	0	6	1	21032358.13422536
5	6	0	6	2	23763401.55346347
5	6	0	6	3	29337190.4085409
5	6	1	0	1	6777.314117983311
5	6	1	0	2	6958.609297946584
5	6	1	0	3	8892.929377746197
5	6	1	1	1	7474.4787203827555
5	6	1	1	2	11689.847870258178
5	6	1	1	3	19070.85463967293
5	6	1	2	1	23599.523904288162
5	6	1	2	2	11981.388298448102
5	6	1	2	3	17085.68122753057
5	6	1	3	1	32675.044635177102
5	6	1	3	2	7318.106137197448
5	6	1	3	3	17194.43756346312
5	6	1	4	1	30393.331076779927
5	6	1	4	2	13218.760166511707
5	6	1	4	3	20845.54261354212
5	6	1	5	1	47838.04191497646
5	6	1	5	2	20718.16248348921
5	6	1	5	3	30710.00308972408
5	6	1	6	1	101139.25597328048
5	6	1	6	2	71683.76713154475
5	6	1	6	3	72565.11422137186
5	6	2	0	1	9264.889201215776
5	6	2	0	2	5320.223805650945
5	6	2	0	3	10540.802818045164
5	6	2	1	1	30063.642307205293
5	6	2	1	2	16428.540967401867
5	6	2	1	3	17433.328302732305
5	6	2	2	1	16848.352198618773
5	6	2	2	2	8396.360552219592
5	6	2	2	3	12566.278557969807
5	6	2	3	1	29956.418518891427
5	6	2	3	2	11877.691484658231
5	6	2	3	3	26201.633364557754
5	6	2	4	1	36701.0345402491
5	6	2	4	2	12646.320049069996
5	6	2	4	3	16605.259922113448
5	6	2	5	1	40035.59854439989
5	6	2	5	2	25351.859737162507
5	6	2	5	3	36592.0886862645
5	6	2	6	1	73136.21469258892
5	6	2	6	2	55201.371138235525
5	6	2	6	3	71391.95320840263
5	6	3	0	1	6545.833032090339
5	6	3	0	2	6696.446930335951
5	6	3	0	3	10311.58725049336
5	6	3	1	1	32019.1490513477
5	6	3	1	2	14705.642701438826
5	6	3	1	3	13970.38178818089
5	6	3	2	1	16859.71307108664
5	6	3	2	2	7646.026133993818
5	6	3	2	3	23034.57968300451
5	6	3	3	1	32110.428834490915
5	6	3	3	2	7031.755972696739
5	6	3	3	3	24965.392228486446
5	6	3	4	1	28624.13901465439
5	6	3	4	2	7304.615838722546
5	6	3	4	3	22222.491338461416
5	6	3	5	1	57488.390991563676
5	6	3	5	2	22450.744131128737
5	6	3	5	3	33895.214353001764
5	6	3	6	1	91842.218087871
5	6	3	6	2	62754.36908915498
5	6	3	6	3	44794.85762486104
5	6	4	0	1	15539.598851929535
5	6	4	0	2	7762.08931523308
5	6	4	0	3	10757.905189127261
5	6	4	1	1	25665.669468284967
5	6	4	1	2	9974.306402752309
5	6	4	1	3	27581.347176347852
5	6	4	2	1	38455.00958975315
5	6	4	2	2	7772.625812902148
5	6	4	2	3	16247.323429728254
5	6	4	3	1	24985.832857011854
5	6	4	3	2	8779.164409586132
5	6	4	3	3	15573.15478375198
5	6	4	4	1	32957.361017718635
5	6	4	4	2	9656.621070460396
5	6	4	4	3	20897.838557064922
5	6	4	5	1	41352.30960134267
5	6	4	5	2	24240.112659876082
5	6	4	5	3	35757.24917881381
5	6	4	6	1	95280.69472707421
5	6	4	6	2	65198.92240329714
5	6	4	6	3	81189.13972574275
5	6	5	0	1	10234.86908418676
5	6	5	0	2	5345.159644757587
5	6	5	0	3	10840.198962497625
5	6	5	1	1	19591.51418181909
5	6	5	1	2	10107.278585999262
5	6	5	1	3	21513.450354965848
5	6	5	2	1	26070.169008951176
5	6	5	2	2	10901.478943699038
5	6	5	2	3	20273.97060056451
5	6	5	3	1	22166.391796362455
5	6	5	3	2	7732.322393897231
5	6	5	3	3	17848.407925434163
5	6	5	4	1	29397.839022898832
5	6	5	4	2	8952.431522697067
5	6	5	4	3	27180.21223498361
5	6	5	5	1	67127.24767766212
5	6	5	5	2	26519.793865688596
5	6	5	5	3	45559.51337093551
5	6	5	6	1	147886.45119229736
5	6	5	6	2	103206.21171228508
5	6	5	6	3	80604.80914551632
5	6	6	0	1	9447.86738508826
5	6	6	0	2	6425.740226231933
5	6	6	0	3	11102.531748001205
5	6	6	1	1	7683.34629384142
5	6	6	1	2	12676.975178863886
5	6	6	1	3	19124.667454272676
5	6	6	2	1	20014.212633535313
5	6	6	2	2	19446.42746374255
5	6	6	2	3	17106.466815980653
5	6	6	3	1	13147.709030405553
5	6	6	3	2	12560.961851901655
5	6	6	3	3	20897.441544342804
5	6	6	4	1	47994.47504269913
5	6	6	4	2	12775.626316180229
5	6	6	4	3	24865.959095107224
5	6	6	5	1	72291.3388651133
5	6	6	5	2	28812.49560203446
5	6	6	5	3	41714.90681380342
5	6	6	6	1	234690.93964737246
5	6	6	6	2	110052.41226592322
5	6	6	6	3	145450.60889492903
5	6	7	0	1	11001.037409659517
5	6	7	0	2	5437.9324795009015
5	6	7	0	3	10942.644814977348
5	6	7	1	1	26356.46581510781
5	6	7	1	2	5221.299957213038
5	6	7	1	3	21186.527493647856
5	6	7	2	1	26654.32889376055
5	6	7	2	2	5731.890668167047
5	6	7	2	3	29663.27841925636
5	6	7	3	1	33603.70183358608
5	6	7	3	2	7477.682641406799
5	6	7	3	3	10673.764790644356
5	6	7	4	1	36776.31741925143
5	6	7	4	2	11855.599193210963
5	6	7	4	3	24463.209370607285
5	6	7	5	1	71471.96180024974
5	6	7	5	2	31424.61301602318
5	6	7	5	3	43260.36625210638
5	6	7	6	1	186708.02591138027
5	6	7	6	2	179550.07079567848
5	6	7	6	3	127022.04183941719
6	0	0	0	1	8627.081177000538
6	0	0	0	2	7008.933918180516
6	0	0	0	3	9185.558851230215
6	0	0	1	1	18101.59329247346
6	0	0	1	2	14313.742941630067
6	0	0	1	3	17247.83938626433
6	0	0	2	1	20113.048954303173
6	0	0	2	2	13223.985585124863
6	0	0	2	3	17389.749091377398
6	0	0	3	1	31556.581680809857
6	0	0	3	2	36192.20994028458
6	0	0	3	3	29883.839794509768
6	0	0	4	1	152799.64051648928
6	0	0	4	2	256308.9136119457
6	0	0	4	3	139479.82613072486
6	0	0	5	1	2045011.06525755
6	0	0	5	2	3359420.686565224
6	0	0	5	3	1878713.3476400988
6	0	0	6	1	13750834.734491829
6	0	0	6	2	24131681.456245337
6	0	0	6	3	18520651.067487366
6	0	1	0	1	8314.295830976002
6	0	1	0	2	5594.872519619335
6	0	1	0	3	8491.598572666697
6	0	1	1	1	16186.415421987318
6	0	1	1	2	9340.040467740664
6	0	1	1	3	18143.915491768817
6	0	1	2	1	19048.59955538497
6	0	1	2	2	11522.539033811521
6	0	1	2	3	16438.127975609492
6	0	1	3	1	27391.652813334793
6	0	1	3	2	37466.89780512486
6	0	1	3	3	27898.442947559528
6	0	1	4	1	137069.83078388733
6	0	1	4	2	256511.09870382975
6	0	1	4	3	124124.9876597678
6	0	1	5	1	1827241.2323018073
6	0	1	5	2	3047171.2353688665
6	0	1	5	3	1916087.5254282542
6	0	1	6	1	13472097.044581633
6	0	1	6	2	19281717.83134947
6	0	1	6	3	16502164.356164495
6	0	2	0	1	8217.90675786138
6	0	2	0	2	5821.183405596619
6	0	2	0	3	8626.269417623484
6	0	2	1	1	13022.962075516289
6	0	2	1	2	8972.44407616017
6	0	2	1	3	19430.47702179747
6	0	2	2	1	18437.9330182945
6	0	2	2	2	12588.129078373982
6	0	2	2	3	18975.793582216327
6	0	2	3	1	30319.355752036994
6	0	2	3	2	31588.299156740788
6	0	2	3	3	26935.790912214205
6	0	2	4	1	123782.58781530953
6	0	2	4	2	227155.18142660015
6	0	2	4	3	140197.16688831855
6	0	2	5	1	1941717.8583038417
6	0	2	5	2	3401255.737893063
6	0	2	5	3	2067680.0011639583
6	0	2	6	1	13911151.398814464
6	0	2	6	2	21640488.853986613
6	0	2	6	3	18813058.288689725
6	0	3	0	1	9249.310770519516
6	0	3	0	2	6121.978512259485
6	0	3	0	3	7980.618356107056
6	0	3	1	1	17027.333292573217
6	0	3	1	2	9479.853406833092
6	0	3	1	3	16527.194591542684
6	0	3	2	1	19806.535371002017
6	0	3	2	2	12838.131778973526
6	0	3	2	3	14822.684234661006
6	0	3	3	1	25965.572897478607
6	0	3	3	2	31816.843522836465
6	0	3	3	3	24203.723402926596
6	0	3	4	1	102191.60846855318
6	0	3	4	2	255540.57760809525
6	0	3	4	3	125391.09185435314
6	0	3	5	1	1683074.603013976
6	0	3	5	2	3334891.533800144
6	0	3	5	3	1711695.7983766594
6	0	3	6	1	16320382.374167677
6	0	3	6	2	20961744.527733043
6	0	3	6	3	16244911.400344247
6	0	4	0	1	8675.282607875575
6	0	4	0	2	5208.831604031183
6	0	4	0	3	8581.836389505337
6	0	4	1	1	15953.23855637662
6	0	4	1	2	11174.130984594247
6	0	4	1	3	17218.62259774012
6	0	4	2	1	17680.338028677175
6	0	4	2	2	13662.830398601922
6	0	4	2	3	17800.362465573147
6	0	4	3	1	28563.748875790057
6	0	4	3	2	33744.559536535235
6	0	4	3	3	28326.17409030696
6	0	4	4	1	111901.18837733658
6	0	4	4	2	231124.17824690498
6	0	4	4	3	111658.39361009882
6	0	4	5	1	1740889.557219768
6	0	4	5	2	3015740.509195359
6	0	4	5	3	1840025.3933538038
6	0	4	6	1	14772714.393055292
6	0	4	6	2	22454504.961623147
6	0	4	6	3	17635045.157205407
6	0	5	0	1	7677.207404316414
6	0	5	0	2	6032.308717209187
6	0	5	0	3	7875.698834531123
6	0	5	1	1	18792.01199037092
6	0	5	1	2	9443.462573746683
6	0	5	1	3	18275.290758556843
6	0	5	2	1	17681.36506580409
6	0	5	2	2	12561.488304699285
6	0	5	2	3	17294.999639084974
6	0	5	3	1	33211.93351086493
6	0	5	3	2	32881.11785291875
6	0	5	3	3	24966.441570760904
6	0	5	4	1	139913.52064957982
6	0	5	4	2	255597.94911452773
6	0	5	4	3	130636.70625794497
6	0	5	5	1	1894308.8218852142
6	0	5	5	2	3120563.5670332005
6	0	5	5	3	1805055.1850312855
6	0	5	6	1	12481557.526952345
6	0	5	6	2	19559359.352729846
6	0	5	6	3	17002489.933299735
6	0	6	0	1	9245.955705143768
6	0	6	0	2	6175.0999129988795
6	0	6	0	3	7975.003165472758
6	0	6	1	1	18315.09128697897
6	0	6	1	2	11836.503257840071
6	0	6	1	3	15215.913607709088
6	0	6	2	1	18575.9634943571
6	0	6	2	2	12242.227450150325
6	0	6	2	3	14663.474857352914
6	0	6	3	1	29315.90856343798
6	0	6	3	2	31200.269824429095
6	0	6	3	3	23783.81812197682
6	0	6	4	1	129816.45156667507
6	0	6	4	2	252107.94373988698
6	0	6	4	3	120621.88247964626
6	0	6	5	1	1645089.3659232894
6	0	6	5	2	3170599.470812833
6	0	6	5	3	1695466.5779825985
6	0	6	6	1	17114909.802180264
6	0	6	6	2	22634755.453687504
6	0	6	6	3	17774582.75266787
6	0	7	0	1	8731.212590812736
6	0	7	0	2	6226.463162923736
6	0	7	0	3	8655.164030455284
6	0	7	1	1	16821.578314841616
6	0	7	1	2	11922.083566580419
6	0	7	1	3	18068.42329414524
6	0	7	2	1	16637.701598236934
6	0	7	2	2	11226.613943049168
6	0	7	2	3	17177.81093082527
6	0	7	3	1	35416.0790911659
6	0	7	3	2	26879.104829197473
6	0	7	3	3	24625.34947240146
6	0	7	4	1	136182.6203854481
6	0	7	4	2	253941.15711670107
6	0	7	4	3	131590.9454872613
6	0	7	5	1	2003097.4527915006
6	0	7	5	2	3208743.469104258
6	0	7	5	3	1744689.2867928226
6	0	7	6	1	13006693.03106706
6	0	7	6	2	21299491.327756856
6	0	7	6	3	15197062.566893714
6	1	0	0	1	10503.85079470005
6	1	0	0	2	9145.917268989291
6	1	0	0	3	10352.601660214075
6	1	0	1	1	22434.30585824509
6	1	0	1	2	16340.189814917514
6	1	0	1	3	26906.541895301267
6	1	0	2	1	23634.46312583041
6	1	0	2	2	16691.421876957775
6	1	0	2	3	23473.922386605635
6	1	0	3	1	42882.64080874284
6	1	0	3	2	34417.42338112926
6	1	0	3	3	28727.692088258325
6	1	0	4	1	141919.2814232233
6	1	0	4	2	238203.03256284128
6	1	0	4	3	119469.79073889654
6	1	0	5	1	1489001.0299677537
6	1	0	5	2	2475705.0126756127
6	1	0	5	3	2352132.2368162298
6	1	0	6	1	12190090.485789778
6	1	0	6	2	18069445.174287863
6	1	0	6	3	18835410.30010437
6	1	1	0	1	12646.412540774467
6	1	1	0	2	7813.2213937193055
6	1	1	0	3	8874.211894243352
6	1	1	1	1	21950.209003742977
6	1	1	1	2	13449.996708602292
6	1	1	1	3	31108.559555780703
6	1	1	2	1	20403.72420723603
6	1	1	2	2	8009.394095594649
6	1	1	2	3	23451.305720198714
6	1	1	3	1	28374.014184611853
6	1	1	3	2	12870.527799851268
6	1	1	3	3	26293.142567529663
6	1	1	4	1	48431.051834160186
6	1	1	4	2	45306.96184083824
6	1	1	4	3	47854.14317917538
6	1	1	5	1	307314.7534257571
6	1	1	5	2	697434.2475727228
6	1	1	5	3	298021.4196967559
6	1	1	6	1	3677240.3205370875
6	1	1	6	2	7210559.450567376
6	1	1	6	3	4406804.702118959
6	1	2	0	1	8888.761360572706
6	1	2	0	2	7661.861951999439
6	1	2	0	3	10224.430025250484
6	1	2	1	1	19888.689869812828
6	1	2	1	2	10232.359111386515
6	1	2	1	3	28747.06265576287
6	1	2	2	1	24495.171447546494
6	1	2	2	2	10981.94946232878
6	1	2	2	3	21106.067708598723
6	1	2	3	1	33827.22950922089
6	1	2	3	2	13592.51475767481
6	1	2	3	3	25446.915257730812
6	1	2	4	1	46275.13482132409
6	1	2	4	2	49369.69074713449
6	1	2	4	3	48439.294784458165
6	1	2	5	1	285884.3377364632
6	1	2	5	2	475562.31160786643
6	1	2	5	3	192794.01133326918
6	1	2	6	1	3640883.383796443
6	1	2	6	2	7261320.611380211
6	1	2	6	3	3312927.1254816363
6	1	3	0	1	11089.288204401151
6	1	3	0	2	5952.323384951174
6	1	3	0	3	10047.300235443437
6	1	3	1	1	27130.884259880087
6	1	3	1	2	12641.916890060023
6	1	3	1	3	25642.056401250185
6	1	3	2	1	25279.59541128668
6	1	3	2	2	10170.40092032728
6	1	3	2	3	21876.603355846077
6	1	3	3	1	32442.792180245284
6	1	3	3	2	12058.685164470178
6	1	3	3	3	20254.849356978204
6	1	3	4	1	45728.965130524724
6	1	3	4	2	68235.70940316169
6	1	3	4	3	43327.26347657107
6	1	3	5	1	247987.36544025425
6	1	3	5	2	605377.5293350741
6	1	3	5	3	204343.99180943478
6	1	3	6	1	2349304.458720877
6	1	3	6	2	7310503.113881385
6	1	3	6	3	3468402.5860818517
6	1	4	0	1	11589.7106137886
6	1	4	0	2	7075.803737270979
6	1	4	0	3	10514.63182192234
6	1	4	1	1	23663.09861886852
6	1	4	1	2	7564.925246460232
6	1	4	1	3	25256.87744315187
6	1	4	2	1	20464.833130073945
6	1	4	2	2	10054.709904481779
6	1	4	2	3	21638.36015254137
6	1	4	3	1	27235.487933326745
6	1	4	3	2	15993.757923330906
6	1	4	3	3	28238.712563247936
6	1	4	4	1	66754.62205425931
6	1	4	4	2	73906.1769940139
6	1	4	4	3	55476.471420316346
6	1	4	5	1	516164.75212950853
6	1	4	5	2	1363866.6910949475
6	1	4	5	3	486036.62081796234
6	1	4	6	1	3375894.0211078096
6	1	4	6	2	9813614.83171096
6	1	4	6	3	4867045.238285698
6	1	5	0	1	11590.65824136928
6	1	5	0	2	7454.018384081554
6	1	5	0	3	10157.258609039662
6	1	5	1	1	23698.073229844173
6	1	5	1	2	13386.536721555893
6	1	5	1	3	27617.939923958325
6	1	5	2	1	27298.53958765893
6	1	5	2	2	27627.119678027677
6	1	5	2	3	21439.27338617069
6	1	5	3	1	36965.79063765784
6	1	5	3	2	22667.551628331486
6	1	5	3	3	32453.22834452155
6	1	5	4	1	108735.75908300842
6	1	5	4	2	158191.3205299318
6	1	5	4	3	86875.71657257562
6	1	5	5	1	863677.8741281845
6	1	5	5	2	1278421.7673634726
6	1	5	5	3	1131693.4100467013
6	1	5	6	1	8647084.874168577
6	1	5	6	2	12338140.632663762
6	1	5	6	3	9800934.259446578
6	1	6	0	1	10994.675901656963
6	1	6	0	2	7503.93284066518
6	1	6	0	3	9437.422784514078
6	1	6	1	1	25425.24532224013
6	1	6	1	2	13320.441645245388
6	1	6	1	3	19448.552959029264
6	1	6	2	1	26973.86525867705
6	1	6	2	2	14063.174367581012
6	1	6	2	3	22296.155877155477
6	1	6	3	1	38288.938141684164
6	1	6	3	2	29015.341230599945
6	1	6	3	3	25968.431797523644
6	1	6	4	1	114978.5566683241
6	1	6	4	2	153938.14859939594
6	1	6	4	3	93444.59298151423
6	1	6	5	1	1153111.6105320686
6	1	6	5	2	2468801.3647579905
6	1	6	5	3	1440828.440519478
6	1	6	6	1	10176019.450971669
6	1	6	6	2	14102408.703964407
6	1	6	6	3	10487730.536982544
6	1	7	0	1	13807.516988620577
6	1	7	0	2	7391.225307627514
6	1	7	0	3	11561.121832764215
6	1	7	1	1	22852.220931705542
6	1	7	1	2	11885.657300550785
6	1	7	1	3	25412.932215780394
6	1	7	2	1	25302.814487831733
6	1	7	2	2	17065.06335029585
6	1	7	2	3	24110.08077860382
6	1	7	3	1	40924.60536511279
6	1	7	3	2	27234.55519753181
6	1	7	3	3	30457.892009111183
6	1	7	4	1	106489.22981008893
6	1	7	4	2	268808.6316033692
6	1	7	4	3	144707.8576800539
6	1	7	5	1	1399166.7886543092
6	1	7	5	2	2021461.4560585208
6	1	7	5	3	1387642.8925554457
6	1	7	6	1	6967272.555960921
6	1	7	6	2	19614563.702581726
6	1	7	6	3	12945123.034511384
6	2	0	0	1	10120.232489735028
6	2	0	0	2	8247.25451576555
6	2	0	0	3	10716.676623164321
6	2	0	1	1	20041.752424124155
6	2	0	1	2	14564.945720821572
6	2	0	1	3	23355.573446693114
6	2	0	2	1	26657.79259365156
6	2	0	2	2	12024.110960591312
6	2	0	2	3	22559.05398341451
6	2	0	3	1	34097.10176276698
6	2	0	3	2	25841.572265143186
6	2	0	3	3	32545.468767943574
6	2	0	4	1	154547.33219161487
6	2	0	4	2	269059.2924004188
6	2	0	4	3	132768.7965759312
6	2	0	5	1	1542994.9195660038
6	2	0	5	2	2475771.1646175142
6	2	0	5	3	1796364.0791121325
6	2	0	6	1	17411538.499440562
6	2	0	6	2	18032732.562432326
6	2	0	6	3	14693599.576235626
6	2	1	0	1	9426.86160592412
6	2	1	0	2	6671.053413753092
6	2	1	0	3	10273.542421275608
6	2	1	1	1	15432.734182669803
6	2	1	1	2	14145.54918894128
6	2	1	1	3	17814.55428685576
6	2	1	2	1	20989.483919254337
6	2	1	2	2	9085.643130438753
6	2	1	2	3	16197.51752357772
6	2	1	3	1	26256.524488438008
6	2	1	3	2	11902.134101222273
6	2	1	3	3	19134.324005948743
6	2	1	4	1	32029.634939395226
6	2	1	4	2	21958.573756009617
6	2	1	4	3	30338.996095451017
6	2	1	5	1	68974.04541251449
6	2	1	5	2	59633.90986295795
6	2	1	5	3	62825.29389742426
6	2	1	6	1	530933.844249294
6	2	1	6	2	480750.5493612818
6	2	1	6	3	319728.3997370256
6	2	2	0	1	9123.418977556936
6	2	2	0	2	6962.257598950661
6	2	2	0	3	10604.169743857421
6	2	2	1	1	16232.465134353604
6	2	2	1	2	8817.070723698078
6	2	2	1	3	25834.41808844423
6	2	2	2	1	16434.69270772721
6	2	2	2	2	10856.875385805219
6	2	2	2	3	21990.425494906485
6	2	2	3	1	22911.898159908298
6	2	2	3	2	14800.263573412518
6	2	2	3	3	17931.65475969207
6	2	2	4	1	29812.06587349604
6	2	2	4	2	21374.051896205267
6	2	2	4	3	31400.425814884242
6	2	2	5	1	63387.42864924387
6	2	2	5	2	59912.244294407996
6	2	2	5	3	58723.731258366795
6	2	2	6	1	280373.0143446997
6	2	2	6	2	1034485.0771204743
6	2	2	6	3	368059.13499114296
6	2	3	0	1	11141.248022637477
6	2	3	0	2	5663.347171864438
6	2	3	0	3	9930.656904717343
6	2	3	1	1	20988.002251714413
6	2	3	1	2	10500.896269004157
6	2	3	1	3	23751.892586654038
6	2	3	2	1	18802.639784776176
6	2	3	2	2	8676.138947737132
6	2	3	2	3	18720.954591548325
6	2	3	3	1	26884.181144884787
6	2	3	3	2	12641.67149566253
6	2	3	3	3	17808.49000732369
6	2	3	4	1	33684.537921498995
6	2	3	4	2	20364.505988254856
6	2	3	4	3	28620.755819146758
6	2	3	5	1	72597.42775668239
6	2	3	5	2	75170.54364325562
6	2	3	5	3	56621.55470181324
6	2	3	6	1	309652.4349243728
6	2	3	6	2	659980.4793699889
6	2	3	6	3	224072.2699358663
6	2	4	0	1	12371.802124759219
6	2	4	0	2	7193.116707932538
6	2	4	0	3	9886.236997734695
6	2	4	1	1	16705.85900248614
6	2	4	1	2	12955.524607171912
6	2	4	1	3	23568.07737972899
6	2	4	2	1	18495.095712429615
6	2	4	2	2	10121.058753984704
6	2	4	2	3	20005.674520126275
6	2	4	3	1	26537.844132398495
6	2	4	3	2	11915.630852021724
6	2	4	3	3	23436.008354522528
6	2	4	4	1	33861.32926479333
6	2	4	4	2	22082.13083229865
6	2	4	4	3	33412.37682590164
6	2	4	5	1	89939.51089854178
6	2	4	5	2	156166.0527920063
6	2	4	5	3	78959.00339179399
6	2	4	6	1	663882.9372551341
6	2	4	6	2	1518029.9624475632
6	2	4	6	3	505973.4084235784
6	2	5	0	1	8976.589939212496
6	2	5	0	2	7166.744929464147
6	2	5	0	3	10381.06617583803
6	2	5	1	1	21236.317686801878
6	2	5	1	2	11655.788394729254
6	2	5	1	3	23223.149962247386
6	2	5	2	1	21851.95408234473
6	2	5	2	2	11945.170611890277
6	2	5	2	3	22589.71644191187
6	2	5	3	1	33523.04111551879
6	2	5	3	2	19414.1692109844
6	2	5	3	3	26499.897004721075
6	2	5	4	1	77685.2517396689
6	2	5	4	2	85730.35559857613
6	2	5	4	3	58781.304587402454
6	2	5	5	1	469733.4670960024
6	2	5	5	2	775063.4830585147
6	2	5	5	3	463022.0055632329
6	2	5	6	1	3077189.5374235446
6	2	5	6	2	10097345.00260318
6	2	5	6	3	4604942.388868345
6	2	6	0	1	12929.65432082726
6	2	6	0	2	6983.498415781161
6	2	6	0	3	8889.926037260713
6	2	6	1	1	26245.406277712405
6	2	6	1	2	12300.837508308881
6	2	6	1	3	22242.736193249722
6	2	6	2	1	20265.79497307094
6	2	6	2	2	13365.397714061666
6	2	6	2	3	16449.777639052285
6	2	6	3	1	38247.647453171194
6	2	6	3	2	26121.211815347724
6	2	6	3	3	23023.519979027606
6	2	6	4	1	96286.84466738475
6	2	6	4	2	135706.14138506382
6	2	6	4	3	88204.25893848263
6	2	6	5	1	1023793.0197098616
6	2	6	5	2	1554589.3465062967
6	2	6	5	3	1118224.387758398
6	2	6	6	1	8473119.918442095
6	2	6	6	2	17988100.186759524
6	2	6	6	3	9106576.49729298
6	2	7	0	1	9500.083718020793
6	2	7	0	2	7252.705810268302
6	2	7	0	3	10401.188796129883
6	2	7	1	1	29500.62313860956
6	2	7	1	2	12539.234601424076
6	2	7	1	3	27173.327364798282
6	2	7	2	1	22960.176108541214
6	2	7	2	2	12895.740500618555
6	2	7	2	3	20594.34432757859
6	2	7	3	1	40357.38181864177
6	2	7	3	2	23314.913081431438
6	2	7	3	3	34630.28341872035
6	2	7	4	1	110858.91237450269
6	2	7	4	2	105488.11658974666
6	2	7	4	3	100916.55782565412
6	2	7	5	1	1053135.486486741
6	2	7	5	2	2367014.1731803063
6	2	7	5	3	923622.1428462584
6	2	7	6	1	7494347.451510729
6	2	7	6	2	14492846.295162372
6	2	7	6	3	11357545.791917771
6	3	0	0	1	11288.765840370408
6	3	0	0	2	9114.607016262118
6	3	0	0	3	9492.19166381951
6	3	0	1	1	19613.65748885998
6	3	0	1	2	20010.075967140205
6	3	0	1	3	25386.931577755495
6	3	0	2	1	21905.448526753044
6	3	0	2	2	16523.935240113886
6	3	0	2	3	25035.058098117464
6	3	0	3	1	36368.70663191764
6	3	0	3	2	30576.570095250267
6	3	0	3	3	31638.6221783831
6	3	0	4	1	146021.68341684522
6	3	0	4	2	205854.29556557955
6	3	0	4	3	121658.19521241594
6	3	0	5	1	1639519.0721706804
6	3	0	5	2	2918385.188383737
6	3	0	5	3	1898553.3612458194
6	3	0	6	1	9256342.856754184
6	3	0	6	2	18369103.56625081
6	3	0	6	3	13511625.344141506
6	3	1	0	1	8110.849372464225
6	3	1	0	2	6720.263080799156
6	3	1	0	3	9724.90149122279
6	3	1	1	1	18632.880699767396
6	3	1	1	2	13053.712855485743
6	3	1	1	3	19831.783346972272
6	3	1	2	1	20318.0994218408
6	3	1	2	2	11434.186412665647
6	3	1	2	3	24018.58613748544
6	3	1	3	1	21965.986840575722
6	3	1	3	2	14087.465176988102
6	3	1	3	3	20913.989437150765
6	3	1	4	1	29663.931932703174
6	3	1	4	2	13380.038644700355
6	3	1	4	3	23244.60127569339
6	3	1	5	1	49406.99706954959
6	3	1	5	2	26727.642429950087
6	3	1	5	3	42899.25491604052
6	3	1	6	1	121071.01335770471
6	3	1	6	2	110869.18676628314
6	3	1	6	3	100956.76609018023
6	3	2	0	1	9368.600430182718
6	3	2	0	2	6414.868115033145
6	3	2	0	3	9348.915036510125
6	3	2	1	1	21424.19610653478
6	3	2	1	2	9102.773667641512
6	3	2	1	3	23034.743303876407
6	3	2	2	1	22392.892413013888
6	3	2	2	2	7968.196679658238
6	3	2	2	3	22888.661556975003
6	3	2	3	1	22897.092644402364
6	3	2	3	2	11989.044807148359
6	3	2	3	3	22212.4217498864
6	3	2	4	1	27652.15463560473
6	3	2	4	2	16886.192323408446
6	3	2	4	3	25039.155335642427
6	3	2	5	1	51312.28643140035
6	3	2	5	2	32243.619815905666
6	3	2	5	3	43180.3643605847
6	3	2	6	1	142081.5622057806
6	3	2	6	2	135846.62385039424
6	3	2	6	3	100319.60237851566
6	3	3	0	1	12346.497359856883
6	3	3	0	2	6254.886533590357
6	3	3	0	3	10776.8137183127
6	3	3	1	1	19532.913020765693
6	3	3	1	2	8361.843229576436
6	3	3	1	3	20632.932585509436
6	3	3	2	1	21068.24348987671
6	3	3	2	2	8710.692247440074
6	3	3	2	3	17688.78160683673
6	3	3	3	1	24698.544807903516
6	3	3	3	2	13615.438479407896
6	3	3	3	3	21154.97434106693
6	3	3	4	1	29999.11991876174
6	3	3	4	2	14336.822354327282
6	3	3	4	3	24070.72427153394
6	3	3	5	1	52971.219976661174
6	3	3	5	2	27247.019225391403
6	3	3	5	3	43339.977595008066
6	3	3	6	1	127204.73878513883
6	3	3	6	2	141046.9910475201
6	3	3	6	3	101441.73076819345
6	3	4	0	1	10967.79215809378
6	3	4	0	2	5963.430712710396
6	3	4	0	3	10308.570431462671
6	3	4	1	1	22483.413760153402
6	3	4	1	2	10507.316560518342
6	3	4	1	3	22103.09246310301
6	3	4	2	1	21344.151148268145
6	3	4	2	2	14277.35343591444
6	3	4	2	3	20007.17904886691
6	3	4	3	1	23137.439808363357
6	3	4	3	2	12887.988807981134
6	3	4	3	3	20603.92356659317
6	3	4	4	1	31721.069595466484
6	3	4	4	2	16999.153550653045
6	3	4	4	3	26554.082758600423
6	3	4	5	1	60201.41484915398
6	3	4	5	2	35998.37404444319
6	3	4	5	3	46559.03311620699
6	3	4	6	1	140777.56110771402
6	3	4	6	2	228922.3675231337
6	3	4	6	3	134152.85850297625
6	3	5	0	1	12267.260168335231
6	3	5	0	2	6477.927587726404
6	3	5	0	3	9565.557776077614
6	3	5	1	1	20455.52252648538
6	3	5	1	2	14826.776164988214
6	3	5	1	3	21165.019196659006
6	3	5	2	1	25499.17102842497
6	3	5	2	2	11817.289538289997
6	3	5	2	3	18952.096182927784
6	3	5	3	1	27926.12045059645
6	3	5	3	2	13495.68074788366
6	3	5	3	3	20007.047892514118
6	3	5	4	1	49096.713392064295
6	3	5	4	2	42616.4842525037
6	3	5	4	3	42721.955926991264
6	3	5	5	1	206497.60974143323
6	3	5	5	2	300733.8348316281
6	3	5	5	3	159682.50198208954
6	3	5	6	1	1744636.5921363565
6	3	5	6	2	2436363.306475275
6	3	5	6	3	1531376.4269935754
6	3	6	0	1	11740.022314120466
6	3	6	0	2	7123.460551320094
6	3	6	0	3	9696.015476534709
6	3	6	1	1	25713.734279672455
6	3	6	1	2	11760.69099056397
6	3	6	1	3	18918.227436239315
6	3	6	2	1	22004.66797950478
6	3	6	2	2	14260.030908849418
6	3	6	2	3	19192.327117652552
6	3	6	3	1	32759.846668346094
6	3	6	3	2	15532.511164369636
6	3	6	3	3	22103.299812668887
6	3	6	4	1	82432.48353603549
6	3	6	4	2	78475.36923695017
6	3	6	4	3	53454.33184808065
6	3	6	5	1	655972.5829891461
6	3	6	5	2	1055134.1505186602
6	3	6	5	3	512086.64337790303
6	3	6	6	1	4569717.625745927
6	3	6	6	2	8447734.14821318
6	3	6	6	3	5595783.334166224
6	3	7	0	1	11781.876400057245
6	3	7	0	2	7254.424478802857
6	3	7	0	3	9822.534552173396
6	3	7	1	1	25346.77846680968
6	3	7	1	2	9774.679463050721
6	3	7	1	3	23939.526889086304
6	3	7	2	1	23695.40729490772
6	3	7	2	2	10644.183754945605
6	3	7	2	3	21255.567463620737
6	3	7	3	1	30852.535479664264
6	3	7	3	2	17373.0225615331
6	3	7	3	3	29356.58079431983
6	3	7	4	1	78040.37003841
6	3	7	4	2	87371.42860366563
6	3	7	4	3	58238.375600859115
6	3	7	5	1	645766.071224228
6	3	7	5	2	1278610.2796648082
6	3	7	5	3	666401.1685754852
6	3	7	6	1	4477779.26573776
6	3	7	6	2	10189799.431203442
6	3	7	6	3	6234923.571589742
6	4	0	0	1	10182.532973535717
6	4	0	0	2	9334.157883122181
6	4	0	0	3	10675.909597967688
6	4	0	1	1	20372.8588231101
6	4	0	1	2	12320.025635144546
6	4	0	1	3	24515.85254941503
6	4	0	2	1	27828.484107090728
6	4	0	2	2	17116.05767687146
6	4	0	2	3	22498.796922785576
6	4	0	3	1	33199.55714926456
6	4	0	3	2	23603.616607630305
6	4	0	3	3	40108.72271498953
6	4	0	4	1	194908.23850256007
6	4	0	4	2	314274.95216147904
6	4	0	4	3	125928.76541820819
6	4	0	5	1	2309635.2332586683
6	4	0	5	2	3527456.472940825
6	4	0	5	3	2032222.706518108
6	4	0	6	1	12560318.16926114
6	4	0	6	2	17015624.451328874
6	4	0	6	3	15909550.509997636
6	4	1	0	1	10249.08058551173
6	4	1	0	2	6229.671180080753
6	4	1	0	3	9264.43424496478
6	4	1	1	1	19985.434677474103
6	4	1	1	2	11277.08174862134
6	4	1	1	3	24762.763559042323
6	4	1	2	1	19322.720374145225
6	4	1	2	2	8912.202061718597
6	4	1	2	3	25176.92522263656
6	4	1	3	1	23201.22365384652
6	4	1	3	2	10331.094392277471
6	4	1	3	3	21741.458626994932
6	4	1	4	1	30896.15920424735
6	4	1	4	2	12599.276112446654
6	4	1	4	3	24168.016862326363
6	4	1	5	1	46011.34530472929
6	4	1	5	2	23454.969703949067
6	4	1	5	3	36451.36971368838
6	4	1	6	1	109341.87717799048
6	4	1	6	2	81325.94157067157
6	4	1	6	3	95053.39926601332
6	4	2	0	1	10111.056757957234
6	4	2	0	2	7572.2565369103995
6	4	2	0	3	10306.135317254588
6	4	2	1	1	20408.299573881988
6	4	2	1	2	10165.941403396531
6	4	2	1	3	26950.415857583626
6	4	2	2	1	15776.535270692328
6	4	2	2	2	9233.76956517738
6	4	2	2	3	15244.712915191012
6	4	2	3	1	20761.065557323505
6	4	2	3	2	10468.474210843395
6	4	2	3	3	16483.60846773954
6	4	2	4	1	29402.632522645705
6	4	2	4	2	14887.497873853805
6	4	2	4	3	25475.612118401696
6	4	2	5	1	43597.842342524265
6	4	2	5	2	23656.152279480764
6	4	2	5	3	40561.01448008417
6	4	2	6	1	96948.38410607511
6	4	2	6	2	83876.79793860103
6	4	2	6	3	92875.28138960355
6	4	3	0	1	10168.583246770015
6	4	3	0	2	5297.076064764863
6	4	3	0	3	9421.055145041848
6	4	3	1	1	25096.37838788878
6	4	3	1	2	10636.34318053409
6	4	3	1	3	21485.575633964174
6	4	3	2	1	23026.485326783753
6	4	3	2	2	10288.114640144446
6	4	3	2	3	14695.647003758695
6	4	3	3	1	24280.942813649395
6	4	3	3	2	12337.299550985066
6	4	3	3	3	22818.557317646264
6	4	3	4	1	29662.9956572252
6	4	3	4	2	15423.216582815565
6	4	3	4	3	22936.996883531443
6	4	3	5	1	48310.251947326775
6	4	3	5	2	24874.713693616555
6	4	3	5	3	37259.83621381791
6	4	3	6	1	109695.82234176129
6	4	3	6	2	81127.71689731209
6	4	3	6	3	90039.67686123715
6	4	4	0	1	11373.440686389218
6	4	4	0	2	7050.870903274585
6	4	4	0	3	10161.372143763163
6	4	4	1	1	23810.30914467748
6	4	4	1	2	11734.588689153225
6	4	4	1	3	22202.986559659854
6	4	4	2	1	17383.36115734271
6	4	4	2	2	11263.221018595663
6	4	4	2	3	17529.579641747005
6	4	4	3	1	24159.636251599244
6	4	4	3	2	12167.000491177125
6	4	4	3	3	19403.755257362147
6	4	4	4	1	26494.87568084942
6	4	4	4	2	15060.337303310058
6	4	4	4	3	23541.468175777758
6	4	4	5	1	50328.84999286122
6	4	4	5	2	32630.62108631844
6	4	4	5	3	41487.29847114196
6	4	4	6	1	108070.17231000957
6	4	4	6	2	92908.7141644659
6	4	4	6	3	98305.83331418275
6	4	5	0	1	11508.897549073776
6	4	5	0	2	7296.2612527169
6	4	5	0	3	10034.596378378128
6	4	5	1	1	22964.096392652635
6	4	5	1	2	9494.58614442066
6	4	5	1	3	22629.7441994655
6	4	5	2	1	26464.50123997669
6	4	5	2	2	11734.731354862537
6	4	5	2	3	24348.885525605707
6	4	5	3	1	27064.756088892136
6	4	5	3	2	13475.67422039991
6	4	5	3	3	23567.904732447736
6	4	5	4	1	34801.85390433968
6	4	5	4	2	20483.086598562317
6	4	5	4	3	30689.771978023367
6	4	5	5	1	94941.35800560804
6	4	5	5	2	59850.84036225533
6	4	5	5	3	67133.77770155462
6	4	5	6	1	507181.9495802782
6	4	5	6	2	453229.1311987955
6	4	5	6	3	325590.41195247055
6	4	6	0	1	10934.304217025374
6	4	6	0	2	7024.601605293088
6	4	6	0	3	9956.474068828313
6	4	6	1	1	23191.70971833384
6	4	6	1	2	15283.171150398486
6	4	6	1	3	21826.024318443917
6	4	6	2	1	19961.653132617976
6	4	6	2	2	16075.135632349464
6	4	6	2	3	16655.09947830774
6	4	6	3	1	29938.999779115584
6	4	6	3	2	13621.393721775195
6	4	6	3	3	20991.079619811728
6	4	6	4	1	47923.778835776815
6	4	6	4	2	27875.614439322657
6	4	6	4	3	32528.21769866358
6	4	6	5	1	229066.3685109161
6	4	6	5	2	240174.35113772535
6	4	6	5	3	199068.06559456885
6	4	6	6	1	1668115.1774483481
6	4	6	6	2	2367691.774832611
6	4	6	6	3	1578732.975126075
6	4	7	0	1	9606.4846371834
6	4	7	0	2	6338.739710435111
6	4	7	0	3	10182.42395976382
6	4	7	1	1	26726.763184323558
6	4	7	1	2	11533.35182674246
6	4	7	1	3	23702.410396744486
6	4	7	2	1	28879.829884445404
6	4	7	2	2	15074.058033704081
6	4	7	2	3	22029.493349961806
6	4	7	3	1	34807.87599372874
6	4	7	3	2	18147.803138323798
6	4	7	3	3	21886.37066756758
6	4	7	4	1	52391.24401982709
6	4	7	4	2	35973.505656970396
6	4	7	4	3	31698.134250914372
6	4	7	5	1	251352.42032401238
6	4	7	5	2	374618.49779561604
6	4	7	5	3	248344.90233786879
6	4	7	6	1	1994864.1964204046
6	4	7	6	2	3252082.59489492
6	4	7	6	3	1958686.3065318177
6	5	0	0	1	10150.087367748618
6	5	0	0	2	9164.560155563453
6	5	0	0	3	10511.01415938148
6	5	0	1	1	20724.39974644718
6	5	0	1	2	11802.667218245999
6	5	0	1	3	23789.50832639388
6	5	0	2	1	27719.778164482384
6	5	0	2	2	17849.72578486178
6	5	0	2	3	24662.485165456113
6	5	0	3	1	62807.59212260679
6	5	0	3	2	27861.2673829571
6	5	0	3	3	39042.64688219453
6	5	0	4	1	212246.9330117369
6	5	0	4	2	253293.47248220607
6	5	0	4	3	178745.63923165808
6	5	0	5	1	2797615.796905015
6	5	0	5	2	2885407.988247142
6	5	0	5	3	2242599.8481873325
6	5	0	6	1	15296512.149731899
6	5	0	6	2	19835483.777924985
6	5	0	6	3	15954231.909938177
6	5	1	0	1	8229.244832547969
6	5	1	0	2	6446.581069607193
6	5	1	0	3	10553.04325503089
6	5	1	1	1	21966.27293169252
6	5	1	1	2	10158.592279160921
6	5	1	1	3	21959.045517070193
6	5	1	2	1	16664.018153008125
6	5	1	2	2	16297.060799975092
6	5	1	2	3	18579.108723448473
6	5	1	3	1	23975.86269228894
6	5	1	3	2	11195.785583391405
6	5	1	3	3	22281.657763358242
6	5	1	4	1	25986.187851320232
6	5	1	4	2	13827.82218293193
6	5	1	4	3	18593.45547456967
6	5	1	5	1	44529.82990648555
6	5	1	5	2	23559.250021152697
6	5	1	5	3	32324.24846338064
6	5	1	6	1	90382.73870274879
6	5	1	6	2	73103.72450838257
6	5	1	6	3	80516.88250940024
6	5	2	0	1	9380.285273395886
6	5	2	0	2	6466.932966028697
6	5	2	0	3	10674.971289098667
6	5	2	1	1	19884.064092673925
6	5	2	1	2	14232.677211383303
6	5	2	1	3	23371.180371288523
6	5	2	2	1	19906.137051392678
6	5	2	2	2	10829.21599627606
6	5	2	2	3	18378.360840184534
6	5	2	3	1	23587.411398823042
6	5	2	3	2	9332.229174567954
6	5	2	3	3	18445.36460723583
6	5	2	4	1	30531.378238219302
6	5	2	4	2	13483.87506044712
6	5	2	4	3	19213.19567332684
6	5	2	5	1	43434.09333950044
6	5	2	5	2	21311.82391352356
6	5	2	5	3	35893.941475768384
6	5	2	6	1	78043.5110910084
6	5	2	6	2	63470.91574765578
6	5	2	6	3	80495.95863454253
6	5	3	0	1	12666.323384136476
6	5	3	0	2	7365.8228051684555
6	5	3	0	3	10740.865341265679
6	5	3	1	1	29984.240563927306
6	5	3	1	2	7806.167341939682
6	5	3	1	3	19168.42685367376
6	5	3	2	1	18674.84962469304
6	5	3	2	2	10738.279868837531
6	5	3	2	3	18128.414370455477
6	5	3	3	1	22566.810631350403
6	5	3	3	2	11508.984480443305
6	5	3	3	3	16357.357916955236
6	5	3	4	1	31082.510363068544
6	5	3	4	2	12234.378163476385
6	5	3	4	3	19136.406468507055
6	5	3	5	1	46796.379324110334
6	5	3	5	2	21692.723388200873
6	5	3	5	3	38840.75150535992
6	5	3	6	1	95201.54113724206
6	5	3	6	2	70015.515913118
6	5	3	6	3	76799.81902121715
6	5	4	0	1	10269.479184789063
6	5	4	0	2	5956.124539534271
6	5	4	0	3	9701.42826020964
6	5	4	1	1	22589.185069399056
6	5	4	1	2	10716.313991279501
6	5	4	1	3	24798.974758479886
6	5	4	2	1	16972.92961490005
6	5	4	2	2	8682.147392188635
6	5	4	2	3	17109.121046837023
6	5	4	3	1	20995.263797611344
6	5	4	3	2	11378.87714110304
6	5	4	3	3	20213.587087392472
6	5	4	4	1	30048.274242004944
6	5	4	4	2	13300.354409190744
6	5	4	4	3	22131.293949003273
6	5	4	5	1	43813.74417226444
6	5	4	5	2	23836.40880545404
6	5	4	5	3	34142.98091286921
6	5	4	6	1	99081.92426997461
6	5	4	6	2	69189.30418005692
6	5	4	6	3	89092.63479723889
6	5	5	0	1	12814.70318675717
6	5	5	0	2	5288.052333964963
6	5	5	0	3	11881.788494163586
6	5	5	1	1	24529.098522598688
6	5	5	1	2	7311.1277869465885
6	5	5	1	3	22327.153411547013
6	5	5	2	1	18578.450242015348
6	5	5	2	2	9278.972063572222
6	5	5	2	3	20877.63262884519
6	5	5	3	1	22408.082875855413
6	5	5	3	2	10778.23011246915
6	5	5	3	3	21073.440050196223
6	5	5	4	1	36261.37203572794
6	5	5	4	2	12245.22561756496
6	5	5	4	3	24944.419545674864
6	5	5	5	1	56249.52571788737
6	5	5	5	2	31774.458976818278
6	5	5	5	3	45900.55193564596
6	5	5	6	1	173168.45454661694
6	5	5	6	2	109386.63648934652
6	5	5	6	3	135636.01087944867
6	5	6	0	1	10265.132356043147
6	5	6	0	2	6358.957950005246
6	5	6	0	3	9969.751561263702
6	5	6	1	1	29610.911437129205
6	5	6	1	2	11883.331078071564
6	5	6	1	3	21340.84276655269
6	5	6	2	1	19424.777394103367
6	5	6	2	2	9732.232492446514
6	5	6	2	3	19828.61967195445
6	5	6	3	1	26584.798399882962
6	5	6	3	2	13153.725719997412
6	5	6	3	3	18267.804968772027
6	5	6	4	1	39747.172397239905
6	5	6	4	2	20287.412231025337
6	5	6	4	3	24133.9049515585
6	5	6	5	1	80106.70431878675
6	5	6	5	2	85986.79369876237
6	5	6	5	3	56175.87551644883
6	5	6	6	1	467278.1743371224
6	5	6	6	2	490931.250914461
6	5	6	6	3	324803.65283210133
6	5	7	0	1	9951.282768608391
6	5	7	0	2	5437.619744053638
6	5	7	0	3	9977.561879366132
6	5	7	1	1	16782.345087429974
6	5	7	1	2	12476.756821281111
6	5	7	1	3	17155.87274157378
6	5	7	2	1	24099.217920991232
6	5	7	2	2	13344.851900993264
6	5	7	2	3	22886.82122495653
6	5	7	3	1	24650.891314257937
6	5	7	3	2	12958.393612328182
6	5	7	3	3	21612.762982887936
6	5	7	4	1	41404.56866031735
6	5	7	4	2	22405.860397247954
6	5	7	4	3	30238.990194007914
6	5	7	5	1	118088.04867447006
6	5	7	5	2	68928.18619643582
6	5	7	5	3	76444.76244965677
6	5	7	6	1	746814.5078361707
6	5	7	6	2	640852.5801903086
6	5	7	6	3	459589.5465939224
6	6	0	0	1	10004.915431243178
6	6	0	0	2	7088.022249889025
6	6	0	0	3	11226.357780336994
6	6	0	1	1	17077.642700202938
6	6	0	1	2	9025.046404508976
6	6	0	1	3	16684.039894936574
6	6	0	2	1	51272.883328799784
6	6	0	2	2	26613.300435800786
6	6	0	2	3	24361.25975643181
6	6	0	3	1	20559.702044523903
6	6	0	3	2	90094.45651963455
6	6	0	3	3	30140.49096254787
6	6	0	4	1	190809.9452829899
6	6	0	4	2	418132.0090854044
6	6	0	4	3	198491.38768251322
6	6	0	5	1	3628908.474413249
6	6	0	5	2	3566738.1757229376
6	6	0	5	3	2519256.439998651
6	6	0	6	1	24920379.119120214
6	6	0	6	2	27054583.847842537
6	6	0	6	3	20878906.557044733
6	6	1	0	1	7383.545099118142
6	6	1	0	2	7108.21216190264
6	6	1	0	3	10198.648709137473
6	6	1	1	1	13559.348991433752
6	6	1	1	2	8430.941724996888
6	6	1	1	3	21363.705074193567
6	6	1	2	1	20022.299016434732
6	6	1	2	2	8735.785956504546
6	6	1	2	3	20539.79874489753
6	6	1	3	1	19463.905028953654
6	6	1	3	2	7565.760457414439
6	6	1	3	3	12879.835549401982
6	6	1	4	1	31972.403216485698
6	6	1	4	2	10212.114845219476
6	6	1	4	3	16078.631768956237
6	6	1	5	1	39549.324355688055
6	6	1	5	2	19835.501680197354
6	6	1	5	3	34668.660831665344
6	6	1	6	1	80602.57731114459
6	6	1	6	2	56015.27027558697
6	6	1	6	3	61628.92444860297
6	6	2	0	1	8600.143810362793
6	6	2	0	2	6915.707519627683
6	6	2	0	3	9515.404763530272
6	6	2	1	1	13898.652001656425
6	6	2	1	2	10924.246558739622
6	6	2	1	3	19604.88955829639
6	6	2	2	1	16683.78112077488
6	6	2	2	2	12057.465865121492
6	6	2	2	3	17567.737911651515
6	6	2	3	1	11953.10684404254
6	6	2	3	2	11857.331572078743
6	6	2	3	3	26939.386121446776
6	6	2	4	1	27510.74912628679
6	6	2	4	2	13651.40123566806
6	6	2	4	3	19796.081678811257
6	6	2	5	1	31734.33495464611
6	6	2	5	2	24356.406016385223
6	6	2	5	3	30864.472123751624
6	6	2	6	1	52897.83099300264
6	6	2	6	2	55874.17465446881
6	6	2	6	3	62377.55289955848
6	6	3	0	1	12010.198405087249
6	6	3	0	2	7379.747123291333
6	6	3	0	3	9548.011956996976
6	6	3	1	1	13293.629662727722
6	6	3	1	2	13160.887182980956
6	6	3	1	3	21684.409410175092
6	6	3	2	1	17352.944016580524
6	6	3	2	2	11352.582966261893
6	6	3	2	3	16339.654999176119
6	6	3	3	1	21723.993506743773
6	6	3	3	2	5759.028986297135
6	6	3	3	3	13264.687865704884
6	6	3	4	1	30600.816402250548
6	6	3	4	2	6909.650904531207
6	6	3	4	3	15636.627317296985
6	6	3	5	1	44063.79985215468
6	6	3	5	2	23628.76726916155
6	6	3	5	3	32191.87673879638
6	6	3	6	1	65244.87949202873
6	6	3	6	2	61248.72700608766
6	6	3	6	3	58116.193355552845
6	6	4	0	1	10164.652885457357
6	6	4	0	2	8008.82452129428
6	6	4	0	3	12753.427651603703
6	6	4	1	1	16247.553263055786
6	6	4	1	2	12283.422080587496
6	6	4	1	3	20684.657855237652
6	6	4	2	1	29741.654351357363
6	6	4	2	2	14282.313573301668
6	6	4	2	3	17033.908952648257
6	6	4	3	1	20866.738414826697
6	6	4	3	2	7704.982858539475
6	6	4	3	3	19290.04510143934
6	6	4	4	1	24634.743611813978
6	6	4	4	2	11094.344074484965
6	6	4	4	3	21462.173831168064
6	6	4	5	1	43151.436101735075
6	6	4	5	2	18792.628758660598
6	6	4	5	3	32130.392455461282
6	6	4	6	1	101592.25544143666
6	6	4	6	2	57688.68368336632
6	6	4	6	3	59325.6547102703
6	6	5	0	1	8367.606054167349
6	6	5	0	2	7695.831289987573
6	6	5	0	3	8999.875255221126
6	6	5	1	1	23995.245632639042
6	6	5	1	2	12039.64869782631
6	6	5	1	3	25906.67113343315
6	6	5	2	1	28298.842685291937
6	6	5	2	2	7872.189611315523
6	6	5	2	3	14214.464769285285
6	6	5	3	1	11994.43795618319
6	6	5	3	2	17956.29552962534
6	6	5	3	3	16135.769576943712
6	6	5	4	1	23612.547071590387
6	6	5	4	2	9512.6686430232
6	6	5	4	3	25737.478623835024
6	6	5	5	1	56769.271895425096
6	6	5	5	2	29227.384404306707
6	6	5	5	3	31094.43132955821
6	6	5	6	1	115984.60396415924
6	6	5	6	2	104980.09198558933
6	6	5	6	3	79258.49950731252
6	6	6	0	1	12183.90625583765
6	6	6	0	2	8945.38717937018
6	6	6	0	3	7394.102262409071
6	6	6	1	1	16304.629692718034
6	6	6	1	2	13603.326765232581
6	6	6	1	3	12779.638296306692
6	6	6	2	1	27305.96979625219
6	6	6	2	2	5331.649319929185
6	6	6	2	3	5846.067504344452
6	6	6	3	1	24343.123524492526
6	6	6	3	2	13637.103200060823
6	6	6	3	3	11545.949072500422
6	6	6	4	1	37208.65626707342
6	6	6	4	2	16752.743430659437
6	6	6	4	3	22483.31673256732
6	6	6	5	1	58865.86413998141
6	6	6	5	2	33309.91536128371
6	6	6	5	3	39233.56064396627
6	6	6	6	1	187155.5395732877
6	6	6	6	2	157839.41602634348
6	6	6	6	3	111432.44941176884
6	6	7	0	1	9846.51033496421
6	6	7	0	2	6193.466920643823
6	6	7	0	3	9210.890765378375
6	6	7	1	1	26162.646087692192
6	6	7	1	2	11213.6064658541
6	6	7	1	3	13073.074090012255
6	6	7	2	1	18939.054941969618
6	6	7	2	2	57743.16720997381
6	6	7	2	3	13600.184513417713
6	6	7	3	1	10010.10031949009
6	6	7	3	2	24392.88421454424
6	6	7	3	3	12257.696539511273
6	6	7	4	1	25268.69880654266
6	6	7	4	2	15944.573618888719
6	6	7	4	3	16586.659108986238
6	6	7	5	1	55171.96734432871
6	6	7	5	2	34094.30940154136
6	6	7	5	3	47815.80374175447
6	6	7	6	1	167903.4729974885
6	6	7	6	2	139040.8478961281
6	6	7	6	3	230987.47813050394
