stage_index	interaction_id	cell_pair_id	association_pvalue	interaction_strength_like_value
0	interaction_0114	cell_pair_0002	0.0009	3.82446238078286
0	interaction_0114	cell_pair_0002	0.0009	3.82446238078286
0	interaction_0224	cell_pair_0005	0.0009	3.393828026453
0	interaction_0159	cell_pair_0006	0.0009	2.70995227069982
0	interaction_0186	cell_pair_0005	0.0009	2.5609594583376
0	interaction_0186	cell_pair_0001	0.0009	2.55311470811523
0	interaction_0186	cell_pair_0002	0.0009	2.46283760142902
0	interaction_0186	cell_pair_0004	0.0009	2.46126660848879
0	interaction_0188	cell_pair_0002	0.0009	2.45575462218619
0	interaction_0188	cell_pair_0001	0.0009	2.45022149589718
0	interaction_0188	cell_pair_0004	0.0009	2.44969342303591
0	interaction_0162	cell_pair_0004	0.0009	2.43988904761978
0	interaction_0231	cell_pair_0005	0.0009	2.24671210053186
0	interaction_0224	cell_pair_0004	0.0009	2.20288783347014
0	interaction_0231	cell_pair_0001	0.0009	2.17472598770613
0	interaction_0231	cell_pair_0004	0.0009	2.14665522211947
0	interaction_0231	cell_pair_0002	0.0009	2.1243281350022
0	interaction_0231	cell_pair_0003	0.0009	2.11869195279181
0	interaction_0117	cell_pair_0006	0.0009	2.00396196615242
0	interaction_0165	cell_pair_0005	0.0009	1.91226662806645
0	interaction_0167	cell_pair_0005	0.0009	1.91226662806645
0	interaction_0164	cell_pair_0005	0.0009	1.87931367631089
0	interaction_0162	cell_pair_0006	0.0009	1.86987140617771
0	interaction_0166	cell_pair_0006	0.0009	1.85079942312548
0	interaction_0165	cell_pair_0006	0.0009	1.85079942312548
0	interaction_0165	cell_pair_0003	0.0009	1.84478735007906
0	interaction_0165	cell_pair_0004	0.0009	1.83673208045914
0	interaction_0165	cell_pair_0001	0.0009	1.83511561525822
0	interaction_0167	cell_pair_0001	0.0009	1.83511561525822
0	interaction_0162	cell_pair_0005	0.0009	1.83349733685984
0	interaction_0161	cell_pair_0004	0.0009	1.83066097439976
0	interaction_0164	cell_pair_0004	0.0009	1.82944368136659
0	interaction_0165	cell_pair_0002	0.0009	1.82374936030827
0	interaction_0167	cell_pair_0002	0.0009	1.80817908377147
0	interaction_0159	cell_pair_0009	0.0009	1.80694266457776
0	interaction_0254	cell_pair_0006	0.0009	1.64570165857883
0	interaction_0174	cell_pair_0003	0.0009	1.53356334821451
0	interaction_0244	cell_pair_0001	0.0009	1.20163386116965
0	interaction_0173	cell_pair_0006	0.0009	1.16221003631431
0	interaction_0170	cell_pair_0006	0.0009	1.05032755355842
0	interaction_0174	cell_pair_0002	0.0009	1.01720929003222
0	interaction_0181	cell_pair_0001	0.0009	0.984042426097024
0	interaction_0212	cell_pair_0002	0.0009	0.971589535530062
0	interaction_0212	cell_pair_0001	0.0009	0.962734090595803
0	interaction_0272	cell_pair_0003	0.0009	0.72159139877538
0	interaction_0211	cell_pair_0005	0.0009	0.632268215499513
0	interaction_0192	cell_pair_0004	0.0009	0.507921464957328
0	interaction_0248	cell_pair_0003	0.0009	0.356143810225275
0	interaction_0210	cell_pair_0004	0.0009	0.280956313831056
0	interaction_0211	cell_pair_0002	0.0009	0.269033146455237
0	interaction_0210	cell_pair_0003	0.0009	0.264236151043547
0	interaction_0158	cell_pair_0002	0.0009	0.261831658752137
0	interaction_0209	cell_pair_0005	0.0009	0.24000896473507
0	interaction_0211	cell_pair_0004	0.0009	0.222804561045261
0	interaction_0210	cell_pair_0002	0.0009	0.212880566344385
0	interaction_0248	cell_pair_0005	0.0009	0.209141397838592
0	interaction_0218	cell_pair_0005	0.0009	0.189033824390017
0	interaction_0210	cell_pair_0005	0.0009	0.186500557644495
0	interaction_0062	cell_pair_0003	0.0009	0.162210036314307
0	interaction_0209	cell_pair_0004	0.0009	0.160920188181103
0	interaction_0249	cell_pair_0005	0.0009	0.151858816727005
0	interaction_0250	cell_pair_0005	0.0009	0.151858816727005
0	interaction_0250	cell_pair_0003	0.0009	0.128293401009818
0	interaction_0248	cell_pair_0006	0.0009	0.121678556588252
0	interaction_0249	cell_pair_0003	0.0009	0.116364756691785
0	interaction_0242	cell_pair_0003	0.0009	0.11503324294624
0	interaction_0271	cell_pair_0003	0.0009	0.105678077894537
0	interaction_0192	cell_pair_0003	0.0009	0.0922074380970889
0	interaction_0192	cell_pair_0002	0.0009	0.0922074380970889
0	interaction_0248	cell_pair_0002	0.0009	0.0454429707611671
0	interaction_0062	cell_pair_0005	0.0009	0.0398402645317911
0	interaction_0192	cell_pair_0005	0.0009	0.00144197417390632
0	interaction_0249	cell_pair_0004	0.0009	-0.0424567992428948
0	interaction_0250	cell_pair_0004	0.0009	-0.0424567992428948
0	interaction_0179	cell_pair_0005	0.0009	-0.129733929604017
0	interaction_0117	cell_pair_0003	0.0009	-0.136061549576028
0	interaction_0173	cell_pair_0005	0.0009	-0.145605322246899
0	interaction_0148	cell_pair_0005	0.0009	-0.172993990361023
0	interaction_0173	cell_pair_0004	0.0009	-0.181149439104566
0	interaction_0179	cell_pair_0004	0.0009	-0.187707155126729
0	interaction_0064	cell_pair_0003	0.0009	-0.24297675349254
0	interaction_0090	cell_pair_0006	0.0009	-0.288064643021079
0	interaction_0216	cell_pair_0005	0.0009	-0.349235440883098
0	interaction_0089	cell_pair_0001	0.0009	-0.354759487354735
0	interaction_0277	cell_pair_0005	0.0009	-0.403541860441014
0	interaction_0064	cell_pair_0005	0.0009	-0.409278229990159
0	interaction_0070	cell_pair_0003	0.0009	-0.446148031818874
0	interaction_0170	cell_pair_0004	0.0009	-0.486004020632987
0	interaction_0094	cell_pair_0004	0.0009	-0.573466861883327
0	interaction_0133	cell_pair_0003	0.0009	-0.577766999316952
0	interaction_0184	cell_pair_0006	0.0009	-0.628162382669579
0	interaction_0094	cell_pair_0003	0.0009	-0.63486740654747
0	interaction_0110	cell_pair_0001	0.0009	-0.639354797539784
0	interaction_0070	cell_pair_0005	0.0009	-0.639354797539784
0	interaction_0173	cell_pair_0002	0.0009	-0.641603738043346
0	interaction_0064	cell_pair_0004	0.0009	-0.650634722405787
0	interaction_0093	cell_pair_0004	0.0009	-0.666576266274808
0	interaction_0110	cell_pair_0005	0.0009	-0.689659879387849
0	interaction_0082	cell_pair_0003	0.0009	-0.694321256757713
0	interaction_0225	cell_pair_0006	0.0009	-0.696657605512669
0	interaction_0066	cell_pair_0003	0.0009	-0.710755714843358
0	interaction_0106	cell_pair_0001	0.0009	-0.746615764199926
0	interaction_0076	cell_pair_0003	0.0009	-0.749038426466781
0	interaction_0234	cell_pair_0004	0.0009	-0.749038426466781
0	interaction_0100	cell_pair_0001	0.0009	-0.77595972578207
0	interaction_0074	cell_pair_0003	0.0009	-0.778432211461591
0	interaction_0179	cell_pair_0001	0.0009	-0.790858602161408
0	interaction_0179	cell_pair_0003	0.0009	-0.803392955905182
0	interaction_0225	cell_pair_0005	0.0009	-0.818579359719858
0	interaction_0068	cell_pair_0003	0.0009	-0.857259827883918
0	interaction_0179	cell_pair_0002	0.0009	-0.859875776090929
0	interaction_0035	cell_pair_0003	0.0009	-0.894321922105463
0	interaction_0012	cell_pair_0003	0.0009	-0.897006006676674
0	interaction_0110	cell_pair_0003	0.0009	-0.918660372548061
0	interaction_0082	cell_pair_0005	0.0009	-0.926865295369785
0	interaction_0014	cell_pair_0001	0.0009	-0.932361283124637
0	interaction_0225	cell_pair_0003	0.0009	-0.940644722383579
0	interaction_0066	cell_pair_0005	0.0009	-0.946193556304206
0	interaction_0088	cell_pair_0006	0.0009	-0.948975996975533
0	interaction_0182	cell_pair_0006	0.0009	-0.974262438586392
0	interaction_0076	cell_pair_0005	0.0009	-0.99136969485656
0	interaction_0127	cell_pair_0003	0.0009	-0.997117491466879
0	interaction_0218	cell_pair_0004	0.0009	-1.01158797427521
0	interaction_0074	cell_pair_0005	0.0009	-1.02620507034739
0	interaction_0134	cell_pair_0005	0.0009	-1.12658049656514
0	interaction_0131	cell_pair_0005	0.0009	-1.16165326347877
0	interaction_0035	cell_pair_0005	0.0009	-1.16488438474178
0	interaction_0216	cell_pair_0002	0.0009	-1.18114943910457
0	interaction_0172	cell_pair_0009	0.0009	-1.18442457113743
0	interaction_0172	cell_pair_0002	0.0009	-1.18770715512673
0	interaction_0238	cell_pair_0003	0.0009	-1.19099722506091
0	interaction_0104	cell_pair_0002	0.0009	-1.19759995988516
0	interaction_0098	cell_pair_0002	0.0009	-1.23786383009889
0	interaction_0157	cell_pair_0005	0.0009	-1.2584251525812
0	interaction_0214	cell_pair_0004	0.0009	-1.26188071121742
0	interaction_0213	cell_pair_0005	0.0009	-1.26188071121742
0	interaction_0150	cell_pair_0002	0.0009	-1.265344566521
0	interaction_0082	cell_pair_0004	0.0009	-1.28630418515664
0	interaction_0115	cell_pair_0003	0.0009	-1.31114825613412
0	interaction_0066	cell_pair_0004	0.0009	-1.31114825613412
0	interaction_0216	cell_pair_0004	0.0009	-1.31114825613412
0	interaction_0238	cell_pair_0002	0.0009	-1.33642766458248
0	interaction_0233	cell_pair_0006	0.0009	-1.34373246520571
0	interaction_0258	cell_pair_0004	0.0009	-1.34739878240348
0	interaction_0265	cell_pair_0003	0.0009	-1.35475948735473
0	interaction_0110	cell_pair_0002	0.0009	-1.35475948735473
0	interaction_0214	cell_pair_0002	0.0009	-1.41119543298445
0	interaction_0106	cell_pair_0002	0.0009	-1.41119543298445
0	interaction_0100	cell_pair_0002	0.0009	-1.46195854666634
0	interaction_0127	cell_pair_0005	0.0009	-1.48196850739783
0	interaction_0213	cell_pair_0004	0.0009	-1.49817873457909
0	interaction_0106	cell_pair_0003	0.0009	-1.50225991139091
0	interaction_0014	cell_pair_0003	0.0009	-1.51870105845243
0	interaction_0142	cell_pair_0004	0.0009	-1.53115605702536
0	interaction_0215	cell_pair_0004	0.0009	-1.54371951848927
0	interaction_0134	cell_pair_0001	0.0009	-1.59074485331516
0	interaction_0134	cell_pair_0003	0.0009	-1.61705613043101
0	interaction_0155	cell_pair_0002	0.0009	-1.62593428177746
0	interaction_0112	cell_pair_0003	0.0009	-1.65744525452268
0	interaction_0235	cell_pair_0006	0.0009	-1.65744525452268
0	interaction_0154	cell_pair_0003	0.0009	-1.73216460790238
0	interaction_0265	cell_pair_0002	0.0009	-1.73696559416621
0	interaction_0152	cell_pair_0004	0.0009	-1.7809089417538
0	interaction_0237	cell_pair_0003	0.0009	-1.78587519464715
0	interaction_0154	cell_pair_0002	0.0009	-1.78587519464715
0	interaction_0242	cell_pair_0001	0.0009	-1.8008773579864
0	interaction_0135	cell_pair_0004	0.0009	-1.83650126771712
0	interaction_0125	cell_pair_0004	0.0009	-1.87302714374223
0	interaction_0131	cell_pair_0004	0.0009	-1.89969509420431
0	interaction_0014	cell_pair_0006	0.0009	-1.90508835297453
0	interaction_0119	cell_pair_0004	0.0009	-1.93236128312464
0	interaction_0090	cell_pair_0009	0.0009	-1.97143084780323
0	interaction_0143	cell_pair_0004	0.0009	-1.97709959788992
0	interaction_0090	cell_pair_0003	0.0009	-1.99424073071132
0	interaction_0095	cell_pair_0004	0.0009	-2.0
0	interaction_0121	cell_pair_0004	0.0009	-2.0
0	interaction_0239	cell_pair_0002	0.0009	-2.04692104738749
0	interaction_0152	cell_pair_0006	0.0009	-2.07096652135414
0	interaction_0096	cell_pair_0004	0.0009	-2.07704103576383
0	interaction_0153	cell_pair_0002	0.0009	-2.08926733809709
0	interaction_0142	cell_pair_0005	0.0009	-2.11403524324603
0	interaction_0112	cell_pair_0002	0.0009	-2.1456053222469
0	interaction_0034	cell_pair_0005	0.0009	-2.23786383009889
0	interaction_0134	cell_pair_0002	0.0009	-2.23786383009889
0	interaction_0144	cell_pair_0004	0.0009	-2.25153876699596
0	interaction_0090	cell_pair_0002	0.0009	-2.26534456652099
0	interaction_0239	cell_pair_0009	0.0009	-2.28630418515664
0	interaction_0143	cell_pair_0006	0.0009	-2.31473259348316
0	interaction_0082	cell_pair_0002	0.0009	-2.36587144247496
0	interaction_0136	cell_pair_0004	0.0009	-2.41119543298445
0	interaction_0118	cell_pair_0003	0.0009	-2.44222232860507
0	interaction_0120	cell_pair_0003	0.0009	-2.53951952995999
0	interaction_0199	cell_pair_0003	0.0009	-2.55639334852439
0	interaction_0135	cell_pair_0005	0.0009	-2.59946207041627
0	interaction_0113	cell_pair_0002	0.0009	-2.65290132937773
0	interaction_0156	cell_pair_0002	0.0009	-2.8059129478837
0	interaction_0136	cell_pair_0006	0.0009	-2.88896868761126
0	interaction_0119	cell_pair_0003	0.0009	-3.30757280191029
0	interaction_0118	cell_pair_0002	0.0009	-3.36587144247496
0	interaction_0047	cell_pair_0003	0.01	0.350497247084133
0	interaction_0211	cell_pair_0006	0.01	0.136191386287144
0	interaction_0181	cell_pair_0002	0.01	0.0731347046302154
0	interaction_0170	cell_pair_0005	0.01	-0.442222328605074
0	interaction_0173	cell_pair_0001	0.01	-0.45205668870965
0	interaction_0133	cell_pair_0006	0.01	-0.612637459164004
0	interaction_0104	cell_pair_0001	0.01	-0.907792561902911
0	interaction_0110	cell_pair_0004	0.01	-0.918660372548061
0	interaction_0098	cell_pair_0001	0.01	-0.940644722383579
0	interaction_0150	cell_pair_0001	0.01	-0.960159735468209
0	interaction_0276	cell_pair_0005	0.01	-0.99136969485656
0	interaction_0184	cell_pair_0005	0.01	-1.02914634565952
0	interaction_0005	cell_pair_0002	0.01	-1.09541956507868
0	interaction_0238	cell_pair_0004	0.01	-1.14241704461585
0	interaction_0172	cell_pair_0004	0.01	-1.17788172527066
0	interaction_0172	cell_pair_0003	0.01	-1.20756106993536
0	interaction_0155	cell_pair_0001	0.01	-1.2446850959549
0	interaction_0126	cell_pair_0005	0.01	-1.30757280191029
0	interaction_0132	cell_pair_0002	0.01	-1.32915966411844
0	interaction_0129	cell_pair_0005	0.01	-1.35845397091248
0	interaction_0074	cell_pair_0004	0.01	-1.41503749927884
0	interaction_0157	cell_pair_0004	0.01	-1.49005085369569
0	interaction_0128	cell_pair_0002	0.01	-1.49005085369569
0	interaction_0100	cell_pair_0003	0.01	-1.55639334852439
0	interaction_0035	cell_pair_0004	0.01	-1.59946207041627
0	interaction_0190	cell_pair_0006	0.01	-1.83135796444116
0	interaction_0258	cell_pair_0005	0.01	-1.84684321193858
0	interaction_0237	cell_pair_0002	0.01	-2.01158797427521
0	interaction_0126	cell_pair_0004	0.01	-2.1456053222469
0	interaction_0189	cell_pair_0006	0.01	-2.21089678249862
0	interaction_0112	cell_pair_0001	0.01	-2.30757280191029
0	interaction_0118	cell_pair_0005	0.01	-2.32915966411844
0	interaction_0256	cell_pair_0006	0.01	-2.37332724739401
0	interaction_0120	cell_pair_0005	0.01	-2.41888982477445
0	interaction_0011	cell_pair_0005	0.01	-2.78587519464715
0	interaction_0158	cell_pair_0001	0.02	0.24731993497982
0	interaction_0047	cell_pair_0005	0.02	0.242450073677701
0	interaction_0049	cell_pair_0003	0.02	0.160920188181103
0	interaction_0049	cell_pair_0005	0.02	0.037030730944967
0	interaction_0021	cell_pair_0002	0.02	-0.844250767322055
0	interaction_0278	cell_pair_0001	0.02	-0.948975996975533
0	interaction_0010	cell_pair_0002	0.02	-1.09541956507868
0	interaction_0285	cell_pair_0005	0.02	-1.27229732716276
0	interaction_0238	cell_pair_0005	0.02	-1.41119543298445
0	interaction_0090	cell_pair_0004	0.02	-2.15200309344505
0	interaction_0236	cell_pair_0003	0.02	-2.36587144247496
0	interaction_0255	cell_pair_0004	0.02	-2.8059129478837
0	interaction_0119	cell_pair_0005	0.02	-2.96578428466209
0	interaction_0118	cell_pair_0004	0.02	-3.12029423371771
0	interaction_0121	cell_pair_0003	0.02	-3.50635266602479
0	interaction_0192	cell_pair_0006	0.03	-0.115597447016313
0	interaction_0062	cell_pair_0004	0.03	-0.132894270497345
0	interaction_0070	cell_pair_0004	0.03	-0.926865295369785
0	interaction_0224	cell_pair_0002	0.03	-1.02914634565952
0	interaction_0103	cell_pair_0001	0.03	-1.15200309344505
0	interaction_0064	cell_pair_0002	0.03	-1.24810786159569
0	interaction_0271	cell_pair_0004	0.03	-1.3040061868901
0	interaction_0106	cell_pair_0004	0.03	-1.71311885221184
0	interaction_0033	cell_pair_0004	0.03	-1.7178567712185
0	interaction_0237	cell_pair_0004	0.03	-1.7178567712185
0	interaction_0109	cell_pair_0003	0.03	-1.72737954533701
0	interaction_0154	cell_pair_0004	0.03	-1.78587519464715
0	interaction_0154	cell_pair_0005	0.03	-2.0350469470992
0	interaction_0090	cell_pair_0005	0.03	-2.07704103576383
0	interaction_0239	cell_pair_0006	0.03	-2.28630418515664
0	interaction_0242	cell_pair_0005	0.03	-2.50635266602479
0	interaction_0121	cell_pair_0005	0.03	-3.10780328953451
0	interaction_0114	cell_pair_0004	0.04	3.70851834455008
0	interaction_0114	cell_pair_0004	0.04	3.70851834455008
0	interaction_0060	cell_pair_0003	0.04	0.55581615506164
0	interaction_0060	cell_pair_0005	0.04	0.462575888042204
0	interaction_0272	cell_pair_0006	0.04	0.241230035515445
0	interaction_0047	cell_pair_0004	0.04	0.0935601761623378
0	interaction_0051	cell_pair_0005	0.04	-0.314732593483158
0	interaction_0275	cell_pair_0001	0.04	-0.56277226108709
0	interaction_0089	cell_pair_0002	0.04	-0.727379545337008
0	interaction_0170	cell_pair_0001	0.04	-0.828793172581858
0	interaction_0179	cell_pair_0006	0.04	-0.994240730711315
0	interaction_0281	cell_pair_0005	0.04	-1.31114825613412
0	interaction_0106	cell_pair_0005	0.04	-1.31473259348316
0	interaction_0176	cell_pair_0004	0.04	-1.72737954533701
0	interaction_0175	cell_pair_0004	0.04	-1.9378782880922
0	interaction_0154	cell_pair_0009	0.04	-2.16488438474178
0	interaction_0236	cell_pair_0002	0.04	-2.7178567712185
0	interaction_0125	cell_pair_0005	0.04	-2.84684321193858
0	interaction_0242	cell_pair_0009	0.04	-2.94341647163363
0	interaction_0181	cell_pair_0006	0.05	0.402722176845605
0	interaction_0051	cell_pair_0003	0.05	-0.158429362604483
0	interaction_0089	cell_pair_0006	0.05	-0.603840510926845
0	interaction_0280	cell_pair_0001	0.05	-0.739372091873301
0	interaction_0276	cell_pair_0003	0.05	-1.2584251525812
0	interaction_0110	cell_pair_0006	0.05	-1.2584251525812
0	interaction_0245	cell_pair_0003	0.05	-1.35475948735473
0	interaction_0148	cell_pair_0001	0.05	-1.44614803181887
0	interaction_0184	cell_pair_0004	0.05	-1.47393118833241
0	interaction_0018	cell_pair_0004	0.05	-1.54371951848927
0	interaction_0100	cell_pair_0004	0.05	-1.77102743023984
0	interaction_0101	cell_pair_0002	0.05	-1.79085860216141
0	interaction_0003	cell_pair_0002	0.05	-1.94897599697553
0	interaction_0117	cell_pair_0005	0.05	-2.07096652135414
0	interaction_0236	cell_pair_0004	0.05	-2.26534456652099
0	interaction_0131	cell_pair_0002	0.05	-2.28630418515664
1	interaction_0058	cell_pair_0004	0.0009	3.24061962931176
1	interaction_0058	cell_pair_0003	0.0009	3.22373144513811
1	interaction_0058	cell_pair_0008	0.0009	3.21085638647193
1	interaction_0058	cell_pair_0006	0.0009	3.202260983562
1	interaction_0059	cell_pair_0006	0.0009	3.18760940922653
1	interaction_0058	cell_pair_0002	0.0009	3.16719733386726
1	interaction_0058	cell_pair_0001	0.0009	3.16108148227718
1	interaction_0224	cell_pair_0008	0.0009	2.9297909977186
1	interaction_0186	cell_pair_0004	0.0009	2.76786663217663
1	interaction_0186	cell_pair_0008	0.0009	2.73357127092638
1	interaction_0186	cell_pair_0003	0.0009	2.72071624252113
1	interaction_0186	cell_pair_0002	0.0009	2.7158933705476
1	interaction_0188	cell_pair_0002	0.0009	2.71325590173097
1	interaction_0188	cell_pair_0001	0.0009	2.71237567288067
1	interaction_0231	cell_pair_0004	0.0009	2.6742346477937
1	interaction_0224	cell_pair_0004	0.0009	2.67378253401974
1	interaction_0231	cell_pair_0001	0.0009	2.6544355408454
1	interaction_0231	cell_pair_0008	0.0009	2.62011716502868
1	interaction_0231	cell_pair_0002	0.0009	2.58712492187178
1	interaction_0231	cell_pair_0003	0.0009	2.56364626948406
1	interaction_0231	cell_pair_0006	0.0009	2.54349588342577
1	interaction_0162	cell_pair_0008	0.0009	2.51702367206458
1	interaction_0162	cell_pair_0004	0.0009	2.5119739817818
1	interaction_0051	cell_pair_0004	0.0009	2.49287864820573
1	interaction_0051	cell_pair_0003	0.0009	2.46414545669119
1	interaction_0162	cell_pair_0005	0.0009	2.44493204894218
1	interaction_0051	cell_pair_0008	0.0009	2.4425454561053
1	interaction_0051	cell_pair_0006	0.0009	2.42787430679269
1	interaction_0052	cell_pair_0006	0.0009	2.4027221768456
1	interaction_0051	cell_pair_0002	0.0009	2.36737106564853
1	interaction_0051	cell_pair_0001	0.0009	2.35670725293538
1	interaction_0164	cell_pair_0004	0.0009	2.31701457402145
1	interaction_0165	cell_pair_0004	0.0009	2.29425313644451
1	interaction_0167	cell_pair_0004	0.0009	2.29425313644451
1	interaction_0160	cell_pair_0006	0.0009	2.28924428515664
1	interaction_0165	cell_pair_0008	0.0009	2.28036248997378
1	interaction_0165	cell_pair_0003	0.0009	2.26573692621362
1	interaction_0161	cell_pair_0008	0.0009	2.2603268134703
1	interaction_0165	cell_pair_0001	0.0009	2.24974871508357
1	interaction_0167	cell_pair_0001	0.0009	2.24974871508357
1	interaction_0049	cell_pair_0004	0.0009	2.23235376773903
1	interaction_0167	cell_pair_0008	0.0009	2.22928027905873
1	interaction_0161	cell_pair_0006	0.0009	2.22650852980868
1	interaction_0166	cell_pair_0001	0.0009	2.22620022869822
1	interaction_0165	cell_pair_0002	0.0009	2.22496636500027
1	interaction_0167	cell_pair_0002	0.0009	2.22496636500027
1	interaction_0164	cell_pair_0008	0.0009	2.22465773412074
1	interaction_0165	cell_pair_0006	0.0009	2.21878116778407
1	interaction_0049	cell_pair_0003	0.0009	2.19817980675019
1	interaction_0049	cell_pair_0008	0.0009	2.17184731357334
1	interaction_0049	cell_pair_0006	0.0009	2.15412950079018
1	interaction_0050	cell_pair_0006	0.0009	2.12366619645382
1	interaction_0174	cell_pair_0003	0.0009	2.11370049916473
1	interaction_0049	cell_pair_0002	0.0009	2.08065766334523
1	interaction_0049	cell_pair_0001	0.0009	2.06763871687536
1	interaction_0174	cell_pair_0004	0.0009	1.95121476442072
1	interaction_0174	cell_pair_0002	0.0009	1.6999957436674
1	interaction_0047	cell_pair_0004	0.0009	1.55581615506164
1	interaction_0047	cell_pair_0003	0.0009	1.50080205305716
1	interaction_0060	cell_pair_0004	0.0009	1.48181557361786
1	interaction_0047	cell_pair_0008	0.0009	1.45785691041377
1	interaction_0047	cell_pair_0006	0.0009	1.42867840994823
1	interaction_0060	cell_pair_0003	0.0009	1.42384705459843
1	interaction_0060	cell_pair_0008	0.0009	1.37851162325373
1	interaction_0048	cell_pair_0006	0.0009	1.37795663381011
1	interaction_0060	cell_pair_0006	0.0009	1.34766565630097
1	interaction_0047	cell_pair_0002	0.0009	1.3050950106667
1	interaction_0061	cell_pair_0006	0.0009	1.29395897902869
1	interaction_0047	cell_pair_0001	0.0009	1.28273632027634
1	interaction_0181	cell_pair_0006	0.0009	1.25942315228141
1	interaction_0070	cell_pair_0004	0.0009	1.16542962042419
1	interaction_0070	cell_pair_0003	0.0009	1.09288396567848
1	interaction_0070	cell_pair_0008	0.0009	1.03562390973072
1	interaction_0070	cell_pair_0006	0.0009	0.996388746447621
1	interaction_0071	cell_pair_0006	0.0009	0.927517246198476
1	interaction_0074	cell_pair_0004	0.0009	0.887525270741587
1	interaction_0062	cell_pair_0004	0.0009	0.845590408847855
1	interaction_0070	cell_pair_0002	0.0009	0.827006009638977
1	interaction_0074	cell_pair_0003	0.0009	0.799087306074004
1	interaction_0070	cell_pair_0001	0.0009	0.795766947782392
1	interaction_0062	cell_pair_0003	0.0009	0.754459973625479
1	interaction_0074	cell_pair_0008	0.0009	0.728573602559365
1	interaction_0170	cell_pair_0001	0.0009	0.695102985640479
1	interaction_0062	cell_pair_0008	0.0009	0.681674141792833
1	interaction_0074	cell_pair_0006	0.0009	0.679874147746623
1	interaction_0259	cell_pair_0008	0.0009	0.642470537315822
1	interaction_0259	cell_pair_0004	0.0009	0.623866861852698
1	interaction_0075	cell_pair_0006	0.0009	0.593592805864596
1	interaction_0063	cell_pair_0006	0.0009	0.542010355536609
1	interaction_0170	cell_pair_0004	0.0009	0.531069492725954
1	interaction_0068	cell_pair_0004	0.0009	0.496717987935177
1	interaction_0076	cell_pair_0004	0.0009	0.488515008957812
1	interaction_0268	cell_pair_0008	0.0009	0.481298941547565
1	interaction_0074	cell_pair_0002	0.0009	0.465713319595964
1	interaction_0268	cell_pair_0004	0.0009	0.460480470040011
1	interaction_0074	cell_pair_0001	0.0009	0.425459304765355
1	interaction_0181	cell_pair_0003	0.0009	0.423309237242387
1	interaction_0173	cell_pair_0001	0.0009	0.412510571249805
1	interaction_0068	cell_pair_0003	0.0009	0.37851162325373
1	interaction_0076	cell_pair_0003	0.0009	0.369606070031838
1	interaction_0148	cell_pair_0004	0.0009	0.368489000645104
1	interaction_0259	cell_pair_0005	0.0009	0.358396261956654
1	interaction_0068	cell_pair_0008	0.0009	0.283329168051641
1	interaction_0076	cell_pair_0008	0.0009	0.273814244587037
1	interaction_0255	cell_pair_0008	0.0009	0.270229907237998
1	interaction_0170	cell_pair_0008	0.0009	0.24731993497982
1	interaction_0041	cell_pair_0004	0.0009	0.24000896473507
1	interaction_0068	cell_pair_0006	0.0009	0.216610068742442
1	interaction_0173	cell_pair_0004	0.0009	0.209141397838592
1	interaction_0076	cell_pair_0006	0.0009	0.206643223983395
1	interaction_0158	cell_pair_0002	0.0009	0.186500557644495
1	interaction_0248	cell_pair_0003	0.0009	0.183962834842595
1	interaction_0170	cell_pair_0006	0.0009	0.140124223909071
1	interaction_0255	cell_pair_0006	0.0009	0.130930869826449
1	interaction_0256	cell_pair_0001	0.0009	0.128293401009818
1	interaction_0194	cell_pair_0003	0.0009	0.12565110166152
1	interaction_0170	cell_pair_0002	0.0009	0.111031312388744
1	interaction_0041	cell_pair_0003	0.0009	0.0976107966264223
1	interaction_0069	cell_pair_0006	0.0009	0.0976107966264223
1	interaction_0077	cell_pair_0006	0.0009	0.0867837661420667
1	interaction_0181	cell_pair_0002	0.0009	0.0854246562526777
1	interaction_0078	cell_pair_0004	0.0009	0.00432160595009347
1	interaction_0198	cell_pair_0003	0.0009	0.00144197417390632
1	interaction_0041	cell_pair_0008	0.0009	-0.0188780102056894
1	interaction_0170	cell_pair_0003	0.0009	-0.0350469470992008
1	interaction_0184	cell_pair_0006	0.0009	-0.0619024389259069
1	interaction_0194	cell_pair_0008	0.0009	-0.0785636691937021
1	interaction_0043	cell_pair_0004	0.0009	-0.0831412353002459
1	interaction_0226	cell_pair_0005	0.0009	-0.0877333719335504
1	interaction_0068	cell_pair_0002	0.0009	-0.0877333719335504
1	interaction_0076	cell_pair_0002	0.0009	-0.100051013810328
1	interaction_0261	cell_pair_0006	0.0009	-0.109358756036556
1	interaction_0045	cell_pair_0004	0.0009	-0.112474729258412
1	interaction_0035	cell_pair_0004	0.0009	-0.125006361067033
1	interaction_0097	cell_pair_0004	0.0009	-0.125006361067033
1	interaction_0173	cell_pair_0008	0.0009	-0.15360697914764
1	interaction_0078	cell_pair_0003	0.0009	-0.163267919540864
1	interaction_0122	cell_pair_0004	0.0009	-0.172993990361023
1	interaction_0184	cell_pair_0004	0.0009	-0.181149439104566
1	interaction_0184	cell_pair_0005	0.0009	-0.205896101440252
1	interaction_0184	cell_pair_0008	0.0009	-0.214240225572989
1	interaction_0123	cell_pair_0008	0.0009	-0.22431729826094
1	interaction_0018	cell_pair_0008	0.0009	-0.227692025041597
1	interaction_0184	cell_pair_0003	0.0009	-0.234465253637023
1	interaction_0179	cell_pair_0008	0.0009	-0.237863830098888
1	interaction_0042	cell_pair_0006	0.0009	-0.251538766995965
1	interaction_0043	cell_pair_0003	0.0009	-0.263611599296539
1	interaction_0261	cell_pair_0003	0.0009	-0.286304185156641
1	interaction_0260	cell_pair_0004	0.0009	-0.288064643021079
1	interaction_0045	cell_pair_0003	0.0009	-0.295128035543647
1	interaction_0084	cell_pair_0004	0.0009	-0.298672742587059
1	interaction_0122	cell_pair_0003	0.0009	-0.3040061868901
1	interaction_0078	cell_pair_0008	0.0009	-0.3040061868901
1	interaction_0035	cell_pair_0003	0.0009	-0.309359421384307
1	interaction_0122	cell_pair_0008	0.0009	-0.312939311660108
1	interaction_0122	cell_pair_0006	0.0009	-0.321928094887362
1	interaction_0265	cell_pair_0003	0.0009	-0.327348370671615
1	interaction_0173	cell_pair_0002	0.0009	-0.336427664582477
1	interaction_0189	cell_pair_0001	0.0009	-0.341902794648628
1	interaction_0122	cell_pair_0001	0.0009	-0.351074440546879
1	interaction_0220	cell_pair_0001	0.0009	-0.377069649079823
1	interaction_0184	cell_pair_0002	0.0009	-0.38458370273713
1	interaction_0270	cell_pair_0006	0.0009	-0.392137097168765
1	interaction_0225	cell_pair_0004	0.0009	-0.395928676331139
1	interaction_0043	cell_pair_0008	0.0009	-0.415037499278844
1	interaction_0123	cell_pair_0001	0.0009	-0.416962376203336
1	interaction_0180	cell_pair_0006	0.0009	-0.416962376203336
1	interaction_0184	cell_pair_0009	0.0009	-0.428565884123491
1	interaction_0045	cell_pair_0008	0.0009	-0.450084446378045
1	interaction_0035	cell_pair_0008	0.0009	-0.465938397578882
1	interaction_0225	cell_pair_0003	0.0009	-0.475936324222789
1	interaction_0226	cell_pair_0003	0.0009	-0.475936324222789
1	interaction_0041	cell_pair_0002	0.0009	-0.490050853695689
1	interaction_0089	cell_pair_0002	0.0009	-0.496142467422571
1	interaction_0084	cell_pair_0003	0.0009	-0.508403405589552
1	interaction_0245	cell_pair_0003	0.0009	-0.522840788813359
1	interaction_0021	cell_pair_0002	0.0009	-0.522840788813359
1	interaction_0055	cell_pair_0004	0.0009	-0.529072742524873
1	interaction_0225	cell_pair_0006	0.0009	-0.554273296650016
1	interaction_0225	cell_pair_0001	0.0009	-0.558516520417355
1	interaction_0012	cell_pair_0003	0.0009	-0.558516520417355
1	interaction_0039	cell_pair_0003	0.0009	-0.560642821525743
1	interaction_0041	cell_pair_0001	0.0009	-0.57132159005177
1	interaction_0079	cell_pair_0006	0.0009	-0.595096877854869
1	interaction_0195	cell_pair_0006	0.0009	-0.603840510926845
1	interaction_0197	cell_pair_0006	0.0009	-0.603840510926845
1	interaction_0270	cell_pair_0003	0.0009	-0.608232280044003
1	interaction_0100	cell_pair_0003	0.0009	-0.65744525452268
1	interaction_0222	cell_pair_0006	0.0009	-0.673462651860048
1	interaction_0132	cell_pair_0002	0.0009	-0.685013514531485
1	interaction_0084	cell_pair_0008	0.0009	-0.689659879387849
1	interaction_0172	cell_pair_0008	0.0009	-0.689659879387849
1	interaction_0103	cell_pair_0003	0.0009	-0.729770092762002
1	interaction_0044	cell_pair_0006	0.0009	-0.729770092762002
1	interaction_0039	cell_pair_0008	0.0009	-0.749038426466781
1	interaction_0172	cell_pair_0002	0.0009	-0.761213140412883
1	interaction_0195	cell_pair_0003	0.0009	-0.768567591552035
1	interaction_0046	cell_pair_0006	0.0009	-0.77595972578207
1	interaction_0265	cell_pair_0002	0.0009	-0.77595972578207
1	interaction_0055	cell_pair_0003	0.0009	-0.780908941753803
1	interaction_0036	cell_pair_0006	0.0009	-0.795859283219775
1	interaction_0196	cell_pair_0002	0.0009	-0.816037165157405
1	interaction_0014	cell_pair_0004	0.0009	-0.839079811818897
1	interaction_0196	cell_pair_0008	0.0009	-0.849440323424619
1	interaction_0196	cell_pair_0004	0.0009	-0.87038726186953
1	interaction_0078	cell_pair_0002	0.0009	-0.905088352974533
1	interaction_0262	cell_pair_0001	0.0009	-0.957355662591506
1	interaction_0260	cell_pair_0008	0.0009	-0.968604803724466
1	interaction_0014	cell_pair_0006	0.0009	-1.0
1	interaction_0055	cell_pair_0008	0.0009	-1.00288827932483
1	interaction_0197	cell_pair_0001	0.0009	-1.01449956969512
1	interaction_0043	cell_pair_0002	0.0009	-1.07704103576383
1	interaction_0085	cell_pair_0006	0.0009	-1.08314123530025
1	interaction_0045	cell_pair_0002	0.0009	-1.13289427049735
1	interaction_0131	cell_pair_0004	0.0009	-1.14880066140671
1	interaction_0035	cell_pair_0002	0.0009	-1.15842936260448
1	interaction_0265	cell_pair_0008	0.0009	-1.16165326347877
1	interaction_0131	cell_pair_0008	0.0009	-1.17136841831198
1	interaction_0221	cell_pair_0001	0.0009	-1.17788172527066
1	interaction_0219	cell_pair_0001	0.0009	-1.17788172527066
1	interaction_0201	cell_pair_0006	0.0009	-1.21759143507263
1	interaction_0221	cell_pair_0008	0.0009	-1.25497785096274
1	interaction_0219	cell_pair_0008	0.0009	-1.25497785096274
1	interaction_0096	cell_pair_0006	0.0009	-1.26188071121742
1	interaction_0019	cell_pair_0002	0.0009	-1.34739878240348
1	interaction_0100	cell_pair_0002	0.0009	-1.38458370273713
1	interaction_0091	cell_pair_0008	0.0009	-1.42275246440685
1	interaction_0131	cell_pair_0002	0.0009	-1.48196850739783
1	interaction_0247	cell_pair_0003	0.0009	-1.49005085369569
1	interaction_0056	cell_pair_0006	0.0009	-1.50635266602479
1	interaction_0228	cell_pair_0006	0.0009	-1.52699243208383
1	interaction_0098	cell_pair_0008	0.0009	-1.53951952995999
1	interaction_0084	cell_pair_0002	0.0009	-1.53951952995999
1	interaction_0022	cell_pair_0008	0.0009	-1.54793176977619
1	interaction_0020	cell_pair_0006	0.0009	-1.58207999218803
1	interaction_0096	cell_pair_0003	0.0009	-1.59509687785487
1	interaction_0176	cell_pair_0004	0.0009	-1.65290132937773
1	interaction_0095	cell_pair_0008	0.0009	-1.81603716515741
1	interaction_0096	cell_pair_0008	0.0009	-1.82623293226329
1	interaction_0201	cell_pair_0001	0.0009	-1.90508835297453
1	interaction_0108	cell_pair_0001	0.0009	-2.07096652135414
1	interaction_0060	cell_pair_0002	0.01	1.21661006874244
1	interaction_0268	cell_pair_0005	0.01	0.159629185821228
1	interaction_0244	cell_pair_0001	0.01	-0.036525876025114
1	interaction_0068	cell_pair_0001	0.01	-0.147202107181229
1	interaction_0076	cell_pair_0001	0.01	-0.160040412510468
1	interaction_0039	cell_pair_0004	0.01	-0.341902794648628
1	interaction_0170	cell_pair_0009	0.01	-0.388355456626338
1	interaction_0078	cell_pair_0006	0.01	-0.405451450449646
1	interaction_0089	cell_pair_0001	0.01	-0.407363571393423
1	interaction_0244	cell_pair_0002	0.01	-0.428565884123491
1	interaction_0172	cell_pair_0006	0.01	-0.500217879852688
1	interaction_0043	cell_pair_0006	0.01	-0.524915117051217
1	interaction_0172	cell_pair_0001	0.01	-0.560642821525743
1	interaction_0196	cell_pair_0001	0.01	-0.646112163715093
1	interaction_0172	cell_pair_0003	0.01	-0.910501849160897
1	interaction_0103	cell_pair_0001	0.01	-1.02620507034739
1	interaction_0040	cell_pair_0006	0.01	-1.15842936260448
1	interaction_0043	cell_pair_0001	0.01	-1.19759995988516
1	interaction_0017	cell_pair_0001	0.01	-1.45403163089471
1	interaction_0103	cell_pair_0002	0.01	-1.50225991139091
1	interaction_0098	cell_pair_0002	0.01	-1.54793176977619
1	interaction_0101	cell_pair_0002	0.01	-1.68501351453148
1	interaction_0014	cell_pair_0001	0.01	-1.70368943929191
1	interaction_0236	cell_pair_0003	0.01	-1.73696559416621
1	interaction_0090	cell_pair_0004	0.01	-1.8416629728329
1	interaction_0258	cell_pair_0008	0.01	-1.86775220170156
1	interaction_0236	cell_pair_0008	0.01	-1.86775220170156
1	interaction_0236	cell_pair_0002	0.01	-1.92139016530363
1	interaction_0060	cell_pair_0001	0.02	1.19282540355239
1	interaction_0062	cell_pair_0006	0.02	0.631337144127481
1	interaction_0062	cell_pair_0002	0.02	0.409255146684838
1	interaction_0041	cell_pair_0006	0.02	-0.100051013810328
1	interaction_0194	cell_pair_0004	0.02	-0.473931188332412
1	interaction_0045	cell_pair_0006	0.02	-0.56277226108709
1	interaction_0265	cell_pair_0001	0.02	-0.749038426466781
1	interaction_0182	cell_pair_0001	0.02	-0.888968687611256
1	interaction_0172	cell_pair_0004	0.02	-0.897006006676674
1	interaction_0172	cell_pair_0009	0.02	-0.926865295369785
1	interaction_0100	cell_pair_0001	0.02	-0.937878288092203
1	interaction_0078	cell_pair_0001	0.02	-1.01158797427521
1	interaction_0005	cell_pair_0002	0.02	-1.03800632257974
1	interaction_0265	cell_pair_0004	0.02	-1.0439433475876
1	interaction_0017	cell_pair_0008	0.02	-1.12343394124828
1	interaction_0019	cell_pair_0001	0.02	-1.18770715512673
1	interaction_0109	cell_pair_0004	0.02	-1.53115605702536
1	interaction_0101	cell_pair_0008	0.02	-1.67116353577046
1	interaction_0236	cell_pair_0004	0.02	-1.76611193982572
1	interaction_0090	cell_pair_0003	0.02	-1.87302714374223
1	interaction_0249	cell_pair_0004	0.03	-0.390245037827557
1	interaction_0148	cell_pair_0001	0.03	-0.533242384273829
1	interaction_0173	cell_pair_0003	0.03	-0.541617995843987
1	interaction_0035	cell_pair_0006	0.03	-0.579921884020626
1	interaction_0249	cell_pair_0001	0.03	-0.783389931257558
1	interaction_0250	cell_pair_0001	0.03	-0.783389931257558
1	interaction_0084	cell_pair_0006	0.03	-0.823677227359537
1	interaction_0055	cell_pair_0006	0.03	-1.17136841831198
1	interaction_0148	cell_pair_0003	0.03	-1.45798964446339
1	interaction_0246	cell_pair_0004	0.03	-1.63039392996816
1	interaction_0084	cell_pair_0001	0.03	-1.70839644196944
1	interaction_0146	cell_pair_0001	0.03	-1.83650126771712
1	interaction_0055	cell_pair_0002	0.03	-2.16488438474178
1	interaction_0108	cell_pair_0006	0.03	-2.39592867633114
1	interaction_0062	cell_pair_0001	0.04	0.367371065648529
1	interaction_0250	cell_pair_0003	0.04	-0.329159664118438
1	interaction_0021	cell_pair_0001	0.04	-0.45205668870965
1	interaction_0250	cell_pair_0004	0.04	-0.771027430239839
1	interaction_0194	cell_pair_0001	0.04	-0.968604803724466
1	interaction_0094	cell_pair_0004	0.04	-1.02326977932285
1	interaction_0098	cell_pair_0001	0.04	-1.12029423371771
1	interaction_0101	cell_pair_0001	0.04	-1.22095044716254
1	interaction_0098	cell_pair_0004	0.04	-1.50225991139091
1	interaction_0258	cell_pair_0001	0.04	-2.22431729826094
1	interaction_0247	cell_pair_0001	0.04	-2.82623293226329
1	interaction_0212	cell_pair_0002	0.05	0.562669826102702
1	interaction_0173	cell_pair_0006	0.05	-0.29689930039584
1	interaction_0089	cell_pair_0003	0.05	-0.664288089679538
1	interaction_0045	cell_pair_0001	0.05	-1.2584251525812
1	interaction_0131	cell_pair_0001	0.05	-1.612637459164
1	interaction_0101	cell_pair_0004	0.05	-1.63039392996816
1	interaction_0236	cell_pair_0001	0.05	-1.91593573521153
1	interaction_0109	cell_pair_0003	0.05	-1.93236128312464
1	interaction_0091	cell_pair_0006	0.05	-1.93236128312464
1	interaction_0004	cell_pair_0006	0.05	-3.0
2	interaction_0224	cell_pair_0008	0.0009	3.9701173976055
2	interaction_0058	cell_pair_0007	0.0009	3.54213420796755
2	interaction_0231	cell_pair_0004	0.0009	3.42250213510056
2	interaction_0231	cell_pair_0008	0.0009	3.41264605465516
2	interaction_0224	cell_pair_0004	0.0009	3.40626454061069
2	interaction_0231	cell_pair_0001	0.0009	3.38377340195843
2	interaction_0231	cell_pair_0002	0.0009	3.38308215809446
2	interaction_0231	cell_pair_0003	0.0009	3.38266725274504
2	interaction_0231	cell_pair_0006	0.0009	3.36148765214307
2	interaction_0186	cell_pair_0007	0.0009	3.25202198889951
2	interaction_0186	cell_pair_0005	0.0009	3.18459768415576
2	interaction_0186	cell_pair_0008	0.0009	3.17504548611091
2	interaction_0186	cell_pair_0004	0.0009	3.14535138557262
2	interaction_0188	cell_pair_0005	0.0009	3.12994238397696
2	interaction_0186	cell_pair_0001	0.0009	3.11669744320102
2	interaction_0188	cell_pair_0002	0.0009	3.11636475669178
2	interaction_0186	cell_pair_0002	0.0009	3.11619838466359
2	interaction_0049	cell_pair_0007	0.0009	2.95289264215304
2	interaction_0051	cell_pair_0007	0.0009	2.86591881455221
2	interaction_0047	cell_pair_0007	0.0009	2.8324849902876
2	interaction_0058	cell_pair_0006	0.0009	2.77505054148317
2	interaction_0058	cell_pair_0004	0.0009	2.77462894737121
2	interaction_0058	cell_pair_0002	0.0009	2.76489812281471
2	interaction_0058	cell_pair_0008	0.0009	2.75274859140713
2	interaction_0070	cell_pair_0007	0.0009	2.72704913033868
2	interaction_0058	cell_pair_0003	0.0009	2.72530490157444
2	interaction_0058	cell_pair_0001	0.0009	2.69732902379372
2	interaction_0059	cell_pair_0006	0.0009	2.69577115780567
2	interaction_0060	cell_pair_0007	0.0009	2.64777499312618
2	interaction_0068	cell_pair_0007	0.0009	2.5823151323163
2	interaction_0084	cell_pair_0007	0.0009	2.57458595908148
2	interaction_0062	cell_pair_0007	0.0009	2.52832126339897
2	interaction_0074	cell_pair_0007	0.0009	2.52230689287139
2	interaction_0035	cell_pair_0007	0.0009	2.49415956371284
2	interaction_0076	cell_pair_0007	0.0009	2.48413813120167
2	interaction_0174	cell_pair_0003	0.0009	2.47066700762489
2	interaction_0057	cell_pair_0007	0.0009	2.44890095114513
2	interaction_0053	cell_pair_0007	0.0009	2.44493204894218
2	interaction_0041	cell_pair_0007	0.0009	2.44334142580323
2	interaction_0039	cell_pair_0007	0.0009	2.43962313755712
2	interaction_0086	cell_pair_0007	0.0009	2.43776039353993
2	interaction_0045	cell_pair_0007	0.0009	2.43162295971329
2	interaction_0064	cell_pair_0007	0.0009	2.42680147161338
2	interaction_0055	cell_pair_0007	0.0009	2.4243846715381
2	interaction_0159	cell_pair_0005	0.0009	2.35247605905033
2	interaction_0162	cell_pair_0004	0.0009	2.1073530984483
2	interaction_0174	cell_pair_0002	0.0009	2.03597574366513
2	interaction_0165	cell_pair_0007	0.0009	1.85917445586644
2	interaction_0167	cell_pair_0007	0.0009	1.85917445586644
2	interaction_0164	cell_pair_0004	0.0009	1.8499992594661
2	interaction_0165	cell_pair_0008	0.0009	1.84959901115145
2	interaction_0162	cell_pair_0008	0.0009	1.84599177066457
2	interaction_0165	cell_pair_0003	0.0009	1.83592407425437
2	interaction_0167	cell_pair_0008	0.0009	1.83025532416768
2	interaction_0165	cell_pair_0004	0.0009	1.82741257439886
2	interaction_0167	cell_pair_0004	0.0009	1.82741257439886
2	interaction_0164	cell_pair_0008	0.0009	1.81721392425833
2	interaction_0166	cell_pair_0005	0.0009	1.81598522720104
2	interaction_0165	cell_pair_0005	0.0009	1.81598522720104
2	interaction_0167	cell_pair_0005	0.0009	1.81598522720104
2	interaction_0161	cell_pair_0008	0.0009	1.81434533496322
2	interaction_0162	cell_pair_0005	0.0009	1.81434533496322
2	interaction_0165	cell_pair_0006	0.0009	1.79784306706554
2	interaction_0165	cell_pair_0002	0.0009	1.79659775404831
2	interaction_0167	cell_pair_0002	0.0009	1.79659775404831
2	interaction_0160	cell_pair_0006	0.0009	1.79327165449808
2	interaction_0165	cell_pair_0001	0.0009	1.77778790427355
2	interaction_0167	cell_pair_0001	0.0009	1.77778790427355
2	interaction_0049	cell_pair_0006	0.0009	1.55483439589419
2	interaction_0049	cell_pair_0004	0.0009	1.55385196818113
2	interaction_0049	cell_pair_0002	0.0009	1.53156860881496
2	interaction_0049	cell_pair_0008	0.0009	1.50233060171601
2	interaction_0254	cell_pair_0005	0.0009	1.49620666592348
2	interaction_0049	cell_pair_0003	0.0009	1.43616183931445
2	interaction_0049	cell_pair_0001	0.0009	1.36737106564853
2	interaction_0050	cell_pair_0006	0.0009	1.36289064266586
2	interaction_0181	cell_pair_0003	0.0009	1.34596403034287
2	interaction_0051	cell_pair_0006	0.0009	1.31324585178756
2	interaction_0051	cell_pair_0004	0.0009	1.31208426151475
2	interaction_0051	cell_pair_0002	0.0009	1.28569812595813
2	interaction_0051	cell_pair_0008	0.0009	1.25096157353322
2	interaction_0047	cell_pair_0004	0.0009	1.21225804420273
2	interaction_0047	cell_pair_0002	0.0009	1.1833277060448
2	interaction_0051	cell_pair_0003	0.0009	1.17184731357334
2	interaction_0047	cell_pair_0008	0.0009	1.14665522211947
2	interaction_0051	cell_pair_0001	0.0009	1.08882003329859
2	interaction_0052	cell_pair_0006	0.0009	1.08338358771008
2	interaction_0047	cell_pair_0003	0.0009	1.06073915785768
2	interaction_0047	cell_pair_0001	0.0009	0.970853654340484
2	interaction_0048	cell_pair_0006	0.0009	0.965691949224705
2	interaction_0170	cell_pair_0008	0.0009	0.915329676013009
2	interaction_0070	cell_pair_0004	0.0009	0.859969548221026
2	interaction_0183	cell_pair_0004	0.0009	0.825378603892931
2	interaction_0070	cell_pair_0002	0.0009	0.823749360308273
2	interaction_0194	cell_pair_0007	0.0009	0.813935070481317
2	interaction_0070	cell_pair_0008	0.0009	0.77568270173906
2	interaction_0170	cell_pair_0002	0.0009	0.727702672837238
2	interaction_0170	cell_pair_0006	0.0009	0.720716242521131
2	interaction_0070	cell_pair_0003	0.0009	0.664482840364683
2	interaction_0248	cell_pair_0003	0.0009	0.642470537315822
2	interaction_0170	cell_pair_0004	0.0009	0.58111017522555
2	interaction_0181	cell_pair_0001	0.0009	0.578214165472454
2	interaction_0148	cell_pair_0004	0.0009	0.546956178141411
2	interaction_0070	cell_pair_0001	0.0009	0.54399071966485
2	interaction_0071	cell_pair_0006	0.0009	0.537047519404657
2	interaction_0170	cell_pair_0001	0.0009	0.534061602421118
2	interaction_0170	cell_pair_0003	0.0009	0.531069492725954
2	interaction_0268	cell_pair_0004	0.0009	0.521050736900963
2	interaction_0194	cell_pair_0008	0.0009	0.448900951145128
2	interaction_0173	cell_pair_0008	0.0009	0.32077347694587
2	interaction_0256	cell_pair_0005	0.0009	0.305678743242287
2	interaction_0255	cell_pair_0008	0.0009	0.301002256032814
2	interaction_0170	cell_pair_0005	0.0009	0.278579550458423
2	interaction_0068	cell_pair_0004	0.0009	0.242450073677701
2	interaction_0250	cell_pair_0003	0.0009	0.212880566344385
2	interaction_0084	cell_pair_0004	0.0009	0.20163386116965
2	interaction_0068	cell_pair_0002	0.0009	0.185232254230161
2	interaction_0084	cell_pair_0002	0.0009	0.144046369616707
2	interaction_0068	cell_pair_0008	0.0009	0.111031312388744
2	interaction_0259	cell_pair_0004	0.0009	0.102993993323326
2	interaction_0265	cell_pair_0005	0.0009	0.100304905795685
2	interaction_0018	cell_pair_0008	0.0009	0.0976107966264223
2	interaction_0084	cell_pair_0008	0.0009	0.0662614422687213
2	interaction_0249	cell_pair_0003	0.0009	0.063502942306158
2	interaction_0192	cell_pair_0008	0.0009	0.0496307677246004
2	interaction_0094	cell_pair_0007	0.0009	0.0482361856528476
2	interaction_0249	cell_pair_0006	0.0009	0.0412429822318813
2	interaction_0173	cell_pair_0002	0.0009	0.0271540515037266
2	interaction_0280	cell_pair_0004	0.0009	0.0214797274104514
2	interaction_0248	cell_pair_0006	0.0009	-0.00144341686966872
2	interaction_0248	cell_pair_0002	0.0009	-0.0174170530774094
2	interaction_0198	cell_pair_0003	0.0009	-0.0232697793228472
2	interaction_0249	cell_pair_0005	0.0009	-0.0232697793228472
2	interaction_0270	cell_pair_0003	0.0009	-0.0335695326937018
2	interaction_0250	cell_pair_0006	0.0009	-0.0439433475875971
2	interaction_0210	cell_pair_0003	0.0009	-0.0694518807521452
2	interaction_0068	cell_pair_0003	0.0009	-0.0709665213541436
2	interaction_0248	cell_pair_0001	0.0009	-0.0800879113226919
2	interaction_0074	cell_pair_0004	0.0009	-0.0908029370083126
2	interaction_0029	cell_pair_0008	0.0009	-0.103146927103293
2	interaction_0084	cell_pair_0003	0.0009	-0.120294233717712
2	interaction_0024	cell_pair_0008	0.0009	-0.158429362604483
2	interaction_0088	cell_pair_0005	0.0009	-0.158429362604483
2	interaction_0189	cell_pair_0005	0.0009	-0.160040412510468
2	interaction_0074	cell_pair_0002	0.0009	-0.161653263478769
2	interaction_0089	cell_pair_0001	0.0009	-0.189351252217354
2	interaction_0089	cell_pair_0002	0.0009	-0.249822294406943
2	interaction_0074	cell_pair_0008	0.0009	-0.258425152581204
2	interaction_0035	cell_pair_0004	0.0009	-0.272297327162762
2	interaction_0068	cell_pair_0001	0.0009	-0.275786313242642
2	interaction_0179	cell_pair_0008	0.0009	-0.281035664240461
2	interaction_0069	cell_pair_0006	0.0009	-0.288064643021079
2	interaction_0084	cell_pair_0001	0.0009	-0.332789087519129
2	interaction_0123	cell_pair_0008	0.0009	-0.334607228958109
2	interaction_0076	cell_pair_0004	0.0009	-0.343732465205711
2	interaction_0085	cell_pair_0006	0.0009	-0.347398782403481
2	interaction_0245	cell_pair_0003	0.0009	-0.351074440546879
2	interaction_0021	cell_pair_0001	0.0009	-0.354759487354735
2	interaction_0035	cell_pair_0002	0.0009	-0.354759487354735
2	interaction_0270	cell_pair_0006	0.0009	-0.360304766600418
2	interaction_0194	cell_pair_0003	0.0009	-0.365871442474959
2	interaction_0244	cell_pair_0001	0.0009	-0.369594528517677
2	interaction_0089	cell_pair_0008	0.0009	-0.38458370273713
2	interaction_0076	cell_pair_0002	0.0009	-0.428565884123491
2	interaction_0021	cell_pair_0002	0.0009	-0.434402824145775
2	interaction_0035	cell_pair_0008	0.0009	-0.465938397578882
2	interaction_0268	cell_pair_0008	0.0009	-0.471928835421265
2	interaction_0074	cell_pair_0003	0.0009	-0.496142467422571
2	interaction_0278	cell_pair_0004	0.0009	-0.514573172829758
2	interaction_0172	cell_pair_0002	0.0009	-0.518701058452435
2	interaction_0106	cell_pair_0004	0.0009	-0.520769438793664
2	interaction_0076	cell_pair_0008	0.0009	-0.545824106814198
2	interaction_0103	cell_pair_0004	0.0009	-0.545824106814198
2	interaction_0016	cell_pair_0008	0.0009	-0.556393348524385
2	interaction_0016	cell_pair_0004	0.0009	-0.558516520417355
2	interaction_0100	cell_pair_0004	0.0009	-0.560642821525743
2	interaction_0225	cell_pair_0006	0.0009	-0.597277823154395
2	interaction_0001	cell_pair_0002	0.0009	-0.597277823154395
2	interaction_0172	cell_pair_0005	0.0009	-0.601649629654035
2	interaction_0011	cell_pair_0004	0.0009	-0.62148837674627
2	interaction_0008	cell_pair_0004	0.0009	-0.63486740654747
2	interaction_0030	cell_pair_0001	0.0009	-0.639354797539784
2	interaction_0172	cell_pair_0008	0.0009	-0.648371670897218
2	interaction_0172	cell_pair_0001	0.0009	-0.659722595233746
2	interaction_0261	cell_pair_0003	0.0009	-0.696657605512669
2	interaction_0265	cell_pair_0003	0.0009	-0.696657605512669
2	interaction_0106	cell_pair_0003	0.0009	-0.698997743967186
2	interaction_0005	cell_pair_0001	0.0009	-0.706041020971305
2	interaction_0010	cell_pair_0001	0.0009	-0.706041020971305
2	interaction_0007	cell_pair_0001	0.0009	-0.720231578406405
2	interaction_0026	cell_pair_0001	0.0009	-0.720231578406405
2	interaction_0103	cell_pair_0003	0.0009	-0.727379545337008
2	interaction_0172	cell_pair_0003	0.0009	-0.739372091873301
2	interaction_0225	cell_pair_0004	0.0009	-0.739372091873301
2	interaction_0035	cell_pair_0003	0.0009	-0.744197163397282
2	interaction_0100	cell_pair_0003	0.0009	-0.744197163397282
2	interaction_0258	cell_pair_0004	0.0009	-0.744197163397282
2	interaction_0053	cell_pair_0002	0.0009	-0.751465163861321
2	interaction_0149	cell_pair_0005	0.0009	-0.756330919033137
2	interaction_0041	cell_pair_0002	0.0009	-0.766111939825723
2	interaction_0226	cell_pair_0003	0.0009	-0.771027430239839
2	interaction_0074	cell_pair_0001	0.0009	-0.778432211461591
2	interaction_0016	cell_pair_0006	0.0009	-0.785875194647153
2	interaction_0075	cell_pair_0006	0.0009	-0.79836613883035
2	interaction_0039	cell_pair_0002	0.0009	-0.803392955905182
2	interaction_0005	cell_pair_0002	0.0009	-0.808437349299244
2	interaction_0010	cell_pair_0002	0.0009	-0.808437349299244
2	interaction_0221	cell_pair_0006	0.0009	-0.821126041830205
2	interaction_0219	cell_pair_0006	0.0009	-0.821126041830205
2	interaction_0086	cell_pair_0002	0.0009	-0.821126041830205
2	interaction_0225	cell_pair_0003	0.0009	-0.823677227359537
2	interaction_0007	cell_pair_0002	0.0009	-0.823677227359537
2	interaction_0026	cell_pair_0002	0.0009	-0.823677227359537
2	interaction_0265	cell_pair_0008	0.0009	-0.83650126771712
2	interaction_0195	cell_pair_0006	0.0009	-0.83650126771712
2	interaction_0221	cell_pair_0008	0.0009	-0.841662972832899
2	interaction_0219	cell_pair_0008	0.0009	-0.841662972832899
2	interaction_0226	cell_pair_0005	0.0009	-0.865121945656888
2	interaction_0122	cell_pair_0007	0.0009	-0.873027143742234
2	interaction_0045	cell_pair_0002	0.0009	-0.878321443411748
2	interaction_0109	cell_pair_0003	0.0009	-0.883635243308215
2	interaction_0150	cell_pair_0001	0.0009	-0.905088352974533
2	interaction_0227	cell_pair_0007	0.0009	-0.905088352974533
2	interaction_0016	cell_pair_0003	0.0009	-0.907792561902911
2	interaction_0123	cell_pair_0004	0.0009	-0.913216233857933
2	interaction_0041	cell_pair_0008	0.0009	-0.915935735211525
2	interaction_0148	cell_pair_0008	0.0009	-0.918660372548061
2	interaction_0265	cell_pair_0002	0.0009	-0.921390165303633
2	interaction_0018	cell_pair_0004	0.0009	-0.937878288092203
2	interaction_0122	cell_pair_0004	0.0009	-0.943416471633633
2	interaction_0055	cell_pair_0002	0.0009	-0.951763814347152
2	interaction_0097	cell_pair_0004	0.0009	-0.962969269055033
2	interaction_0179	cell_pair_0004	0.0009	-0.98564470702293
2	interaction_0147	cell_pair_0004	0.0009	-0.99136969485656
2	interaction_0017	cell_pair_0004	0.0009	-1.0
2	interaction_0194	cell_pair_0004	0.0009	-1.04097178105631
2	interaction_0122	cell_pair_0003	0.0009	-1.04990490582631
2	interaction_0148	cell_pair_0001	0.0009	-1.08926733809709
2	interaction_0122	cell_pair_0008	0.0009	-1.10159814000781
2	interaction_0036	cell_pair_0006	0.0009	-1.10780328953451
2	interaction_0014	cell_pair_0005	0.0009	-1.11403524324603
2	interaction_0229	cell_pair_0008	0.0009	-1.1456053222469
2	interaction_0184	cell_pair_0003	0.0009	-1.14880066140671
2	interaction_0154	cell_pair_0006	0.0009	-1.15842936260448
2	interaction_0130	cell_pair_0002	0.0009	-1.16488438474178
2	interaction_0258	cell_pair_0008	0.0009	-1.17136841831198
2	interaction_0104	cell_pair_0001	0.0009	-1.18114943910457
2	interaction_0094	cell_pair_0004	0.0009	-1.19759995988516
2	interaction_0148	cell_pair_0002	0.0009	-1.21424022557299
2	interaction_0123	cell_pair_0001	0.0009	-1.21759143507263
2	interaction_0123	cell_pair_0002	0.0009	-1.21759143507263
2	interaction_0101	cell_pair_0001	0.0009	-1.22095044716254
2	interaction_0184	cell_pair_0008	0.0009	-1.23107466443625
2	interaction_0077	cell_pair_0006	0.0009	-1.23786383009889
2	interaction_0098	cell_pair_0001	0.0009	-1.2446850959549
2	interaction_0022	cell_pair_0008	0.0009	-1.25497785096274
2	interaction_0184	cell_pair_0004	0.0009	-1.2584251525812
2	interaction_0261	cell_pair_0006	0.0009	-1.2584251525812
2	interaction_0151	cell_pair_0008	0.0009	-1.27229732716276
2	interaction_0154	cell_pair_0008	0.0009	-1.27229732716276
2	interaction_0017	cell_pair_0008	0.0009	-1.28630418515664
2	interaction_0204	cell_pair_0001	0.0009	-1.29689930039584
2	interaction_0154	cell_pair_0005	0.0009	-1.3040061868901
2	interaction_0154	cell_pair_0001	0.0009	-1.31114825613412
2	interaction_0154	cell_pair_0002	0.0009	-1.33642766458248
2	interaction_0154	cell_pair_0003	0.0009	-1.34007544159762
2	interaction_0146	cell_pair_0008	0.0009	-1.34739878240348
2	interaction_0129	cell_pair_0008	0.0009	-1.35845397091248
2	interaction_0258	cell_pair_0001	0.0009	-1.3621579396759
2	interaction_0150	cell_pair_0002	0.0009	-1.36587144247496
2	interaction_0196	cell_pair_0001	0.0009	-1.38458370273713
2	interaction_0247	cell_pair_0003	0.0009	-1.38835545662634
2	interaction_0012	cell_pair_0003	0.0009	-1.39213709716876
2	interaction_0033	cell_pair_0004	0.0009	-1.42275246440685
2	interaction_0260	cell_pair_0004	0.0009	-1.43440282414577
2	interaction_0106	cell_pair_0001	0.0009	-1.46195854666634
2	interaction_0259	cell_pair_0008	0.0009	-1.46992925777492
2	interaction_0103	cell_pair_0001	0.0009	-1.51045706435753
2	interaction_0147	cell_pair_0008	0.0009	-1.51457317282976
2	interaction_0024	cell_pair_0004	0.0009	-1.52284078881336
2	interaction_0100	cell_pair_0001	0.0009	-1.53951952995999
2	interaction_0207	cell_pair_0008	0.0009	-1.55639334852439
2	interaction_0012	cell_pair_0004	0.0009	-1.59074485331516
2	interaction_0023	cell_pair_0004	0.0009	-1.61705613043101
2	interaction_0206	cell_pair_0008	0.0009	-1.63039392996816
2	interaction_0204	cell_pair_0002	0.0009	-1.63039392996816
2	interaction_0129	cell_pair_0004	0.0009	-1.68965987938785
2	interaction_0103	cell_pair_0008	0.0009	-1.69899774396719
2	interaction_0147	cell_pair_0001	0.0009	-1.75633091903314
2	interaction_0205	cell_pair_0002	0.0009	-1.76121314041288
2	interaction_0204	cell_pair_0008	0.0009	-1.78587519464715
2	interaction_0260	cell_pair_0008	0.0009	-1.79085860216141
2	interaction_0262	cell_pair_0005	0.0009	-1.8059129478837
2	interaction_0101	cell_pair_0002	0.0009	-1.8211260418302
2	interaction_0103	cell_pair_0002	0.0009	-1.83135796444116
2	interaction_0205	cell_pair_0001	0.0009	-1.83650126771712
2	interaction_0031	cell_pair_0008	0.0009	-1.83650126771712
2	interaction_0098	cell_pair_0002	0.0009	-1.85725982788392
2	interaction_0054	cell_pair_0006	0.0009	-1.86249647625006
2	interaction_0042	cell_pair_0006	0.0009	-1.89432192210546
2	interaction_0014	cell_pair_0003	0.0009	-1.9378782880922
2	interaction_0040	cell_pair_0006	0.0009	-1.97143084780323
2	interaction_0229	cell_pair_0003	0.0009	-1.97709959788992
2	interaction_0087	cell_pair_0006	0.0009	-2.01158797427521
2	interaction_0027	cell_pair_0008	0.0009	-2.0350469470992
2	interaction_0023	cell_pair_0008	0.0009	-2.08314123530025
2	interaction_0046	cell_pair_0006	0.0009	-2.15200309344505
2	interaction_0009	cell_pair_0001	0.0009	-2.27928375747887
2	interaction_0006	cell_pair_0001	0.0009	-2.32192809488736
2	interaction_0025	cell_pair_0001	0.0009	-2.32192809488736
2	interaction_0056	cell_pair_0006	0.0009	-2.33642766458248
2	interaction_0229	cell_pair_0004	0.0009	-2.38082178394093
2	interaction_0229	cell_pair_0001	0.0009	-2.7178567712185
2	interaction_0047	cell_pair_0006	0.01	1.21350281998392
2	interaction_0070	cell_pair_0006	0.01	0.861558419572029
2	interaction_0068	cell_pair_0006	0.01	0.244887059123534
2	interaction_0084	cell_pair_0006	0.01	0.204140716780225
2	interaction_0074	cell_pair_0006	0.01	-0.0877333719335504
2	interaction_0179	cell_pair_0007	0.01	-0.288064643021079
2	interaction_0089	cell_pair_0005	0.01	-0.405451450449646
2	interaction_0268	cell_pair_0005	0.01	-0.63710935733414
2	interaction_0053	cell_pair_0004	0.01	-0.646112163715093
2	interaction_0041	cell_pair_0004	0.01	-0.659722595233746
2	interaction_0278	cell_pair_0003	0.01	-0.691988685447822
2	interaction_0270	cell_pair_0005	0.01	-0.698997743967186
2	interaction_0030	cell_pair_0002	0.01	-0.736965594166206
2	interaction_0045	cell_pair_0004	0.01	-0.763660460831626
2	interaction_0055	cell_pair_0004	0.01	-0.831357964441161
2	interaction_0076	cell_pair_0003	0.01	-0.841662972832899
2	interaction_0053	cell_pair_0008	0.01	-0.899695094204314
2	interaction_0184	cell_pair_0005	0.01	-0.940644722383579
2	interaction_0086	cell_pair_0008	0.01	-0.974262438586392
2	interaction_0029	cell_pair_0004	0.01	-1.38458370273713
2	interaction_0179	cell_pair_0002	0.01	-1.47794425083904
2	interaction_0179	cell_pair_0001	0.01	-1.51870105845243
2	interaction_0196	cell_pair_0008	0.01	-1.63486740654747
2	interaction_0100	cell_pair_0008	0.01	-1.73216460790238
2	interaction_0034	cell_pair_0007	0.01	-1.76611193982572
2	interaction_0104	cell_pair_0002	0.01	-1.76611193982572
2	interaction_0129	cell_pair_0001	0.01	-1.90508835297453
2	interaction_0246	cell_pair_0006	0.01	-1.98279070996778
2	interaction_0003	cell_pair_0001	0.01	-2.27928375747887
2	interaction_0006	cell_pair_0002	0.01	-2.69899774396719
2	interaction_0173	cell_pair_0003	0.02	-0.307572801910292
2	interaction_0192	cell_pair_0004	0.02	-0.597277823154395
2	interaction_0039	cell_pair_0004	0.02	-0.691988685447822
2	interaction_0086	cell_pair_0004	0.02	-0.708396441969435
2	interaction_0017	cell_pair_0006	0.02	-0.907792561902911
2	interaction_0045	cell_pair_0008	0.02	-1.04097178105631
2	interaction_0028	cell_pair_0006	0.02	-1.34373246520571
2	interaction_0028	cell_pair_0004	0.02	-1.46992925777492
2	interaction_0023	cell_pair_0006	0.02	-1.47794425083904
2	interaction_0100	cell_pair_0002	0.02	-1.86775220170156
2	interaction_0230	cell_pair_0007	0.02	-2.52284078881336
2	interaction_0025	cell_pair_0002	0.02	-2.69899774396719
2	interaction_0173	cell_pair_0006	0.03	0.0157829972409275
2	interaction_0035	cell_pair_0006	0.03	-0.2688167584278
2	interaction_0173	cell_pair_0001	0.03	-0.302226180444814
2	interaction_0270	cell_pair_0007	0.03	-0.407363571393423
2	interaction_0244	cell_pair_0002	0.03	-0.72499295250013
2	interaction_0063	cell_pair_0006	0.03	-0.739372091873301
2	interaction_0055	cell_pair_0008	0.03	-1.12343394124828
2	interaction_0016	cell_pair_0002	0.03	-1.36959452851768
2	interaction_0019	cell_pair_0001	0.03	-1.41503749927884
2	interaction_0107	cell_pair_0001	0.03	-1.48196850739783
2	interaction_0277	cell_pair_0007	0.03	-1.49410907027004
2	interaction_0106	cell_pair_0008	0.03	-1.64385618977472
2	interaction_0198	cell_pair_0007	0.03	-1.77102743023984
2	interaction_0259	cell_pair_0005	0.03	-1.82623293226329
2	interaction_0246	cell_pair_0003	0.03	-1.89432192210546
2	interaction_0033	cell_pair_0008	0.03	-2.18442457113743
2	interaction_0247	cell_pair_0006	0.03	-2.36587144247496
2	interaction_0076	cell_pair_0006	0.04	-0.340075441597622
2	interaction_0035	cell_pair_0001	0.04	-1.0862010350493
2	interaction_0106	cell_pair_0002	0.04	-1.77102743023984
2	interaction_0028	cell_pair_0008	0.04	-1.88363524330822
2	interaction_0261	cell_pair_0005	0.04	-1.96578428466209
2	interaction_0224	cell_pair_0007	0.05	2.72093508135976
2	interaction_0170	cell_pair_0007	0.05	0.500802053057158
2	interaction_0061	cell_pair_0006	0.05	0.133563525741106
2	interaction_0173	cell_pair_0004	0.05	-0.219269963523624
2	interaction_0280	cell_pair_0008	0.05	-0.369594528517677
2	interaction_0041	cell_pair_0006	0.05	-0.655171503002559
2	interaction_0279	cell_pair_0004	0.05	-1.14241704461585
2	interaction_0012	cell_pair_0007	0.05	-1.92686529536978
2	interaction_0096	cell_pair_0007	0.05	-2.05289494843213
2	interaction_0246	cell_pair_0005	0.05	-2.27229732716276
3	interaction_0231	cell_pair_0004	0.0009	4.25300596289068
3	interaction_0231	cell_pair_0008	0.0009	4.24465876653015
3	interaction_0231	cell_pair_0007	0.0009	4.23947442111185
3	interaction_0224	cell_pair_0004	0.0009	4.23519092704256
3	interaction_0231	cell_pair_0003	0.0009	4.22735601830865
3	interaction_0231	cell_pair_0002	0.0009	4.22373144513811
3	interaction_0231	cell_pair_0001	0.0009	4.2231135885801
3	interaction_0231	cell_pair_0009	0.0009	4.21637725708423
3	interaction_0231	cell_pair_0006	0.0009	4.21132375704161
3	interaction_0224	cell_pair_0008	0.0009	3.75563537238322
3	interaction_0058	cell_pair_0007	0.0009	3.34568023078636
3	interaction_0058	cell_pair_0004	0.0009	3.27381424458704
3	interaction_0058	cell_pair_0008	0.0009	3.268284666521
3	interaction_0058	cell_pair_0002	0.0009	3.25111310917129
3	interaction_0059	cell_pair_0006	0.0009	3.22203170248449
3	interaction_0058	cell_pair_0003	0.0009	3.21412480535285
3	interaction_0058	cell_pair_0001	0.0009	3.20820508950445
3	interaction_0058	cell_pair_0009	0.0009	3.20288783347014
3	interaction_0058	cell_pair_0006	0.0009	3.19927972133662
3	interaction_0186	cell_pair_0004	0.0009	2.98950236086238
3	interaction_0186	cell_pair_0008	0.0009	2.98185265328974
3	interaction_0186	cell_pair_0007	0.0009	2.96254902292306
3	interaction_0186	cell_pair_0005	0.0009	2.96180851473748
3	interaction_0051	cell_pair_0007	0.0009	2.62620548295304
3	interaction_0174	cell_pair_0003	0.0009	2.51929027903653
3	interaction_0051	cell_pair_0004	0.0009	2.50563691176277
3	interaction_0051	cell_pair_0008	0.0009	2.49646234958226
3	interaction_0051	cell_pair_0002	0.0009	2.46701857168978
3	interaction_0052	cell_pair_0006	0.0009	2.41656954900242
3	interaction_0051	cell_pair_0003	0.0009	2.4027221768456
3	interaction_0049	cell_pair_0007	0.0009	2.40108430150501
3	interaction_0051	cell_pair_0001	0.0009	2.39231742277876
3	interaction_0051	cell_pair_0009	0.0009	2.38294386956899
3	interaction_0051	cell_pair_0006	0.0009	2.37656822542571
3	interaction_0049	cell_pair_0004	0.0009	2.25942315228141
3	interaction_0049	cell_pair_0008	0.0009	2.24823120674876
3	interaction_0049	cell_pair_0002	0.0009	2.21319172671244
3	interaction_0050	cell_pair_0006	0.0009	2.15283240468942
3	interaction_0049	cell_pair_0003	0.0009	2.13619138628714
3	interaction_0049	cell_pair_0001	0.0009	2.12366619645382
3	interaction_0049	cell_pair_0009	0.0009	2.11236652307256
3	interaction_0049	cell_pair_0006	0.0009	2.10467213128256
3	interaction_0164	cell_pair_0007	0.0009	1.86631456137705
3	interaction_0162	cell_pair_0005	0.0009	1.86274892579353
3	interaction_0165	cell_pair_0008	0.0009	1.8611613657534
3	interaction_0164	cell_pair_0004	0.0009	1.85359650620251
3	interaction_0162	cell_pair_0004	0.0009	1.85159914323515
3	interaction_0165	cell_pair_0007	0.0009	1.84879818124419
3	interaction_0167	cell_pair_0007	0.0009	1.84879818124419
3	interaction_0166	cell_pair_0005	0.0009	1.83187724119167
3	interaction_0165	cell_pair_0005	0.0009	1.83187724119167
3	interaction_0167	cell_pair_0005	0.0009	1.83187724119167
3	interaction_0265	cell_pair_0005	0.0009	1.82984955984469
3	interaction_0165	cell_pair_0004	0.0009	1.82903768866914
3	interaction_0167	cell_pair_0004	0.0009	1.82903768866914
3	interaction_0160	cell_pair_0006	0.0009	1.82415684372883
3	interaction_0161	cell_pair_0008	0.0009	1.81680447483288
3	interaction_0174	cell_pair_0002	0.0009	1.80982599609745
3	interaction_0165	cell_pair_0003	0.0009	1.79410389855975
3	interaction_0167	cell_pair_0008	0.0009	1.7878503341913
3	interaction_0165	cell_pair_0002	0.0009	1.76171078436334
3	interaction_0167	cell_pair_0002	0.0009	1.76171078436334
3	interaction_0166	cell_pair_0007	0.0009	1.7583031771319
3	interaction_0165	cell_pair_0001	0.0009	1.75574217934539
3	interaction_0167	cell_pair_0001	0.0009	1.75574217934539
3	interaction_0161	cell_pair_0006	0.0009	1.7497487788645
3	interaction_0070	cell_pair_0007	0.0009	1.54942274574666
3	interaction_0181	cell_pair_0003	0.0009	1.32826202860941
3	interaction_0060	cell_pair_0007	0.0009	1.28569812595813
3	interaction_0070	cell_pair_0004	0.0009	1.2821432287815
3	interaction_0070	cell_pair_0008	0.0009	1.2606279081267
3	interaction_0070	cell_pair_0002	0.0009	1.19029879162659
3	interaction_0068	cell_pair_0007	0.0009	1.18459768415576
3	interaction_0194	cell_pair_0008	0.0009	1.18205660901025
3	interaction_0074	cell_pair_0007	0.0009	1.1394694950388
3	interaction_0149	cell_pair_0005	0.0009	1.12829340100982
3	interaction_0071	cell_pair_0006	0.0009	1.06488285158485
3	interaction_0070	cell_pair_0003	0.0009	1.02927618237063
3	interaction_0070	cell_pair_0001	0.0009	1.00216242115062
3	interaction_0070	cell_pair_0009	0.0009	0.977463111239467
3	interaction_0070	cell_pair_0006	0.0009	0.960511710119024
3	interaction_0062	cell_pair_0007	0.0009	0.959770155211467
3	interaction_0060	cell_pair_0004	0.0009	0.959028218943694
3	interaction_0060	cell_pair_0008	0.0009	0.931304843650669
3	interaction_0047	cell_pair_0007	0.0009	0.919912088677308
3	interaction_0271	cell_pair_0003	0.0009	0.835115615258218
3	interaction_0068	cell_pair_0004	0.0009	0.830255324167683
3	interaction_0248	cell_pair_0003	0.0009	0.816394909169121
3	interaction_0068	cell_pair_0008	0.0009	0.800744623936777
3	interaction_0148	cell_pair_0004	0.0009	0.773996325111173
3	interaction_0272	cell_pair_0006	0.0009	0.773152397014052
3	interaction_0074	cell_pair_0004	0.0009	0.772307974958403
3	interaction_0181	cell_pair_0005	0.0009	0.768925335563751
3	interaction_0074	cell_pair_0008	0.0009	0.741574847418796
3	interaction_0014	cell_pair_0005	0.0009	0.732920382108257
3	interaction_0170	cell_pair_0008	0.0009	0.729444006833663
3	interaction_0272	cell_pair_0003	0.0009	0.720716242521131
3	interaction_0076	cell_pair_0007	0.0009	0.709290635723358
3	interaction_0068	cell_pair_0002	0.0009	0.70310069960416
3	interaction_0061	cell_pair_0006	0.0009	0.680774425492461
3	interaction_0041	cell_pair_0007	0.0009	0.65901117119815
3	interaction_0074	cell_pair_0002	0.0009	0.639695233399582
3	interaction_0170	cell_pair_0005	0.0009	0.635057829725214
3	interaction_0181	cell_pair_0001	0.0009	0.634128557525041
3	interaction_0084	cell_pair_0007	0.0009	0.611644543373662
3	interaction_0170	cell_pair_0002	0.0009	0.562669826102702
3	interaction_0062	cell_pair_0004	0.0009	0.53605290024021
3	interaction_0069	cell_pair_0006	0.0009	0.523060061795249
3	interaction_0170	cell_pair_0004	0.0009	0.513995979367013
3	interaction_0062	cell_pair_0008	0.0009	0.499782120147312
3	interaction_0018	cell_pair_0008	0.0009	0.495695162624069
3	interaction_0181	cell_pair_0006	0.0009	0.489542935642474
3	interaction_0047	cell_pair_0004	0.0009	0.483364360713349
3	interaction_0068	cell_pair_0003	0.0009	0.470927257475127
3	interaction_0075	cell_pair_0006	0.0009	0.452068230223811
3	interaction_0170	cell_pair_0003	0.0009	0.445726703349984
3	interaction_0047	cell_pair_0008	0.0009	0.444667066841908
3	interaction_0068	cell_pair_0001	0.0009	0.43189034828618
3	interaction_0250	cell_pair_0003	0.0009	0.430820496519772
3	interaction_0170	cell_pair_0001	0.0009	0.425459304765355
3	interaction_0074	cell_pair_0003	0.0009	0.397255345594427
3	interaction_0068	cell_pair_0009	0.0009	0.395062799517578
3	interaction_0062	cell_pair_0002	0.0009	0.37851162325373
3	interaction_0068	cell_pair_0006	0.0009	0.368489000645104
3	interaction_0249	cell_pair_0005	0.0009	0.367371065648529
3	interaction_0074	cell_pair_0001	0.0009	0.35501626421955
3	interaction_0047	cell_pair_0002	0.0009	0.318461465167583
3	interaction_0074	cell_pair_0009	0.0009	0.316145742293356
3	interaction_0280	cell_pair_0004	0.0009	0.29983076182237
3	interaction_0173	cell_pair_0008	0.0009	0.296310560708092
3	interaction_0074	cell_pair_0006	0.0009	0.289244285156642
3	interaction_0249	cell_pair_0003	0.0009	0.27500704749987
3	interaction_0249	cell_pair_0006	0.0009	0.24731993497982
3	interaction_0194	cell_pair_0003	0.0009	0.235114320376357
3	interaction_0170	cell_pair_0006	0.0009	0.196607044094818
3	interaction_0076	cell_pair_0004	0.0009	0.189033824390017
3	interaction_0173	cell_pair_0005	0.0009	0.166072675946706
3	interaction_0189	cell_pair_0005	0.0009	0.16349873228288
3	interaction_0249	cell_pair_0007	0.0009	0.153156788061421
3	interaction_0250	cell_pair_0007	0.0009	0.153156788061421
3	interaction_0063	cell_pair_0006	0.0009	0.149259365499623
3	interaction_0076	cell_pair_0008	0.0009	0.142740172116082
3	interaction_0017	cell_pair_0005	0.0009	0.12565110166152
3	interaction_0041	cell_pair_0004	0.0009	0.116364756691785
3	interaction_0088	cell_pair_0005	0.0009	0.0935601761623378
3	interaction_0271	cell_pair_0006	0.0009	0.0894981508391026
3	interaction_0048	cell_pair_0006	0.0009	0.0799753767205959
3	interaction_0041	cell_pair_0008	0.0009	0.0676387168753633
3	interaction_0173	cell_pair_0002	0.0009	0.0648828515848544
3	interaction_0106	cell_pair_0003	0.0009	0.0607391578576785
3	interaction_0084	cell_pair_0004	0.0009	0.0482361856528476
3	interaction_0106	cell_pair_0004	0.0009	0.018634174139051
3	interaction_0278	cell_pair_0003	0.0009	-0.00433459026389113
3	interaction_0084	cell_pair_0008	0.0009	-0.00433459026389113
3	interaction_0173	cell_pair_0004	0.0009	-0.00433459026389113
3	interaction_0076	cell_pair_0002	0.0009	-0.0144995696951151
3	interaction_0278	cell_pair_0004	0.0009	-0.0469210473874926
3	interaction_0270	cell_pair_0003	0.0009	-0.0709665213541436
3	interaction_0189	cell_pair_0007	0.0009	-0.0862010350493039
3	interaction_0041	cell_pair_0002	0.0009	-0.0985055449524251
3	interaction_0173	cell_pair_0003	0.0009	-0.103146927103293
3	interaction_0094	cell_pair_0007	0.0009	-0.112474729258412
3	interaction_0173	cell_pair_0001	0.0009	-0.132894270497345
3	interaction_0192	cell_pair_0008	0.0009	-0.134477040860036
3	interaction_0035	cell_pair_0004	0.0009	-0.172993990361023
3	interaction_0084	cell_pair_0002	0.0009	-0.179514657013621
3	interaction_0270	cell_pair_0007	0.0009	-0.186064929518683
3	interaction_0045	cell_pair_0004	0.0009	-0.189351252217354
3	interaction_0103	cell_pair_0003	0.0009	-0.194294815161489
3	interaction_0265	cell_pair_0008	0.0009	-0.217591435072627
3	interaction_0035	cell_pair_0008	0.0009	-0.232768962976124
3	interaction_0053	cell_pair_0004	0.0009	-0.236163541109049
3	interaction_0148	cell_pair_0002	0.0009	-0.237863830098888
3	interaction_0078	cell_pair_0004	0.0009	-0.241270431542137
3	interaction_0103	cell_pair_0004	0.0009	-0.24297675349254
3	interaction_0045	cell_pair_0008	0.0009	-0.251538766995965
3	interaction_0268	cell_pair_0005	0.0009	-0.256700472111743
3	interaction_0245	cell_pair_0003	0.0009	-0.272297327162762
3	interaction_0100	cell_pair_0003	0.0009	-0.284545872884282
3	interaction_0244	cell_pair_0001	0.0009	-0.289827251720338
3	interaction_0179	cell_pair_0008	0.0009	-0.295128035543647
3	interaction_0172	cell_pair_0002	0.0009	-0.298672742587059
3	interaction_0053	cell_pair_0008	0.0009	-0.300448367476911
3	interaction_0078	cell_pair_0008	0.0009	-0.3040061868901
3	interaction_0268	cell_pair_0004	0.0009	-0.305788392232109
3	interaction_0086	cell_pair_0004	0.0009	-0.307572801910292
3	interaction_0077	cell_pair_0006	0.0009	-0.321928094887362
3	interaction_0100	cell_pair_0004	0.0009	-0.336427664582477
3	interaction_0089	cell_pair_0001	0.0009	-0.343732465205711
3	interaction_0270	cell_pair_0004	0.0009	-0.349235440883098
3	interaction_0086	cell_pair_0008	0.0009	-0.375197234747053
3	interaction_0089	cell_pair_0002	0.0009	-0.392137097168765
3	interaction_0104	cell_pair_0001	0.0009	-0.401634794676355
3	interaction_0172	cell_pair_0008	0.0009	-0.401634794676355
3	interaction_0076	cell_pair_0003	0.0009	-0.416962376203336
3	interaction_0182	cell_pair_0005	0.0009	-0.41888982477445
3	interaction_0018	cell_pair_0004	0.0009	-0.422752464406849
3	interaction_0270	cell_pair_0006	0.0009	-0.422752464406849
3	interaction_0042	cell_pair_0006	0.0009	-0.428565884123491
3	interaction_0035	cell_pair_0002	0.0009	-0.440263475567017
3	interaction_0180	cell_pair_0006	0.0009	-0.457989644463391
3	interaction_0045	cell_pair_0002	0.0009	-0.461958546666336
3	interaction_0021	cell_pair_0002	0.0009	-0.467932447710969
3	interaction_0172	cell_pair_0001	0.0009	-0.483984852996335
3	interaction_0172	cell_pair_0006	0.0009	-0.488026018218199
3	interaction_0076	cell_pair_0001	0.0009	-0.492078535042672
3	interaction_0053	cell_pair_0002	0.0009	-0.518701058452435
3	interaction_0127	cell_pair_0003	0.0009	-0.520769438793664
3	interaction_0078	cell_pair_0002	0.0009	-0.522840788813359
3	interaction_0039	cell_pair_0004	0.0009	-0.526992432083826
3	interaction_0085	cell_pair_0006	0.0009	-0.529072742524873
3	interaction_0041	cell_pair_0003	0.0009	-0.531156057025363
3	interaction_0261	cell_pair_0003	0.0009	-0.556393348524385
3	interaction_0172	cell_pair_0005	0.0009	-0.564904848379903
3	interaction_0150	cell_pair_0001	0.0009	-0.599462070416271
3	interaction_0039	cell_pair_0008	0.0009	-0.603840510926845
3	interaction_0086	cell_pair_0002	0.0009	-0.606034724339757
3	interaction_0041	cell_pair_0001	0.0009	-0.610433188237274
3	interaction_0084	cell_pair_0003	0.0009	-0.639354797539784
3	interaction_0005	cell_pair_0001	0.0009	-0.662003536484984
3	interaction_0123	cell_pair_0008	0.0009	-0.662003536484984
3	interaction_0265	cell_pair_0002	0.0009	-0.698997743967186
3	interaction_0005	cell_pair_0002	0.0009	-0.708396441969435
3	interaction_0283	cell_pair_0001	0.0009	-0.72499295250013
3	interaction_0283	cell_pair_0001	0.0009	-0.72499295250013
3	interaction_0147	cell_pair_0004	0.0009	-0.72499295250013
3	interaction_0084	cell_pair_0001	0.0009	-0.727379545337008
3	interaction_0283	cell_pair_0008	0.0009	-0.746615764199926
3	interaction_0283	cell_pair_0008	0.0009	-0.746615764199926
3	interaction_0279	cell_pair_0004	0.0009	-0.746615764199926
3	interaction_0101	cell_pair_0001	0.0009	-0.763660460831626
3	interaction_0184	cell_pair_0003	0.0009	-0.793356776016605
3	interaction_0146	cell_pair_0008	0.0009	-0.795859283219775
3	interaction_0260	cell_pair_0007	0.0009	-0.79836613883035
3	interaction_0259	cell_pair_0005	0.0009	-0.823677227359537
3	interaction_0125	cell_pair_0008	0.0009	-0.826232932263294
3	interaction_0226	cell_pair_0005	0.0009	-0.841662972832899
3	interaction_0014	cell_pair_0002	0.0009	-0.841662972832899
3	interaction_0106	cell_pair_0001	0.0009	-0.859875776090929
3	interaction_0226	cell_pair_0003	0.0009	-0.859875776090929
3	interaction_0225	cell_pair_0006	0.0009	-0.87038726186953
3	interaction_0036	cell_pair_0006	0.0009	-0.873027143742234
3	interaction_0039	cell_pair_0002	0.0009	-0.878321443411748
3	interaction_0260	cell_pair_0004	0.0009	-0.883635243308215
3	interaction_0184	cell_pair_0008	0.0009	-0.891642821909581
3	interaction_0259	cell_pair_0004	0.0009	-0.897006006676674
3	interaction_0046	cell_pair_0006	0.0009	-0.899695094204314
3	interaction_0098	cell_pair_0001	0.0009	-0.902389203373578
3	interaction_0261	cell_pair_0004	0.0009	-0.960159735468209
3	interaction_0179	cell_pair_0004	0.0009	-0.974262438586392
3	interaction_0054	cell_pair_0006	0.0009	-0.977099597889921
3	interaction_0278	cell_pair_0001	0.0009	-0.982790709967777
3	interaction_0079	cell_pair_0006	0.0009	-0.98564470702293
3	interaction_0093	cell_pair_0005	0.0009	-0.99136969485656
3	interaction_0184	cell_pair_0006	0.0009	-0.99136969485656
3	interaction_0184	cell_pair_0004	0.0009	-0.997117491466879
3	interaction_0123	cell_pair_0004	0.0009	-1.01158797427521
3	interaction_0106	cell_pair_0008	0.0009	-1.02034044828418
3	interaction_0262	cell_pair_0005	0.0009	-1.03209362970985
3	interaction_0132	cell_pair_0002	0.0009	-1.07400058144378
3	interaction_0261	cell_pair_0006	0.0009	-1.07704103576383
3	interaction_0277	cell_pair_0004	0.0009	-1.09850554495243
3	interaction_0087	cell_pair_0006	0.0009	-1.09850554495243
3	interaction_0227	cell_pair_0007	0.0009	-1.10780328953451
3	interaction_0131	cell_pair_0004	0.0009	-1.1456053222469
3	interaction_0094	cell_pair_0004	0.0009	-1.14880066140671
3	interaction_0151	cell_pair_0008	0.0009	-1.15842936260448
3	interaction_0258	cell_pair_0004	0.0009	-1.16488438474178
3	interaction_0144	cell_pair_0007	0.0009	-1.17136841831198
3	interaction_0106	cell_pair_0002	0.0009	-1.17462139610707
3	interaction_0125	cell_pair_0004	0.0009	-1.2276920250416
3	interaction_0281	cell_pair_0008	0.0009	-1.23446525363702
3	interaction_0154	cell_pair_0002	0.0009	-1.26188071121742
3	interaction_0020	cell_pair_0008	0.0009	-1.265344566521
3	interaction_0247	cell_pair_0003	0.0009	-1.2688167584278
3	interaction_0154	cell_pair_0008	0.0009	-1.2688167584278
3	interaction_0154	cell_pair_0001	0.0009	-1.2827897009804
3	interaction_0154	cell_pair_0003	0.0009	-1.28630418515664
3	interaction_0128	cell_pair_0002	0.0009	-1.28630418515664
3	interaction_0105	cell_pair_0007	0.0009	-1.30757280191029
3	interaction_0281	cell_pair_0001	0.0009	-1.31473259348316
3	interaction_0019	cell_pair_0001	0.0009	-1.32192809488736
3	interaction_0285	cell_pair_0002	0.0009	-1.35107444054688
3	interaction_0131	cell_pair_0008	0.0009	-1.35475948735473
3	interaction_0126	cell_pair_0004	0.0009	-1.36587144247496
3	interaction_0103	cell_pair_0001	0.0009	-1.38458370273713
3	interaction_0196	cell_pair_0001	0.0009	-1.41888982477445
3	interaction_0122	cell_pair_0003	0.0009	-1.45403163089471
3	interaction_0246	cell_pair_0005	0.0009	-1.48600402063299
3	interaction_0040	cell_pair_0006	0.0009	-1.50225991139091
3	interaction_0195	cell_pair_0006	0.0009	-1.51870105845243
3	interaction_0179	cell_pair_0001	0.0009	-1.55639334852439
3	interaction_0179	cell_pair_0002	0.0009	-1.5649048483799
3	interaction_0131	cell_pair_0001	0.0009	-1.58640591759082
3	interaction_0126	cell_pair_0008	0.0009	-1.612637459164
3	interaction_0122	cell_pair_0004	0.0009	-1.612637459164
3	interaction_0195	cell_pair_0003	0.0009	-1.63935479753978
3	interaction_0262	cell_pair_0007	0.0009	-1.68501351453148
3	interaction_0004	cell_pair_0008	0.0009	-1.70839644196944
3	interaction_0003	cell_pair_0001	0.0009	-1.79085860216141
3	interaction_0246	cell_pair_0003	0.0009	-1.8520421186129
3	interaction_0097	cell_pair_0004	0.0009	-1.86775220170156
3	interaction_0122	cell_pair_0008	0.0009	-1.88896868761126
3	interaction_0228	cell_pair_0007	0.0009	-1.88896868761126
3	interaction_0126	cell_pair_0001	0.0009	-1.89969509420431
3	interaction_0123	cell_pair_0002	0.0009	-1.93236128312464
3	interaction_0102	cell_pair_0007	0.0009	-2.08926733809709
3	interaction_0131	cell_pair_0002	0.0009	-2.12658049656514
3	interaction_0197	cell_pair_0001	0.0009	-2.15842936260448
3	interaction_0201	cell_pair_0001	0.0009	-2.17136841831198
3	interaction_0002	cell_pair_0001	0.0009	-2.22431729826094
3	interaction_0097	cell_pair_0002	0.0009	-2.2446850959549
3	interaction_0201	cell_pair_0006	0.0009	-2.37332724739401
3	interaction_0125	cell_pair_0002	0.0009	-2.37332724739401
3	interaction_0096	cell_pair_0006	0.0009	-2.43440282414578
3	interaction_0099	cell_pair_0007	0.0009	-2.45798964446339
3	interaction_0127	cell_pair_0002	0.0009	-2.55639334852439
3	interaction_0126	cell_pair_0002	0.0009	-2.59946207041627
3	interaction_0060	cell_pair_0002	0.01	0.842375488206288
3	interaction_0183	cell_pair_0006	0.01	0.632268215499513
3	interaction_0035	cell_pair_0007	0.01	0.466757615726171
3	interaction_0045	cell_pair_0007	0.01	0.455228571117139
3	interaction_0170	cell_pair_0009	0.01	0.444667066841908
3	interaction_0053	cell_pair_0007	0.01	0.425459304765355
3	interaction_0078	cell_pair_0007	0.01	0.423309237242387
3	interaction_0086	cell_pair_0007	0.01	0.380729448503549
3	interaction_0248	cell_pair_0007	0.01	0.153156788061421
3	interaction_0089	cell_pair_0007	0.01	-0.38458370273713
3	interaction_0021	cell_pair_0001	0.01	-0.430508908041284
3	interaction_0256	cell_pair_0005	0.01	-0.547931769776189
3	interaction_0255	cell_pair_0008	0.01	-0.630393929968162
3	interaction_0283	cell_pair_0002	0.01	-0.918660372548061
3	interaction_0283	cell_pair_0002	0.01	-0.918660372548061
3	interaction_0104	cell_pair_0009	0.01	-0.926865295369785
3	interaction_0281	cell_pair_0004	0.01	-1.14241704461585
3	interaction_0194	cell_pair_0004	0.01	-1.1456053222469
3	interaction_0279	cell_pair_0008	0.01	-1.33642766458248
3	interaction_0285	cell_pair_0004	0.01	-1.35107444054688
3	interaction_0127	cell_pair_0006	0.01	-1.41503749927884
3	interaction_0100	cell_pair_0001	0.01	-1.59946207041627
3	interaction_0154	cell_pair_0006	0.01	-1.66657626627481
3	interaction_0127	cell_pair_0008	0.01	-2.1456053222469
3	interaction_0197	cell_pair_0006	0.01	-2.35845397091248
3	interaction_0194	cell_pair_0007	0.02	1.28095631383106
3	interaction_0280	cell_pair_0008	0.02	-0.377069649079823
3	interaction_0148	cell_pair_0008	0.02	-0.392137097168765
3	interaction_0280	cell_pair_0002	0.02	-0.541617995843987
3	interaction_0261	cell_pair_0007	0.02	-0.720231578406405
3	interaction_0150	cell_pair_0009	0.02	-1.21759143507263
3	interaction_0132	cell_pair_0001	0.02	-1.35475948735473
3	interaction_0285	cell_pair_0001	0.02	-1.399730246491
3	interaction_0277	cell_pair_0007	0.02	-1.48196850739783
3	interaction_0103	cell_pair_0008	0.02	-1.62593428177746
3	interaction_0183	cell_pair_0007	0.03	0.824564212089827
3	interaction_0060	cell_pair_0003	0.03	0.634128557525041
3	interaction_0039	cell_pair_0007	0.03	0.249748715083569
3	interaction_0271	cell_pair_0007	0.03	0.16478627814334
3	interaction_0182	cell_pair_0007	0.03	-0.810966175609983
3	interaction_0256	cell_pair_0007	0.03	-0.982790709967777
3	interaction_0281	cell_pair_0002	0.03	-1.33278908751913
3	interaction_0279	cell_pair_0002	0.03	-1.43440282414577
3	interaction_0128	cell_pair_0001	0.03	-1.61705613043101
3	interaction_0103	cell_pair_0002	0.03	-1.86249647625006
3	interaction_0172	cell_pair_0009	0.04	-0.471928835421265
3	interaction_0179	cell_pair_0006	0.04	-1.58640591759082
3	interaction_0060	cell_pair_0001	0.05	0.598365205323645
3	interaction_0062	cell_pair_0003	0.05	0.0813396274519388
3	interaction_0148	cell_pair_0001	0.05	-0.625934281777462
3	interaction_0041	cell_pair_0006	0.05	-0.744197163397282
3	interaction_0104	cell_pair_0007	0.05	-1.0862010350493
3	interaction_0184	cell_pair_0005	0.05	-1.30044836747691
3	interaction_0154	cell_pair_0009	0.05	-1.37332724739401
3	interaction_0150	cell_pair_0007	0.05	-1.41503749927884
3	interaction_0246	cell_pair_0006	0.05	-1.97709959788992
4	interaction_0231	cell_pair_0004	0.0009	4.5512083739461
4	interaction_0231	cell_pair_0008	0.0009	4.54479446673535
4	interaction_0231	cell_pair_0007	0.0009	4.54101915313356
4	interaction_0224	cell_pair_0004	0.0009	4.53667461756976
4	interaction_0231	cell_pair_0003	0.0009	4.53057020390253
4	interaction_0231	cell_pair_0001	0.0009	4.52324829260521
4	interaction_0231	cell_pair_0002	0.0009	4.52262076104208
4	interaction_0231	cell_pair_0009	0.0009	4.52249522196778
4	interaction_0231	cell_pair_0006	0.0009	4.51247974691963
4	interaction_0058	cell_pair_0007	0.0009	4.2227272938176
4	interaction_0058	cell_pair_0004	0.0009	4.08542465625268
4	interaction_0058	cell_pair_0009	0.0009	4.06824086131282
4	interaction_0058	cell_pair_0002	0.0009	4.06255348847729
4	interaction_0059	cell_pair_0006	0.0009	4.05701696536554
4	interaction_0058	cell_pair_0003	0.0009	4.04622910920995
4	interaction_0058	cell_pair_0008	0.0009	4.04579241851409
4	interaction_0058	cell_pair_0006	0.0009	4.04430668064568
4	interaction_0058	cell_pair_0001	0.0009	4.03474394932473
4	interaction_0224	cell_pair_0008	0.0009	3.95130803106205
4	interaction_0049	cell_pair_0007	0.0009	3.68717269447643
4	interaction_0051	cell_pair_0007	0.0009	3.63366369686663
4	interaction_0049	cell_pair_0004	0.0009	3.48349335128439
4	interaction_0049	cell_pair_0009	0.0009	3.45733162548501
4	interaction_0049	cell_pair_0002	0.0009	3.44863669708433
4	interaction_0050	cell_pair_0006	0.0009	3.44015490868031
4	interaction_0049	cell_pair_0003	0.0009	3.4235781709818
4	interaction_0049	cell_pair_0008	0.0009	3.42304025336151
4	interaction_0051	cell_pair_0004	0.0009	3.4218292048953
4	interaction_0049	cell_pair_0006	0.0009	3.42075186326705
4	interaction_0049	cell_pair_0001	0.0009	3.40585624994972
4	interaction_0051	cell_pair_0009	0.0009	3.39451414195596
4	interaction_0051	cell_pair_0002	0.0009	3.38543103719352
4	interaction_0052	cell_pair_0006	0.0009	3.37656822542571
4	interaction_0051	cell_pair_0003	0.0009	3.35909943253201
4	interaction_0051	cell_pair_0008	0.0009	3.35853692349246
4	interaction_0051	cell_pair_0006	0.0009	3.35614381022528
4	interaction_0051	cell_pair_0001	0.0009	3.34070468006655
4	interaction_0186	cell_pair_0005	0.0009	2.87361636432633
4	interaction_0186	cell_pair_0004	0.0009	2.87125225885525
4	interaction_0186	cell_pair_0008	0.0009	2.86552295913996
4	interaction_0186	cell_pair_0007	0.0009	2.85598969730848
4	interaction_0186	cell_pair_0001	0.0009	2.78931192564509
4	interaction_0174	cell_pair_0003	0.0009	2.72443199575995
4	interaction_0194	cell_pair_0008	0.0009	2.53505759489484
4	interaction_0060	cell_pair_0007	0.0009	2.25126462889425
4	interaction_0070	cell_pair_0007	0.0009	2.19503256501146
4	interaction_0164	cell_pair_0004	0.0009	2.14535138557262
4	interaction_0162	cell_pair_0005	0.0009	2.12796337812358
4	interaction_0160	cell_pair_0006	0.0009	2.11270013274936
4	interaction_0074	cell_pair_0007	0.0009	2.10936055940423
4	interaction_0068	cell_pair_0007	0.0009	2.09558690799772
4	interaction_0165	cell_pair_0008	0.0009	2.08848085496368
4	interaction_0165	cell_pair_0004	0.0009	2.08168048865633
4	interaction_0167	cell_pair_0004	0.0009	2.08168048865633
4	interaction_0162	cell_pair_0007	0.0009	2.07244885006969
4	interaction_0162	cell_pair_0004	0.0009	2.05588975819628
4	interaction_0161	cell_pair_0008	0.0009	2.04684025420297
4	interaction_0165	cell_pair_0007	0.0009	2.04579241851409
4	interaction_0167	cell_pair_0007	0.0009	2.04579241851409
4	interaction_0166	cell_pair_0005	0.0009	2.04404433270602
4	interaction_0165	cell_pair_0005	0.0009	2.04404433270602
4	interaction_0167	cell_pair_0005	0.0009	2.04404433270602
4	interaction_0167	cell_pair_0008	0.0009	2.04299446361841
4	interaction_0165	cell_pair_0003	0.0009	2.04229412620617
4	interaction_0165	cell_pair_0001	0.0009	2.00611846138338
4	interaction_0167	cell_pair_0001	0.0009	2.00611846138338
4	interaction_0166	cell_pair_0007	0.0009	2.00539998774259
4	interaction_0165	cell_pair_0006	0.0009	2.00432160595009
4	interaction_0062	cell_pair_0007	0.0009	1.87066062667928
4	interaction_0076	cell_pair_0007	0.0009	1.85877674530819
4	interaction_0041	cell_pair_0007	0.0009	1.85319725477036
4	interaction_0265	cell_pair_0005	0.0009	1.84478735007906
4	interaction_0174	cell_pair_0002	0.0009	1.633198686374
4	interaction_0060	cell_pair_0004	0.0009	1.61635769699669
4	interaction_0053	cell_pair_0007	0.0009	1.58736499093646
4	interaction_0194	cell_pair_0007	0.0009	1.58159227883601
4	interaction_0047	cell_pair_0007	0.0009	1.53555533339931
4	interaction_0035	cell_pair_0007	0.0009	1.53505759489484
4	interaction_0070	cell_pair_0004	0.0009	1.52807116457874
4	interaction_0078	cell_pair_0007	0.0009	1.52406367577721
4	interaction_0060	cell_pair_0009	0.0009	1.51853513898218
4	interaction_0045	cell_pair_0007	0.0009	1.4931349223055
4	interaction_0060	cell_pair_0002	0.0009	1.48491148691083
4	interaction_0181	cell_pair_0003	0.0009	1.46100460993347
4	interaction_0061	cell_pair_0006	0.0009	1.45154083301783
4	interaction_0070	cell_pair_0009	0.0009	1.42330923724239
4	interaction_0039	cell_pair_0007	0.0009	1.4032677223393
4	interaction_0055	cell_pair_0007	0.0009	1.3928669162308
4	interaction_0074	cell_pair_0004	0.0009	1.38956681176273
4	interaction_0070	cell_pair_0002	0.0009	1.387362540836
4	interaction_0060	cell_pair_0003	0.0009	1.38460245765075
4	interaction_0060	cell_pair_0008	0.0009	1.38239058287347
4	interaction_0060	cell_pair_0006	0.0009	1.37239496523802
4	interaction_0086	cell_pair_0007	0.0009	1.37072227514817
4	interaction_0068	cell_pair_0004	0.0009	1.36625226369956
4	interaction_0064	cell_pair_0007	0.0009	1.35839626195665
4	interaction_0071	cell_pair_0006	0.0009	1.35162832910278
4	interaction_0060	cell_pair_0001	0.0009	1.31034012061215
4	interaction_0070	cell_pair_0003	0.0009	1.27976842159359
4	interaction_0070	cell_pair_0008	0.0009	1.27738969881086
4	interaction_0074	cell_pair_0009	0.0009	1.27381424458704
4	interaction_0070	cell_pair_0006	0.0009	1.26723614181241
4	interaction_0068	cell_pair_0009	0.0009	1.24914190328035
4	interaction_0074	cell_pair_0002	0.0009	1.23388806017428
4	interaction_0014	cell_pair_0005	0.0009	1.2103888644454
4	interaction_0068	cell_pair_0002	0.0009	1.20851725980554
4	interaction_0070	cell_pair_0001	0.0009	1.20037879798403
4	interaction_0075	cell_pair_0006	0.0009	1.1940870521163
4	interaction_0069	cell_pair_0006	0.0009	1.16800012451782
4	interaction_0074	cell_pair_0003	0.0009	1.11370049916473
4	interaction_0074	cell_pair_0008	0.0009	1.11103131238874
4	interaction_0074	cell_pair_0006	0.0009	1.09963185001446
4	interaction_0068	cell_pair_0003	0.0009	1.08610437124329
4	interaction_0068	cell_pair_0008	0.0009	1.08338358771008
4	interaction_0068	cell_pair_0006	0.0009	1.07107616201096
4	interaction_0074	cell_pair_0001	0.0009	1.02431967919541
4	interaction_0068	cell_pair_0001	0.0009	0.994217647405994
4	interaction_0062	cell_pair_0004	0.0009	0.972325041557152
4	interaction_0076	cell_pair_0004	0.0009	0.950095094173686
4	interaction_0041	cell_pair_0004	0.0009	0.939602720356044
4	interaction_0181	cell_pair_0006	0.0009	0.794103898559748
4	interaction_0076	cell_pair_0009	0.0009	0.790772037862
4	interaction_0041	cell_pair_0009	0.0009	0.779890039340047
4	interaction_0062	cell_pair_0002	0.0009	0.761285273361619
4	interaction_0076	cell_pair_0002	0.0009	0.734655433479005
4	interaction_0041	cell_pair_0002	0.0009	0.723340120251171
4	interaction_0194	cell_pair_0003	0.0009	0.711935356978922
4	interaction_0063	cell_pair_0006	0.0009	0.705756782049797
4	interaction_0181	cell_pair_0005	0.0009	0.6959938131099
4	interaction_0077	cell_pair_0006	0.0009	0.678071905112638
4	interaction_0042	cell_pair_0006	0.0009	0.666302128173095
4	interaction_0062	cell_pair_0003	0.0009	0.591679416935737
4	interaction_0062	cell_pair_0008	0.0009	0.587845009254278
4	interaction_0062	cell_pair_0006	0.0009	0.570462931026041
4	interaction_0076	cell_pair_0003	0.0009	0.561692721398309
4	interaction_0076	cell_pair_0008	0.0009	0.557777671394926
4	interaction_0041	cell_pair_0003	0.0009	0.5489297694764
4	interaction_0041	cell_pair_0008	0.0009	0.54399071966485
4	interaction_0076	cell_pair_0006	0.0009	0.541019153133559
4	interaction_0041	cell_pair_0006	0.0009	0.52707033551266
4	interaction_0148	cell_pair_0004	0.0009	0.50182126542091
4	interaction_0062	cell_pair_0001	0.0009	0.460480470040011
4	interaction_0076	cell_pair_0001	0.0009	0.42867840994823
4	interaction_0181	cell_pair_0001	0.0009	0.427606172781899
4	interaction_0017	cell_pair_0005	0.0009	0.422233000683048
4	interaction_0041	cell_pair_0001	0.0009	0.413594082409175
4	interaction_0248	cell_pair_0003	0.0009	0.40381306161659
4	interaction_0088	cell_pair_0005	0.0009	0.396159489073155
4	interaction_0053	cell_pair_0004	0.0009	0.388465097283154
4	interaction_0047	cell_pair_0004	0.0009	0.267835392097615
4	interaction_0173	cell_pair_0008	0.0009	0.26663664251399
4	interaction_0035	cell_pair_0004	0.0009	0.26663664251399
4	interaction_0078	cell_pair_0004	0.0009	0.24000896473507
4	interaction_0018	cell_pair_0008	0.0009	0.225274929869569
4	interaction_0106	cell_pair_0003	0.0009	0.214124805352847
4	interaction_0045	cell_pair_0004	0.0009	0.162210036314307
4	interaction_0270	cell_pair_0003	0.0009	0.147957881387101
4	interaction_0210	cell_pair_0003	0.0009	0.120351940365222
4	interaction_0270	cell_pair_0007	0.0009	0.119024103142275
4	interaction_0173	cell_pair_0004	0.0009	0.0758748669751276
4	interaction_0250	cell_pair_0003	0.0009	0.0717626693000913
4	interaction_0173	cell_pair_0002	0.0009	0.0676387168753633
4	interaction_0268	cell_pair_0005	0.0009	0.063502942306158
4	interaction_0053	cell_pair_0002	0.0009	0.0593552776164212
4	interaction_0189	cell_pair_0005	0.0009	0.0426443374084937
4	interaction_0148	cell_pair_0002	0.0009	0.0426443374084937
4	interaction_0265	cell_pair_0003	0.0009	0.034215715337913
4	interaction_0270	cell_pair_0006	0.0009	-0.0115879742752118
4	interaction_0170	cell_pair_0008	0.0009	-0.0174170530774094
4	interaction_0054	cell_pair_0006	0.0009	-0.0320936297098533
4	interaction_0173	cell_pair_0003	0.0009	-0.0740005814437769
4	interaction_0039	cell_pair_0004	0.0009	-0.0740005814437769
4	interaction_0047	cell_pair_0002	0.0009	-0.0938790470029001
4	interaction_0035	cell_pair_0002	0.0009	-0.0969617298870879
4	interaction_0055	cell_pair_0004	0.0009	-0.103146927103293
4	interaction_0265	cell_pair_0008	0.0009	-0.104697378666693
4	interaction_0148	cell_pair_0001	0.0009	-0.106249498279434
4	interaction_0192	cell_pair_0008	0.0009	-0.107803289534515
4	interaction_0278	cell_pair_0003	0.0009	-0.112474729258412
4	interaction_0189	cell_pair_0007	0.0009	-0.118726938570751
4	interaction_0089	cell_pair_0001	0.0009	-0.128156351490682
4	interaction_0078	cell_pair_0002	0.0009	-0.129733929604017
4	interaction_0086	cell_pair_0004	0.0009	-0.166502663140165
4	interaction_0268	cell_pair_0007	0.0009	-0.184424571137427
4	interaction_0089	cell_pair_0005	0.0009	-0.186064929518683
4	interaction_0249	cell_pair_0005	0.0009	-0.189351252217354
4	interaction_0048	cell_pair_0006	0.0009	-0.195946441032647
4	interaction_0265	cell_pair_0004	0.0009	-0.199255376063222
4	interaction_0036	cell_pair_0006	0.0009	-0.199255376063222
4	interaction_0180	cell_pair_0006	0.0009	-0.215914857265243
4	interaction_0053	cell_pair_0003	0.0009	-0.227692025041597
4	interaction_0045	cell_pair_0002	0.0009	-0.231074664436249
4	interaction_0053	cell_pair_0008	0.0009	-0.234465253637023
4	interaction_0079	cell_pair_0006	0.0009	-0.234465253637023
4	interaction_0089	cell_pair_0002	0.0009	-0.237863830098888
4	interaction_0014	cell_pair_0002	0.0009	-0.24297675349254
4	interaction_0146	cell_pair_0008	0.0009	-0.244685095954902
4	interaction_0106	cell_pair_0004	0.0009	-0.246395463720005
4	interaction_0104	cell_pair_0001	0.0009	-0.251538766995965
4	interaction_0170	cell_pair_0004	0.0009	-0.253257284222264
4	interaction_0053	cell_pair_0006	0.0009	-0.263611599296539
4	interaction_0268	cell_pair_0004	0.0009	-0.265344566520995
4	interaction_0170	cell_pair_0002	0.0009	-0.265344566520995
4	interaction_0249	cell_pair_0008	0.0009	-0.270555993166337
4	interaction_0250	cell_pair_0006	0.0009	-0.275786313242642
4	interaction_0270	cell_pair_0005	0.0009	-0.282789700980404
4	interaction_0221	cell_pair_0008	0.0009	-0.318325858207167
4	interaction_0219	cell_pair_0008	0.0009	-0.318325858207167
4	interaction_0249	cell_pair_0006	0.0009	-0.320125852253377
4	interaction_0249	cell_pair_0007	0.0009	-0.332789087519129
4	interaction_0250	cell_pair_0007	0.0009	-0.332789087519129
4	interaction_0261	cell_pair_0003	0.0009	-0.340075441597622
4	interaction_0046	cell_pair_0006	0.0009	-0.343732465205711
4	interaction_0184	cell_pair_0003	0.0009	-0.347398782403481
4	interaction_0260	cell_pair_0004	0.0009	-0.358453970912476
4	interaction_0172	cell_pair_0002	0.0009	-0.358453970912476
4	interaction_0094	cell_pair_0007	0.0009	-0.360304766600418
4	interaction_0021	cell_pair_0002	0.0009	-0.362157939675895
4	interaction_0261	cell_pair_0007	0.0009	-0.382701517159154
4	interaction_0255	cell_pair_0008	0.0009	-0.386468347082073
4	interaction_0270	cell_pair_0004	0.0009	-0.395928676331139
4	interaction_0265	cell_pair_0002	0.0009	-0.399730246490995
4	interaction_0256	cell_pair_0005	0.0009	-0.403541860441014
4	interaction_0035	cell_pair_0003	0.0009	-0.42081985187285
4	interaction_0259	cell_pair_0005	0.0009	-0.459972730742493
4	interaction_0078	cell_pair_0003	0.0009	-0.461958546666336
4	interaction_0194	cell_pair_0004	0.0009	-0.461958546666336
4	interaction_0280	cell_pair_0008	0.0009	-0.475936324222789
4	interaction_0168	cell_pair_0001	0.0009	-0.481968507397831
4	interaction_0172	cell_pair_0001	0.0009	-0.539519529959989
4	interaction_0039	cell_pair_0002	0.0009	-0.552156355637915
4	interaction_0261	cell_pair_0006	0.0009	-0.569179503480228
4	interaction_0195	cell_pair_0006	0.0009	-0.569179503480228
4	interaction_0192	cell_pair_0007	0.0009	-0.575615328461903
4	interaction_0280	cell_pair_0004	0.0009	-0.582079992188035
4	interaction_0192	cell_pair_0004	0.0009	-0.588573754273535
4	interaction_0045	cell_pair_0003	0.0009	-0.590744853315162
4	interaction_0172	cell_pair_0003	0.0009	-0.590744853315162
4	interaction_0055	cell_pair_0002	0.0009	-0.592919224549499
4	interaction_0196	cell_pair_0007	0.0009	-0.597277823154395
4	interaction_0182	cell_pair_0005	0.0009	-0.599462070416271
4	interaction_0179	cell_pair_0008	0.0009	-0.623709616662948
4	interaction_0256	cell_pair_0007	0.0009	-0.628162382669579
4	interaction_0184	cell_pair_0004	0.0009	-0.63486740654747
4	interaction_0005	cell_pair_0002	0.0009	-0.63486740654747
4	interaction_0018	cell_pair_0004	0.0009	-0.67116353577046
4	interaction_0226	cell_pair_0003	0.0009	-0.673462651860048
4	interaction_0086	cell_pair_0002	0.0009	-0.680382065799839
4	interaction_0225	cell_pair_0006	0.0009	-0.691988685447822
4	interaction_0040	cell_pair_0006	0.0009	-0.694321256757713
4	interaction_0094	cell_pair_0004	0.0009	-0.701341684435485
4	interaction_0278	cell_pair_0004	0.0009	-0.720231578406405
4	interaction_0192	cell_pair_0002	0.0009	-0.720231578406405
4	interaction_0056	cell_pair_0006	0.0009	-0.739372091873301
4	interaction_0020	cell_pair_0008	0.0009	-0.768567591552035
4	interaction_0192	cell_pair_0006	0.0009	-0.803392955905182
4	interaction_0184	cell_pair_0006	0.0009	-0.813499442355505
4	interaction_0259	cell_pair_0007	0.0009	-0.831357964441161
4	interaction_0087	cell_pair_0006	0.0009	-0.83650126771712
4	interaction_0192	cell_pair_0001	0.0009	-0.87038726186953
4	interaction_0106	cell_pair_0001	0.0009	-0.880975896857725
4	interaction_0065	cell_pair_0006	0.0009	-0.894321922105463
4	interaction_0184	cell_pair_0008	0.0009	-0.932361283124637
4	interaction_0106	cell_pair_0008	0.0009	-0.943416471633633
4	interaction_0259	cell_pair_0004	0.0009	-0.960159735468209
4	interaction_0261	cell_pair_0005	0.0009	-0.988504361162171
4	interaction_0179	cell_pair_0004	0.0009	-0.994240730711315
4	interaction_0184	cell_pair_0005	0.0009	-1.00578235259401
4	interaction_0196	cell_pair_0001	0.0009	-1.05889368905357
4	interaction_0262	cell_pair_0005	0.0009	-1.05889368905357
4	interaction_0184	cell_pair_0001	0.0009	-1.13289427049735
4	interaction_0004	cell_pair_0008	0.0009	-1.14241704461585
4	interaction_0197	cell_pair_0006	0.0009	-1.17462139610707
4	interaction_0106	cell_pair_0002	0.0009	-1.17788172527066
4	interaction_0261	cell_pair_0004	0.0009	-1.18114943910457
4	interaction_0179	cell_pair_0007	0.0009	-1.20756106993536
4	interaction_0019	cell_pair_0001	0.0009	-1.21424022557299
4	interaction_0179	cell_pair_0001	0.0009	-1.41119543298445
4	interaction_0262	cell_pair_0007	0.0009	-1.43050890804128
4	interaction_0179	cell_pair_0002	0.0009	-1.56064282152574
4	interaction_0201	cell_pair_0006	0.0009	-1.58640591759082
4	interaction_0277	cell_pair_0004	0.0009	-1.69432125675771
4	interaction_0003	cell_pair_0001	0.0009	-1.75146516386132
4	interaction_0181	cell_pair_0007	0.01	0.725959234509188
4	interaction_0035	cell_pair_0008	0.01	-0.428565884123491
4	interaction_0035	cell_pair_0006	0.01	-0.461958546666336
4	interaction_0053	cell_pair_0001	0.01	-0.467932447710969
4	interaction_0078	cell_pair_0008	0.01	-0.469929257774916
4	interaction_0078	cell_pair_0006	0.01	-0.50635266602479
4	interaction_0172	cell_pair_0006	0.01	-0.590744853315162
4	interaction_0093	cell_pair_0007	0.01	-0.844250767322055
4	interaction_0018	cell_pair_0006	0.01	-1.26188071121742
4	interaction_0062	cell_pair_0009	0.02	0.816394909169121
4	interaction_0183	cell_pair_0006	0.02	0.416839741912829
4	interaction_0106	cell_pair_0009	0.02	-0.575615328461903
4	interaction_0283	cell_pair_0008	0.02	-1.12658049656514
4	interaction_0283	cell_pair_0008	0.02	-1.12658049656514
4	interaction_0283	cell_pair_0001	0.02	-1.18770715512673
4	interaction_0283	cell_pair_0001	0.02	-1.18770715512673
4	interaction_0064	cell_pair_0004	0.03	-0.202571917847687
4	interaction_0270	cell_pair_0009	0.03	-0.560642821525743
4	interaction_0045	cell_pair_0008	0.03	-0.599462070416271
4	interaction_0005	cell_pair_0001	0.03	-0.715485866755755
4	interaction_0182	cell_pair_0007	0.03	-0.859875776090929
4	interaction_0183	cell_pair_0003	0.04	0.410341104614087
4	interaction_0172	cell_pair_0005	0.04	-0.655171503002559
4	interaction_0172	cell_pair_0008	0.04	-0.698997743967186
4	interaction_0104	cell_pair_0009	0.04	-1.02914634565952
4	interaction_0261	cell_pair_0009	0.05	-1.47393118833241
4	interaction_0281	cell_pair_0008	0.05	-1.91593573521153
5	interaction_0231	cell_pair_0004	0.0009	4.49901669699333
5	interaction_0231	cell_pair_0008	0.0009	4.48420259334689
5	interaction_0231	cell_pair_0007	0.0009	4.47897180503294
5	interaction_0224	cell_pair_0004	0.0009	4.47651130394043
5	interaction_0231	cell_pair_0003	0.0009	4.47547404674404
5	interaction_0231	cell_pair_0001	0.0009	4.47235779308157
5	interaction_0231	cell_pair_0002	0.0009	4.46643135437991
5	interaction_0232	cell_pair_0008	0.0009	4.46185593133225
5	interaction_0231	cell_pair_0009	0.0009	4.45969390298324
5	interaction_0231	cell_pair_0006	0.0009	4.45871009071984
5	interaction_0058	cell_pair_0007	0.0009	4.36988520228402
5	interaction_0058	cell_pair_0004	0.0009	4.3007094716501
5	interaction_0058	cell_pair_0006	0.0009	4.28384771008625
5	interaction_0058	cell_pair_0002	0.0009	4.28236566666567
5	interaction_0059	cell_pair_0006	0.0009	4.27805911110695
5	interaction_0058	cell_pair_0008	0.0009	4.26626182890847
5	interaction_0058	cell_pair_0003	0.0009	4.26341005875634
5	interaction_0058	cell_pair_0001	0.0009	4.26228280642066
5	interaction_0051	cell_pair_0007	0.0009	3.81639490916912
5	interaction_0049	cell_pair_0007	0.0009	3.75670308634617
5	interaction_0051	cell_pair_0004	0.0009	3.71369581484336
5	interaction_0051	cell_pair_0006	0.0009	3.68829227783301
5	interaction_0051	cell_pair_0002	0.0009	3.68605224160798
5	interaction_0052	cell_pair_0006	0.0009	3.67953639870121
5	interaction_0051	cell_pair_0008	0.0009	3.66174959981071
5	interaction_0051	cell_pair_0003	0.0009	3.65729700999104
5	interaction_0051	cell_pair_0001	0.0009	3.65558080965278
5	interaction_0049	cell_pair_0004	0.0009	3.6495004987031
5	interaction_0049	cell_pair_0006	0.0009	3.62304744803812
5	interaction_0049	cell_pair_0002	0.0009	3.6207036979639
5	interaction_0050	cell_pair_0006	0.0009	3.61388521131717
5	interaction_0049	cell_pair_0008	0.0009	3.59514556799086
5	interaction_0049	cell_pair_0003	0.0009	3.59048225892091
5	interaction_0049	cell_pair_0001	0.0009	3.58880456701555
5	interaction_0224	cell_pair_0008	0.0009	3.31932890383941
5	interaction_0186	cell_pair_0005	0.0009	3.09203825662039
5	interaction_0186	cell_pair_0004	0.0009	3.07638806851284
5	interaction_0186	cell_pair_0008	0.0009	3.04980499573531
5	interaction_0186	cell_pair_0007	0.0009	2.9994588878948
5	interaction_0188	cell_pair_0005	0.0009	2.99457972421575
5	interaction_0187	cell_pair_0008	0.0009	2.98786654898722
5	interaction_0174	cell_pair_0003	0.0009	2.39725534559443
5	interaction_0162	cell_pair_0005	0.0009	2.33913738491959
5	interaction_0164	cell_pair_0004	0.0009	2.23235376773903
5	interaction_0165	cell_pair_0007	0.0009	2.22032995487956
5	interaction_0167	cell_pair_0007	0.0009	2.22032995487956
5	interaction_0149	cell_pair_0005	0.0009	2.20132019771785
5	interaction_0160	cell_pair_0006	0.0009	2.19219416528334
5	interaction_0194	cell_pair_0008	0.0009	2.17504548611091
5	interaction_0165	cell_pair_0008	0.0009	2.1554254317472
5	interaction_0165	cell_pair_0004	0.0009	2.15477761178082
5	interaction_0167	cell_pair_0004	0.0009	2.15477761178082
5	interaction_0164	cell_pair_0007	0.0009	2.151858816727
5	interaction_0162	cell_pair_0007	0.0009	2.1407786557828
5	interaction_0167	cell_pair_0008	0.0009	2.13126021466086
5	interaction_0161	cell_pair_0008	0.0009	2.1263121303287
5	interaction_0165	cell_pair_0005	0.0009	2.11902410314227
5	interaction_0167	cell_pair_0005	0.0009	2.11902410314227
5	interaction_0164	cell_pair_0003	0.0009	2.11669744320102
5	interaction_0165	cell_pair_0001	0.0009	2.09862167722896
5	interaction_0167	cell_pair_0001	0.0009	2.09862167722896
5	interaction_0194	cell_pair_0007	0.0009	2.06419306192749
5	interaction_0060	cell_pair_0007	0.0009	1.98732086592925
5	interaction_0070	cell_pair_0007	0.0009	1.9271379389685
5	interaction_0074	cell_pair_0007	0.0009	1.9214363308063
5	interaction_0068	cell_pair_0007	0.0009	1.90110824301451
5	interaction_0265	cell_pair_0005	0.0009	1.8261925362366
5	interaction_0041	cell_pair_0007	0.0009	1.64154602908752
5	interaction_0174	cell_pair_0001	0.0009	1.59072177000984
5	interaction_0076	cell_pair_0007	0.0009	1.59024270806259
5	interaction_0060	cell_pair_0004	0.0009	1.58351908385149
5	interaction_0062	cell_pair_0007	0.0009	1.52406367577721
5	interaction_0070	cell_pair_0004	0.0009	1.50283975825593
5	interaction_0074	cell_pair_0004	0.0009	1.49569516262407
5	interaction_0060	cell_pair_0006	0.0009	1.46884394297464
5	interaction_0068	cell_pair_0004	0.0009	1.46832264394787
5	interaction_0060	cell_pair_0002	0.0009	1.45838200415601
5	interaction_0061	cell_pair_0006	0.0009	1.4276061727819
5	interaction_0181	cell_pair_0003	0.0009	1.38460245765075
5	interaction_0070	cell_pair_0006	0.0009	1.38183708390605
5	interaction_0074	cell_pair_0006	0.0009	1.37350901551801
5	interaction_0070	cell_pair_0002	0.0009	1.37072227514817
5	interaction_0074	cell_pair_0002	0.0009	1.36232961017157
5	interaction_0194	cell_pair_0003	0.0009	1.36176835941915
5	interaction_0068	cell_pair_0006	0.0009	1.34369206917902
5	interaction_0060	cell_pair_0008	0.0009	1.34084707705041
5	interaction_0071	cell_pair_0006	0.0009	1.33799646351502
5	interaction_0068	cell_pair_0002	0.0009	1.33227828305693
5	interaction_0075	cell_pair_0006	0.0009	1.32941067121857
5	interaction_0060	cell_pair_0003	0.0009	1.31846146516758
5	interaction_0060	cell_pair_0001	0.0009	1.30975827142464
5	interaction_0069	cell_pair_0006	0.0009	1.29865831556452
5	interaction_0070	cell_pair_0008	0.0009	1.24488705912353
5	interaction_0074	cell_pair_0008	0.0009	1.23633953916837
5	interaction_0070	cell_pair_0003	0.0009	1.22094900446678
5	interaction_0070	cell_pair_0001	0.0009	1.21225804420273
5	interaction_0074	cell_pair_0003	0.0009	1.21225804420273
5	interaction_0068	cell_pair_0008	0.0009	1.20351441113076
5	interaction_0074	cell_pair_0001	0.0009	1.20288783347014
5	interaction_0068	cell_pair_0003	0.0009	1.1788739581698
5	interaction_0068	cell_pair_0001	0.0009	1.16928366111573
5	interaction_0212	cell_pair_0002	0.0009	1.13487805434311
5	interaction_0041	cell_pair_0004	0.0009	1.10567807789454
5	interaction_0053	cell_pair_0007	0.0009	1.09693648250296
5	interaction_0078	cell_pair_0007	0.0009	1.09153059312062
5	interaction_0045	cell_pair_0007	0.0009	1.03632749181776
5	interaction_0043	cell_pair_0007	0.0009	1.03280614508324
5	interaction_0076	cell_pair_0004	0.0009	1.03068920407114
5	interaction_0181	cell_pair_0006	0.0009	0.984042426097024
5	interaction_0035	cell_pair_0007	0.0009	0.944108799107955
5	interaction_0041	cell_pair_0006	0.0009	0.94335876267781
5	interaction_0080	cell_pair_0007	0.0009	0.932817102741851
5	interaction_0062	cell_pair_0004	0.0009	0.932061171343424
5	interaction_0082	cell_pair_0007	0.0009	0.931304843650669
5	interaction_0041	cell_pair_0002	0.0009	0.928275561611935
5	interaction_0047	cell_pair_0007	0.0009	0.899175630480513
5	interaction_0042	cell_pair_0006	0.0009	0.884402552983687
5	interaction_0076	cell_pair_0006	0.0009	0.859174455866435
5	interaction_0076	cell_pair_0002	0.0009	0.843179890257174
5	interaction_0086	cell_pair_0007	0.0009	0.840765337323874
5	interaction_0055	cell_pair_0007	0.0009	0.836732080459136
5	interaction_0064	cell_pair_0007	0.0009	0.832687516439532
5	interaction_0077	cell_pair_0006	0.0009	0.795766947782392
5	interaction_0041	cell_pair_0008	0.0009	0.755314904045098
5	interaction_0062	cell_pair_0006	0.0009	0.747602230274943
5	interaction_0014	cell_pair_0005	0.0009	0.74416109557041
5	interaction_0062	cell_pair_0002	0.0009	0.730313886293776
5	interaction_0041	cell_pair_0003	0.0009	0.72159139877538
5	interaction_0041	cell_pair_0001	0.0009	0.708407983483596
5	interaction_0017	cell_pair_0005	0.0009	0.708407983483596
5	interaction_0181	cell_pair_0001	0.0009	0.681674141792833
5	interaction_0063	cell_pair_0006	0.0009	0.67897330785417
5	interaction_0094	cell_pair_0007	0.0009	0.659924558402378
5	interaction_0076	cell_pair_0008	0.0009	0.65901117119815
5	interaction_0268	cell_pair_0005	0.0009	0.648005179810493
5	interaction_0244	cell_pair_0001	0.0009	0.62854031926276
5	interaction_0076	cell_pair_0003	0.0009	0.622930350920177
5	interaction_0076	cell_pair_0001	0.0009	0.608809242675524
5	interaction_0183	cell_pair_0003	0.0009	0.593592805864596
5	interaction_0088	cell_pair_0005	0.0009	0.549915553621955
5	interaction_0062	cell_pair_0008	0.0009	0.529071299829111
5	interaction_0183	cell_pair_0006	0.0009	0.511973981781801
5	interaction_0248	cell_pair_0003	0.0009	0.495695162624069
5	interaction_0062	cell_pair_0003	0.0009	0.489542935642474
5	interaction_0148	cell_pair_0004	0.0009	0.489542935642474
5	interaction_0062	cell_pair_0001	0.0009	0.475084882948783
5	interaction_0270	cell_pair_0003	0.0009	0.285698125958125
5	interaction_0053	cell_pair_0004	0.0009	0.227741075839128
5	interaction_0078	cell_pair_0004	0.0009	0.217851096811131
5	interaction_0259	cell_pair_0005	0.0009	0.210388864445403
5	interaction_0148	cell_pair_0002	0.0009	0.20163386116965
5	interaction_0250	cell_pair_0003	0.0009	0.172487515510134
5	interaction_0249	cell_pair_0005	0.0009	0.12300395405482
5	interaction_0176	cell_pair_0007	0.0009	0.12300395405482
5	interaction_0045	cell_pair_0004	0.0009	0.113700499164728
5	interaction_0043	cell_pair_0004	0.0009	0.108357178090419
5	interaction_0265	cell_pair_0008	0.0009	0.100304905795685
5	interaction_0018	cell_pair_0008	0.0009	0.0962618530584035
5	interaction_0173	cell_pair_0008	0.0009	0.0894981508391026
5	interaction_0270	cell_pair_0005	0.0009	0.0786098346963665
5	interaction_0173	cell_pair_0004	0.0009	0.00863030514344006
5	interaction_0148	cell_pair_0001	0.0009	-0.00144341686966872
5	interaction_0180	cell_pair_0006	0.0009	-0.0130430374755989
5	interaction_0104	cell_pair_0001	0.0009	-0.0232697793228472
5	interaction_0173	cell_pair_0002	0.0009	-0.0335695326937018
5	interaction_0249	cell_pair_0006	0.0009	-0.0543922968186278
5	interaction_0089	cell_pair_0009	0.0009	-0.0634091701760615
5	interaction_0035	cell_pair_0004	0.0009	-0.0649174766813385
5	interaction_0249	cell_pair_0003	0.0009	-0.0724827538015237
5	interaction_0210	cell_pair_0003	0.0009	-0.0785636691937021
5	interaction_0150	cell_pair_0001	0.0009	-0.0800879113226919
5	interaction_0053	cell_pair_0006	0.0009	-0.0862010350493039
5	interaction_0080	cell_pair_0004	0.0009	-0.0877333719335504
5	interaction_0082	cell_pair_0004	0.0009	-0.0908029370083126
5	interaction_0209	cell_pair_0007	0.0009	-0.0938790470029001
5	interaction_0078	cell_pair_0006	0.0009	-0.0969617298870879
5	interaction_0053	cell_pair_0002	0.0009	-0.117161344232749
5	interaction_0014	cell_pair_0002	0.0009	-0.120294233717712
5	interaction_0078	cell_pair_0002	0.0009	-0.129733929604017
5	interaction_0089	cell_pair_0001	0.0009	-0.13764780046798
5	interaction_0047	cell_pair_0004	0.0009	-0.156820109742826
5	interaction_0265	cell_pair_0004	0.0009	-0.194294815161489
5	interaction_0248	cell_pair_0007	0.0009	-0.200912693925996
5	interaction_0054	cell_pair_0006	0.0009	-0.209227962138
5	interaction_0079	cell_pair_0006	0.0009	-0.222632890549587
5	interaction_0045	cell_pair_0006	0.0009	-0.227692025041597
5	interaction_0250	cell_pair_0006	0.0009	-0.227692025041597
5	interaction_0043	cell_pair_0006	0.0009	-0.236163541109049
5	interaction_0101	cell_pair_0001	0.0009	-0.249822294406943
5	interaction_0265	cell_pair_0003	0.0009	-0.251538766995965
5	interaction_0172	cell_pair_0002	0.0009	-0.251538766995965
5	interaction_0045	cell_pair_0002	0.0009	-0.261880711217424
5	interaction_0088	cell_pair_0007	0.0009	-0.2688167584278
5	interaction_0043	cell_pair_0002	0.0009	-0.270555993166337
5	interaction_0173	cell_pair_0001	0.0009	-0.277533975528909
5	interaction_0098	cell_pair_0001	0.0009	-0.279283757478869
5	interaction_0086	cell_pair_0004	0.0009	-0.281035664240461
5	interaction_0173	cell_pair_0003	0.0009	-0.282789700980404
5	interaction_0055	cell_pair_0004	0.0009	-0.289827251720338
5	interaction_0064	cell_pair_0004	0.0009	-0.298672742587059
5	interaction_0261	cell_pair_0003	0.0009	-0.307572801910292
5	interaction_0106	cell_pair_0003	0.0009	-0.318325858207167
5	interaction_0192	cell_pair_0008	0.0009	-0.329159664118438
5	interaction_0260	cell_pair_0004	0.0009	-0.329159664118438
5	interaction_0265	cell_pair_0001	0.0009	-0.338250400189295
5	interaction_0170	cell_pair_0008	0.0009	-0.362157939675895
5	interaction_0046	cell_pair_0006	0.0009	-0.365871442474959
5	interaction_0127	cell_pair_0006	0.0009	-0.369594528517677
5	interaction_0270	cell_pair_0007	0.0009	-0.37145968073724
5	interaction_0044	cell_pair_0006	0.0009	-0.375197234747053
5	interaction_0270	cell_pair_0006	0.0009	-0.375197234747053
5	interaction_0251	cell_pair_0003	0.0009	-0.382701517159154
5	interaction_0127	cell_pair_0003	0.0009	-0.446148031818874
5	interaction_0035	cell_pair_0006	0.0009	-0.457989644463391
5	interaction_0170	cell_pair_0004	0.0009	-0.471928835421265
5	interaction_0265	cell_pair_0002	0.0009	-0.473931188332412
5	interaction_0080	cell_pair_0006	0.0009	-0.490050853695689
5	interaction_0082	cell_pair_0006	0.0009	-0.492078535042672
5	interaction_0053	cell_pair_0008	0.0009	-0.500217879852688
5	interaction_0035	cell_pair_0002	0.0009	-0.500217879852688
5	interaction_0147	cell_pair_0004	0.0009	-0.504304837375931
5	interaction_0078	cell_pair_0008	0.0009	-0.516635639286651
5	interaction_0172	cell_pair_0001	0.0009	-0.529072742524873
5	interaction_0080	cell_pair_0002	0.0009	-0.531156057025363
5	interaction_0082	cell_pair_0002	0.0009	-0.535331732996556
5	interaction_0053	cell_pair_0003	0.0009	-0.582079992188035
5	interaction_0146	cell_pair_0008	0.0009	-0.584241333477502
5	interaction_0078	cell_pair_0003	0.0009	-0.599462070416271
5	interaction_0103	cell_pair_0003	0.0009	-0.601649629654035
5	interaction_0012	cell_pair_0003	0.0009	-0.608232280044003
5	interaction_0179	cell_pair_0008	0.0009	-0.608232280044003
5	interaction_0127	cell_pair_0007	0.0009	-0.612637459164004
5	interaction_0053	cell_pair_0001	0.0009	-0.614845103115656
5	interaction_0172	cell_pair_0008	0.0009	-0.619270551496451
5	interaction_0036	cell_pair_0006	0.0009	-0.62148837674627
5	interaction_0229	cell_pair_0007	0.0009	-0.628162382669579
5	interaction_0078	cell_pair_0001	0.0009	-0.630393929968162
5	interaction_0261	cell_pair_0005	0.0009	-0.632628934351471
5	interaction_0021	cell_pair_0001	0.0009	-0.639354797539784
5	interaction_0100	cell_pair_0003	0.0009	-0.639354797539784
5	interaction_0106	cell_pair_0004	0.0009	-0.639354797539784
5	interaction_0081	cell_pair_0006	0.0009	-0.65744525452268
5	interaction_0172	cell_pair_0003	0.0009	-0.659722595233746
5	interaction_0192	cell_pair_0004	0.0009	-0.659722595233746
5	interaction_0083	cell_pair_0006	0.0009	-0.659722595233746
5	interaction_0147	cell_pair_0008	0.0009	-0.680382065799839
5	interaction_0045	cell_pair_0008	0.0009	-0.694321256757713
5	interaction_0043	cell_pair_0008	0.0009	-0.706041020971305
5	interaction_0014	cell_pair_0001	0.0009	-0.739372091873301
5	interaction_0086	cell_pair_0006	0.0009	-0.749038426466781
5	interaction_0021	cell_pair_0002	0.0009	-0.758769964484555
5	interaction_0055	cell_pair_0006	0.0009	-0.763660460831626
5	interaction_0131	cell_pair_0004	0.0009	-0.768567591552035
5	interaction_0198	cell_pair_0008	0.0009	-0.77349147019132
5	interaction_0125	cell_pair_0008	0.0009	-0.778432211461591
5	interaction_0045	cell_pair_0003	0.0009	-0.788364746672851
5	interaction_0043	cell_pair_0003	0.0009	-0.800877357986399
5	interaction_0086	cell_pair_0002	0.0009	-0.800877357986399
5	interaction_0226	cell_pair_0003	0.0009	-0.808437349299244
5	interaction_0126	cell_pair_0004	0.0009	-0.810966175609983
5	interaction_0055	cell_pair_0002	0.0009	-0.813499442355505
5	interaction_0255	cell_pair_0008	0.0009	-0.821126041830205
5	interaction_0045	cell_pair_0001	0.0009	-0.823677227359537
5	interaction_0043	cell_pair_0001	0.0009	-0.83650126771712
5	interaction_0196	cell_pair_0007	0.0009	-0.891642821909581
5	interaction_0225	cell_pair_0003	0.0009	-0.894321922105463
5	interaction_0020	cell_pair_0008	0.0009	-0.899695094204314
5	interaction_0184	cell_pair_0005	0.0009	-0.899695094204314
5	interaction_0087	cell_pair_0006	0.0009	-0.951763814347152
5	interaction_0056	cell_pair_0006	0.0009	-0.968604803724466
5	interaction_0065	cell_pair_0006	0.0009	-0.979942347658747
5	interaction_0192	cell_pair_0002	0.0009	-0.979942347658747
5	interaction_0103	cell_pair_0004	0.0009	-1.00288827932483
5	interaction_0184	cell_pair_0003	0.0009	-1.0086822430998
5	interaction_0131	cell_pair_0008	0.0009	-1.02034044828418
5	interaction_0253	cell_pair_0003	0.0009	-1.04692104738749
5	interaction_0100	cell_pair_0004	0.0009	-1.05289494843213
5	interaction_0126	cell_pair_0008	0.0009	-1.07096652135414
5	interaction_0225	cell_pair_0006	0.0009	-1.08314123530025
5	interaction_0195	cell_pair_0003	0.0009	-1.10469737866669
5	interaction_0184	cell_pair_0004	0.0009	-1.12029423371771
5	interaction_0132	cell_pair_0002	0.0009	-1.12029423371771
5	interaction_0106	cell_pair_0001	0.0009	-1.12973392960402
5	interaction_0105	cell_pair_0003	0.0009	-1.12973392960402
5	interaction_0154	cell_pair_0008	0.0009	-1.14241704461585
5	interaction_0002	cell_pair_0001	0.0009	-1.1456053222469
5	interaction_0106	cell_pair_0008	0.0009	-1.15842936260448
5	interaction_0252	cell_pair_0005	0.0009	-1.16488438474178
5	interaction_0229	cell_pair_0005	0.0009	-1.17136841831198
5	interaction_0128	cell_pair_0002	0.0009	-1.17462139610707
5	interaction_0035	cell_pair_0001	0.0009	-1.18770715512673
5	interaction_0154	cell_pair_0003	0.0009	-1.19099722506091
5	interaction_0229	cell_pair_0004	0.0009	-1.19429481516149
5	interaction_0154	cell_pair_0002	0.0009	-1.19429481516149
5	interaction_0260	cell_pair_0003	0.0009	-1.20423305221761
5	interaction_0151	cell_pair_0008	0.0009	-1.23786383009889
5	interaction_0196	cell_pair_0001	0.0009	-1.2827897009804
5	interaction_0154	cell_pair_0001	0.0009	-1.33642766458248
5	interaction_0195	cell_pair_0006	0.0009	-1.35475948735473
5	interaction_0153	cell_pair_0007	0.0009	-1.38458370273713
5	interaction_0258	cell_pair_0004	0.0009	-1.399730246491
5	interaction_0196	cell_pair_0004	0.0009	-1.40736357139342
5	interaction_0125	cell_pair_0004	0.0009	-1.41119543298445
5	interaction_0197	cell_pair_0006	0.0009	-1.46195854666634
5	interaction_0261	cell_pair_0006	0.0009	-1.46992925777492
5	interaction_0179	cell_pair_0004	0.0009	-1.49817873457909
5	interaction_0176	cell_pair_0004	0.0009	-1.52284078881336
5	interaction_0229	cell_pair_0003	0.0009	-1.55215635563791
5	interaction_0201	cell_pair_0006	0.0009	-1.58207999218803
5	interaction_0252	cell_pair_0006	0.0009	-1.64385618977472
5	interaction_0103	cell_pair_0001	0.0009	-1.67116353577046
5	interaction_0102	cell_pair_0003	0.0009	-1.67116353577046
5	interaction_0252	cell_pair_0003	0.0009	-1.69899774396719
5	interaction_0131	cell_pair_0001	0.0009	-1.73216460790238
5	interaction_0258	cell_pair_0008	0.0009	-1.74661576419993
5	interaction_0100	cell_pair_0001	0.0009	-1.75146516386132
5	interaction_0099	cell_pair_0003	0.0009	-1.75146516386132
5	interaction_0229	cell_pair_0008	0.0009	-1.8008773579864
5	interaction_0126	cell_pair_0001	0.0009	-1.8211260418302
5	interaction_0228	cell_pair_0007	0.0009	-1.8416629728329
5	interaction_0128	cell_pair_0001	0.0009	-1.8520421186129
5	interaction_0228	cell_pair_0006	0.0009	-1.89432192210546
5	interaction_0193	cell_pair_0007	0.0009	-2.09541956507868
5	interaction_0125	cell_pair_0002	0.0009	-2.18442457113743
5	interaction_0125	cell_pair_0001	0.0009	-2.23786383009889
5	interaction_0253	cell_pair_0006	0.0009	-2.2446850959549
5	interaction_0183	cell_pair_0007	0.01	0.6535186707536
5	interaction_0268	cell_pair_0007	0.01	-0.123433941248279
5	interaction_0094	cell_pair_0004	0.01	-0.253257284222264
5	interaction_0173	cell_pair_0006	0.01	-0.260151897300673
5	interaction_0168	cell_pair_0001	0.01	-0.436353730515936
5	interaction_0170	cell_pair_0002	0.01	-0.533242384273829
5	interaction_0048	cell_pair_0006	0.01	-0.758769964484555
5	interaction_0260	cell_pair_0007	0.01	-0.886299500835272
5	interaction_0184	cell_pair_0007	0.01	-0.932361283124637
5	interaction_0035	cell_pair_0008	0.01	-1.02326977932285
5	interaction_0018	cell_pair_0004	0.01	-1.22095044716254
5	interaction_0184	cell_pair_0008	0.01	-1.23446525363702
5	interaction_0082	cell_pair_0001	0.01	-1.2446850959549
5	interaction_0261	cell_pair_0007	0.01	-1.46593839757888
5	interaction_0154	cell_pair_0005	0.01	-1.54371951848927
5	interaction_0103	cell_pair_0008	0.01	-1.70839644196944
5	interaction_0175	cell_pair_0007	0.01	-2.06491747668134
5	interaction_0181	cell_pair_0007	0.02	0.7982579326445
5	interaction_0194	cell_pair_0004	0.02	-0.204233052217608
5	interaction_0093	cell_pair_0007	0.02	-0.45205668870965
5	interaction_0259	cell_pair_0007	0.02	-0.977099597889921
5	interaction_0082	cell_pair_0008	0.02	-1.07400058144378
5	interaction_0226	cell_pair_0001	0.02	-1.14241704461585
5	interaction_0019	cell_pair_0001	0.02	-1.46195854666634
5	interaction_0172	cell_pair_0006	0.03	-0.821126041830205
5	interaction_0126	cell_pair_0007	0.03	-1.48196850739783
5	interaction_0154	cell_pair_0006	0.03	-1.56917950348023
5	interaction_0100	cell_pair_0008	0.03	-1.79085860216141
5	interaction_0174	cell_pair_0002	0.05	1.22774107583913
5	interaction_0184	cell_pair_0001	0.05	-1.35475948735473
6	interaction_0058	cell_pair_0007	0.0009	4.60963678113278
6	interaction_0058	cell_pair_0004	0.0009	4.49569516262407
6	interaction_0058	cell_pair_0006	0.0009	4.49409554494063
6	interaction_0059	cell_pair_0006	0.0009	4.49332709801001
6	interaction_0058	cell_pair_0002	0.0009	4.48439596250267
6	interaction_0058	cell_pair_0003	0.0009	4.47339729239044
6	interaction_0058	cell_pair_0001	0.0009	4.46806192378074
6	interaction_0058	cell_pair_0009	0.0009	4.46440688552961
6	interaction_0049	cell_pair_0007	0.0009	4.27709208250431
6	interaction_0231	cell_pair_0004	0.0009	4.27485800105716
6	interaction_0231	cell_pair_0008	0.0009	4.25949847900332
6	interaction_0231	cell_pair_0007	0.0009	4.24815528941557
6	interaction_0224	cell_pair_0004	0.0009	4.24762375619625
6	interaction_0231	cell_pair_0003	0.0009	4.24618003523323
6	interaction_0231	cell_pair_0001	0.0009	4.2404669873986
6	interaction_0231	cell_pair_0002	0.0009	4.23204671335011
6	interaction_0231	cell_pair_0009	0.0009	4.23081784186108
6	interaction_0231	cell_pair_0006	0.0009	4.23066415929999
6	interaction_0049	cell_pair_0004	0.0009	4.13208324796568
6	interaction_0049	cell_pair_0006	0.0009	4.1300247836709
6	interaction_0050	cell_pair_0006	0.0009	4.12903567659389
6	interaction_0049	cell_pair_0002	0.0009	4.11752882398867
6	interaction_0049	cell_pair_0003	0.0009	4.10332977711185
6	interaction_0049	cell_pair_0001	0.0009	4.09643053999702
6	interaction_0049	cell_pair_0009	0.0009	4.09169983413681
6	interaction_0051	cell_pair_0007	0.0009	4.02750795682646
6	interaction_0051	cell_pair_0004	0.0009	3.85339689429754
6	interaction_0051	cell_pair_0006	0.0009	3.85089941238573
6	interaction_0052	cell_pair_0006	0.0009	3.84969908364072
6	interaction_0051	cell_pair_0002	0.0009	3.83572200197435
6	interaction_0051	cell_pair_0003	0.0009	3.81844157576416
6	interaction_0051	cell_pair_0001	0.0009	3.81003172801094
6	interaction_0051	cell_pair_0009	0.0009	3.80426011563474
6	interaction_0186	cell_pair_0005	0.0009	3.13963320511453
6	interaction_0186	cell_pair_0004	0.0009	3.10517519226548
6	interaction_0186	cell_pair_0008	0.0009	3.10467213128256
6	interaction_0186	cell_pair_0007	0.0009	3.08168048865633
6	interaction_0188	cell_pair_0005	0.0009	3.07262034427981
6	interaction_0068	cell_pair_0007	0.0009	2.62784026504398
6	interaction_0174	cell_pair_0003	0.0009	2.605257262939
6	interaction_0074	cell_pair_0007	0.0009	2.49825086752783
6	interaction_0060	cell_pair_0007	0.0009	2.45180455572049
6	interaction_0194	cell_pair_0008	0.0009	2.40217642497948
6	interaction_0224	cell_pair_0008	0.0009	2.31150311546827
6	interaction_0070	cell_pair_0007	0.0009	2.29160355803056
6	interaction_0162	cell_pair_0005	0.0009	2.23603333200583
6	interaction_0076	cell_pair_0007	0.0009	2.23266075679027
6	interaction_0041	cell_pair_0007	0.0009	2.18903382439002
6	interaction_0068	cell_pair_0004	0.0009	2.1133671207598
6	interaction_0068	cell_pair_0006	0.0009	2.10500752476097
6	interaction_0160	cell_pair_0006	0.0009	2.10332977711185
6	interaction_0069	cell_pair_0006	0.0009	2.10097764772482
6	interaction_0164	cell_pair_0004	0.0009	2.07690108755726
6	interaction_0068	cell_pair_0002	0.0009	2.05345893194152
6	interaction_0165	cell_pair_0008	0.0009	2.04997920270779
6	interaction_0062	cell_pair_0007	0.0009	2.04579241851409
6	interaction_0165	cell_pair_0004	0.0009	2.0232553523003
6	interaction_0167	cell_pair_0004	0.0009	2.0232553523003
6	interaction_0161	cell_pair_0008	0.0009	2.01578299724093
6	interaction_0165	cell_pair_0007	0.0009	2.00288250853312
6	interaction_0167	cell_pair_0007	0.0009	2.00288250853312
6	interaction_0165	cell_pair_0003	0.0009	1.99963928114804
6	interaction_0165	cell_pair_0005	0.0009	1.99963928114804
6	interaction_0167	cell_pair_0005	0.0009	1.99963928114804
6	interaction_0164	cell_pair_0007	0.0009	1.99675027884918
6	interaction_0167	cell_pair_0008	0.0009	1.99602712342508
6	interaction_0068	cell_pair_0003	0.0009	1.99349322105842
6	interaction_0162	cell_pair_0007	0.0009	1.9913177569002
6	interaction_0068	cell_pair_0001	0.0009	1.96347412397489
6	interaction_0164	cell_pair_0003	0.0009	1.96051171011902
6	interaction_0165	cell_pair_0001	0.0009	1.94373382963453
6	interaction_0167	cell_pair_0001	0.0009	1.94373382963453
6	interaction_0068	cell_pair_0009	0.0009	1.94260833611166
6	interaction_0165	cell_pair_0009	0.0009	1.93772102576179
6	interaction_0074	cell_pair_0004	0.0009	1.92447999235902
6	interaction_0074	cell_pair_0006	0.0009	1.91494715047958
6	interaction_0075	cell_pair_0006	0.0009	1.91034891538093
6	interaction_0094	cell_pair_0007	0.0009	1.89530262133331
6	interaction_0194	cell_pair_0007	0.0009	1.86987140617771
6	interaction_0074	cell_pair_0002	0.0009	1.85598969730848
6	interaction_0060	cell_pair_0004	0.0009	1.85479359799369
6	interaction_0060	cell_pair_0006	0.0009	1.84478735007906
6	interaction_0061	cell_pair_0006	0.0009	1.83995958748953
6	interaction_0174	cell_pair_0001	0.0009	1.79742808215231
6	interaction_0074	cell_pair_0003	0.0009	1.78659636189081
6	interaction_0043	cell_pair_0007	0.0009	1.78450398292957
6	interaction_0060	cell_pair_0002	0.0009	1.78282789207489
6	interaction_0074	cell_pair_0001	0.0009	1.75189213840431
6	interaction_0074	cell_pair_0009	0.0009	1.72770267283724
6	interaction_0060	cell_pair_0003	0.0009	1.70973175942069
6	interaction_0094	cell_pair_0004	0.0009	1.6915341649192
6	interaction_0078	cell_pair_0007	0.0009	1.68392098080932
6	interaction_0060	cell_pair_0001	0.0009	1.67310409759017
6	interaction_0194	cell_pair_0003	0.0009	1.66857301647589
6	interaction_0194	cell_pair_0004	0.0009	1.65626753479429
6	interaction_0181	cell_pair_0003	0.0009	1.65306001710456
6	interaction_0060	cell_pair_0009	0.0009	1.64754476970897
6	interaction_0093	cell_pair_0005	0.0009	1.64247053731582
6	interaction_0265	cell_pair_0005	0.0009	1.62480276525295
6	interaction_0070	cell_pair_0004	0.0009	1.60502015306241
6	interaction_0045	cell_pair_0007	0.0009	1.59454854955035
6	interaction_0070	cell_pair_0006	0.0009	1.59263642860658
6	interaction_0071	cell_pair_0006	0.0009	1.58736499093646
6	interaction_0053	cell_pair_0007	0.0009	1.56754544764375
6	interaction_0080	cell_pair_0007	0.0009	1.53555533339931
6	interaction_0070	cell_pair_0002	0.0009	1.51853513898218
6	interaction_0076	cell_pair_0004	0.0009	1.5089356618644
6	interaction_0076	cell_pair_0006	0.0009	1.49569516262407
6	interaction_0077	cell_pair_0006	0.0009	1.49005662446431
6	interaction_0041	cell_pair_0004	0.0009	1.43616183931445
6	interaction_0070	cell_pair_0003	0.0009	1.43082049651977
6	interaction_0041	cell_pair_0006	0.0009	1.42277121932047
6	interaction_0042	cell_pair_0006	0.0009	1.41629930547988
6	interaction_0076	cell_pair_0002	0.0009	1.41629930547988
6	interaction_0082	cell_pair_0007	0.0009	1.39944456458946
6	interaction_0070	cell_pair_0001	0.0009	1.38625914113335
6	interaction_0070	cell_pair_0009	0.0009	1.35501626421955
6	interaction_0041	cell_pair_0002	0.0009	1.33913738491959
6	interaction_0076	cell_pair_0003	0.0009	1.32192809488736
6	interaction_0181	cell_pair_0006	0.0009	1.27619886503224
6	interaction_0076	cell_pair_0001	0.0009	1.27381424458704
6	interaction_0076	cell_pair_0009	0.0009	1.24000896473507
6	interaction_0041	cell_pair_0003	0.0009	1.23878685958712
6	interaction_0041	cell_pair_0001	0.0009	1.18776774704602
6	interaction_0062	cell_pair_0004	0.0009	1.18586654531133
6	interaction_0062	cell_pair_0006	0.0009	1.16992500144231
6	interaction_0063	cell_pair_0006	0.0009	1.16221003631431
6	interaction_0212	cell_pair_0002	0.0009	1.1525079483649
6	interaction_0041	cell_pair_0009	0.0009	1.151858816727
6	interaction_0062	cell_pair_0002	0.0009	1.06970216663007
6	interaction_0244	cell_pair_0001	0.0009	0.950095094173686
6	interaction_0062	cell_pair_0003	0.0009	0.948600847493356
6	interaction_0062	cell_pair_0001	0.0009	0.885964756753971
6	interaction_0181	cell_pair_0005	0.0009	0.858378925082071
6	interaction_0062	cell_pair_0009	0.0009	0.841570637395517
6	interaction_0268	cell_pair_0005	0.0009	0.77568270173906
6	interaction_0248	cell_pair_0003	0.0009	0.674460651560259
6	interaction_0043	cell_pair_0004	0.0009	0.669933835668961
6	interaction_0183	cell_pair_0003	0.0009	0.666302128173095
6	interaction_0043	cell_pair_0006	0.0009	0.647084212628954
6	interaction_0044	cell_pair_0006	0.0009	0.635986503745623
6	interaction_0181	cell_pair_0001	0.0009	0.614474282837701
6	interaction_0173	cell_pair_0008	0.0009	0.58111017522555
6	interaction_0259	cell_pair_0005	0.0009	0.550900664647523
6	interaction_0180	cell_pair_0006	0.0009	0.543000877402426
6	interaction_0043	cell_pair_0002	0.0009	0.500802053057158
6	interaction_0250	cell_pair_0003	0.0009	0.460480470040011
6	interaction_0078	cell_pair_0004	0.0009	0.442545456105304
6	interaction_0078	cell_pair_0006	0.0009	0.415758666522498
6	interaction_0249	cell_pair_0005	0.0009	0.414676780426886
6	interaction_0079	cell_pair_0006	0.0009	0.402722176845605
6	interaction_0148	cell_pair_0002	0.0009	0.387362540835996
6	interaction_0014	cell_pair_0005	0.0009	0.357270475679559
6	interaction_0043	cell_pair_0003	0.0009	0.316145742293356
6	interaction_0088	cell_pair_0005	0.0009	0.314986485468515
6	interaction_0078	cell_pair_0002	0.0009	0.242450073677701
6	interaction_0249	cell_pair_0003	0.0009	0.24000896473507
6	interaction_0249	cell_pair_0008	0.0009	0.222804561045261
6	interaction_0045	cell_pair_0004	0.0009	0.221567788538409
6	interaction_0043	cell_pair_0001	0.0009	0.217851096811131
6	interaction_0045	cell_pair_0006	0.0009	0.189033824390017
6	interaction_0148	cell_pair_0004	0.0009	0.185232254230161
6	interaction_0250	cell_pair_0006	0.0009	0.177598929327733
6	interaction_0265	cell_pair_0008	0.0009	0.175045486110914
6	interaction_0046	cell_pair_0006	0.0009	0.175045486110914
6	interaction_0053	cell_pair_0004	0.0009	0.150559676575381
6	interaction_0043	cell_pair_0009	0.0009	0.146655222119465
6	interaction_0014	cell_pair_0002	0.0009	0.141432790929296
6	interaction_0270	cell_pair_0003	0.0009	0.138814468902282
6	interaction_0249	cell_pair_0004	0.0009	0.138814468902282
6	interaction_0250	cell_pair_0004	0.0009	0.138814468902282
6	interaction_0148	cell_pair_0001	0.0009	0.133563525741106
6	interaction_0053	cell_pair_0006	0.0009	0.117695042669755
6	interaction_0270	cell_pair_0005	0.0009	0.112366523072563
6	interaction_0104	cell_pair_0001	0.0009	0.105678077894537
6	interaction_0054	cell_pair_0006	0.0009	0.101650076094435
6	interaction_0248	cell_pair_0006	0.0009	0.0854246562526777
6	interaction_0210	cell_pair_0003	0.0009	0.0772429989324604
6	interaction_0249	cell_pair_0006	0.0009	0.0648828515848544
6	interaction_0080	cell_pair_0004	0.0009	0.063502942306158
6	interaction_0248	cell_pair_0002	0.0009	0.0551956542421246
6	interaction_0270	cell_pair_0006	0.0009	0.0328061450832415
6	interaction_0173	cell_pair_0002	0.0009	0.0328061450832415
6	interaction_0080	cell_pair_0006	0.0009	0.0285691521967709
6	interaction_0078	cell_pair_0003	0.0009	0.0200576523412535
6	interaction_0173	cell_pair_0004	0.0009	0.018634174139051
6	interaction_0240	cell_pair_0003	0.0009	0.0172092900322231
6	interaction_0081	cell_pair_0006	0.0009	0.0114956388378294
6	interaction_0255	cell_pair_0008	0.0009	-0.00288827932482651
6	interaction_0265	cell_pair_0004	0.0009	-0.00433459026389113
6	interaction_0014	cell_pair_0001	0.0009	-0.00868224309980088
6	interaction_0017	cell_pair_0005	0.0009	-0.00868224309980088
6	interaction_0173	cell_pair_0006	0.0009	-0.0115879742752118
6	interaction_0045	cell_pair_0002	0.0009	-0.0159575739029762
6	interaction_0265	cell_pair_0003	0.0009	-0.0247366783215064
6	interaction_0268	cell_pair_0007	0.0009	-0.0335695326937018
6	interaction_0260	cell_pair_0004	0.0009	-0.0394882898809755
6	interaction_0089	cell_pair_0001	0.0009	-0.045431429247006
6	interaction_0172	cell_pair_0002	0.0009	-0.0469210473874926
6	interaction_0053	cell_pair_0002	0.0009	-0.0985055449524251
6	interaction_0078	cell_pair_0001	0.0009	-0.101598140007807
6	interaction_0173	cell_pair_0001	0.0009	-0.150400988848548
6	interaction_0240	cell_pair_0004	0.0009	-0.150400988848548
6	interaction_0080	cell_pair_0002	0.0009	-0.202571917847687
6	interaction_0261	cell_pair_0003	0.0009	-0.227692025041597
6	interaction_0104	cell_pair_0009	0.0009	-0.232768962976124
6	interaction_0261	cell_pair_0005	0.0009	-0.261880711217424
6	interaction_0240	cell_pair_0008	0.0009	-0.265344566520995
6	interaction_0240	cell_pair_0006	0.0009	-0.272297327162762
6	interaction_0265	cell_pair_0001	0.0009	-0.282789700980404
6	interaction_0045	cell_pair_0003	0.0009	-0.286304185156641
6	interaction_0172	cell_pair_0001	0.0009	-0.316528107144772
6	interaction_0018	cell_pair_0008	0.0009	-0.316528107144772
6	interaction_0168	cell_pair_0001	0.0009	-0.32373259173411
6	interaction_0172	cell_pair_0008	0.0009	-0.341902794648628
6	interaction_0014	cell_pair_0008	0.0009	-0.349235440883098
6	interaction_0082	cell_pair_0004	0.0009	-0.351074440546879
6	interaction_0240	cell_pair_0001	0.0009	-0.352915787371046
6	interaction_0261	cell_pair_0006	0.0009	-0.365871442474959
6	interaction_0053	cell_pair_0003	0.0009	-0.386468347082073
6	interaction_0172	cell_pair_0003	0.0009	-0.394031641158542
6	interaction_0082	cell_pair_0006	0.0009	-0.397828209246621
6	interaction_0083	cell_pair_0006	0.0009	-0.42081985187285
6	interaction_0260	cell_pair_0007	0.0009	-0.424687669312563
6	interaction_0172	cell_pair_0005	0.0009	-0.426625473554056
6	interaction_0045	cell_pair_0001	0.0009	-0.438307278601691
6	interaction_0259	cell_pair_0007	0.0009	-0.454031630894707
6	interaction_0020	cell_pair_0008	0.0009	-0.45600928033515
6	interaction_0146	cell_pair_0008	0.0009	-0.481968507397831
6	interaction_0172	cell_pair_0006	0.0009	-0.512513650651464
6	interaction_0080	cell_pair_0003	0.0009	-0.514573172829758
6	interaction_0053	cell_pair_0001	0.0009	-0.550042516371997
6	interaction_0192	cell_pair_0008	0.0009	-0.552156355637915
6	interaction_0106	cell_pair_0003	0.0009	-0.558516520417355
6	interaction_0184	cell_pair_0003	0.0009	-0.577766999316952
6	interaction_0229	cell_pair_0007	0.0009	-0.595096877854869
6	interaction_0241	cell_pair_0005	0.0009	-0.603840510926845
6	interaction_0184	cell_pair_0007	0.0009	-0.612637459164004
6	interaction_0240	cell_pair_0002	0.0009	-0.628162382669579
6	interaction_0260	cell_pair_0003	0.0009	-0.630393929968162
6	interaction_0229	cell_pair_0004	0.0009	-0.659722595233746
6	interaction_0080	cell_pair_0001	0.0009	-0.694321256757713
6	interaction_0226	cell_pair_0003	0.0009	-0.696657605512669
6	interaction_0082	cell_pair_0002	0.0009	-0.717856771218502
6	interaction_0002	cell_pair_0001	0.0009	-0.72499295250013
6	interaction_0184	cell_pair_0005	0.0009	-0.758769964484555
6	interaction_0198	cell_pair_0008	0.0009	-0.800877357986399
6	interaction_0225	cell_pair_0006	0.0009	-0.823677227359537
6	interaction_0228	cell_pair_0006	0.0009	-0.846843211938579
6	interaction_0021	cell_pair_0001	0.0009	-0.849440323424619
6	interaction_0012	cell_pair_0003	0.0009	-0.849440323424619
6	interaction_0184	cell_pair_0004	0.0009	-0.85464861442738
6	interaction_0229	cell_pair_0005	0.0009	-0.86775220170156
6	interaction_0184	cell_pair_0006	0.0009	-0.899695094204314
6	interaction_0201	cell_pair_0006	0.0009	-0.910501849160897
6	interaction_0184	cell_pair_0008	0.0009	-0.926865295369785
6	interaction_0179	cell_pair_0008	0.0009	-0.946193556304206
6	interaction_0179	cell_pair_0007	0.0009	-0.954557029238833
6	interaction_0192	cell_pair_0004	0.0009	-0.971430847803229
6	interaction_0106	cell_pair_0004	0.0009	-1.0439433475876
6	interaction_0228	cell_pair_0007	0.0009	-1.11091590140185
6	interaction_0018	cell_pair_0006	0.0009	-1.11403524324603
6	interaction_0197	cell_pair_0006	0.0009	-1.13923579737117
6	interaction_0195	cell_pair_0006	0.0009	-1.25497785096274
6	interaction_0229	cell_pair_0008	0.0009	-1.2688167584278
6	interaction_0179	cell_pair_0004	0.0009	-1.2688167584278
6	interaction_0196	cell_pair_0007	0.0009	-1.2688167584278
6	interaction_0229	cell_pair_0003	0.0009	-1.59946207041627
6	interaction_0179	cell_pair_0006	0.0009	-1.66200353648498
6	interaction_0179	cell_pair_0001	0.0009	-1.74661576419993
6	interaction_0183	cell_pair_0006	0.01	0.532067552289031
6	interaction_0173	cell_pair_0003	0.01	-0.227692025041597
6	interaction_0240	cell_pair_0005	0.01	-0.713118852211838
6	interaction_0021	cell_pair_0002	0.01	-1.02620507034739
6	interaction_0184	cell_pair_0001	0.01	-1.09850554495243
6	interaction_0019	cell_pair_0001	0.01	-1.49005085369569
6	interaction_0196	cell_pair_0001	0.01	-1.58207999218803
6	interaction_0106	cell_pair_0001	0.01	-1.59509687785487
6	interaction_0181	cell_pair_0007	0.05	0.572404647390332
6	interaction_0078	cell_pair_0009	0.05	-0.190997225060914
6	interaction_0172	cell_pair_0009	0.05	-0.471928835421265
6	interaction_0226	cell_pair_0001	0.05	-1.15842936260448
6	interaction_0192	cell_pair_0006	0.05	-1.19759995988516
7	interaction_0058	cell_pair_0007	0.0009	4.96166962712814
7	interaction_0058	cell_pair_0004	0.0009	4.86586933856528
7	interaction_0058	cell_pair_0006	0.0009	4.84684429395945
7	interaction_0059	cell_pair_0006	0.0009	4.84453630251358
7	interaction_0058	cell_pair_0002	0.0009	4.84292856279266
7	interaction_0058	cell_pair_0003	0.0009	4.8360250997816
7	interaction_0058	cell_pair_0001	0.0009	4.83116787684723
7	interaction_0049	cell_pair_0007	0.0009	4.75012409672543
7	interaction_0049	cell_pair_0004	0.0009	4.63859519900325
7	interaction_0049	cell_pair_0006	0.0009	4.61629887750669
7	interaction_0050	cell_pair_0006	0.0009	4.6135905853352
7	interaction_0049	cell_pair_0002	0.0009	4.61170355292603
7	interaction_0049	cell_pair_0003	0.0009	4.60359667486021
7	interaction_0049	cell_pair_0001	0.0009	4.59788867516543
7	interaction_0051	cell_pair_0007	0.0009	4.52174175803062
7	interaction_0051	cell_pair_0004	0.0009	4.39018615663465
7	interaction_0051	cell_pair_0006	0.0009	4.36366170628258
7	interaction_0052	cell_pair_0006	0.0009	4.3604345131512
7	interaction_0051	cell_pair_0002	0.0009	4.35818524393513
7	interaction_0051	cell_pair_0003	0.0009	4.34851571723545
7	interaction_0051	cell_pair_0001	0.0009	4.34170116392739
7	interaction_0231	cell_pair_0004	0.0009	4.14126928494613
7	interaction_0231	cell_pair_0008	0.0009	4.13717560124804
7	interaction_0231	cell_pair_0003	0.0009	4.12837589493676
7	interaction_0224	cell_pair_0004	0.0009	4.12548579715938
7	interaction_0231	cell_pair_0001	0.0009	4.12300395405482
7	interaction_0231	cell_pair_0007	0.0009	4.11852584893567
7	interaction_0231	cell_pair_0002	0.0009	4.11186596386756
7	interaction_0231	cell_pair_0009	0.0009	4.11103131238874
7	interaction_0231	cell_pair_0006	0.0009	4.10902617649837
7	interaction_0186	cell_pair_0005	0.0009	2.96827511023871
7	interaction_0186	cell_pair_0004	0.0009	2.94934816428856
7	interaction_0186	cell_pair_0008	0.0009	2.93659082982394
7	interaction_0188	cell_pair_0005	0.0009	2.89530262133331
7	interaction_0186	cell_pair_0007	0.0009	2.8791175913577
7	interaction_0060	cell_pair_0007	0.0009	2.79493566280354
7	interaction_0068	cell_pair_0007	0.0009	2.74609774369
7	interaction_0074	cell_pair_0007	0.0009	2.64961545906341
7	interaction_0070	cell_pair_0007	0.0009	2.4974846313192
7	interaction_0162	cell_pair_0005	0.0009	2.48052364638826
7	interaction_0174	cell_pair_0003	0.0009	2.42733798892744
7	interaction_0094	cell_pair_0007	0.0009	2.41792000781197
7	interaction_0062	cell_pair_0007	0.0009	2.391767719956
7	interaction_0076	cell_pair_0007	0.0009	2.39066768555967
7	interaction_0165	cell_pair_0008	0.0009	2.38404980679516
7	interaction_0165	cell_pair_0007	0.0009	2.3790663992809
7	interaction_0167	cell_pair_0007	0.0009	2.36289064266586
7	interaction_0160	cell_pair_0006	0.0009	2.3533232911629
7	interaction_0165	cell_pair_0004	0.0009	2.34823241923927
7	interaction_0167	cell_pair_0004	0.0009	2.34823241923927
7	interaction_0165	cell_pair_0005	0.0009	2.34794906560173
7	interaction_0167	cell_pair_0005	0.0009	2.34794906560173
7	interaction_0164	cell_pair_0004	0.0009	2.33942247434663
7	interaction_0041	cell_pair_0007	0.0009	2.32077347694587
7	interaction_0167	cell_pair_0008	0.0009	2.31730406836191
7	interaction_0060	cell_pair_0004	0.0009	2.30363464507901
7	interaction_0161	cell_pair_0008	0.0009	2.29689785770008
7	interaction_0165	cell_pair_0003	0.0009	2.26393580857533
7	interaction_0165	cell_pair_0001	0.0009	2.25065845449841
7	interaction_0167	cell_pair_0001	0.0009	2.25065845449841
7	interaction_0194	cell_pair_0008	0.0009	2.23878685958712
7	interaction_0068	cell_pair_0004	0.0009	2.23450132056221
7	interaction_0060	cell_pair_0006	0.0009	2.18776774704603
7	interaction_0061	cell_pair_0006	0.0009	2.17280750997543
7	interaction_0060	cell_pair_0002	0.0009	2.16253231824146
7	interaction_0060	cell_pair_0003	0.0009	2.11769504266975
7	interaction_0068	cell_pair_0006	0.0009	2.11270013274936
7	interaction_0069	cell_pair_0006	0.0009	2.09693648250296
7	interaction_0074	cell_pair_0004	0.0009	2.09524931701902
7	interaction_0094	cell_pair_0004	0.0009	2.09491164702547
7	interaction_0068	cell_pair_0002	0.0009	2.08610437124329
7	interaction_0060	cell_pair_0001	0.0009	2.08542465625268
7	interaction_0194	cell_pair_0004	0.0009	2.07073278582443
7	interaction_0093	cell_pair_0007	0.0009	2.06419306192749
7	interaction_0078	cell_pair_0007	0.0009	2.05276365720956
7	interaction_0194	cell_pair_0007	0.0009	2.04753838876336
7	interaction_0068	cell_pair_0003	0.0009	2.03878733050557
7	interaction_0043	cell_pair_0007	0.0009	2.03597574366513
7	interaction_0068	cell_pair_0001	0.0009	2.00468115611791
7	interaction_0074	cell_pair_0006	0.0009	1.96014098031077
7	interaction_0075	cell_pair_0006	0.0009	1.9429835981871
7	interaction_0074	cell_pair_0002	0.0009	1.93054811924785
7	interaction_0074	cell_pair_0003	0.0009	1.877744249949
7	interaction_0070	cell_pair_0004	0.0009	1.86591881455221
7	interaction_0074	cell_pair_0001	0.0009	1.83995958748953
7	interaction_0045	cell_pair_0007	0.0009	1.799087306074
7	interaction_0080	cell_pair_0007	0.0009	1.78031009904338
7	interaction_0181	cell_pair_0003	0.0009	1.76892533556375
7	interaction_0265	cell_pair_0005	0.0009	1.72683121703249
7	interaction_0070	cell_pair_0006	0.0009	1.70619898742978
7	interaction_0062	cell_pair_0004	0.0009	1.69866299988588
7	interaction_0076	cell_pair_0004	0.0009	1.69643902065575
7	interaction_0053	cell_pair_0007	0.0009	1.69465736554709
7	interaction_0071	cell_pair_0006	0.0009	1.68571593599065
7	interaction_0070	cell_pair_0002	0.0009	1.67084033588156
7	interaction_0037	cell_pair_0007	0.0009	1.65122394298988
7	interaction_0035	cell_pair_0007	0.0009	1.61494536693687
7	interaction_0070	cell_pair_0003	0.0009	1.6073895000244
7	interaction_0055	cell_pair_0007	0.0009	1.60359667486021
7	interaction_0041	cell_pair_0004	0.0009	1.58159227883601
7	interaction_0070	cell_pair_0001	0.0009	1.56169272139831
7	interaction_0194	cell_pair_0003	0.0009	1.53704751940466
7	interaction_0062	cell_pair_0006	0.0009	1.51803149260217
7	interaction_0076	cell_pair_0006	0.0009	1.51551061996901
7	interaction_0063	cell_pair_0006	0.0009	1.49415956371284
7	interaction_0077	cell_pair_0006	0.0009	1.49210955265261
7	interaction_0181	cell_pair_0006	0.0009	1.48233202074738
7	interaction_0062	cell_pair_0002	0.0009	1.47767732756531
7	interaction_0076	cell_pair_0002	0.0009	1.4756037446846
7	interaction_0062	cell_pair_0003	0.0009	1.40490312214513
7	interaction_0076	cell_pair_0003	0.0009	1.4027221768456
7	interaction_0041	cell_pair_0006	0.0009	1.38515489688434
7	interaction_0042	cell_pair_0006	0.0009	1.35895882583233
7	interaction_0062	cell_pair_0001	0.0009	1.35219353774503
7	interaction_0076	cell_pair_0001	0.0009	1.34936527759421
7	interaction_0041	cell_pair_0002	0.0009	1.34084707705041
7	interaction_0174	cell_pair_0001	0.0009	1.27917410848905
7	interaction_0041	cell_pair_0003	0.0009	1.2606279081267
7	interaction_0041	cell_pair_0001	0.0009	1.20163386116965
7	interaction_0078	cell_pair_0004	0.0009	1.10232219119669
7	interaction_0212	cell_pair_0002	0.0009	1.07724299893246
7	interaction_0043	cell_pair_0004	0.0009	1.06970216663007
7	interaction_0259	cell_pair_0005	0.0009	0.901494455047575
7	interaction_0181	cell_pair_0005	0.0009	0.869476633965402
7	interaction_0078	cell_pair_0006	0.0009	0.819668183496456
7	interaction_0268	cell_pair_0005	0.0009	0.789937868980195
7	interaction_0079	cell_pair_0006	0.0009	0.780730036476377
7	interaction_0043	cell_pair_0006	0.0009	0.779890039340047
7	interaction_0078	cell_pair_0002	0.0009	0.753604536279995
7	interaction_0044	cell_pair_0006	0.0009	0.740711733399101
7	interaction_0043	cell_pair_0002	0.0009	0.712815854437372
7	interaction_0078	cell_pair_0003	0.0009	0.631337144127481
7	interaction_0032	cell_pair_0005	0.0009	0.589763486984977
7	interaction_0043	cell_pair_0003	0.0009	0.586884812852185
7	interaction_0045	cell_pair_0004	0.0009	0.563646269484064
7	interaction_0078	cell_pair_0001	0.0009	0.540027269257507
7	interaction_0080	cell_pair_0004	0.0009	0.519038609600059
7	interaction_0043	cell_pair_0001	0.0009	0.491596594410448
7	interaction_0180	cell_pair_0006	0.0009	0.481298941547565
7	interaction_0181	cell_pair_0001	0.0009	0.480265122054463
7	interaction_0148	cell_pair_0004	0.0009	0.471967787661516
7	interaction_0014	cell_pair_0002	0.0009	0.468843942974637
7	interaction_0173	cell_pair_0008	0.0009	0.447843644362086
7	interaction_0260	cell_pair_0004	0.0009	0.430820496519772
7	interaction_0261	cell_pair_0005	0.0009	0.391767719955997
7	interaction_0248	cell_pair_0003	0.0009	0.368489000645104
7	interaction_0088	cell_pair_0005	0.0009	0.364012053558615
7	interaction_0148	cell_pair_0002	0.0009	0.360645202460216
7	interaction_0261	cell_pair_0003	0.0009	0.347098670622268
7	interaction_0104	cell_pair_0001	0.0009	0.341416524478722
7	interaction_0014	cell_pair_0001	0.0009	0.309176187478515
7	interaction_0053	cell_pair_0004	0.0009	0.303342394487331
7	interaction_0250	cell_pair_0003	0.0009	0.276198865032242
7	interaction_0148	cell_pair_0007	0.0009	0.237563718317676
7	interaction_0270	cell_pair_0005	0.0009	0.230203013366421
7	interaction_0265	cell_pair_0008	0.0009	0.227741075839128
7	interaction_0240	cell_pair_0003	0.0009	0.211635253327149
7	interaction_0148	cell_pair_0001	0.0009	0.206643223983395
7	interaction_0261	cell_pair_0006	0.0009	0.196607044094818
7	interaction_0037	cell_pair_0004	0.0009	0.187767747046025
7	interaction_0270	cell_pair_0003	0.0009	0.180147861158429
7	interaction_0170	cell_pair_0008	0.0009	0.15704371014558
7	interaction_0045	cell_pair_0006	0.0009	0.13224779829844
7	interaction_0265	cell_pair_0004	0.0009	0.12300395405482
7	interaction_0014	cell_pair_0005	0.0009	0.111031312388744
7	interaction_0002	cell_pair_0001	0.0009	0.104336659814736
7	interaction_0035	cell_pair_0004	0.0009	0.0854246562526777
7	interaction_0080	cell_pair_0006	0.0009	0.0717626693000913
7	interaction_0265	cell_pair_0003	0.0009	0.0690146779151805
7	interaction_0046	cell_pair_0006	0.0009	0.0690146779151805
7	interaction_0055	cell_pair_0004	0.0009	0.0524158941511385
7	interaction_0045	cell_pair_0002	0.0009	0.0243196791954129
7	interaction_0255	cell_pair_0008	0.0009	0.0143552929770701
7	interaction_0270	cell_pair_0006	0.0009	0.00863030514344006
7	interaction_0081	cell_pair_0006	0.0009	0.00575926928868495
7	interaction_0080	cell_pair_0002	0.0009	-0.0409717810563062
7	interaction_0249	cell_pair_0008	0.0009	-0.0573916638883367
7	interaction_0249	cell_pair_0005	0.0009	-0.0649174766813385
7	interaction_0173	cell_pair_0004	0.0009	-0.0664273617389761
7	interaction_0250	cell_pair_0008	0.0009	-0.0740005814437769
7	interaction_0089	cell_pair_0001	0.0009	-0.077041035763828
7	interaction_0240	cell_pair_0004	0.0009	-0.0954195650786824
7	interaction_0250	cell_pair_0006	0.0009	-0.136061549576028
7	interaction_0249	cell_pair_0003	0.0009	-0.13764780046798
7	interaction_0168	cell_pair_0001	0.0009	-0.168122758808327
7	interaction_0249	cell_pair_0004	0.0009	-0.171368418311981
7	interaction_0240	cell_pair_0008	0.0009	-0.177881725270655
7	interaction_0045	cell_pair_0003	0.0009	-0.184424571137427
7	interaction_0248	cell_pair_0006	0.0009	-0.187707155126729
7	interaction_0014	cell_pair_0008	0.0009	-0.202571917847687
7	interaction_0249	cell_pair_0006	0.0009	-0.205896101440252
7	interaction_0240	cell_pair_0007	0.0009	-0.22431729826094
7	interaction_0053	cell_pair_0006	0.0009	-0.231074664436249
7	interaction_0089	cell_pair_0009	0.0009	-0.232768962976124
7	interaction_0080	cell_pair_0003	0.0009	-0.260151897300673
7	interaction_0240	cell_pair_0001	0.0009	-0.284545872884282
7	interaction_0054	cell_pair_0006	0.0009	-0.31114825613412
7	interaction_0240	cell_pair_0006	0.0009	-0.312939311660108
7	interaction_0045	cell_pair_0001	0.0009	-0.349235440883098
7	interaction_0053	cell_pair_0002	0.0009	-0.369594528517677
7	interaction_0172	cell_pair_0002	0.0009	-0.369594528517677
7	interaction_0179	cell_pair_0008	0.0009	-0.375197234747053
7	interaction_0080	cell_pair_0001	0.0009	-0.434402824145775
7	interaction_0229	cell_pair_0004	0.0009	-0.450084446378045
7	interaction_0217	cell_pair_0005	0.0009	-0.465938397578882
7	interaction_0240	cell_pair_0005	0.0009	-0.481968507397831
7	interaction_0038	cell_pair_0006	0.0009	-0.492078535042672
7	interaction_0241	cell_pair_0005	0.0009	-0.518701058452435
7	interaction_0221	cell_pair_0006	0.0009	-0.522840788813359
7	interaction_0219	cell_pair_0006	0.0009	-0.522840788813359
7	interaction_0229	cell_pair_0007	0.0009	-0.547931769776189
7	interaction_0037	cell_pair_0002	0.0009	-0.558516520417355
7	interaction_0018	cell_pair_0008	0.0009	-0.560642821525743
7	interaction_0240	cell_pair_0002	0.0009	-0.569179503480228
7	interaction_0036	cell_pair_0006	0.0009	-0.662003536484984
7	interaction_0172	cell_pair_0001	0.0009	-0.675765437729469
7	interaction_0145	cell_pair_0009	0.0009	-0.678071905112638
7	interaction_0198	cell_pair_0008	0.0009	-0.687334826441606
7	interaction_0012	cell_pair_0003	0.0009	-0.694321256757713
7	interaction_0056	cell_pair_0006	0.0009	-0.717856771218502
7	interaction_0035	cell_pair_0002	0.0009	-0.736965594166206
7	interaction_0184	cell_pair_0005	0.0009	-0.77349147019132
7	interaction_0055	cell_pair_0002	0.0009	-0.795859283219775
7	interaction_0106	cell_pair_0003	0.0009	-0.818579359719858
7	interaction_0201	cell_pair_0006	0.0009	-0.828793172581858
7	interaction_0179	cell_pair_0007	0.0009	-0.852042118612899
7	interaction_0053	cell_pair_0001	0.0009	-0.886299500835272
7	interaction_0179	cell_pair_0004	0.0009	-0.905088352974533
7	interaction_0192	cell_pair_0008	0.0009	-0.915935735211525
7	interaction_0020	cell_pair_0008	0.0009	-0.924125133024872
7	interaction_0021	cell_pair_0001	0.0009	-0.943416471633633
7	interaction_0226	cell_pair_0003	0.0009	-0.962969269055033
7	interaction_0021	cell_pair_0002	0.0009	-0.965784284662087
7	interaction_0229	cell_pair_0005	0.0009	-0.974262438586392
7	interaction_0192	cell_pair_0004	0.0009	-0.979942347658747
7	interaction_0106	cell_pair_0004	0.0009	-1.00288827932483
7	interaction_0197	cell_pair_0006	0.0009	-1.02326977932285
7	interaction_0192	cell_pair_0006	0.0009	-1.04692104738749
7	interaction_0020	cell_pair_0003	0.0009	-1.06190243892591
7	interaction_0229	cell_pair_0008	0.0009	-1.07400058144378
7	interaction_0225	cell_pair_0006	0.0009	-1.12343394124828
7	interaction_0195	cell_pair_0006	0.0009	-1.33642766458248
7	interaction_0179	cell_pair_0006	0.0009	-1.35845397091248
7	interaction_0179	cell_pair_0001	0.0009	-1.45008444637804
7	interaction_0106	cell_pair_0001	0.0009	-1.53115605702536
7	interaction_0229	cell_pair_0003	0.0009	-1.63935479753978
7	interaction_0181	cell_pair_0007	0.01	0.718087583960517
7	interaction_0037	cell_pair_0006	0.01	-0.401634794676355
7	interaction_0035	cell_pair_0006	0.01	-0.558516520417355
7	interaction_0019	cell_pair_0001	0.01	-1.46992925777492
7	interaction_0224	cell_pair_0008	0.02	2.19786539135374
7	interaction_0183	cell_pair_0003	0.02	0.608809242675524
7	interaction_0173	cell_pair_0002	0.02	-0.286304185156641
7	interaction_0014	cell_pair_0003	0.02	-0.316528107144772
7	interaction_0053	cell_pair_0003	0.02	-0.650634722405787
7	interaction_0183	cell_pair_0004	0.03	0.541019153133559
7	interaction_0173	cell_pair_0003	0.03	-0.302226180444814
7	interaction_0184	cell_pair_0003	0.03	-1.19429481516149
7	interaction_0173	cell_pair_0006	0.04	-0.220950447162541
7	interaction_0168	cell_pair_0009	0.04	-0.332789087519129
7	interaction_0055	cell_pair_0006	0.04	-0.610433188237274
7	interaction_0172	cell_pair_0008	0.04	-0.739372091873301
7	interaction_0184	cell_pair_0007	0.04	-1.10780328953451
7	interaction_0192	cell_pair_0007	0.05	-1.16165326347877
7	interaction_0018	cell_pair_0006	0.05	-1.34739878240348
8	interaction_0058	cell_pair_0007	0.0009	4.97773784924282
8	interaction_0058	cell_pair_0004	0.0009	4.86041659518248
8	interaction_0058	cell_pair_0006	0.0009	4.85059942381264
8	interaction_0058	cell_pair_0002	0.0009	4.83885094616565
8	interaction_0059	cell_pair_0006	0.0009	4.83481232629577
8	interaction_0058	cell_pair_0003	0.0009	4.83369972095793
8	interaction_0058	cell_pair_0001	0.0009	4.83263688756687
8	interaction_0058	cell_pair_0009	0.0009	4.83091444788652
8	interaction_0049	cell_pair_0007	0.0009	4.80802458930872
8	interaction_0049	cell_pair_0004	0.0009	4.67536431274915
8	interaction_0049	cell_pair_0006	0.0009	4.66419836929191
8	interaction_0049	cell_pair_0002	0.0009	4.6507645591169
8	interaction_0050	cell_pair_0006	0.0009	4.6462202716241
8	interaction_0049	cell_pair_0003	0.0009	4.64495222156645
8	interaction_0049	cell_pair_0001	0.0009	4.64374076955458
8	interaction_0049	cell_pair_0009	0.0009	4.6417194195139
8	interaction_0051	cell_pair_0007	0.0009	4.60240936918799
8	interaction_0051	cell_pair_0004	0.0009	4.44830631142761
8	interaction_0051	cell_pair_0006	0.0009	4.43516184271179
8	interaction_0051	cell_pair_0002	0.0009	4.41947147428249
8	interaction_0052	cell_pair_0006	0.0009	4.4140678627745
8	interaction_0051	cell_pair_0003	0.0009	4.41264605465516
8	interaction_0051	cell_pair_0001	0.0009	4.41115503695776
8	interaction_0051	cell_pair_0009	0.0009	4.40884770162469
8	interaction_0231	cell_pair_0004	0.0009	3.67185946824748
8	interaction_0231	cell_pair_0007	0.0009	3.66049513188851
8	interaction_0224	cell_pair_0004	0.0009	3.65477921695952
8	interaction_0231	cell_pair_0008	0.0009	3.65409178284189
8	interaction_0231	cell_pair_0003	0.0009	3.6495004987031
8	interaction_0231	cell_pair_0001	0.0009	3.64789009105921
8	interaction_0231	cell_pair_0009	0.0009	3.63795795340694
8	interaction_0231	cell_pair_0002	0.0009	3.63540615254069
8	interaction_0231	cell_pair_0006	0.0009	3.63529005427958
8	interaction_0068	cell_pair_0007	0.0009	2.96550726061908
8	interaction_0074	cell_pair_0007	0.0009	2.88225175696972
8	interaction_0060	cell_pair_0007	0.0009	2.85199883711245
8	interaction_0186	cell_pair_0005	0.0009	2.67265162932838
8	interaction_0094	cell_pair_0007	0.0009	2.66174959981071
8	interaction_0186	cell_pair_0008	0.0009	2.64270157183323
8	interaction_0070	cell_pair_0007	0.0009	2.62527048937469
8	interaction_0041	cell_pair_0007	0.0009	2.6177686458044
8	interaction_0186	cell_pair_0004	0.0009	2.61612240464668
8	interaction_0186	cell_pair_0007	0.0009	2.58062791045726
8	interaction_0076	cell_pair_0007	0.0009	2.57410150808939
8	interaction_0188	cell_pair_0005	0.0009	2.49159659441045
8	interaction_0186	cell_pair_0009	0.0009	2.46962553850123
8	interaction_0062	cell_pair_0007	0.0009	2.46806192378074
8	interaction_0165	cell_pair_0008	0.0009	2.4340276746636
8	interaction_0068	cell_pair_0004	0.0009	2.41980852893928
8	interaction_0043	cell_pair_0007	0.0009	2.41359408240918
8	interaction_0162	cell_pair_0005	0.0009	2.39698145949187
8	interaction_0068	cell_pair_0006	0.0009	2.36541259249094
8	interaction_0165	cell_pair_0004	0.0009	2.34113182886045
8	interaction_0167	cell_pair_0004	0.0009	2.34113182886045
8	interaction_0164	cell_pair_0004	0.0009	2.32998464975842
8	interaction_0161	cell_pair_0008	0.0009	2.29865831556452
8	interaction_0068	cell_pair_0002	0.0009	2.29836505506124
8	interaction_0074	cell_pair_0004	0.0009	2.29660423908893
8	interaction_0094	cell_pair_0004	0.0009	2.2910141014173
8	interaction_0165	cell_pair_0007	0.0009	2.28332916805164
8	interaction_0167	cell_pair_0007	0.0009	2.28332916805164
8	interaction_0165	cell_pair_0005	0.0009	2.28184659157661
8	interaction_0167	cell_pair_0005	0.0009	2.28184659157661
8	interaction_0167	cell_pair_0008	0.0009	2.27619886503224
8	interaction_0194	cell_pair_0004	0.0009	2.27500704749987
8	interaction_0069	cell_pair_0006	0.0009	2.27470893921471
8	interaction_0160	cell_pair_0006	0.0009	2.27351588970212
8	interaction_0068	cell_pair_0003	0.0009	2.26843439357638
8	interaction_0165	cell_pair_0003	0.0009	2.26663664251399
8	interaction_0078	cell_pair_0007	0.0009	2.2654368960491
8	interaction_0164	cell_pair_0003	0.0009	2.26453643099903
8	interaction_0068	cell_pair_0001	0.0009	2.26183165875214
8	interaction_0068	cell_pair_0009	0.0009	2.25156762060825
8	interaction_0060	cell_pair_0004	0.0009	2.25065845449841
8	interaction_0165	cell_pair_0009	0.0009	2.24092486469656
8	interaction_0167	cell_pair_0009	0.0009	2.23970353548848
8	interaction_0165	cell_pair_0001	0.0009	2.23939804156656
8	interaction_0167	cell_pair_0001	0.0009	2.23939804156656
8	interaction_0074	cell_pair_0006	0.0009	2.23725777090037
8	interaction_0174	cell_pair_0003	0.0009	2.22589186169034
8	interaction_0161	cell_pair_0009	0.0009	2.21692042585688
8	interaction_0060	cell_pair_0006	0.0009	2.18935017019567
8	interaction_0074	cell_pair_0002	0.0009	2.16382072649042
8	interaction_0075	cell_pair_0006	0.0009	2.13783137173246
8	interaction_0074	cell_pair_0003	0.0009	2.13093086982645
8	interaction_0074	cell_pair_0001	0.0009	2.12366619645382
8	interaction_0060	cell_pair_0002	0.0009	2.1133671207598
8	interaction_0074	cell_pair_0009	0.0009	2.11236652307256
8	interaction_0061	cell_pair_0006	0.0009	2.08678376614207
8	interaction_0060	cell_pair_0003	0.0009	2.07929276727285
8	interaction_0060	cell_pair_0001	0.0009	2.07176266930009
8	interaction_0265	cell_pair_0005	0.0009	1.93508252331866
8	interaction_0045	cell_pair_0007	0.0009	1.89878879711155
8	interaction_0070	cell_pair_0004	0.0009	1.89141918684608
8	interaction_0041	cell_pair_0004	0.0009	1.87852917654121
8	interaction_0080	cell_pair_0007	0.0009	1.87538690458646
8	interaction_0181	cell_pair_0003	0.0009	1.85559110771045
8	interaction_0053	cell_pair_0007	0.0009	1.83875011833314
8	interaction_0037	cell_pair_0007	0.0009	1.82700600963898
8	interaction_0035	cell_pair_0007	0.0009	1.82415684372883
8	interaction_0070	cell_pair_0006	0.0009	1.81229284487327
8	interaction_0272	cell_pair_0006	0.0009	1.80859098813998
8	interaction_0076	cell_pair_0004	0.0009	1.80529245560071
8	interaction_0041	cell_pair_0006	0.0009	1.7986726789578
8	interaction_0055	cell_pair_0007	0.0009	1.77904955283746
8	interaction_0047	cell_pair_0007	0.0009	1.76468585252213
8	interaction_0076	cell_pair_0006	0.0009	1.7211538870083
8	interaction_0070	cell_pair_0002	0.0009	1.71281585443737
8	interaction_0041	cell_pair_0002	0.0009	1.69821847822441
8	interaction_0071	cell_pair_0006	0.0009	1.67716993881825
8	interaction_0070	cell_pair_0003	0.0009	1.66766509005141
8	interaction_0042	cell_pair_0006	0.0009	1.66266125547509
8	interaction_0070	cell_pair_0001	0.0009	1.65764000520782
8	interaction_0041	cell_pair_0003	0.0009	1.65260121759652
8	interaction_0041	cell_pair_0001	0.0009	1.64247053731582
8	interaction_0070	cell_pair_0009	0.0009	1.64200835725712
8	interaction_0041	cell_pair_0009	0.0009	1.62667275260599
8	interaction_0062	cell_pair_0004	0.0009	1.61964776693088
8	interaction_0076	cell_pair_0002	0.0009	1.61494536693687
8	interaction_0077	cell_pair_0006	0.0009	1.57676397767313
8	interaction_0076	cell_pair_0003	0.0009	1.56657164062676
8	interaction_0076	cell_pair_0001	0.0009	1.55581615506164
8	interaction_0076	cell_pair_0009	0.0009	1.53903470297075
8	interaction_0062	cell_pair_0006	0.0009	1.52356195605701
8	interaction_0043	cell_pair_0004	0.0009	1.52004502403982
8	interaction_0181	cell_pair_0006	0.0009	1.49774008860909
8	interaction_0043	cell_pair_0006	0.0009	1.41683974191283
8	interaction_0062	cell_pair_0002	0.0009	1.40108430150501
8	interaction_0063	cell_pair_0006	0.0009	1.35670725293538
8	interaction_0062	cell_pair_0003	0.0009	1.34482849699744
8	interaction_0062	cell_pair_0001	0.0009	1.33227828305693
8	interaction_0043	cell_pair_0002	0.0009	1.28451413324425
8	interaction_0271	cell_pair_0006	0.0009	1.25640685379424
8	interaction_0044	cell_pair_0006	0.0009	1.23633953916837
8	interaction_0078	cell_pair_0004	0.0009	1.23081784186108
8	interaction_0043	cell_pair_0003	0.0009	1.22342254993494
8	interaction_0043	cell_pair_0001	0.0009	1.2097652659741
8	interaction_0078	cell_pair_0006	0.0009	1.10433665981474
8	interaction_0212	cell_pair_0002	0.0009	1.09220743809709
8	interaction_0271	cell_pair_0003	0.0009	0.997111720675174
8	interaction_0078	cell_pair_0002	0.0009	0.938097561074093
8	interaction_0181	cell_pair_0005	0.0009	0.878136766626948
8	interaction_0079	cell_pair_0006	0.0009	0.876566058751721
8	interaction_0078	cell_pair_0003	0.0009	0.859174455866435
8	interaction_0078	cell_pair_0001	0.0009	0.842375488206288
8	interaction_0181	cell_pair_0001	0.0009	0.74416109557041
8	interaction_0014	cell_pair_0001	0.0009	0.682573297347578
8	interaction_0014	cell_pair_0005	0.0009	0.61635769699669
8	interaction_0255	cell_pair_0008	0.0009	0.610700062134764
8	interaction_0268	cell_pair_0005	0.0009	0.598365205323645
8	interaction_0181	cell_pair_0004	0.0009	0.566571640626761
8	interaction_0180	cell_pair_0006	0.0009	0.553851968181126
8	interaction_0170	cell_pair_0008	0.0009	0.54794331129035
8	interaction_0014	cell_pair_0002	0.0009	0.54794331129035
8	interaction_0173	cell_pair_0008	0.0009	0.521050736900963
8	interaction_0265	cell_pair_0008	0.0009	0.473007567916174
8	interaction_0088	cell_pair_0005	0.0009	0.404903122145131
8	interaction_0148	cell_pair_0002	0.0009	0.380729448503549
8	interaction_0045	cell_pair_0004	0.0009	0.343692069179019
8	interaction_0270	cell_pair_0005	0.0009	0.341416524478722
8	interaction_0255	cell_pair_0009	0.0009	0.32883646422954
8	interaction_0272	cell_pair_0003	0.0009	0.32077347694587
8	interaction_0259	cell_pair_0005	0.0009	0.304511041809953
8	interaction_0080	cell_pair_0004	0.0009	0.272620454662992
8	interaction_0104	cell_pair_0001	0.0009	0.253384235800074
8	interaction_0265	cell_pair_0004	0.0009	0.237563718317676
8	interaction_0148	cell_pair_0001	0.0009	0.228972569760161
8	interaction_0244	cell_pair_0001	0.0009	0.225274929869569
8	interaction_0270	cell_pair_0006	0.0009	0.212880566344385
8	interaction_0270	cell_pair_0003	0.0009	0.196607044094818
8	interaction_0250	cell_pair_0003	0.0009	0.191562650700756
8	interaction_0014	cell_pair_0008	0.0009	0.185232254230161
8	interaction_0053	cell_pair_0004	0.0009	0.159629185821228
8	interaction_0148	cell_pair_0004	0.0009	0.12565110166152
8	interaction_0037	cell_pair_0004	0.0009	0.120351940365222
8	interaction_0229	cell_pair_0007	0.0009	0.11503324294624
8	interaction_0035	cell_pair_0004	0.0009	0.112366523072563
8	interaction_0045	cell_pair_0006	0.0009	0.0989584800881688
8	interaction_0248	cell_pair_0003	0.0009	0.094911647025467
8	interaction_0014	cell_pair_0003	0.0009	0.0881415968690176
8	interaction_0249	cell_pair_0005	0.0009	0.0621217119077975
8	interaction_0240	cell_pair_0003	0.0009	0.037030730944967
8	interaction_0014	cell_pair_0006	0.0009	0.037030730944967
8	interaction_0229	cell_pair_0004	0.0009	0.0257375614136083
8	interaction_0240	cell_pair_0007	0.0009	0.0143552929770701
8	interaction_0080	cell_pair_0006	0.0009	0.0143552929770701
8	interaction_0260	cell_pair_0004	0.0009	-0.00723156923107586
8	interaction_0261	cell_pair_0005	0.0009	-0.0174170530774094
8	interaction_0249	cell_pair_0008	0.0009	-0.0380063225797449
8	interaction_0055	cell_pair_0004	0.0009	-0.0424567992428948
8	interaction_0148	cell_pair_0007	0.0009	-0.0862010350493039
8	interaction_0089	cell_pair_0001	0.0009	-0.0877333719335504
8	interaction_0249	cell_pair_0004	0.0009	-0.0877333719335504
8	interaction_0053	cell_pair_0006	0.0009	-0.121863233373052
8	interaction_0170	cell_pair_0007	0.0009	-0.142417044615852
8	interaction_0131	cell_pair_0008	0.0009	-0.147202107181229
8	interaction_0240	cell_pair_0004	0.0009	-0.164884384741782
8	interaction_0037	cell_pair_0006	0.0009	-0.169744675832317
8	interaction_0170	cell_pair_0004	0.0009	-0.176250639691727
8	interaction_0035	cell_pair_0006	0.0009	-0.179514657013621
8	interaction_0261	cell_pair_0006	0.0009	-0.184424571137427
8	interaction_0173	cell_pair_0007	0.0009	-0.187707155126729
8	interaction_0240	cell_pair_0008	0.0009	-0.192645077942396
8	interaction_0261	cell_pair_0003	0.0009	-0.207561069935362
8	interaction_0173	cell_pair_0004	0.0009	-0.222632890549587
8	interaction_0250	cell_pair_0004	0.0009	-0.226003674888827
8	interaction_0148	cell_pair_0008	0.0009	-0.253257284222264
8	interaction_0045	cell_pair_0002	0.0009	-0.256700472111743
8	interaction_0248	cell_pair_0004	0.0009	-0.272297327162762
8	interaction_0240	cell_pair_0006	0.0009	-0.312939311660108
8	interaction_0250	cell_pair_0006	0.0009	-0.332789087519129
8	interaction_0248	cell_pair_0002	0.0009	-0.334607228958109
8	interaction_0229	cell_pair_0008	0.0009	-0.358453970912476
8	interaction_0080	cell_pair_0002	0.0009	-0.365871442474959
8	interaction_0055	cell_pair_0006	0.0009	-0.369594528517677
8	interaction_0260	cell_pair_0003	0.0009	-0.37145968073724
8	interaction_0002	cell_pair_0001	0.0009	-0.401634794676355
8	interaction_0046	cell_pair_0006	0.0009	-0.401634794676355
8	interaction_0045	cell_pair_0001	0.0009	-0.486004020632987
8	interaction_0240	cell_pair_0001	0.0009	-0.494109070270043
8	interaction_0081	cell_pair_0006	0.0009	-0.522840788813359
8	interaction_0198	cell_pair_0008	0.0009	-0.524915117051217
8	interaction_0053	cell_pair_0002	0.0009	-0.545824106814198
8	interaction_0172	cell_pair_0002	0.0009	-0.569179503480228
8	interaction_0080	cell_pair_0001	0.0009	-0.614845103115656
8	interaction_0035	cell_pair_0002	0.0009	-0.623709616662948
8	interaction_0240	cell_pair_0002	0.0009	-0.630393929968162
8	interaction_0179	cell_pair_0007	0.0009	-0.63710935733414
8	interaction_0253	cell_pair_0003	0.0009	-0.664288089679538
8	interaction_0229	cell_pair_0005	0.0009	-0.668868077782798
8	interaction_0020	cell_pair_0008	0.0009	-0.67116353577046
8	interaction_0179	cell_pair_0008	0.0009	-0.673462651860048
8	interaction_0018	cell_pair_0008	0.0009	-0.675765437729469
8	interaction_0054	cell_pair_0006	0.0009	-0.72499295250013
8	interaction_0247	cell_pair_0003	0.0009	-0.732164607902385
8	interaction_0184	cell_pair_0003	0.0009	-0.77595972578207
8	interaction_0241	cell_pair_0005	0.0009	-0.780908941753803
8	interaction_0038	cell_pair_0006	0.0009	-0.795859283219775
8	interaction_0106	cell_pair_0003	0.0009	-0.79836613883035
8	interaction_0036	cell_pair_0006	0.0009	-0.813499442355505
8	interaction_0196	cell_pair_0007	0.0009	-0.821126041830205
8	interaction_0184	cell_pair_0008	0.0009	-0.823677227359537
8	interaction_0053	cell_pair_0001	0.0009	-0.831357964441161
8	interaction_0251	cell_pair_0003	0.0009	-0.844250767322055
8	interaction_0012	cell_pair_0003	0.0009	-0.857259827883918
8	interaction_0184	cell_pair_0005	0.0009	-0.883635243308215
8	interaction_0192	cell_pair_0007	0.0009	-0.905088352974533
8	interaction_0252	cell_pair_0005	0.0009	-0.907792561902911
8	interaction_0020	cell_pair_0003	0.0009	-0.913216233857933
8	interaction_0245	cell_pair_0003	0.0009	-0.921390165303633
8	interaction_0201	cell_pair_0006	0.0009	-0.921390165303633
8	interaction_0221	cell_pair_0006	0.0009	-0.932361283124637
8	interaction_0219	cell_pair_0006	0.0009	-0.932361283124637
8	interaction_0004	cell_pair_0008	0.0009	-0.962969269055033
8	interaction_0021	cell_pair_0002	0.0009	-0.977099597889921
8	interaction_0226	cell_pair_0003	0.0009	-1.0086822430998
8	interaction_0131	cell_pair_0004	0.0009	-1.05889368905357
8	interaction_0197	cell_pair_0006	0.0009	-1.08008791132269
8	interaction_0252	cell_pair_0008	0.0009	-1.11091590140185
8	interaction_0021	cell_pair_0001	0.0009	-1.11716134423275
8	interaction_0056	cell_pair_0006	0.0009	-1.12029423371771
8	interaction_0195	cell_pair_0006	0.0009	-1.12029423371771
8	interaction_0192	cell_pair_0004	0.0009	-1.13606154957603
8	interaction_0252	cell_pair_0004	0.0009	-1.21759143507263
8	interaction_0225	cell_pair_0006	0.0009	-1.24127043154214
8	interaction_0004	cell_pair_0003	0.0009	-1.265344566521
8	interaction_0005	cell_pair_0002	0.0009	-1.34739878240348
8	interaction_0090	cell_pair_0003	0.0009	-1.35107444054688
8	interaction_0179	cell_pair_0004	0.0009	-1.43050890804128
8	interaction_0106	cell_pair_0004	0.0009	-1.51870105845243
8	interaction_0005	cell_pair_0001	0.0009	-1.53115605702536
8	interaction_0253	cell_pair_0004	0.0009	-1.53533173299656
8	interaction_0251	cell_pair_0004	0.0009	-1.65744525452268
8	interaction_0132	cell_pair_0002	0.0009	-1.66657626627481
8	interaction_0090	cell_pair_0008	0.0009	-1.74661576419993
8	interaction_0090	cell_pair_0006	0.0009	-1.77595972578207
8	interaction_0253	cell_pair_0006	0.0009	-1.8211260418302
8	interaction_0251	cell_pair_0002	0.0009	-1.82623293226329
8	interaction_0179	cell_pair_0001	0.0009	-1.88896868761126
8	interaction_0060	cell_pair_0009	0.01	2.06004738366994
8	interaction_0043	cell_pair_0009	0.01	1.18840092460321
8	interaction_0174	cell_pair_0001	0.01	1.0264459803038
8	interaction_0183	cell_pair_0003	0.01	0.811471030529836
8	interaction_0181	cell_pair_0007	0.01	0.74416109557041
8	interaction_0181	cell_pair_0008	0.01	0.565597175854225
8	interaction_0168	cell_pair_0001	0.01	-0.0923401721467106
8	interaction_0045	cell_pair_0003	0.01	-0.442222328605074
8	interaction_0037	cell_pair_0002	0.01	-0.610433188237274
8	interaction_0240	cell_pair_0005	0.01	-0.698997743967186
8	interaction_0035	cell_pair_0001	0.01	-0.926865295369785
8	interaction_0192	cell_pair_0008	0.01	-1.12973392960402
8	interaction_0078	cell_pair_0009	0.02	0.814755482809874
8	interaction_0246	cell_pair_0005	0.03	-0.988504361162171
8	interaction_0183	cell_pair_0006	0.04	0.703986603863431
8	interaction_0080	cell_pair_0003	0.04	-0.567040592723894
8	interaction_0055	cell_pair_0002	0.04	-0.891642821909581
8	interaction_0172	cell_pair_0001	0.04	-0.926865295369785
8	interaction_0184	cell_pair_0004	0.04	-1.10780328953451
8	interaction_0194	cell_pair_0007	0.05	0.989139007368233
8	interaction_0014	cell_pair_0009	0.05	0.173767067736706
8	interaction_0184	cell_pair_0006	0.05	-1.09541956507868
9	interaction_0058	cell_pair_0007	0.0009	4.96180851473748
9	interaction_0058	cell_pair_0004	0.0009	4.85598969730848
9	interaction_0058	cell_pair_0006	0.0009	4.83895176695194
9	interaction_0059	cell_pair_0006	0.0009	4.83243435430701
9	interaction_0058	cell_pair_0002	0.0009	4.83005245627156
9	interaction_0058	cell_pair_0001	0.0009	4.82369841678734
9	interaction_0058	cell_pair_0003	0.0009	4.82298501854688
9	interaction_0058	cell_pair_0009	0.0009	4.81670209431686
9	interaction_0059	cell_pair_0003	0.0009	4.81449915407035
9	interaction_0058	cell_pair_0008	0.0009	4.81352468929781
9	interaction_0049	cell_pair_0007	0.0009	4.74722625568983
9	interaction_0051	cell_pair_0007	0.0009	4.65821148275179
9	interaction_0049	cell_pair_0004	0.0009	4.6236913123535
9	interaction_0049	cell_pair_0006	0.0009	4.603656014502
9	interaction_0050	cell_pair_0006	0.0009	4.59604063267114
9	interaction_0049	cell_pair_0002	0.0009	4.59317446882282
9	interaction_0049	cell_pair_0001	0.0009	4.585743748966
9	interaction_0049	cell_pair_0003	0.0009	4.58490238717541
9	interaction_0049	cell_pair_0009	0.0009	4.57742882803575
9	interaction_0050	cell_pair_0003	0.0009	4.57488865836311
9	interaction_0049	cell_pair_0008	0.0009	4.5737380630589
9	interaction_0051	cell_pair_0004	0.0009	4.52644446459013
9	interaction_0051	cell_pair_0006	0.0009	4.50500167110221
9	interaction_0052	cell_pair_0006	0.0009	4.49684579012695
9	interaction_0051	cell_pair_0002	0.0009	4.4937754084607
9	interaction_0051	cell_pair_0001	0.0009	4.4858132115963
9	interaction_0051	cell_pair_0003	0.0009	4.48491148691083
9	interaction_0051	cell_pair_0009	0.0009	4.47690008320375
9	interaction_0052	cell_pair_0003	0.0009	4.47417642564478
9	interaction_0051	cell_pair_0008	0.0009	4.47294260360046
9	interaction_0231	cell_pair_0004	0.0009	3.62982287039986
9	interaction_0231	cell_pair_0007	0.0009	3.60584986719498
9	interaction_0224	cell_pair_0004	0.0009	3.60395267610591
9	interaction_0231	cell_pair_0003	0.0009	3.59836520532364
9	interaction_0231	cell_pair_0008	0.0009	3.59215800212536
9	interaction_0232	cell_pair_0008	0.0009	3.59179907811781
9	interaction_0231	cell_pair_0001	0.0009	3.59167941693574
9	interaction_0231	cell_pair_0002	0.0009	3.58159227883601
9	interaction_0231	cell_pair_0006	0.0009	3.58038671760526
9	interaction_0114	cell_pair_0002	0.0009	3.1196881745192
9	interaction_0114	cell_pair_0002	0.0009	3.1196881745192
9	interaction_0060	cell_pair_0007	0.0009	3.0686708106651
9	interaction_0068	cell_pair_0007	0.0009	2.86809407991528
9	interaction_0074	cell_pair_0007	0.0009	2.83228243570098
9	interaction_0076	cell_pair_0007	0.0009	2.7057567820498
9	interaction_0070	cell_pair_0007	0.0009	2.69510298564048
9	interaction_0041	cell_pair_0007	0.0009	2.69309661038579
9	interaction_0062	cell_pair_0007	0.0009	2.6507645591169
9	interaction_0060	cell_pair_0004	0.0009	2.62877359520165
9	interaction_0186	cell_pair_0005	0.0009	2.61847360308248
9	interaction_0060	cell_pair_0006	0.0009	2.54744982914397
9	interaction_0061	cell_pair_0006	0.0009	2.51525829027167
9	interaction_0060	cell_pair_0002	0.0009	2.5033487351675
9	interaction_0162	cell_pair_0005	0.0009	2.50309426915734
9	interaction_0094	cell_pair_0007	0.0009	2.48979980291652
9	interaction_0060	cell_pair_0001	0.0009	2.47118746038699
9	interaction_0060	cell_pair_0003	0.0009	2.46754034205384
9	interaction_0060	cell_pair_0009	0.0009	2.4350951516201
9	interaction_0061	cell_pair_0003	0.0009	2.4235781709818
9	interaction_0060	cell_pair_0008	0.0009	2.41845983758099
9	interaction_0186	cell_pair_0004	0.0009	2.39698145949187
9	interaction_0043	cell_pair_0007	0.0009	2.36737106564853
9	interaction_0068	cell_pair_0004	0.0009	2.34964835324329
9	interaction_0165	cell_pair_0008	0.0009	2.32998464975842
9	interaction_0164	cell_pair_0004	0.0009	2.32941067121857
9	interaction_0186	cell_pair_0007	0.0009	2.32941067121857
9	interaction_0160	cell_pair_0006	0.0009	2.32279345233062
9	interaction_0165	cell_pair_0004	0.0009	2.30392683648069
9	interaction_0167	cell_pair_0004	0.0009	2.30392683648069
9	interaction_0186	cell_pair_0008	0.0009	2.30246528733241
9	interaction_0074	cell_pair_0004	0.0009	2.29777835515853
9	interaction_0162	cell_pair_0009	0.0009	2.29189819604668
9	interaction_0165	cell_pair_0007	0.0009	2.27917410848905
9	interaction_0167	cell_pair_0007	0.0009	2.27917410848905
9	interaction_0164	cell_pair_0007	0.0009	2.26723614181241
9	interaction_0188	cell_pair_0005	0.0009	2.26393580857533
9	interaction_0068	cell_pair_0006	0.0009	2.25005202530037
9	interaction_0165	cell_pair_0005	0.0009	2.24853483613868
9	interaction_0167	cell_pair_0005	0.0009	2.24853483613868
9	interaction_0161	cell_pair_0008	0.0009	2.23970353548848
9	interaction_0162	cell_pair_0007	0.0009	2.23542072263744
9	interaction_0164	cell_pair_0003	0.0009	2.22156778853841
9	interaction_0160	cell_pair_0003	0.0009	2.21754093986252
9	interaction_0167	cell_pair_0008	0.0009	2.21723071622067
9	interaction_0165	cell_pair_0003	0.0009	2.21350281998392
9	interaction_0069	cell_pair_0006	0.0009	2.2103888644454
9	interaction_0165	cell_pair_0001	0.0009	2.20851725980554
9	interaction_0167	cell_pair_0001	0.0009	2.20851725980554
9	interaction_0187	cell_pair_0008	0.0009	2.202260983562
9	interaction_0165	cell_pair_0006	0.0009	2.20163386116965
9	interaction_0068	cell_pair_0002	0.0009	2.19566256285592
9	interaction_0074	cell_pair_0006	0.0009	2.1947174628936
9	interaction_0094	cell_pair_0004	0.0009	2.16960436691696
9	interaction_0174	cell_pair_0003	0.0009	2.16896288400693
9	interaction_0068	cell_pair_0001	0.0009	2.15607296095057
9	interaction_0075	cell_pair_0006	0.0009	2.1534810985137
9	interaction_0068	cell_pair_0003	0.0009	2.15120939288489
9	interaction_0074	cell_pair_0002	0.0009	2.13815914522947
9	interaction_0194	cell_pair_0004	0.0009	2.11935617703968
9	interaction_0078	cell_pair_0007	0.0009	2.11869195279181
9	interaction_0093	cell_pair_0005	0.0009	2.11236652307256
9	interaction_0076	cell_pair_0004	0.0009	2.11103131238874
9	interaction_0068	cell_pair_0009	0.0009	2.11069731654493
9	interaction_0093	cell_pair_0004	0.0009	2.09895848008817
9	interaction_0074	cell_pair_0001	0.0009	2.09659920721425
9	interaction_0069	cell_pair_0003	0.0009	2.0962618530584
9	interaction_0070	cell_pair_0004	0.0009	2.09491164702547
9	interaction_0074	cell_pair_0003	0.0009	2.09186905530185
9	interaction_0041	cell_pair_0004	0.0009	2.09186905530185
9	interaction_0068	cell_pair_0008	0.0009	2.09017594979021
9	interaction_0074	cell_pair_0009	0.0009	2.0496307677246
9	interaction_0075	cell_pair_0003	0.0009	2.03456789281821
9	interaction_0074	cell_pair_0008	0.0009	2.02786177535451
9	interaction_0062	cell_pair_0004	0.0009	2.02715405150373
9	interaction_0076	cell_pair_0006	0.0009	1.99276843076892
9	interaction_0070	cell_pair_0006	0.0009	1.97526332167849
9	interaction_0272	cell_pair_0006	0.0009	1.97232504155715
9	interaction_0041	cell_pair_0006	0.0009	1.97195733541501
9	interaction_0077	cell_pair_0006	0.0009	1.9452331231349
9	interaction_0071	cell_pair_0006	0.0009	1.92751724619848
9	interaction_0076	cell_pair_0002	0.0009	1.92751724619848
9	interaction_0203	cell_pair_0003	0.0009	1.9271379389685
9	interaction_0042	cell_pair_0006	0.0009	1.92409988564074
9	interaction_0070	cell_pair_0002	0.0009	1.90919706299169
9	interaction_0041	cell_pair_0002	0.0009	1.90573597766703
9	interaction_0062	cell_pair_0006	0.0009	1.90149445504757
9	interaction_0076	cell_pair_0001	0.0009	1.87931367631089
9	interaction_0076	cell_pair_0003	0.0009	1.87381319835909
9	interaction_0070	cell_pair_0001	0.0009	1.86076420262883
9	interaction_0041	cell_pair_0001	0.0009	1.8571848057912
9	interaction_0070	cell_pair_0003	0.0009	1.85519240795915
9	interaction_0045	cell_pair_0007	0.0009	1.85319725477036
9	interaction_0041	cell_pair_0003	0.0009	1.85119933859329
9	interaction_0063	cell_pair_0006	0.0009	1.85119933859329
9	interaction_0265	cell_pair_0005	0.0009	1.84639302085236
9	interaction_0080	cell_pair_0007	0.0009	1.84478735007906
9	interaction_0062	cell_pair_0002	0.0009	1.83187724119167
9	interaction_0076	cell_pair_0009	0.0009	1.82456421208983
9	interaction_0035	cell_pair_0007	0.0009	1.82374936030827
9	interaction_0077	cell_pair_0003	0.0009	1.80694266457776
9	interaction_0070	cell_pair_0009	0.0009	1.80487960825467
9	interaction_0041	cell_pair_0009	0.0009	1.8011586560937
9	interaction_0076	cell_pair_0008	0.0009	1.799087306074
9	interaction_0053	cell_pair_0007	0.0009	1.79493566280354
9	interaction_0071	cell_pair_0003	0.0009	1.78701447377343
9	interaction_0042	cell_pair_0003	0.0009	1.78324709737812
9	interaction_0062	cell_pair_0001	0.0009	1.78073003647638
9	interaction_0070	cell_pair_0008	0.0009	1.77946985729517
9	interaction_0037	cell_pair_0007	0.0009	1.77694619185709
9	interaction_0041	cell_pair_0008	0.0009	1.77568270173906
9	interaction_0062	cell_pair_0003	0.0009	1.77483975982733
9	interaction_0055	cell_pair_0007	0.0009	1.72944400683366
9	interaction_0047	cell_pair_0007	0.0009	1.72813820341893
9	interaction_0062	cell_pair_0009	0.0009	1.72159139877538
9	interaction_0086	cell_pair_0007	0.0009	1.72159139877538
9	interaction_0063	cell_pair_0003	0.0009	1.70265754339091
9	interaction_0112	cell_pair_0005	0.0009	1.70177082237904
9	interaction_0062	cell_pair_0008	0.0009	1.69465736554709
9	interaction_0043	cell_pair_0004	0.0009	1.56315813040281
9	interaction_0194	cell_pair_0008	0.0009	1.54843662469604
9	interaction_0181	cell_pair_0003	0.0009	1.52757083683282
9	interaction_0271	cell_pair_0006	0.0009	1.45522857111714
9	interaction_0212	cell_pair_0002	0.0009	1.44413695658759
9	interaction_0043	cell_pair_0006	0.0009	1.387362540836
9	interaction_0181	cell_pair_0006	0.0009	1.37851162325373
9	interaction_0044	cell_pair_0006	0.0009	1.31440650755482
9	interaction_0043	cell_pair_0002	0.0009	1.2862897581341
9	interaction_0043	cell_pair_0001	0.0009	1.21101219348551
9	interaction_0043	cell_pair_0003	0.0009	1.202260983562
9	interaction_0043	cell_pair_0009	0.0009	1.12300395405482
9	interaction_0078	cell_pair_0004	0.0009	1.09693648250296
9	interaction_0044	cell_pair_0003	0.0009	1.09423606984577
9	interaction_0043	cell_pair_0008	0.0009	1.08133962745194
9	interaction_0181	cell_pair_0005	0.0009	1.02502879449152
9	interaction_0202	cell_pair_0008	0.0009	1.01934608880481
9	interaction_0194	cell_pair_0007	0.0009	1.01292617444427
9	interaction_0268	cell_pair_0005	0.0009	1.00863030514344
9	interaction_0181	cell_pair_0007	0.0009	0.989865622866287
9	interaction_0183	cell_pair_0003	0.0009	0.86235219953202
9	interaction_0271	cell_pair_0003	0.0009	0.858378925082071
9	interaction_0002	cell_pair_0001	0.0009	0.849599011151452
9	interaction_0078	cell_pair_0006	0.0009	0.847195186589395
9	interaction_0180	cell_pair_0006	0.0009	0.819668183496456
9	interaction_0259	cell_pair_0005	0.0009	0.760433874670112
9	interaction_0079	cell_pair_0006	0.0009	0.739848102699327
9	interaction_0183	cell_pair_0004	0.0009	0.717210299019596
9	interaction_0078	cell_pair_0002	0.0009	0.698662999885884
9	interaction_0183	cell_pair_0006	0.0009	0.689746438493556
9	interaction_0181	cell_pair_0001	0.0009	0.643394453479892
9	interaction_0183	cell_pair_0007	0.0009	0.599317793698226
9	interaction_0183	cell_pair_0008	0.0009	0.585923976958601
9	interaction_0194	cell_pair_0003	0.0009	0.584000383285773
9	interaction_0078	cell_pair_0001	0.0009	0.583037623796664
9	interaction_0014	cell_pair_0001	0.0009	0.575312330687437
9	interaction_0078	cell_pair_0003	0.0009	0.569491091958716
9	interaction_0181	cell_pair_0004	0.0009	0.567545447643747
9	interaction_0014	cell_pair_0002	0.0009	0.535057594894842
9	interaction_0240	cell_pair_0004	0.0009	0.517023672064581
9	interaction_0180	cell_pair_0003	0.0009	0.498761465671852
9	interaction_0045	cell_pair_0004	0.0009	0.49467161164755
9	interaction_0270	cell_pair_0005	0.0009	0.490570130446201
9	interaction_0080	cell_pair_0004	0.0009	0.473007567916174
9	interaction_0014	cell_pair_0005	0.0009	0.418999465431266
9	interaction_0035	cell_pair_0004	0.0009	0.417920007811965
9	interaction_0079	cell_pair_0003	0.0009	0.398350370345965
9	interaction_0240	cell_pair_0003	0.0009	0.377401430785794
9	interaction_0078	cell_pair_0008	0.0009	0.377401430785794
9	interaction_0053	cell_pair_0004	0.0009	0.339137384919585
9	interaction_0265	cell_pair_0008	0.0009	0.32883646422954
9	interaction_0268	cell_pair_0009	0.0009	0.31034012061215
9	interaction_0272	cell_pair_0003	0.0009	0.306845500314283
9	interaction_0037	cell_pair_0004	0.0009	0.2904244038653
9	interaction_0244	cell_pair_0001	0.0009	0.265436896049098
9	interaction_0117	cell_pair_0005	0.0009	0.227741075839128
9	interaction_0104	cell_pair_0001	0.0009	0.209141397838592
9	interaction_0240	cell_pair_0007	0.0009	0.195347598322219
9	interaction_0088	cell_pair_0005	0.0009	0.16478627814334
9	interaction_0270	cell_pair_0006	0.0009	0.160920188181103
9	interaction_0270	cell_pair_0003	0.0009	0.15704371014558
9	interaction_0055	cell_pair_0004	0.0009	0.153156788061421
9	interaction_0086	cell_pair_0004	0.0009	0.12961273813047
9	interaction_0240	cell_pair_0006	0.0009	0.126972856257766
9	interaction_0261	cell_pair_0005	0.0009	0.121678556588252
9	interaction_0148	cell_pair_0002	0.0009	0.10969486482593
9	interaction_0220	cell_pair_0001	0.0009	0.102993993323326
9	interaction_0014	cell_pair_0008	0.0009	0.101650076094435
9	interaction_0045	cell_pair_0006	0.0009	0.0976107966264223
9	interaction_0265	cell_pair_0003	0.0009	0.0881415968690176
9	interaction_0268	cell_pair_0007	0.0009	0.0745054363636298
9	interaction_0260	cell_pair_0004	0.0009	0.0731347046302154
9	interaction_0080	cell_pair_0006	0.0009	0.0676387168753633
9	interaction_0265	cell_pair_0004	0.0009	0.0565835283663675
9	interaction_0148	cell_pair_0004	0.0009	0.0496307677246004
9	interaction_0148	cell_pair_0001	0.0009	0.0468402542029724
9	interaction_0117	cell_pair_0006	0.0009	0.0271540515037266
9	interaction_0240	cell_pair_0008	0.0009	0.0243196791954129
9	interaction_0014	cell_pair_0003	0.0009	0.0114956388378294
9	interaction_0035	cell_pair_0006	0.0009	-0.00578235259400611
9	interaction_0240	cell_pair_0001	0.0009	-0.0320936297098533
9	interaction_0270	cell_pair_0004	0.0009	-0.0380063225797449
9	interaction_0241	cell_pair_0005	0.0009	-0.0694518807521452
9	interaction_0117	cell_pair_0003	0.0009	-0.0709665213541436
9	interaction_0270	cell_pair_0002	0.0009	-0.0846703239869906
9	interaction_0046	cell_pair_0006	0.0009	-0.0877333719335504
9	interaction_0248	cell_pair_0003	0.0009	-0.0954195650786824
9	interaction_0053	cell_pair_0006	0.0009	-0.110915901401851
9	interaction_0259	cell_pair_0009	0.0009	-0.117161344232749
9	interaction_0081	cell_pair_0006	0.0009	-0.121863233373052
9	interaction_0112	cell_pair_0008	0.0009	-0.131313234677865
9	interaction_0014	cell_pair_0006	0.0009	-0.144010302691519
9	interaction_0229	cell_pair_0004	0.0009	-0.15200309344505
9	interaction_0045	cell_pair_0002	0.0009	-0.163267919540864
9	interaction_0240	cell_pair_0005	0.0009	-0.177881725270655
9	interaction_0037	cell_pair_0006	0.0009	-0.179514657013621
9	interaction_0250	cell_pair_0003	0.0009	-0.187707155126729
9	interaction_0080	cell_pair_0002	0.0009	-0.197599959885161
9	interaction_0089	cell_pair_0001	0.0009	-0.200912693925996
9	interaction_0036	cell_pair_0006	0.0009	-0.204233052217608
9	interaction_0249	cell_pair_0005	0.0009	-0.215914857265243
9	interaction_0255	cell_pair_0008	0.0009	-0.229382353343797
9	interaction_0240	cell_pair_0002	0.0009	-0.24297675349254
9	interaction_0260	cell_pair_0007	0.0009	-0.253257284222264
9	interaction_0035	cell_pair_0002	0.0009	-0.286304185156641
9	interaction_0168	cell_pair_0001	0.0009	-0.289827251720338
9	interaction_0173	cell_pair_0008	0.0009	-0.295128035543647
9	interaction_0089	cell_pair_0007	0.0009	-0.300448367476911
9	interaction_0229	cell_pair_0007	0.0009	-0.3040061868901
9	interaction_0148	cell_pair_0007	0.0009	-0.316528107144772
9	interaction_0261	cell_pair_0006	0.0009	-0.321928094887362
9	interaction_0265	cell_pair_0001	0.0009	-0.32373259173411
9	interaction_0249	cell_pair_0008	0.0009	-0.325539348439741
9	interaction_0261	cell_pair_0003	0.0009	-0.327348370671615
9	interaction_0054	cell_pair_0006	0.0009	-0.327348370671615
9	interaction_0249	cell_pair_0004	0.0009	-0.349235440883098
9	interaction_0015	cell_pair_0002	0.0009	-0.365871442474959
9	interaction_0055	cell_pair_0006	0.0009	-0.373327247394007
9	interaction_0265	cell_pair_0006	0.0009	-0.375197234747053
9	interaction_0229	cell_pair_0005	0.0009	-0.37894449670026
9	interaction_0168	cell_pair_0007	0.0009	-0.395928676331139
9	interaction_0045	cell_pair_0003	0.0009	-0.405451450449646
9	interaction_0086	cell_pair_0006	0.0009	-0.407363571393423
9	interaction_0038	cell_pair_0006	0.0009	-0.407363571393423
9	interaction_0170	cell_pair_0008	0.0009	-0.415037499278844
9	interaction_0053	cell_pair_0002	0.0009	-0.415037499278844
9	interaction_0110	cell_pair_0004	0.0009	-0.416962376203336
9	interaction_0089	cell_pair_0004	0.0009	-0.432454552356253
9	interaction_0259	cell_pair_0007	0.0009	-0.44418384493836
9	interaction_0112	cell_pair_0003	0.0009	-0.473931188332412
9	interaction_0089	cell_pair_0003	0.0009	-0.481968507397831
9	interaction_0250	cell_pair_0004	0.0009	-0.494109070270043
9	interaction_0037	cell_pair_0002	0.0009	-0.500217879852688
9	interaction_0089	cell_pair_0002	0.0009	-0.510457064357526
9	interaction_0112	cell_pair_0004	0.0009	-0.520769438793664
9	interaction_0249	cell_pair_0006	0.0009	-0.522840788813359
9	interaction_0250	cell_pair_0006	0.0009	-0.533242384273829
9	interaction_0265	cell_pair_0002	0.0009	-0.533242384273829
9	interaction_0248	cell_pair_0004	0.0009	-0.535331732996556
9	interaction_0260	cell_pair_0003	0.0009	-0.537424111957796
9	interaction_0168	cell_pair_0004	0.0009	-0.537424111957796
9	interaction_0249	cell_pair_0003	0.0009	-0.547931769776189
9	interaction_0173	cell_pair_0004	0.0009	-0.582079992188035
9	interaction_0168	cell_pair_0003	0.0009	-0.590744853315162
9	interaction_0248	cell_pair_0002	0.0009	-0.597277823154395
9	interaction_0261	cell_pair_0004	0.0009	-0.608232280044003
9	interaction_0168	cell_pair_0002	0.0009	-0.62148837674627
9	interaction_0248	cell_pair_0001	0.0009	-0.63710935733414
9	interaction_0056	cell_pair_0006	0.0009	-0.63710935733414
9	interaction_0048	cell_pair_0006	0.0009	-0.643856189774725
9	interaction_0192	cell_pair_0008	0.0009	-0.652901329377732
9	interaction_0087	cell_pair_0006	0.0009	-0.678071905112638
9	interaction_0261	cell_pair_0002	0.0009	-0.678071905112638
9	interaction_0147	cell_pair_0008	0.0009	-0.689659879387849
9	interaction_0131	cell_pair_0008	0.0009	-0.701341684435485
9	interaction_0172	cell_pair_0002	0.0009	-0.717856771218502
9	interaction_0170	cell_pair_0004	0.0009	-0.729770092762002
9	interaction_0046	cell_pair_0003	0.0009	-0.763660460831626
9	interaction_0173	cell_pair_0002	0.0009	-0.785875194647153
9	interaction_0020	cell_pair_0008	0.0009	-0.790858602161408
9	interaction_0147	cell_pair_0003	0.0009	-0.805912947883698
9	interaction_0012	cell_pair_0003	0.0009	-0.813499442355505
9	interaction_0081	cell_pair_0003	0.0009	-0.818579359719858
9	interaction_0190	cell_pair_0005	0.0009	-0.821126041830205
9	interaction_0184	cell_pair_0005	0.0009	-0.844250767322055
9	interaction_0146	cell_pair_0002	0.0009	-0.87038726186953
9	interaction_0221	cell_pair_0006	0.0009	-0.883635243308215
9	interaction_0219	cell_pair_0006	0.0009	-0.883635243308215
9	interaction_0018	cell_pair_0008	0.0009	-0.894321922105463
9	interaction_0185	cell_pair_0005	0.0009	-0.918660372548061
9	interaction_0185	cell_pair_0005	0.0009	-0.918660372548061
9	interaction_0185	cell_pair_0005	0.0009	-0.918660372548061
9	interaction_0185	cell_pair_0005	0.0009	-0.918660372548061
9	interaction_0185	cell_pair_0005	0.0009	-0.918660372548061
9	interaction_0185	cell_pair_0005	0.0009	-0.918660372548061
9	interaction_0185	cell_pair_0005	0.0009	-0.918660372548061
9	interaction_0185	cell_pair_0005	0.0009	-0.918660372548061
9	interaction_0036	cell_pair_0003	0.0009	-0.957355662591506
9	interaction_0201	cell_pair_0006	0.0009	-0.965784284662087
9	interaction_0110	cell_pair_0003	0.0009	-0.977099597889921
9	interaction_0225	cell_pair_0006	0.0009	-0.982790709967777
9	interaction_0179	cell_pair_0007	0.0009	-0.997117491466879
9	interaction_0110	cell_pair_0008	0.0009	-1.00578235259401
9	interaction_0110	cell_pair_0007	0.0009	-1.01449956969512
9	interaction_0251	cell_pair_0003	0.0009	-1.0439433475876
9	interaction_0245	cell_pair_0003	0.0009	-1.05289494843213
9	interaction_0110	cell_pair_0006	0.0009	-1.06190243892591
9	interaction_0226	cell_pair_0003	0.0009	-1.08008791132269
9	interaction_0226	cell_pair_0005	0.0009	-1.08008791132269
9	interaction_0195	cell_pair_0006	0.0009	-1.08926733809709
9	interaction_0192	cell_pair_0004	0.0009	-1.09234017214671
9	interaction_0020	cell_pair_0003	0.0009	-1.09541956507868
9	interaction_0184	cell_pair_0003	0.0009	-1.12658049656514
9	interaction_0184	cell_pair_0004	0.0009	-1.14880066140671
9	interaction_0179	cell_pair_0004	0.0009	-1.15842936260448
9	interaction_0054	cell_pair_0003	0.0009	-1.16812275880833
9	interaction_0115	cell_pair_0003	0.0009	-1.17136841831198
9	interaction_0110	cell_pair_0001	0.0009	-1.17788172527066
9	interaction_0179	cell_pair_0008	0.0009	-1.18114943910457
9	interaction_0021	cell_pair_0002	0.0009	-1.18442457113743
9	interaction_0198	cell_pair_0008	0.0009	-1.19099722506091
9	interaction_0004	cell_pair_0008	0.0009	-1.19759995988516
9	interaction_0225	cell_pair_0007	0.0009	-1.22095044716254
9	interaction_0253	cell_pair_0003	0.0009	-1.22431729826094
9	interaction_0184	cell_pair_0008	0.0009	-1.2276920250416
9	interaction_0247	cell_pair_0003	0.0009	-1.23446525363702
9	interaction_0229	cell_pair_0008	0.0009	-1.24810786159569
9	interaction_0192	cell_pair_0007	0.0009	-1.24810786159569
9	interaction_0225	cell_pair_0003	0.0009	-1.265344566521
9	interaction_0184	cell_pair_0006	0.0009	-1.27928375747887
9	interaction_0192	cell_pair_0006	0.0009	-1.2827897009804
9	interaction_0252	cell_pair_0005	0.0009	-1.28630418515664
9	interaction_0199	cell_pair_0006	0.0009	-1.28982725172034
9	interaction_0246	cell_pair_0005	0.0009	-1.29335894269059
9	interaction_0225	cell_pair_0008	0.0009	-1.30757280191029
9	interaction_0038	cell_pair_0003	0.0009	-1.31473259348316
9	interaction_0184	cell_pair_0007	0.0009	-1.31473259348316
9	interaction_0226	cell_pair_0001	0.0009	-1.35845397091248
9	interaction_0018	cell_pair_0004	0.0009	-1.3621579396759
9	interaction_0225	cell_pair_0004	0.0009	-1.3621579396759
9	interaction_0228	cell_pair_0006	0.0009	-1.36587144247496
9	interaction_0131	cell_pair_0004	0.0009	-1.40354186044101
9	interaction_0196	cell_pair_0007	0.0009	-1.40354186044101
9	interaction_0106	cell_pair_0003	0.0009	-1.42275246440685
9	interaction_0226	cell_pair_0002	0.0009	-1.42275246440685
9	interaction_0091	cell_pair_0008	0.0009	-1.43050890804128
9	interaction_0184	cell_pair_0001	0.0009	-1.45798964446339
9	interaction_0197	cell_pair_0006	0.0009	-1.48196850739783
9	interaction_0252	cell_pair_0008	0.0009	-1.52284078881336
9	interaction_0106	cell_pair_0004	0.0009	-1.53533173299656
9	interaction_0252	cell_pair_0004	0.0009	-1.58207999218803
9	interaction_0004	cell_pair_0003	0.0009	-1.61705613043101
9	interaction_0090	cell_pair_0003	0.0009	-1.62148837674627
9	interaction_0132	cell_pair_0002	0.0009	-1.63935479753978
9	interaction_0179	cell_pair_0001	0.0009	-1.65744525452268
9	interaction_0228	cell_pair_0007	0.0009	-1.69899774396719
9	interaction_0131	cell_pair_0007	0.0009	-1.70368943929191
9	interaction_0005	cell_pair_0002	0.0009	-1.74661576419993
9	interaction_0200	cell_pair_0006	0.0009	-1.75146516386132
9	interaction_0131	cell_pair_0006	0.0009	-1.77102743023984
9	interaction_0056	cell_pair_0003	0.0009	-1.7809089417538
9	interaction_0179	cell_pair_0006	0.0009	-1.79585928321977
9	interaction_0090	cell_pair_0008	0.0009	-1.8008773579864
9	interaction_0229	cell_pair_0003	0.0009	-1.8211260418302
9	interaction_0179	cell_pair_0002	0.0009	-1.8520421186129
9	interaction_0195	cell_pair_0003	0.0009	-1.86775220170156
9	interaction_0087	cell_pair_0003	0.0009	-1.87302714374223
9	interaction_0090	cell_pair_0006	0.0009	-1.89432192210546
9	interaction_0253	cell_pair_0004	0.0009	-1.94341647163363
9	interaction_0131	cell_pair_0001	0.0009	-1.98850436116217
9	interaction_0090	cell_pair_0004	0.0009	-2.0
9	interaction_0005	cell_pair_0001	0.0009	-2.01741705307741
9	interaction_0252	cell_pair_0006	0.0009	-2.02914634565952
9	interaction_0253	cell_pair_0006	0.0009	-2.05289494843213
9	interaction_0251	cell_pair_0004	0.0009	-2.06491747668134
9	interaction_0252	cell_pair_0003	0.0009	-2.09541956507868
9	interaction_0258	cell_pair_0008	0.0009	-2.10159814000781
9	interaction_0113	cell_pair_0006	0.0009	-2.21759143507263
9	interaction_0199	cell_pair_0003	0.0009	-2.23107466443625
9	interaction_0251	cell_pair_0002	0.0009	-2.25153876699596
9	interaction_0251	cell_pair_0001	0.0009	-2.38082178394093
9	interaction_0258	cell_pair_0003	0.0009	-2.43440282414578
9	interaction_0113	cell_pair_0002	0.0009	-2.608232280044
9	interaction_0045	cell_pair_0001	0.01	-0.37894449670026
9	interaction_0080	cell_pair_0003	0.01	-0.448114896528275
9	interaction_0148	cell_pair_0008	0.01	-0.494109070270043
9	interaction_0021	cell_pair_0001	0.01	-1.3621579396759
9	interaction_0246	cell_pair_0004	0.01	-1.59074485331516
9	interaction_0117	cell_pair_0004	0.01	-2.01158797427521
9	interaction_0174	cell_pair_0007	0.02	0.878921479749851
9	interaction_0078	cell_pair_0009	0.02	0.444667066841908
9	interaction_0047	cell_pair_0004	0.02	0.149259365499623
9	interaction_0080	cell_pair_0001	0.02	-0.42081985187285
9	interaction_0173	cell_pair_0007	0.02	-0.790858602161408
9	interaction_0117	cell_pair_0009	0.02	-1.31114825613412
9	interaction_0014	cell_pair_0009	0.03	-0.00288827932482651
9	interaction_0170	cell_pair_0002	0.03	-0.957355662591506
9	interaction_0112	cell_pair_0001	0.03	-1.13289427049735
9	interaction_0246	cell_pair_0008	0.03	-1.53533173299656
9	interaction_0183	cell_pair_0009	0.04	0.614474282837701
9	interaction_0183	cell_pair_0001	0.04	0.52707033551266
9	interaction_0117	cell_pair_0007	0.04	-1.9105018491609
10	interaction_0058	cell_pair_0007	0.0009	5.33796079517851
10	interaction_0058	cell_pair_0004	0.0009	5.24404980961048
10	interaction_0058	cell_pair_0006	0.0009	5.21256933885081
10	interaction_0058	cell_pair_0002	0.0009	5.2097652659741
10	interaction_0058	cell_pair_0001	0.0009	5.20539251298969
10	interaction_0059	cell_pair_0006	0.0009	5.20371016085506
10	interaction_0058	cell_pair_0003	0.0009	5.20351441113076
10	interaction_0058	cell_pair_0009	0.0009	5.20167306430659
10	interaction_0049	cell_pair_0007	0.0009	4.86937792403133
10	interaction_0051	cell_pair_0007	0.0009	4.85264810358115
10	interaction_0049	cell_pair_0004	0.0009	4.73779490541058
10	interaction_0051	cell_pair_0004	0.0009	4.71940251193326
10	interaction_0049	cell_pair_0006	0.0009	4.6928177263423
10	interaction_0049	cell_pair_0002	0.0009	4.68879580702463
10	interaction_0049	cell_pair_0001	0.0009	4.68257329734758
10	interaction_0050	cell_pair_0006	0.0009	4.68009926985692
10	interaction_0049	cell_pair_0003	0.0009	4.67981786172977
10	interaction_0049	cell_pair_0009	0.0009	4.67722632823532
10	interaction_0051	cell_pair_0006	0.0009	4.6738955757468
10	interaction_0051	cell_pair_0002	0.0009	4.6698204830827
10	interaction_0051	cell_pair_0001	0.0009	4.66345848188466
10	interaction_0052	cell_pair_0006	0.0009	4.66100845516057
10	interaction_0051	cell_pair_0003	0.0009	4.66072329811402
10	interaction_0051	cell_pair_0009	0.0009	4.65804006325647
10	interaction_0231	cell_pair_0004	0.0009	3.71017274827966
10	interaction_0231	cell_pair_0007	0.0009	3.69565981726609
10	interaction_0224	cell_pair_0004	0.0009	3.68448214423812
10	interaction_0231	cell_pair_0008	0.0009	3.67886066330671
10	interaction_0231	cell_pair_0003	0.0009	3.67705715337153
10	interaction_0231	cell_pair_0001	0.0009	3.66948037187743
10	interaction_0231	cell_pair_0009	0.0009	3.66687018544739
10	interaction_0231	cell_pair_0002	0.0009	3.66550647203426
10	interaction_0231	cell_pair_0006	0.0009	3.66231945210744
10	interaction_0060	cell_pair_0007	0.0009	3.38612115681485
10	interaction_0074	cell_pair_0007	0.0009	3.12151279625707
10	interaction_0060	cell_pair_0004	0.0009	2.98294795515753
10	interaction_0068	cell_pair_0007	0.0009	2.95345150136626
10	interaction_0162	cell_pair_0005	0.0009	2.9297909977186
10	interaction_0165	cell_pair_0008	0.0009	2.88440255298369
10	interaction_0062	cell_pair_0007	0.0009	2.88401173758352
10	interaction_0070	cell_pair_0007	0.0009	2.86433474078243
10	interaction_0165	cell_pair_0004	0.0009	2.8641366092102
10	interaction_0167	cell_pair_0004	0.0009	2.8641366092102
10	interaction_0165	cell_pair_0007	0.0009	2.83935497965465
10	interaction_0167	cell_pair_0007	0.0009	2.83450897356133
10	interaction_0164	cell_pair_0007	0.0009	2.82761581382173
10	interaction_0060	cell_pair_0006	0.0009	2.82537860389293
10	interaction_0164	cell_pair_0004	0.0009	2.82252621903883
10	interaction_0165	cell_pair_0003	0.0009	2.8133194549222
10	interaction_0060	cell_pair_0002	0.0009	2.81064874778265
10	interaction_0041	cell_pair_0007	0.0009	2.80405355896735
10	interaction_0161	cell_pair_0008	0.0009	2.8015725694636
10	interaction_0167	cell_pair_0008	0.0009	2.7986726789578
10	interaction_0164	cell_pair_0003	0.0009	2.78931192564509
10	interaction_0060	cell_pair_0001	0.0009	2.78743246451687
10	interaction_0160	cell_pair_0006	0.0009	2.78575977442701
10	interaction_0165	cell_pair_0001	0.0009	2.78429457803176
10	interaction_0167	cell_pair_0001	0.0009	2.78429457803176
10	interaction_0061	cell_pair_0006	0.0009	2.77841886647074
10	interaction_0060	cell_pair_0003	0.0009	2.77736710945041
10	interaction_0076	cell_pair_0007	0.0009	2.77294133783134
10	interaction_0060	cell_pair_0009	0.0009	2.76744293318947
10	interaction_0078	cell_pair_0007	0.0009	2.64247053731582
10	interaction_0074	cell_pair_0004	0.0009	2.62175885670973
10	interaction_0114	cell_pair_0002	0.0009	2.54966917072649
10	interaction_0114	cell_pair_0002	0.0009	2.54966917072649
10	interaction_0043	cell_pair_0007	0.0009	2.50741409901544
10	interaction_0074	cell_pair_0006	0.0009	2.4157586665225
10	interaction_0074	cell_pair_0002	0.0009	2.39615948907315
10	interaction_0068	cell_pair_0004	0.0009	2.37767905900582
10	interaction_0186	cell_pair_0005	0.0009	2.37128005402265
10	interaction_0074	cell_pair_0001	0.0009	2.36541259249094
10	interaction_0265	cell_pair_0005	0.0009	2.35558014737736
10	interaction_0075	cell_pair_0006	0.0009	2.35304093573761
10	interaction_0074	cell_pair_0003	0.0009	2.35162832910278
10	interaction_0186	cell_pair_0004	0.0009	2.35049724708413
10	interaction_0074	cell_pair_0009	0.0009	2.33856703700115
10	interaction_0186	cell_pair_0008	0.0009	2.32854927500974
10	interaction_0094	cell_pair_0007	0.0009	2.32221660504549
10	interaction_0062	cell_pair_0004	0.0009	2.2732174731035
10	interaction_0032	cell_pair_0005	0.0009	2.27232185276999
10	interaction_0112	cell_pair_0005	0.0009	2.2654368960491
10	interaction_0070	cell_pair_0004	0.0009	2.24275492207628
10	interaction_0186	cell_pair_0007	0.0009	2.18840092460321
10	interaction_0041	cell_pair_0004	0.0009	2.14893410452634
10	interaction_0068	cell_pair_0006	0.0009	2.13060144979056
10	interaction_0037	cell_pair_0007	0.0009	2.12928301694497
10	interaction_0114	cell_pair_0001	0.0009	2.10969486482593
10	interaction_0114	cell_pair_0001	0.0009	2.10969486482593
10	interaction_0068	cell_pair_0002	0.0009	2.10668332357977
10	interaction_0076	cell_pair_0004	0.0009	2.09963185001446
10	interaction_0068	cell_pair_0001	0.0009	2.0686708106651
10	interaction_0080	cell_pair_0007	0.0009	2.06419306192749
10	interaction_0045	cell_pair_0007	0.0009	2.05900910004046
10	interaction_0069	cell_pair_0006	0.0009	2.05380644369579
10	interaction_0068	cell_pair_0003	0.0009	2.05206804724387
10	interaction_0068	cell_pair_0009	0.0009	2.03562390973072
10	interaction_0035	cell_pair_0007	0.0009	2.02821550713044
10	interaction_0062	cell_pair_0006	0.0009	2.00539998774259
10	interaction_0072	cell_pair_0007	0.0009	2.00036062868352
10	interaction_0047	cell_pair_0007	0.0009	1.99457972421575
10	interaction_0053	cell_pair_0007	0.0009	1.98877556233775
10	interaction_0062	cell_pair_0002	0.0009	1.97929371044573
10	interaction_0070	cell_pair_0006	0.0009	1.96901230751632
10	interaction_0070	cell_pair_0002	0.0009	1.94223297640072
10	interaction_0055	cell_pair_0007	0.0009	1.93960272035604
10	interaction_0062	cell_pair_0001	0.0009	1.93809756107409
10	interaction_0063	cell_pair_0006	0.0009	1.92181713984662
10	interaction_0062	cell_pair_0003	0.0009	1.91953077638729
10	interaction_0094	cell_pair_0004	0.0009	1.90573597766703
10	interaction_0062	cell_pair_0009	0.0009	1.90188056371866
10	interaction_0070	cell_pair_0001	0.0009	1.89956236015469
10	interaction_0194	cell_pair_0004	0.0009	1.88791513563813
10	interaction_0078	cell_pair_0004	0.0009	1.88557436437143
10	interaction_0071	cell_pair_0006	0.0009	1.88283865576725
10	interaction_0070	cell_pair_0003	0.0009	1.88088139723765
10	interaction_0174	cell_pair_0003	0.0009	1.86552295913996
10	interaction_0070	cell_pair_0009	0.0009	1.86235219953202
10	interaction_0041	cell_pair_0006	0.0009	1.85479359799369
10	interaction_0041	cell_pair_0002	0.0009	1.82578562746479
10	interaction_0093	cell_pair_0004	0.0009	1.82374936030827
10	interaction_0181	cell_pair_0003	0.0009	1.81721392425833
10	interaction_0076	cell_pair_0006	0.0009	1.79410389855975
10	interaction_0041	cell_pair_0001	0.0009	1.77946985729517
10	interaction_0076	cell_pair_0002	0.0009	1.76383645889095
10	interaction_0042	cell_pair_0006	0.0009	1.76128527336162
10	interaction_0041	cell_pair_0003	0.0009	1.75915583380027
10	interaction_0041	cell_pair_0009	0.0009	1.73898395470051
10	interaction_0076	cell_pair_0001	0.0009	1.71545412711572
10	interaction_0077	cell_pair_0006	0.0009	1.69643902065575
10	interaction_0076	cell_pair_0003	0.0009	1.69421160776789
10	interaction_0076	cell_pair_0009	0.0009	1.67355642399014
10	interaction_0043	cell_pair_0004	0.0009	1.64938552918152
10	interaction_0181	cell_pair_0006	0.0009	1.60975496217244
10	interaction_0078	cell_pair_0006	0.0009	1.5245652210772
10	interaction_0078	cell_pair_0002	0.0009	1.48800077083407
10	interaction_0181	cell_pair_0007	0.0009	1.44625622988956
10	interaction_0078	cell_pair_0001	0.0009	1.42921422983958
10	interaction_0079	cell_pair_0006	0.0009	1.40599235967584
10	interaction_0078	cell_pair_0003	0.0009	1.4032677223393
10	interaction_0078	cell_pair_0009	0.0009	1.37740143078579
10	interaction_0043	cell_pair_0006	0.0009	1.21288056634438
10	interaction_0043	cell_pair_0002	0.0009	1.16735792773851
10	interaction_0255	cell_pair_0008	0.0009	1.15315678806142
10	interaction_0212	cell_pair_0002	0.0009	1.11303366529989
10	interaction_0043	cell_pair_0001	0.0009	1.09423606984577
10	interaction_0268	cell_pair_0005	0.0009	1.09220743809709
10	interaction_0044	cell_pair_0006	0.0009	1.06488285158485
10	interaction_0043	cell_pair_0003	0.0009	1.06073915785768
10	interaction_0043	cell_pair_0009	0.0009	1.02856915219677
10	interaction_0259	cell_pair_0005	0.0009	1.01292617444427
10	interaction_0181	cell_pair_0005	0.0009	0.897627674279551
10	interaction_0037	cell_pair_0004	0.0009	0.869476633965402
10	interaction_0181	cell_pair_0004	0.0009	0.856786546288081
10	interaction_0181	cell_pair_0008	0.0009	0.818032474658094
10	interaction_0181	cell_pair_0001	0.0009	0.817213924258327
10	interaction_0212	cell_pair_0001	0.0009	0.786596361890807
10	interaction_0270	cell_pair_0003	0.0009	0.781569544815974
10	interaction_0194	cell_pair_0008	0.0009	0.711935356978922
10	interaction_0270	cell_pair_0005	0.0009	0.708407983483596
10	interaction_0080	cell_pair_0004	0.0009	0.707524790899608
10	interaction_0045	cell_pair_0004	0.0009	0.694211607767891
10	interaction_0261	cell_pair_0003	0.0009	0.682573297347578
10	interaction_0270	cell_pair_0006	0.0009	0.630405471482323
10	interaction_0180	cell_pair_0006	0.0009	0.619178216059069
10	interaction_0035	cell_pair_0004	0.0009	0.614474282837701
10	interaction_0261	cell_pair_0005	0.0009	0.604071323668861
10	interaction_0260	cell_pair_0007	0.0009	0.58207422139633
10	interaction_0240	cell_pair_0004	0.0009	0.565597175854225
10	interaction_0260	cell_pair_0004	0.0009	0.557777671394926
10	interaction_0072	cell_pair_0004	0.0009	0.538041453333664
10	interaction_0047	cell_pair_0004	0.0009	0.522055749160964
10	interaction_0261	cell_pair_0006	0.0009	0.520045024039818
10	interaction_0053	cell_pair_0004	0.0009	0.505890929729957
10	interaction_0270	cell_pair_0004	0.0009	0.50182126542091
10	interaction_0014	cell_pair_0001	0.0009	0.499782120147312
10	interaction_0265	cell_pair_0008	0.0009	0.452068230223811
10	interaction_0240	cell_pair_0003	0.0009	0.451013242943973
10	interaction_0260	cell_pair_0003	0.0009	0.390667685559667
10	interaction_0261	cell_pair_0004	0.0009	0.380729448503549
10	interaction_0117	cell_pair_0005	0.0009	0.379620962055708
10	interaction_0240	cell_pair_0007	0.0009	0.370722275148167
10	interaction_0055	cell_pair_0004	0.0009	0.36513259345253
10	interaction_0014	cell_pair_0002	0.0009	0.291603558030565
10	interaction_0014	cell_pair_0005	0.0009	0.270229907237998
10	interaction_0249	cell_pair_0005	0.0009	0.24000896473507
10	interaction_0240	cell_pair_0008	0.0009	0.232660756790275
10	interaction_0265	cell_pair_0004	0.0009	0.231432408447965
10	interaction_0250	cell_pair_0003	0.0009	0.178873958169795
10	interaction_0088	cell_pair_0005	0.0009	0.162210036314307
10	interaction_0240	cell_pair_0006	0.0009	0.146655222119465
10	interaction_0148	cell_pair_0001	0.0009	0.140124223909071
10	interaction_0148	cell_pair_0007	0.0009	0.140124223909071
10	interaction_0249	cell_pair_0004	0.0009	0.136191386287144
10	interaction_0148	cell_pair_0004	0.0009	0.133563525741106
10	interaction_0241	cell_pair_0005	0.0009	0.116364756691785
10	interaction_0002	cell_pair_0001	0.0009	0.0867837661420667
10	interaction_0240	cell_pair_0005	0.0009	0.0854246562526777
10	interaction_0248	cell_pair_0003	0.0009	0.0827025893302493
10	interaction_0148	cell_pair_0002	0.0009	0.0648828515848544
10	interaction_0170	cell_pair_0008	0.0009	0.0271540515037266
10	interaction_0089	cell_pair_0007	0.0009	0.018634174139051
10	interaction_0240	cell_pair_0001	0.0009	0.0157829972409275
10	interaction_0037	cell_pair_0006	0.0009	0.0114956388378294
10	interaction_0014	cell_pair_0008	0.0009	-0.00144341686966872
10	interaction_0211	cell_pair_0005	0.0009	-0.00868224309980088
10	interaction_0117	cell_pair_0006	0.0009	-0.0409717810563062
10	interaction_0248	cell_pair_0004	0.0009	-0.045431429247006
10	interaction_0249	cell_pair_0008	0.0009	-0.0543922968186278
10	interaction_0240	cell_pair_0002	0.0009	-0.0543922968186278
10	interaction_0249	cell_pair_0003	0.0009	-0.0573916638883367
10	interaction_0210	cell_pair_0003	0.0009	-0.0603972796439563
10	interaction_0249	cell_pair_0006	0.0009	-0.0709665213541436
10	interaction_0117	cell_pair_0003	0.0009	-0.0724827538015237
10	interaction_0223	cell_pair_0005	0.0009	-0.077041035763828
10	interaction_0178	cell_pair_0005	0.0009	-0.077041035763828
10	interaction_0249	cell_pair_0007	0.0009	-0.0785636691937021
10	interaction_0250	cell_pair_0006	0.0009	-0.0816137655536521
10	interaction_0173	cell_pair_0008	0.0009	-0.0923401721467106
10	interaction_0250	cell_pair_0007	0.0009	-0.0938790470029001
10	interaction_0014	cell_pair_0003	0.0009	-0.0954195650786824
10	interaction_0229	cell_pair_0004	0.0009	-0.0954195650786824
10	interaction_0037	cell_pair_0002	0.0009	-0.0954195650786824
10	interaction_0089	cell_pair_0001	0.0009	-0.112474729258412
10	interaction_0250	cell_pair_0004	0.0009	-0.131313234677865
10	interaction_0169	cell_pair_0005	0.0009	-0.163267919540864
10	interaction_0244	cell_pair_0001	0.0009	-0.171368418311981
10	interaction_0089	cell_pair_0009	0.0009	-0.197599959885161
10	interaction_0037	cell_pair_0001	0.0009	-0.277533975528909
10	interaction_0080	cell_pair_0006	0.0009	-0.295128035543647
10	interaction_0110	cell_pair_0004	0.0009	-0.312939311660108
10	interaction_0045	cell_pair_0006	0.0009	-0.321928094887362
10	interaction_0038	cell_pair_0006	0.0009	-0.356605546520108
10	interaction_0037	cell_pair_0003	0.0009	-0.365871442474959
10	interaction_0148	cell_pair_0008	0.0009	-0.365871442474959
10	interaction_0179	cell_pair_0007	0.0009	-0.37894449670026
10	interaction_0217	cell_pair_0005	0.0009	-0.397828209246621
10	interaction_0080	cell_pair_0002	0.0009	-0.428565884123491
10	interaction_0104	cell_pair_0001	0.0009	-0.454031630894707
10	interaction_0045	cell_pair_0002	0.0009	-0.457989644463391
10	interaction_0209	cell_pair_0004	0.0009	-0.469929257774916
10	interaction_0110	cell_pair_0008	0.0009	-0.486004020632987
10	interaction_0035	cell_pair_0006	0.0009	-0.490050853695689
10	interaction_0020	cell_pair_0008	0.0009	-0.494109070270043
10	interaction_0229	cell_pair_0007	0.0009	-0.496142467422571
10	interaction_0229	cell_pair_0005	0.0009	-0.520769438793664
10	interaction_0198	cell_pair_0008	0.0009	-0.537424111957796
10	interaction_0147	cell_pair_0008	0.0009	-0.543719518489275
10	interaction_0229	cell_pair_0008	0.0009	-0.577766999316952
10	interaction_0110	cell_pair_0003	0.0009	-0.614845103115656
10	interaction_0035	cell_pair_0002	0.0009	-0.643856189774725
10	interaction_0072	cell_pair_0006	0.0009	-0.65744525452268
10	interaction_0080	cell_pair_0001	0.0009	-0.664288089679538
10	interaction_0090	cell_pair_0003	0.0009	-0.682695931638085
10	interaction_0258	cell_pair_0008	0.0009	-0.694321256757713
10	interaction_0045	cell_pair_0001	0.0009	-0.698997743967186
10	interaction_0053	cell_pair_0006	0.0009	-0.732164607902385
10	interaction_0020	cell_pair_0003	0.0009	-0.739372091873301
10	interaction_0177	cell_pair_0007	0.0009	-0.746615764199926
10	interaction_0190	cell_pair_0005	0.0009	-0.761213140412883
10	interaction_0081	cell_pair_0006	0.0009	-0.766111939825723
10	interaction_0131	cell_pair_0008	0.0009	-0.785875194647153
10	interaction_0046	cell_pair_0006	0.0009	-0.803392955905182
10	interaction_0045	cell_pair_0003	0.0009	-0.816037165157405
10	interaction_0246	cell_pair_0005	0.0009	-0.818579359719858
10	interaction_0252	cell_pair_0005	0.0009	-0.823677227359537
10	interaction_0072	cell_pair_0002	0.0009	-0.833927324053294
10	interaction_0179	cell_pair_0008	0.0009	-0.83650126771712
10	interaction_0192	cell_pair_0004	0.0009	-0.846843211938579
10	interaction_0179	cell_pair_0004	0.0009	-0.875671864997798
10	interaction_0021	cell_pair_0002	0.0009	-0.913216233857933
10	interaction_0053	cell_pair_0002	0.0009	-0.915935735211525
10	interaction_0035	cell_pair_0001	0.0009	-0.918660372548061
10	interaction_0195	cell_pair_0006	0.0009	-0.921390165303633
10	interaction_0090	cell_pair_0004	0.0009	-0.935117148415146
10	interaction_0247	cell_pair_0003	0.0009	-0.948975996975533
10	interaction_0253	cell_pair_0003	0.0009	-0.951763814347152
10	interaction_0192	cell_pair_0006	0.0009	-0.954557029238833
10	interaction_0184	cell_pair_0005	0.0009	-0.962969269055033
10	interaction_0201	cell_pair_0006	0.0009	-0.974262438586392
10	interaction_0110	cell_pair_0001	0.0009	-0.988504361162171
10	interaction_0018	cell_pair_0004	0.0009	-0.99136969485656
10	interaction_0184	cell_pair_0006	0.0009	-1.01449956969512
10	interaction_0036	cell_pair_0006	0.0009	-1.04097178105631
10	interaction_0252	cell_pair_0004	0.0009	-1.04990490582631
10	interaction_0192	cell_pair_0008	0.0009	-1.05289494843213
10	interaction_0035	cell_pair_0003	0.0009	-1.05889368905357
10	interaction_0090	cell_pair_0006	0.0009	-1.06491747668134
10	interaction_0225	cell_pair_0003	0.0009	-1.11403524324603
10	interaction_0004	cell_pair_0008	0.0009	-1.14241704461585
10	interaction_0072	cell_pair_0001	0.0009	-1.15200309344505
10	interaction_0131	cell_pair_0004	0.0009	-1.15200309344505
10	interaction_0251	cell_pair_0003	0.0009	-1.17462139610707
10	interaction_0225	cell_pair_0006	0.0009	-1.17788172527066
10	interaction_0184	cell_pair_0004	0.0009	-1.265344566521
10	interaction_0073	cell_pair_0006	0.0009	-1.29689930039584
10	interaction_0177	cell_pair_0008	0.0009	-1.36959452851768
10	interaction_0106	cell_pair_0003	0.0009	-1.41503749927884
10	interaction_0054	cell_pair_0006	0.0009	-1.41503749927884
10	interaction_0177	cell_pair_0004	0.0009	-1.42662547355406
10	interaction_0199	cell_pair_0006	0.0009	-1.44614803181887
10	interaction_0132	cell_pair_0002	0.0009	-1.47393118833241
10	interaction_0251	cell_pair_0004	0.0009	-1.49817873457909
10	interaction_0252	cell_pair_0008	0.0009	-1.52699243208383
10	interaction_0252	cell_pair_0003	0.0009	-1.53533173299656
10	interaction_0004	cell_pair_0003	0.0009	-1.55215635563791
10	interaction_0252	cell_pair_0006	0.0009	-1.56917950348023
10	interaction_0252	cell_pair_0007	0.0009	-1.59509687785487
10	interaction_0253	cell_pair_0006	0.0009	-1.60384051092685
10	interaction_0253	cell_pair_0007	0.0009	-1.63935479753978
10	interaction_0200	cell_pair_0006	0.0009	-1.72737954533701
10	interaction_0253	cell_pair_0004	0.0009	-1.75146516386132
10	interaction_0113	cell_pair_0004	0.0009	-1.79585928321977
10	interaction_0113	cell_pair_0003	0.0009	-1.81096617560998
10	interaction_0005	cell_pair_0002	0.0009	-1.87302714374223
10	interaction_0113	cell_pair_0006	0.0009	-1.97143084780323
10	interaction_0056	cell_pair_0006	0.0009	-2.04692104738749
10	interaction_0113	cell_pair_0001	0.0009	-2.19099722506091
10	interaction_0183	cell_pair_0003	0.01	0.865522959139964
10	interaction_0183	cell_pair_0006	0.01	0.853596506202512
10	interaction_0014	cell_pair_0006	0.01	-0.286304185156641
10	interaction_0209	cell_pair_0007	0.01	-0.446148031818874
10	interaction_0053	cell_pair_0001	0.01	-1.2584251525812
10	interaction_0168	cell_pair_0007	0.02	0.100304905795685
10	interaction_0112	cell_pair_0008	0.02	0.0827025893302493
10	interaction_0211	cell_pair_0001	0.02	-0.234465253637023
10	interaction_0080	cell_pair_0003	0.02	-0.778432211461591
10	interaction_0113	cell_pair_0007	0.02	-1.64837167089722
10	interaction_0194	cell_pair_0007	0.03	0.637842060324105
10	interaction_0240	cell_pair_0009	0.03	-0.210896782498619
10	interaction_0211	cell_pair_0002	0.03	-0.226003674888827
10	interaction_0021	cell_pair_0001	0.03	-1.07704103576383
10	interaction_0131	cell_pair_0006	0.03	-1.40354186044101
10	interaction_0112	cell_pair_0004	0.04	-0.210896782498619
10	interaction_0110	cell_pair_0007	0.04	-0.708396441969435
10	interaction_0168	cell_pair_0001	0.05	-0.0232697793228472
10	interaction_0192	cell_pair_0007	0.05	-1.14241704461585
11	interaction_0058	cell_pair_0007	0.0009	5.33585480093028
11	interaction_0058	cell_pair_0004	0.0009	5.26757325072488
11	interaction_0058	cell_pair_0006	0.0009	5.25750099080776
11	interaction_0059	cell_pair_0006	0.0009	5.23384972274311
11	interaction_0058	cell_pair_0003	0.0009	5.22935719612968
11	interaction_0058	cell_pair_0008	0.0009	5.22831846950506
11	interaction_0058	cell_pair_0002	0.0009	5.22793356607156
11	interaction_0058	cell_pair_0001	0.0009	5.22781807501407
11	interaction_0051	cell_pair_0007	0.0009	4.68750866072073
11	interaction_0049	cell_pair_0007	0.0009	4.64973041026389
11	interaction_0051	cell_pair_0004	0.0009	4.57905943566079
11	interaction_0051	cell_pair_0006	0.0009	4.56273087317944
11	interaction_0049	cell_pair_0004	0.0009	4.538227739736
11	interaction_0052	cell_pair_0006	0.0009	4.52431447022215
11	interaction_0049	cell_pair_0006	0.0009	4.52149051591394
11	interaction_0051	cell_pair_0003	0.0009	4.51696065989882
11	interaction_0051	cell_pair_0008	0.0009	4.51525829027167
11	interaction_0051	cell_pair_0002	0.0009	4.51462727287942
11	interaction_0051	cell_pair_0001	0.0009	4.51443791382931
11	interaction_0050	cell_pair_0006	0.0009	4.48188013962029
11	interaction_0049	cell_pair_0003	0.0009	4.4743062402884
11	interaction_0049	cell_pair_0008	0.0009	4.47255275626224
11	interaction_0049	cell_pair_0002	0.0009	4.47190277650674
11	interaction_0049	cell_pair_0001	0.0009	4.47170772546326
11	interaction_0231	cell_pair_0004	0.0009	3.49901669699333
11	interaction_0231	cell_pair_0007	0.0009	3.46362245685189
11	interaction_0224	cell_pair_0004	0.0009	3.45916928659895
11	interaction_0231	cell_pair_0003	0.0009	3.45325416949395
11	interaction_0231	cell_pair_0008	0.0009	3.45101324294397
11	interaction_0231	cell_pair_0001	0.0009	3.44731470025318
11	interaction_0231	cell_pair_0002	0.0009	3.42961596420174
11	interaction_0060	cell_pair_0007	0.0009	3.38887833881199
11	interaction_0060	cell_pair_0004	0.0009	3.10567807789454
11	interaction_0060	cell_pair_0006	0.0009	3.06004738366994
11	interaction_0061	cell_pair_0006	0.0009	2.94822704387917
11	interaction_0060	cell_pair_0003	0.0009	2.92618923436347
11	interaction_0060	cell_pair_0008	0.0009	2.92105542122233
11	interaction_0060	cell_pair_0002	0.0009	2.91914936328767
11	interaction_0060	cell_pair_0001	0.0009	2.91857705450362
11	interaction_0062	cell_pair_0007	0.0009	2.89316802608885
11	interaction_0162	cell_pair_0005	0.0009	2.80776706176642
11	interaction_0041	cell_pair_0007	0.0009	2.79639009733101
11	interaction_0074	cell_pair_0007	0.0009	2.75296262523898
11	interaction_0068	cell_pair_0007	0.0009	2.74265301430321
11	interaction_0164	cell_pair_0007	0.0009	2.7261772795547
11	interaction_0165	cell_pair_0007	0.0009	2.70265754339091
11	interaction_0167	cell_pair_0007	0.0009	2.70265754339091
11	interaction_0165	cell_pair_0005	0.0009	2.69821847822441
11	interaction_0167	cell_pair_0005	0.0009	2.69821847822441
11	interaction_0165	cell_pair_0008	0.0009	2.69198075060328
11	interaction_0165	cell_pair_0004	0.0009	2.68571593599065
11	interaction_0167	cell_pair_0004	0.0009	2.68571593599065
11	interaction_0070	cell_pair_0007	0.0009	2.68077442549246
11	interaction_0164	cell_pair_0004	0.0009	2.66948037187743
11	interaction_0160	cell_pair_0006	0.0009	2.66698377006666
11	interaction_0161	cell_pair_0008	0.0009	2.64270157183323
11	interaction_0162	cell_pair_0007	0.0009	2.64015815496328
11	interaction_0165	cell_pair_0003	0.0009	2.63436093169658
11	interaction_0165	cell_pair_0001	0.0009	2.62643913669732
11	interaction_0167	cell_pair_0001	0.0009	2.62643913669732
11	interaction_0167	cell_pair_0008	0.0009	2.62152444367146
11	interaction_0159	cell_pair_0009	0.0009	2.61423868309179
11	interaction_0186	cell_pair_0005	0.0009	2.54646235816709
11	interaction_0186	cell_pair_0004	0.0009	2.50105692365951
11	interaction_0186	cell_pair_0007	0.0009	2.48259017500071
11	interaction_0076	cell_pair_0007	0.0009	2.48052364638826
11	interaction_0062	cell_pair_0004	0.0009	2.4756037446846
11	interaction_0186	cell_pair_0008	0.0009	2.45549162062847
11	interaction_0062	cell_pair_0006	0.0009	2.40435819483331
11	interaction_0188	cell_pair_0005	0.0009	2.37573453858316
11	interaction_0041	cell_pair_0004	0.0009	2.34482849699744
11	interaction_0186	cell_pair_0009	0.0009	2.32969768903328
11	interaction_0043	cell_pair_0007	0.0009	2.30655389949654
11	interaction_0074	cell_pair_0004	0.0009	2.28540221886225
11	interaction_0068	cell_pair_0004	0.0009	2.27082791555366
11	interaction_0041	cell_pair_0006	0.0009	2.26663664251399
11	interaction_0063	cell_pair_0006	0.0009	2.22404027421793
11	interaction_0074	cell_pair_0006	0.0009	2.20382759794212
11	interaction_0068	cell_pair_0006	0.0009	2.18840092460321
11	interaction_0062	cell_pair_0003	0.0009	2.18745105402733
11	interaction_0070	cell_pair_0004	0.0009	2.18428029441938
11	interaction_0062	cell_pair_0008	0.0009	2.1788739581698
11	interaction_0062	cell_pair_0002	0.0009	2.175684270731
11	interaction_0062	cell_pair_0001	0.0009	2.17472598770613
11	interaction_0078	cell_pair_0007	0.0009	2.10500752476097
11	interaction_0070	cell_pair_0006	0.0009	2.09659920721425
11	interaction_0042	cell_pair_0006	0.0009	2.06695024392463
11	interaction_0265	cell_pair_0005	0.0009	2.06522762277562
11	interaction_0041	cell_pair_0003	0.0009	2.02609181434133
11	interaction_0041	cell_pair_0008	0.0009	2.0164963198962
11	interaction_0041	cell_pair_0002	0.0009	2.01292617444427
11	interaction_0041	cell_pair_0001	0.0009	2.01185340574379
11	interaction_0075	cell_pair_0006	0.0009	1.99457972421575
11	interaction_0069	cell_pair_0006	0.0009	1.97673022067715
11	interaction_0112	cell_pair_0005	0.0009	1.97342759800431
11	interaction_0074	cell_pair_0003	0.0009	1.95158779481475
11	interaction_0074	cell_pair_0008	0.0009	1.94148196386898
11	interaction_0074	cell_pair_0002	0.0009	1.93772102576179
11	interaction_0074	cell_pair_0001	0.0009	1.93659082982394
11	interaction_0068	cell_pair_0003	0.0009	1.93319491996043
11	interaction_0068	cell_pair_0008	0.0009	1.92295896423617
11	interaction_0068	cell_pair_0002	0.0009	1.91914936328767
11	interaction_0068	cell_pair_0001	0.0009	1.91800451859787
11	interaction_0076	cell_pair_0004	0.0009	1.89297381527333
11	interaction_0071	cell_pair_0006	0.0009	1.86987140617771
11	interaction_0045	cell_pair_0007	0.0009	1.8471951865894
11	interaction_0070	cell_pair_0003	0.0009	1.82293404802837
11	interaction_0080	cell_pair_0007	0.0009	1.82252621903883
11	interaction_0070	cell_pair_0008	0.0009	1.81188199621867
11	interaction_0070	cell_pair_0002	0.0009	1.80776706176642
11	interaction_0070	cell_pair_0001	0.0009	1.80653028925957
11	interaction_0076	cell_pair_0006	0.0009	1.78492270156286
11	interaction_0037	cell_pair_0007	0.0009	1.7663831410013
11	interaction_0035	cell_pair_0007	0.0009	1.75060650483559
11	interaction_0053	cell_pair_0007	0.0009	1.74502214903726
11	interaction_0055	cell_pair_0007	0.0009	1.7311832415722
11	interaction_0047	cell_pair_0007	0.0009	1.72552304552903
11	interaction_0272	cell_pair_0006	0.0009	1.7158933705476
11	interaction_0094	cell_pair_0007	0.0009	1.68526740651684
11	interaction_0181	cell_pair_0003	0.0009	1.67626740826589
11	interaction_0043	cell_pair_0004	0.0009	1.62293035092018
11	interaction_0114	cell_pair_0001	0.0009	1.61541629726287
11	interaction_0114	cell_pair_0001	0.0009	1.61541629726287
11	interaction_0181	cell_pair_0006	0.0009	1.56022582239965
11	interaction_0077	cell_pair_0006	0.0009	1.49825086752783
11	interaction_0043	cell_pair_0006	0.0009	1.49159659441045
11	interaction_0114	cell_pair_0002	0.0009	1.45364926604329
11	interaction_0114	cell_pair_0002	0.0009	1.45364926604329
11	interaction_0076	cell_pair_0003	0.0009	1.43722773891291
11	interaction_0076	cell_pair_0008	0.0009	1.42277121932047
11	interaction_0076	cell_pair_0002	0.0009	1.41683974191283
11	interaction_0076	cell_pair_0001	0.0009	1.4157586665225
11	interaction_0078	cell_pair_0004	0.0009	1.28392177230762
11	interaction_0212	cell_pair_0002	0.0009	1.18650055764449
11	interaction_0044	cell_pair_0006	0.0009	1.13093086982645
11	interaction_0078	cell_pair_0006	0.0009	1.11569915343159
11	interaction_0181	cell_pair_0005	0.0009	1.1036654827657
11	interaction_0043	cell_pair_0003	0.0009	1.05172011644733
11	interaction_0259	cell_pair_0005	0.0009	1.03351110236132
11	interaction_0043	cell_pair_0008	0.0009	1.03280614508324
11	interaction_0043	cell_pair_0002	0.0009	1.02573756141361
11	interaction_0043	cell_pair_0001	0.0009	1.02361021518265
11	interaction_0271	cell_pair_0006	0.0009	0.984771612385425
11	interaction_0271	cell_pair_0003	0.0009	0.952333566369686
11	interaction_0268	cell_pair_0005	0.0009	0.925999418556223
11	interaction_0181	cell_pair_0001	0.0009	0.850399396770255
11	interaction_0180	cell_pair_0006	0.0009	0.818850560895434
11	interaction_0240	cell_pair_0007	0.0009	0.813935070481317
11	interaction_0212	cell_pair_0001	0.0009	0.809002774939086
11	interaction_0045	cell_pair_0004	0.0009	0.791605724704552
11	interaction_0094	cell_pair_0004	0.0009	0.745882688902259
11	interaction_0080	cell_pair_0004	0.0009	0.739848102699327
11	interaction_0260	cell_pair_0007	0.0009	0.732920382108257
11	interaction_0181	cell_pair_0004	0.0009	0.711935356978922
11	interaction_0117	cell_pair_0005	0.0009	0.700439718141092
11	interaction_0240	cell_pair_0003	0.0009	0.644317778337577
11	interaction_0265	cell_pair_0008	0.0009	0.641546029087524
11	interaction_0240	cell_pair_0004	0.0009	0.63876894441695
11	interaction_0079	cell_pair_0006	0.0009	0.62760683812965
11	interaction_0037	cell_pair_0004	0.0009	0.618238655595455
11	interaction_0088	cell_pair_0005	0.0009	0.61635769699669
11	interaction_0035	cell_pair_0004	0.0009	0.583037623796664
11	interaction_0053	cell_pair_0004	0.0009	0.570462931026041
11	interaction_0261	cell_pair_0003	0.0009	0.564622052436981
11	interaction_0194	cell_pair_0004	0.0009	0.550900664647523
11	interaction_0045	cell_pair_0006	0.0009	0.5489297694764
11	interaction_0055	cell_pair_0004	0.0009	0.539034702970754
11	interaction_0047	cell_pair_0004	0.0009	0.526068811667588
11	interaction_0104	cell_pair_0001	0.0009	0.522055749160964
11	interaction_0078	cell_pair_0003	0.0009	0.513995979367013
11	interaction_0032	cell_pair_0005	0.0009	0.497740088609093
11	interaction_0260	cell_pair_0004	0.0009	0.492622328574446
11	interaction_0080	cell_pair_0006	0.0009	0.487486349348536
11	interaction_0078	cell_pair_0002	0.0009	0.476122419880152
11	interaction_0078	cell_pair_0001	0.0009	0.473007567916174
11	interaction_0249	cell_pair_0005	0.0009	0.443606651475615
11	interaction_0093	cell_pair_0009	0.0009	0.438292851579147
11	interaction_0093	cell_pair_0005	0.0009	0.435095151620097
11	interaction_0270	cell_pair_0003	0.0009	0.413594082409175
11	interaction_0093	cell_pair_0008	0.0009	0.400537929583729
11	interaction_0261	cell_pair_0006	0.0009	0.398350370345965
11	interaction_0261	cell_pair_0005	0.0009	0.391767719955997
11	interaction_0093	cell_pair_0004	0.0009	0.390667685559667
11	interaction_0261	cell_pair_0009	0.0009	0.387362540835996
11	interaction_0112	cell_pair_0008	0.0009	0.380729448503549
11	interaction_0014	cell_pair_0005	0.0009	0.372952097911829
11	interaction_0250	cell_pair_0003	0.0009	0.364012053558615
11	interaction_0261	cell_pair_0004	0.0009	0.36289064266586
11	interaction_0259	cell_pair_0007	0.0009	0.35501626421955
11	interaction_0037	cell_pair_0006	0.0009	0.341416524478722
11	interaction_0249	cell_pair_0004	0.0009	0.29983076182237
11	interaction_0035	cell_pair_0006	0.0009	0.298658315564515
11	interaction_0014	cell_pair_0001	0.0009	0.293958979028694
11	interaction_0210	cell_pair_0003	0.0009	0.293958979028694
11	interaction_0209	cell_pair_0007	0.0009	0.292781749227846
11	interaction_0053	cell_pair_0006	0.0009	0.283329168051641
11	interaction_0261	cell_pair_0002	0.0009	0.278579550458423
11	interaction_0055	cell_pair_0006	0.0009	0.244887059123534
11	interaction_0270	cell_pair_0006	0.0009	0.227741075839128
11	interaction_0244	cell_pair_0001	0.0009	0.222804561045261
11	interaction_0270	cell_pair_0005	0.0009	0.220329954879556
11	interaction_0270	cell_pair_0004	0.0009	0.186500557644495
11	interaction_0014	cell_pair_0003	0.0009	0.180147861158429
11	interaction_0268	cell_pair_0007	0.0009	0.178873958169795
11	interaction_0249	cell_pair_0003	0.0009	0.16349873228288
11	interaction_0014	cell_pair_0002	0.0009	0.15704371014558
11	interaction_0014	cell_pair_0008	0.0009	0.14535138557262
11	interaction_0089	cell_pair_0007	0.0009	0.141432790929296
11	interaction_0270	cell_pair_0002	0.0009	0.0922074380970889
11	interaction_0240	cell_pair_0001	0.0009	0.0908534304511135
11	interaction_0250	cell_pair_0006	0.0009	0.0854246562526777
11	interaction_0250	cell_pair_0004	0.0009	0.070389327891398
11	interaction_0250	cell_pair_0008	0.0009	0.0510240030244669
11	interaction_0249	cell_pair_0008	0.0009	0.0356239097307212
11	interaction_0248	cell_pair_0008	0.0009	0.018634174139051
11	interaction_0249	cell_pair_0006	0.0009	0.00863030514344006
11	interaction_0002	cell_pair_0001	0.0009	0.00575926928868495
11	interaction_0117	cell_pair_0006	0.0009	-0.0101343771337132
11	interaction_0272	cell_pair_0003	0.0009	-0.0306192350583921
11	interaction_0014	cell_pair_0006	0.0009	-0.0409717810563062
11	interaction_0221	cell_pair_0008	0.0009	-0.0619024389259069
11	interaction_0219	cell_pair_0008	0.0009	-0.0619024389259069
11	interaction_0089	cell_pair_0001	0.0009	-0.0862010350493039
11	interaction_0148	cell_pair_0001	0.0009	-0.0892673380970874
11	interaction_0241	cell_pair_0005	0.0009	-0.0954195650786824
11	interaction_0255	cell_pair_0008	0.0009	-0.110915901401851
11	interaction_0117	cell_pair_0003	0.0009	-0.148800661406706
11	interaction_0148	cell_pair_0004	0.0009	-0.236163541109049
11	interaction_0148	cell_pair_0007	0.0009	-0.237863830098888
11	interaction_0229	cell_pair_0007	0.0009	-0.249822294406943
11	interaction_0046	cell_pair_0006	0.0009	-0.249822294406943
11	interaction_0148	cell_pair_0002	0.0009	-0.300448367476911
11	interaction_0229	cell_pair_0004	0.0009	-0.3040061868901
11	interaction_0254	cell_pair_0009	0.0009	-0.316528107144772
11	interaction_0110	cell_pair_0004	0.0009	-0.341902794648628
11	interaction_0196	cell_pair_0007	0.0009	-0.351074440546879
11	interaction_0081	cell_pair_0006	0.0009	-0.358453970912476
11	interaction_0229	cell_pair_0005	0.0009	-0.44418384493836
11	interaction_0020	cell_pair_0003	0.0009	-0.514573172829758
11	interaction_0201	cell_pair_0006	0.0009	-0.535331732996556
11	interaction_0148	cell_pair_0008	0.0009	-0.56277226108709
11	interaction_0018	cell_pair_0008	0.0009	-0.582079992188035
11	interaction_0252	cell_pair_0005	0.0009	-0.614845103115656
11	interaction_0179	cell_pair_0007	0.0009	-0.617056130431009
11	interaction_0110	cell_pair_0003	0.0009	-0.628162382669579
11	interaction_0038	cell_pair_0006	0.0009	-0.630393929968162
11	interaction_0243	cell_pair_0009	0.0009	-0.673462651860048
11	interaction_0106	cell_pair_0003	0.0009	-0.675765437729469
11	interaction_0036	cell_pair_0006	0.0009	-0.715485866755755
11	interaction_0018	cell_pair_0004	0.0009	-0.717856771218502
11	interaction_0113	cell_pair_0007	0.0009	-0.717856771218502
11	interaction_0018	cell_pair_0003	0.0009	-0.720231578406405
11	interaction_0012	cell_pair_0003	0.0009	-0.72499295250013
11	interaction_0192	cell_pair_0006	0.0009	-0.734563103950902
11	interaction_0054	cell_pair_0006	0.0009	-0.749038426466781
11	interaction_0184	cell_pair_0007	0.0009	-0.758769964484555
11	interaction_0146	cell_pair_0002	0.0009	-0.761213140412883
11	interaction_0253	cell_pair_0003	0.0009	-0.785875194647153
11	interaction_0131	cell_pair_0008	0.0009	-0.800877357986399
11	interaction_0184	cell_pair_0005	0.0009	-0.826232932263294
11	interaction_0056	cell_pair_0006	0.0009	-0.826232932263294
11	interaction_0198	cell_pair_0008	0.0009	-0.839079811818897
11	interaction_0090	cell_pair_0003	0.0009	-0.891642821909581
11	interaction_0129	cell_pair_0008	0.0009	-0.902389203373578
11	interaction_0252	cell_pair_0004	0.0009	-0.932361283124637
11	interaction_0179	cell_pair_0008	0.0009	-1.04692104738749
11	interaction_0225	cell_pair_0006	0.0009	-1.04692104738749
11	interaction_0004	cell_pair_0003	0.0009	-1.05889368905357
11	interaction_0021	cell_pair_0002	0.0009	-1.07096652135414
11	interaction_0115	cell_pair_0003	0.0009	-1.08008791132269
11	interaction_0021	cell_pair_0001	0.0009	-1.0862010350493
11	interaction_0184	cell_pair_0003	0.0009	-1.08926733809709
11	interaction_0179	cell_pair_0004	0.0009	-1.15200309344505
11	interaction_0225	cell_pair_0004	0.0009	-1.18442457113743
11	interaction_0132	cell_pair_0002	0.0009	-1.27229732716276
11	interaction_0252	cell_pair_0003	0.0009	-1.27578631324264
11	interaction_0226	cell_pair_0001	0.0009	-1.27928375747887
11	interaction_0106	cell_pair_0004	0.0009	-1.35845397091248
11	interaction_0130	cell_pair_0002	0.0009	-1.41503749927884
11	interaction_0253	cell_pair_0006	0.0009	-1.49817873457909
11	interaction_0129	cell_pair_0004	0.0009	-1.50225991139091
11	interaction_0253	cell_pair_0004	0.0009	-1.54371951848927
11	interaction_0179	cell_pair_0001	0.0009	-1.57346686188333
11	interaction_0129	cell_pair_0006	0.0009	-1.608232280044
11	interaction_0200	cell_pair_0006	0.0009	-1.62593428177746
11	interaction_0199	cell_pair_0006	0.0009	-1.66200353648498
11	interaction_0251	cell_pair_0008	0.0009	-1.70839644196944
11	interaction_0005	cell_pair_0002	0.0009	-1.96578428466209
11	interaction_0129	cell_pair_0001	0.0009	-1.97709959788992
11	interaction_0116	cell_pair_0008	0.0009	-2.33642766458248
11	interaction_0078	cell_pair_0008	0.01	0.486456955768731
11	interaction_0270	cell_pair_0009	0.01	0.215367972203479
11	interaction_0170	cell_pair_0008	0.01	0.175045486110914
11	interaction_0240	cell_pair_0002	0.01	0.0384361816561079
11	interaction_0240	cell_pair_0005	0.01	-0.00723156923107586
11	interaction_0170	cell_pair_0004	0.01	-0.0144995696951151
11	interaction_0250	cell_pair_0009	0.01	-0.0908029370083126
11	interaction_0020	cell_pair_0008	0.01	-0.63710935733414
11	interaction_0184	cell_pair_0006	0.01	-1.03209362970985
11	interaction_0004	cell_pair_0008	0.01	-1.24127043154214
11	interaction_0090	cell_pair_0006	0.01	-1.72737954533701
11	interaction_0005	cell_pair_0001	0.01	-1.99424073071132
11	interaction_0113	cell_pair_0002	0.01	-2.17136841831198
11	interaction_0240	cell_pair_0008	0.02	0.18269229751619
11	interaction_0240	cell_pair_0006	0.02	0.0662614422687213
11	interaction_0019	cell_pair_0009	0.02	-0.865121945656888
11	interaction_0197	cell_pair_0006	0.02	-1.06491747668134
11	interaction_0195	cell_pair_0006	0.02	-1.08926733809709
11	interaction_0003	cell_pair_0009	0.02	-1.60384051092685
11	interaction_0181	cell_pair_0007	0.03	0.760433874670112
11	interaction_0110	cell_pair_0006	0.03	-0.729770092762002
11	interaction_0184	cell_pair_0008	0.03	-1.0
11	interaction_0110	cell_pair_0007	0.04	-0.630393929968162
11	interaction_0094	cell_pair_0009	0.05	0.353887836284907
11	interaction_0170	cell_pair_0007	0.05	0.0243196791954129
11	interaction_0226	cell_pair_0002	0.05	-1.27578631324264
12	interaction_0058	cell_pair_0007	0.0009	5.38363517967896
12	interaction_0058	cell_pair_0004	0.0009	5.31987078827475
12	interaction_0058	cell_pair_0006	0.0009	5.30030679608006
12	interaction_0059	cell_pair_0006	0.0009	5.28872767951457
12	interaction_0058	cell_pair_0002	0.0009	5.28824780857915
12	interaction_0058	cell_pair_0001	0.0009	5.28573511007802
12	interaction_0058	cell_pair_0008	0.0009	5.28440308409352
12	interaction_0051	cell_pair_0007	0.0009	4.78382330585117
12	interaction_0049	cell_pair_0007	0.0009	4.70713822406209
12	interaction_0051	cell_pair_0004	0.0009	4.68605224160798
12	interaction_0051	cell_pair_0006	0.0009	4.65558080965278
12	interaction_0052	cell_pair_0006	0.0009	4.63749432520631
12	interaction_0051	cell_pair_0002	0.0009	4.63668261716848
12	interaction_0051	cell_pair_0001	0.0009	4.63273352595054
12	interaction_0051	cell_pair_0008	0.0009	4.63069668382075
12	interaction_0049	cell_pair_0004	0.0009	4.60383401878455
12	interaction_0049	cell_pair_0006	0.0009	4.57155546802705
12	interaction_0050	cell_pair_0006	0.0009	4.55237707109487
12	interaction_0049	cell_pair_0002	0.0009	4.55157753849286
12	interaction_0049	cell_pair_0001	0.0009	4.54732643222811
12	interaction_0049	cell_pair_0008	0.0009	4.54516527594941
12	interaction_0231	cell_pair_0004	0.0009	3.44095219802964
12	interaction_0231	cell_pair_0008	0.0009	3.40340407648532
12	interaction_0231	cell_pair_0007	0.0009	3.38942914345393
12	interaction_0231	cell_pair_0003	0.0009	3.38832732379875
12	interaction_0231	cell_pair_0001	0.0009	3.38653507018475
12	interaction_0224	cell_pair_0004	0.0009	3.38515489688434
12	interaction_0231	cell_pair_0002	0.0009	3.38031386588772
12	interaction_0232	cell_pair_0004	0.0009	3.36106648879432
12	interaction_0231	cell_pair_0006	0.0009	3.35909943253201
12	interaction_0231	cell_pair_0009	0.0009	3.35459320716919
12	interaction_0060	cell_pair_0007	0.0009	3.19550508918433
12	interaction_0060	cell_pair_0004	0.0009	2.87892147974985
12	interaction_0162	cell_pair_0005	0.0009	2.81885056089543
12	interaction_0186	cell_pair_0005	0.0009	2.81290889856175
12	interaction_0060	cell_pair_0006	0.0009	2.76934859947786
12	interaction_0186	cell_pair_0004	0.0009	2.75574217934539
12	interaction_0186	cell_pair_0008	0.0009	2.75274859140713
12	interaction_0062	cell_pair_0007	0.0009	2.74566760205268
12	interaction_0061	cell_pair_0006	0.0009	2.70132725741294
12	interaction_0060	cell_pair_0002	0.0009	2.69821847822441
12	interaction_0165	cell_pair_0008	0.0009	2.69488019279919
12	interaction_0186	cell_pair_0007	0.0009	2.69421160776789
12	interaction_0068	cell_pair_0007	0.0009	2.6915341649192
12	interaction_0060	cell_pair_0001	0.0009	2.68302266506368
12	interaction_0060	cell_pair_0008	0.0009	2.67513845051136
12	interaction_0165	cell_pair_0005	0.0009	2.67446065156026
12	interaction_0167	cell_pair_0005	0.0009	2.67446065156026
12	interaction_0165	cell_pair_0004	0.0009	2.66721091248087
12	interaction_0167	cell_pair_0004	0.0009	2.66721091248087
12	interaction_0165	cell_pair_0007	0.0009	2.6507645591169
12	interaction_0167	cell_pair_0007	0.0009	2.6507645591169
12	interaction_0164	cell_pair_0004	0.0009	2.64800517981049
12	interaction_0041	cell_pair_0007	0.0009	2.64431777833758
12	interaction_0162	cell_pair_0007	0.0009	2.6378420603241
12	interaction_0074	cell_pair_0007	0.0009	2.63668261716848
12	interaction_0188	cell_pair_0005	0.0009	2.63552224145975
12	interaction_0167	cell_pair_0008	0.0009	2.63296612490967
12	interaction_0160	cell_pair_0006	0.0009	2.62947319678695
12	interaction_0164	cell_pair_0007	0.0009	2.625504294584
12	interaction_0161	cell_pair_0008	0.0009	2.6165929509786
12	interaction_0165	cell_pair_0003	0.0009	2.61353165291793
12	interaction_0187	cell_pair_0004	0.0009	2.61258840669872
12	interaction_0164	cell_pair_0003	0.0009	2.61211655222488
12	interaction_0070	cell_pair_0007	0.0009	2.61093624041816
12	interaction_0114	cell_pair_0002	0.0009	2.60667910442159
12	interaction_0114	cell_pair_0002	0.0009	2.60667910442159
12	interaction_0165	cell_pair_0001	0.0009	2.60145882061735
12	interaction_0167	cell_pair_0001	0.0009	2.60145882061735
12	interaction_0165	cell_pair_0002	0.0009	2.600269753509
12	interaction_0167	cell_pair_0002	0.0009	2.600269753509
12	interaction_0165	cell_pair_0006	0.0009	2.5933537709803
12	interaction_0076	cell_pair_0007	0.0009	2.40735275114004
12	interaction_0062	cell_pair_0004	0.0009	2.29337048420475
12	interaction_0068	cell_pair_0004	0.0009	2.2190910582462
12	interaction_0043	cell_pair_0007	0.0009	2.19503256501146
12	interaction_0041	cell_pair_0004	0.0009	2.15283240468942
12	interaction_0074	cell_pair_0004	0.0009	2.14208662961753
12	interaction_0062	cell_pair_0006	0.0009	2.12565110166152
12	interaction_0070	cell_pair_0004	0.0009	2.10567807789454
12	interaction_0068	cell_pair_0006	0.0009	2.04159344865918
12	interaction_0063	cell_pair_0006	0.0009	2.01792190799726
12	interaction_0078	cell_pair_0007	0.0009	2.0164963198962
12	interaction_0062	cell_pair_0002	0.0009	2.01292617444427
12	interaction_0062	cell_pair_0001	0.0009	1.98841202572479
12	interaction_0062	cell_pair_0008	0.0009	1.97563018628082
12	interaction_0041	cell_pair_0006	0.0009	1.9667995846272
12	interaction_0074	cell_pair_0006	0.0009	1.95456857075299
12	interaction_0069	cell_pair_0006	0.0009	1.9271379389685
12	interaction_0068	cell_pair_0002	0.0009	1.92219784839637
12	interaction_0070	cell_pair_0006	0.0009	1.91303299995214
12	interaction_0265	cell_pair_0005	0.0009	1.89762767427955
12	interaction_0068	cell_pair_0001	0.0009	1.89569039046369
12	interaction_0068	cell_pair_0008	0.0009	1.88205607096863
12	interaction_0174	cell_pair_0003	0.0009	1.8611613657534
12	interaction_0042	cell_pair_0006	0.0009	1.84599177066457
12	interaction_0041	cell_pair_0002	0.0009	1.84036251865844
12	interaction_0075	cell_pair_0006	0.0009	1.83228243570098
12	interaction_0074	cell_pair_0002	0.0009	1.82700600963898
12	interaction_0041	cell_pair_0001	0.0009	1.81270357656028
12	interaction_0076	cell_pair_0004	0.0009	1.8073549220576
12	interaction_0112	cell_pair_0005	0.0009	1.80570518483851
12	interaction_0074	cell_pair_0001	0.0009	1.799087306074
12	interaction_0041	cell_pair_0008	0.0009	1.7982579326445
12	interaction_0071	cell_pair_0006	0.0009	1.78743246451687
12	interaction_0074	cell_pair_0008	0.0009	1.78408514273476
12	interaction_0070	cell_pair_0002	0.0009	1.7819891158647
12	interaction_0070	cell_pair_0001	0.0009	1.75274859140713
12	interaction_0045	cell_pair_0007	0.0009	1.74717253703546
12	interaction_0070	cell_pair_0008	0.0009	1.73768676140986
12	interaction_0080	cell_pair_0007	0.0009	1.68795649404448
12	interaction_0037	cell_pair_0007	0.0009	1.66993383566896
12	interaction_0055	cell_pair_0007	0.0009	1.65626753479429
12	interaction_0053	cell_pair_0007	0.0009	1.65122394298988
12	interaction_0035	cell_pair_0007	0.0009	1.64200835725712
12	interaction_0086	cell_pair_0007	0.0009	1.60833615034766
12	interaction_0047	cell_pair_0007	0.0009	1.59884157813329
12	interaction_0072	cell_pair_0007	0.0009	1.59120067293238
12	interaction_0076	cell_pair_0006	0.0009	1.56657164062676
12	interaction_0094	cell_pair_0007	0.0009	1.55188510347172
12	interaction_0181	cell_pair_0003	0.0009	1.54250570147826
12	interaction_0043	cell_pair_0004	0.0009	1.47196778766152
12	interaction_0272	cell_pair_0006	0.0009	1.45575462218619
12	interaction_0274	cell_pair_0006	0.0009	1.44307615136267
12	interaction_0077	cell_pair_0006	0.0009	1.40490312214513
12	interaction_0076	cell_pair_0002	0.0009	1.39780296186249
12	interaction_0076	cell_pair_0001	0.0009	1.3595211704276
12	interaction_0076	cell_pair_0008	0.0009	1.3397075074486
12	interaction_0181	cell_pair_0006	0.0009	1.32019582126613
12	interaction_0259	cell_pair_0005	0.0009	1.22156778853841
12	interaction_0078	cell_pair_0004	0.0009	1.16414264884831
12	interaction_0043	cell_pair_0006	0.0009	1.1609201881811
12	interaction_0176	cell_pair_0007	0.0009	1.12101540096137
12	interaction_0268	cell_pair_0005	0.0009	1.06419306192749
12	interaction_0032	cell_pair_0005	0.0009	1.01077983875324
12	interaction_0212	cell_pair_0002	0.0009	1.00288250853312
12	interaction_0044	cell_pair_0006	0.0009	0.942608336111663
12	interaction_0043	cell_pair_0002	0.0009	0.932817102741851
12	interaction_0043	cell_pair_0001	0.0009	0.879705766282288
12	interaction_0043	cell_pair_0008	0.0009	0.851998837112446
12	interaction_0271	cell_pair_0003	0.0009	0.807354922057604
12	interaction_0078	cell_pair_0006	0.0009	0.768078435016455
12	interaction_0181	cell_pair_0007	0.0009	0.74931972457408
12	interaction_0181	cell_pair_0005	0.0009	0.732920382108257
12	interaction_0104	cell_pair_0001	0.0009	0.7311832415722
12	interaction_0271	cell_pair_0006	0.0009	0.727702672837238
12	interaction_0101	cell_pair_0001	0.0009	0.700439718141092
12	interaction_0098	cell_pair_0001	0.0009	0.6915341649192
12	interaction_0212	cell_pair_0001	0.0009	0.687956494044482
12	interaction_0261	cell_pair_0005	0.0009	0.678071905112638
12	interaction_0181	cell_pair_0001	0.0009	0.672651629328385
12	interaction_0261	cell_pair_0003	0.0009	0.654435540845399
12	interaction_0088	cell_pair_0005	0.0009	0.646162657157894
12	interaction_0045	cell_pair_0004	0.0009	0.634128557525041
12	interaction_0260	cell_pair_0004	0.0009	0.625738061908648
12	interaction_0002	cell_pair_0001	0.0009	0.608809242675524
12	interaction_0244	cell_pair_0001	0.0009	0.584962500721156
12	interaction_0259	cell_pair_0007	0.0009	0.584962500721156
12	interaction_0240	cell_pair_0007	0.0009	0.55581615506164
12	interaction_0117	cell_pair_0005	0.0009	0.552868871011303
12	interaction_0181	cell_pair_0002	0.0009	0.5489297694764
12	interaction_0094	cell_pair_0004	0.0009	0.538041453333664
12	interaction_0260	cell_pair_0007	0.0009	0.532067552289031
12	interaction_0180	cell_pair_0006	0.0009	0.530070742225084
12	interaction_0261	cell_pair_0006	0.0009	0.528071164578735
12	interaction_0261	cell_pair_0004	0.0009	0.516015147003665
12	interaction_0080	cell_pair_0004	0.0009	0.503857532577429
12	interaction_0255	cell_pair_0008	0.0009	0.496717987935177
12	interaction_0261	cell_pair_0007	0.0009	0.487486349348536
12	interaction_0260	cell_pair_0003	0.0009	0.474046599319306
12	interaction_0079	cell_pair_0006	0.0009	0.474046599319306
12	interaction_0181	cell_pair_0004	0.0009	0.464668267003444
12	interaction_0037	cell_pair_0004	0.0009	0.461528559472877
12	interaction_0078	cell_pair_0002	0.0009	0.459431618637297
12	interaction_0261	cell_pair_0002	0.0009	0.448900951145128
12	interaction_0270	cell_pair_0005	0.0009	0.443606651475615
12	interaction_0055	cell_pair_0004	0.0009	0.429749850800216
12	interaction_0053	cell_pair_0004	0.0009	0.417920007811965
12	interaction_0240	cell_pair_0004	0.0009	0.416839741912829
12	interaction_0270	cell_pair_0003	0.0009	0.415758666522498
12	interaction_0240	cell_pair_0003	0.0009	0.413594082409175
12	interaction_0035	cell_pair_0004	0.0009	0.396159489073155
12	interaction_0078	cell_pair_0001	0.0009	0.386259141133346
12	interaction_0078	cell_pair_0008	0.0009	0.347098670622268
12	interaction_0268	cell_pair_0007	0.0009	0.333423733725192
12	interaction_0241	cell_pair_0005	0.0009	0.321928094887362
12	interaction_0250	cell_pair_0003	0.0009	0.318461465167583
12	interaction_0086	cell_pair_0004	0.0009	0.314986485468515
12	interaction_0047	cell_pair_0004	0.0009	0.291603558030565
12	interaction_0014	cell_pair_0001	0.0009	0.2904244038653
12	interaction_0178	cell_pair_0005	0.0009	0.276198865032242
12	interaction_0072	cell_pair_0004	0.0009	0.272620454662992
12	interaction_0270	cell_pair_0006	0.0009	0.265436896049098
12	interaction_0249	cell_pair_0005	0.0009	0.264236151043547
12	interaction_0014	cell_pair_0002	0.0009	0.255802836602718
12	interaction_0270	cell_pair_0004	0.0009	0.250961573533219
12	interaction_0194	cell_pair_0004	0.0009	0.221567788538409
12	interaction_0270	cell_pair_0007	0.0009	0.215367972203479
12	interaction_0093	cell_pair_0005	0.0009	0.171206827418142
12	interaction_0270	cell_pair_0002	0.0009	0.169925001442312
12	interaction_0210	cell_pair_0003	0.0009	0.168642035558839
12	interaction_0093	cell_pair_0004	0.0009	0.16349873228288
12	interaction_0093	cell_pair_0008	0.0009	0.140124223909071
12	interaction_0249	cell_pair_0004	0.0009	0.140124223909071
12	interaction_0272	cell_pair_0003	0.0009	0.120351940365222
12	interaction_0014	cell_pair_0003	0.0009	0.117695042669755
12	interaction_0240	cell_pair_0006	0.0009	0.10701824988212
12	interaction_0274	cell_pair_0003	0.0009	0.0894981508391026
12	interaction_0248	cell_pair_0003	0.0009	0.0813396274519388
12	interaction_0014	cell_pair_0008	0.0009	0.070389327891398
12	interaction_0249	cell_pair_0008	0.0009	0.0648828515848544
12	interaction_0229	cell_pair_0005	0.0009	0.0593552776164212
12	interaction_0240	cell_pair_0001	0.0009	0.0257375614136083
12	interaction_0045	cell_pair_0006	0.0009	0.018634174139051
12	interaction_0250	cell_pair_0008	0.0009	-0.00723156923107586
12	interaction_0250	cell_pair_0004	0.0009	-0.0174170530774094
12	interaction_0240	cell_pair_0002	0.0009	-0.0174170530774094
12	interaction_0249	cell_pair_0003	0.0009	-0.0188780102056894
12	interaction_0209	cell_pair_0007	0.0009	-0.0203404482841755
12	interaction_0250	cell_pair_0006	0.0009	-0.036525876025114
12	interaction_0014	cell_pair_0005	0.0009	-0.0380063225797449
12	interaction_0240	cell_pair_0005	0.0009	-0.0394882898809755
12	interaction_0190	cell_pair_0005	0.0009	-0.0424567992428948
12	interaction_0170	cell_pair_0004	0.0009	-0.0469210473874926
12	interaction_0248	cell_pair_0008	0.0009	-0.0573916638883367
12	interaction_0248	cell_pair_0006	0.0009	-0.0649174766813385
12	interaction_0248	cell_pair_0004	0.0009	-0.0846703239869906
12	interaction_0089	cell_pair_0001	0.0009	-0.0938790470029001
12	interaction_0089	cell_pair_0007	0.0009	-0.121863233373052
12	interaction_0248	cell_pair_0001	0.0009	-0.13764780046798
12	interaction_0249	cell_pair_0006	0.0009	-0.142417044615852
12	interaction_0080	cell_pair_0006	0.0009	-0.186064929518683
12	interaction_0148	cell_pair_0001	0.0009	-0.190997225060914
12	interaction_0148	cell_pair_0004	0.0009	-0.194294815161489
12	interaction_0229	cell_pair_0004	0.0009	-0.214240225572989
12	interaction_0148	cell_pair_0002	0.0009	-0.226003674888827
12	interaction_0185	cell_pair_0005	0.0009	-0.241270431542137
12	interaction_0185	cell_pair_0005	0.0009	-0.241270431542137
12	interaction_0185	cell_pair_0005	0.0009	-0.241270431542137
12	interaction_0185	cell_pair_0005	0.0009	-0.241270431542137
12	interaction_0185	cell_pair_0005	0.0009	-0.241270431542137
12	interaction_0185	cell_pair_0005	0.0009	-0.241270431542137
12	interaction_0185	cell_pair_0005	0.0009	-0.241270431542137
12	interaction_0185	cell_pair_0005	0.0009	-0.241270431542137
12	interaction_0117	cell_pair_0003	0.0009	-0.244685095954902
12	interaction_0037	cell_pair_0006	0.0009	-0.253257284222264
12	interaction_0148	cell_pair_0007	0.0009	-0.272297327162762
12	interaction_0089	cell_pair_0002	0.0009	-0.275786313242642
12	interaction_0229	cell_pair_0007	0.0009	-0.279283757478869
12	interaction_0117	cell_pair_0006	0.0009	-0.302226180444814
12	interaction_0055	cell_pair_0006	0.0009	-0.305788392232109
12	interaction_0053	cell_pair_0006	0.0009	-0.325539348439741
12	interaction_0148	cell_pair_0008	0.0009	-0.327348370671615
12	interaction_0179	cell_pair_0007	0.0009	-0.329159664118438
12	interaction_0035	cell_pair_0006	0.0009	-0.362157939675895
12	interaction_0196	cell_pair_0007	0.0009	-0.367731784500487
12	interaction_0110	cell_pair_0004	0.0009	-0.375197234747053
12	interaction_0018	cell_pair_0008	0.0009	-0.41119543298445
12	interaction_0089	cell_pair_0004	0.0009	-0.41119543298445
12	interaction_0201	cell_pair_0006	0.0009	-0.467932447710969
12	interaction_0221	cell_pair_0006	0.0009	-0.473931188332412
12	interaction_0219	cell_pair_0006	0.0009	-0.473931188332412
12	interaction_0002	cell_pair_0002	0.0009	-0.483984852996335
12	interaction_0146	cell_pair_0008	0.0009	-0.486004020632987
12	interaction_0086	cell_pair_0006	0.0009	-0.502259911390907
12	interaction_0046	cell_pair_0006	0.0009	-0.516635639286651
12	interaction_0176	cell_pair_0004	0.0009	-0.526992432083826
12	interaction_0267	cell_pair_0001	0.0009	-0.545824106814198
12	interaction_0177	cell_pair_0007	0.0009	-0.579921884020626
12	interaction_0267	cell_pair_0002	0.0009	-0.610433188237274
12	interaction_0110	cell_pair_0003	0.0009	-0.628162382669579
12	interaction_0018	cell_pair_0004	0.0009	-0.65744525452268
12	interaction_0147	cell_pair_0008	0.0009	-0.713118852211838
12	interaction_0253	cell_pair_0003	0.0009	-0.729770092762002
12	interaction_0106	cell_pair_0003	0.0009	-0.734563103950902
12	interaction_0020	cell_pair_0003	0.0009	-0.783389931257558
12	interaction_0179	cell_pair_0008	0.0009	-0.800877357986399
12	interaction_0131	cell_pair_0008	0.0009	-0.805912947883698
12	interaction_0236	cell_pair_0003	0.0009	-0.813499442355505
12	interaction_0103	cell_pair_0003	0.0009	-0.818579359719858
12	interaction_0081	cell_pair_0006	0.0009	-0.823677227359537
12	interaction_0092	cell_pair_0005	0.0009	-0.839079811818897
12	interaction_0100	cell_pair_0003	0.0009	-0.844250767322055
12	interaction_0252	cell_pair_0005	0.0009	-0.844250767322055
12	interaction_0267	cell_pair_0003	0.0009	-0.873027143742234
12	interaction_0129	cell_pair_0008	0.0009	-0.894321922105463
12	interaction_0195	cell_pair_0006	0.0009	-0.899695094204314
12	interaction_0021	cell_pair_0002	0.0009	-0.902389203373578
12	interaction_0018	cell_pair_0003	0.0009	-0.907792561902911
12	interaction_0184	cell_pair_0005	0.0009	-0.926865295369785
12	interaction_0038	cell_pair_0006	0.0009	-0.929610672108602
12	interaction_0198	cell_pair_0008	0.0009	-0.932361283124637
12	interaction_0226	cell_pair_0005	0.0009	-0.974262438586392
12	interaction_0056	cell_pair_0006	0.0009	-1.01449956969512
12	interaction_0192	cell_pair_0004	0.0009	-1.02034044828418
12	interaction_0179	cell_pair_0004	0.0009	-1.02326977932285
12	interaction_0199	cell_pair_0006	0.0009	-1.02914634565952
12	interaction_0054	cell_pair_0006	0.0009	-1.04990490582631
12	interaction_0192	cell_pair_0008	0.0009	-1.05889368905357
12	interaction_0090	cell_pair_0003	0.0009	-1.09541956507868
12	interaction_0036	cell_pair_0006	0.0009	-1.10780328953451
12	interaction_0252	cell_pair_0004	0.0009	-1.12658049656514
12	interaction_0021	cell_pair_0001	0.0009	-1.13289427049735
12	interaction_0177	cell_pair_0008	0.0009	-1.16165326347877
12	interaction_0019	cell_pair_0001	0.0009	-1.19429481516149
12	interaction_0197	cell_pair_0006	0.0009	-1.19429481516149
12	interaction_0225	cell_pair_0006	0.0009	-1.21759143507263
12	interaction_0251	cell_pair_0003	0.0009	-1.27229732716276
12	interaction_0131	cell_pair_0004	0.0009	-1.32553934843974
12	interaction_0225	cell_pair_0003	0.0009	-1.33642766458248
12	interaction_0087	cell_pair_0006	0.0009	-1.35107444054688
12	interaction_0200	cell_pair_0006	0.0009	-1.35475948735473
12	interaction_0273	cell_pair_0006	0.0009	-1.37332724739401
12	interaction_0179	cell_pair_0006	0.0009	-1.37706964907982
12	interaction_0106	cell_pair_0004	0.0009	-1.42662547355406
12	interaction_0175	cell_pair_0005	0.0009	-1.43830727860169
12	interaction_0113	cell_pair_0007	0.0009	-1.43830727860169
12	interaction_0177	cell_pair_0004	0.0009	-1.45403163089471
12	interaction_0129	cell_pair_0004	0.0009	-1.45403163089471
12	interaction_0175	cell_pair_0004	0.0009	-1.46195854666634
12	interaction_0179	cell_pair_0001	0.0009	-1.48600402063299
12	interaction_0073	cell_pair_0006	0.0009	-1.49410907027004
12	interaction_0253	cell_pair_0008	0.0009	-1.51045706435753
12	interaction_0253	cell_pair_0004	0.0009	-1.53951952995999
12	interaction_0103	cell_pair_0004	0.0009	-1.5649048483799
12	interaction_0004	cell_pair_0003	0.0009	-1.57776699931695
12	interaction_0090	cell_pair_0006	0.0009	-1.59074485331516
12	interaction_0253	cell_pair_0006	0.0009	-1.59509687785487
12	interaction_0100	cell_pair_0004	0.0009	-1.608232280044
12	interaction_0132	cell_pair_0002	0.0009	-1.62593428177746
12	interaction_0230	cell_pair_0004	0.0009	-1.63039392996816
12	interaction_0251	cell_pair_0008	0.0009	-1.65744525452268
12	interaction_0251	cell_pair_0006	0.0009	-1.68038206579984
12	interaction_0191	cell_pair_0004	0.0009	-1.69432125675771
12	interaction_0251	cell_pair_0004	0.0009	-1.74661576419993
12	interaction_0191	cell_pair_0008	0.0009	-1.75633091903314
12	interaction_0228	cell_pair_0006	0.0009	-1.75633091903314
12	interaction_0090	cell_pair_0004	0.0009	-1.76611193982572
12	interaction_0191	cell_pair_0006	0.0009	-1.78587519464715
12	interaction_0130	cell_pair_0002	0.0009	-1.78587519464715
12	interaction_0005	cell_pair_0002	0.0009	-1.79085860216141
12	interaction_0228	cell_pair_0007	0.0009	-1.82623293226329
12	interaction_0251	cell_pair_0001	0.0009	-1.91593573521153
12	interaction_0129	cell_pair_0001	0.0009	-1.92139016530363
12	interaction_0105	cell_pair_0003	0.0009	-1.92686529536978
12	interaction_0258	cell_pair_0008	0.0009	-2.0
12	interaction_0273	cell_pair_0003	0.0009	-2.01158797427521
12	interaction_0130	cell_pair_0001	0.0009	-2.08314123530025
12	interaction_0102	cell_pair_0003	0.0009	-2.13289427049735
12	interaction_0099	cell_pair_0003	0.0009	-2.19759995988516
12	interaction_0005	cell_pair_0001	0.0009	-2.25153876699596
12	interaction_0113	cell_pair_0002	0.0009	-2.27928375747887
12	interaction_0113	cell_pair_0006	0.0009	-2.32192809488736
12	interaction_0003	cell_pair_0001	0.0009	-2.38835545662634
12	interaction_0113	cell_pair_0001	0.0009	-2.52284078881336
12	interaction_0097	cell_pair_0001	0.0009	-2.52284078881336
12	interaction_0111	cell_pair_0001	0.0009	-2.59074485331516
12	interaction_0194	cell_pair_0008	0.01	0.495695162624069
12	interaction_0240	cell_pair_0008	0.01	0.144046369616707
12	interaction_0192	cell_pair_0006	0.01	-1.07704103576383
12	interaction_0020	cell_pair_0008	0.01	-1.12658049656514
12	interaction_0225	cell_pair_0008	0.01	-1.22095044716254
12	interaction_0226	cell_pair_0003	0.01	-1.29689930039584
12	interaction_0175	cell_pair_0008	0.01	-1.53533173299656
12	interaction_0191	cell_pair_0003	0.01	-2.25153876699596
12	interaction_0114	cell_pair_0007	0.02	1.57676397767313
12	interaction_0114	cell_pair_0007	0.02	1.57676397767313
12	interaction_0170	cell_pair_0007	0.02	-0.0424567992428948
12	interaction_0229	cell_pair_0008	0.02	-0.623709616662948
12	interaction_0194	cell_pair_0007	0.03	0.221567788538409
12	interaction_0101	cell_pair_0002	0.03	-0.44418384493836
12	interaction_0114	cell_pair_0001	0.04	1.23572705983806
12	interaction_0114	cell_pair_0001	0.04	1.23572705983806
12	interaction_0170	cell_pair_0008	0.04	-0.0203404482841755
12	interaction_0014	cell_pair_0006	0.04	-0.29689930039584
12	interaction_0104	cell_pair_0002	0.04	-0.37894449670026
12	interaction_0098	cell_pair_0002	0.04	-0.46394709975979
12	interaction_0072	cell_pair_0006	0.05	-0.579921884020626
12	interaction_0252	cell_pair_0008	0.05	-1.31473259348316
12	interaction_0097	cell_pair_0002	0.05	-2.93236128312464
13	interaction_0058	cell_pair_0007	0.0009	5.40793052929529
13	interaction_0058	cell_pair_0004	0.0009	5.32113439432721
13	interaction_0058	cell_pair_0006	0.0009	5.31831684133498
13	interaction_0058	cell_pair_0009	0.0009	5.29840171588434
13	interaction_0059	cell_pair_0006	0.0009	5.28917049567547
13	interaction_0058	cell_pair_0003	0.0009	5.28854313265907
13	interaction_0058	cell_pair_0002	0.0009	5.28806320032532
13	interaction_0058	cell_pair_0001	0.0009	5.28732453099328
13	interaction_0051	cell_pair_0007	0.0009	4.67987414774662
13	interaction_0049	cell_pair_0007	0.0009	4.57525181368661
13	interaction_0051	cell_pair_0004	0.0009	4.53306492186964
13	interaction_0051	cell_pair_0006	0.0009	4.52819621940835
13	interaction_0051	cell_pair_0009	0.0009	4.49358329246856
13	interaction_0052	cell_pair_0006	0.0009	4.47741829263492
13	interaction_0051	cell_pair_0003	0.0009	4.47631687501344
13	interaction_0051	cell_pair_0002	0.0009	4.47553889717179
13	interaction_0051	cell_pair_0001	0.0009	4.47424133442669
13	interaction_0049	cell_pair_0004	0.0009	4.41677219842908
13	interaction_0049	cell_pair_0006	0.0009	4.41149403995316
13	interaction_0049	cell_pair_0009	0.0009	4.37392656268436
13	interaction_0050	cell_pair_0006	0.0009	4.35635512702973
13	interaction_0049	cell_pair_0003	0.0009	4.35515725567247
13	interaction_0049	cell_pair_0002	0.0009	4.35431110019902
13	interaction_0049	cell_pair_0001	0.0009	4.35289973729944
13	interaction_0231	cell_pair_0004	0.0009	3.47144761637739
13	interaction_0231	cell_pair_0008	0.0009	3.45575462218619
13	interaction_0231	cell_pair_0007	0.0009	3.45509702837341
13	interaction_0224	cell_pair_0004	0.0009	3.44929724150358
13	interaction_0231	cell_pair_0001	0.0009	3.43882511317562
13	interaction_0231	cell_pair_0003	0.0009	3.43736092100771
13	interaction_0231	cell_pair_0002	0.0009	3.41724493642213
13	interaction_0232	cell_pair_0008	0.0009	3.40762467556661
13	interaction_0231	cell_pair_0009	0.0009	3.40544784370754
13	interaction_0060	cell_pair_0007	0.0009	3.31759350462347
13	interaction_0041	cell_pair_0007	0.0009	3.0064775640712
13	interaction_0162	cell_pair_0005	0.0009	3.00054090922619
13	interaction_0165	cell_pair_0008	0.0009	2.96901230751632
13	interaction_0162	cell_pair_0007	0.0009	2.94035471153329
13	interaction_0165	cell_pair_0007	0.0009	2.91876784932515
13	interaction_0060	cell_pair_0004	0.0009	2.90496571868403
13	interaction_0165	cell_pair_0004	0.0009	2.89103026784092
13	interaction_0167	cell_pair_0004	0.0009	2.89103026784092
13	interaction_0060	cell_pair_0006	0.0009	2.88986288136518
13	interaction_0165	cell_pair_0005	0.0009	2.88459792099006
13	interaction_0167	cell_pair_0005	0.0009	2.88459792099006
13	interaction_0167	cell_pair_0007	0.0009	2.87833298492591
13	interaction_0161	cell_pair_0008	0.0009	2.87460026604958
13	interaction_0164	cell_pair_0004	0.0009	2.87302570104647
13	interaction_0160	cell_pair_0006	0.0009	2.85359650620251
13	interaction_0165	cell_pair_0003	0.0009	2.84819726695259
13	interaction_0165	cell_pair_0006	0.0009	2.84799690655495
13	interaction_0062	cell_pair_0007	0.0009	2.8471951865894
13	interaction_0165	cell_pair_0009	0.0009	2.84297883178833
13	interaction_0167	cell_pair_0009	0.0009	2.84297883178833
13	interaction_0167	cell_pair_0008	0.0009	2.83693401132109
13	interaction_0165	cell_pair_0001	0.0009	2.83551990138694
13	interaction_0167	cell_pair_0001	0.0009	2.83551990138694
13	interaction_0070	cell_pair_0007	0.0009	2.81844157576416
13	interaction_0074	cell_pair_0007	0.0009	2.81393507048132
13	interaction_0060	cell_pair_0009	0.0009	2.77925972037238
13	interaction_0068	cell_pair_0007	0.0009	2.73898395470051
13	interaction_0061	cell_pair_0006	0.0009	2.72552304552903
13	interaction_0060	cell_pair_0003	0.0009	2.72181010491404
13	interaction_0060	cell_pair_0002	0.0009	2.71918344048179
13	interaction_0060	cell_pair_0001	0.0009	2.71479501111816
13	interaction_0186	cell_pair_0005	0.0009	2.64662350847658
13	interaction_0186	cell_pair_0004	0.0009	2.60573136581573
13	interaction_0076	cell_pair_0007	0.0009	2.57555437330874
13	interaction_0186	cell_pair_0008	0.0009	2.54349588342577
13	interaction_0186	cell_pair_0007	0.0009	2.53530648561242
13	interaction_0041	cell_pair_0004	0.0009	2.4743062402884
13	interaction_0043	cell_pair_0007	0.0009	2.47300756791617
13	interaction_0041	cell_pair_0006	0.0009	2.45391260364389
13	interaction_0187	cell_pair_0008	0.0009	2.41494732802091
13	interaction_0041	cell_pair_0009	0.0009	2.30188025283903
13	interaction_0078	cell_pair_0007	0.0009	2.27947129564447
13	interaction_0062	cell_pair_0004	0.0009	2.23756371831768
13	interaction_0042	cell_pair_0006	0.0009	2.22650852980868
13	interaction_0041	cell_pair_0003	0.0009	2.22156778853841
13	interaction_0041	cell_pair_0002	0.0009	2.21754093986252
13	interaction_0062	cell_pair_0006	0.0009	2.21350281998392
13	interaction_0041	cell_pair_0001	0.0009	2.21132375704161
13	interaction_0070	cell_pair_0004	0.0009	2.19377174339668
13	interaction_0074	cell_pair_0004	0.0009	2.18650055764449
13	interaction_0070	cell_pair_0006	0.0009	2.16896288400693
13	interaction_0074	cell_pair_0006	0.0009	2.16156525639703
13	interaction_0068	cell_pair_0004	0.0009	2.06901467791518
13	interaction_0068	cell_pair_0006	0.0009	2.04194382997017
13	interaction_0045	cell_pair_0007	0.0009	1.99313087142926
13	interaction_0070	cell_pair_0009	0.0009	1.98148736779826
13	interaction_0037	cell_pair_0007	0.0009	1.97673022067715
13	interaction_0074	cell_pair_0009	0.0009	1.97342759800431
13	interaction_0053	cell_pair_0007	0.0009	1.95977015521147
13	interaction_0063	cell_pair_0006	0.0009	1.94110631094643
13	interaction_0047	cell_pair_0007	0.0009	1.93885033700606
13	interaction_0062	cell_pair_0003	0.0009	1.93470520017256
13	interaction_0080	cell_pair_0007	0.0009	1.93281710274185
13	interaction_0062	cell_pair_0002	0.0009	1.9297909977186
13	interaction_0062	cell_pair_0001	0.0009	1.92257845650856
13	interaction_0035	cell_pair_0007	0.0009	1.92181713984662
13	interaction_0055	cell_pair_0007	0.0009	1.91724078377809
13	interaction_0071	cell_pair_0006	0.0009	1.88674522474211
13	interaction_0086	cell_pair_0007	0.0009	1.88479326254353
13	interaction_0070	cell_pair_0003	0.0009	1.88048962668782
13	interaction_0075	cell_pair_0006	0.0009	1.87813676662695
13	interaction_0070	cell_pair_0002	0.0009	1.87538690458646
13	interaction_0074	cell_pair_0003	0.0009	1.871449415677
13	interaction_0070	cell_pair_0001	0.0009	1.86750115092239
13	interaction_0074	cell_pair_0002	0.0009	1.86671019967403
13	interaction_0074	cell_pair_0001	0.0009	1.85877674530819
13	interaction_0265	cell_pair_0005	0.0009	1.84518893534008
13	interaction_0068	cell_pair_0009	0.0009	1.83632813392398
13	interaction_0076	cell_pair_0004	0.0009	1.7995018140616
13	interaction_0181	cell_pair_0003	0.0009	1.76977173924945
13	interaction_0076	cell_pair_0006	0.0009	1.76680715130292
13	interaction_0069	cell_pair_0006	0.0009	1.7311832415722
13	interaction_0068	cell_pair_0003	0.0009	1.72421368675736
13	interaction_0068	cell_pair_0002	0.0009	1.71852602646226
13	interaction_0068	cell_pair_0001	0.0009	1.70973175942069
13	interaction_0043	cell_pair_0004	0.0009	1.61964776693088
13	interaction_0181	cell_pair_0006	0.0009	1.61211655222488
13	interaction_0043	cell_pair_0006	0.0009	1.58255600301406
13	interaction_0076	cell_pair_0009	0.0009	1.51399597936701
13	interaction_0077	cell_pair_0006	0.0009	1.38128337250378
13	interaction_0076	cell_pair_0003	0.0009	1.37183761733042
13	interaction_0076	cell_pair_0002	0.0009	1.36457243229586
13	interaction_0076	cell_pair_0001	0.0009	1.35388783628491
13	interaction_0078	cell_pair_0004	0.0009	1.24792751344359
13	interaction_0078	cell_pair_0006	0.0009	1.19975085671584
13	interaction_0212	cell_pair_0002	0.0009	1.1407786557828
13	interaction_0044	cell_pair_0006	0.0009	1.13553486976119
13	interaction_0181	cell_pair_0007	0.0009	1.13290581201151
13	interaction_0043	cell_pair_0003	0.0009	1.1243281350022
13	interaction_0043	cell_pair_0002	0.0009	1.11569915343159
13	interaction_0043	cell_pair_0001	0.0009	1.10232219119669
13	interaction_0181	cell_pair_0005	0.0009	1.09423606984577
13	interaction_0094	cell_pair_0007	0.0009	1.06350294230616
13	interaction_0268	cell_pair_0005	0.0009	1.03773362744651
13	interaction_0259	cell_pair_0005	0.0009	1.02927618237063
13	interaction_0181	cell_pair_0001	0.0009	0.970853654340484
13	interaction_0176	cell_pair_0007	0.0009	0.966430467306298
13	interaction_0180	cell_pair_0006	0.0009	0.843179890257174
13	interaction_0194	cell_pair_0008	0.0009	0.817213924258327
13	interaction_0212	cell_pair_0001	0.0009	0.807354922057604
13	interaction_0268	cell_pair_0007	0.0009	0.787432464516868
13	interaction_0259	cell_pair_0007	0.0009	0.777367109450413
13	interaction_0181	cell_pair_0008	0.0009	0.770617646656203
13	interaction_0270	cell_pair_0005	0.0009	0.663572335417523
13	interaction_0261	cell_pair_0005	0.0009	0.652601217596519
13	interaction_0088	cell_pair_0005	0.0009	0.641546029087524
13	interaction_0194	cell_pair_0007	0.0009	0.587845009254278
13	interaction_0045	cell_pair_0004	0.0009	0.586884812852185
13	interaction_0079	cell_pair_0006	0.0009	0.584000383285773
13	interaction_0249	cell_pair_0005	0.0009	0.57918014812715
13	interaction_0255	cell_pair_0008	0.0009	0.572404647390332
13	interaction_0244	cell_pair_0001	0.0009	0.568518597792544
13	interaction_0078	cell_pair_0003	0.0009	0.567545447643747
13	interaction_0078	cell_pair_0002	0.0009	0.55581615506164
13	interaction_0014	cell_pair_0005	0.0009	0.549915553621955
13	interaction_0037	cell_pair_0004	0.0009	0.542010355536609
13	interaction_0240	cell_pair_0004	0.0009	0.539034702970754
13	interaction_0078	cell_pair_0001	0.0009	0.53605290024021
13	interaction_0002	cell_pair_0001	0.0009	0.528071164578735
13	interaction_0045	cell_pair_0006	0.0009	0.509949146304311
13	interaction_0014	cell_pair_0003	0.0009	0.503857532577429
13	interaction_0240	cell_pair_0007	0.0009	0.502839758255931
13	interaction_0053	cell_pair_0004	0.0009	0.496717987935177
13	interaction_0240	cell_pair_0003	0.0009	0.481298941547565
13	interaction_0037	cell_pair_0006	0.0009	0.462575888042204
13	interaction_0270	cell_pair_0003	0.0009	0.455228571117139
13	interaction_0260	cell_pair_0004	0.0009	0.447843644362086
13	interaction_0261	cell_pair_0003	0.0009	0.442545456105304
13	interaction_0047	cell_pair_0004	0.0009	0.438292851579147
13	interaction_0270	cell_pair_0006	0.0009	0.429749850800216
13	interaction_0080	cell_pair_0004	0.0009	0.420078115979374
13	interaction_0261	cell_pair_0006	0.0009	0.416839741912829
13	interaction_0053	cell_pair_0006	0.0009	0.414676780426886
13	interaction_0035	cell_pair_0004	0.0009	0.388465097283154
13	interaction_0250	cell_pair_0003	0.0009	0.376290383337052
13	interaction_0055	cell_pair_0004	0.0009	0.375178479589612
13	interaction_0240	cell_pair_0008	0.0009	0.369606070031838
13	interaction_0249	cell_pair_0008	0.0009	0.366252263699564
13	interaction_0270	cell_pair_0002	0.0009	0.336854639125465
13	interaction_0080	cell_pair_0006	0.0009	0.333423733725192
13	interaction_0249	cell_pair_0003	0.0009	0.327687364176047
13	interaction_0261	cell_pair_0002	0.0009	0.323081789503733
13	interaction_0248	cell_pair_0008	0.0009	0.316145742293356
13	interaction_0270	cell_pair_0004	0.0009	0.305678743242287
13	interaction_0035	cell_pair_0006	0.0009	0.29983076182237
13	interaction_0014	cell_pair_0001	0.0009	0.298658315564515
13	interaction_0261	cell_pair_0004	0.0009	0.291603558030565
13	interaction_0014	cell_pair_0002	0.0009	0.291603558030565
13	interaction_0055	cell_pair_0006	0.0009	0.285698125958125
13	interaction_0249	cell_pair_0004	0.0009	0.282143228781498
13	interaction_0248	cell_pair_0003	0.0009	0.279768421593595
13	interaction_0086	cell_pair_0004	0.0009	0.279768421593595
13	interaction_0250	cell_pair_0004	0.0009	0.252173413202027
13	interaction_0240	cell_pair_0005	0.0009	0.246104009883917
13	interaction_0250	cell_pair_0006	0.0009	0.235114320376357
13	interaction_0261	cell_pair_0009	0.0009	0.205392512989685
13	interaction_0240	cell_pair_0006	0.0009	0.194087052116302
13	interaction_0250	cell_pair_0008	0.0009	0.186500557644495
13	interaction_0178	cell_pair_0005	0.0009	0.185232254230161
13	interaction_0086	cell_pair_0006	0.0009	0.183962834842595
13	interaction_0240	cell_pair_0001	0.0009	0.159629185821228
13	interaction_0240	cell_pair_0002	0.0009	0.147957881387101
13	interaction_0014	cell_pair_0004	0.0009	0.138814468902282
13	interaction_0089	cell_pair_0001	0.0009	0.0482361856528476
13	interaction_0170	cell_pair_0004	0.0009	0.0384361816561079
13	interaction_0229	cell_pair_0004	0.0009	0.0313951962755343
13	interaction_0148	cell_pair_0002	0.0009	-0.0144995696951151
13	interaction_0089	cell_pair_0007	0.0009	-0.0159575739029762
13	interaction_0148	cell_pair_0008	0.0009	-0.036525876025114
13	interaction_0148	cell_pair_0004	0.0009	-0.0588936890535686
13	interaction_0148	cell_pair_0001	0.0009	-0.0877333719335504
13	interaction_0148	cell_pair_0007	0.0009	-0.0877333719335504
13	interaction_0241	cell_pair_0005	0.0009	-0.101598140007807
13	interaction_0018	cell_pair_0008	0.0009	-0.176250639691727
13	interaction_0015	cell_pair_0009	0.0009	-0.187707155126729
13	interaction_0089	cell_pair_0002	0.0009	-0.199255376063222
13	interaction_0229	cell_pair_0007	0.0009	-0.227692025041597
13	interaction_0148	cell_pair_0003	0.0009	-0.232768962976124
13	interaction_0229	cell_pair_0005	0.0009	-0.2688167584278
13	interaction_0178	cell_pair_0007	0.0009	-0.3040061868901
13	interaction_0018	cell_pair_0004	0.0009	-0.312939311660108
13	interaction_0094	cell_pair_0004	0.0009	-0.345564459154601
13	interaction_0012	cell_pair_0003	0.0009	-0.394031641158542
13	interaction_0146	cell_pair_0002	0.0009	-0.395928676331139
13	interaction_0020	cell_pair_0003	0.0009	-0.432454552356253
13	interaction_0179	cell_pair_0007	0.0009	-0.450084446378045
13	interaction_0201	cell_pair_0006	0.0009	-0.457989644463391
13	interaction_0019	cell_pair_0007	0.0009	-0.508403405589552
13	interaction_0221	cell_pair_0008	0.0009	-0.514573172829758
13	interaction_0219	cell_pair_0008	0.0009	-0.514573172829758
13	interaction_0252	cell_pair_0005	0.0009	-0.57132159005177
13	interaction_0021	cell_pair_0002	0.0009	-0.610433188237274
13	interaction_0176	cell_pair_0004	0.0009	-0.619270551496451
13	interaction_0020	cell_pair_0008	0.0009	-0.646112163715093
13	interaction_0177	cell_pair_0007	0.0009	-0.666576266274808
13	interaction_0046	cell_pair_0006	0.0009	-0.675765437729469
13	interaction_0179	cell_pair_0008	0.0009	-0.682695931638085
13	interaction_0038	cell_pair_0006	0.0009	-0.785875194647153
13	interaction_0179	cell_pair_0004	0.0009	-0.821126041830205
13	interaction_0020	cell_pair_0004	0.0009	-0.828793172581858
13	interaction_0054	cell_pair_0006	0.0009	-0.905088352974533
13	interaction_0195	cell_pair_0006	0.0009	-0.937878288092203
13	interaction_0177	cell_pair_0008	0.0009	-0.940644722383579
13	interaction_0197	cell_pair_0006	0.0009	-1.00578235259401
13	interaction_0090	cell_pair_0003	0.0009	-1.02620507034739
13	interaction_0004	cell_pair_0003	0.0009	-1.05289494843213
13	interaction_0253	cell_pair_0003	0.0009	-1.06793882865658
13	interaction_0252	cell_pair_0008	0.0009	-1.09541956507868
13	interaction_0177	cell_pair_0004	0.0009	-1.10780328953451
13	interaction_0081	cell_pair_0006	0.0009	-1.11403524324603
13	interaction_0003	cell_pair_0007	0.0009	-1.17136841831198
13	interaction_0252	cell_pair_0003	0.0009	-1.20423305221761
13	interaction_0036	cell_pair_0006	0.0009	-1.20756106993536
13	interaction_0093	cell_pair_0004	0.0009	-1.21424022557299
13	interaction_0237	cell_pair_0003	0.0009	-1.22095044716254
13	interaction_0251	cell_pair_0008	0.0009	-1.23786383009889
13	interaction_0056	cell_pair_0006	0.0009	-1.24810786159569
13	interaction_0179	cell_pair_0001	0.0009	-1.32915966411844
13	interaction_0199	cell_pair_0006	0.0009	-1.33642766458248
13	interaction_0252	cell_pair_0004	0.0009	-1.34007544159762
13	interaction_0005	cell_pair_0002	0.0009	-1.34007544159762
13	interaction_0251	cell_pair_0003	0.0009	-1.34739878240348
13	interaction_0200	cell_pair_0006	0.0009	-1.42662547355406
13	interaction_0253	cell_pair_0004	0.0009	-1.43440282414577
13	interaction_0090	cell_pair_0006	0.0009	-1.45798964446339
13	interaction_0253	cell_pair_0006	0.0009	-1.49005085369569
13	interaction_0087	cell_pair_0006	0.0009	-1.56917950348023
13	interaction_0004	cell_pair_0004	0.0009	-1.72261030118914
13	interaction_0175	cell_pair_0004	0.0009	-1.76121314041288
13	interaction_0043	cell_pair_0009	0.01	1.29160355803056
13	interaction_0183	cell_pair_0003	0.01	1.11503324294624
13	interaction_0014	cell_pair_0008	0.01	0.173767067736706
13	interaction_0018	cell_pair_0003	0.01	-0.57132159005177
13	interaction_0192	cell_pair_0006	0.01	-0.977099597889921
13	interaction_0192	cell_pair_0004	0.01	-1.10469737866669
13	interaction_0093	cell_pair_0008	0.01	-1.200912693926
13	interaction_0004	cell_pair_0008	0.01	-1.39592867633114
13	interaction_0090	cell_pair_0008	0.01	-1.63486740654747
13	interaction_0175	cell_pair_0008	0.01	-1.74178261046398
13	interaction_0062	cell_pair_0009	0.02	2.03245353722596
13	interaction_0225	cell_pair_0006	0.02	-0.979942347658747
13	interaction_0226	cell_pair_0002	0.02	-0.99136969485656
13	interaction_0253	cell_pair_0008	0.02	-1.65744525452268
13	interaction_0047	cell_pair_0006	0.03	0.352758525040637
13	interaction_0170	cell_pair_0008	0.03	-0.0484122051852459
13	interaction_0183	cell_pair_0004	0.04	1.03139519627553
13	interaction_0270	cell_pair_0009	0.04	0.220329954879556
13	interaction_0226	cell_pair_0009	0.04	-0.793356776016605
13	interaction_0003	cell_pair_0009	0.04	-1.59509687785487
13	interaction_0224	cell_pair_0003	0.05	2.13389227019756
13	interaction_0019	cell_pair_0009	0.05	-0.758769964484555
14	interaction_0058	cell_pair_0007	0.0009	5.7338966052475
14	interaction_0058	cell_pair_0006	0.0009	5.64578810703384
14	interaction_0058	cell_pair_0004	0.0009	5.63305333985207
14	interaction_0058	cell_pair_0002	0.0009	5.6157693941541
14	interaction_0058	cell_pair_0003	0.0009	5.6156517047923
14	interaction_0059	cell_pair_0006	0.0009	5.61535743937816
14	interaction_0058	cell_pair_0001	0.0009	5.61323695471633
14	interaction_0058	cell_pair_0008	0.0009	5.611319947685
14	interaction_0051	cell_pair_0007	0.0009	5.05428413572038
14	interaction_0049	cell_pair_0007	0.0009	4.91422964161668
14	interaction_0051	cell_pair_0006	0.0009	4.91049283228871
14	interaction_0051	cell_pair_0004	0.0009	4.88923015239289
14	interaction_0051	cell_pair_0002	0.0009	4.86011857926717
14	interaction_0051	cell_pair_0003	0.0009	4.85991986778434
14	interaction_0052	cell_pair_0006	0.0009	4.85942296930148
14	interaction_0051	cell_pair_0001	0.0009	4.85584023911394
14	interaction_0051	cell_pair_0008	0.0009	4.85259817037907
14	interaction_0049	cell_pair_0006	0.0009	4.75494093432365
14	interaction_0049	cell_pair_0004	0.0009	4.7311832415722
14	interaction_0049	cell_pair_0002	0.0009	4.69871855546442
14	interaction_0049	cell_pair_0003	0.0009	4.69849632031307
14	interaction_0050	cell_pair_0006	0.0009	4.6979405826171
14	interaction_0049	cell_pair_0001	0.0009	4.69393293919951
14	interaction_0049	cell_pair_0008	0.0009	4.69030534100738
14	interaction_0041	cell_pair_0007	0.0009	3.34709867062227
14	interaction_0060	cell_pair_0007	0.0009	3.28894910458459
14	interaction_0068	cell_pair_0007	0.0009	2.95680011805158
14	interaction_0231	cell_pair_0004	0.0009	2.95196072878113
14	interaction_0062	cell_pair_0007	0.0009	2.90419504823787
14	interaction_0074	cell_pair_0007	0.0009	2.9038095585787
14	interaction_0070	cell_pair_0007	0.0009	2.90207357931074
14	interaction_0231	cell_pair_0007	0.0009	2.88849973551412
14	interaction_0162	cell_pair_0005	0.0009	2.87164654555923
14	interaction_0231	cell_pair_0003	0.0009	2.86868676532213
14	interaction_0231	cell_pair_0002	0.0009	2.86690797814317
14	interaction_0224	cell_pair_0004	0.0009	2.8611613657534
14	interaction_0231	cell_pair_0001	0.0009	2.85059942381264
14	interaction_0232	cell_pair_0004	0.0009	2.84699468696557
14	interaction_0231	cell_pair_0006	0.0009	2.84438565300257
14	interaction_0231	cell_pair_0008	0.0009	2.84116804354865
14	interaction_0224	cell_pair_0003	0.0009	2.82598909619666
14	interaction_0231	cell_pair_0009	0.0009	2.81249822533356
14	interaction_0041	cell_pair_0006	0.0009	2.81208743517108
14	interaction_0165	cell_pair_0008	0.0009	2.7737853893639
14	interaction_0165	cell_pair_0007	0.0009	2.7568098142945
14	interaction_0167	cell_pair_0007	0.0009	2.7568098142945
14	interaction_0165	cell_pair_0004	0.0009	2.7561693281393
14	interaction_0167	cell_pair_0004	0.0009	2.7561693281393
14	interaction_0076	cell_pair_0007	0.0009	2.75296262523898
14	interaction_0164	cell_pair_0007	0.0009	2.7512494648288
14	interaction_0165	cell_pair_0002	0.0009	2.74308405554959
14	interaction_0165	cell_pair_0006	0.0009	2.74135911731882
14	interaction_0165	cell_pair_0005	0.0009	2.74006405884686
14	interaction_0167	cell_pair_0005	0.0009	2.74006405884686
14	interaction_0161	cell_pair_0008	0.0009	2.73031388629378
14	interaction_0060	cell_pair_0006	0.0009	2.72726701073491
14	interaction_0041	cell_pair_0004	0.0009	2.7187451977564
14	interaction_0164	cell_pair_0004	0.0009	2.7158933705476
14	interaction_0160	cell_pair_0006	0.0009	2.71567376554819
14	interaction_0165	cell_pair_0003	0.0009	2.70929063572336
14	interaction_0167	cell_pair_0008	0.0009	2.70752479089961
14	interaction_0162	cell_pair_0007	0.0009	2.70730390824728
14	interaction_0165	cell_pair_0001	0.0009	2.69666157291858
14	interaction_0167	cell_pair_0001	0.0009	2.69666157291858
14	interaction_0161	cell_pair_0002	0.0009	2.68818035858693
14	interaction_0161	cell_pair_0001	0.0009	2.67964899050217
14	interaction_0043	cell_pair_0007	0.0009	2.62924003395155
14	interaction_0060	cell_pair_0004	0.0009	2.62807365419614
14	interaction_0041	cell_pair_0002	0.0009	2.58303762379666
14	interaction_0041	cell_pair_0003	0.0009	2.58207422139633
14	interaction_0042	cell_pair_0006	0.0009	2.57966289701601
14	interaction_0041	cell_pair_0001	0.0009	2.56193705962243
14	interaction_0041	cell_pair_0008	0.0009	2.54621538477936
14	interaction_0078	cell_pair_0007	0.0009	2.52406367577721
14	interaction_0186	cell_pair_0005	0.0009	2.50589092972996
14	interaction_0186	cell_pair_0004	0.0009	2.50080205305716
14	interaction_0060	cell_pair_0003	0.0009	2.48181557361786
14	interaction_0186	cell_pair_0007	0.0009	2.47948927097855
14	interaction_0061	cell_pair_0006	0.0009	2.47923056120634
14	interaction_0060	cell_pair_0001	0.0009	2.46048047004001
14	interaction_0060	cell_pair_0008	0.0009	2.44334142580323
14	interaction_0186	cell_pair_0008	0.0009	2.42921422983958
14	interaction_0188	cell_pair_0005	0.0009	2.38017531174203
14	interaction_0187	cell_pair_0004	0.0009	2.34312351940185
14	interaction_0045	cell_pair_0007	0.0009	2.31440650755482
14	interaction_0188	cell_pair_0001	0.0009	2.29542916670396
14	interaction_0037	cell_pair_0007	0.0009	2.25580283660272
14	interaction_0080	cell_pair_0007	0.0009	2.23603333200583
14	interaction_0055	cell_pair_0007	0.0009	2.21754093986252
14	interaction_0082	cell_pair_0007	0.0009	2.2107005626298
14	interaction_0064	cell_pair_0007	0.0009	2.20945336562895
14	interaction_0047	cell_pair_0007	0.0009	2.20695573238728
14	interaction_0035	cell_pair_0007	0.0009	2.2060180040209
14	interaction_0068	cell_pair_0006	0.0009	2.20539251298968
14	interaction_0053	cell_pair_0007	0.0009	2.20351441113076
14	interaction_0072	cell_pair_0007	0.0009	2.18681745935711
14	interaction_0086	cell_pair_0007	0.0009	2.17312743348066
14	interaction_0062	cell_pair_0006	0.0009	2.11536623660978
14	interaction_0074	cell_pair_0006	0.0009	2.11503324294624
14	interaction_0070	cell_pair_0006	0.0009	2.11169907219742
14	interaction_0068	cell_pair_0004	0.0009	2.06073915785768
14	interaction_0062	cell_pair_0004	0.0009	1.9608823446852
14	interaction_0074	cell_pair_0004	0.0009	1.96051171011902
14	interaction_0070	cell_pair_0004	0.0009	1.95680011805158
14	interaction_0274	cell_pair_0006	0.0009	1.85996954822103
14	interaction_0076	cell_pair_0006	0.0009	1.84358192315399
14	interaction_0068	cell_pair_0002	0.0009	1.84036251865844
14	interaction_0068	cell_pair_0003	0.0009	1.83834673652123
14	interaction_0069	cell_pair_0006	0.0009	1.83471121580472
14	interaction_0068	cell_pair_0001	0.0009	1.80487960825467
14	interaction_0068	cell_pair_0008	0.0009	1.77820857639809
14	interaction_0272	cell_pair_0006	0.0009	1.75915583380027
14	interaction_0265	cell_pair_0005	0.0009	1.75574217934539
14	interaction_0074	cell_pair_0002	0.0009	1.72246602447109
14	interaction_0062	cell_pair_0003	0.0009	1.72159139877538
14	interaction_0074	cell_pair_0003	0.0009	1.72071624252113
14	interaction_0070	cell_pair_0002	0.0009	1.71852602646226
14	interaction_0063	cell_pair_0006	0.0009	1.7172102990196
14	interaction_0070	cell_pair_0003	0.0009	1.71677145641822
14	interaction_0075	cell_pair_0006	0.0009	1.71633248028799
14	interaction_0071	cell_pair_0006	0.0009	1.71237567288067
14	interaction_0062	cell_pair_0001	0.0009	1.68526740651684
14	interaction_0074	cell_pair_0001	0.0009	1.68436992901301
14	interaction_0070	cell_pair_0001	0.0009	1.67987414774662
14	interaction_0112	cell_pair_0005	0.0009	1.65580975435545
14	interaction_0074	cell_pair_0008	0.0009	1.65489375747332
14	interaction_0076	cell_pair_0004	0.0009	1.65489375747332
14	interaction_0070	cell_pair_0008	0.0009	1.6507645591169
14	interaction_0181	cell_pair_0006	0.0009	1.6378420603241
14	interaction_0043	cell_pair_0006	0.0009	1.60169651648096
14	interaction_0176	cell_pair_0007	0.0009	1.44307615136267
14	interaction_0259	cell_pair_0005	0.0009	1.42599632135108
14	interaction_0078	cell_pair_0006	0.0009	1.37795663381011
14	interaction_0043	cell_pair_0004	0.0009	1.37573453858316
14	interaction_0076	cell_pair_0003	0.0009	1.35219353774503
14	interaction_0077	cell_pair_0006	0.0009	1.34653146202802
14	interaction_0181	cell_pair_0003	0.0009	1.32423456227053
14	interaction_0076	cell_pair_0001	0.0009	1.3050950106667
14	interaction_0183	cell_pair_0003	0.0009	1.29160355803056
14	interaction_0114	cell_pair_0002	0.0009	1.14404636961671
14	interaction_0114	cell_pair_0002	0.0009	1.14404636961671
14	interaction_0078	cell_pair_0004	0.0009	1.11036324336042
14	interaction_0014	cell_pair_0003	0.0009	1.07929276727285
14	interaction_0260	cell_pair_0007	0.0009	1.07176266930009
14	interaction_0212	cell_pair_0002	0.0009	1.02502879449152
14	interaction_0261	cell_pair_0004	0.0009	1.01720929003222
14	interaction_0261	cell_pair_0006	0.0009	1.01221108395087
14	interaction_0043	cell_pair_0003	0.0009	0.999278472082541
14	interaction_0261	cell_pair_0003	0.0009	0.996388746447621
14	interaction_0044	cell_pair_0006	0.0009	0.992043276171657
14	interaction_0181	cell_pair_0001	0.0009	0.972325041557152
14	interaction_0260	cell_pair_0004	0.0009	0.954568570752994
14	interaction_0043	cell_pair_0001	0.0009	0.938850337006064
14	interaction_0259	cell_pair_0007	0.0009	0.92523990548741
14	interaction_0261	cell_pair_0005	0.0009	0.890641243963444
14	interaction_0261	cell_pair_0009	0.0009	0.884402552983687
14	interaction_0114	cell_pair_0008	0.0009	0.871055075086629
14	interaction_0114	cell_pair_0008	0.0009	0.871055075086629
14	interaction_0181	cell_pair_0005	0.0009	0.866314561377047
14	interaction_0045	cell_pair_0006	0.0009	0.864730922314751
14	interaction_0014	cell_pair_0008	0.0009	0.857582955384148
14	interaction_0212	cell_pair_0001	0.0009	0.851199338593294
14	interaction_0261	cell_pair_0002	0.0009	0.842375488206288
14	interaction_0268	cell_pair_0005	0.0009	0.822118274729345
14	interaction_0114	cell_pair_0001	0.0009	0.808179083771471
14	interaction_0114	cell_pair_0001	0.0009	0.808179083771471
14	interaction_0114	cell_pair_0004	0.0009	0.763836458890951
14	interaction_0114	cell_pair_0004	0.0009	0.763836458890951
14	interaction_0014	cell_pair_0005	0.0009	0.729444006833663
14	interaction_0037	cell_pair_0006	0.0009	0.699551632523089
14	interaction_0104	cell_pair_0001	0.0009	0.67626740826589
14	interaction_0088	cell_pair_0005	0.0009	0.661749599810705
14	interaction_0271	cell_pair_0006	0.0009	0.64984535230601
14	interaction_0249	cell_pair_0005	0.0009	0.646162657157894
14	interaction_0078	cell_pair_0003	0.0009	0.645240512645265
14	interaction_0080	cell_pair_0006	0.0009	0.640620928035698
14	interaction_0079	cell_pair_0006	0.0009	0.635986503745623
14	interaction_0107	cell_pair_0001	0.0009	0.614474282837701
14	interaction_0101	cell_pair_0001	0.0009	0.612588406698718
14	interaction_0271	cell_pair_0003	0.0009	0.608809242675524
14	interaction_0098	cell_pair_0001	0.0009	0.595503660502742
14	interaction_0055	cell_pair_0006	0.0009	0.584000383285773
14	interaction_0180	cell_pair_0006	0.0009	0.58111017522555
14	interaction_0078	cell_pair_0001	0.0009	0.567545447643747
14	interaction_0250	cell_pair_0003	0.0009	0.563646269484064
14	interaction_0082	cell_pair_0006	0.0009	0.562669826102702
14	interaction_0035	cell_pair_0006	0.0009	0.54794331129035
14	interaction_0053	cell_pair_0006	0.0009	0.539034702970754
14	interaction_0248	cell_pair_0007	0.0009	0.500802053057158
14	interaction_0014	cell_pair_0001	0.0009	0.496717987935177
14	interaction_0072	cell_pair_0006	0.0009	0.486456955768731
14	interaction_0045	cell_pair_0004	0.0009	0.465713319595964
14	interaction_0267	cell_pair_0003	0.0009	0.459431618637297
14	interaction_0086	cell_pair_0006	0.0009	0.441483479582645
14	interaction_0137	cell_pair_0005	0.0009	0.432959407276106
14	interaction_0249	cell_pair_0004	0.0009	0.420078115979374
14	interaction_0249	cell_pair_0003	0.0009	0.412510571249805
14	interaction_0249	cell_pair_0006	0.0009	0.404903122145131
14	interaction_0250	cell_pair_0004	0.0009	0.377401430785794
14	interaction_0249	cell_pair_0008	0.0009	0.368489000645104
14	interaction_0250	cell_pair_0007	0.0009	0.366252263699564
14	interaction_0249	cell_pair_0002	0.0009	0.351628329102782
14	interaction_0250	cell_pair_0002	0.0009	0.351628329102782
14	interaction_0248	cell_pair_0008	0.0009	0.335711910320462
14	interaction_0248	cell_pair_0003	0.0009	0.329984649758421
14	interaction_0089	cell_pair_0002	0.0009	0.326537348139952
14	interaction_0248	cell_pair_0004	0.0009	0.318461465167583
14	interaction_0014	cell_pair_0004	0.0009	0.312665173558394
14	interaction_0170	cell_pair_0004	0.0009	0.305678743242287
14	interaction_0250	cell_pair_0008	0.0009	0.295135249000818
14	interaction_0249	cell_pair_0009	0.0009	0.284514133244245
14	interaction_0117	cell_pair_0005	0.0009	0.279768421593595
14	interaction_0250	cell_pair_0006	0.0009	0.263034405833794
14	interaction_0037	cell_pair_0004	0.0009	0.243669080966863
14	interaction_0020	cell_pair_0003	0.0009	0.242450073677701
14	interaction_0089	cell_pair_0001	0.0009	0.215367972203479
14	interaction_0178	cell_pair_0005	0.0009	0.207892851641333
14	interaction_0080	cell_pair_0004	0.0009	0.162210036314307
14	interaction_0270	cell_pair_0004	0.0009	0.14535138557262
14	interaction_0270	cell_pair_0006	0.0009	0.134878054343112
14	interaction_0270	cell_pair_0003	0.0009	0.10701824988212
14	interaction_0089	cell_pair_0007	0.0009	0.10701824988212
14	interaction_0055	cell_pair_0004	0.0009	0.0813396274519388
14	interaction_0148	cell_pair_0003	0.0009	0.0772429989324604
14	interaction_0148	cell_pair_0001	0.0009	0.0524158941511385
14	interaction_0082	cell_pair_0004	0.0009	0.0524158941511385
14	interaction_0106	cell_pair_0003	0.0009	0.0510240030244669
14	interaction_0012	cell_pair_0003	0.0009	0.0412429822318813
14	interaction_0035	cell_pair_0004	0.0009	0.0313951962755343
14	interaction_0053	cell_pair_0004	0.0009	0.018634174139051
14	interaction_0229	cell_pair_0007	0.0009	-0.0218043703183484
14	interaction_0229	cell_pair_0004	0.0009	-0.0232697793228472
14	interaction_0268	cell_pair_0007	0.0009	-0.0276749584428483
14	interaction_0255	cell_pair_0008	0.0009	-0.0424567992428948
14	interaction_0103	cell_pair_0003	0.0009	-0.0484122051852459
14	interaction_0148	cell_pair_0002	0.0009	-0.0513991525066443
14	interaction_0072	cell_pair_0004	0.0009	-0.0573916638883367
14	interaction_0278	cell_pair_0003	0.0009	-0.0619024389259069
14	interaction_0018	cell_pair_0004	0.0009	-0.0740005814437769
14	interaction_0100	cell_pair_0003	0.0009	-0.0755200076409777
14	interaction_0270	cell_pair_0005	0.0009	-0.0969617298870879
14	interaction_0004	cell_pair_0003	0.0009	-0.104697378666693
14	interaction_0277	cell_pair_0004	0.0009	-0.117161344232749
14	interaction_0086	cell_pair_0004	0.0009	-0.125006361067033
14	interaction_0190	cell_pair_0005	0.0009	-0.131313234677865
14	interaction_0185	cell_pair_0005	0.0009	-0.150400988848548
14	interaction_0185	cell_pair_0005	0.0009	-0.150400988848548
14	interaction_0185	cell_pair_0005	0.0009	-0.150400988848548
14	interaction_0185	cell_pair_0005	0.0009	-0.150400988848548
14	interaction_0185	cell_pair_0005	0.0009	-0.150400988848548
14	interaction_0185	cell_pair_0005	0.0009	-0.150400988848548
14	interaction_0185	cell_pair_0005	0.0009	-0.150400988848548
14	interaction_0185	cell_pair_0005	0.0009	-0.150400988848548
14	interaction_0179	cell_pair_0007	0.0009	-0.166502663140165
14	interaction_0018	cell_pair_0003	0.0009	-0.169744675832317
14	interaction_0015	cell_pair_0001	0.0009	-0.177881725270655
14	interaction_0115	cell_pair_0003	0.0009	-0.181149439104566
14	interaction_0089	cell_pair_0004	0.0009	-0.232768962976124
14	interaction_0110	cell_pair_0004	0.0009	-0.2688167584278
14	interaction_0148	cell_pair_0004	0.0009	-0.281035664240461
14	interaction_0089	cell_pair_0003	0.0009	-0.289827251720338
14	interaction_0177	cell_pair_0007	0.0009	-0.31114825613412
14	interaction_0192	cell_pair_0006	0.0009	-0.351074440546879
14	interaction_0046	cell_pair_0006	0.0009	-0.365871442474959
14	interaction_0148	cell_pair_0008	0.0009	-0.369594528517677
14	interaction_0117	cell_pair_0006	0.0009	-0.388355456626338
14	interaction_0280	cell_pair_0004	0.0009	-0.422752464406849
14	interaction_0255	cell_pair_0001	0.0009	-0.432454552356253
14	interaction_0138	cell_pair_0004	0.0009	-0.44418384493836
14	interaction_0110	cell_pair_0003	0.0009	-0.547931769776189
14	interaction_0274	cell_pair_0003	0.0009	-0.569179503480228
14	interaction_0109	cell_pair_0003	0.0009	-0.569179503480228
14	interaction_0252	cell_pair_0005	0.0009	-0.57132159005177
14	interaction_0117	cell_pair_0003	0.0009	-0.597277823154395
14	interaction_0201	cell_pair_0006	0.0009	-0.597277823154395
14	interaction_0220	cell_pair_0001	0.0009	-0.63486740654747
14	interaction_0123	cell_pair_0008	0.0009	-0.63710935733414
14	interaction_0221	cell_pair_0008	0.0009	-0.655171503002559
14	interaction_0219	cell_pair_0008	0.0009	-0.655171503002559
14	interaction_0090	cell_pair_0003	0.0009	-0.703689439291908
14	interaction_0092	cell_pair_0005	0.0009	-0.710755714843358
14	interaction_0019	cell_pair_0007	0.0009	-0.758769964484555
14	interaction_0129	cell_pair_0008	0.0009	-0.766111939825723
14	interaction_0253	cell_pair_0003	0.0009	-0.768567591552035
14	interaction_0192	cell_pair_0004	0.0009	-0.771027430239839
14	interaction_0038	cell_pair_0006	0.0009	-0.790858602161408
14	interaction_0226	cell_pair_0005	0.0009	-0.793356776016605
14	interaction_0176	cell_pair_0004	0.0009	-0.79836613883035
14	interaction_0191	cell_pair_0006	0.0009	-0.818579359719858
14	interaction_0283	cell_pair_0007	0.0009	-0.849440323424619
14	interaction_0283	cell_pair_0007	0.0009	-0.849440323424619
14	interaction_0179	cell_pair_0004	0.0009	-0.857259827883918
14	interaction_0273	cell_pair_0006	0.0009	-0.865121945656888
14	interaction_0131	cell_pair_0008	0.0009	-0.878321443411748
14	interaction_0204	cell_pair_0001	0.0009	-0.902389203373578
14	interaction_0251	cell_pair_0007	0.0009	-0.932361283124637
14	interaction_0081	cell_pair_0006	0.0009	-0.960159735468209
14	interaction_0219	cell_pair_0006	0.0009	-0.968604803724466
14	interaction_0206	cell_pair_0008	0.0009	-0.997117491466879
14	interaction_0175	cell_pair_0005	0.0009	-1.05589120089205
14	interaction_0177	cell_pair_0004	0.0009	-1.10159814000781
14	interaction_0201	cell_pair_0001	0.0009	-1.11716134423275
14	interaction_0138	cell_pair_0003	0.0009	-1.14241704461585
14	interaction_0056	cell_pair_0006	0.0009	-1.14241704461585
14	interaction_0201	cell_pair_0002	0.0009	-1.1456053222469
14	interaction_0252	cell_pair_0004	0.0009	-1.16488438474178
14	interaction_0252	cell_pair_0003	0.0009	-1.18442457113743
14	interaction_0252	cell_pair_0006	0.0009	-1.20756106993536
14	interaction_0083	cell_pair_0006	0.0009	-1.21089678249862
14	interaction_0199	cell_pair_0006	0.0009	-1.21424022557299
14	interaction_0065	cell_pair_0006	0.0009	-1.22431729826094
14	interaction_0200	cell_pair_0006	0.0009	-1.23107466443625
14	interaction_0036	cell_pair_0006	0.0009	-1.26188071121742
14	interaction_0054	cell_pair_0006	0.0009	-1.29335894269059
14	interaction_0253	cell_pair_0004	0.0009	-1.29689930039584
14	interaction_0129	cell_pair_0004	0.0009	-1.34739878240348
14	interaction_0264	cell_pair_0006	0.0009	-1.3621579396759
14	interaction_0129	cell_pair_0007	0.0009	-1.40354186044101
14	interaction_0129	cell_pair_0006	0.0009	-1.42275246440685
14	interaction_0191	cell_pair_0004	0.0009	-1.44222232860507
14	interaction_0251	cell_pair_0003	0.0009	-1.45008444637804
14	interaction_0113	cell_pair_0007	0.0009	-1.46593839757888
14	interaction_0251	cell_pair_0004	0.0009	-1.49005085369569
14	interaction_0073	cell_pair_0006	0.0009	-1.49410907027004
14	interaction_0003	cell_pair_0007	0.0009	-1.5649048483799
14	interaction_0123	cell_pair_0004	0.0009	-1.612637459164
14	interaction_0087	cell_pair_0006	0.0009	-1.68038206579984
14	interaction_0123	cell_pair_0003	0.0009	-1.75633091903314
14	interaction_0279	cell_pair_0008	0.0009	-1.75633091903314
14	interaction_0283	cell_pair_0003	0.0009	-1.78587519464715
14	interaction_0283	cell_pair_0003	0.0009	-1.78587519464715
14	interaction_0105	cell_pair_0003	0.0009	-1.79085860216141
14	interaction_0279	cell_pair_0007	0.0009	-1.8008773579864
14	interaction_0129	cell_pair_0001	0.0009	-1.8416629728329
14	interaction_0264	cell_pair_0003	0.0009	-1.90508835297453
14	interaction_0122	cell_pair_0004	0.0009	-1.95455702923883
14	interaction_0122	cell_pair_0003	0.0009	-2.0
14	interaction_0230	cell_pair_0004	0.0009	-2.02914634565952
14	interaction_0097	cell_pair_0004	0.0009	-2.05889368905357
14	interaction_0005	cell_pair_0002	0.0009	-2.10780328953451
14	interaction_0279	cell_pair_0004	0.0009	-2.13289427049735
14	interaction_0200	cell_pair_0001	0.0009	-2.1456053222469
14	interaction_0130	cell_pair_0001	0.0009	-2.1456053222469
14	interaction_0102	cell_pair_0003	0.0009	-2.18442457113743
14	interaction_0113	cell_pair_0001	0.0009	-2.20423305221761
14	interaction_0281	cell_pair_0004	0.0009	-2.27928375747887
14	interaction_0099	cell_pair_0003	0.0009	-2.30757280191029
14	interaction_0140	cell_pair_0003	0.0009	-2.32915966411844
14	interaction_0285	cell_pair_0004	0.0009	-2.44222232860507
14	interaction_0140	cell_pair_0004	0.0009	-2.45798964446339
14	interaction_0060	cell_pair_0002	0.01	2.48284828306847
14	interaction_0181	cell_pair_0007	0.01	0.680774425492461
14	interaction_0170	cell_pair_0007	0.01	0.382943869568991
14	interaction_0170	cell_pair_0008	0.01	0.36289064266586
14	interaction_0089	cell_pair_0009	0.01	0.034215715337913
14	interaction_0270	cell_pair_0002	0.01	-0.194294815161489
14	interaction_0255	cell_pair_0002	0.01	-0.360304766600418
14	interaction_0184	cell_pair_0005	0.01	-0.888968687611256
14	interaction_0021	cell_pair_0002	0.01	-1.04692104738749
14	interaction_0251	cell_pair_0008	0.01	-1.43440282414577
14	interaction_0200	cell_pair_0002	0.01	-2.19759995988516
14	interaction_0284	cell_pair_0004	0.01	-2.70839644196944
14	interaction_0076	cell_pair_0008	0.02	1.26723614181241
14	interaction_0064	cell_pair_0006	0.02	0.558757430373762
14	interaction_0170	cell_pair_0002	0.02	0.36513259345253
14	interaction_0194	cell_pair_0007	0.02	-0.161653263478769
14	interaction_0179	cell_pair_0006	0.02	-0.962969269055033
14	interaction_0179	cell_pair_0001	0.02	-1.32915966411844
14	interaction_0283	cell_pair_0008	0.02	-1.42275246440685
14	interaction_0283	cell_pair_0008	0.02	-1.42275246440685
14	interaction_0282	cell_pair_0001	0.02	-2.86775220170156
14	interaction_0076	cell_pair_0002	0.03	1.35445216057956
14	interaction_0043	cell_pair_0008	0.03	0.889862881365179
14	interaction_0181	cell_pair_0004	0.03	0.459431618637297
14	interaction_0170	cell_pair_0001	0.03	0.190298791626595
14	interaction_0064	cell_pair_0004	0.03	0.0468402542029724
14	interaction_0270	cell_pair_0009	0.03	-0.109358756036556
14	interaction_0175	cell_pair_0008	0.03	-1.18442457113743
14	interaction_0253	cell_pair_0007	0.03	-1.32915966411844
14	interaction_0284	cell_pair_0008	0.03	-2.43440282414578
14	interaction_0043	cell_pair_0002	0.04	1.00216242115062
14	interaction_0267	cell_pair_0005	0.04	-0.121863233373052
14	interaction_0110	cell_pair_0008	0.04	-0.500217879852688
14	interaction_0137	cell_pair_0008	0.04	-1.18770715512673
14	interaction_0123	cell_pair_0001	0.04	-2.23107466443625
14	interaction_0104	cell_pair_0002	0.05	-0.0409717810563062
14	interaction_0101	cell_pair_0002	0.05	-0.147202107181229
14	interaction_0098	cell_pair_0002	0.05	-0.176250639691727
14	interaction_0003	cell_pair_0001	0.05	-2.30044836747691
15	interaction_0058	cell_pair_0007	0.0009	5.62096756000815
15	interaction_0058	cell_pair_0006	0.0009	5.54111210729363
15	interaction_0058	cell_pair_0004	0.0009	5.52916502697164
15	interaction_0058	cell_pair_0001	0.0009	5.51323806233309
15	interaction_0058	cell_pair_0003	0.0009	5.51127826508303
15	interaction_0058	cell_pair_0002	0.0009	5.51029736721179
15	interaction_0051	cell_pair_0007	0.0009	4.93366705238631
15	interaction_0051	cell_pair_0006	0.0009	4.80281359753229
15	interaction_0051	cell_pair_0004	0.0009	4.78282789207489
15	interaction_0051	cell_pair_0001	0.0009	4.75600916216179
15	interaction_0051	cell_pair_0003	0.0009	4.75264156258251
15	interaction_0051	cell_pair_0002	0.0009	4.75103517666786
15	interaction_0049	cell_pair_0007	0.0009	4.68274182664406
15	interaction_0049	cell_pair_0006	0.0009	4.52563042626338
15	interaction_0049	cell_pair_0004	0.0009	4.50137544860746
15	interaction_0049	cell_pair_0001	0.0009	4.46871363587606
15	interaction_0049	cell_pair_0003	0.0009	4.46460292607448
15	interaction_0049	cell_pair_0002	0.0009	4.46264132083995
15	interaction_0041	cell_pair_0007	0.0009	3.23143240844797
15	interaction_0060	cell_pair_0007	0.0009	3.0746766862945
15	interaction_0224	cell_pair_0003	0.0009	2.92238816500384
15	interaction_0162	cell_pair_0005	0.0009	2.86927920734301
15	interaction_0068	cell_pair_0007	0.0009	2.8116765280077
15	interaction_0041	cell_pair_0006	0.0009	2.75317662732212
15	interaction_0070	cell_pair_0007	0.0009	2.72508672463023
15	interaction_0186	cell_pair_0005	0.0009	2.70907002328453
15	interaction_0074	cell_pair_0007	0.0009	2.70664105730941
15	interaction_0062	cell_pair_0007	0.0009	2.69465736554709
15	interaction_0165	cell_pair_0008	0.0009	2.68077442549246
15	interaction_0186	cell_pair_0004	0.0009	2.67919857056692
15	interaction_0041	cell_pair_0004	0.0009	2.66857301647589
15	interaction_0165	cell_pair_0005	0.0009	2.66015281487638
15	interaction_0167	cell_pair_0005	0.0009	2.66015281487638
15	interaction_0165	cell_pair_0004	0.0009	2.65809720535137
15	interaction_0167	cell_pair_0004	0.0009	2.65809720535137
15	interaction_0165	cell_pair_0007	0.0009	2.6406209280357
15	interaction_0167	cell_pair_0007	0.0009	2.6406209280357
15	interaction_0164	cell_pair_0007	0.0009	2.62527048937469
15	interaction_0161	cell_pair_0008	0.0009	2.62128999253892
15	interaction_0186	cell_pair_0008	0.0009	2.61518085131524
15	interaction_0165	cell_pair_0003	0.0009	2.60809954599438
15	interaction_0164	cell_pair_0004	0.0009	2.59645813955899
15	interaction_0231	cell_pair_0004	0.0009	2.5957423394744
15	interaction_0165	cell_pair_0001	0.0009	2.59407075685154
15	interaction_0167	cell_pair_0001	0.0009	2.59407075685154
15	interaction_0167	cell_pair_0008	0.0009	2.58327837390834
15	interaction_0165	cell_pair_0002	0.0009	2.57603833676208
15	interaction_0167	cell_pair_0002	0.0009	2.57603833676208
15	interaction_0161	cell_pair_0001	0.0009	2.57361689436603
15	interaction_0165	cell_pair_0006	0.0009	2.57046293102604
15	interaction_0186	cell_pair_0002	0.0009	2.55163905673439
15	interaction_0041	cell_pair_0001	0.0009	2.54868321815718
15	interaction_0076	cell_pair_0007	0.0009	2.54670928928295
15	interaction_0041	cell_pair_0003	0.0009	2.53306492186964
15	interaction_0186	cell_pair_0007	0.0009	2.52381283772722
15	interaction_0231	cell_pair_0008	0.0009	2.4727476930995
15	interaction_0188	cell_pair_0002	0.0009	2.46910452186831
15	interaction_0188	cell_pair_0005	0.0009	2.46336088581666
15	interaction_0043	cell_pair_0007	0.0009	2.46283760142902
15	interaction_0231	cell_pair_0003	0.0009	2.45522857111714
15	interaction_0187	cell_pair_0004	0.0009	2.45206823022381
15	interaction_0224	cell_pair_0004	0.0009	2.44174904700924
15	interaction_0188	cell_pair_0001	0.0009	2.44148347958264
15	interaction_0078	cell_pair_0007	0.0009	2.43242497680476
15	interaction_0231	cell_pair_0007	0.0009	2.42974985080022
15	interaction_0232	cell_pair_0004	0.0009	2.39396527566024
15	interaction_0274	cell_pair_0006	0.0009	2.28154989336664
15	interaction_0272	cell_pair_0006	0.0009	2.26243315763135
15	interaction_0068	cell_pair_0006	0.0009	2.12796337812358
15	interaction_0045	cell_pair_0007	0.0009	2.11902410314227
15	interaction_0181	cell_pair_0006	0.0009	2.03527198997269
15	interaction_0080	cell_pair_0007	0.0009	2.02680005934372
15	interaction_0037	cell_pair_0007	0.0009	2.02538322147792
15	interaction_0064	cell_pair_0007	0.0009	2.00934717225925
15	interaction_0068	cell_pair_0004	0.0009	1.99530360533524
15	interaction_0055	cell_pair_0007	0.0009	1.98877556233775
15	interaction_0047	cell_pair_0007	0.0009	1.98768467756676
15	interaction_0086	cell_pair_0007	0.0009	1.98768467756676
15	interaction_0070	cell_pair_0006	0.0009	1.9862288802274
15	interaction_0082	cell_pair_0007	0.0009	1.97856174947575
15	interaction_0074	cell_pair_0006	0.0009	1.95531280344471
15	interaction_0053	cell_pair_0007	0.0009	1.94673086014031
15	interaction_0035	cell_pair_0007	0.0009	1.93621390100641
15	interaction_0265	cell_pair_0005	0.0009	1.84237548820629
15	interaction_0070	cell_pair_0004	0.0009	1.83915338738982
15	interaction_0074	cell_pair_0004	0.0009	1.80487960825467
15	interaction_0068	cell_pair_0001	0.0009	1.799087306074
15	interaction_0068	cell_pair_0003	0.0009	1.77315239701405
15	interaction_0112	cell_pair_0005	0.0009	1.76213616990111
15	interaction_0259	cell_pair_0005	0.0009	1.72595923450919
15	interaction_0076	cell_pair_0006	0.0009	1.67491255290801
15	interaction_0089	cell_pair_0009	0.0009	1.60359667486021
15	interaction_0074	cell_pair_0001	0.0009	1.5786972376487
15	interaction_0074	cell_pair_0003	0.0009	1.54843662469604
15	interaction_0168	cell_pair_0009	0.0009	1.53505759489484
15	interaction_0043	cell_pair_0006	0.0009	1.51752767033727
15	interaction_0076	cell_pair_0004	0.0009	1.49005662446431
15	interaction_0078	cell_pair_0006	0.0009	1.45838200415601
15	interaction_0181	cell_pair_0003	0.0009	1.33285112207215
15	interaction_0268	cell_pair_0005	0.0009	1.31150311546827
15	interaction_0043	cell_pair_0004	0.0009	1.30975827142464
15	interaction_0207	cell_pair_0009	0.0009	1.30041662783687
15	interaction_0271	cell_pair_0006	0.0009	1.24914190328035
15	interaction_0110	cell_pair_0002	0.0009	1.24914190328035
15	interaction_0078	cell_pair_0004	0.0009	1.24123003551545
15	interaction_0110	cell_pair_0009	0.0009	1.22712493444993
15	interaction_0283	cell_pair_0009	0.0009	1.22465773412074
15	interaction_0283	cell_pair_0009	0.0009	1.22465773412074
15	interaction_0076	cell_pair_0003	0.0009	1.16349873228288
15	interaction_0261	cell_pair_0004	0.0009	1.16221003631431
15	interaction_0260	cell_pair_0007	0.0009	1.11835972595306
15	interaction_0261	cell_pair_0006	0.0009	1.08882003329859
15	interaction_0176	cell_pair_0007	0.0009	1.08746284125034
15	interaction_0261	cell_pair_0003	0.0009	1.08133962745194
15	interaction_0261	cell_pair_0005	0.0009	1.07929276727285
15	interaction_0260	cell_pair_0004	0.0009	1.03491998434916
15	interaction_0181	cell_pair_0005	0.0009	1.0071955014042
15	interaction_0261	cell_pair_0002	0.0009	0.961993677420255
15	interaction_0114	cell_pair_0004	0.0009	0.956800118051577
15	interaction_0114	cell_pair_0004	0.0009	0.956800118051577
15	interaction_0104	cell_pair_0001	0.0009	0.950095094173686
15	interaction_0181	cell_pair_0001	0.0009	0.909197062991687
15	interaction_0101	cell_pair_0001	0.0009	0.898401859992193
15	interaction_0098	cell_pair_0001	0.0009	0.885183866320351
15	interaction_0212	cell_pair_0001	0.0009	0.807354922057604
15	interaction_0088	cell_pair_0005	0.0009	0.772307974958403
15	interaction_0178	cell_pair_0005	0.0009	0.712815854437372
15	interaction_0170	cell_pair_0007	0.0009	0.703986603863431
15	interaction_0249	cell_pair_0005	0.0009	0.648925559453121
15	interaction_0271	cell_pair_0003	0.0009	0.62854031926276
15	interaction_0014	cell_pair_0003	0.0009	0.620117165028684
15	interaction_0117	cell_pair_0005	0.0009	0.608809242675524
15	interaction_0170	cell_pair_0004	0.0009	0.576280257621355
15	interaction_0250	cell_pair_0003	0.0009	0.558757430373762
15	interaction_0209	cell_pair_0007	0.0009	0.502839758255931
15	interaction_0270	cell_pair_0004	0.0009	0.497740088609093
15	interaction_0014	cell_pair_0001	0.0009	0.479230561206336
15	interaction_0249	cell_pair_0003	0.0009	0.457331625485014
15	interaction_0248	cell_pair_0008	0.0009	0.443606651475615
15	interaction_0249	cell_pair_0004	0.0009	0.420078115979374
15	interaction_0248	cell_pair_0006	0.0009	0.417920007811965
15	interaction_0045	cell_pair_0004	0.0009	0.389566811762726
15	interaction_0250	cell_pair_0004	0.0009	0.379620962055708
15	interaction_0270	cell_pair_0006	0.0009	0.379620962055708
15	interaction_0270	cell_pair_0003	0.0009	0.367371065648529
15	interaction_0270	cell_pair_0005	0.0009	0.364012053558615
15	interaction_0249	cell_pair_0007	0.0009	0.360645202460216
15	interaction_0248	cell_pair_0003	0.0009	0.331131922217202
15	interaction_0089	cell_pair_0001	0.0009	0.324234562270531
15	interaction_0014	cell_pair_0004	0.0009	0.283329168051641
15	interaction_0248	cell_pair_0004	0.0009	0.259423152281415
15	interaction_0089	cell_pair_0007	0.0009	0.250961573533219
15	interaction_0255	cell_pair_0008	0.0009	0.133563525741106
15	interaction_0002	cell_pair_0001	0.0009	0.117695042669755
15	interaction_0080	cell_pair_0004	0.0009	0.0579700686373299
15	interaction_0037	cell_pair_0004	0.0009	0.0524158941511385
15	interaction_0090	cell_pair_0003	0.0009	-0.0115879742752118
15	interaction_0171	cell_pair_0003	0.0009	-0.0144995696951151
15	interaction_0229	cell_pair_0004	0.0009	-0.0513991525066443
15	interaction_0277	cell_pair_0004	0.0009	-0.0709665213541436
15	interaction_0148	cell_pair_0003	0.0009	-0.129733929604017
15	interaction_0148	cell_pair_0001	0.0009	-0.131313234677865
15	interaction_0267	cell_pair_0003	0.0009	-0.131313234677865
15	interaction_0273	cell_pair_0006	0.0009	-0.132894270497345
15	interaction_0082	cell_pair_0004	0.0009	-0.140825544133565
15	interaction_0110	cell_pair_0004	0.0009	-0.15200309344505
15	interaction_0255	cell_pair_0001	0.0009	-0.156820109742826
15	interaction_0179	cell_pair_0007	0.0009	-0.179514657013621
15	interaction_0220	cell_pair_0001	0.0009	-0.22431729826094
15	interaction_0015	cell_pair_0001	0.0009	-0.248107861595691
15	interaction_0020	cell_pair_0003	0.0009	-0.254977850962736
15	interaction_0177	cell_pair_0007	0.0009	-0.254977850962736
15	interaction_0280	cell_pair_0004	0.0009	-0.305788392232109
15	interaction_0012	cell_pair_0003	0.0009	-0.31114825613412
15	interaction_0018	cell_pair_0004	0.0009	-0.338250400189295
15	interaction_0148	cell_pair_0004	0.0009	-0.375197234747053
15	interaction_0252	cell_pair_0005	0.0009	-0.41888982477445
15	interaction_0179	cell_pair_0006	0.0009	-0.457989644463391
15	interaction_0106	cell_pair_0003	0.0009	-0.473931188332412
15	interaction_0226	cell_pair_0005	0.0009	-0.518701058452435
15	interaction_0129	cell_pair_0006	0.0009	-0.524915117051217
15	interaction_0129	cell_pair_0008	0.0009	-0.531156057025363
15	interaction_0177	cell_pair_0006	0.0009	-0.550042516371997
15	interaction_0147	cell_pair_0008	0.0009	-0.552156355637915
15	interaction_0219	cell_pair_0008	0.0009	-0.552156355637915
15	interaction_0278	cell_pair_0003	0.0009	-0.610433188237274
15	interaction_0199	cell_pair_0006	0.0009	-0.610433188237274
15	interaction_0103	cell_pair_0003	0.0009	-0.614845103115656
15	interaction_0253	cell_pair_0003	0.0009	-0.614845103115656
15	interaction_0117	cell_pair_0003	0.0009	-0.62148837674627
15	interaction_0100	cell_pair_0003	0.0009	-0.655171503002559
15	interaction_0131	cell_pair_0008	0.0009	-0.698997743967186
15	interaction_0115	cell_pair_0003	0.0009	-0.703689439291908
15	interaction_0004	cell_pair_0003	0.0009	-0.710755714843358
15	interaction_0201	cell_pair_0006	0.0009	-0.790858602161408
15	interaction_0179	cell_pair_0004	0.0009	-0.849440323424619
15	interaction_0252	cell_pair_0003	0.0009	-0.85464861442738
15	interaction_0185	cell_pair_0005	0.0009	-0.888968687611256
15	interaction_0185	cell_pair_0005	0.0009	-0.888968687611256
15	interaction_0185	cell_pair_0005	0.0009	-0.888968687611256
15	interaction_0185	cell_pair_0005	0.0009	-0.888968687611256
15	interaction_0185	cell_pair_0005	0.0009	-0.888968687611256
15	interaction_0185	cell_pair_0005	0.0009	-0.888968687611256
15	interaction_0185	cell_pair_0005	0.0009	-0.888968687611256
15	interaction_0185	cell_pair_0005	0.0009	-0.888968687611256
15	interaction_0252	cell_pair_0004	0.0009	-0.946193556304206
15	interaction_0201	cell_pair_0001	0.0009	-0.979942347658747
15	interaction_0003	cell_pair_0002	0.0009	-0.99136969485656
15	interaction_0204	cell_pair_0001	0.0009	-1.01158797427521
15	interaction_0092	cell_pair_0005	0.0009	-1.02326977932285
15	interaction_0206	cell_pair_0008	0.0009	-1.03800632257974
15	interaction_0184	cell_pair_0003	0.0009	-1.04692104738749
15	interaction_0253	cell_pair_0004	0.0009	-1.05589120089205
15	interaction_0283	cell_pair_0007	0.0009	-1.05589120089205
15	interaction_0283	cell_pair_0007	0.0009	-1.05589120089205
15	interaction_0129	cell_pair_0007	0.0009	-1.0862010350493
15	interaction_0251	cell_pair_0003	0.0009	-1.19099722506091
15	interaction_0175	cell_pair_0004	0.0009	-1.19099722506091
15	interaction_0200	cell_pair_0006	0.0009	-1.29335894269059
15	interaction_0208	cell_pair_0003	0.0009	-1.36959452851768
15	interaction_0283	cell_pair_0003	0.0009	-1.39213709716876
15	interaction_0283	cell_pair_0003	0.0009	-1.39213709716876
15	interaction_0251	cell_pair_0004	0.0009	-1.40736357139342
15	interaction_0129	cell_pair_0004	0.0009	-1.52284078881336
15	interaction_0191	cell_pair_0004	0.0009	-1.53951952995999
15	interaction_0230	cell_pair_0004	0.0009	-1.55215635563791
15	interaction_0206	cell_pair_0003	0.0009	-1.5649048483799
15	interaction_0200	cell_pair_0001	0.0009	-1.56917950348023
15	interaction_0115	cell_pair_0004	0.0009	-1.63039392996816
15	interaction_0111	cell_pair_0001	0.0009	-2.44222232860507
15	interaction_0096	cell_pair_0003	0.0009	-2.74661576419993
15	interaction_0162	cell_pair_0007	0.01	2.62339868237726
15	interaction_0231	cell_pair_0001	0.01	2.4350951516201
15	interaction_0231	cell_pair_0005	0.01	2.40026466600854
15	interaction_0181	cell_pair_0009	0.01	1.87223777364246
15	interaction_0212	cell_pair_0009	0.01	1.59598097896562
15	interaction_0210	cell_pair_0002	0.01	1.53306492186964
15	interaction_0181	cell_pair_0007	0.01	0.878921479749851
15	interaction_0078	cell_pair_0003	0.01	0.843983844048327
15	interaction_0148	cell_pair_0002	0.01	0.751035176667862
15	interaction_0249	cell_pair_0008	0.01	0.486456955768731
15	interaction_0014	cell_pair_0005	0.01	0.461528559472877
15	interaction_0250	cell_pair_0008	0.01	0.280956313831056
15	interaction_0055	cell_pair_0004	0.01	-0.0969617298870879
15	interaction_0086	cell_pair_0004	0.01	-0.101598140007807
15	interaction_0089	cell_pair_0004	0.01	-0.118726938570751
15	interaction_0244	cell_pair_0001	0.01	-0.166502663140165
15	interaction_0274	cell_pair_0003	0.01	-0.289827251720338
15	interaction_0019	cell_pair_0002	0.01	-0.454031630894707
15	interaction_0131	cell_pair_0006	0.01	-0.691988685447822
15	interaction_0205	cell_pair_0002	0.01	-0.717856771218502
15	interaction_0192	cell_pair_0004	0.01	-0.828793172581858
15	interaction_0251	cell_pair_0008	0.01	-0.888968687611256
15	interaction_0251	cell_pair_0006	0.01	-0.951763814347152
15	interaction_0041	cell_pair_0002	0.02	2.52556778890135
15	interaction_0231	cell_pair_0002	0.02	2.49722912878761
15	interaction_0231	cell_pair_0006	0.02	2.39314158449263
15	interaction_0062	cell_pair_0006	0.02	1.93508252331866
15	interaction_0076	cell_pair_0001	0.02	1.20288783347014
15	interaction_0259	cell_pair_0007	0.02	1.11303366529989
15	interaction_0043	cell_pair_0003	0.02	0.933572638261024
15	interaction_0181	cell_pair_0004	0.02	0.625738061908648
15	interaction_0089	cell_pair_0002	0.02	0.371837617330421
15	interaction_0002	cell_pair_0002	0.02	0.271425676092934
15	interaction_0249	cell_pair_0006	0.02	0.232660756790275
15	interaction_0053	cell_pair_0004	0.02	-0.284545872884282
15	interaction_0272	cell_pair_0003	0.02	-0.407363571393423
15	interaction_0176	cell_pair_0004	0.02	-0.717856771218502
15	interaction_0092	cell_pair_0006	0.02	-1.18442457113743
15	interaction_0204	cell_pair_0008	0.02	-1.44222232860507
15	interaction_0279	cell_pair_0004	0.02	-2.04692104738749
15	interaction_0060	cell_pair_0006	0.03	2.5298209465287
15	interaction_0062	cell_pair_0004	0.03	1.78240856492737
15	interaction_0070	cell_pair_0003	0.03	1.58928410667125
15	interaction_0277	cell_pair_0009	0.03	1.22465773412074
15	interaction_0114	cell_pair_0001	0.03	0.995665409736109
15	interaction_0114	cell_pair_0001	0.03	0.995665409736109
15	interaction_0043	cell_pair_0001	0.03	0.979659551715824
15	interaction_0212	cell_pair_0002	0.03	0.7982579326445
15	interaction_0020	cell_pair_0006	0.03	-0.569179503480228
15	interaction_0012	cell_pair_0004	0.03	-0.954557029238833
15	interaction_0113	cell_pair_0002	0.03	-1.03800632257974
15	interaction_0279	cell_pair_0007	0.03	-1.67116353577046
15	interaction_0130	cell_pair_0002	0.03	-1.8520421186129
15	interaction_0045	cell_pair_0006	0.04	0.760433874670112
15	interaction_0250	cell_pair_0002	0.04	0.225274929869569
15	interaction_0168	cell_pair_0001	0.04	0.151858816727005
15	interaction_0064	cell_pair_0004	0.04	-0.0115879742752118
15	interaction_0244	cell_pair_0002	0.04	-0.204233052217608
15	interaction_0035	cell_pair_0004	0.04	-0.334607228958109
15	interaction_0192	cell_pair_0006	0.04	-0.436353730515936
15	interaction_0191	cell_pair_0006	0.04	-0.943416471633633
15	interaction_0177	cell_pair_0004	0.04	-0.971430847803229
15	interaction_0068	cell_pair_0002	0.05	1.76043387467011
15	interaction_0070	cell_pair_0001	0.05	1.61870851231379
15	interaction_0229	cell_pair_0007	0.05	-0.0513991525066443
15	interaction_0148	cell_pair_0007	0.05	-0.334607228958109
15	interaction_0117	cell_pair_0006	0.05	-0.380821783940931
15	interaction_0195	cell_pair_0006	0.05	-0.846843211938579
15	interaction_0205	cell_pair_0007	0.05	-1.23446525363702
16	interaction_0058	cell_pair_0007	0.0009	5.87950973461667
16	interaction_0058	cell_pair_0006	0.0009	5.79545527204412
16	interaction_0058	cell_pair_0004	0.0009	5.77188557851537
16	interaction_0058	cell_pair_0009	0.0009	5.77030048949942
16	interaction_0059	cell_pair_0006	0.0009	5.76412849436115
16	interaction_0058	cell_pair_0008	0.0009	5.76179055370627
16	interaction_0058	cell_pair_0001	0.0009	5.75891607504266
16	interaction_0059	cell_pair_0009	0.0009	5.75798330091592
16	interaction_0051	cell_pair_0007	0.0009	5.06307144984268
16	interaction_0049	cell_pair_0007	0.0009	4.9633816405593
16	interaction_0051	cell_pair_0006	0.0009	4.91159571855187
16	interaction_0051	cell_pair_0004	0.0009	4.86779764587961
16	interaction_0051	cell_pair_0009	0.0009	4.86482995070075
16	interaction_0052	cell_pair_0006	0.0009	4.85324716724215
16	interaction_0051	cell_pair_0008	0.0009	4.84884824613899
16	interaction_0051	cell_pair_0001	0.0009	4.84343117394633
16	interaction_0052	cell_pair_0009	0.0009	4.84167126830553
16	interaction_0049	cell_pair_0006	0.0009	4.80043402182408
16	interaction_0049	cell_pair_0004	0.0009	4.75301612873584
16	interaction_0049	cell_pair_0009	0.0009	4.7498560225026
16	interaction_0050	cell_pair_0006	0.0009	4.73730819355635
16	interaction_0049	cell_pair_0008	0.0009	4.73254056130812
16	interaction_0049	cell_pair_0001	0.0009	4.72666776044971
16	interaction_0050	cell_pair_0009	0.0009	4.72475939733651
16	interaction_0041	cell_pair_0007	0.0009	3.4801358425131
16	interaction_0060	cell_pair_0007	0.0009	3.22758706515941
16	interaction_0068	cell_pair_0007	0.0009	3.08048712193704
16	interaction_0074	cell_pair_0007	0.0009	3.06333036080695
16	interaction_0043	cell_pair_0007	0.0009	2.99457972421575
16	interaction_0041	cell_pair_0006	0.0009	2.96864375596472
16	interaction_0070	cell_pair_0007	0.0009	2.94354630834475
16	interaction_0062	cell_pair_0007	0.0009	2.92998031535431
16	interaction_0076	cell_pair_0007	0.0009	2.90284538355057
16	interaction_0041	cell_pair_0004	0.0009	2.79223067383318
16	interaction_0041	cell_pair_0009	0.0009	2.77989003934005
16	interaction_0078	cell_pair_0007	0.0009	2.77104041443678
16	interaction_0042	cell_pair_0006	0.0009	2.73009646559547
16	interaction_0041	cell_pair_0008	0.0009	2.71083397892643
16	interaction_0162	cell_pair_0005	0.0009	2.70110542377817
16	interaction_0041	cell_pair_0001	0.0009	2.68683664997608
16	interaction_0042	cell_pair_0009	0.0009	2.67897330785417
16	interaction_0186	cell_pair_0004	0.0009	2.60644222813161
16	interaction_0060	cell_pair_0006	0.0009	2.5933537709803
16	interaction_0165	cell_pair_0008	0.0009	2.58976348698498
16	interaction_0165	cell_pair_0004	0.0009	2.56486589508793
16	interaction_0167	cell_pair_0004	0.0009	2.56486589508793
16	interaction_0186	cell_pair_0005	0.0009	2.56193705962243
16	interaction_0165	cell_pair_0005	0.0009	2.53729606709084
16	interaction_0167	cell_pair_0005	0.0009	2.53729606709084
16	interaction_0164	cell_pair_0007	0.0009	2.52807116457874
16	interaction_0161	cell_pair_0008	0.0009	2.50563691176277
16	interaction_0165	cell_pair_0007	0.0009	2.5053828490623
16	interaction_0167	cell_pair_0007	0.0009	2.5053828490623
16	interaction_0160	cell_pair_0006	0.0009	2.50258520244744
16	interaction_0162	cell_pair_0007	0.0009	2.50054713742068
16	interaction_0167	cell_pair_0008	0.0009	2.48645695576873
16	interaction_0165	cell_pair_0003	0.0009	2.47300756791617
16	interaction_0162	cell_pair_0009	0.0009	2.46936505370484
16	interaction_0186	cell_pair_0008	0.0009	2.46727948045998
16	interaction_0165	cell_pair_0001	0.0009	2.45522857111714
16	interaction_0167	cell_pair_0001	0.0009	2.45522857111714
16	interaction_0164	cell_pair_0009	0.0009	2.44784364436209
16	interaction_0186	cell_pair_0007	0.0009	2.44731470025318
16	interaction_0160	cell_pair_0009	0.0009	2.4425454561053
16	interaction_0166	cell_pair_0009	0.0009	2.43482835641991
16	interaction_0165	cell_pair_0009	0.0009	2.43482835641991
16	interaction_0167	cell_pair_0009	0.0009	2.43482835641991
16	interaction_0064	cell_pair_0007	0.0009	2.43376068196535
16	interaction_0163	cell_pair_0009	0.0009	2.43135552157352
16	interaction_0231	cell_pair_0004	0.0009	2.37851162325373
16	interaction_0045	cell_pair_0007	0.0009	2.37573453858316
16	interaction_0080	cell_pair_0007	0.0009	2.3743439890385
16	interaction_0068	cell_pair_0006	0.0009	2.35811489773521
16	interaction_0055	cell_pair_0007	0.0009	2.34283916046905
16	interaction_0074	cell_pair_0006	0.0009	2.32969768903328
16	interaction_0037	cell_pair_0007	0.0009	2.32912359629157
16	interaction_0188	cell_pair_0001	0.0009	2.32452261159581
16	interaction_0072	cell_pair_0007	0.0009	2.32250505751888
16	interaction_0187	cell_pair_0008	0.0009	2.32163952702144
16	interaction_0053	cell_pair_0007	0.0009	2.31990690666801
16	interaction_0047	cell_pair_0007	0.0009	2.31932890383941
16	interaction_0188	cell_pair_0009	0.0009	2.31527638701493
16	interaction_0082	cell_pair_0007	0.0009	2.31353610328052
16	interaction_0086	cell_pair_0007	0.0009	2.31324585178756
16	interaction_0187	cell_pair_0009	0.0009	2.30975827142464
16	interaction_0066	cell_pair_0007	0.0009	2.30451104180995
16	interaction_0231	cell_pair_0008	0.0009	2.28392177230762
16	interaction_0061	cell_pair_0006	0.0009	2.27560307933685
16	interaction_0224	cell_pair_0003	0.0009	2.25247621413522
16	interaction_0043	cell_pair_0006	0.0009	2.21350281998392
16	interaction_0231	cell_pair_0007	0.0009	2.19755090741987
16	interaction_0224	cell_pair_0004	0.0009	2.19723635491871
16	interaction_0231	cell_pair_0001	0.0009	2.1798294908513
16	interaction_0231	cell_pair_0009	0.0009	2.16832111573972
16	interaction_0231	cell_pair_0003	0.0009	2.16767906186135
16	interaction_0231	cell_pair_0006	0.0009	2.13651953255056
16	interaction_0070	cell_pair_0006	0.0009	2.12465899041952
16	interaction_0232	cell_pair_0008	0.0009	2.12267271882414
16	interaction_0232	cell_pair_0009	0.0009	2.10902617649837
16	interaction_0062	cell_pair_0006	0.0009	2.10097764772482
16	interaction_0068	cell_pair_0004	0.0009	2.07929276727285
16	interaction_0265	cell_pair_0005	0.0009	2.06384804338205
16	interaction_0076	cell_pair_0006	0.0009	2.05206804724387
16	interaction_0074	cell_pair_0004	0.0009	2.0447438212244
16	interaction_0112	cell_pair_0005	0.0009	1.99566540973611
16	interaction_0069	cell_pair_0006	0.0009	1.97599695761644
16	interaction_0002	cell_pair_0001	0.0009	1.94972167756984
16	interaction_0075	cell_pair_0006	0.0009	1.93885033700606
16	interaction_0068	cell_pair_0001	0.0009	1.90226656908307
16	interaction_0043	cell_pair_0004	0.0009	1.90188056371866
16	interaction_0069	cell_pair_0009	0.0009	1.88869454950954
16	interaction_0074	cell_pair_0001	0.0009	1.8631455429894
16	interaction_0075	cell_pair_0009	0.0009	1.8491986517647
16	interaction_0078	cell_pair_0006	0.0009	1.80487960825467
16	interaction_0070	cell_pair_0004	0.0009	1.79118894150336
16	interaction_0044	cell_pair_0006	0.0009	1.78450398292957
16	interaction_0272	cell_pair_0006	0.0009	1.7415748474188
16	interaction_0043	cell_pair_0001	0.0009	1.6999957436674
16	interaction_0076	cell_pair_0004	0.0009	1.69866299988588
16	interaction_0274	cell_pair_0006	0.0009	1.68706068833989
16	interaction_0044	cell_pair_0009	0.0009	1.68436992901301
16	interaction_0071	cell_pair_0006	0.0009	1.66357233541752
16	interaction_0063	cell_pair_0006	0.0009	1.63087138301258
16	interaction_0077	cell_pair_0006	0.0009	1.5626698261027
16	interaction_0181	cell_pair_0003	0.0009	1.56218135647187
16	interaction_0071	cell_pair_0009	0.0009	1.55434326566276
16	interaction_0063	cell_pair_0009	0.0009	1.51903860960006
16	interaction_0077	cell_pair_0009	0.0009	1.44519698238171
16	interaction_0104	cell_pair_0002	0.0009	1.44413695658759
16	interaction_0181	cell_pair_0006	0.0009	1.41359408240918
16	interaction_0176	cell_pair_0007	0.0009	1.38349694415537
16	interaction_0078	cell_pair_0004	0.0009	1.37517847958961
16	interaction_0204	cell_pair_0002	0.0009	1.27500704749987
16	interaction_0079	cell_pair_0006	0.0009	1.20288783347014
16	interaction_0014	cell_pair_0003	0.0009	1.20163386116965
16	interaction_0189	cell_pair_0009	0.0009	1.15639661659767
16	interaction_0181	cell_pair_0005	0.0009	1.11902410314227
16	interaction_0268	cell_pair_0005	0.0009	1.08542465625268
16	interaction_0104	cell_pair_0001	0.0009	1.08065766334523
16	interaction_0259	cell_pair_0005	0.0009	1.06419306192749
16	interaction_0014	cell_pair_0005	0.0009	1.05658352836637
16	interaction_0079	cell_pair_0009	0.0009	1.05032755355842
16	interaction_0064	cell_pair_0006	0.0009	1.05032755355842
16	interaction_0271	cell_pair_0006	0.0009	1.02147972741045
16	interaction_0148	cell_pair_0002	0.0009	0.956056652412403
16	interaction_0180	cell_pair_0006	0.0009	0.935082523318661
16	interaction_0212	cell_pair_0001	0.0009	0.916094422938358
16	interaction_0045	cell_pair_0006	0.0009	0.893750501720566
16	interaction_0181	cell_pair_0007	0.0009	0.892973815273334
16	interaction_0080	cell_pair_0006	0.0009	0.889862881365179
16	interaction_0014	cell_pair_0004	0.0009	0.832687516439532
16	interaction_0114	cell_pair_0001	0.0009	0.825378603892931
16	interaction_0114	cell_pair_0001	0.0009	0.825378603892931
16	interaction_0055	cell_pair_0006	0.0009	0.799916202989014
16	interaction_0088	cell_pair_0005	0.0009	0.789937868980195
16	interaction_0037	cell_pair_0006	0.0009	0.759581973233555
16	interaction_0180	cell_pair_0009	0.0009	0.74931972457408
16	interaction_0072	cell_pair_0006	0.0009	0.739848102699327
16	interaction_0053	cell_pair_0006	0.0009	0.732052073300289
16	interaction_0271	cell_pair_0003	0.0009	0.727702672837238
16	interaction_0182	cell_pair_0009	0.0009	0.724213686757358
16	interaction_0082	cell_pair_0006	0.0009	0.712815854437372
16	interaction_0086	cell_pair_0006	0.0009	0.711935356978922
16	interaction_0170	cell_pair_0008	0.0009	0.709290635723358
16	interaction_0066	cell_pair_0006	0.0009	0.685267406516842
16	interaction_0114	cell_pair_0004	0.0009	0.663572335417523
16	interaction_0114	cell_pair_0004	0.0009	0.663572335417523
16	interaction_0255	cell_pair_0008	0.0009	0.651683180632109
16	interaction_0249	cell_pair_0005	0.0009	0.589763486984977
16	interaction_0250	cell_pair_0003	0.0009	0.507921464957328
16	interaction_0178	cell_pair_0005	0.0009	0.487486349348536
16	interaction_0267	cell_pair_0003	0.0009	0.443606651475615
16	interaction_0260	cell_pair_0007	0.0009	0.438292851579147
16	interaction_0170	cell_pair_0004	0.0009	0.435095151620097
16	interaction_0270	cell_pair_0005	0.0009	0.423309237242387
16	interaction_0261	cell_pair_0005	0.0009	0.389566811762726
16	interaction_0256	cell_pair_0009	0.0009	0.377401430785794
16	interaction_0270	cell_pair_0003	0.0009	0.375178479589612
16	interaction_0169	cell_pair_0005	0.0009	0.369606070031838
16	interaction_0270	cell_pair_0004	0.0009	0.357270475679559
16	interaction_0261	cell_pair_0003	0.0009	0.339137384919585
16	interaction_0249	cell_pair_0008	0.0009	0.324234562270531
16	interaction_0261	cell_pair_0004	0.0009	0.32077347694587
16	interaction_0117	cell_pair_0005	0.0009	0.312665173558394
16	interaction_0249	cell_pair_0004	0.0009	0.305678743242287
16	interaction_0229	cell_pair_0004	0.0009	0.286881147788162
16	interaction_0261	cell_pair_0006	0.0009	0.244887059123534
16	interaction_0248	cell_pair_0006	0.0009	0.232660756790275
16	interaction_0249	cell_pair_0003	0.0009	0.209141397838592
16	interaction_0177	cell_pair_0007	0.0009	0.205392512989685
16	interaction_0250	cell_pair_0004	0.0009	0.204140716780225
16	interaction_0089	cell_pair_0001	0.0009	0.196607044094818
16	interaction_0267	cell_pair_0005	0.0009	0.190298791626595
16	interaction_0179	cell_pair_0007	0.0009	0.171206827418142
16	interaction_0248	cell_pair_0003	0.0009	0.16349873228288
16	interaction_0249	cell_pair_0006	0.0009	0.141432790929296
16	interaction_0248	cell_pair_0004	0.0009	0.12961273813047
16	interaction_0272	cell_pair_0003	0.0009	0.126972856257766
16	interaction_0250	cell_pair_0006	0.0009	0.11503324294624
16	interaction_0260	cell_pair_0009	0.0009	0.0621217119077975
16	interaction_0020	cell_pair_0003	0.0009	0.0482361856528476
16	interaction_0263	cell_pair_0001	0.0009	0.0299828662157143
16	interaction_0277	cell_pair_0004	0.0009	0.0299828662157143
16	interaction_0262	cell_pair_0009	0.0009	-0.00723156923107586
16	interaction_0089	cell_pair_0007	0.0009	-0.0350469470992008
16	interaction_0274	cell_pair_0003	0.0009	-0.0469210473874926
16	interaction_0148	cell_pair_0001	0.0009	-0.0923401721467106
16	interaction_0012	cell_pair_0003	0.0009	-0.106249498279434
16	interaction_0117	cell_pair_0006	0.0009	-0.160040412510468
16	interaction_0017	cell_pair_0005	0.0009	-0.171368418311981
16	interaction_0252	cell_pair_0005	0.0009	-0.179514657013621
16	interaction_0065	cell_pair_0006	0.0009	-0.187707155126729
16	interaction_0148	cell_pair_0003	0.0009	-0.192645077942396
16	interaction_0111	cell_pair_0002	0.0009	-0.195946441032647
16	interaction_0089	cell_pair_0004	0.0009	-0.205896101440252
16	interaction_0106	cell_pair_0003	0.0009	-0.209227962138
16	interaction_0110	cell_pair_0004	0.0009	-0.220950447162541
16	interaction_0282	cell_pair_0002	0.0009	-0.229382353343797
16	interaction_0145	cell_pair_0001	0.0009	-0.256700472111743
16	interaction_0253	cell_pair_0003	0.0009	-0.320125852253377
16	interaction_0004	cell_pair_0003	0.0009	-0.351074440546879
16	interaction_0147	cell_pair_0009	0.0009	-0.362157939675895
16	interaction_0018	cell_pair_0003	0.0009	-0.362157939675895
16	interaction_0147	cell_pair_0008	0.0009	-0.407363571393423
16	interaction_0244	cell_pair_0001	0.0009	-0.422752464406849
16	interaction_0278	cell_pair_0003	0.0009	-0.436353730515936
16	interaction_0117	cell_pair_0003	0.0009	-0.465938397578882
16	interaction_0204	cell_pair_0001	0.0009	-0.481968507397831
16	interaction_0283	cell_pair_0008	0.0009	-0.488026018218199
16	interaction_0283	cell_pair_0008	0.0009	-0.488026018218199
16	interaction_0280	cell_pair_0004	0.0009	-0.496142467422571
16	interaction_0115	cell_pair_0003	0.0009	-0.514573172829758
16	interaction_0046	cell_pair_0006	0.0009	-0.586405917590825
16	interaction_0081	cell_pair_0006	0.0009	-0.599462070416271
16	interaction_0206	cell_pair_0008	0.0009	-0.608232280044003
16	interaction_0219	cell_pair_0008	0.0009	-0.62148837674627
16	interaction_0065	cell_pair_0009	0.0009	-0.628162382669579
16	interaction_0092	cell_pair_0005	0.0009	-0.675765437729469
16	interaction_0199	cell_pair_0006	0.0009	-0.696657605512669
16	interaction_0252	cell_pair_0004	0.0009	-0.701341684435485
16	interaction_0201	cell_pair_0006	0.0009	-0.715485866755755
16	interaction_0251	cell_pair_0006	0.0009	-0.852042118612899
16	interaction_0056	cell_pair_0006	0.0009	-0.86775220170156
16	interaction_0090	cell_pair_0003	0.0009	-0.910501849160897
16	interaction_0253	cell_pair_0004	0.0009	-0.913216233857933
16	interaction_0192	cell_pair_0004	0.0009	-0.932361283124637
16	interaction_0283	cell_pair_0007	0.0009	-0.932361283124637
16	interaction_0283	cell_pair_0007	0.0009	-0.932361283124637
16	interaction_0012	cell_pair_0004	0.0009	-0.943416471633633
16	interaction_0038	cell_pair_0006	0.0009	-1.0
16	interaction_0251	cell_pair_0003	0.0009	-1.00288827932483
16	interaction_0226	cell_pair_0005	0.0009	-1.02620507034739
16	interaction_0073	cell_pair_0006	0.0009	-1.06793882865658
16	interaction_0251	cell_pair_0004	0.0009	-1.08314123530025
16	interaction_0054	cell_pair_0006	0.0009	-1.09541956507868
16	interaction_0200	cell_pair_0006	0.0009	-1.15521264992094
16	interaction_0083	cell_pair_0006	0.0009	-1.16488438474178
16	interaction_0087	cell_pair_0006	0.0009	-1.16812275880833
16	interaction_0113	cell_pair_0007	0.0009	-1.17462139610707
16	interaction_0191	cell_pair_0006	0.0009	-1.18442457113743
16	interaction_0067	cell_pair_0006	0.0009	-1.2688167584278
16	interaction_0129	cell_pair_0006	0.0009	-1.30757280191029
16	interaction_0237	cell_pair_0003	0.0009	-1.35107444054688
16	interaction_0191	cell_pair_0004	0.0009	-1.399730246491
16	interaction_0129	cell_pair_0004	0.0009	-1.54371951848927
16	interaction_0264	cell_pair_0006	0.0009	-1.608232280044
16	interaction_0206	cell_pair_0003	0.0009	-1.75633091903314
16	interaction_0264	cell_pair_0003	0.0009	-1.76121314041288
16	interaction_0273	cell_pair_0006	0.0009	-1.8059129478837
16	interaction_0279	cell_pair_0004	0.0009	-1.97709959788992
16	interaction_0130	cell_pair_0001	0.0009	-2.11403524324603
16	interaction_0284	cell_pair_0004	0.0009	-2.41119543298445
16	interaction_0111	cell_pair_0001	0.0009	-2.50635266602479
16	interaction_0116	cell_pair_0008	0.0009	-2.53951952995999
16	interaction_0061	cell_pair_0009	0.01	2.20539251298968
16	interaction_0068	cell_pair_0009	0.01	2.05900910004046
16	interaction_0181	cell_pair_0001	0.01	0.877351626449262
16	interaction_0047	cell_pair_0006	0.01	0.730313886293776
16	interaction_0268	cell_pair_0007	0.01	0.353887836284907
16	interaction_0259	cell_pair_0007	0.01	0.318461465167583
16	interaction_0270	cell_pair_0006	0.01	0.283329168051641
16	interaction_0089	cell_pair_0008	0.01	-0.00723156923107586
16	interaction_0175	cell_pair_0008	0.01	-0.62148837674627
16	interaction_0184	cell_pair_0005	0.01	-0.997117491466879
16	interaction_0129	cell_pair_0008	0.01	-1.02326977932285
16	interaction_0129	cell_pair_0001	0.01	-1.16488438474178
16	interaction_0046	cell_pair_0009	0.01	-1.200912693926
16	interaction_0081	cell_pair_0009	0.01	-1.22095044716254
16	interaction_0090	cell_pair_0006	0.01	-1.40736357139342
16	interaction_0191	cell_pair_0007	0.01	-1.42275246440685
16	interaction_0258	cell_pair_0009	0.01	-1.86249647625006
16	interaction_0285	cell_pair_0004	0.01	-2.38835545662634
16	interaction_0074	cell_pair_0009	0.02	2.02396499080005
16	interaction_0043	cell_pair_0009	0.02	1.87892147974985
16	interaction_0269	cell_pair_0009	0.02	0.018634174139051
16	interaction_0248	cell_pair_0009	0.02	-0.0130430374755989
16	interaction_0018	cell_pair_0004	0.02	-0.592919224549499
16	interaction_0201	cell_pair_0009	0.02	-0.639354797539784
16	interaction_0200	cell_pair_0009	0.02	-1.05589120089205
16	interaction_0175	cell_pair_0004	0.02	-1.19099722506091
16	interaction_0106	cell_pair_0004	0.02	-1.30044836747691
16	interaction_0129	cell_pair_0007	0.02	-1.33278908751913
16	interaction_0056	cell_pair_0009	0.02	-1.65744525452268
16	interaction_0237	cell_pair_0008	0.02	-1.83650126771712
16	interaction_0068	cell_pair_0008	0.03	1.94335876267781
16	interaction_0181	cell_pair_0002	0.03	1.24671210053186
16	interaction_0184	cell_pair_0002	0.03	-0.0101343771337132
16	interaction_0013	cell_pair_0009	0.03	-0.169744675832317
16	interaction_0192	cell_pair_0006	0.03	-0.77349147019132
16	interaction_0038	cell_pair_0009	0.03	-1.89432192210546
16	interaction_0073	cell_pair_0009	0.03	-2.01741705307741
16	interaction_0087	cell_pair_0009	0.03	-2.22431729826094
16	interaction_0186	cell_pair_0009	0.04	2.32739994609742
16	interaction_0070	cell_pair_0009	0.04	1.76595900604575
16	interaction_0043	cell_pair_0008	0.04	1.74717253703546
16	interaction_0076	cell_pair_0009	0.04	1.67219901911577
16	interaction_0070	cell_pair_0001	0.04	1.57143411587651
16	interaction_0002	cell_pair_0002	0.04	1.31556623031895
16	interaction_0211	cell_pair_0001	0.04	0.633198686374004
16	interaction_0177	cell_pair_0002	0.04	0.607862902831235
16	interaction_0179	cell_pair_0002	0.04	0.58111017522555
16	interaction_0170	cell_pair_0007	0.04	0.439357178474257
16	interaction_0170	cell_pair_0001	0.04	0.396159489073155
16	interaction_0196	cell_pair_0007	0.04	-0.424687669312563
16	interaction_0195	cell_pair_0006	0.04	-0.935117148415146
16	interaction_0226	cell_pair_0003	0.04	-1.24127043154214
16	interaction_0258	cell_pair_0008	0.04	-1.98850436116217
16	interaction_0054	cell_pair_0009	0.04	-2.07704103576383
16	interaction_0074	cell_pair_0008	0.05	1.90535089958096
16	interaction_0076	cell_pair_0001	0.05	1.46362245685189
16	interaction_0114	cell_pair_0008	0.05	0.73725410432433
16	interaction_0114	cell_pair_0008	0.05	0.73725410432433
16	interaction_0194	cell_pair_0008	0.05	-0.595096877854869
16	interaction_0115	cell_pair_0004	0.05	-1.7809089417538
16	interaction_0090	cell_pair_0004	0.05	-1.81603716515741
16	interaction_0281	cell_pair_0003	0.05	-2.13289427049735
16	interaction_0083	cell_pair_0009	0.05	-2.21759143507263
17	interaction_0058	cell_pair_0007	0.0009	6.29796172450952
17	interaction_0058	cell_pair_0006	0.0009	6.24345963737763
17	interaction_0058	cell_pair_0004	0.0009	6.22608459879414
17	interaction_0058	cell_pair_0008	0.0009	6.22015579931244
17	interaction_0058	cell_pair_0009	0.0009	6.21651306845054
17	interaction_0058	cell_pair_0003	0.0009	6.21563977221468
17	interaction_0058	cell_pair_0001	0.0009	6.21282221630329
17	interaction_0059	cell_pair_0009	0.0009	6.21184936801638
17	interaction_0049	cell_pair_0007	0.0009	5.37885838327003
17	interaction_0049	cell_pair_0006	0.0009	5.27400068506246
17	interaction_0049	cell_pair_0004	0.0009	5.23977989886237
17	interaction_0051	cell_pair_0007	0.0009	5.23008770384785
17	interaction_0049	cell_pair_0008	0.0009	5.22804904788446
17	interaction_0049	cell_pair_0009	0.0009	5.22079426697096
17	interaction_0049	cell_pair_0003	0.0009	5.21901359187085
17	interaction_0049	cell_pair_0001	0.0009	5.21342505295477
17	interaction_0050	cell_pair_0009	0.0009	5.21147951359138
17	interaction_0051	cell_pair_0006	0.0009	5.1133671207598
17	interaction_0051	cell_pair_0004	0.0009	5.0750619243323
17	interaction_0051	cell_pair_0008	0.0009	5.06190577515433
17	interaction_0051	cell_pair_0009	0.0009	5.05371957360449
17	interaction_0051	cell_pair_0003	0.0009	5.05176361238597
17	interaction_0051	cell_pair_0001	0.0009	5.04544297076117
17	interaction_0052	cell_pair_0009	0.0009	5.0432570025244
17	interaction_0060	cell_pair_0007	0.0009	3.36876834909033
17	interaction_0041	cell_pair_0007	0.0009	3.29027694180753
17	interaction_0074	cell_pair_0007	0.0009	3.17616317365353
17	interaction_0068	cell_pair_0007	0.0009	3.13865066588866
17	interaction_0043	cell_pair_0007	0.0009	3.137667457054
17	interaction_0070	cell_pair_0007	0.0009	3.05015338864714
17	interaction_0076	cell_pair_0007	0.0009	3.03579983742326
17	interaction_0231	cell_pair_0004	0.0009	3.01489084766028
17	interaction_0062	cell_pair_0007	0.0009	2.99801492926968
17	interaction_0224	cell_pair_0004	0.0009	2.92542982124374
17	interaction_0231	cell_pair_0003	0.0009	2.91399039267484
17	interaction_0231	cell_pair_0007	0.0009	2.91207497146824
17	interaction_0231	cell_pair_0008	0.0009	2.90842865016879
17	interaction_0231	cell_pair_0001	0.0009	2.89994898618967
17	interaction_0231	cell_pair_0009	0.0009	2.89569039046369
17	interaction_0041	cell_pair_0006	0.0009	2.77925972037238
17	interaction_0078	cell_pair_0007	0.0009	2.77757752220378
17	interaction_0186	cell_pair_0004	0.0009	2.7497487788645
17	interaction_0186	cell_pair_0005	0.0009	2.65374794290996
17	interaction_0186	cell_pair_0007	0.0009	2.6177686458044
17	interaction_0074	cell_pair_0006	0.0009	2.6140030448649
17	interaction_0186	cell_pair_0008	0.0009	2.611172380044
17	interaction_0041	cell_pair_0004	0.0009	2.57507024745155
17	interaction_0162	cell_pair_0005	0.0009	2.55998119415983
17	interaction_0068	cell_pair_0006	0.0009	2.55802267352524
17	interaction_0043	cell_pair_0006	0.0009	2.55679724659274
17	interaction_0188	cell_pair_0005	0.0009	2.54101915313356
17	interaction_0186	cell_pair_0009	0.0009	2.52230689287139
17	interaction_0188	cell_pair_0001	0.0009	2.52130205560918
17	interaction_0041	cell_pair_0008	0.0009	2.49876146567185
17	interaction_0041	cell_pair_0003	0.0009	2.43802664712394
17	interaction_0070	cell_pair_0006	0.0009	2.4235781709818
17	interaction_0045	cell_pair_0007	0.0009	2.40463068421761
17	interaction_0076	cell_pair_0006	0.0009	2.40163046658474
17	interaction_0041	cell_pair_0001	0.0009	2.39889757120247
17	interaction_0042	cell_pair_0009	0.0009	2.38515489688434
17	interaction_0074	cell_pair_0004	0.0009	2.38266725274504
17	interaction_0080	cell_pair_0007	0.0009	2.38072944850355
17	interaction_0165	cell_pair_0004	0.0009	2.37823415521924
17	interaction_0167	cell_pair_0004	0.0009	2.37823415521924
17	interaction_0164	cell_pair_0007	0.0009	2.36204901208824
17	interaction_0162	cell_pair_0007	0.0009	2.36036427654347
17	interaction_0161	cell_pair_0008	0.0009	2.35698889179248
17	interaction_0064	cell_pair_0007	0.0009	2.35247605905033
17	interaction_0165	cell_pair_0007	0.0009	2.34766565630097
17	interaction_0167	cell_pair_0007	0.0009	2.34766565630097
17	interaction_0165	cell_pair_0003	0.0009	2.33599767738902
17	interaction_0165	cell_pair_0005	0.0009	2.33456827566613
17	interaction_0167	cell_pair_0005	0.0009	2.33456827566613
17	interaction_0164	cell_pair_0004	0.0009	2.33141859783481
17	interaction_0068	cell_pair_0004	0.0009	2.31701457402145
17	interaction_0043	cell_pair_0004	0.0009	2.31527638701493
17	interaction_0165	cell_pair_0008	0.0009	2.31208426151475
17	interaction_0167	cell_pair_0008	0.0009	2.31208426151475
17	interaction_0165	cell_pair_0001	0.0009	2.30158764660319
17	interaction_0167	cell_pair_0001	0.0009	2.30158764660319
17	interaction_0053	cell_pair_0007	0.0009	2.30041662783687
17	interaction_0074	cell_pair_0008	0.0009	2.29513524900082
17	interaction_0072	cell_pair_0007	0.0009	2.29395897902869
17	interaction_0159	cell_pair_0008	0.0009	2.28451413324425
17	interaction_0166	cell_pair_0008	0.0009	2.28451413324425
17	interaction_0082	cell_pair_0007	0.0009	2.28332916805164
17	interaction_0165	cell_pair_0009	0.0009	2.27887686010211
17	interaction_0167	cell_pair_0009	0.0009	2.27887686010211
17	interaction_0166	cell_pair_0009	0.0009	2.27738969881086
17	interaction_0160	cell_pair_0009	0.0009	2.26573692621362
17	interaction_0055	cell_pair_0007	0.0009	2.25640685379425
17	interaction_0037	cell_pair_0007	0.0009	2.25065845449841
17	interaction_0068	cell_pair_0008	0.0009	2.22527492986957
17	interaction_0074	cell_pair_0003	0.0009	2.22496636500027
17	interaction_0043	cell_pair_0008	0.0009	2.22373144513811
17	interaction_0224	cell_pair_0003	0.0009	2.2066432239834
17	interaction_0074	cell_pair_0001	0.0009	2.17951105027151
17	interaction_0075	cell_pair_0009	0.0009	2.16349873228288
17	interaction_0070	cell_pair_0004	0.0009	2.15672019965182
17	interaction_0068	cell_pair_0003	0.0009	2.15153414134792
17	interaction_0043	cell_pair_0003	0.0009	2.14958455315814
17	interaction_0076	cell_pair_0004	0.0009	2.12994238397696
17	interaction_0068	cell_pair_0001	0.0009	2.1036654827657
17	interaction_0043	cell_pair_0001	0.0009	2.10165007609443
17	interaction_0069	cell_pair_0009	0.0009	2.08678376614207
17	interaction_0044	cell_pair_0009	0.0009	2.08474462086847
17	interaction_0078	cell_pair_0006	0.0009	1.97819562968165
17	interaction_0070	cell_pair_0003	0.0009	1.9701173976055
17	interaction_0076	cell_pair_0003	0.0009	1.93997876494071
17	interaction_0070	cell_pair_0001	0.0009	1.91609442293836
17	interaction_0071	cell_pair_0009	0.0009	1.89685307289671
17	interaction_0076	cell_pair_0001	0.0009	1.88440255298369
17	interaction_0077	cell_pair_0009	0.0009	1.86473092231475
17	interaction_0274	cell_pair_0006	0.0009	1.83915338738982
17	interaction_0181	cell_pair_0006	0.0009	1.83551990138694
17	interaction_0272	cell_pair_0006	0.0009	1.80982599609745
17	interaction_0181	cell_pair_0003	0.0009	1.67762099245359
17	interaction_0078	cell_pair_0004	0.0009	1.60074549796208
17	interaction_0189	cell_pair_0008	0.0009	1.42921422983958
17	interaction_0189	cell_pair_0009	0.0009	1.41629930547988
17	interaction_0181	cell_pair_0005	0.0009	1.40762467556661
17	interaction_0014	cell_pair_0003	0.0009	1.36793014143188
17	interaction_0181	cell_pair_0001	0.0009	1.31324585178756
17	interaction_0045	cell_pair_0006	0.0009	1.24974871508357
17	interaction_0176	cell_pair_0007	0.0009	1.22958792274065
17	interaction_0182	cell_pair_0008	0.0009	1.22527492986957
17	interaction_0182	cell_pair_0009	0.0009	1.2103888644454
17	interaction_0079	cell_pair_0009	0.0009	1.20037879798403
17	interaction_0080	cell_pair_0006	0.0009	1.19597745864259
17	interaction_0180	cell_pair_0009	0.0009	1.18586654531133
17	interaction_0014	cell_pair_0008	0.0009	1.1807843910787
17	interaction_0268	cell_pair_0005	0.0009	1.14404636961671
17	interaction_0064	cell_pair_0006	0.0009	1.13027195451886
17	interaction_0185	cell_pair_0005	0.0009	1.06143060049775
17	interaction_0185	cell_pair_0005	0.0009	1.06143060049775
17	interaction_0185	cell_pair_0005	0.0009	1.06143060049775
17	interaction_0185	cell_pair_0005	0.0009	1.06143060049775
17	interaction_0185	cell_pair_0005	0.0009	1.06143060049775
17	interaction_0185	cell_pair_0005	0.0009	1.06143060049775
17	interaction_0185	cell_pair_0005	0.0009	1.06143060049775
17	interaction_0185	cell_pair_0005	0.0009	1.06143060049775
17	interaction_0271	cell_pair_0006	0.0009	1.00791308164326
17	interaction_0053	cell_pair_0006	0.0009	1.0064775640712
17	interaction_0265	cell_pair_0005	0.0009	1.0
17	interaction_0072	cell_pair_0006	0.0009	0.990591872587583
17	interaction_0259	cell_pair_0005	0.0009	0.981852653289741
17	interaction_0082	cell_pair_0006	0.0009	0.964213777946939
17	interaction_0055	cell_pair_0006	0.0009	0.896078055397064
17	interaction_0104	cell_pair_0001	0.0009	0.837539634379403
17	interaction_0271	cell_pair_0003	0.0009	0.814755482809874
17	interaction_0112	cell_pair_0005	0.0009	0.808179083771471
17	interaction_0014	cell_pair_0005	0.0009	0.797428082152313
17	interaction_0267	cell_pair_0003	0.0009	0.699551632523089
17	interaction_0014	cell_pair_0001	0.0009	0.643394453479892
17	interaction_0255	cell_pair_0008	0.0009	0.600269753509005
17	interaction_0014	cell_pair_0006	0.0009	0.594548549550354
17	interaction_0014	cell_pair_0004	0.0009	0.569491091958716
17	interaction_0114	cell_pair_0007	0.0009	0.537047519404657
17	interaction_0114	cell_pair_0007	0.0009	0.537047519404657
17	interaction_0268	cell_pair_0007	0.0009	0.533064921869638
17	interaction_0012	cell_pair_0003	0.0009	0.520045024039818
17	interaction_0250	cell_pair_0003	0.0009	0.520045024039818
17	interaction_0229	cell_pair_0004	0.0009	0.465713319595964
17	interaction_0088	cell_pair_0005	0.0009	0.458382004156013
17	interaction_0178	cell_pair_0005	0.0009	0.454175893185802
17	interaction_0270	cell_pair_0003	0.0009	0.441483479582645
17	interaction_0249	cell_pair_0004	0.0009	0.408168370708106
17	interaction_0020	cell_pair_0003	0.0009	0.401630466584741
17	interaction_0168	cell_pair_0007	0.0009	0.401630466584741
17	interaction_0270	cell_pair_0004	0.0009	0.379620962055708
17	interaction_0179	cell_pair_0007	0.0009	0.37851162325373
17	interaction_0249	cell_pair_0005	0.0009	0.375178479589612
17	interaction_0168	cell_pair_0001	0.0009	0.357270475679559
17	interaction_0114	cell_pair_0004	0.0009	0.341416524478722
17	interaction_0114	cell_pair_0004	0.0009	0.341416524478722
17	interaction_0270	cell_pair_0006	0.0009	0.341416524478722
17	interaction_0254	cell_pair_0008	0.0009	0.339137384919585
17	interaction_0256	cell_pair_0008	0.0009	0.339137384919585
17	interaction_0256	cell_pair_0009	0.0009	0.31150311546827
17	interaction_0177	cell_pair_0007	0.0009	0.301002256032814
17	interaction_0260	cell_pair_0007	0.0009	0.285698125958125
17	interaction_0248	cell_pair_0003	0.0009	0.283329168051641
17	interaction_0259	cell_pair_0007	0.0009	0.277389698810864
17	interaction_0115	cell_pair_0003	0.0009	0.26663664251399
17	interaction_0170	cell_pair_0007	0.0009	0.265436896049098
17	interaction_0089	cell_pair_0007	0.0009	0.24000896473507
17	interaction_0170	cell_pair_0004	0.0009	0.219091058246197
17	interaction_0250	cell_pair_0004	0.0009	0.217851096811131
17	interaction_0270	cell_pair_0009	0.0009	0.215367972203479
17	interaction_0148	cell_pair_0009	0.0009	0.202887833470143
17	interaction_0137	cell_pair_0005	0.0009	0.192825403552391
17	interaction_0089	cell_pair_0001	0.0009	0.191562650700756
17	interaction_0261	cell_pair_0003	0.0009	0.167357927738514
17	interaction_0248	cell_pair_0004	0.0009	0.158337027167101
17	interaction_0260	cell_pair_0004	0.0009	0.150559676575381
17	interaction_0249	cell_pair_0003	0.0009	0.136191386287144
17	interaction_0249	cell_pair_0008	0.0009	0.128293401009818
17	interaction_0015	cell_pair_0001	0.0009	0.121678556588252
17	interaction_0249	cell_pair_0006	0.0009	0.102993993323326
17	interaction_0004	cell_pair_0003	0.0009	0.0976107966264223
17	interaction_0248	cell_pair_0008	0.0009	0.0962618530584035
17	interaction_0261	cell_pair_0004	0.0009	0.0922074380970889
17	interaction_0148	cell_pair_0008	0.0009	0.0908534304511135
17	interaction_0250	cell_pair_0006	0.0009	0.0894981508391026
17	interaction_0229	cell_pair_0007	0.0009	0.0607391578576785
17	interaction_0261	cell_pair_0006	0.0009	0.0454429707611671
17	interaction_0117	cell_pair_0005	0.0009	0.0356239097307212
17	interaction_0148	cell_pair_0003	0.0009	-0.0291463456595165
17	interaction_0018	cell_pair_0003	0.0009	-0.0603972796439563
17	interaction_0262	cell_pair_0008	0.0009	-0.0755200076409777
17	interaction_0262	cell_pair_0009	0.0009	-0.110915901401851
17	interaction_0196	cell_pair_0007	0.0009	-0.15521264992094
17	interaction_0148	cell_pair_0004	0.0009	-0.172993990361023
17	interaction_0117	cell_pair_0006	0.0009	-0.210896782498619
17	interaction_0147	cell_pair_0008	0.0009	-0.214240225572989
17	interaction_0138	cell_pair_0004	0.0009	-0.222632890549587
17	interaction_0148	cell_pair_0001	0.0009	-0.24297675349254
17	interaction_0253	cell_pair_0003	0.0009	-0.270555993166337
17	interaction_0089	cell_pair_0005	0.0009	-0.312939311660108
17	interaction_0131	cell_pair_0008	0.0009	-0.32373259173411
17	interaction_0171	cell_pair_0003	0.0009	-0.352915787371046
17	interaction_0147	cell_pair_0003	0.0009	-0.364013496254377
17	interaction_0110	cell_pair_0004	0.0009	-0.390245037827557
17	interaction_0046	cell_pair_0009	0.0009	-0.442222328605074
17	interaction_0252	cell_pair_0004	0.0009	-0.469929257774916
17	interaction_0018	cell_pair_0004	0.0009	-0.494109070270043
17	interaction_0252	cell_pair_0005	0.0009	-0.529072742524873
17	interaction_0019	cell_pair_0007	0.0009	-0.586405917590825
17	interaction_0081	cell_pair_0009	0.0009	-0.623709616662948
17	interaction_0090	cell_pair_0003	0.0009	-0.685013514531485
17	interaction_0251	cell_pair_0003	0.0009	-0.708396441969435
17	interaction_0199	cell_pair_0006	0.0009	-0.715485866755755
17	interaction_0191	cell_pair_0006	0.0009	-0.788364746672851
17	interaction_0106	cell_pair_0003	0.0009	-0.839079811818897
17	interaction_0253	cell_pair_0004	0.0009	-0.839079811818897
17	interaction_0219	cell_pair_0006	0.0009	-0.844250767322055
17	interaction_0113	cell_pair_0007	0.0009	-0.962969269055033
17	interaction_0251	cell_pair_0004	0.0009	-0.968604803724466
17	interaction_0266	cell_pair_0008	0.0009	-1.03800632257974
17	interaction_0273	cell_pair_0006	0.0009	-1.04692104738749
17	interaction_0253	cell_pair_0006	0.0009	-1.12343394124828
17	interaction_0200	cell_pair_0006	0.0009	-1.1456053222469
17	interaction_0191	cell_pair_0004	0.0009	-1.16488438474178
17	interaction_0230	cell_pair_0004	0.0009	-1.23786383009889
17	interaction_0003	cell_pair_0007	0.0009	-1.2688167584278
17	interaction_0257	cell_pair_0008	0.0009	-1.43440282414577
17	interaction_0054	cell_pair_0009	0.0009	-1.44614803181887
17	interaction_0116	cell_pair_0008	0.0009	-1.59509687785487
17	interaction_0140	cell_pair_0003	0.0009	-1.70368943929191
17	interaction_0139	cell_pair_0003	0.0009	-1.8059129478837
17	interaction_0106	cell_pair_0004	0.0009	-1.8059129478837
17	interaction_0141	cell_pair_0008	0.0009	-1.83135796444116
17	interaction_0140	cell_pair_0001	0.0009	-1.87832144341175
17	interaction_0258	cell_pair_0003	0.0009	-2.08314123530025
17	interaction_0111	cell_pair_0001	0.0009	-2.35107444054688
17	interaction_0041	cell_pair_0009	0.01	2.449957483628
17	interaction_0074	cell_pair_0009	0.01	2.23878685958712
17	interaction_0068	cell_pair_0009	0.01	2.16607267594671
17	interaction_0043	cell_pair_0009	0.01	2.16414264884831
17	interaction_0076	cell_pair_0008	0.01	2.02538322147792
17	interaction_0070	cell_pair_0009	0.01	1.9869569625244
17	interaction_0076	cell_pair_0009	0.01	1.95717170724639
17	interaction_0037	cell_pair_0006	0.01	0.881273061429249
17	interaction_0170	cell_pair_0008	0.01	0.53605290024021
17	interaction_0261	cell_pair_0009	0.01	-0.110915901401851
17	interaction_0124	cell_pair_0008	0.01	-0.144010302691519
17	interaction_0192	cell_pair_0006	0.01	-0.603840510926845
17	interaction_0138	cell_pair_0007	0.01	-0.715485866755755
17	interaction_0219	cell_pair_0008	0.01	-0.800877357986399
17	interaction_0138	cell_pair_0003	0.01	-0.865121945656888
17	interaction_0065	cell_pair_0009	0.01	-0.86775220170156
17	interaction_0083	cell_pair_0009	0.01	-1.68965987938785
17	interaction_0141	cell_pair_0009	0.01	-1.96015973546821
17	interaction_0070	cell_pair_0008	0.02	2.05380644369579
17	interaction_0114	cell_pair_0001	0.02	0.42867840994823
17	interaction_0114	cell_pair_0001	0.02	0.42867840994823
17	interaction_0089	cell_pair_0004	0.02	-0.358453970912476
17	interaction_0184	cell_pair_0008	0.02	-0.579921884020626
17	interaction_0110	cell_pair_0006	0.02	-0.687334826441606
17	interaction_0252	cell_pair_0003	0.02	-1.01449956969512
17	interaction_0139	cell_pair_0008	0.02	-1.43050890804128
17	interaction_0257	cell_pair_0009	0.02	-1.52699243208383
17	interaction_0073	cell_pair_0009	0.02	-1.53533173299656
17	interaction_0258	cell_pair_0008	0.02	-1.64385618977472
17	interaction_0078	cell_pair_0003	0.03	1.31788288282941
17	interaction_0191	cell_pair_0009	0.03	-0.365871442474959
17	interaction_0191	cell_pair_0008	0.03	-0.926865295369785
17	interaction_0225	cell_pair_0006	0.03	-1.02326977932285
17	interaction_0181	cell_pair_0009	0.04	1.3928669162308
17	interaction_0137	cell_pair_0008	0.04	-0.601649629654035
17	interaction_0198	cell_pair_0008	0.04	-0.664288089679538
17	interaction_0252	cell_pair_0006	0.04	-1.09234017214671
17	interaction_0251	cell_pair_0008	0.04	-1.10780328953451
17	interaction_0078	cell_pair_0008	0.05	1.44678556214312
17	interaction_0230	cell_pair_0009	0.05	-1.2584251525812
