time	drive	reference_response	forecast_response
0.0	0.0	0.02148063265124879	0.02148063265124879
0.0025	0.05089279995764091	0.1458503923612509	0.09403652866830811
0.005	0.1015847492845577	0.1209850788076001	0.1646706985356008
0.007500000000000001	0.1518757900157057	0.04267482034528614	0.2345297593744217
0.01	0.2015674463891101	-0.0788340651627864	0.3047142172209671
0.0125	0.2504636081390235	0.3049951521235891	0.3762346502187141
0.015	0.2983713044535504	0.3784753725971834	0.4499512917569987
0.0175	0.3451014655422818	0.1782406771369786	0.5265078155388587
0.02	0.3904696688083804	0.5747615082937698	0.6062704918429888
0.0225	0.4342968666803154	0.4652446396993659	0.6892825209577746
0.025	0.4764100932308283	0.8789413557263819	0.7752410818741667
0.0275	0.5166431467944276	0.789821224995587	0.8634995023793821
0.03000000000000001	0.5548372458894313	0.8180418385057765	0.953086084767443
0.0325	0.5908416558559355	1.107722784322565	1.042714061609947
0.035	0.6245142837366529	1.13093181667675	1.130744868485922
0.03750000000000001	0.6557222390528984	1.263435124790352	1.215098916953856
0.04	0.6843423582625975	1.376502161221534	1.29322019916848
0.0425	0.7102616908305183	1.457174184144139	1.362274086165641
0.045	0.7333779449924317	1.621290534316792	1.419576381067792
0.0475	0.7535998914539729	1.703924900342608	1.462995295123348
0.05	0.7708477234309864	1.696562360897234	1.491133956154654
0.0525	0.7850533716104441	1.849131031381003	1.503359943424003
0.05499999999999999	0.7961607727889249	1.50964841957213	1.49984088829815
0.05749999999999999	0.8041260911284662	1.554928803410867	1.481641451578864
0.06000000000000001	0.8089178911565897	1.621828384464407	1.450793965709132
0.06250000000000001	0.8105172618277496	1.34264525195829	1.41020030577552
0.065	0.8089178911565897	1.525880965958278	1.363313214500145
0.0675	0.8041260911284662	1.346392909453529	1.313699263440612
0.07	0.7961607727889248	1.167955340213775	1.264642875934399
0.07250000000000001	0.7850533716104441	1.1622499525587	1.218882335201163
0.07500000000000001	0.7708477234309864	0.9856707040181738	1.178477938472539
0.0775	0.7535998914539728	0.8453146731211473	1.144771136205445
0.08	0.7333779449924317	1.043694761843732	1.118395651562685
0.0825	0.7102616908305182	1.037110898737321	1.099319091636953
0.085	0.6843423582625974	0.9591975434268974	1.086909670923441
0.08750000000000001	0.6557222390528984	0.9648963316406438	1.080030544115628
0.09	0.6245142837366529	0.7820565453492049	1.077161622169672
0.0925	0.5908416558559354	0.9464788531795056	1.076538678995767
0.095	0.5548372458894311	1.023805769005103	1.076290155633991
0.0975	0.5166431467944277	1.134911059076595	1.074550595616055
0.1	0.4764100932308284	1.286477822596165	1.069536547584606
0.1025	0.4342968666803156	1.120689691332588	1.059580438118106
0.105	0.3904696688083803	1.103601186137711	1.043125206415527
0.1075	0.3451014655422819	1.268756959055348	1.018687266391977
0.11	0.2983713044535501	1.135045362197696	0.9847997725374962
0.1125	0.2504636081390236	0.9664560176676534	0.9399519489613021
0.115	0.2015674463891098	1.156382064593605	0.8825415045502861
0.1175	0.1518757900157056	0.8547064561720008	0.8108575409202565
0.12	0.1015847492845576	0.7666969123549833	0.7231197346348124
0.1225	0.05089279995764073	0.5827674100604041	0.6176234494084767
0.125	-2.606822333398186e-16	0.5651120955746883	0.4930460341306619
0.1275	-0.05089279995764124	0.4619104342002177	0.3488600340019479
0.13	-0.1015847492845577	0.1250470275566385	0.1855967211867143
0.1325	-0.1518757900157054	-0.004349242693969468	0.004725996840704322
0.135	-0.2015674463891103	-0.3135616276852886	-0.1917347444366617
0.1375	-0.2504636081390234	-0.2635552187824741	-0.4015616505244416
0.14	-0.2983713044535506	-0.5813494468862325	-0.6224433707230096
0.1425	-0.3451014655422818	-1.024755971897949	-0.8519160441071834
0.145	-0.3904696688083804	-1.14865189434973	-1.087211612026721
0.1475	-0.4342968666803155	-1.341160520241793	-1.325075006874088
0.15	-0.4764100932308282	-1.61737046132727	-1.561593554136453
0.1525	-0.5166431467944272	-1.951677703014809	-1.792193033245736
0.155	-0.5548372458894313	-2.090627097650035	-2.012026976287161
0.1575	-0.5908416558559353	-2.176683603910847	-2.216562760485339
0.16	-0.6245142837366529	-2.359000403109037	-2.401749223717617
0.1625	-0.6557222390528983	-2.619047263918044	-2.563843046558444
0.165	-0.6843423582625976	-2.594868857551042	-2.699501602938156
0.1675	-0.7102616908305182	-2.818154298681826	-2.806166150460827
0.17	-0.7333779449924319	-2.977621939680597	-2.882340716178462
0.1725	-0.7535998914539729	-2.763416293201974	-2.927569931458756
0.175	-0.7708477234309866	-2.671736874486556	-2.942217634828043
0.1775	-0.7850533716104442	-2.681919261286883	-2.927245140980023
0.18	-0.7961607727889249	-2.515350260667957	-2.88412421951237
0.1825	-0.8041260911284662	-2.403969364906958	-2.814900016365013
0.185	-0.8089178911565897	-2.439789937834122	-2.722292374591257
0.1875	-0.8105172618277496	-2.418245729256053	-2.60965647633445
0.19	-0.8089178911565897	-2.225532405392238	-2.480710500596864
0.1925	-0.8041260911284663	-2.222698978648025	-2.339143770712599
0.195	-0.7961607727889248	-1.936328976579456	-2.188327167450411
0.1975	-0.7850533716104441	-1.796709698584062	-2.03125686899053
0.2	-0.7708477234309865	-1.631342966006496	-1.870708064652901
0.2025	-0.753599891453973	-1.405679958551117	-1.709472279245517
0.205	-0.733377944992432	-1.6025870589625	-1.55052484594425
0.2075	-0.710261690830518	-1.198074516761866	-1.397037871867934
0.21	-0.6843423582625974	-1.224311704380983	-1.2522610389872
0.2125	-0.6557222390528984	-1.001765164422081	-1.119308624627066
0.2149999999999999	-0.6245142837366531	-0.9912970652130574	-1.00083749264205
0.2175	-0.590841655855935	-1.055037828596455	-0.8986509095639608
0.22	-0.554837245889431	-0.8211951609921002	-0.8134154995334998
0.2225	-0.5166431467944275	-0.9515032077112053	-0.744675123922749
0.225	-0.4764100932308285	-0.8035604646724465	-0.6911185111528698
0.2275	-0.4342968666803151	-0.9025116481136657	-0.6509014235845474
0.23	-0.3904696688083797	-0.8867423106004764	-0.6218766322287662
0.2325	-0.3451014655422814	-0.8289917323560816	-0.6016981328347208
0.235	-0.2983713044535503	-0.6530937677316226	-0.5878346964229062
0.2375	-0.250463608139023	-0.7755376853869445	-0.5775475669522324
0.24	-0.2015674463891099	-0.8421617338185345	-0.5678833190283382
0.2425	-0.151875790015705	-0.6604967147701937	-0.5557254945132196
0.245	-0.1015847492845573	-0.8002511571169169	-0.5379270688499883
0.2475000000000001	-0.0508927999576401	-0.7982085205867405	-0.5115015852171988
0.25	-2.034228397546744e-16	-0.8158057636316194	-0.4734195038987784
0.2525	0.05214983536974589	-0.6354183269343492	-0.4215079975580758
0.2549999999999999	0.1040938591642811	-0.5528148034500102	-0.3545092377648577
0.2575	0.155627072052657	-0.5244657324467772	-0.2713353080148306
0.26	0.2065460959868858	-0.5212491150512182	-0.171571277002028
0.2625	0.2566499768421898	-0.1979402314758494	-0.05563461837274736
0.265	0.3057409774911188	-0.00873754131370074	0.07507546655886835
0.2675	0.3536253581816579	0.1197490358596379	0.2181984159042119
0.27	0.4001141411395112	0.2603783735502029	0.3706889934478012
0.2725	0.4450238563770503	0.4545848644446537	0.529263328258915
0.275	0.4881772657655299	0.722997439457396	0.6908238948050244
0.2775	0.5294040625130115	1.112756785530919	0.8526509455189066
0.28	0.5685415432874642	1.190419277012761	1.012065442248129
0.2825	0.6054352503324848	1.194599940198767	1.165302584417973
0.285	0.6399395810414986	1.580210144591413	1.306265451831113
0.2875	0.671918362584727	1.594527495200955	1.427443274613433
0.29	0.7012453893211333	1.958468022806532	1.52309605033572
0.2925	0.727804920874434	1.736869713522116	1.590817116878142
0.295	0.7514921389074832	1.764936543694419	1.630192986713
0.2975	0.7722135607923657	1.753322833187521	1.641195942379208
0.3	0.789887408543618	1.688313329846469	1.624183000706568
0.3024999999999999	0.80444393155858	1.559599569272429	1.581000018881346
0.3049999999999999	0.8158256818911539	1.433819094434039	1.515991215504672
0.3075	0.8239877409726045	1.27319257457972	1.435873760825425
0.31	0.8288978968846269	1.105866050218668	1.348370936053016
0.3125	0.8305367714850735	0.9993969130121703	1.260722847577599
0.3149999999999999	0.8288978968846269	0.8114649141405261	1.178916161016858
0.3175	0.8239877409726044	0.7948532822121642	1.107543367864892
0.32	0.815825681891154	0.7288902112498121	1.049920395256032
0.3225	0.8044439315585801	0.7308420516101258	1.008233685288719
0.325	0.7898874085436182	0.7382565925685496	0.9836209240461643
0.3275	0.772213560792365	0.80523907740631	0.9761528196640075
0.33	0.7514921389074829	0.9272834942570344	0.9847487107393411
0.3325	0.7278049208744336	0.9352750434026342	1.007142543264702
0.335	0.7012453893211333	1.072640696393979	1.040033482110836
0.3375	0.671918362584726	1.194644658902176	1.07943864828823
0.34	0.6399395810414982	1.237826817325817	1.121116784161976
0.3425	0.6054352503324841	1.346691442305939	1.160924932128679
0.345	0.5685415432874635	1.472055056437106	1.19509670742564
0.3475	0.5294040625130102	1.318605541229606	1.220472475920315
0.35	0.4881772657655302	1.576726756959715	1.234606536613548
0.3525	0.4450238563770508	1.453304837045881	1.235669138791427
0.3549999999999999	0.4001141411395117	1.086610434210618	1.222189004671629
0.3575	0.353625358181657	1.430361158303875	1.192757535061927
0.36	0.3057409774911193	1.145602460547041	1.145817582159479
0.3625	0.2566499768421903	1.214241273304888	1.079628787936308
0.365	0.2065460959868863	0.8562567069560347	0.9924430726621024
0.3675	0.1556270720526561	0.7390070026921647	0.882876880600869
0.37	0.1040938591642816	0.6125537924239868	0.7504216853307566
0.3725	0.0521498353697464	0.2400231751653999	0.5958742558360871
0.375	3.051342596320116e-16	-0.01884098243714413	0.4213147234023863
0.3775	-0.05214983536974727	-0.1767492159749381	0.2295417525947908
0.38	-0.1040938591642825	-0.2783088476715129	0.02338067749377729
0.3825	-0.1556270720526569	-0.5529632660104529	-0.1946981219425654
0.385	-0.2065460959868857	-0.7687902543127952	-0.4225793009964445
0.3875	-0.256649976842191	-1.107985195551954	-0.6582798216414527
0.39	-0.3057409774911201	-1.321593588544724	-0.8996608830463401
0.3925	-0.3536253581816577	-1.475729026904006	-1.144149337613952
0.395	-0.4001141411395111	-1.721911659751737	-1.388481671020307
0.3975	-0.4450238563770515	-2.034667557258088	-1.628522333975379
0.4	-0.4881772657655298	-2.031366961306078	-1.859397687815394
0.4025	-0.5294040625130121	-2.289794854161483	-2.076155933242342
0.4049999999999999	-0.5685415432874631	-2.426262896159317	-2.274426979270903
0.4075	-0.6054352503324848	-2.409272631124438	-2.450440638499238
0.41	-0.6399395810414996	-2.48388016489403	-2.600897800532548
0.4125000000000001	-0.6719183625847274	-2.416912151287272	-2.723211460884215
0.415	-0.7012453893211338	-2.480209319819765	-2.81581476491953
0.4175000000000001	-0.727804920874434	-2.531421013257583	-2.878180088912732
0.42	-0.7514921389074832	-2.453530760656099	-2.910586222038507
0.4225	-0.7722135607923659	-2.444974329150533	-2.913857818222645
0.425	-0.7898874085436179	-2.345350897020896	-2.88923678243515
0.4275	-0.8044439315585803	-2.10073096286942	-2.838418653414477
0.4299999999999999	-0.8158256818911539	-2.091273665688594	-2.763680226550135
0.4325	-0.8239877409726045	-2.070926378930964	-2.667946870646447
0.4349999999999999	-0.8288978968846268	-1.963056129381734	-2.554659077297159
0.4375	-0.8305367714850735	-1.889289583549902	-2.427447346929137
0.4399999999999999	-0.8288978968846268	-1.750127245475441	-2.289791726465495
0.4425000000000001	-0.8239877409726044	-1.788941509612728	-2.144845982222895
0.445	-0.815825681891154	-1.4964045584179	-1.995474371764874
0.4475	-0.8044439315585797	-1.513587806367025	-1.844426262971544
0.45	-0.7898874085436183	-1.35738408944724	-1.694519494256482
0.4525	-0.772213560792365	-1.283055667429045	-1.548724969657525
0.4549999999999999	-0.7514921389074836	-1.311889936143161	-1.410124243808804
0.4575	-0.7278049208744337	-1.421210950306528	-1.281765329709396
0.46	-0.7012453893211326	-1.430218571598657	-1.166423547373928
0.4625000000000001	-0.6719183625847261	-1.224758440492824	-1.066272953006339
0.465	-0.6399395810414982	-1.231808514974486	-0.9825627165991542
0.4675000000000001	-0.6054352503324842	-1.468724937709484	-0.9154625566827786
0.47	-0.5685415432874636	-1.444972880693463	-0.8641523173938639
0.4725	-0.5294040625130103	-1.261848352778596	-0.8270680503065895
0.475	-0.4881772657655303	-1.383065626738575	-0.8021607948578459
0.4775	-0.4450238563770496	-1.203025365087813	-0.7870810939088467
0.4800000000000001	-0.4001141411395105	-1.363872929405742	-0.7792744272958243
0.4825000000000001	-0.3536253581816557	-1.322832263697812	-0.7760082991699634
0.485	-0.305740977491118	-1.411938801260966	-0.7743612260582802
0.4875000000000001	-0.2566499768421889	-1.420603069768825	-0.771217828735457
0.49	-0.206546095986885	-1.475337792758853	-0.7633281380973475
0.4925000000000001	-0.1556270720526562	-1.537554078982529	-0.7474670347352966
0.495	-0.1040938591642817	-1.07148262221635	-0.7206653348501717
0.4975000000000001	-0.05214983536974503	-1.000269674245441	-0.6804256007346883
0.5	2.531318444187615e-16	-1.003340298251286	-0.6521641757281669
0.5025000000000001	-0.03244666142012091	-0.7040830066391208	-0.6347731736963016
0.505	-0.06476527069108459	-0.8023673387033944	-0.6042131051752151
0.5075000000000001	-0.0968282810270701	-0.3415690842252435	-0.5647398559024444
0.51	-0.1285091543744755	-0.2906975616145567	-0.5203758642259783
0.5125000000000001	-0.1596828607998119	-0.01314199589483522	-0.4748647278277817
0.515	-0.1902263719257313	-0.2020630903317408	-0.4315659836158544
0.5175000000000001	-0.2200191464678225	0.2459147440874548	-0.3933582583454938
0.52	-0.2489436059559919	0.3087080458132846	-0.3626526857209567
0.5225	-0.276885598762969	0.3304890106519388	-0.3415318287125137
0.525	-0.3037348506086247	0.2588727946071409	-0.3319579351314854
0.5275	-0.3293853997621835	0.4018051663251649	-0.3359691375391567
0.53	-0.3537360152247553	0.3827728798011991	-0.3557610227860589
0.5325000000000001	-0.3766905962418488	0.2514781209570062	-0.3935292529551302
0.535	-0.3981585515691385	0.09536079095235797	-0.4510252300490598
0.5375000000000001	-0.4180551569947245	0.01079912252362034	-0.5290133437521943
0.54	-0.4363018897068862	-0.08666807215526126	-0.6269751826863642
0.5425000000000001	-0.4528267381877478	-0.104192773055432	-0.7432011201890674
0.545	-0.4675644864098408	-0.3058591812168693	-0.8750847160255147
0.5475	-0.4804569712139694	-0.4813134171338925	-1.019381017522232
0.55	-0.4914533118526267	-0.8428688634518489	-1.172345375872225
0.5525	-0.5005101107930635	-1.289567618365926	-1.329796223242685
0.5549999999999999	-0.5075916249875186	-1.483459080961465	-1.487190027958267
0.5575	-0.5126699069347036	-1.788189441733437	-1.639795689280831
0.56	-0.5157249149758185	-1.952026006819518	-1.782976434002733
0.5625000000000001	-0.5167445923898257	-2.027889595647853	-1.912454578472417
0.5650000000000001	-0.5157249149758185	-2.395375073162273	-2.024451943007875
0.5675000000000001	-0.5126699069347035	-2.600572291387854	-2.115768935438044
0.5700000000000001	-0.5075916249875188	-2.657683552683962	-2.183885512467849
0.5725	-0.5005101107930632	-2.754864686900032	-2.227036010871608
0.5750000000000001	-0.4914533118526269	-2.806334914958384	-2.244185441550318
0.5775	-0.4804569712139689	-3.023467710209786	-2.234937528813505
0.5800000000000001	-0.4675644864098406	-2.997873126436582	-2.199476739879113
0.5825000000000001	-0.4528267381877473	-2.888653826040101	-2.138610318577613
0.5850000000000001	-0.4363018897068855	-2.657439409373477	-2.053874133379328
0.5875000000000001	-0.4180551569947237	-2.564626715846407	-1.947579029764079
0.59	-0.3981585515691378	-2.50028333421566	-1.822660709392913
0.5925	-0.3766905962418479	-1.994224381566503	-1.682301005962296
0.595	-0.3537360152247551	-1.990525094902057	-1.529487023188536
0.5974999999999999	-0.3293853997621825	-1.678141468067798	-1.366786556464855
0.6	-0.3037348506086252	-1.395202884644811	-1.196524414683899
0.6025	-0.2768855987629679	-1.178079460679212	-1.021274544184299
0.6049999999999999	-0.2489436059559924	-0.8105483725738584	-0.8442413210691055
0.6074999999999999	-0.2200191464678222	-0.5191484593571309	-0.6691082819327134
0.61	-0.1902263719257301	-0.2202031876837555	-0.4994470736834979
0.6125	-0.1596828607998107	0.04742422297460152	-0.3381330792987776
0.615	-0.1285091543744742	0.2047339655618124	-0.1870947247698071
0.6175	-0.09682828102706975	0.3795037568127692	-0.04744491285602845
0.62	-0.06476527069108517	0.7642369774318394	0.08020989596349548
0.6225	-0.03244666142011965	0.7871647301255632	0.195527700001987
0.625	-3.164148055234519e-16	1.040627759342948	0.2983184843388696
0.6275	0.03244666142012085	1.063738958900232	0.388494719085308
0.63	0.06476527069108545	1.340790527013236	0.4660377540701889
0.6325000000000001	0.09682828102707093	1.080723807856987	0.5309934082841709
0.635	0.1285091543744754	0.9076939777242572	0.5835382795982038
0.6375	0.1596828607998118	0.9962786023999243	0.6241293420158577
0.64	0.1902263719257312	1.080935594883287	0.6536617559346628
0.6425000000000001	0.2200191464678224	1.062858153074331	0.6735065134575994
0.645	0.2489436059559918	0.9439348184399202	0.6853906726322744
0.6475	0.2768855987629683	0.7220209400382295	0.6912154940027018
0.65	0.3037348506086247	0.6973854083288626	0.692912883509001
0.6525000000000001	0.3293853997621827	0.3249042983833164	0.6923617617626828
0.655	0.3537360152247546	0.2647979530013613	0.6913386816155476
0.6575	0.3766905962418474	0.1418636239164575	0.6914773083562862
0.66	0.3981585515691385	0.2266037263044805	0.6942257067928969
0.6625000000000001	0.4180551569947245	0.2482800324833746	0.7007998522870742
0.665	0.4363018897068862	0.09861993437874605	0.7121353849049784
0.6675	0.4528267381877478	0.1437951786060013	0.7288413612474214
0.67	0.4675644864098408	0.09224179198223524	0.7511620354748791
0.6725000000000001	0.480456971213969	0.1639918177311487	0.7789550502610717
0.675	0.4914533118526267	0.3006860731098517	0.8116945381361996
0.6775	0.5005101107930633	0.552870317940382	0.8485036441219089
0.68	0.507591624987519	0.5753520252737755	0.8882136740093994
0.6825000000000001	0.5126699069347037	0.7269996577288916	0.929440245692913
0.685	0.5157249149758185	0.9396231728113964	0.9706648547318142
0.6875	0.5167445923898257	1.052581333121993	1.010314454105664
0.6900000000000001	0.5157249149758185	1.065130762535654	1.046838142648627
0.6925000000000001	0.5126699069347035	1.446972570821002	1.078782241415947
0.6950000000000001	0.5075916249875188	1.37802939767215	1.104860272387497
0.6975	0.5005101107930634	1.484670315073576	1.1240081363515
0.7000000000000001	0.4914533118526269	1.533526069588479	1.135415006240631
0.7025000000000001	0.4804569712139692	1.623624168061504	1.138527967806481
0.705	0.4675644864098411	1.527315779706247	1.133036853252245
0.7074999999999999	0.4528267381877482	1.5361696728298	1.118849332345011
0.71	0.4363018897068855	1.587970444695066	1.096064856742163
0.7124999999999999	0.4180551569947238	1.224605514035923	1.064952289300251
0.715	0.3981585515691378	0.9763347661371331	1.025932122330553
0.7174999999999999	0.3766905962418479	1.129655164938496	0.9795608624653155
0.72	0.3537360152247551	0.8542063486443828	0.9265131178441526
0.7224999999999999	0.3293853997621832	0.7158041058931626	0.8675571292938508
0.725	0.3037348506086252	0.537322955957253	0.8035221048927584
0.7274999999999999	0.2768855987629688	0.251641495665907	0.7352593907905961
0.73	0.2489436059559909	0.1370092909669544	0.663602206224769
0.7324999999999999	0.2200191464678214	-0.2125655347259099	0.5893291774952565
0.735	0.1902263719257302	-0.1928311585643116	0.5131354581704995
0.7374999999999999	0.1596828607998108	-0.3007139602630529	0.4356129264462761
0.74	0.1285091543744743	-0.531320566171668	0.3572388758512544
0.7424999999999999	0.0968282810270698	-0.5723730023836333	0.2783713298673559
0.745	0.06476527069108523	-0.586012073469572	0.199248720173086
0.7474999999999999	0.03244666142012063	-0.5919424622727498	0.1199920428407344
0.75	7.072087020874527e-16	-0.6720543144161835	0.03400178375486058
0.7525	-0.06043375370302548	-0.5303677413563465	-0.05999875605686066
0.755	-0.1206290029897416	-0.599826931761552	-0.157406136449771
0.7575	-0.1803481847118066	-0.5911867780361038	-0.261136654423068
0.76	-0.2393556145420656	-0.8424910733567065	-0.3744446890809666
0.7625	-0.2974184171129023	-0.6995656708675495	-0.500488984180825
0.765	-0.3543074450689444	-0.6328847114604341	-0.6416276008032661
0.7675	-0.4097981834069739	-0.6897647653424782	-0.7987855216671423
0.77	-0.4636716355340775	-0.6400639013373071	-0.9712718589446162
0.7725	-0.5157151875471488	-0.7471126176632686	-1.157042845388
0.775	-0.5657234473228292	-0.8192694096435402	-1.353139147642757
0.7775	-0.613499055106385	-0.8030112356329228	-1.55608120901655
0.78	-0.6588534624004959	-0.8678892841834418	-1.762153711337027
0.7825	-0.7016076760800247	-1.002987814289246	-1.967605135635106
0.785	-0.7415929647961234	-1.091816670640817	-2.168785003152476
0.7875	-0.7786515248817698	-1.125433038385162	-2.362175320428085
0.79	-0.812637103130752	-1.325372832295309	-2.544285156035104
0.7925	-0.8434155739922549	-1.462543712126788	-2.711502022761079
0.795	-0.870865468903134	-1.663984509868055	-2.860060302427252
0.7975	-0.8948784556688401	-1.895451851514782	-2.98620062590832
0.8	-0.915359766001099	-2.125029332907935	-3.086463112879331
0.8025	-0.9322285695250502	-2.090781441000269	-3.15800040336395
0.805	-0.9454182927798083	-2.438042272555547	-3.198825968662351
0.8074999999999999	-0.9548768819534962	-2.542473871989469	-3.207972710958844
0.8099999999999998	-0.9605670083158659	-2.836995506062473	-3.185571309792024
0.8125	-0.9624662155377357	-3.054411241825316	-3.132864419905478
0.8150000000000001	-0.960567008315866	-3.144044369272302	-3.052162436674685
0.8174999999999999	-0.9548768819534968	-3.133575993638527	-2.946698040188505
0.8200000000000001	-0.9454182927798073	-3.270247284317728	-2.820309713290724
0.8225000000000002	-0.9322285695250497	-3.093169700630798	-2.676988797516219
0.8250000000000002	-0.9153597660010986	-3.20225620054704	-2.520465529984159
0.8275	-0.8948784556688406	-3.165360693051825	-2.353998966353174
0.8300000000000001	-0.8708654689031332	-2.881151063863816	-2.180408782613908
0.8325	-0.8434155739922541	-2.97112689807964	-2.002281910312127
0.8350000000000002	-0.8126371031307511	-2.84112541313892	-1.822232332107274
0.8375	-0.7786515248817708	-2.363791628861648	-1.643081575953942
0.8400000000000001	-0.741592964796122	-2.40287176462295	-1.467888122809869
0.8425	-0.7016076760800234	-2.234787441489205	-1.299851178349653
0.8450000000000001	-0.658853462400492	-2.073262508470462	-1.142138689937829
0.8474999999999999	-0.6134990551063861	-1.679094589327821	-0.9976239004834118
0.8500000000000001	-0.5657234473228304	-1.455584605716031	-0.8684915682903417
0.8525	-0.5157151875471501	-1.578603702582538	-0.7558120176756418
0.8550000000000001	-0.4636716355340759	-1.111118516034522	-0.6593482823706192
0.8574999999999998	-0.4097981834069753	-0.8561427667858276	-0.577748867679681
0.8599999999999998	-0.3543074450689458	-0.6140170763856995	-0.5089649864990995
0.8624999999999999	-0.2974184171129006	-0.593816419516119	-0.4506255075131673
0.865	-0.2393556145420638	-0.2746815172409819	-0.4002386566273579
0.8674999999999998	-0.1803481847118114	0.07998382974529683	-0.3552385415740205
0.8699999999999999	-0.1206290029897398	0.1911772138053951	-0.3129596868703391
0.8725	-0.0604337537030236	0.1296087817549518	-0.2706220470745462
0.8750000000000001	2.594290070222236e-15	0.3993073171211413	-0.2253774907336183
0.8775	0.06043375370302537	0.4159019270960715	-0.17442388390305
0.8799999999999999	0.1206290029897449	0.682765965251795	-0.1151546819590502
0.8825	0.1803481847118098	0.4085103700175052	-0.04531006821388482
0.8850000000000001	0.2393556145420655	0.8789149071979305	0.03687191903894677
0.8875	0.297418417112899	0.8921708869393228	0.1324824528596158
0.8899999999999999	0.3543074450689443	1.038304823768796	0.2417524419885947
0.8925	0.4097981834069738	0.8737944599594082	0.363920680054041
0.895	0.4636716355340805	1.018781308931699	0.4972704708502107
0.8974999999999999	0.5157151875471487	0.9843132145293412	0.6393852708699879
0.8999999999999999	0.5657234473228292	1.187333901125703	0.7875618460909725
0.9025	0.6134990551063849	1.201284955049995	0.9392228265834434
0.905	0.6588534624004958	1.410728555300975	1.091923320581511
0.9074999999999999	0.7016076760800224	1.331929285320862	1.242084787686647
0.9099999999999998	0.741592964796121	1.073295772955236	1.383037072798219
0.9125	0.7786515248817697	1.366703940139518	1.506160379860525
0.915	0.812637103130752	1.38478040482643	1.604596418072061
0.9174999999999999	0.8434155739922532	1.511120963071171	1.674739559795295
0.9199999999999999	0.8708654689031353	1.513235018546996	1.7151851789033
0.9225000000000001	0.8948784556688413	1.401985877289629	1.725441721006762
0.9250000000000002	0.9153597660011001	1.481725175780686	1.705773549850663
0.9275	0.9322285695250502	1.649664102756224	1.658186290852068
0.9299999999999999	0.9454182927798083	1.483271879664265	1.587703872730516
0.9325	0.9548768819534966	1.588524716095748	1.502385331270644
0.9350000000000002	0.9605670083158662	1.479072536260087	1.411536603950238
0.9375	0.9624662155377357	1.696400099126544	1.323678515454139
0.94	0.960567008315866	1.692357241352871	1.245604471968204
0.9425	0.9548768819534964	1.57083840849341	1.182320501171714
0.9450000000000001	0.9454182927798073	1.449522915182044	1.137232851012201
0.9474999999999999	0.9322285695250506	1.473414088345464	1.112252765832196
0.95	0.9153597660010996	1.476161078030474	1.107749230086148
0.9525	0.8948784556688407	1.43135278959927	1.122429951677115
0.9550000000000001	0.8708654689031332	1.460105824526029	1.15332488554636
0.9574999999999999	0.8434155739922558	1.254565408974191	1.196019766005766
0.9600000000000002	0.8126371031307511	1.243401232377841	1.245123113281815
0.9625000000000001	0.7786515248817668	1.244615406218979	1.294847385661293
0.9650000000000002	0.74159296479612	1.391417186493059	1.33964792974985
0.9675	0.7016076760800235	1.154856071528278	1.374853349300329
0.97	0.6588534624004921	1.254376819393775	1.397041729403941
0.9725000000000001	0.6134990551063836	1.293021183452743	1.403979522330171
0.9750000000000002	0.5657234473228278	1.023447777725815	1.394310910106803
0.9775	0.5157151875471502	0.9337398693141745	1.367248084215454
0.98	0.463671635534076	0.8916084199621231	1.32228787100016
0.9825	0.4097981834069723	1.072512511108345	1.25897858514892
0.9850000000000002	0.3543074450689427	1.001222793299394	1.176862415381233
0.9875	0.297418417112904	0.8723213538335746	1.075618988020003
0.99	0.2393556145420639	0.7114254983796534	0.9552829405282678
0.9925	0.1803481847118082	0.7286063323046156	0.8163844698599394
0.9950000000000001	0.1206290029897399	0.4681829974612383	0.6599338754173619
0.9974999999999999	0.06043375370302713	0.5566931580862634	0.4872655527064273
1.0	-3.336715701571363e-16	0.3886249466560276	0.3254096300241862
1.0025	0.02138515698660531	0.2514441787762899	0.1798414934025871
1.005	0.04268591652853491	0.2585181451089738	0.0333444901347317
1.0075	0.06381821425926426	-0.1193231473238757	-0.1090430661686549
1.01	0.08469865065408344	-0.2569240856339923	-0.2426169171370597
1.0125	0.1052448201699036	-0.229238839379986	-0.3627746503832997
1.015	0.1253756364622968	-0.2788260239093857	-0.4649895323591119
1.0175	0.145011652396252	-0.584334058681883	-0.5448664744201114
1.02	0.1640753735877237	-0.6638602452241142	-0.5982593885367914
1.0225	0.1824915642385515	-0.6190350807415962	-0.6216309066495174
1.025	0.200187544057795	-0.5605295655425485	-0.6127452834282204
1.0275	0.2170934750976307	-0.6900076453683682	-0.5713120608514539
1.03	0.2331426373718326	-0.4860556974875082	-0.4990345069359088
1.0325	0.2482716921690662	-0.3043809600685135	-0.3990128714764447
1.035	0.2624209320218557	-0.4284576697995446	-0.2751966917919941
1.0375	0.275534516344674	-0.3475932447752094	-0.1324796009807303
1.04	0.287560691811228	0.06871580122901633	0.02313711655371367
1.0425	0.2984519966011859	-0.1216429401453858	0.1852347844728333
1.045	0.3081654477103069	0.2978099864459956	0.3481729263084417
1.0475	0.3166627105847155	0.4743846404459475	0.5076947286641765
1.05	0.3239102504098781	0.4173023276147052	0.6602522598305629
1.0525	0.3298794644571901	0.8265307552598774	0.8016961950568444
1.055	0.3345467949658817	1.077535510558284	0.9275101296252327
1.0575	0.3378938221147347	1.048828374391225	1.034225802322309
1.06	0.3399073367167048	0.994555192058874	1.119828303766206
1.0625	0.3405793923495446	1.256661372983427	1.183215479080752
1.065	0.3399073367167046	1.604453986574299	1.223802501542849
1.0675	0.3378938221147348	1.348116379025799	1.24151548206318
1.07	0.3345467949658814	1.550141104620779	1.236610565568514
1.0725	0.32987946445719	1.279696549211984	1.209469980264344
1.075	0.3239102504098779	1.282787503450954	1.160854356659688
1.0775	0.3166627105847157	1.155323662739846	1.092287890635082
1.08	0.3081654477103062	1.087774670028703	1.006249970361789
1.0825	0.2984519966011857	0.989760882347994	0.9061580894908832
1.085	0.2875606918112277	0.7697967789319712	0.796062843157783
1.0875	0.2755345163446751	0.4926062513844284	0.6801478319119479
1.09	0.2624209320218553	0.3888231878750136	0.5623105435290259
1.0925	0.2482716921690659	0.199326629279936	0.4459596032425511
1.095	0.2331426373718314	0.004241122678622478	0.3339790574963248
1.0975	0.2170934750976313	-0.1775875411846931	0.2287701636690087
1.1	0.2001875440577946	-0.3379193482628589	0.1323173957513511
1.1025	0.1824915642385511	-0.371104568342535	0.04625726001117057
1.105	0.1640753735877222	-0.2849029673597349	-0.02806454126140476
1.1075	0.1450116523962527	-0.5700700693243301	-0.08957373881490982
1.11	0.1253756364622952	-0.6089051843599252	-0.1375258862487378
1.1125	0.1052448201699009	-0.7545520362643692	-0.1716639085341264
1.115	0.08469865065408178	-0.7369397089036819	-0.1924136966117911
1.1175	0.06381821425926495	-0.5221839803430344	-0.200973143626247
1.12	0.04268591652853321	-0.6632092813138337	-0.1992041376362954
1.1225	0.02138515698660481	-0.5305248640295546	-0.189392461279573
1.125	-8.346005494910115e-16	-0.4226677107153557	-0.1740008511944984
1.1275	-0.02138515698660527	-0.491948755798155	-0.155480087848908
1.13	-0.04268591652853488	-0.2403623206283899	-0.1361427771113527
1.1325	-0.06381821425926541	-0.185306341902233	-0.1180900095827347
1.135	-0.08469865065408339	-0.1065166056414458	-0.1031835408972839
1.1375	-0.1052448201699013	-0.162046917245538	-0.0930543124788914
1.14	-0.1253756364622956	0.01753343563726804	-0.08913286435448144
1.1425	-0.145011652396252	-0.1212754339968843	-0.0926839866955536
1.145	-0.1640753735877237	0.1329556422769374	-0.1048284081247485
1.1475	-0.1824915642385505	0.176365841812518	-0.1265378060595875
1.15	-0.200187544057794	0.1466880668514653	-0.158596212009207
1.1525	-0.2170934750976307	0.229818574211666	-0.2015319182226433
1.155	-0.2331426373718326	0.03544189314326829	-0.2555377239965435
1.1575	-0.2482716921690654	0.06476482584050512	-0.3204070419493849
1.16	-0.2624209320218557	-0.07438509557359926	-0.3955099336606661
1.1625	-0.2755345163446754	-6.319233808432106e-06	-0.4798147989223906
1.165	-0.2875606918112286	-0.1544458862039629	-0.5719398015033588
1.1675	-0.2984519966011859	-0.1198395786927998	-0.6702088621674763
1.17	-0.3081654477103069	-0.4285327665953028	-0.7726945260418007
1.1725	-0.316662710584716	-0.4457820948632791	-0.8772455912520385
1.175	-0.3239102504098784	-0.6529192847691906	-0.9815111894496718
1.1775	-0.3298794644571901	-0.7827443794981389	-1.082981300952247
1.18	-0.3345467949658816	-0.8973534844741438	-1.179064419975134
1.1825	-0.3378938221147348	-0.9731204966094048	-1.267209984884389
1.185	-0.3399073367167048	-1.143635106559146	-1.345054456798
1.1875	-0.3405793923495446	-1.554467493124291	-1.41054652553142
1.19	-0.3399073367167047	-1.502063990895995	-1.462018924803394
1.1925	-0.3378938221147348	-1.772332941270937	-1.498213083946122
1.195	-0.3345467949658814	-1.733404164641107	-1.518285124654864
1.1975	-0.3298794644571903	-1.918509349585965	-1.521811982829395
1.2	-0.3239102504098783	-1.781694818234179	-1.508797615605606
1.2025	-0.3166627105847158	-1.820500554584482	-1.479669795030571
1.205	-0.3081654477103062	-1.8900911011939	-1.435256138187102
1.2075	-0.2984519966011862	-1.965855044960741	-1.376729023104816
1.21	-0.2875606918112277	-1.96867018886406	-1.305516705106067
1.2125	-0.2755345163446737	-1.862715235247614	-1.223196488018259
1.215	-0.2624209320218546	-1.645153125059833	-1.1314063765963
1.2175	-0.2482716921690659	-1.430273030818914	-1.031815383738019
1.22	-0.2331426373718314	-1.251781535303593	-0.9261665105518426
1.2225	-0.2170934750976304	-1.085803163039173	-0.8163538702259057
1.225	-0.2001875440577936	-1.108260348831408	-0.7044487452533937
1.2275	-0.1824915642385511	-0.8417595368402125	-0.5926049023240536
1.23	-0.1640753735877222	-0.5631473904567863	-0.482863506011343
1.2325	-0.1450116523962516	-0.4074620343211243	-0.376960827338793
1.235	-0.1253756364622952	-0.2930860610743615	-0.2762334201274792
1.2375	-0.1052448201699032	-0.2326955181216488	-0.18163677295858
1.24	-0.084698650654083	0.2371320808999059	-0.09382854853294172
1.2425	-0.063818214259265	0.2079067472501776	-0.01325851786281519
1.245	-0.04268591652853326	0.1950389808213799	0.05976642569120641
1.2475	-0.02138515698660606	0.5155917428825173	0.1250474055099539
1.25	5.6195757505347e-16	0.6063205503305692	0.1707825458950051
1.2525	-0.02881288557289075	0.6437547489499205	0.1970831718317385
1.255	-0.05751205984978278	0.7015137574831432	0.2143393417459151
1.2575	-0.08598426030120535	0.6103601006097195	0.2207388638795541
1.26	-0.1141171201596942	0.8546026402430014	0.2143848469348637
1.2625	-0.1417996118800657	0.6735464148870832	0.1932345856635665
1.265	-0.1689224853144255	0.4240214817947967	0.1551726621434893
1.2675	-0.1953786988725905	0.4863200810241489	0.0982793971949054
1.27	-0.2210638419663453	0.1159587118543189	0.02128228025526012
1.2725	-0.2458765470703201	0.2339681883322505	-0.07599737862892783
1.275	-0.2697188897733177	-0.05387093310102081	-0.192491631311758
1.2775	-0.2924967752412184	-0.154669635803791	-0.3261209478322213
1.28	-0.3141203095663101	-0.3372402266746063	-0.4742055922850186
1.2825	-0.3345041545374622	-0.6576161897706437	-0.6337833475627707
1.285	-0.3535678644310645	-0.6620412815317198	-0.8017294443611322
1.2875	-0.3712362034935498	-1.136634912547831	-0.9747212113093273
1.29	-0.3874394428625366	-1.346633514881323	-1.149130887832226
1.2925	-0.4021136357547894	-1.644229846269854	-1.320938068499634
1.295	-0.415200869834962	-1.902639750228067	-1.485787741714395
1.2975	-0.4266494957691304	-2.159003675913902	-1.639300706871163
1.3	-0.4364143310611129	-2.151003783493254	-1.777522319329412
1.3025	-0.4444568383671397	-2.345878043991041	-1.897190935415655
1.305	-0.4507452775851454	-2.387664230818952	-1.995739612297751
1.3075	-0.4552548311184521	-2.682852075754676	-2.071246716996195
1.31	-0.4579677018194833	-2.743493608633651	-2.122445499237704
1.3125	-0.4588731832269735	-2.693627225944755	-2.148722423729883
1.315	-0.457967701819483	-2.629378283870863	-2.15005787023435
1.3175	-0.4552548311184524	-2.575030837759159	-2.126954295922868
1.32	-0.4507452775851453	-2.642484582234401	-2.080414837011609
1.3225	-0.4444568383671396	-2.332604279164839	-2.011979182129664
1.325	-0.4364143310611128	-2.126765797182673	-1.923752576335435
1.3275	-0.4266494957691314	-1.909650775946351	-1.81833176310973
1.33	-0.4152008698349618	-1.774268305245245	-1.698581882683482
1.3325	-0.4021136357547875	-1.519132094576791	-1.567344287223165
1.335	-0.3874394428625363	-1.173626217340721	-1.427246789739786
1.3375	-0.3712362034935514	-0.929687869841395	-1.280748181918742
1.34	-0.3535678644310642	-0.8158646229291108	-1.130395866671827
1.3425	-0.3345041545374597	-0.5985209034649496	-0.9790838026606528
1.345	-0.3141203095663098	-0.382024124168219	-0.8300384486770988
1.3475	-0.2924967752412205	-0.1057288776286177	-0.6864705585767151
1.35	-0.2697188897733174	0.001940656765454876	-0.5511028440734217
1.3525	-0.2458765470703183	0.1520312765039428	-0.4258446576878331
1.355	-0.2210638419663449	0.4031237973489996	-0.3117528121501487
1.3575	-0.195378698872593	0.3084392261601765	-0.2092218713928873
1.36	-0.168922485314422	0.3447680234363437	-0.1182357045568632
1.3625	-0.1417996118800637	0.4861609728321646	-0.0385580533956658
1.365	-0.1141171201596922	0.6989407854019438	0.0301614523558726
1.3675	-0.0859842603012065	0.5735493935580489	0.08834300814131191
1.37	-0.05751205984978071	0.3464845933226213	0.1364740212496019
1.3725	-0.02881288557289192	0.5464116202119367	0.1751426859641536
1.375	1.01209170232638e-15	0.4262412534355909	0.2051051113970512
1.3775	0.02881288557289069	0.3664927264694089	0.2273657621924706
1.38	0.05751205984978272	0.1105501163405944	0.2432282258506348
1.3825	0.08598426030120848	0.114225572419657	0.2542786530396743
1.385	0.1141171201596941	0.04506287348155243	0.2623024062077806
1.3875	0.1417996118800625	0.105707365828457	0.2691675937688008
1.39	0.1689224853144239	-0.1259225158911697	0.2767104044441261
1.3925	0.1953786988725919	-0.1810939931396601	0.2866390554708023
1.395	0.2210638419663438	-0.2788944541180661	0.3004574316500433
1.3975	0.2458765470703173	-0.07697853856727854	0.3194032785281481
1.4	0.2697188897733163	-0.1909897252877893	0.3443963773856811
1.4025	0.2924967752412196	-0.0512024368864837	0.3759958091776808
1.405	0.3141203095663089	-0.08918803306344095	0.414369859554703
1.4075	0.3345041545374589	0.05012525526825373	0.4592853376449378
1.41	0.3535678644310655	0.0003162305212739552	0.5101230902413115
1.4125	0.3712362034935507	0.2485585727036682	0.5659222818282849
1.415	0.3874394428625375	0.2657993632545308	0.6254487860303489
1.4175	0.4021136357547886	0.3871506559806331	0.6872761650922231
1.42	0.4152008698349627	0.7096385545161389	0.749864997208608
1.4225	0.4266494957691309	0.6459855775576839	0.8116298854054933
1.425	0.4364143310611134	0.933541088110742	0.8709924601426607
1.4275	0.4444568383671393	1.099086610847607	0.9264282593512355
1.43	0.4507452775851457	1.223296689187432	0.9765180599935978
1.4325	0.4552548311184527	1.319151989159334	1.020006335981483
1.435	0.4579677018194832	1.501809723993016	1.055857247507999
1.4375	0.4588731832269735	1.395724990508693	1.08329316020125
1.44	0.4579677018194832	1.634928121913305	1.101806640542717
1.4425	0.4552548311184523	1.626327396985445	1.111148466801674
1.445	0.4507452775851457	1.475980828618742	1.111302425264252
1.4475	0.4444568383671401	1.374949043421615	1.102458116717584
1.45	0.4364143310611133	1.17416352729272	1.084988000839606
1.4525	0.4266494957691308	1.082792688417834	1.059429400751728
1.455	0.4152008698349625	0.9712121168124215	1.026468744336251
1.4575	0.4021136357547899	0.9146862636423475	0.9869237210185047
1.46	0.3874394428625355	0.9056525976075493	0.9417189581872577
1.4625	0.3712362034935505	0.4458856718432943	0.8918526709139813
1.465	0.3535678644310631	0.5483992858685387	0.8383551704025164
1.4675	0.3345041545374609	0.3371299819214142	0.7822434293295738
1.47	0.3141203095663086	0.2336819669911738	0.724477350404906
1.4725	0.2924967752412193	0.1104002223003972	0.6659225574926078
1.475	0.2697188897733161	-0.06093049055566435	0.6073223193266132
1.4775	0.2458765470703197	-0.1014913480815229	0.5492788651100549
1.48	0.2210638419663435	-0.1096481236110675	0.4922426934119004
1.4825	0.1953786988725886	-0.03819633641884713	0.4365077945702872
1.485	0.1689224853144236	-0.1945746724576551	0.3822109278217996
1.4875	0.1417996118800653	-0.03185469228986884	0.329333959603209
1.49	0.1141171201596938	-0.03964939292684182	0.2777093828130935
1.4925	0.08598426030120494	-0.150867555480484	0.2270299874685466
1.495	0.05751205984978238	-0.05869763708392902	0.1768637743174194
1.4975	0.02881288557289361	0.06852676490985488	0.1266744625792987
1.5	1.427527318770457e-15	-0.1295228532436186	0.06847311268044841
1.5025	-0.06099390047964217	-0.05140087160403828	0.000903500168162083
1.505	-0.1217470858995483	0.1471172573972127	-0.07099343137503442
1.5075	-0.1820197911923617	0.1596089752980245	-0.1509936793842651
1.51	-0.241574147526285	0.01585648265087621	-0.2433659412398386
1.5125	-0.3001751210646385	-0.02610929520499766	-0.3523890670968339
1.515	-0.3575914405371245	0.08611617592207518	-0.4812999114375663
1.5175	-0.4135965099617936	0.101954604980568	-0.6313095106510425
1.52	-0.4679693029159215	-0.1594709558217445	-0.8014768434179322
1.5225	-0.5204952348262722	-0.3209783451171329	-0.9892839509502724
1.525	-0.5709670098364232	-0.2696940978192567	-1.19131625019755
1.5275	-0.6191854389087587	-0.4784939462393674	-1.403760165038092
1.53	-0.6649602259326456	-0.8813166873138771	-1.622669968878177
1.5325	-0.7081107187362065	-1.074587893445119	-1.84406175934436
1.535	-0.7484666220379258	-1.257528683917956	-2.063955715261202
1.5375	-0.7858686695243354	-1.389684520016171	-2.278438736061851
1.54	-0.8201692524013804	-1.688641777044601	-2.483676715337098
1.5425	-0.8512330019388862	-2.042382699801204	-2.675780078184921
1.545	-0.8789373237091024	-2.501856717089407	-2.850620701020318
1.5475	-0.9031728814109068	-2.33832162880486	-3.003830946994186
1.55	-0.9238440283702252	-2.900272839317901	-3.131079426624148
1.5525	-0.9408691850137552	-2.881207472949618	-3.228504769284331
1.555	-0.9541811608262776	-3.084138220172247	-3.293121522719601
1.5575	-0.9637274195209259	-3.343649230955785	-3.32309543094905
1.56	-0.9694702863759036	-3.484310607651001	-3.317884890505831
1.5625	-0.9713870969193983	-3.685689955285905	-3.278271003334249
1.565	-0.9694702863759032	-3.754625475891386	-3.206306520319723
1.5675	-0.9637274195209266	-3.719381524832792	-3.105204896962746
1.57	-0.9541811608262775	-3.705677212616612	-2.979090293018877
1.5725	-0.940869185013755	-3.481029293841737	-2.832518240757926
1.575	-0.9238440283702251	-3.460870448259614	-2.669892211840884
1.5775	-0.9031728814109091	-3.014067087326882	-2.495048382998928
1.58	-0.8789373237091023	-2.696226365247578	-2.311161693763244
1.5825	-0.8512330019388826	-2.948199255612773	-2.120942150164807
1.585	-0.8201692524013801	-2.587353813749992	-1.926987442988665
1.5875	-0.7858686695243392	-2.119128504533487	-1.732106611144033
1.59	-0.7484666220379256	-1.883101410318551	-1.539458230313463
1.5925	-0.7081107187362013	-1.670188714416462	-1.352489175572366
1.595	-0.6649602259326453	-1.387757772055281	-1.17477321152641
1.5975	-0.6191854389087635	-1.077132676121734	-1.009788943490026
1.6	-0.5709670098364228	-0.9242697222389972	-0.860552494562924
1.6025	-0.5204952348262776	-0.5874393738766838	-0.7290719195971174
1.605	-0.467969302915921	-0.3193219194316546	-0.6158838819868926
1.6075	-0.4135965099617994	-0.1397088350656253	-0.5200560821587302
1.61	-0.3575914405371177	0.06549837614327036	-0.4396408715618821
1.6125	-0.300175121064638	0.03867863470145561	-0.3722130913489153
1.615	-0.2415741475262778	0.1657072973119063	-0.3152286418354099
1.6175	-0.182019791192368	0.03307909753288518	-0.2661532420210636
1.62	-0.1217470858995547	0.2472071226524101	-0.2224259122646516
1.6225	-0.06099390047964859	0.222157133684575	-0.1813673388405469
1.625	1.904572297967859e-15	0.4694085284553087	-0.1401368470275283
1.6275	0.06099390047963862	0.561407732253834	-0.09579247051273958
1.63	0.1217470858995516	0.3490662079586483	-0.04543849775627423
1.6325	0.182019791192365	0.3603556213007383	0.01359655184532654
1.635	0.2415741475262815	0.3605782448725361	0.08358815316950592
1.6375	0.3001751210646351	0.4252144112585555	0.1662396726561503
1.64	0.3575914405371277	0.3722528194106733	0.2624808539482524
1.6425	0.4135965099617966	0.5822462173805836	0.3722728654143483
1.645	0.4679693029159244	0.5136318470813548	0.4945249615840681
1.6475	0.520495234826275	0.7698533131684283	0.6272286632196807
1.65	0.5709670098364202	0.7733983588441156	0.7678163617821931
1.6525	0.6191854389087558	0.7508714498409823	0.9136288702462648
1.655	0.664960225932643	0.8343245839613913	1.062179208846706
1.6575	0.7081107187361992	1.106546208473298	1.210392744502102
1.66	0.7484666220379279	1.109703011399118	1.352557982964327
1.6625	0.7858686695243375	1.115514824746103	1.480233348082304
1.665	0.8201692524013822	1.387510940777839	1.585625113642249
1.6675	0.8512330019388844	1.445861360158635	1.663953976184255
1.67	0.8789373237091009	1.838565642843127	1.713069779264733
1.6725	0.9031728814109055	1.707628606129931	1.732160658210335
1.675	0.9238440283702241	1.707379493396643	1.721194438624078
1.6775	0.9408691850137543	1.555542401389242	1.681531906385041
1.68	0.9541811608262782	1.888174309125112	1.617200551978907
1.6825	0.9637274195209263	1.779591710611238	1.535441854534102
1.685	0.9694702863759034	1.661177576805292	1.445419233822645
1.6875	0.9713870969193983	1.557229627922003	1.356063189285241
1.69	0.9694702863759029	1.503940052208619	1.274735864204786
1.6925	0.9637274195209262	1.464431008840604	1.206953731834408
1.695	0.9541811608262768	1.315832481515567	1.156542005402
1.6975	0.9408691850137542	1.171462064091815	1.125777969433621
1.7	0.9238440283702262	1.179376915905214	1.115391868417831
1.7025	0.9031728814109105	0.8943751932720938	1.124470856441503
1.705	0.8789373237091038	1.035207816568202	1.15041867861988
1.7075	0.8512330019388876	1.056769263347455	1.189134735406977
1.71	0.8201692524013784	1.041947620118929	1.235442862843783
1.7125	0.7858686695243373	1.12724246128975	1.283662648490303
1.715	0.7484666220379234	1.264134760614588	1.328235260678185
1.7175	0.7081107187362039	1.228024606460724	1.364344609965838
1.72	0.6649602259326479	1.148099183371878	1.388343337740418
1.7225	0.6191854389087663	1.364108877553216	1.397778576866374
1.725	0.57096700983642	1.457142469746126	1.391122144018373
1.7275	0.5204952348262748	1.470912638690656	1.367453495817329
1.73	0.4679693029159182	1.434973733187653	1.326160890036577
1.732499999999999	0.4135965099617964	1.444351998401714	1.266681820109596
1.735	0.357591440537121	1.274224802492699	1.188404042191244
1.7375	0.3001751210646414	0.9395101930968144	1.090780331293325
1.74	0.2415741475262746	1.048342108994249	0.9735554780487077
1.7425	0.1820197911923648	0.8388995512729812	0.8369606307225712
1.745	0.1217470858995445	0.8202384081016448	0.6817805551324222
1.7475	0.06099390047963837	0.6948377278519966	0.5092677764605817
1.75	1.381444334709834e-15	0.3665097779091545	0.3244094558126005
1.7525	-0.05059278405685292	0.312889453540034	0.1297642180811215
1.755	-0.100985901508685	-0.1362265172632897	-0.07559740093750159
1.7575	-0.1509804737433264	-0.1845328538774768	-0.2898936148157628
1.76	-0.2003791950245314	-0.5844807829373025	-0.5115429568954073
1.7625	-0.2489871111675098	-0.8073077030310878	-0.7389019109080595
1.765	-0.2966123889341064	-1.102076536800635	-0.9699957094613813
1.7675	-0.3430670731108854	-1.202620049991956	-1.20226534327037
1.77	-0.388167828282533	-1.309324071136735	-1.432354583907077
1.7725	-0.4317366623729618	-1.747986536966142	-1.656065372174755
1.775	-0.4736016290987285	-1.934594433357143	-1.868743660566657
1.7775	-0.5135975065624454	-2.039237754822243	-2.066035336615315
1.78	-0.5515664493081416	-2.343000608397963	-2.244319199554533
1.7825	-0.5873586112651557	-2.400936504230292	-2.400596580726094
1.785	-0.6208327371221348	-2.552880230868121	-2.532422149917166
1.7875	-0.6518567197971875	-2.707821375658961	-2.638064874428196
1.79	-0.6803081218042147	-2.805757347660627	-2.716615402812787
1.7925	-0.706074658457691	-2.604249996519832	-2.767896121748631
1.795	-0.7290546410090654	-2.721695515870291	-2.792270459963496
1.7975	-0.7491573779657575	-2.766183218487177	-2.790494716024069
1.8	-0.7663035330090691	-2.52859656662524	-2.763684174498141
1.8025	-0.7804254380983774	-2.559101332837502	-2.713384573850396
1.805	-0.7914673605259807	-2.584660406040867	-2.641675910022485
1.8075	-0.7993857228686292	-2.475424828289658	-2.551197333744518
1.81	-0.8041492749677143	-2.252106065204213	-2.44501225130936
1.8125	-0.8057392172593587	-2.172541888765954	-2.326345276539292
1.815	-0.8041492749677139	-1.939496857625295	-2.198324232909963
1.8175	-0.7993857228686299	-1.962298686298174	-2.063849273729393
1.82	-0.7914673605259817	-1.84901933586076	-1.925617607462773
1.8225	-0.7804254380983803	-1.600090819242647	-1.786246259467194
1.825	-0.7663035330090691	-1.39067143211852	-1.648397241985159
1.8275	-0.7491573779657575	-1.398784019824511	-1.514825557937671
1.83	-0.7290546410090629	-1.008132635740096	-1.38832283589716
1.8325	-0.706074658457691	-0.9563113577790863	-1.271567634651631
1.835	-0.6803081218042116	-1.117859637452261	-1.166897613810983
1.8375	-0.6518567197971908	-1.144809295029404	-1.076037575242836
1.84	-0.6208327371221312	-0.9988401767268483	-0.999872727303269
1.8425	-0.5873586112651557	-1.046802357742295	-0.9383724859871816
1.845	-0.5515664493081374	-0.9948464023029083	-0.8906892191160595
1.8475	-0.5135975065624454	-0.9465775886868002	-0.8553554079533814
1.85	-0.4736016290987332	-0.9923259461300676	-0.8304798612481684
1.8525	-0.4317366623729715	-1.195385905643139	-0.8138875299538445
1.855	-0.388167828282538	-0.8414203072709645	-0.8031950557713714
1.8575	-0.3430670731108906	-1.122305278512716	-0.7958375459740417
1.86	-0.2966123889341011	-1.065976861825457	-0.7890731616603168
1.8625	-0.2489871111675098	-0.9907606061947777	-0.7800048669901786
1.865	-0.2003791950245259	-1.040702458674442	-0.7656618073423558
1.8675	-0.150980473743332	-1.0189927795444	-0.7431556442887478
1.87	-0.1009859015086906	-0.9497028872716459	-0.7098765725010345
1.8725	-0.05059278405686435	-1.060558314256883	-0.6636584378863807
1.875	-4.342679668749584e-15	-0.8403459677262668	-0.6028563826060662
1.8775	0.05059278405685567	-0.6951625020687007	-0.5263398103030049
1.88	0.1009859015086877	-0.6935828885515365	-0.4334694450319125
1.8825	0.1509804737433291	-0.4179076800918362	-0.3241510569069784
1.885	0.2003791950245286	-0.2289869799078649	-0.1990023940188597
1.8875	0.248987111167507	-0.2297834489738596	-0.05954124319207954
1.89	0.296612388934109	0.07829316931162633	0.09179478102938038
1.8925	0.3430670731108879	0.213744307868299	0.2519116361790075
1.895	0.3881678282825404	0.5224456235098821	0.4175137163832672
1.8975	0.431736662372969	0.6044892130220134	0.5855327283765306
1.9	0.4736016290987307	0.7081593469951963	0.7533122066826088
1.9025	0.5135975065624432	1.161003702967891	0.9183158680800929
1.905	0.5515664493081395	1.337746524331757	1.077270112820915
1.9075	0.5873586112651537	1.485546686887513	1.225144506577202
1.91	0.6208327371221366	1.49992369513987	1.355171106730516
1.9125	0.6518567197971891	1.635664430142913	1.461103617647452
1.915	0.6803081218042131	1.791041420492053	1.539648389114929
1.9175	0.7060746584576897	1.779467660346591	1.590166432760672
1.92	0.7290546410090641	1.668818910765335	1.612819677182242
1.9225	0.7491573779657563	1.671256973988375	1.607891775901157
1.925	0.7663035330090717	1.64147972334299	1.576594482114181
1.9275	0.7804254380983795	1.388736871451138	1.52212810310454
1.93	0.7914673605259812	1.307756270734403	1.450007067240201
1.9325	0.7993857228686295	1.108970845032548	1.367251222972625
1.935	0.804149274967714	1.129121950868794	1.281023953105086
1.9375	0.8057392172593587	0.908704290568173	1.197632305841778
1.94	0.8041492749677137	0.8146025041509686	1.122148690671127
1.9425	0.7993857228686296	0.840882908646434	1.058410857521503
1.945	0.7914673605259802	0.7480131842231367	1.009142561261507
1.9475	0.7804254380983782	0.6526204575564707	0.9760581027466848
1.95	0.7663035330090701	0.8293600019172176	0.9598867563001933
1.9525	0.7491573779657587	0.6371838128192703	0.9603043407200905
1.955	0.7290546410090643	0.7303586158898802	0.975837027519941
1.9575	0.7060746584576925	0.9865187787852496	1.003873916424731
1.96	0.6803081218042102	1.040874799975853	1.040891032113081
1.9625	0.6518567197971893	1.287134898010066	1.082840696082898
1.965	0.620832737122133	1.305172549735989	1.125550659629101
1.9675	0.5873586112651576	1.394992336420624	1.165036389048171
1.97	0.5515664493081396	1.557783745295261	1.197756439951499
1.9725	0.5135975065624477	1.455198684984242	1.220816456062373
1.975	0.4736016290987263	1.38588610769128	1.232021243101006
1.9775	0.4317366623729643	1.577316895749831	1.229726600838
1.98	0.3881678282825356	1.386691187885036	1.212570445932024
1.9825	0.3430670731108881	1.410958820080149	1.179207769008524
1.985	0.2966123889341039	1.164486740264471	1.128161108903002
1.9875	0.2489871111675126	1.077827547977598	1.057855822445391
1.99	0.2003791950245232	0.8694723361859621	0.9668463929088911
1.9925	0.1509804737433293	0.629512377883944	0.8541925957953703
1.995	0.1009859015086822	0.4259179412159738	0.7198850126045171
1.9975	0.05059278405685587	0.2974631222463677	0.5650919941659213
2.0	3.180644616643522e-16	-0.003783733189649275	0.4049139916858212
2.0025	-0.01019244528586685	-0.1850693158772522	0.244921806073673
2.005	-0.02034466564667717	-0.570082555875203	0.0784818725341486
2.0075	-0.03041659490677254	-0.7928761478428642	-0.09018762075805264
2.01	-0.04036848376279352	-1.060162916259775	-0.257583105456774
2.0125	-0.05016105665600645	-1.240289430383761	-0.4206044575493014
2.015	-0.05975566677500618	-1.343870713634234	-0.5762802107752842
2.0175	-0.06911444857701123	-1.505444301826275	-0.7215344494167814
2.02	-0.07820046722587193	-1.572105854779757	-0.85300384021368
2.0225	-0.08697786435698622	-1.600880598828764	-0.9669819555218263
2.025	-0.09541199959389185	-1.698191746992115	-1.059656500532893
2.0275	-0.1034695872579948	-1.792356235448776	-1.12774334399125
2.03	-0.1111188277319484	-1.84313812034568	-1.169281701501244
2.0325	-0.1183295329582076	-1.559555375499437	-1.184115741054311
2.035	-0.125073245577503	-1.569578332113181	-1.173807384207315
2.0375	-0.1313233512370338	-1.777682035832	-1.141094510930325
2.04	-0.1370551836251656	-1.349170756864281	-1.089222837485821
2.0425	-0.142246121818085	-1.113931520697171	-1.021444803972011
2.045	-0.1468756795542605	-1.077504804138524	-0.9407999713956557
2.0475	-0.15092558608435	-0.8072640138657311	-0.8501606026880868
2.05	-0.1543798582775062	-0.6642509187902061	-0.7524424056454069
2.0525	-0.1572248636994896	-0.4185495417430971	-0.6507828710507306
2.055	-0.1594493744136591	-0.2724289898551614	-0.5484789240764433
2.0575	-0.1610446112925077	-0.0330650842543572	-0.4486762555975346
2.06	-0.1620042786648693	0.08521945915111254	-0.3540356149318403
2.0625	-0.1623245891620553	0.2800511829757753	-0.2665899682374077
2.065	-0.1620042786648693	0.3093701112166555	-0.1878108215113055
2.0675	-0.1610446112925078	0.5081786848895584	-0.1187659608216087
2.07	-0.1594493744136591	0.4962223381608505	-0.06026177922434773
2.0725	-0.1572248636994899	0.4053835334587024	-0.01293806925495309
2.075	-0.1543798582775059	0.6091773160541007	0.02267512974181216
2.0775	-0.1509255860843496	0.593712546752572	0.04613649486561756
2.08	-0.14687567955426	0.4499947019721018	0.05712413736753938
2.0825	-0.142246121818085	0.5981787584467738	0.05553063002804307
2.085	-0.137055183625165	0.3378857975766659	0.0416040983311978
2.0875	-0.1313233512370345	0.3305522048128854	0.01607787783356728
2.09	-0.1250732455775023	0.09616823649802436	-0.01977828770116742
2.0925	-0.1183295329582077	-0.003560852240596154	-0.0642125260694741
2.095	-0.1111188277319476	-0.1372254463825499	-0.1151204911454903
2.0975	-0.103469587257994	-0.2410053469284237	-0.170193701222616
2.1	-0.09541199959389098	-0.5594512962011975	-0.2270430930198761
2.1025	-0.08697786435698726	-0.770266564069161	-0.2832839845355214
2.105	-0.078200467225872	-0.644859989570944	-0.3365921092489553
2.107499999999999	-0.06911444857701235	-0.929623031234207	-0.3847499909240644
2.11	-0.05975566677500518	-0.8303512666695051	-0.4257012472846153
2.1125	-0.05016105665600654	-1.151252919132367	-0.457621976613142
2.115	-0.04036848376279249	-1.35207104716812	-0.4790061673812559
2.1175	-0.03041659490677375	-1.216176397458683	-0.4887492413316382
2.12	-0.02034466564667725	-1.194272194210816	-0.4862065568114266
2.1225	-0.01019244528586808	-1.22045267333286	-0.4712090370991442
2.125	1.392134874446742e-15	-1.247832087101457	-0.4440360981312929
2.1275	0.01019244528586856	-1.095613133392884	-0.4053653260415133
2.13	0.02034466564667773	-1.155744006605311	-0.3562237796819986
2.1325	0.03041659490677308	-1.046660984156663	-0.2979518173312245
2.135	0.04036848376279294	-0.7798898926006279	-0.232167120529841
2.1375	0.05016105665600589	-0.5381667792120923	-0.1607043206079822
2.14	0.05975566677500669	-0.6499510884772121	-0.08551787652804028
2.1425	0.06911444857701174	-0.2131881148974268	-0.008563261556200602
2.145	0.07820046722587241	-0.08236047551235293	0.06831091254884906
2.1475	0.08697786435698669	0.05836910539398356	0.1434329901499475
2.15	0.09541199959389045	0.3455223521306898	0.215333928289425
2.1525	0.1034695872579934	0.5002033293756154	0.2827402080297226
2.155	0.111118827731948	0.681793489409873	0.3445535447622545
2.1575	0.1183295329582072	0.8848186085179441	0.3998343287213535
2.16	0.1250732455775033	0.9860340665970645	0.4477976776873073
2.1625	0.1313233512370341	1.13770367987614	0.4878236742210016
2.165	0.1370551836251653	1.194350302566126	0.5194790413203128
2.1675	0.1422461218180847	1.066892812840383	0.542543588873111
2.17	0.1468756795542602	1.124227448376137	0.5570302544494351
2.1725	0.1509255860843498	0.8999705516362944	0.5631872651995998
2.175	0.1543798582775067	0.9885902942472772	0.561478668068934
2.1775	0.15722486369949	0.8097041946457939	0.5525500909356718
2.18	0.1594493744136592	0.7789774848274011	0.5371910964963648
2.1825	0.1610446112925077	0.6966273482723915	0.5163017264431818
2.185	0.1620042786648693	0.6130202206924685	0.4908641936288478
2.1875	0.1623245891620553	0.3790075446961957	0.4619166671923305
2.19	0.1620042786648692	0.4969709053234886	0.4305259710180465
2.1925	0.1610446112925077	0.1217082727291075	0.3977579943934191
2.195	0.159449374413659	-0.181288751012843	0.364646566474452
2.1975	0.1572248636994898	0.01131646047492582	0.3321624353525326
2.2	0.1543798582775064	-0.3131177563540876	0.3011838907332324
2.2025	0.1509255860843503	-0.4273135843082504	0.272470069807376
2.205	0.1468756795542603	-0.4081609721168983	0.2466376552225047
2.2075	0.1422461218180853	-0.6047056253771045	0.2241417731327536
2.21	0.1370551836251647	-0.4463320995355712	0.2052623290899933
2.2125	0.1313233512370342	-0.4164475131852013	0.1900974105319864
2.215	0.1250732455775027	-0.4608341978208484	0.1785653052286163
2.2175	0.1183295329582081	-0.5412965118317427	0.1704159135915986
2.22	0.1111188277319481	-0.555074162387944	0.1652510327429545
2.2225	0.1034695872579944	-0.3686135967552753	0.1625516330687249
2.225000000000001	0.09541199959388959	-0.2581802446757497	0.1617093256327103
2.2275	0.08697786435698583	-0.2003538821737377	0.1620589790132275
2.23	0.07820046722587151	-0.1083452848060284	0.1629098312794998
2.2325	0.06911444857701185	0.1202276904965801	0.1635732179500348
2.235	0.05975566677500573	0.1058082894248954	0.1633859308098931
2.2375	0.05016105665600711	0.1069006698173163	0.1617290265181885
2.24	0.04036848376279194	0.1954891162284992	0.1580424935304222
2.2425	0.0304165949067732	0.4673382271775067	0.1518365133032146
2.245	0.0203446656466767	0.6772732874524768	0.1427001292921186
2.2475	0.01019244528586753	0.6054848775806623	0.1303080174332158
2.25	1.672899837169497e-15	0.6271591159878899	0.1059575024639204
2.2525	-0.04765194792376996	0.6216105254671466	0.06941226819370339
2.255	-0.09511583537919605	0.7944793218766053	0.02781757567918879
2.2575	-0.1422043440866669	0.5162939506063051	-0.02158173264074961
2.26	-0.1887316372150232	0.5297670703865421	-0.08172317226762277
2.2625	-0.2345140927945646	0.6558105463304713	-0.1557182642583772
2.265	-0.2793710283891488	0.3678591841809637	-0.2465660314259797
2.2675	-0.3231254141671583	0.2366767515816419	-0.3565388977403188
2.27	-0.3656045715574147	0.1990659089475746	-0.4865635255815726
2.2725	-0.4066408547325699	-0.02854682242947468	-0.636033510921686
2.275	-0.4460723122306398	-0.353021462651018	-0.8030701571724842
2.2775	-0.4837433261033811	-0.5239979373127273	-0.9849140528242101
2.28	-0.5195052260692963	-1.122795381895366	-1.178224532899916
2.2825	-0.5532168762472778	-1.319244380967711	-1.379245035548893
2.285	-0.5847452321554647	-1.509533346702587	-1.583876937081744
2.2875	-0.6139658657770161	-1.909998582878368	-1.787757698261483
2.29	-0.6407634566206746	-2.166430465338107	-1.986432925967778
2.2925	-0.6650322468380231	-2.466349843391203	-2.175551435042002
2.295	-0.6866764586014379	-2.622699781785163	-2.350889042383816
2.2975	-0.7056106720953836	-2.934009319477926	-2.508233967850267
2.3	-0.7217601626294218	-2.947667582805693	-2.643428460647917
2.3025	-0.7350611955424148	-3.192716562919227	-2.752708022083803
2.305	-0.74546127773412	-3.181309243904321	-2.833162801265924
2.3075	-0.75291936483147	-3.52522668003346	-2.883043929845282
2.31	-0.7574060231719696	-3.597005195860744	-2.901771221994889
2.3125	-0.7589035459649058	-3.377739201539845	-2.889713090211322
2.315	-0.7574060231719693	-3.29532393205096	-2.847946786612689
2.3175	-0.7529193648314708	-3.101381514733769	-2.77817253874822
2.32	-0.7454612777341201	-2.938791769178986	-2.682776380211156
2.3225	-0.7350611955424163	-2.881781300173933	-2.564862290558102
2.325	-0.7217601626294203	-2.504473758597916	-2.428067597174221
2.3275	-0.705610672095382	-2.395538124926522	-2.276165818560127
2.33	-0.6866764586014359	-2.144033239934413	-2.112665881611698
2.3325	-0.6650322468380235	-1.755173423497024	-1.940627006585
2.335	-0.6407634566206721	-1.50500263495539	-1.762763219207472
2.3375	-0.6139658657770196	-1.306509214686788	-1.581752960364593
2.34	-0.5847452321554618	-1.058527581086747	-1.400543365081473
2.3425	-0.5532168762472782	-0.6332645417865757	-1.222432639753766
2.345000000000001	-0.5195052260692927	-0.6369172489848125	-1.050900152653054
2.3475	-0.4837433261033775	-0.4186036211282974	-0.8893168378936726
2.35	-0.4460723122306361	-0.2381409507673182	-0.740593370718214
2.3525	-0.4066408547325751	-0.1683444371559961	-0.6067508693546214
2.355	-0.3656045715574154	0.1375141532358404	-0.4885957903828771
2.357499999999999	-0.3231254141671639	0.2610939426312019	-0.3857762066254037
2.36	-0.2793710283891445	0.2069266946288867	-0.2971650018905242
2.3625	-0.2345140927945654	0.01338714421175374	-0.2212656554415491
2.365	-0.1887316372150187	0.03583321185737923	-0.1564677969881527
2.3675	-0.1422043440866729	0.2162362544994489	-0.1011552495516708
2.37	-0.09511583537919678	0.1137400503518821	-0.05370929820570173
2.3725	-0.04765194792377608	0.09190423892728607	-0.01244259715140652
2.375	6.32266230890693e-15	0.08448734928441601	0.02448837743157604
2.3775	0.04765194792377794	0.002892970718735288	0.05912907692491461
2.38	0.09511583537919864	-0.009301398027911821	0.09368713614780898
2.382499999999999	0.1422043440866694	-0.01582544611832186	0.1304150124228046
2.385	0.1887316372150205	0.005694565205670982	0.1714603233791296
2.3875	0.234514092794562	-0.02805092454067458	0.2187244537098367
2.39	0.2793710283891512	-0.02839149244833493	0.2737428073876823
2.3925	0.3231254141671607	-0.2759003468493962	0.3375815228330045
2.395	0.3656045715574169	-0.0400461903017835	0.4107471371616215
2.3975	0.4066408547325722	0.2202004258959024	0.4931213255459163
2.4	0.4460723122306332	0.2972531495893921	0.5839469324938089
2.4025	0.4837433261033747	0.4717070375054209	0.6818873679061518
2.405	0.5195052260692942	0.3571763019632828	0.7851537657088532
2.4075	0.5532168762472759	0.5294974156404625	0.8916535905787466
2.41	0.5847452321554665	0.7409315478121947	0.9990743103100737
2.4125	0.6139658657770176	1.037277933835241	1.104800677551431
2.415	0.6407634566206731	1.105259403246457	1.205669277498249
2.4175	0.6650322468380218	1.309216893982806	1.297873797414165
2.42	0.6866764586014368	1.436957786750833	1.377444410947904
2.4225	0.7056106720953826	1.574330457267043	1.441086108479197
2.425	0.7217601626294242	1.605862903275785	1.486643635064475
2.4275	0.7350611955424167	1.794965233735647	1.512997162783418
2.43	0.7454612777341204	1.449792307632485	1.519835790414641
2.4325	0.7529193648314704	1.72009195605638	1.50767707799616
2.435	0.7574060231719694	1.606678345336062	1.478088079123806
2.4375	0.7589035459649058	1.602160638370183	1.433822051203694
2.44	0.7574060231719691	1.564185462827796	1.378631866071945
2.4425	0.7529193648314705	1.294837239989911	1.316777929285958
2.445	0.7454612777341195	1.294219098914776	1.252465913645778
2.4475	0.7350611955424157	1.050111805146834	1.189426602236757
2.45	0.7217601626294229	0.9622070742975768	1.130693920950745
2.4525	0.705610672095385	0.7921920609327014	1.078532208197001
2.455	0.6866764586014371	0.7427426914983783	1.034445145192798
2.4575	0.6650322468380249	0.769280841332856	0.9992182247749395
2.46	0.6407634566206707	0.5034148336620626	0.9729697441376246
2.4625	0.6139658657770182	0.4868897635196044	0.955204567155782
2.465	0.5847452321554636	0.4800568373461632	0.9448796033671537
2.4675	0.5532168762472802	0.4566985646200499	0.9404951731525973
2.47	0.5195052260692948	0.5333591118465586	0.9402177481949525
2.4725	0.4837433261033796	0.8284443219153315	0.9420217457778218
2.475	0.4460723122306296	0.7638771492417524	0.9438240676577009
2.4775	0.4066408547325684	0.9165558082211117	0.9435853562098514
2.48	0.3656045715574131	0.9321386342828193	0.9393649885631675
2.4825	0.3231254141671616	1.167444028050591	0.9293309285607656
2.485	0.2793710283891471	1.068412213411119	0.9117320028405559
2.4875	0.234514092794568	1.078369847026572	0.8848415749935344
2.49	0.1887316372150162	1.266321218345708	0.8468841547103009
2.4925	0.1422043440866703	0.9307524808556253	0.7959618503697697
2.495	0.09511583537919421	0.9049544871738374	0.7300083203583336
2.4975	0.04765194792377348	0.8549758246949657	0.6468259411552004
2.5	1.434850086351307e-15	0.6931261235063522	0.5472234472112241
2.5025	-0.03678406803961649	0.6878804339879687	0.4307943162360036
2.505	-0.07342296616772837	0.5660950926564091	0.2954710219178927
2.5075	-0.1097720973921346	0.4893832360323624	0.1431208573560172
2.51	-0.1456880082982432	-0.08005317610810236	-0.02382862006777731
2.5125	-0.1810289551941103	0.02339595637340192	-0.2028238400593277
2.515	-0.2156554635080929	-0.1622403087589271	-0.3914069916191668
2.5175	-0.2494308782312148	-0.6366050842052465	-0.5872125039191421
2.52	-0.2822219032320906	-0.7698590472895395	-0.7878271183492311
2.5225	-0.3138991273158289	-0.9000283033133356	-0.9905921241469908
2.525	-0.3443375349509286	-1.392211223714863	-1.192394666680329
2.5275	-0.373416999648426	-1.535407339451359	-1.389516495025645
2.53	-0.4010227580463109	-1.759499824409299	-1.577705694309888
2.5325	-0.4270458628280582	-2.024580902162346	-1.752636912197775
2.535	-0.4513836126879227	-2.170993850944688	-1.910533724360287
2.5375	-0.4739399576460621	-2.397529592120142	-2.048433941650691
2.54	-0.494625878113948	-2.588259258814607	-2.164103630211824
2.5425	-0.5133597362139822	-2.483628531781424	-2.255985266137141
2.545	-0.5300675979669365	-2.618545569781578	-2.323232549062767
2.5475	-0.5446835250755638	-2.552398772473464	-2.36567290063232
2.55	-0.5571498351529492	-2.65977827323445	-2.38366434767182
2.5525	-0.5674173293685366	-2.661211484314888	-2.377940795857632
2.555	-0.5754454866134256	-2.621027554183791	-2.349537570842082
2.5575	-0.5812026234186871	-2.529823017538224	-2.299817740812153
2.56	-0.584666018995536	-2.360116625669464	-2.230549632567429
2.5625	-0.5858220049039058	-2.119632775880798	-2.143948648455041
2.565	-0.5846660189955356	-1.927337665163068	-2.042609487536109
2.5675	-0.5812026234186871	-1.769639158283735	-1.92932579697145
2.57	-0.5754454866134259	-1.700453665069573	-1.806881546992379
2.5725	-0.5674173293685367	-1.425083467727801	-1.677924965287799
2.575	-0.5571498351529496	-1.118190651363569	-1.544980777481871
2.5775	-0.5446835250755642	-1.111269590011778	-1.410567209091152
2.58	-0.530067597966935	-0.9393933284565827	-1.277313461822041
2.5825	-0.5133597362139847	-0.7235759856324108	-1.147966069078216
2.585	-0.494625878113944	-0.5422019547564392	-1.025241042714393
2.5875	-0.4739399576460651	-0.639666265879965	-0.9115648457438581
2.59	-0.4513836126879232	-0.4212846271211125	-0.808796517729714
2.5925	-0.4270458628280588	-0.2829192818931831	-0.7180415333198444
2.595	-0.4010227580463085	-0.382386760954863	-0.6396377827158218
2.5975	-0.3734169996484267	-0.2230280477427459	-0.5732957273978283
2.6	-0.3443375349509259	-0.2373962992912347	-0.5182920535539536
2.602499999999999	-0.3138991273158296	-0.2372550726866394	-0.4736260491860321
2.605	-0.2822219032320877	-0.2479374612812055	-0.4381065209769411
2.6075	-0.2494308782312193	-0.2556710908669207	-0.4103782604932393
2.61	-0.2156554635080937	-0.3886614185676756	-0.3889116667559021
2.6125	-0.1810289551941111	-0.4805003848266759	-0.3719827015237932
2.615	-0.14568800829824	-0.3469039907774185	-0.3576697055210867
2.6175	-0.1097720973921355	-0.3439375020594075	-0.3438868177713592
2.62	-0.0734229661677251	-0.2999530176664155	-0.3284596326782055
2.6225	-0.0367840680396215	-0.5510885612782077	-0.309232402809358
2.625	5.746652594955684e-16	-0.4926907226976485	-0.2841862145248296
2.6275	0.03678406803962265	-0.5597055947629915	-0.2515483898794114
2.63	0.07342296616772624	-0.6085543457289608	-0.2098820169086657
2.6325	0.1097720973921366	-0.4848623314409307	-0.1581550728048901
2.635	0.1456880082982411	-0.4939788417728006	-0.09579555872148125
2.6375	0.1810289551941122	-0.4060538440858454	-0.0227377964543454
2.64	0.2156554635080948	-0.3835346665353379	0.06054596262204495
2.6425	0.2494308782312128	-0.3123993329629243	0.1530482917161711
2.645	0.2822219032320887	-0.119452264056736	0.2532850057822414
2.6475	0.3138991273158305	0.1929494344261205	0.359411082302483
2.65	0.3443375349509268	0.2770923032394927	0.4693665651336072
2.652499999999999	0.3734169996484212	0.4784130170309884	0.5810066986998302
2.655	0.4010227580463094	0.5418690093476706	0.6921726786285959
2.6575	0.4270458628280596	0.6398989957717272	0.8006827984865996
2.66	0.4513836126879239	1.006396549803337	0.9042752386368326
2.6625	0.4739399576460608	1.071670301389976	1.000591819637194
2.665	0.4946258781139491	1.198701013304833	1.087282920978866
2.6675	0.5133597362139812	1.311170511622284	1.162225516676758
2.67	0.5300675979669355	1.58373113750925	1.223766260010178
2.6725	0.5446835250755646	1.688875569340599	1.270872851944294
2.675	0.5571498351529525	1.732309299508878	1.303124783441342
2.6775	0.5674173293685371	1.798399557661881	1.320600420243881
2.68	0.575445486613426	1.498669408590237	1.32378472896043
2.6825	0.5812026234186862	1.434542921330917	1.313549863770312
2.685	0.5846660189955362	1.310882693576792	1.29116790210769
2.6875	0.5858220049039058	1.454740320396327	1.258302183696022
2.69	0.584666018995536	1.041047958257849	1.216953409147345
2.6925	0.5812026234186869	1.034228002156525	1.169357174105815
2.695	0.5754454866134254	0.963420397560787	1.117843634473886
2.6975	0.5674173293685383	0.558305808279768	1.064684479899218
2.7	0.5571498351529515	0.7306271448534166	1.011956593207757
2.702499999999999	0.5446835250755634	0.6548311822849722	0.9614415260719708
2.705	0.5300675979669341	0.483130553179114	0.9145646711103557
2.7075	0.5133597362139838	0.3230828915975131	0.8723672616173996
2.71	0.4946258781139474	0.4839345418653732	0.8355004573782537
2.7125	0.4739399576460638	0.4269792405742315	0.804232005435694
2.715	0.4513836126879219	0.5141277062558494	0.7784601303734824
2.7175	0.4270458628280574	0.3828511997987444	0.75773454726128
2.72	0.401022758046307	0.2962953283878372	0.7412885896504675
2.7225	0.3734169996484252	0.5439311687099344	0.7280869692049008
2.725	0.3443375349509242	0.6821358720143941	0.7168895164443698
2.7275	0.3138991273158279	0.5383323607491859	0.706324332468687
2.73	0.2822219032320932	0.6730221689704227	0.6949585948625212
2.7325	0.2494308782312175	0.6970726709498897	0.6813553981241092
2.735	0.2156554635080918	0.9457488332914546	0.6641100870248369
2.7375	0.1810289551941092	0.7142420067167405	0.6418660546634606
2.74	0.145688008298238	1.050289280044292	0.6133147863729491
2.7425	0.1097720973921417	0.8234584695628678	0.5771873272247248
2.745	0.07342296616773136	0.9766513597141397	0.5322454403021085
2.7475	0.03678406803961951	0.8138118186951513	0.4772819859982971
2.75	-4.802915745337019e-15	0.6989293833162344	0.4259248376709237
2.7525	0.03077432002050802	0.6222500077599925	0.3782475355845336
2.755	0.06142718785934936	0.5907887928397603	0.3216175245265537
2.7575	0.0918376306511225	0.3655510294896062	0.2604427417549487
2.76	0.1218856322713381	0.2997945895487606	0.199001174410472
2.7625	0.1514526069852207	0.08597806902355168	0.1413302491165381
2.765	0.1804218674514602	0.01131146397392364	0.09115986796699208
2.7675	0.2086790852337665	-0.1364979493874862	0.05187959023347642
2.77	0.2361127420030671	-0.1263722214564899	0.02651954125880904
2.7725	0.2626145696493325	-0.4689457985423231	0.01770618421674026
2.775	0.2880799775663763	-0.3468137316131042	0.0275382026268579
2.7775	0.3124084654231829	-0.3848141471318009	0.05735432604762376
2.78	0.3355040197928212	-0.5034641977764723	0.1074422962497338
2.7825	0.3572754930735392	-0.4989583835603939	0.1768085361235069
2.785	0.3776369632067518	-0.3218651900222259	0.2631392310775579
2.7875	0.396508072772096	-0.1441272739916678	0.3630332769376637
2.79	0.4138143461215205	-0.07806700856128874	0.4724711435068881
2.7925	0.4294874833005948	0.1105688511146752	0.587345621832077
2.795	0.4434656295972484	0.04003984702659025	0.7038334357359175
2.7975	0.4556936196540535	0.5723056246030327	0.8184511753743986
2.8	0.4661231951806986	0.7092806611985163	0.9278119397254527
2.802499999999999	0.4747131954073969	0.7698490321446533	1.028410708271311
2.805	0.4814297195276515	0.9051288617044748	1.116817294990866
2.8075	0.4862462604892468	1.246039994620044	1.19016541463773
2.81	0.4891438096054778	1.434448119292355	1.246525708691377
2.8125	0.4901109315737457	1.485077641828195	1.284949769865504
2.815	0.4891438096054779	1.553749738608519	1.305238941841971
2.8175	0.4862462604892469	1.688009948979392	1.307659721947789
2.82	0.4814297195276503	1.66285067977999	1.292815014971696
2.8225	0.4747131954073972	1.685344340569059	1.26167417270026
2.825	0.4661231951806989	1.638465238342646	1.215636279167971
2.8275	0.4556936196540538	1.374063975030806	1.156559893613093
2.83	0.4434656295972488	1.321018742298836	1.086744114155759
2.8325	0.4294874833005953	0.9713743734241594	1.008829552582547
2.835	0.413814346121521	0.9919559803772614	0.925612791102445
2.8375	0.3965080727720965	0.5053975421483775	0.8398295230579876
2.84	0.377636963206748	0.3898282826348215	0.753975840195744
2.8425	0.3572754930735446	0.2164810810299694	0.6702002556933908
2.845	0.335504019792822	0.1680347963690472	0.59026104785753
2.8475	0.3124084654231837	-0.1704834370932243	0.5155279899734443
2.85	0.2880799775663714	-0.1307456064730836	0.4470070909449114
2.8525	0.2626145696493333	-0.3126063525157207	0.3853701207510797
2.855	0.2361127420030679	-0.3548830194583019	0.3309735201975026
2.8575	0.2086790852337674	-0.3353278996097394	0.2838561385160284
2.86	0.1804218674514546	-0.5973276517230589	0.2437164722410001
2.8625	0.1514526069852282	-0.5753684964593807	0.2098875546995268
2.865	0.1218856322713323	-0.3514029652838825	0.1813400291351571
2.8675	0.09183763065112345	-0.4422144748469522	0.1567353380108629
2.87	0.06142718785935031	-0.593129051936045	0.1345229582308511
2.8725	0.03077432002050898	-0.2884769451061805	0.1130518652842077
2.875	-3.843182029963604e-15	-0.3135293955419316	0.09066504567400839
2.8775	-0.0307743200205097	-0.1989710420667241	0.06576129420651039
2.88	-0.06142718785935102	-0.05992018679271031	0.03682527198065154
2.8825	-0.09183763065111732	-0.122622808697693	0.002436677232360164
2.885	-0.1218856322713397	0.1121030049297302	-0.03872726272262279
2.8875	-0.1514526069852223	0.1340560244836007	-0.08788200800113741
2.89	-0.1804218674514553	0.00858562138252407	-0.1461069674468424
2.8925	-0.208679085233768	0.02247988662144809	-0.2142914128134902
2.895	-0.2361127420030685	0.2071447827117102	-0.293058578243015
2.8975	-0.262614569649328	0.2454203808652826	-0.3826840362101653
2.9	-0.288079977566372	0.02388063004787166	-0.4830309709255061
2.902499999999999	-0.3124084654231842	0.171348086839146	-0.5935170967480432
2.905	-0.3355040197928225	0.03959707815955928	-0.7131101394098932
2.9075	-0.3572754930735403	0.03294770507348141	-0.8403366554602556
2.91	-0.3776369632067484	-0.11232955987739	-0.9732920951575874
2.9125	-0.396508072772097	-0.4711825860354907	-1.109654471355163
2.915	-0.4138143461215213	-0.3327717166088379	-1.246721925875219
2.9175	-0.4294874833005956	-0.7956434996756726	-1.38150737985454
2.92	-0.4434656295972491	-0.9377688962133544	-1.510911195603086
2.9225	-0.4556936196540541	-1.180052770197327	-1.631937734186845
2.925	-0.4661231951806991	-1.339069128635305	-1.741867763874307
2.9275	-0.4747131954073974	-1.495290641864468	-1.838330771286036
2.93	-0.4814297195276505	-1.691980596449653	-1.919312758325224
2.9325	-0.486246260489247	-1.866065754504013	-1.983164102838685
2.935	-0.4891438096054779	-2.042016262653582	-2.028624243535165
2.9375	-0.4901109315737457	-2.258163668994528	-2.054841227063357
2.94	-0.4891438096054778	-2.174220544542922	-2.061371756465699
2.9425	-0.4862462604892476	-2.32047483135673	-2.048172627376735
2.945	-0.4814297195276513	-2.281621186295151	-2.015604364896265
2.9475	-0.4747131954073968	-2.477631477735963	-1.964454017616844
2.95	-0.4661231951807005	-2.475107647949375	-1.895957299800953
2.9525	-0.4556936196540558	-2.415903314983364	-1.811779835357769
2.955	-0.4434656295972481	-2.198993683289994	-1.713923842189857
2.9575	-0.4294874833005944	-2.252737009260046	-1.604568817879366
2.96	-0.4138143461215201	-2.076816569528337	-1.485908227749249
2.9625	-0.3965080727720997	-1.902137206791044	-1.360063436842332
2.965	-0.3776369632067469	-1.688948021287662	-1.229120071641339
2.9675	-0.3572754930735434	-1.759509910566233	-1.09525389809511
2.97	-0.3355040197928207	-1.363762872082947	-0.960831715451643
2.9725	-0.3124084654231823	-1.267579384842929	-0.8283603785250442
2.975	-0.2880799775663702	-0.9346541814252213	-0.7002570271477109
2.9775	-0.2626145696493319	-0.7323869477029428	-0.5785494114307791
2.98	-0.2361127420030664	-0.5761897256510466	-0.4646663296652328
2.9825	-0.2086790852337722	-0.3839559969088751	-0.3594096660125455
2.985	-0.1804218674514531	-0.03276913507658745	-0.2630768572520856
2.9875	-0.1514526069852266	-0.03665097219650466	-0.1756323644978298
2.99	-0.1218856322713374	0.3005387561169489	-0.09684781505632098
2.9925	-0.0918376306511218	0.4609458369923201	-0.02638629993165109
2.995	-0.06142718785934864	0.4838724495913452	0.03616016939617712
2.9975	-0.03077432002051425	0.5754094671273176	0.09126556985846501
3.0	2.604794611128322e-16	0.6106999206968297	0.1308197742830831
3.0025	-0.005564747560064468	0.5827818900398887	0.1552858548091071
3.005	-0.01110753360380095	0.7604176475195898	0.1730574606260258
3.0075	-0.0166064832869514	0.7119195980756465	0.1835549932132305
3.01	-0.02203989476735004	0.9489590252233259	0.1863695029207364
3.0125	-0.02738632485217207	0.6173194310545348	0.1812806601995287
3.015	-0.03262467362442428	0.6520867702652231	0.1682771691317796
3.0175	-0.03773426771467647	0.6049484089590588	0.1475722804431737
3.02	-0.04269494188940593	0.577549325681097	0.119608438331583
3.0225	-0.04748711863396039	0.3690579143070553	0.08504814176364528
3.025	-0.05209188541606854	0.1861843024029529	0.04475121680745654
3.0275	-0.05649106932495816	0.1211182637178916	-0.0002588765121602152
3.03	-0.06066730879153587	-0.0572095933339281	-0.04883545132151153
3.0325	-0.06460412210657131	-0.3168569551158426	-0.09975088665595284
3.035	-0.06828597246646798	-0.4936729524732407	-0.1517367580173436
3.0375	-0.0716983292899328	-0.7508048354307514	-0.2035196584891133
3.04	-0.0748277255635411	-0.856840319625087	-0.2538527499140003
3.0425	-0.07766181098988549	-1.138123175155111	-0.3015446535726436
3.045	-0.08018940072855996	-1.099663893075252	-0.3454877320546003
3.0475	-0.08240051953761117	-1.160125109636379	-0.3846870898977455
3.05	-0.08428644114126391	-1.120991218093014	-0.4182900447922084
3.0525	-0.08583972266854387	-1.374117828934661	-0.4456139710627732
3.055	-0.08705423402689039	-1.156909501499849	-0.4661690525968393
3.0575	-0.08792518209482916	-1.110691286036039	-0.4796723137016651
3.06	-0.08844912963823437	-1.11701039695583	-0.4860505857987281
3.0625	-0.08862400887552102	-1.127986637442957	-0.4854323462578209
3.065	-0.0884491296382343	-0.9638956190535146	-0.4781306023737075
3.0675	-0.08792518209482919	-0.9943480844754574	-0.4646201901753123
3.07	-0.08705423402689043	-0.7233635724727449	-0.4455126256559465
3.0725	-0.08583972266854391	-0.8623702887078117	-0.4215303587689608
3.075	-0.08428644114126359	-0.6031075547988293	-0.3934807829458358
3.0775	-0.08240051953761125	-0.5515243269429102	-0.3622294768118411
3.08	-0.08018940072856004	-0.2106917348198373	-0.3286722939697427
3.0825	-0.07766181098988621	-0.1041537200227326	-0.2937068426896311
3.085	-0.07482772556354055	0.0648765533813988	-0.2582049291092802
3.0875	-0.07169832928993293	0.07669615435722361	-0.222987991708976
3.09	-0.06828597246646811	0.2594623192149265	-0.1888071674098566
3.0925	-0.06460412210657146	0.3021454752317418	-0.1563286457718442
3.095	-0.06066730879153602	0.2554666859496899	-0.1261238906774345
3.0975	-0.05649106932495832	0.528438111207228	-0.09866356745038507
3.1	-0.05209188541606872	0.5292378347650255	-0.0743137886430805
3.1025	-0.04748711863396056	0.5091544609270167	-0.05333353946903267
3.105	-0.04269494188940502	0.404049917103229	-0.03587270215472047
3.1075	-0.03773426771467667	0.6191043411233537	-0.02197077175776714
3.11	-0.03262467362442448	0.5083143334751283	-0.01155694861733629
3.1125	-0.02738632485217228	0.3296221523986376	-0.004452630068066502
3.115	-0.02203989476735025	0.339620267767784	-0.0003772978776116131
3.1175	-0.01660648328695161	0.3669115188849412	0.001041580453605328
3.12	-0.01110753360379992	0.2712950069447134	0.0002546072276500146
3.1225	-0.005564747560064684	0.2066576483854002	-0.002226971925265034
3.125	4.352295660966694e-17	0.229355988934321	-0.005851198403952691
3.1275	0.005564747560064771	-0.09874966495856055	-0.0100466842023382
3.13	0.01110753360380001	-0.2564294270558757	-0.01424413496526053
3.1325	0.0166064832869517	-0.3482197855520855	-0.01789715384464101
3.135	0.02203989476735033	-0.5104723930983867	-0.02050154955618147
3.1375	0.02738632485217236	-0.371938369447166	-0.02161252482362681
3.14	0.03262467362442455	-0.4327740227639254	-0.02085922972638293
3.1425	0.03773426771467561	-0.3191137312740906	-0.01795624300821866
3.145	0.04269494188940509	-0.5509512240701211	-0.01271162016252028
3.1475	0.04748711863396064	-0.5616135904513204	-0.005031244148001184
3.15	0.05209188541606777	-0.7102055595640316	0.005080654646328214
3.152499999999999	0.05649106932495742	-0.6897182234520682	0.01752477858583744
3.155	0.06066730879153609	-0.4768095838395844	0.03211362532359441
3.1575	0.06460412210657152	-0.4206830520908242	0.04858152000383419
3.16	0.06828597246646818	-0.4431329094046507	0.06659722149429967
3.1625	0.07169832928993224	-0.4504962267225128	0.08577835965436252
3.165	0.07482772556354125	-0.2336357957370776	0.1057068744901733
3.1675	0.07766181098988564	-0.1338366700643094	0.125944623578348
3.17	0.08018940072856008	-0.1192643448490582	0.1460484072401874
3.1725	0.08240051953761128	0.1133572014724336	0.1655838167801482
3.175	0.08428644114126399	0.09506781179945073	0.1841375062776313
3.1775	0.08583972266854394	0.1934000166485753	0.201327681376794
3.18	0.08705423402689044	0.3297948738281601	0.2168127531980773
3.1825	0.08792518209482905	0.4494511444130865	0.2302982020836272
3.185	0.08844912963823437	0.6271817571993911	0.2415417345871077
3.1875	0.08862400887552102	0.7156413737123897	0.2503568144959504
3.19	0.08844912963823436	0.8953890343392785	0.2566146290438381
3.1925	0.08792518209482915	0.8368335625896574	0.2602445370419664
3.195	0.08705423402689037	0.6066946165022494	0.2612330491814068
3.1975	0.08583972266854416	0.7566017060706177	0.2596214131703419
3.2	0.08428644114126388	0.6860031417899688	0.2555019097463839
3.202499999999999	0.08240051953761113	0.8165018384151552	0.2490129993117703
3.205	0.08018940072856046	0.769340907497907	0.240333485435088
3.2075	0.07766181098988545	0.6280809114038066	0.2296758788817544
3.21	0.07482772556354106	0.41043607331208	0.2172791568021761
3.2125	0.07169832928993275	0.3883538557122768	0.2034011200845385
3.214999999999999	0.06828597246646873	0.3225887318151832	0.1883105598810708
3.2175	0.06460412210657125	0.2936927418036353	0.1722794514654977
3.22	0.06066730879153581	0.2772953505067058	0.1555753974675189
3.2225	0.05649106932495809	-0.105845545080095	0.1384545403206936
3.225	0.05209188541606847	-0.1192249339679822	0.1211551533671589
3.2275	0.04748711863395924	-0.3817132118954256	0.1038921005417057
3.23	0.04269494188940475	-0.5088654933457099	0.08685232590144724
3.2325	0.03773426771467525	-0.2703548379273573	0.0701914970731263
3.235	0.03262467362442419	-0.4818370554233953	0.05403188207170661
3.2375	0.02738632485217079	-0.5161536674006499	0.03846148871837177
3.239999999999999	0.02203989476735117	-0.4441180388516792	0.0235344428151883
3.242499999999999	0.01660648328695255	-0.5775783544045832	0.009272529007989205
3.245	0.01110753360380212	-0.5233926105662566	-0.004332228913092323
3.2475	0.00556474756006438	-0.6090954723231333	-0.01731410971186911
3.25	-3.031124649399774e-15	-0.5442874477120063	-0.03995886720863123
3.2525	-0.04853586167459161	-0.4475230748584446	-0.07249988318199554
3.254999999999999	-0.09688017447708752	-0.5487725386700827	-0.1063328756483936
3.2575	-0.144842145491264	-0.6925243592104607	-0.1444196538918927
3.26	-0.1922324907292682	-0.2979673296220158	-0.1897599215135042
3.2625	-0.2388641821490246	-0.4404944984078656	-0.2454923676602998
3.265	-0.284553185768514	-0.1949060186265985	-0.3149013586828054
3.2675	-0.3291191879637697	-0.1458765801917683	-0.4011197778315713
3.27	-0.3723863070843668	-0.1702016479014113	-0.5064847657335781
3.2725	-0.4141837875780327	-0.3387965592275227	-0.631905764731396
3.275	-0.4543466738846925	-0.5436751780242022	-0.7766924301844775
3.2775	-0.4927164614407978	-0.3551868048167328	-0.9388343833053984
3.28	-0.5291417222243263	-0.3325806757015171	-1.115409062313675
3.2825	-0.563478702372086	-0.5641145278606977	-1.302903948829909
3.285	-0.5955918895105228	-0.758130498831643	-1.497415494640087
3.287500000000001	-0.6253545475611131	-0.8094668738681019	-1.69477228855696
3.29	-0.6526492169097903	-0.8168724227688559	-1.89066306742396
3.2925	-0.6773681779663906	-1.099441234012392	-2.080793361790986
3.294999999999999	-0.6994138762846475	-1.276126470799844	-2.260965296510809
3.2975	-0.7186993075650142	-1.45546751510561	-2.427000117306505
3.3	-0.7351483610209028	-1.79003700186969	-2.574654154301622
3.302499999999999	-0.7486961197531804	-1.909821335006691	-2.699760487299092
3.305	-0.759289116947511	-2.087444289983339	-2.798621750551237
3.3075	-0.7668855468834548	-2.368454216234245	-2.86845660892492
3.31	-0.7714554299225265	-2.580766024820741	-2.907664199050836
3.3125	-0.7729807308241559	-2.529901134912046	-2.915801303850611
3.315	-0.7714554299225272	-2.606717884611759	-2.893360644841052
3.3175	-0.7668855468834537	-2.779386142563193	-2.841558181282688
3.32	-0.7592891169475114	-2.938257817201508	-2.762278004084264
3.3225	-0.748696119753181	-2.894401862529193	-2.658126751878009
3.325	-0.7351483610209034	-2.922954279242525	-2.532399284344825
3.327500000000001	-0.718699307565011	-2.92737863401125	-2.388811225034859
3.33	-0.6994138762846484	-2.960641982138705	-2.231073692021355
3.3325	-0.6773681779663917	-2.823856583942901	-2.062541441765097
3.335	-0.6526492169097915	-2.525651182734569	-1.886114723820737
3.3375	-0.6253545475611015	-2.495053452159032	-1.704421126704753
3.34	-0.5955918895105242	-2.193510556157191	-1.520155104119836
3.342499999999999	-0.5634787023720875	-2.077569121793135	-1.336342617484786
3.345	-0.5291417222243281	-1.949125676014092	-1.156343834820495
3.3475	-0.492716461440791	-1.710951847223682	-0.9836261100474962
3.35	-0.4543466738847032	-1.411219809591841	-0.8214515080529082
3.352499999999999	-0.4141837875780346	-1.197831411784828	-0.6725041465764519
3.355	-0.3723863070843688	-0.9071557076447262	-0.5384673114938093
3.3575	-0.3291191879637618	-0.4408815037937617	-0.4197893076639346
3.36	-0.2845531857685161	-0.2855960066161906	-0.3158583169482601
3.3625	-0.2388641821490372	-0.1137931600898595	-0.2254260809836463
3.365	-0.1922324907292704	-0.1327603399437826	-0.1469808311177862
3.3675	-0.1448421454912554	0.2412389565165818	-0.0789571665284502
3.37	-0.09688017447708977	0.2600693177512413	-0.01981291810243969
3.3725	-0.04853586167459387	0.4433169777957636	0.03198409754273101
3.375	-5.302075835925424e-15	0.5935921653631301	0.07802737133166297
3.3775	0.04853586167460523	0.6890863963274146	0.1200550421996546
3.38	0.09688017447710107	0.6451144112790077	0.1599860564586221
3.3825	0.1448421454912666	0.9447796201304255	0.1998731825419249
3.385	0.1922324907292707	0.8543235735295607	0.24178679241659
3.387500000000001	0.2388641821490376	1.10517215171512	0.2876733286705346
3.39	0.2845531857685165	0.9010731900719833	0.3392230388257942
3.392499999999999	0.3291191879637522	0.9695131406381325	0.3977568648341698
3.395	0.3723863070843595	0.8879919466588563	0.4641294487946108
3.3975	0.4141837875780257	1.001120665995771	0.5386502110154211
3.4	0.4543466738846947	0.7653860960614068	0.6210378099979091
3.402499999999999	0.4927164614407913	0.7960292596149698	0.710429665210534
3.405	0.5291417222243123	0.7898178161281113	0.8054557432997904
3.4075	0.5634787023720877	0.8858318229325165	0.9043539581211683
3.41	0.5955918895105174	1.010087970942438	1.005062286507561
3.4125	0.6253545475611081	0.8740014758388671	1.105191167257359
3.415	0.6526492169097858	1.072721932211821	1.201836769758309
3.4175	0.6773681779663971	1.031784339873433	1.291447419563728
3.42	0.6994138762846532	1.132634934254291	1.370146270916403
3.4225	0.7186993075650152	1.24482840246768	1.434477842155803
3.425	0.7351483610209035	1.177068945768897	1.481972451744702
3.427500000000001	0.7486961197531838	1.146881770080455	1.511200639679307
3.43	0.7592891169475136	1.181681347250043	1.521601680156278
3.4325	0.7668855468834551	1.350726957720496	1.513455183222215
3.435	0.7714554299225266	1.604659525840062	1.48805096903704
3.4375	0.7729807308241559	1.394077827865581	1.447840110660505
3.439999999999999	0.7714554299225271	1.602443895962872	1.396314167988878
3.442499999999999	0.7668855468834547	1.602649576962766	1.337566534682258
3.444999999999999	0.759289116947515	1.670454094783879	1.275733990864856
3.4475	0.7486961197531803	1.427844498321005	1.214546690488793
3.45	0.7351483610209026	1.53829835771427	1.157072448148276
3.4525	0.7186993075650181	1.356780129029866	1.105620505272389
3.454999999999999	0.6994138762846519	1.414618660096735	1.061737981285618
3.4575	0.6773681779663957	1.27448344094521	1.026248070227372
3.46	0.65264921690979	1.163536158400031	0.9993027549007955
3.4625	0.6253545475611129	1.250265232853946	0.9804423408550699
3.464999999999999	0.5955918895105226	1.027610717304293	0.9686678460716212
3.4675	0.5634787023720781	1.109149778520927	0.9625366963199795
3.47	0.5291417222243181	1.031048274204882	0.9602844970635297
3.4725	0.492716461440789	0.8836002435746122	0.9599607069995374
3.475	0.4543466738847011	0.8404015959367864	0.9595549016072403
3.4775	0.4141837875780231	0.7412651056056667	0.957091197136435
3.48	0.3723863070843568	0.628878784467154	0.9506795444030559
3.4825	0.3291191879637594	0.5724957631061152	0.9385245076680347
3.485	0.2845531857685136	0.62068234058952	0.9188980470688358
3.487500000000001	0.2388641821490243	0.4992111351092042	0.8900847521809597
3.489999999999999	0.1922324907292678	0.5600841990759465	0.8503106608295011
3.4925	0.1448421454912744	0.5872750443894335	0.7976716494264469
3.494999999999999	0.09688017447709805	0.5321072605334253	0.7300877059899029
3.4975	0.0485358616746022	0.2034075522763435	0.645338295586127
3.5	1.952316589917286e-15	0.2938864208812096	0.5447275521126443
3.5025	-0.03574994994823732	0.3613078804788553	0.4280010812751553
3.504999999999999	-0.0713588111766214	0.1528153521322597	0.292738584623261
3.5075	-0.1066860517780472	0.1274783848037881	0.1409222272286355
3.51	-0.1415922512733099	-0.2045858233092147	-0.02497057177088749
3.5125	-0.1759396508401512	-0.08729922019121691	-0.2023805251267432
3.514999999999999	-0.2095926969842995	-0.1421658538788866	-0.3888635057293541
3.5175	-0.2424185765072607	-0.3780908859785509	-0.5820733827267667
3.52	-0.274287740659253	-0.4494861585163862	-0.7796194677663567
3.5225	-0.3050744164090053	-0.6808198849119871	-0.9788725885933591
3.525	-0.3346571028124415	-0.8817120581049531	-1.176764124992518
3.527500000000001	-0.3629190505213702	-0.8762791721400547	-1.369644758279311
3.53	-0.3897487225398213	-1.223543433460134	-1.553361758961202
3.5325	-0.4150402344096679	-1.291789680681782	-1.723710224197132
3.535	-0.438693772088141	-1.336807119184305	-1.877041855055706
3.537500000000001	-0.4606159858683125	-1.352861722791082	-2.010533156657803
3.539999999999999	-0.4807203587876748	-1.673311308487899	-2.12210142333596
3.5425	-0.4989275480711527	-1.539255849868915	-2.210331853366288
3.544999999999999	-0.515165698260705	-1.941427838634774	-2.274485349058143
3.5475	-0.5293707247960492	-2.10505658297966	-2.314451365413017
3.55	-0.5414865669270964	-1.958169816506734	-2.330614896506599
3.552499999999999	-0.5514654089601663	-2.098974408987698	-2.323719429702118
3.554999999999999	-0.5592678689646506	-2.099726020302271	-2.294804958080153
3.5575	-0.5648631541955164	-2.057409376909696	-2.245235376282022
3.56	-0.5682291826182003	-2.233389121842592	-2.176766966425588
3.5625	-0.5693526700563101	-2.02336841700703	-2.091578367635645
3.565	-0.5682291826182004	-2.155011504478126	-1.992198243699329
3.5675	-0.5648631541955157	-1.806911053630993	-1.881333894713711
3.57	-0.5592678689646509	-2.106505218878839	-1.761681116527847
3.5725	-0.5514654089601668	-1.796283365759339	-1.635814968247836
3.575	-0.5414865669270995	-1.540844090302848	-1.506207849526467
3.577500000000001	-0.5293707247960469	-1.668168681642619	-1.375338497043532
3.58	-0.5151656982607059	-1.532524293052694	-1.245791768275907
3.5825	-0.4989275480711536	-1.325719594304139	-1.120246667399396
3.585	-0.4807203587876758	-1.374345235794011	-1.001317775816725
3.587500000000001	-0.4606159858683042	-1.034606553995247	-0.8912986609366464
3.589999999999999	-0.4386937720881423	-1.296802825109951	-0.7919044443072683
3.592499999999999	-0.4150402344096693	-0.8953520127233988	-0.7041199483727388
3.594999999999999	-0.3897487225398228	-0.8802887409569826	-0.6282135083413212
3.5975	-0.3629190505213654	-0.7082565420121056	-0.5638810531833994
3.6	-0.3346571028124431	-0.4902014789552641	-0.510424221744263
3.6025	-0.3050744164090069	-0.5840194115871455	-0.4668872406263334
3.605	-0.2742877406592547	-0.3193242485535709	-0.4321300144391998
3.6075	-0.2424185765072551	-0.3012466805829861	-0.4048482283555206
3.61	-0.2095926969843088	-0.1914483869911192	-0.3835625830606653
3.6125	-0.175939650840153	-0.4293506021944482	-0.3666020301470453
3.614999999999999	-0.1415922512733196	-0.2808041776440848	-0.3521048813902236
3.6175	-0.1066860517780411	-0.1230392731888001	-0.3380548748134454
3.62	-0.07135881117662335	-0.06781675358863339	-0.3223560694212796
3.6225	-0.03574994994823927	0.05590914029665844	-0.302935913086103
3.625	7.04836556309472e-19	-0.09170966505307877	-0.2778575743807623
3.627500000000001	0.03574994994824734	0.06059472525550141	-0.2454238455712582
3.63	0.07135881117663137	0.1626972154394499	-0.2042627308423526
3.6325	0.1066860517780491	0.2400035309557695	-0.1533940380495257
3.635	0.1415922512733118	0.2725536619165817	-0.09228214040767187
3.637500000000001	0.1759396508401607	0.04610051032705684	-0.02087870643361346
3.639999999999999	0.2095926969843013	0.4559738838347206	0.06035033974483484
3.6425	0.2424185765072551	0.314737534510746	0.1504308076739461
3.645	0.2742877406592405	0.5329849634744435	0.2479370063807599
3.6475	0.3050744164090069	0.4314213705357289	0.3510999055560298
3.65	0.3346571028124431	0.4333450429042465	0.4579419820672221
3.6525	0.3629190505213593	0.7900145232842715	0.5663984838917375
3.654999999999999	0.3897487225398168	0.7416024234938793	0.6743872960455792
3.6575	0.4150402344096637	0.7825821691019793	0.7798105627668672
3.66	0.4386937720881423	0.768814553861919	0.8805144870962864
3.6625	0.4606159858683042	0.9582482251397851	0.9742814904017308
3.664999999999999	0.4807203587876758	1.152821564327562	1.058922520219274
3.6675	0.4989275480711576	1.077563531310905	1.132463387629281
3.67	0.5151656982607093	1.265986465541498	1.193351390788745
3.6725	0.5293707247960499	1.157292059521004	1.240589996457519
3.675	0.541486566927097	1.319487331832088	1.273745069625776
3.677500000000001	0.5514654089601687	1.547629822487335	1.292855989015002
3.68	0.5592678689646524	1.323605995287328	1.298346217455367
3.6825	0.5648631541955167	1.401755384154814	1.29098810926526
3.685	0.5682291826182004	1.23765425755712	1.271902722711249
3.687500000000001	0.5693526700563101	1.181025371069713	1.242552973762318
3.69	0.5682291826182003	1.260493522242705	1.204706102925339
3.6925	0.5648631541955175	1.22650624836769	1.160357808802754
3.694999999999999	0.5592678689646521	1.037788959816798	1.111621384828383
3.6975	0.5514654089601683	0.8515435089173442	1.060597961439825
3.7	0.5414865669270988	0.9137155533710049	1.009251667818566
3.7025	0.5293707247960492	1.094649422216424	0.959309408990225
3.704999999999999	0.5151656982607119	0.8633670853131817	0.9121934898880167
3.7075	0.4989275480711527	0.8691221476088882	0.868984840046298
3.71	0.480720358787679	0.9012301320603557	0.8304091573306976
3.7125	0.4606159858683078	0.7407939113699912	0.7968376327992279
3.714999999999999	0.4386937720881461	0.791435879334594	0.768296413905326
3.7175	0.4150402344096624	0.6643798024272655	0.7444830016521696
3.72	0.3897487225398154	0.6445725900463569	0.7247916089084476
3.7225	0.362919050521364	0.7179874120918968	0.7083511132933757
3.725	0.3346571028124415	0.6491659767534836	0.6940771883339927
3.727500000000001	0.3050744164089985	0.5741621437086845	0.6807351089944859
3.73	0.2742877406592459	0.7549538707429573	0.6670046361201463
3.7325	0.2424185765072534	0.6906278917522702	0.6515367311601432
3.735	0.209592696984307	0.5331228875826268	0.6329946438708237
3.737500000000001	0.1759396508401435	0.6954250021009406	0.6100771538259835
3.739999999999999	0.1415922512733177	0.6239991019171612	0.5815265966458387
3.742499999999999	0.1066860517780472	0.5598771389109906	0.5461273209980214
3.744999999999999	0.07135881117663746	0.6763855591056592	0.5027016795604435
3.7475	0.03574994994823732	0.6094532050309112	0.4501116100213002
3.75	-9.275500521591675e-15	0.4406910270796429	0.406711517637543
3.752499999999999	0.05403039490628843	0.2101400870585908	0.3724696838373883
3.754999999999999	0.1078475565280304	0.3245267225641897	0.3304752314287681
3.7575	0.1612390931150181	0.2794164058929385	0.2863745379336433
3.76	0.2139942926646154	0.1540712704683644	0.2454893435789
3.7625	0.2659049545057466	-0.09187600447757074	0.2126928597729961
3.765	0.3167662109718737	0.04655849314186829	0.1924188044100257
3.7675	0.3663773359200218	-0.04546120246594673	0.1887484565990196
3.77	0.4145425369051545	-0.001759673380816923	0.205444003635089
3.7725	0.4610717278836039	-0.05325901575239335	0.2457197826462189
3.775	0.5057812793957224	0.3471139382598508	0.3115992959219547
3.7775	0.5484947432675723	0.2272939607598907	0.4030520397181484
3.78	0.5890435489711473	0.173617287609475	0.5175527781558596
3.7825	0.6272676688953243	0.5438728145090472	0.6505726249427444
3.785	0.6630162499017188	0.5395903730756214	0.7967925323767728
3.787500000000001	0.6961482086730629	0.8499149587480412	0.9514118610017621
3.79	0.7265327885046318	0.9666637975443706	1.110606142536277
3.792499999999999	0.7540500753412319	1.414452594391213	1.269324410770616
3.794999999999999	0.7785914710231775	1.382829791003528	1.418107913475874
3.7975	0.8000601218736021	1.604047400048441	1.545653282191002
3.8	0.8183713009356928	1.903553234856992	1.644075737439458
3.802499999999999	0.8334527423512735	1.826468129519285	1.71024977376112
3.805	0.84524492656113	1.962565200432404	1.743599553670386
3.8075	0.8537013152015291	1.731160091782926	1.743769827378052
3.81	0.8587885347698561	1.693678811794917	1.710628282549958
3.8125	0.8604865083346089	1.714944561099575	1.646198184951238
3.815	0.8587885347698571	1.561113559199429	1.556531983308469
3.8175	0.853701315201528	1.317172314938895	1.451076211006836
3.82	0.8452449265611307	1.280030717889401	1.339804915924223
3.8225	0.8334527423512744	1.064790900123235	1.231060028603415
3.825	0.8183713009356939	1.053344805895794	1.131050110725197
3.827500000000001	0.8000601218735988	0.7004955963464268	1.044110144921565
3.83	0.7785914710231789	0.5526145486044969	0.9730542792620671
3.8325	0.7540500753412336	0.5349808382031079	0.9194542447878873
3.835	0.7265327885046335	0.5138938412679496	0.8838294044911968
3.8375	0.6961482086730505	0.6139047912852891	0.8657299018859229
3.840000000000001	0.663016249901713	0.6042660203286393	0.8637146956639498
3.8425	0.6272676688953182	0.5227787137320373	0.8753211162534802
3.845	0.589043548971141	0.8277571209246688	0.8971906144380609
3.8475	0.5484947432675561	0.7552074209727763	0.9254230308426975
3.85	0.5057812793957251	0.9492428028021394	0.9560350774499069
3.852499999999999	0.4610717278836067	0.9082320982435549	0.9853070939065547
3.855	0.4145425369051575	1.131246072903942	1.009923082286641
3.8575	0.3663773359200138	1.150524002518968	1.026980003500039
3.86	0.3167662109718768	1.123215193284918	1.033929743743981
3.8625	0.2659049545057615	1.246517461549233	1.02841904249411
3.864999999999999	0.2139942926646187	1.436788085150161	1.008001533549606
3.8675	0.1612390931150094	1.322244874960521	0.9697532937449085
3.87	0.1078475565280338	1.095239312433615	0.9098781665775575
3.8725	0.05403039490629179	1.076429626729248	0.8235999384686198
3.875	6.323817537822175e-15	1.036644076745378	0.7061405117863571
3.8775	-0.05403039490630357	0.8855642436587909	0.5552229822960609
3.88	-0.1078475565280455	0.4841193894657327	0.3728887556197789
3.8825	-0.161239093115021	0.5045482057322211	0.1642675527388423
3.885	-0.2139942926646183	0.05695138367559323	-0.06494293442844565
3.8875	-0.2659049545057611	-0.09402306480427773	-0.3098907739376496
3.890000000000001	-0.3167662109718878	-0.3839339746454264	-0.5667201614109754
3.8925	-0.3663773359200134	-0.9348059634003159	-0.8321954554433615
3.895	-0.4145425369051571	-1.102463171034909	-1.103270055341392
3.8975	-0.4610717278836167	-1.486612459420831	-1.376694307358963
3.9	-0.5057812793957247	-1.679196786310725	-1.64860987150838
3.902499999999999	-0.5484947432675651	-2.178649288298867	-1.914225984979218
3.904999999999999	-0.5890435489711316	-2.19316508002347	-2.167991160036944
3.9075	-0.6272676688953263	-2.61067150742158	-2.404328732917987
3.91	-0.6630162499017128	-2.713179829120701	-2.617937607491929
3.9125	-0.6961482086730575	-2.96294044980494	-2.803504753789425
3.915	-0.7265327885046268	-3.172880586019838	-2.956046247660406
3.9175	-0.7540500753412394	-3.527817059449651	-3.071916095898456
3.92	-0.7785914710231838	-3.338379319703941	-3.149448592369581
3.9225	-0.8000601218736032	-3.252696753734685	-3.188769735945756
3.925	-0.8183713009356938	-3.342710868417922	-3.191174954356689
3.9275	-0.8334527423512774	-3.106678721216584	-3.158626688083486
3.93	-0.8452449265611328	-3.177335852648705	-3.093625482676031
3.9325	-0.8537013152015295	-3.01272210052128	-2.999381092000061
3.935	-0.8587885347698563	-2.833261170294376	-2.879957391023583
3.9375	-0.8604865083346089	-2.650713235900465	-2.740044546519033
3.940000000000001	-0.8587885347698561	-2.46499429407153	-2.584369067187013
3.9425	-0.8537013152015277	-2.355568747493154	-2.417139827616123
3.945	-0.8452449265611324	-2.006886218317377	-2.241867142810334
3.947500000000001	-0.8334527423512706	-1.823925709116141	-2.061573367744173
3.95	-0.8183713009356968	-1.665831518192412	-1.879200360702432
3.952499999999999	-0.8000601218736066	-1.37121269520072	-1.69794601723066
3.955	-0.7785914710231828	-1.379366367171619	-1.521358998667519
3.9575	-0.7540500753412381	-1.03983206129652	-1.353249689597597
3.96	-0.7265327885046319	-0.804066857451081	-1.197535441896228
3.9625	-0.6961482086730632	-0.6463882859985748	-1.057955680340651
3.965	-0.663016249901719	-0.7990143203633513	-0.9375466793861682
3.9675	-0.6272676688953162	-0.5807430066460768	-0.838045144255283
3.97	-0.5890435489711388	-0.6293683254946641	-0.7596270801817337
3.9725	-0.5484947432675632	-0.5668152970339523	-0.7011346969874133
3.975	-0.5057812793957326	-0.5238201582389376	-0.6605278706836295
3.9775	-0.461071727883594	-0.5887341827648416	-0.6352871655180161
3.98	-0.4145425369051441	-0.7181760641435541	-0.6226633904755046
3.9825	-0.3663773359200111	-0.707118873790696	-0.6197585911886193
3.985	-0.316766210971874	-0.672867525425997	-0.6234920194920773
3.987500000000001	-0.265904954505747	-0.5552898040245201	-0.6305261964527612
3.990000000000001	-0.213994292664604	-0.7208826023160085	-0.6372227954523934
3.9925	-0.1612390931150185	-0.9384749805447544	-0.6397068326776346
3.995	-0.1078475565280308	-0.8194843317497426	-0.634081194042747
3.9975	-0.05403039490627665	-1.002874636776166	-0.6167371140148616
4.0	3.856992779377298e-15	-1.090340512550079	-0.6203489423682357
4.0025	-0.06179908887978074	-1.019597519253089	-0.6431299938512698
4.005	-0.1233542849890611	-1.135095707184752	-0.6539489258801382
4.0075	-0.1844226580907294	-0.9406082859252705	-0.6583738761290996
4.01	-0.2447631992155842	-0.7602794553422388	-0.6615133988443462
4.0125	-0.3041377718148179	-0.8911695521257205	-0.6679470284526154
4.015	-0.3623120515760163	-0.7034780803309599	-0.6819945310424423
4.0175	-0.4190564511943015	-0.5491410155586456	-0.7081018050644258
4.02	-0.4741470264483912	-0.6548961911573232	-0.7509967739895043
4.0225	-0.5273663600062486	-0.8037865661756649	-0.8150187003766413
4.025	-0.5785044194719455	-0.7243977139958355	-0.9027410658546792
4.027500000000001	-0.6273593862875265	-0.7182888247587487	-1.014234367575404
4.03	-0.6737384522186494	-0.6150598498010117	-1.147564971219828
4.0325	-0.717458580280696	-1.004329479844176	-1.299682061113854
4.035	-0.7583472271020123	-0.893272321731197	-1.467049256707748
4.037500000000001	-0.7962430238738671	-0.9988600162213382	-1.645980050052766
4.040000000000001	-0.8309964131993105	-1.17519304890803	-1.832781435361751
4.0425	-0.8624702393280128	-1.258733941909078	-2.023793451048568
4.045	-0.890540289447253	-1.527897053118845	-2.215382336587325
4.0475	-0.9150957838932148	-1.581352680048205	-2.403902551033133
4.050000000000001	-0.9360398133476359	-1.828434047092825	-2.585605519199489
4.052499999999999	-0.9532897212946884	-1.952451315180319	-2.756492018245318
4.054999999999999	-0.9667774302284414	-2.329750527896879	-2.912188320614938
4.0575	-0.9764497103236771	-2.518976114454689	-3.047979190225186
4.06	-0.9822683895097041	-2.812979898744113	-3.15906962021515
4.0625	-0.9842105041180766	-2.856479971071375	-3.241023895332498
4.065	-0.9822683895097043	-3.095689497670591	-3.290263571529694
4.0675	-0.9764497103236759	-3.136669897010646	-3.304520295509553
4.069999999999999	-0.9667774302284422	-3.403266155862381	-3.283130286647821
4.0725	-0.9532897212946895	-3.341070544539867	-3.227045190673474
4.074999999999999	-0.9360398133476371	-3.436054253584907	-3.138606821018179
4.077500000000001	-0.9150957838932061	-3.311515824030058	-3.021266186024127
4.08	-0.890540289447249	-3.400177527583951	-2.879248441408016
4.0825	-0.862470239328008	-3.177745465635282	-2.717062021647691
4.085	-0.8309964131993054	-2.907585135276908	-2.538946858948952
4.0875	-0.7962430238738533	-3.023391646335917	-2.348498105406062
4.09	-0.7583472271020062	-2.837614968727416	-2.148604496574972
4.0925	-0.7174585802806894	-2.688053327024722	-1.9416910586549
4.095	-0.6737384522186424	-2.236589156757709	-1.730149038943663
4.0975	-0.6273593862874974	-2.100266682929335	-1.51672883586458
4.1	-0.578504419471949	-1.624529295727191	-1.304660157277784
4.102499999999999	-0.5273663600062523	-1.532568780859799	-1.09746872491832
4.105	-0.474147026448395	-1.272649926864951	-0.8986824004515376
4.1075	-0.4190564511942927	-0.8798732140714467	-0.7115569201872946
4.109999999999999	-0.3623120515760334	-0.7041575676405203	-0.5387070844036723
4.1125	-0.304137771814822	-0.4767075898075213	-0.3815922843401155
4.114999999999999	-0.244763199215602	-0.2931155599207533	-0.2402368476808001
4.1175	-0.1844226580907199	0.01366914573382657	-0.1135178862879088
4.12	-0.1233542849890654	0.06397410412594659	0.0002581269147589604
4.1225	-0.06179908887978507	0.3567774738265073	0.1029079417100048
4.125	-4.809056829334103e-16	0.6197128340088398	0.1961525538239037
4.1275	0.06179908887979808	0.7267454473935178	0.2815528465914677
4.13	0.1233542849890783	0.8399918988608053	0.3605387111493771
4.1325	0.1844226580907327	0.8658888564814251	0.4344982780541903
4.135	0.2447631992155875	1.022328410232101	0.5048805297005065
4.137500000000001	0.3041377718148344	0.9763225432689179	0.5732458625200275
4.140000000000001	0.3623120515760325	1.092532899597557	0.6412233678634143
4.1425	0.4190564511943045	0.8998537651614219	0.7103896452099199
4.145	0.4741470264483819	1.08877484425553	0.7821165541337882
4.147500000000001	0.5273663600062632	1.121453939899334	0.8574282984331709
4.149999999999999	0.578504419471937	1.177479043703216	0.9368908799825326
4.1525	0.6273593862875075	0.9725106686637269	1.020544127090688
4.154999999999999	0.6737384522186417	1.076481269583473	1.107857324772191
4.1575	0.7174585802806888	1.277873267458056	1.197624372163412
4.16	0.7583472271020145	1.081591342316675	1.287700104404985
4.1625	0.7962430238738527	1.205732572238082	1.374743432641057
4.164999999999999	0.8309964131993048	1.201654131012011	1.454470684593463
4.1675	0.8624702393280145	1.381405085213606	1.522511470164071
4.17	0.8905402894472545	1.340482252153149	1.575249032910022
4.1725	0.915095783893211	1.465303011007874	1.610207979264468
4.175	0.9360398133476325	1.386810792258349	1.626104588613073
4.1775	0.9532897212946927	1.489206110900941	1.622850468144546
4.18	0.9667774302284446	1.622189426116059	1.601677068320674
4.1825	0.9764497103236776	1.691022885286267	1.565301426489129
4.185	0.9822683895097043	1.899846664193368	1.517858574377959
4.187500000000001	0.9842105041180766	1.915998596759098	1.464413577196853
4.19	0.9822683895097033	1.607742774861764	1.410195727981743
4.1925	0.9764497103236772	1.802475291969299	1.359890582294085
4.195	0.9667774302284415	1.576080042622529	1.317193881506397
4.197500000000001	0.9532897212946851	1.65200913770728	1.284609735374113
4.2	0.9360398133476362	1.542684093513772	1.263390833248398
4.2025	0.9150957838932101	1.60539850838546	1.253553592678895
4.204999999999999	0.8905402894472594	1.356127735647778	1.253959893762413
4.2075	0.8624702393280065	1.324858788626033	1.262487323585136
4.21	0.8309964131993111	1.341434164154877	1.276299744069029
4.2125	0.7962430238738595	1.071437537514323	1.292192482007989
4.214999999999999	0.758347227102022	1.128800376356119	1.306950705486645
4.2175	0.7174585802806871	1.220343229435744	1.317649623309731
4.22	0.6737384522186399	0.9885335317501724	1.321844759596005
4.2225	0.6273593862875165	1.042325118329901	1.317636805526124
4.225	0.5785044194719463	1.016641744409302	1.303626654365261
4.227500000000001	0.5273663600062376	1.018370502299094	1.278787415823484
4.23	0.4741470264483798	1.176674740688679	1.242286451830777
4.2325	0.4190564511942897	0.8912132266154413	1.193309379160097
4.234999999999999	0.3623120515760302	1.06789736124179	1.130944024790248
4.237500000000001	0.3041377718148054	0.823423498481977	1.054149642406073
4.24	0.2447631992155851	0.9755283783345097	0.9617923110533786
4.2425	0.1844226580907166	0.6899378915650328	0.8527142955817844
4.245	0.1233542849890759	0.5630598643308237	0.725837367848066
4.2475	0.06179908887976774	0.6005743515340329	0.5803469858552006
4.25	8.346684187572682e-16	0.514588565823808	0.440246779690166
4.2525	0.01781641300790763	0.5061521954842895	0.3106206522354971
4.254999999999999	0.03556251277322109	0.3190069158258701	0.1753147920675661
4.2575	0.05316826354758528	0.1660455917291483	0.03961951822620627
4.26	0.07056418347599622	-0.01949311180813106	-0.09176738248162616
4.2625	0.08768161880993249	-0.07306345887357385	-0.2144516411369766
4.265	0.1044530148523511	-0.2805577437096098	-0.3242016238580423
4.2675	0.1208121825651943	-0.3775595902141575	-0.4169277536152778
4.27	0.1366945597872815	-0.4404872410833346	-0.4887162740548738
4.2725	0.1520374660316959	-0.5802615943959981	-0.5359400685956175
4.275	0.1667803498569911	-0.5345952561723147	-0.5555968213174985
4.277500000000001	0.1808650278361013	-0.6549535237289558	-0.5459184650207212
4.28	0.1942359141797104	-0.4598437484522041	-0.506898938979804
4.282500000000001	0.2068402401079976	-0.433272669664973	-0.4402562627841083
4.285	0.2186282621048986	-0.4101457220147351	-0.3489064683332074
4.287500000000001	0.2295534582330234	-0.3900234238661776	-0.2366074419899774
4.290000000000001	0.2395727117345018	-0.290873011947546	-0.108040435130165
4.2925	0.2486464811931231	-0.1825198797313312	0.03126083254416043
4.295	0.2567389565862489	-0.2313438308234513	0.1756105978202471
4.297500000000001	0.2638182006106025	0.08910978849827197	0.3200565689675851
4.3	0.2698562747242128	0.1967698968235819	0.4607391656262008
4.302499999999999	0.2748293494070942	0.5090265071588379	0.5944413487831476
4.305	0.2787177982054516	0.6289967078804983	0.7178401439665432
4.3075	0.2815062751883433	0.9730256448614187	0.8275839004464416
4.31	0.2831837755110491	1.150970698997907	0.9210329751019856
4.3125	0.283743678846174	1.088944389286164	0.9964966658496226
4.315	0.2831837755110495	1.216490146836343	1.052893439092311
4.3175	0.2815062751883429	1.329428258804538	1.089492162937932
4.32	0.2787177982054519	1.261705401474203	1.105967178025183
4.3225	0.2748293494070946	1.281545283180233	1.10243733507957
4.325	0.2698562747242132	1.446714617781413	1.079371888026504
4.327500000000001	0.2638182006105985	1.331938980043613	1.037596221741647
4.33	0.2567389565862478	1.189064379879723	0.978411219130519
4.3325	0.2486464811931218	1.012475418088108	0.9037089696039489
4.335	0.2395727117345004	0.9154483890217703	0.8160198403201588
4.3375	0.2295534582330195	0.4853051021387382	0.7184023614763567
4.340000000000001	0.2186282621048969	0.6291535808850831	0.6141713206307013
4.3425	0.2068402401079958	0.4735015192116075	0.5065970415719757
4.345	0.1942359141797085	0.3186655604471302	0.3986989349440142
4.347500000000001	0.1808650278360961	0.2589088327101867	0.2931563438224892
4.35	0.1667803498569955	-0.1797806646812009	0.1922988689813466
4.3525	0.1520374660316971	-0.1919528225818035	0.09813430429017286
4.355	0.1366945597872827	-0.1903324315554078	0.01238696047814464
4.3575	0.1208121825651919	-0.4652730544793814	-0.06347250290972459
4.36	0.1044530148523524	-0.5664697579043516	-0.1282267688299407
4.362500000000001	0.08768161880993763	-0.7481070823028456	-0.1809656493039667
4.364999999999999	0.07056418347599756	-0.5492829494166852	-0.2212032017242999
4.367500000000001	0.05316826354758269	-0.7141376721000868	-0.2490183407267172
4.37	0.03556251277322246	-0.6256955503086726	-0.2651301979260665
4.3725	0.01781641300790901	-0.8786229227240688	-0.2708431979771185
4.375	2.224260307380394e-15	-0.7987526890953272	-0.2678871626791825
4.377500000000001	-0.01781641300791262	-0.7948736636261049	-0.2582321247990373
4.38	-0.03556251277322606	-0.4673819187783707	-0.2439337457743545
4.382499999999999	-0.05316826354758624	-0.588772701825589	-0.2270204895549281
4.385	-0.07056418347599716	-0.4482381388832174	-0.2094145391868545
4.387500000000001	-0.08768161880993725	-0.316670516294947	-0.1928800867251535
4.390000000000001	-0.1044530148523557	-0.3522564612998311	-0.1789964622534054
4.3925	-0.1208121825651916	-0.1823598590837168	-0.1691524418587367
4.395	-0.1366945597872824	-0.1292241723682384	-0.1645543511412675
4.3975	-0.1520374660317002	0.1310659838998501	-0.1662379552463266
4.4	-0.1667803498569919	0.1883040473546307	-0.1750741221988594
4.402499999999999	-0.1808650278360989	0.05697973788165742	-0.1917608276373782
4.404999999999999	-0.1942359141797052	-0.1069579026349414	-0.2167988967113083
4.4075	-0.2068402401079983	0.1460222805454774	-0.2504553180748151
4.41	-0.2186282621048966	0.2134362767032268	-0.2927242192869434
4.4125	-0.2295534582330216	0.2680341682635839	-0.3432985827773994
4.414999999999999	-0.2395727117344981	0.004208123465029842	-0.4015629394655111
4.4175	-0.2486464811931235	0.1517857860653836	-0.466609270033736
4.42	-0.2567389565862493	0.02139557227220094	-0.5372696622176535
4.422499999999999	-0.2638182006105999	-0.1632188968668835	-0.6121550699600717
4.425	-0.269856274724213	-0.1860438256591681	-0.6896915731747845
4.4275	-0.2748293494070955	-0.4088435593614331	-0.7681515652148234
4.43	-0.2787177982054526	-0.4585333811358152	-0.8456836958290251
4.4325	-0.2815062751883434	-0.6789335303226856	-0.9203497037798599
4.435	-0.2831837755110492	-0.5220709584277943	-0.9901770849881046
4.4375	-0.283743678846174	-0.8161778602771275	-1.053232502388651
4.44	-0.2831837755110492	-0.9359473217995927	-1.107711753609658
4.4425	-0.2815062751883428	-1.112449016892276	-1.152032042061991
4.445	-0.2787177982054524	-1.294255403607065	-1.184908890747171
4.447500000000001	-0.2748293494070934	-1.333720024473443	-1.205406649422654
4.45	-0.2698562747242129	-1.31819374897722	-1.212961933434987
4.452499999999999	-0.2638182006106011	-1.667017709528137	-1.207384747349577
4.454999999999999	-0.2567389565862491	-1.430411245453324	-1.188840936509316
4.4575	-0.2486464811931232	-1.428595682984493	-1.157816851425665
4.46	-0.2395727117344999	-1.545164686097859	-1.115067440766255
4.462499999999999	-0.2295534582330237	-1.525842615961205	-1.061553702699281
4.465	-0.2186282621048988	-1.501852545457119	-0.9983822185572269
4.467499999999999	-0.2068402401079952	-1.3666934600165	-0.9267632914700709
4.47	-0.1942359141797077	-1.237904227752139	-0.847999455023702
4.4725	-0.1808650278360985	-1.398883621432763	-0.7635004019258784
4.475	-0.1667803498569947	-1.291875495178554	-0.6747991724806974
4.4775	-0.1520374660316929	-0.9034658466698136	-0.5835338858196198
4.48	-0.1366945597872783	-0.806813626463159	-0.4913758286880323
4.4825	-0.120812182565191	-0.6085329049344588	-0.3999217987303671
4.485	-0.1044530148523515	-0.2188560116937101	-0.3105944150008736
4.487500000000001	-0.08768161880993287	-0.3999214662916659	-0.2245863328545174
4.49	-0.07056418347599272	-0.1260236147332008	-0.1428549686509116
4.4925	-0.05316826354758569	0.1293081907710927	-0.06615049263935836
4.495	-0.03556251277322151	-0.008751874545974148	0.004945903671576726
4.4975	-0.01781641300790402	0.2499784979266044	0.0699895562294547
4.5	-1.275555610320232e-15	0.4820178649470257	0.1287393397818165
4.5025	0.01816687053413187	0.4892853444041011	0.1809814231444548
4.505	0.03626204472991637	0.6277332110261753	0.2265386664898651
4.5075	0.05421410920171243	0.6203612255551815	0.2654553066540997
4.51	0.07195221535255177	0.8682839665131156	0.2979284126037068
4.5125	0.08940635898123897	0.947039836461665	0.3243254209144044
4.515	0.1065076565569035	0.4680559663342405	0.3451884226642635
4.5175	0.1231886170708652	0.9151145227681947	0.3612191742972917
4.52	0.1393834083927702	0.7181650234239633	0.3732459767366663
4.5225	0.1550281170799674	0.7033326623984835	0.382179364563172
4.525	0.1700610006146633	0.6270279185557983	0.3889647494239107
4.527500000000001	0.184422731073417	0.6491842101547424	0.3945377261184445
4.53	0.198056629267349	0.5486449788269029	0.3997845544610463
4.5325	0.2109088884290327	0.5325827224535477	0.4055082479629472
4.535	0.2229287865631901	0.3011526313122708	0.4123999812981708
4.537500000000001	0.2340688866232625	0.3127324423979647	0.4210156542726851
4.540000000000001	0.2442852237237304	0.4649405937734632	0.431757886968953
4.5425	0.2535374786494659	0.1791638091963216	0.444864134376579
4.545	0.2617891369772261	0.1566012218604111	0.4604018059561283
4.5475	0.2690076331814207	0.1308434242134586	0.4782711394878095
4.55	0.2751644791553413	0.2743730809556916	0.4982160748339701
4.552499999999999	0.2802353766407313	0.1135461378654711	0.519842586306292
4.555	0.2842003131218858	0.171138262853291	0.5426430667009388
4.5575	0.2870436408059205	0.2773001577521406	0.5660246712167031
4.56	0.2887541383774598	0.1835334925616011	0.5893392323488482
4.5625	0.2893250552840405	0.09305187344882787	0.6119125115031517
4.565	0.2887541383774599	0.3872343931550798	0.6330710586532077
4.5675	0.2870436408059202	0.2810157884453425	0.6521655994948641
4.57	0.284200313121886	0.3626321224496466	0.6685904487154773
4.5725	0.2802353766407317	0.4159943830568165	0.6817988385676842
4.575	0.275164479155343	0.5786816511056413	0.6913142608108741
4.577500000000001	0.2690076331814182	0.8104531031657517	0.6967380398250241
4.58	0.2617891369772249	0.8438232792590423	0.697753480887881
4.5825	0.2535374786494646	1.106912544422804	0.6941271026153424
4.585	0.244285223723729	0.9902169714047112	0.6857076239562672
4.5875	0.2340688866232586	0.9356870844388242	0.6724234545448443
4.590000000000001	0.2229287865631885	0.9097430860738197	0.654279370213737
4.5925	0.210908888429031	1.292052535588155	0.6313528348990332
4.595000000000001	0.1980566292673471	1.029797586473026	0.6037901091561677
4.5975	0.1844227310734087	0.8550122695753284	0.5718019592643252
4.600000000000001	0.1700610006146646	0.9099791988358799	0.5356585529457483
4.602499999999999	0.1550281170799688	0.5675836133759643	0.4956830731212187
4.605	0.1393834083927715	0.7507982862920681	0.4522437178401178
4.6075	0.1231886170708629	0.5547758023143916	0.4057440347263296
4.61	0.1065076565569087	0.4020469721163606	0.3566118664782026
4.6125	0.08940635898124044	0.4182683516096224	0.3052874561788254
4.614999999999999	0.07195221535255726	0.3250254681522967	0.252211406375903
4.6175	0.05421410920170993	0.2059697497481488	0.1978131889969209
4.62	0.03626204472991792	-0.06907737329726965	0.1425008005399083
4.6225	0.01816687053413342	-0.2727459158004834	0.08665201075099235
4.625	2.830986290795836e-16	-0.1757030038664747	0.03060751953896396
4.6275	-0.01816687053413696	-0.3719598147736329	-0.02533375613000323
4.63	-0.03626204472992144	-0.6211348724897274	-0.08091710359267894
4.6325	-0.05421410920171341	-0.539848745953676	-0.1359320412611688
4.635	-0.07195221535255274	-0.7378327892152798	-0.1902099406135452
4.6375	-0.08940635898124381	-0.6724387551275555	-0.2436193749850319
4.640000000000001	-0.1065076565569082	-0.8334734173727294	-0.2960595026794479
4.6425	-0.1231886170708661	-0.687734666279249	-0.3474519631428525
4.645	-0.1393834083927674	-0.8730495844597975	-0.3977318882787609
4.647500000000001	-0.1550281170799717	-0.9287765739493551	-0.4468386794013289
4.65	-0.1700610006146641	-1.015264503260675	-0.494707172433241
4.6525	-0.1844227310734114	-0.8890209814939505	-0.5412597294859522
4.654999999999999	-0.1980566292673467	-0.9049843822106588	-0.5863996818396969
4.6575	-0.2109088884290306	-0.727721149792271	-0.6300064311245058
4.66	-0.2229287865631907	-0.8639049617379384	-0.6719324047888867
4.6625	-0.2340688866232583	-0.8835933290703266	-0.712001960641251
4.665	-0.2442852237237287	-0.6566969124968741	-0.750012239267172
4.6675	-0.2535374786494663	-0.5907596738884833	-0.7857358683147853
4.67	-0.2617891369772265	-0.574376038554074	-0.8189253294000842
4.6725	-0.2690076331814196	-0.8071699578212881	-0.8493187133600142
4.675000000000001	-0.2751644791553416	-0.6514048678422407	-0.876646523887061
4.6775	-0.2802353766407326	-0.5922038191005732	-0.9006391542276173
4.680000000000001	-0.2842003131218867	-0.549472109019288	-0.9210346621195357
4.6825	-0.2870436408059207	-0.3619390251958749	-0.9375865009196683
4.685	-0.2887541383774598	-0.3216778152478592	-0.9500709176821132
4.687500000000001	-0.2893250552840405	-0.548072897550948	-0.9582937853638712
4.690000000000001	-0.2887541383774596	-0.4582486760482598	-0.9620966823365669
4.6925	-0.2870436408059207	-0.4106413352524901	-0.9613620619391853
4.694999999999999	-0.2842003131218858	-0.5794760390239688	-0.9560173719722884
4.697500000000001	-0.2802353766407304	-0.4751129339023334	-0.9460380008551822
4.699999999999999	-0.2751644791553427	-0.6029310780461701	-0.9314489583136412
4.7025	-0.2690076331814194	-0.4687186360677294	-0.9123252544001245
4.704999999999999	-0.2617891369772281	-0.5908288358759101	-0.8887910214016222
4.7075	-0.2535374786494641	-0.5216991639581536	-0.8610175148975169
4.71	-0.2442852237237307	-0.6115353050530329	-0.8292202065410188
4.7125	-0.2340688866232604	-0.6646356300373587	-0.7936552108794613
4.714999999999999	-0.2229287865631931	-0.7025656777190278	-0.7546152490545441
4.7175	-0.2109088884290303	-0.5962613775789108	-0.7124252446148949
4.72	-0.1980566292673464	-0.6058339974024192	-0.6674375054387339
4.7225	-0.1844227310734143	-0.7449251594822234	-0.6200263341153097
4.725	-0.1700610006146638	-0.8306186115919931	-0.5705818948634803
4.727500000000001	-0.1550281170799644	-0.7766783579172595	-0.519503283370938
4.73	-0.1393834083927671	-0.7377372541752455	-0.4671909696598019
4.7325	-0.123188617070862	-0.8046422553314289	-0.4140390256840605
4.734999999999999	-0.1065076565569078	-0.8006145658231849	-0.3604277018728529
4.737500000000001	-0.0894063589812356	-0.815216347495631	-0.3067169111604232
4.74	-0.07195221535255232	-0.7262390695789471	-0.2532410192638337
4.7425	-0.05421410920170896	-0.5095517873865678	-0.2003050942315331
4.745	-0.03626204472992101	-0.6381571171529324	-0.1481825269326665
4.7475	-0.01816687053412833	-0.3492943958714712	-0.09711376673861269
4.75	-4.239180324686853e-15	-0.2684696165348322	-0.0461107519620424
4.7525	0.02263614308136326	-0.2052381216834009	0.004714262563518555
4.754999999999999	0.04518295164745869	-0.1342851067966657	0.05417935713080099
4.7575	0.06755144374552867	-0.05236125379231189	0.1023662729654358
4.76	0.0896533411564541	-0.07373550811122881	0.1493635518071874
4.7625	0.1114014177885456	0.2774522491979718	0.1952599635966837
4.764999999999999	0.1327098439190973	0.3363378116580671	0.2401375838168556
4.7675	0.1534945249250654	0.402077100541924	0.2840647730713626
4.77	0.173673433166123	0.3690447875085952	0.3270894444848905
4.7725	0.1931669317103228	0.6292558309533616	0.369233068512078
4.774999999999999	0.2118980886246344	0.6966305172229645	0.4104858518749416
4.777500000000001	0.229792980590181	0.9242838454126012	0.4508034486527173
4.779999999999999	0.2467809846437607	1.052506982528705	0.4901054397948839
4.7825	0.2627950568944554	0.8728199776202099	0.5282756781852436
4.785	0.2777719971152326	1.129768677059826	0.5651644616743704
4.787500000000001	0.2916526981653502	0.9775945117283871	0.6005923809196718
4.79	0.3043823792592525	0.9266532160015797	0.6343555995713901
4.7925	0.3159108021612976	1.047066009140334	0.6662322621843078
4.795	0.3261924694531316	0.8675100588224809	0.6959896869634818
4.7975	0.3351868040911999	0.8014515983360757	0.7233919813276107
4.8	0.3428583095457993	0.7870789856482755	0.7482077146523286
4.802499999999999	0.3491767098896872	1.042795148374742	0.7702172935845923
4.805	0.354117069283304	0.8894567768742953	0.7892197128258142
4.8075	0.3576598903851615	0.7229989818227027	0.8050384006849178
4.81	0.3597911912989285	0.7999593125600741	0.8175259439111993
4.8125	0.360502560753599	0.7831483335520717	0.8265675554593902
4.815	0.3597911912989289	0.6808224506281194	0.832083232347307
4.8175	0.3576598903851611	0.5143256959454915	0.8340286270153396
4.82	0.3541170692833043	0.6177576245672136	0.8323947147468496
4.8225	0.3491767098896877	0.5708173259314949	0.8272063768102216
4.825	0.3428583095457999	0.4103442081548997	0.8185200350154116
4.827500000000001	0.335186804091195	0.4625197987645282	0.8064204741419851
4.83	0.3261924694531303	0.457615508734058	0.791016982423095
4.8325	0.3159108021612961	0.3858637241399845	0.7724389349802003
4.835	0.3043823792592509	0.4288683075981284	0.7508309464378659
4.8375	0.2916526981653454	0.6481019242548658	0.7263477288631529
4.840000000000001	0.2777719971152307	0.5517480605092449	0.6991488077164557
4.8425	0.2627950568944534	0.5093101393807562	0.6693932667127027
4.845	0.2467809846437585	0.6588451744225282	0.6372347062080557
4.847500000000001	0.2297929805901748	0.6656119655499764	0.6028166036488638
4.85	0.2118980886246361	0.7211220331494116	0.5662682559346178
4.852499999999999	0.1931669317103246	0.7506217339466044	0.5277014625376641
4.855	0.1736734331661249	0.5503785025611223	0.4872080777838415
4.8575	0.1534945249250627	0.6319155378839999	0.4448585250872106
4.859999999999999	0.1327098439190993	0.6025164561176182	0.4007013293478779
4.8625	0.1114014177885525	0.6814541149806116	0.3547636892086965
4.864999999999999	0.08965334115645615	0.6601176004872484	0.3070530798858081
4.8675	0.06755144374552571	0.5639085454076405	0.257559849957428
4.87	0.04518295164746079	0.61430883131616	0.206260751345722
4.8725	0.02263614308136537	0.4086756968207075	0.1531233206340107
4.875	3.002566776566065e-15	0.1510857089518975	0.09811101284740587
4.8775	-0.02263614308136961	0.3427272831999537	0.04118897840219587
4.88	-0.04518295164746499	0.2027985981570644	-0.01766962620951967
4.8825	-0.06755144374552989	0.04795130184320451	-0.07847688957436949
4.885	-0.08965334115645529	-0.1486409562814122	-0.1412230243619984
4.887500000000001	-0.1114014177885517	-0.2218141320599046	-0.2058688979729262
4.890000000000001	-0.1327098439191032	-0.414482231264123	-0.2723381944161413
4.8925	-0.1534945249250619	-0.5246967990567589	-0.3405091609469877
4.895	-0.1736734331661241	-0.6032812602932911	-0.410205914138039
4.897500000000001	-0.1931669317103282	-0.5285608236019369	-0.4811893821472846
4.9	-0.2118980886246354	-0.7471954614916051	-0.553148173209628
4.9025	-0.2297929805901781	-0.9935541922829042	-0.6256899995877959
4.904999999999999	-0.2467809846437541	-0.9930496111613112	-0.698334734911614
4.907500000000001	-0.2627950568944563	-1.073480670214325	-0.7705106718425115
4.91	-0.2777719971152301	-1.146637219374932	-0.8415559271688468
4.912500000000001	-0.2916526981653479	-1.127063451787029	-0.9107269657520032
4.914999999999999	-0.3043823792592477	-1.313770136205201	-0.9772155795512667
4.9175	-0.3159108021612982	-1.16344210999747	-1.040174175878288
4.92	-0.3261924694531321	-1.267453329516295	-1.098747126570384
4.9225	-0.3351868040911966	-1.36909776506762	-1.152104031816747
4.925	-0.3428583095457997	-1.409927891322921	-1.199470164480782
4.927500000000001	-0.3491767098896887	-1.40105592254671	-1.240150631440284
4.93	-0.3541170692833052	-1.382513344096204	-1.273547287680978
4.9325	-0.3576598903851617	-1.417170102095808	-1.299169746890729
4.935	-0.3597911912989285	-1.31862153704198	-1.316642843881698
4.937500000000001	-0.360502560753599	-1.354112562275334	-1.3257125155906
4.94	-0.3597911912989285	-1.167836457163001	-1.326250918444671
4.9425	-0.3576598903851609	-1.22032902854872	-1.31826041106741
4.945	-0.3541170692833051	-1.060507192957357	-1.301875226726789
4.947500000000001	-0.3491767098896861	-0.9675016045445165	-1.277359394970837
4.95	-0.3428583095458012	-0.8962809126567611	-1.245099787717134
4.9525	-0.3351868040911983	-0.81218674943365	-1.205594031425602
4.954999999999999	-0.326192469453132	-0.7999473746834382	-1.159434253927161
4.9575	-0.315910802161298	-0.772868687194101	-1.107288794110462
4.96	-0.3043823792592502	-0.6078441818105236	-1.049884512714778
4.9625	-0.2916526981653507	-0.5439530907026262	-0.9879917363953981
4.965	-0.2777719971152331	-0.6203817554272617	-0.9224121291456922
4.9675	-0.2627950568944525	-0.3818761005997254	-0.8539675700970586
4.97	-0.2467809846437576	-0.4324829984046542	-0.7834866591519007
4.9725	-0.2297929805901778	-0.32575232749771	-0.7117859900293615
4.975	-0.2118980886246392	-0.4785285962283464	-0.639646037519048
4.977500000000001	-0.1931669317103192	-0.3740539801526266	-0.567785016058468
4.98	-0.1736734331661193	-0.3540988033385365	-0.4968361290157171
4.9825	-0.1534945249250616	-0.3293978871821452	-0.4273328892632977
4.985	-0.1327098439190981	-0.0738541439189884	-0.3597042888909761
4.987500000000001	-0.1114014177885465	-0.2803435053105118	-0.2942784463977992
4.99	-0.08965334115644999	-0.212981283587702	-0.2312915342466681
4.992500000000001	-0.06755144374552954	-0.1810741460739968	-0.1708986201462891
4.995	-0.04518295164745956	-0.2809029530825636	-0.1131839461527049
4.9975	-0.02263614308135902	-0.1312971806584473	-0.05816936116793082
5.0	-7.656831204161874e-16	-0.2953183464564522	-0.009172193376505634
5.0025	0.00981459326869397	-0.2463821715587586	0.03376062032180179
5.004999999999999	0.01959045282161612	-0.1337570844826981	0.07366731093260817
5.0075	0.02928899780728229	-0.2046903382975179	0.1101886580028489
5.01	0.03887195249946904	-0.1566003967693088	0.1430613346442129
5.012499999999999	0.0483014973540484	0.005591933250309903	0.1721204867123203
5.015	0.05754041826542435	0.08903055251254655	0.1973017051638055
5.0175	0.06655225343362735	-0.1924024022448187	0.2186413172968327
5.02	0.07530143726235818	0.04207950124344194	0.2362737495052797
5.0225	0.08375344072016688	0.1456019266256895	0.2504250102819237
5.024999999999999	0.0918749076107624	0.09718042408025976	0.2614020012512042
5.0275	0.09963378621467261	0.2428514834665103	0.2695781159974283
5.03	0.1069994557827372	0.3971630561581023	0.2753761454085671
5.0325	0.1139428473822305	0.3665254912623797	0.2792497286933622
5.034999999999999	0.12043655861864	0.4433648566496163	0.2816645087346224
5.037500000000001	0.1264549617804144	0.5609256319715464	0.2830799124010715
5.04	0.1319743049798155	0.4243645076967032	0.2839322222393653
5.0425	0.1369728058907873	0.5381703210503326	0.2846194145339946
5.045	0.1414307377138297	0.4804826031193698	0.2854881248181552
5.0475	0.1453305070286754	0.6506184660859943	0.2868230428663697
5.05	0.1486567232274703	0.7337819240697793	0.2888390010113223
5.0525	0.1513962592544833	0.4272134545039555	0.2916759720130742
5.055	0.1535383034125911	0.3927376350804831	0.2953971152849623
5.0575	0.1550744020321079	0.6453221494400019	0.299989894892891
5.06	0.1559984928335591	0.4553645426103587	0.3053701442369227
5.0625	0.1563069288527283	0.565187336797951	0.3113887874398399
5.065	0.1559984928335592	0.5096139034499289	0.3178407709702992
5.067500000000001	0.1550744020321077	0.2424151606206474	0.3244756372493746
5.07	0.1535383034125913	0.4732334954797647	0.3310091055407248
5.0725	0.1513962592544836	0.4239755940153563	0.3371350235582473
5.074999999999999	0.1486567232274706	0.5062287222325201	0.3425371117914135
5.077500000000001	0.1453305070286742	0.2154127377963952	0.3469000260780222
5.08	0.1414307377138292	0.2132160114070013	0.3499193907911503
5.0825	0.1369728058907867	0.3651169580038182	0.3513105834223935
5.084999999999999	0.1319743049798148	0.2735648745637111	0.350816164476457
5.0875	0.1264549617804124	0.2527837230479645	0.3482119348607967
5.09	0.1204365586186392	0.3668103206984775	0.3433116637574141
5.092499999999999	0.1139428473822297	0.06129398259618002	0.3359705655589344
5.095	0.1069994557827363	0.1824729930547038	0.3260876193732274
5.0975	0.09963378621466996	0.2584758371461926	0.3136068238178986
5.1	0.09187490761076501	0.1356639497197827	0.2985174681354936
5.1025	0.08375344072016959	0.1512738191227091	0.2808534830442987
5.105	0.07530143726235904	0.2037470686063882	0.2606919168715784
5.1075	0.06655225343362825	0.2546136074528624	0.2381505705986389
5.11	0.05754041826542734	0.247480636645883	0.213384825067347
5.1125	0.04830149735404934	0.2896093844660617	0.1865837079701964
5.114999999999999	0.03887195249947	0.03390224796376541	0.1579652767494478
5.117500000000001	0.02928899780728108	0.08556630760837283	0.12777143139754
5.12	0.0195904528216171	0.2547255663820092	0.09626231066448249
5.1225	0.009814593268692747	0.08975615980269913	0.06371045794335103
5.125	2.450766491105746e-15	0.01576476964544199	0.03039496245755233
5.1275	-0.009814593268696721	0.09398974917947037	-0.003404216050288678
5.13	-0.01959045282162105	0.1076697948600563	-0.03741154492447014
5.1325	-0.02928899780728063	-0.01598778065608165	-0.07136067197864236
5.135	-0.03887195249946956	0.09895000061226947	-0.1049985053333992
5.1375	-0.04830149735404891	-0.00837323933296846	-0.1380885328543779
5.140000000000001	-0.05754041826542691	-0.05706071565629912	-0.1704133383902261
5.1425	-0.06655225343362783	-0.09680186386081259	-0.2017763146010972
5.145	-0.07530143726235863	-0.099233224488956	-0.2320026106655088
5.147500000000001	-0.0837534407201692	0.0918858890172968	-0.2609393852189946
5.15	-0.09187490761076103	-0.06117053522068654	-0.2884554585943467
5.1525	-0.09963378621466962	-0.03260280890589107	-0.3144404726433301
5.154999999999998	-0.106999455782736	-0.2845631207990089	-0.338803671046153
5.157500000000001	-0.1139428473822293	-0.2225158257698301	-0.3614724091612592
5.16	-0.1204365586186403	-0.3763620078015623	-0.3823904921908692
5.1625	-0.1264549617804134	-0.4345505610103781	-0.4015164262876983
5.164999999999999	-0.1319743049798134	-0.4461386519352493	-0.4188216517022523
5.1675	-0.1369728058907875	-0.3685989611318919	-0.4342888121784418
5.17	-0.1414307377138309	-0.6458890600617139	-0.4479101018345407
5.172499999999999	-0.145330507028674	-0.5780518266702075	-0.4596857202688848
5.175	-0.1486567232274698	-0.376707742341758	-0.4696224585649157
5.1775	-0.1513962592544845	-0.4001278407017028	-0.477732432826778
5.18	-0.1535383034125912	-0.5449291838286309	-0.484031977285961
5.1825	-0.155074402032108	-0.4453906405715909	-0.4885407053227943
5.185	-0.1559984928335591	-0.3442340179409359	-0.4912807434922019
5.1875	-0.1563069288527283	-0.7510491794941636	-0.4922761405253563
5.19	-0.155998492833559	-0.419018356200915	-0.4915524501318716
5.1925	-0.1550744020321076	-0.5262165310081334	-0.489136483197819
5.194999999999999	-0.1535383034125916	-0.533902588884513	-0.4850562216864535
5.197500000000001	-0.1513962592544829	-0.650879828660272	-0.4793408832685092
5.2	-0.1486567232274705	-0.6812132010262337	-0.4720211225233203
5.2025	-0.1453305070286748	-0.6364804936039894	-0.4631293515489122
5.204999999999998	-0.1414307377138299	-0.422312230072168	-0.4527001600799997
5.2075	-0.1369728058907864	-0.4693168251037173	-0.4407708128087764
5.21	-0.1319743049798145	-0.684667439468795	-0.4273817995985269
5.2125	-0.1264549617804147	-0.5121910719373477	-0.4125774127344979
5.215	-0.1204365586186417	-0.3059899433408075	-0.3964063243340568
5.2175	-0.1139428473822277	-0.2635926194890083	-0.3789221366109388
5.220000000000001	-0.1069994557827375	-0.3850310426293992	-0.3601838779411676
5.2225	-0.09963378621467127	-0.1614381401309407	-0.340256418704775
5.225	-0.09187490761076277	-0.1267208979914232	-0.3192107827726212
5.227500000000001	-0.08375344072016726	-0.1244163227014087	-0.29712433334726
5.23	-0.07530143726235662	-0.05766015632647976	-0.2740808156858527
5.2325	-0.06655225343362575	-0.04889524751370029	-0.2501702439963882
5.234999999999999	-0.05754041826542478	-0.181259491497085	-0.2254886253817859
5.237500000000001	-0.04830149735404672	-0.2424863714773102	-0.2001375198849887
5.24	-0.03887195249946733	0.01975145134056375	-0.1742234421500153
5.2425	-0.02928899780728274	0.01994327764647451	-0.1478571165872551
5.244999999999999	-0.01959045282161877	-0.03756266405208308	-0.121152603833984
5.2475	-0.009814593268689994	0.0447799524319598	-0.09422632139040468
5.25	1.116437955211067e-15	0.159978016102151	-0.06043879411859661
5.2525	0.03573134883997491	-0.005947023428684486	-0.01950437128462873
5.254999999999999	0.07132168237016177	0.134918178138391	0.02250425326407874
5.2575	0.1066305418038429	0.06260588357970155	0.06672450863442711
5.26	0.1415185792038532	0.1595617283673094	0.114155162439126
5.2625	0.1758481074254506	0.1826768664707757	0.1655970670403338
5.265	0.2094836435043981	0.1389591690202926	0.2216037342017572
5.2675	0.2422924433464069	0.2551907471183723	0.2824451139131806
5.27	0.2741450256074154	0.4061091584762177	0.3480873022371876
5.2725	0.3049156826973001	0.4706280269454998	0.4181905384354223
5.274999999999999	0.3344829768903032	0.3262861330171039	0.4921264595146024
5.277500000000001	0.3627302195842567	0.661782462480381	0.5690126085451527
5.28	0.3895459318171851	0.545195967839884	0.6477584211331424
5.2825	0.4148242842238388	0.7740537857301462	0.7271141684831598
5.285	0.4384655146958389	0.906485949425819	0.8057147362230888
5.287500000000001	0.4603763220971943	0.9453511346606094	0.8821151277011243
5.29	0.4804702344811481	1.094339488322737	0.9548232315853551
5.2925	0.4986679503555844	1.125695678938243	1.022342455197881
5.295	0.514897651649683	1.323715439096757	1.083235107651594
5.2975	0.5290952871470813	1.20490622889024	1.136204950231649
5.300000000000001	0.5412048252667536	1.276619442875784	1.180181481806977
5.3025	0.5511784751940596	1.195021943239613	1.214382153398383
5.304999999999999	0.5589768754892721	1.357290151324242	1.238339742455248
5.307500000000001	0.5645692494291713	1.258492952900506	1.251902144802777
5.31	0.5679335264687289	1.538328754552172	1.255221712890244
5.3125	0.5690564293434619	1.290437310437946	1.24874394022995
5.315	0.5679335264687292	1.283827670704221	1.233192639197009
5.317499999999999	0.5645692494291717	1.28855942465312	1.209543519010486
5.32	0.5589768754892728	1.311692856001213	1.178980797215802
5.3225	0.5511784751940605	1.174572372369144	1.142836538620457
5.324999999999999	0.541204825266755	0.9461487782257194	1.102516837301389
5.3275	0.5290952871470768	1.093808329678757	1.059422377662897
5.33	0.5148976516496777	1.021377284850565	1.014872536704095
5.3325	0.4986679503555863	0.7823753306141432	0.9700411034695782
5.335	0.4804702344811502	0.6948337438507629	0.9259084115711348
5.337499999999999	0.4603763220971872	0.618682583663143	0.883230887847656
5.34	0.4384655146958414	0.6043302337172285	0.8425261870575771
5.3425	0.4148242842238304	0.5674284547281248	0.804070758843477
5.345	0.3895459318171761	0.8881084933741494	0.7679066862106046
5.347499999999999	0.3627302195842472	0.4685500030594709	0.7338554264587492
5.350000000000001	0.3344829768903064	0.7014121360709011	0.7015370878841309
5.3525	0.3049156826973034	0.615074590310444	0.6703945509401562
5.354999999999999	0.2741450256074189	0.7231778781371576	0.6397217378935112
5.3575	0.2422924433464105	0.4568349160723328	0.6086946597120745
5.36	0.2094836435044017	0.7763849334142654	0.5764029653579967
5.3625	0.1758481074254543	0.4402773618842328	0.5418792491613108
5.365	0.1415185792038726	0.5254552053142822	0.5041237952492089
5.3675	0.1066305418038308	0.582913130772039	0.4621237220442361
5.37	0.07132168237016565	0.491480178356936	0.4148672129589256
5.3725	0.0357313488399788	0.3960591053782691	0.3613552289923983
5.375	5.018335039875566e-15	0.6561199654421991	0.3006145779552922
5.3775	-0.03573134883998493	0.3951594395438345	0.2317173966699377
5.380000000000001	-0.07132168237017174	0.3572780724298016	0.1538125795705975
5.3825	-0.1066305418038368	0.14601359108085	0.06617314823138551
5.385	-0.1415185792038629	0.02639845368513088	-0.03174172921160781
5.387499999999999	-0.1758481074254601	0.2840419284458347	-0.140219788124735
5.390000000000001	-0.2094836435044074	-0.2715374052756737	-0.2592392485795805
5.3925	-0.242292443346416	-0.3361363858390649	-0.388433924500577
5.395	-0.2741450256074101	-0.3232992459835107	-0.5270771003959799
5.397499999999999	-0.3049156826973086	-0.5487196927933985	-0.6740700452507076
5.4	-0.3344829768902982	-0.7864135609042433	-0.8279216919767649
5.4025	-0.3627302195842519	-0.8567016982043105	-0.9867166819341676
5.404999999999998	-0.3895459318171806	-0.9823559512278575	-1.148084336201404
5.4075	-0.4148242842238345	-1.136260708690193	-1.309202957012578
5.41	-0.4384655146958453	-1.388133307633787	-1.466897222432793
5.4125	-0.4603763220971813	-1.583389044848569	-1.617866864807257
5.415	-0.4804702344811448	-1.580906086709913	-1.758976348293894
5.4175	-0.4986679503555892	-1.891422624436894	-1.887443745171806
5.42	-0.5148976516496804	-2.020183879861583	-2.000868484644828
5.4225	-0.529095287147079	-2.064758188192995	-2.097206551987136
5.425	-0.5412048252667517	-2.143070947920295	-2.17479306363631
5.427499999999999	-0.551178475194062	-2.19397259407371	-2.232397183635315
5.430000000000001	-0.558976875489274	-2.251570382782018	-2.269250101039765
5.4325	-0.5645692494291725	-2.143792132921181	-2.285024319213663
5.435	-0.5679335264687295	-2.216266403901023	-2.279789899201584
5.4375	-0.5690564293434619	-2.313659887357255	-2.253988244279374
5.44	-0.5679335264687285	-2.271161599465464	-2.208445124399507
5.4425	-0.5645692494291725	-2.066738980715745	-2.144409048276328
5.445	-0.558976875489274	-1.960858621868624	-2.063570137883211
5.4475	-0.551178475194058	-1.89845922746847	-1.96800977104796
5.45	-0.5412048252667517	-1.740611611984166	-1.860065810179421
5.452500000000001	-0.529095287147079	-1.557556907404033	-1.742156591278097
5.454999999999998	-0.5148976516496873	-1.446925817585532	-1.616643082193278
5.4575	-0.4986679503555814	-1.274128743064169	-1.485791740451466
5.460000000000001	-0.4804702344811534	-1.383926877822909	-1.351842598641263
5.4625	-0.4603763220971908	-1.074073583770909	-1.217118715736495
5.465	-0.4384655146958453	-1.118533614254853	-1.084072888188905
5.467499999999999	-0.4148242842238345	-1.011003011381273	-0.9551949307241134
5.470000000000001	-0.3895459318171806	-0.688962330274123	-0.8327874829936621
5.4725	-0.3627302195842519	-0.6598095949327104	-0.7186976070442147
5.475	-0.3344829768902982	-0.4626507847565762	-0.6141222616194235
5.477499999999999	-0.304915682697295	-0.3189514059119763	-0.5195718811305554
5.48	-0.2741450256074101	-0.3993779804584676	-0.4349843280796443
5.4825	-0.2422924433464013	-0.2174517652496066	-0.3599030664929538
5.484999999999999	-0.2094836435044074	-0.2811322835171539	-0.2936339446203088
5.4875	-0.1758481074254447	-0.09529408090530418	-0.2353446117599392
5.49	-0.1415185792038629	-0.063500028391289	-0.1841095141095633
5.4925	-0.1066305418038368	-0.1242056797247407	-0.1389164346655127
5.495	-0.07132168237017174	0.1188875413056441	-0.09865199310173264
5.4975	-0.03573134883996879	-0.03477350880137203	-0.06208447972745354
5.5	-1.261595936459378e-14	-0.3478892911849069	-0.0266415335410751
5.5025	0.04041790356499688	0.02010136864095039	0.009198214326177657
5.504999999999999	0.08067629612981903	0.01566693614805861	0.04584208236318904
5.507499999999999	0.1206162962113105	0.201902005038339	0.08495423427621263
5.510000000000001	0.160080278876	0.2123617951591351	0.1280556522613953
5.5125	0.1989124978136887	0.2557225934416862	0.1764308673582289
5.515	0.2369596999969829	0.3560844709237398	0.2310488983148089
5.5175	0.2740717305009782	0.4294741855725251	0.2925001853537134
5.52	0.3101021250961495	0.3575330841830131	0.360951904797508
5.5225	0.3449086882757509	0.3737817250249087	0.436127655502992
5.525	0.3783540544365042	0.3446981608712579	0.5173189638792287
5.5275	0.4103062299979513	0.539168519519219	0.6034314231963006
5.53	0.4406391143206674	0.7569616639378643	0.6930578111084057
5.532500000000001	0.4692329973680096	0.9366336659396495	0.7845588959321644
5.535	0.4959750321469185	1.082273092830679	0.8761265920569214
5.5375	0.520759680063382	0.9620523005561727	0.96581112302499
5.540000000000001	0.5434891274351024	1.20473672049348	1.051519891872353
5.5425	0.5640736715174002	1.388727936153377	1.131034249691608
5.545	0.5824320745189662	1.284899748629827	1.202109208263099
5.547499999999999	0.5984918842103099	1.325308410310903	1.262676251470159
5.550000000000001	0.6121897198596027	1.402671426282669	1.311070979198606
5.5525	0.6234715223674954	1.52185360855703	1.346167278175241
5.554999999999999	0.6322927676136478	1.419938514797788	1.367389621136252
5.557499999999999	0.6386186421731169	1.53954516364315	1.374681061496832
5.56	0.6424241807090337	1.469783483570413	1.368498251445496
5.5625	0.6436943644993822	1.499463963589378	1.349826989937423
5.565	0.6424241807090346	1.5289244110856	1.320168037180671
5.5675	0.6386186421731165	1.239643305007821	1.281458426167601
5.57	0.632292767613647	1.196525526787664	1.235929481369239
5.5725	0.6234715223674989	1.235371821226144	1.18592853049689
5.575	0.612189719859607	1.130803957872811	1.133740118689753
5.5775	0.5984918842103015	0.9797730727095031	1.081436594884085
5.58	0.5824320745189644	0.8455003171464052	1.030773254941274
5.5825	0.5640736715173981	0.6783630284848039	0.9831284204856043
5.585	0.5434891274351	0.8636867420570982	0.9394798201436039
5.587499999999999	0.5207596800633795	0.7435714781724707	0.9004060381021852
5.590000000000001	0.4959750321469156	0.6243909902430914	0.8661033971432164
5.5925	0.4692329973680065	0.5342456109932496	0.8364121993825676
5.595	0.4406391143206642	0.7579414288776631	0.8108500902484629
5.5975	0.4103062299979338	0.611505986701116	0.7886529989685732
5.600000000000001	0.3783540544365154	0.8247402733708441	0.7688244809016366
5.6025	0.3449086882757472	0.9312082107739688	0.7501920924364525
5.604999999999999	0.3101021250961456	0.8458447661755708	0.7314658871549925
5.6075	0.2740717305009742	0.8249148808132779	0.711291553308761
5.61	0.2369596999969788	0.8294551918062889	0.68829100288956
5.612500000000001	0.1989124978137019	0.8950112225629888	0.6610863469503088
5.615	0.1600802788760134	0.869941664019448	0.6283074404041068
5.6175	0.1206162962113062	0.7219259423258756	0.5885868291573012
5.620000000000001	0.08067629612983279	0.5695082314703142	0.5405485812816535
5.6225	0.04041790356501074	0.7073939055790993	0.4828002410587399
5.625	1.260480320286361e-15	0.5304933333505674	0.413941986037991
5.6275	-0.04041790356500822	0.7365191075157917	0.3326143852893723
5.629999999999999	-0.0806762961298303	0.3215575267306165	0.237608501346455
5.6325	-0.1206162962113217	0.2688592105619536	0.1280405059242236
5.635	-0.160080278876011	0.1260756215691654	0.003539276371279626
5.637499999999999	-0.1989124978136995	-0.1542814321086695	-0.1356452723052076
5.64	-0.2369596999969934	-0.3144649329393266	-0.2886649944924659
5.6425	-0.2740717305009719	-0.5461765325821937	-0.454182108031109
5.645	-0.3101021250961434	-0.5060245039105968	-0.6304700038651687
5.6475	-0.3449086882757605	-0.7776427750499038	-0.8154473635480575
5.649999999999999	-0.3783540544365133	-1.142780167832634	-1.006641893767453
5.6525	-0.4103062299979459	-1.374328668817367	-1.201110535490415
5.654999999999999	-0.440639114320649	-1.46598326905336	-1.395370278445387
5.6575	-0.4692329973680174	-1.748262238315953	-1.585449047037764
5.659999999999999	-0.4959750321469141	-1.809669759162172	-1.767173426073149
5.662500000000001	-0.5207596800633779	-1.956952637006629	-1.936598603367573
5.665	-0.5434891274350987	-2.016090569403648	-2.090252737074714
5.6675	-0.5640736715173968	-2.044108067210078	-2.225112789676946
5.67	-0.5824320745189633	-2.494666327110854	-2.338587341692783
5.6725	-0.5984918842103073	-2.412432064210456	-2.428645164645509
5.675	-0.6121897198596062	-2.517954475761452	-2.493957169551507
5.6775	-0.6234715223674983	-2.394842802876558	-2.533912104128158
5.68	-0.6322927676136499	-2.483511665177593	-2.548507092537201
5.6825	-0.6386186421731184	-2.293880306528453	-2.538209610654607
5.685	-0.6424241807090334	-2.274212376690539	-2.503885998107569
5.6875	-0.6436943644993822	-2.444455788406513	-2.446827978103325
5.69	-0.642424180709034	-2.131905315729931	-2.368830950580131
5.692500000000001	-0.6386186421731174	-2.034094169803686	-2.272226331739545
5.695	-0.6322927676136483	-1.846385849316766	-2.159781967697874
5.6975	-0.623471522367496	-1.753748011500577	-2.034472421519687
5.699999999999999	-0.6121897198596035	-1.645024604766163	-1.899225229043083
5.702500000000001	-0.5984918842103107	-1.556972156922967	-1.756774331550065
5.704999999999999	-0.5824320745189673	-1.577049290274402	-1.609683335111407
5.7075	-0.5640736715174014	-1.479123410305795	-1.460499452548028
5.709999999999999	-0.5434891274351038	-0.9659592508602228	-1.311916282233196
5.7125	-0.5207596800633835	-0.9863926224988753	-1.166811469372288
5.715	-0.4959750321469201	-0.8591860580646689	-1.028107057449084
5.717499999999999	-0.4692329973680113	-0.7565033545280104	-0.8984964536152049
5.72	-0.4406391143206558	-0.7643409932571226	-0.7801195890505853
5.7225	-0.4103062299979391	-0.565896997220742	-0.6742962437724677
5.725	-0.378354054436521	-0.4943994782675388	-0.5814466015538252
5.7275	-0.3449086882757377	-0.4753538231044516	-0.5012332863921044
5.73	-0.3101021250961356	-0.4524084402872701	-0.4328120394306235
5.7325	-0.2740717305009805	-0.3404021288427593	-0.3750524777079689
5.735	-0.2369596999969852	-0.4373172500577359	-0.3266692631137115
5.7375	-0.1989124978136911	-0.2366491770722047	-0.2862693398182711
5.739999999999999	-0.1600802788760025	-0.2484522290089539	-0.2523424021077436
5.742500000000001	-0.120616296211313	-0.2892821368289812	-0.223226735053016
5.745	-0.08067629612982152	-0.3553907765123244	-0.1970852574563059
5.7475	-0.0404179035649994	-0.1502929136926034	-0.1719215664468487
5.75	-3.740859847492166e-15	-0.1699407256111469	-0.151545935898956
5.7525	0.01843898049643554	-0.1914564485900698	-0.1341515924450965
5.754999999999999	0.03680519076082426	-0.2452803915133058	-0.1127037656420637
5.7575	0.05502614775197221	-0.1068936477950659	-0.0866844946296586
5.76	0.07302994167699875	-0.1811070341557486	-0.05577897125932307
5.7625	0.09074551978643286	-0.03413894897180731	-0.01988933257351508
5.765000000000001	0.1081029667869466	0.07389092065941363	0.02086130744411181
5.7675	0.1250337807651154	0.2191779720420848	0.06613556285606007
5.77	0.1414711435330973	0.108002719388643	0.1153997730807776
5.772500000000001	0.1573501843295646	0.2967971787608413	0.1679527009101121
5.775	0.1726082358349516	0.1726400473501786	0.2229626326930949
5.7775	0.1871850814907064	0.6192286476429486	0.2795089832987328
5.779999999999999	0.2010231931465337	0.4792489575649319	0.3366238197724265
5.782500000000001	0.214067958097779	0.4933916183364644	0.3933293491422443
5.785	0.2262678946167597	0.759288246173064	0.4486691411562177
5.7875	0.2375748551276561	0.7067556150080748	0.5017329751178943
5.789999999999999	0.2479442162229906	0.6689068207903812	0.5516768792448183
5.7925	0.2573350547718304	0.7458730899056928	0.5977405279073039
5.795	0.2657103094246856	1.016631734398935	0.6392634899031192
5.797499999999999	0.273036926877742	0.9165858098354017	0.6757002888024792
5.8	0.2792859923191123	0.7820395887811797	0.7066326934081809
5.8025	0.284432843542435	0.8790606244738064	0.7317769547366163
5.804999999999999	0.2884571682773013	1.04878695216336	0.750984250180778
5.8075	0.2913430843525217	0.8524802506355713	0.7642341259901037
5.81	0.2930792023757969	0.9086814442011896	0.7716224514756787
5.8125	0.293658670682446	0.8654352543504193	0.7733464447740299
5.815	0.293079202375797	0.7885046583581182	0.7696892861138229
5.8175	0.2913430843525209	0.6639197689566408	0.7610059198752779
5.819999999999999	0.2884571682773017	0.7300284261570514	0.747710446003571
5.822500000000001	0.2844328435424356	0.5685536375463706	0.7302645551735033
5.825	0.279285992319113	0.6366244585692852	0.7091660382744214
5.8275	0.2730369268777398	0.586355233674861	0.6849364927475801
5.83	0.2657103094246866	0.5934822699407976	0.6581077806666988
5.8325	0.2573350547718274	0.5779297958369358	0.6292073357086174
5.835	0.2479442162229874	0.388082164216718	0.5987428710196118
5.8375	0.2375748551276526	0.5004785973713749	0.5671872964912252
5.84	0.2262678946167559	0.216611514574256	0.5349646990337014
5.8425	0.2140679580977806	0.1813567601660376	0.5024381319920319
5.845000000000001	0.2010231931465353	0.431279942446093	0.4698997858654009
5.8475	0.1871850814906953	0.3452768686227878	0.4375639431849687
5.85	0.1726082358349535	0.2756287471396884	0.4055629882640153
5.852500000000001	0.1573501843295665	0.1760897150014152	0.3739466392045185
5.854999999999999	0.1414711435330993	0.3801647066318176	0.3426844619438065
5.8575	0.1250337807651099	0.3533360936880088	0.3116715822663957
5.859999999999999	0.1081029667869565	0.1722228382067936	0.2807373243383775
5.862500000000001	0.09074551978643504	0.2561674565779911	0.2496563002537506
5.865	0.07302994167700098	0.1637421328000312	0.2181613044874837
5.8675	0.05502614775197448	0.343500029243147	0.1859572786833222
5.869999999999999	0.03680519076082654	0.3899120208194635	0.1527356287853918
5.8725	0.01843898049643783	0.4108761103101806	0.1181882854453204
5.875	-1.439603218558009e-15	0.2551615905651026	0.08202105951534
5.8775	-0.0184389804964407	0.0499210625006338	0.04396600789993903
5.88	-0.03680519076082939	0.2778761567610621	0.00379265148797843
5.8825	-0.0550261477519773	0.188291679965202	-0.03868204199515002
5.885	-0.0730299416769957	0.07044060399005572	-0.08358497625081596
5.8875	-0.09074551978643779	0.08563557979803918	-0.1309796169628046
5.89	-0.1081029667869514	-0.1538128933023652	-0.1808601257156314
5.8925	-0.1250337807651125	-0.1022193261660758	-0.2331469772034657
5.895	-0.1414711435330945	-0.03992694310625064	-0.2876840303576647
5.8975	-0.157350184329569	-0.1825037744291191	-0.3442369355464358
5.899999999999999	-0.1726082358349491	-0.1965470733081215	-0.4024926946093607
5.902500000000001	-0.1871850814906975	-0.5603354830923676	-0.462060199447924
5.904999999999999	-0.2010231931465314	-0.3131497316560632	-0.5224716972266461
5.9075	-0.2140679580977769	-0.4375060900934005	-0.5831853727821126
5.91	-0.2262678946167577	-0.6695683067014314	-0.6435895641781612
5.912500000000001	-0.2375748551276542	-0.8195216810872374	-0.7030094508637057
5.915	-0.2479442162229889	-0.8519096249044792	-0.76071724827859
5.9175	-0.2573350547718288	-0.7999873575153851	-0.8159468553105156
5.92	-0.2657103094246878	-0.9933790702025624	-0.8679134013314143
5.9225	-0.2730369268777409	-0.9844161064911763	-0.9158372119608531
5.925000000000001	-0.2792859923191114	-1.053788341488132	-0.9589705609021486
5.9275	-0.2844328435424363	-1.214897037809056	-0.9966246327406256
5.93	-0.2884571682773023	-1.250139258934519	-1.028193862312341
5.932500000000001	-0.2913430843525213	-1.064484357919345	-1.053175426914576
5.935	-0.2930792023757967	-1.142788646854127	-1.071182857785288
5.9375	-0.293658670682446	-1.100456690524617	-1.081953912316326
5.94	-0.2930792023757967	-1.213806056879777	-1.085353521562604
5.942499999999999	-0.2913430843525213	-1.298006987277332	-1.081372704194216
5.945	-0.2884571682773007	-1.035687381233483	-1.070124072240886
5.9475	-0.2844328435424343	-0.9810699909337184	-1.051834301331913
5.949999999999999	-0.279285992319114	-1.096952513644848	-1.026833932425183
5.9525	-0.273036926877741	-1.105668042996461	-0.9955451323327127
5.954999999999999	-0.2657103094246879	-0.8200678124625161	-0.9584683916859107
5.9575	-0.257335054771829	-0.9840051443111888	-0.9161693052962461
5.96	-0.2479442162229891	-0.8816373680604948	-0.8692663229814089
5.962499999999999	-0.2375748551276544	-0.7536413722339889	-0.8184196296862334
5.965	-0.2262678946167632	-0.6735261644410154	-0.7643203537981373
5.9675	-0.2140679580977771	-0.6046549079909105	-0.7076786108360731
5.97	-0.2010231931465316	-0.7151274670016968	-0.649208986815119
5.972499999999999	-0.1871850814907041	-0.3765796498002826	-0.5896131173310365
5.975000000000001	-0.172608235834956	-0.3403532639779233	-0.5295605856316575
5.9775	-0.1573501843295622	-0.1277736674510124	-0.4696705848854945
5.98	-0.1414711435330948	-0.2329925409934416	-0.4104969645741415
5.9825	-0.1250337807651128	-0.2524783871911995	-0.3525183630083927
5.985	-0.1081029667869517	-0.0414009476068105	-0.2961336955717221
5.9875	-0.09074551978643013	-0.114117570733827	-0.2416620438776454
5.99	-0.07302994167699597	0.05798557945123663	-0.1893453897124071
5.9925	-0.05502614775196938	0.140561587761026	-0.1393526634835895
5.995	-0.03680519076082968	-0.1259345440300825	-0.09178399895411345
5.9975	-0.01843898049643266	-0.009251197269727882	-0.04667465278087071
6.0	3.766351686385794e-15	0.09835475014348381	-0.01866501206709582
6.0025	-0.04023118803228849	0.0237445250805359	-0.007652875170170291
6.004999999999999	-0.08030360194529877	0.1432432564623545	-0.0008746593674265595
6.0075	-0.1200590942286569	0.1856633382569468	-0.0009166839398746626
6.01	-0.1593407681168773	0.1835727538586485	-0.01025155582198013
6.012499999999999	-0.1979935967891954	0.1757129995735505	-0.0314908946335795
6.015000000000001	-0.2358650351896743	0.1444902792117271	-0.06757646228660227
6.0175	-0.2728056220527607	-0.02332637222130976	-0.121732557354681
6.02	-0.3086695697586052	-0.1894751488908168	-0.1969590698135059
6.022499999999999	-0.3433153396903413	-0.2602832969231698	-0.295146344463618
6.025	-0.376606200822179	-0.442200338768888	-0.4164238754966731
6.0275	-0.4084107693343784	-0.3776112172098415	-0.5592304673429449
6.029999999999999	-0.438603527125147	-0.6509597502348603	-0.7208555069617242
6.0325	-0.4670653171732437	-0.8925302496821006	-0.897948074987762
6.035	-0.4936838137963037	-1.072419063433425	-1.086786845673536
6.0375	-0.51835396594899	-1.085705013107245	-1.283345198910838
6.04	-0.5409784118114764	-1.247090328397856	-1.483247350339842
6.0425	-0.5614678630320611	-1.571781463309309	-1.68174817385234
6.045	-0.5797414571075348	-1.679771403954947	-1.873885603458252
6.0475	-0.5957270765104894	-1.768633053536125	-2.054777792821902
6.05	-0.6093616333042564	-1.869533515739307	-2.219797101204294
6.052499999999999	-0.6205913181222272	-2.136758865264349	-2.364564583028065
6.055	-0.6293718125287703	-2.396694071460835	-2.485083654523653
6.0575	-0.6356684639238994	-2.39677849313585	-2.578138640704286
6.06	-0.6394564223012131	-2.400407098468368	-2.641672805219412
6.0625	-0.6407207383195566	-2.759258125143822	-2.674843314195529
6.065	-0.639456422301214	-2.56938770106804	-2.677756802242206
6.0675	-0.635668463923899	-2.546425876812513	-2.651139798807458
6.07	-0.629371812528773	-2.653648842799208	-2.596190043460907
6.0725	-0.6205913181222263	-2.552353128195305	-2.514659362747591
6.075	-0.6093616333042552	-2.411301776321345	-2.409016498702818
6.077500000000001	-0.5957270765104813	-2.230800683521379	-2.282460231356469
6.08	-0.5797414571075331	-2.204840873687156	-2.1386480802833
6.0825	-0.5614678630320593	-2.262953761449049	-1.98123477960181
6.085000000000001	-0.5409784118114744	-1.818429257109334	-1.81349168807703
6.0875	-0.5183539659489771	-1.731253716508207	-1.638235441349704
6.09	-0.4936838137963013	-1.592245825549933	-1.458103520634282
6.092499999999999	-0.4670653171732411	-1.325286331966724	-1.275982065756997
6.095000000000001	-0.4386035271251442	-1.142330464304546	-1.095231210636451
6.0975	-0.4084107693343755	-0.9110804795314599	-0.9195126745633377
6.1	-0.3766062008221759	-0.7333390395460807	-0.7523772979598707
6.102499999999999	-0.3433153396903535	-0.6581606576969088	-0.5968310486220876
6.105	-0.3086695697586178	-0.2404906607350849	-0.4549534756507104
6.1075	-0.2728056220527573	-0.2555090195271743	-0.3276989593181822
6.109999999999999	-0.2358650351896878	-0.1665856556813123	-0.2150378596271875
6.1125	-0.1979935967892091	0.01208694783372112	-0.1163258521644487
6.115	-0.1593407681168736	-0.04414405229851576	-0.03064210183739979
6.1175	-0.1200590942286532	0.1755490391110149	0.04301856783046275
6.12	-0.08030360194529503	0.2726957526290139	0.1056716534273303
6.1225	-0.04023118803228472	0.2700714147713025	0.1583395269505599
6.125	-1.067370934047597e-14	0.2404247859168314	0.2021020756297158
6.1275	0.04023118803229977	0.4193272148589576	0.2381930381954211
6.13	0.08030360194530997	0.6756063622428472	0.2681001364876573
6.132499999999999	0.1200590942286501	0.2913778094295754	0.2935999842911278
6.135000000000001	0.1593407681168706	0.4421766793236088	0.3166926624440281
6.1375	0.1979935967892062	0.4809569949920192	0.3394667280487909
6.14	0.2358650351896849	0.4654337049600867	0.3639519526338859
6.1425	0.2728056220527544	0.6210157900964398	0.391995122070169
6.145	0.308669569758615	0.4286989128154546	0.4251639265440552
6.1475	0.3433153396903509	0.5418359664048993	0.4646698527778318
6.15	0.3766062008221734	0.6278711107634052	0.5113022247673635
6.1525	0.408410769334373	0.4284553748494847	0.5653743103567338
6.154999999999999	0.4386035271251419	0.7293307735353289	0.6266918037070428
6.157500000000001	0.467065317173239	0.8551559705986531	0.6945576154683085
6.16	0.4936838137962993	0.7975731043748161	0.767820160917018
6.1625	0.518353965948986	0.8565174546276578	0.8449562190185325
6.165000000000001	0.540978411811463	0.7168738357200668	0.9241618167343633
6.1675	0.5614678630320665	1.025257539074934	1.003417827925404
6.17	0.5797414571075395	1.090659946915869	1.080515222637985
6.172499999999999	0.5957270765104802	1.22442434679462	1.153073490982641
6.175000000000001	0.6093616333042543	1.281161907474853	1.218630853900565
6.1775	0.6205913181222301	1.375165772128292	1.274852411651097
6.18	0.6293718125287724	1.362119987373694	1.319786325181032
6.182499999999999	0.6356684639238986	1.326832713695373	1.35203573052306
6.185	0.6394564223012139	1.488694544363898	1.370798480757276
6.1875	0.6407207383195566	1.318218001813197	1.375842235506772
6.19	0.6394564223012134	1.504901706584006	1.367489685642059
6.1925	0.6356684639238975	1.532774616794233	1.346616032045459
6.195	0.6293718125287743	1.518181044133089	1.314614825875917
6.1975	0.6205913181222235	1.262869113216176	1.273303871529991
6.2	0.6093616333042573	1.401270434068653	1.224779295177806
6.2025	0.5957270765104838	1.120806159464944	1.171245783927834
6.204999999999999	0.5797414571075361	1.130470169608247	1.114852499863792
6.2075	0.5614678630320626	0.9327865681634961	1.057557139227201
6.21	0.5409784118114683	1.096838684040098	1.001029948008092
6.212499999999999	0.5183539659489919	0.9295137430611428	0.9465985517712416
6.215000000000001	0.4936838137963057	0.7779188000776127	0.8952267958788611
6.2175	0.4670653171732334	0.7284375996507836	0.847517709099842
6.22	0.4386035271251493	0.6395307467285364	0.803731127382413
6.2225	0.4084107693343808	0.6744703794872551	0.7638088746589173
6.225000000000001	0.3766062008221815	0.5953378906916835	0.727403542411629
6.2275	0.3433153396903441	0.6131471629245913	0.6939099213610812
6.23	0.3086695697586079	0.5926336480756315	0.6625000423486143
6.2325	0.272805622052747	0.7014669458786159	0.6321627273953634
6.235	0.2358650351896772	0.5456335117782907	0.6017464684618302
6.237500000000001	0.1979935967891984	0.4886738930035307	0.5700015899718088
6.24	0.1593407681168627	0.5868878397905684	0.5356160417156588
6.2425	0.12005909422866	0.4517819409532188	0.4972401013070782
6.245000000000001	0.08030360194530188	0.2941390741249282	0.4534983637426804
6.2475	0.04023118803227344	0.5807666175432253	0.4029913939583836
6.25	4.444876842195583e-16	0.3169102241217558	0.3591992217871237
6.2525	0.02841559890361703	0.3375604704807224	0.321469071995322
6.254999999999998	0.05671905442020054	0.1659024305783149	0.2761723669880596
6.2575	0.0847986657414841	0.2884443281315857	0.2271392479297428
6.26	0.1125436154698861	-0.03970635650471854	0.1781191531302783
6.262499999999999	0.1398444069643281	0.0795375670413915	0.132665365240807
6.265	0.1665932964733142	0.1735311817784441	0.09406195731514669
6.2675	0.1926847183503576	-0.1164749258477277	0.06527437277750645
6.27	0.2180157016733464	-0.009433517384895618	0.04890146128290901
6.2725	0.2424862766237303	-0.06437834799652035	0.04710157068021657
6.274999999999999	0.2659998690217222	-0.1605444713644969	0.06146896190497193
6.2775	0.288463681460466	0.08071464434544126	0.09286343577538106
6.28	0.3097890595350055	0.1282100219559466	0.1412370289350765
6.2825	0.3298918417207191	0.05904378301423368	0.2055282808272257
6.284999999999999	0.348692691520399	0.165967411839496	0.283692072230519
6.287500000000001	0.3661174105692018	0.1750322212982426	0.3728985113207428
6.29	0.3820972314616073	0.3758535733663851	0.4698643161892595
6.2925	0.3965690891450616	0.6302174256577263	0.5712080923417038
6.295	0.4094758698088434	0.665739940824247	0.6737034119242093
6.2975	0.4207666362862198	1.086302395399979	0.7743504987332976
6.3	0.4303968290801613	0.9218903273019997	0.870290503081165
6.3025	0.4383284422193355	1.053925984964895	0.958724964402499
6.304999999999998	0.4445301732502866	1.195927531652319	1.0370148790916
6.3075	0.4489775467739369	1.29213029825344	1.102927435334631
6.31	0.4516530110388003	1.341692785044041	1.154848239785433
6.3125	0.4525460072097267	1.504732478967457	1.191844659007966
6.315	0.4516530110388006	1.434008742355994	1.213582357653031
6.317500000000001	0.4489775467739374	1.452647957175838	1.220170737116644
6.32	0.4445301732502873	1.39000447297963	1.21203799628255
6.3225	0.4383284422193365	1.50890818218634	1.189884523393142
6.324999999999999	0.4303968290801665	1.102999639411804	1.15469053804725
6.327500000000001	0.4207666362862165	1.068921528590526	1.107737711538211
6.33	0.4094758698088396	1.119345545673302	1.050619111060781
6.3325	0.3965690891450636	0.8301248576011382	0.9852127339042878
6.334999999999999	0.3820972314616095	0.8043061263868716	0.9135998426151973
6.3375	0.3661174105691966	0.5177436185682023	0.837937859219191
6.34	0.3486926915204015	0.4054843857556872	0.7603230459886253
6.342499999999999	0.329891841720713	0.3401848559867306	0.6826774220465225
6.345	0.309789059534999	0.2811791684080213	0.6066757150772093
6.3475	0.2884636814604591	0.1095268026336604	0.5337103958850349
6.35	0.2659998690217255	0.1401784231326406	0.4648839306665217
6.3525	0.2424862766237336	0.01859224052757491	0.4010152712947852
6.354999999999999	0.2180157016733499	-0.1159838253517475	0.3426485837427992
6.3575	0.1926847183503612	-0.0409790042072132	0.2900550477861219
6.36	0.1665932964733179	-0.06825272200170127	0.2432241921151742
6.3625	0.1398444069643319	-0.04281643409472859	0.201850176890441
6.364999999999999	0.1125436154699024	-0.04464893302660874	0.1653273734409628
6.367500000000001	0.08479866574147539	-0.02959475474391632	0.1327712364816054
6.37	0.05671905442020449	-0.0205178668322222	0.103070614145231
6.3725	0.02841559890362101	-0.09889001110824348	0.07496240641506596
6.375	4.434232388001711e-15	-0.04642988689008054	0.04711045500505626
6.3775	-0.02841559890362499	0.0591246107161478	0.01817268663610173
6.38	-0.05671905442020846	0.03968178228682867	-0.01315072828988845
6.3825	-0.08479866574147932	0.222355195082798	-0.04808691026136829
6.385	-0.1125436154698938	0.02898797391887363	-0.08777118843892803
6.3875	-0.1398444069643357	0.1665874430392378	-0.1332315149247705
6.390000000000001	-0.1665932964733216	-0.02222088546506971	-0.1853692488209915
6.3925	-0.1926847183503649	0.03002138691416613	-0.2449315509823323
6.395	-0.2180157016733421	0.1172452108503961	-0.312474325049079
6.397500000000001	-0.242486276623737	-0.09868480002291041	-0.3883190527648567
6.4	-0.2659998690217183	-0.07270995025276294	-0.4725102888215588
6.4025	-0.2884636814604622	-0.1868458148672015	-0.5647807662520732
6.404999999999998	-0.3097890595350019	-0.128031097641487	-0.6645275368108241
6.407500000000001	-0.3298918417207157	-0.4732425670455373	-0.7707981094283157
6.41	-0.3486926915204041	-0.5453024745030103	-0.8822842246666805
6.412500000000001	-0.3661174105692065	-0.6689031516350149	-0.9973245324458836
6.414999999999999	-0.3820972314616116	-0.9124702477232892	-1.113924603565625
6.417500000000001	-0.3965690891450655	-0.9691354464357376	-1.229809561781692
6.42	-0.4094758698088413	-1.186983883614479	-1.342523750460654
6.422499999999999	-0.4207666362862227	-1.247405880715618	-1.449573743446975
6.425	-0.4303968290801637	-1.449152207347968	-1.548579630719685
6.4275	-0.4383284422193374	-1.555808941273349	-1.637385733467339
6.429999999999999	-0.4445301732502857	-1.763092596938974	-1.714110400519796
6.4325	-0.4489775467739379	-1.776990517675468	-1.777157165122809
6.434999999999999	-0.4516530110388	-1.7256911911561	-1.825220336936785
6.4375	-0.4525460072097267	-1.819524781048329	-1.857298404880275
6.44	-0.4516530110388001	-2.01708775372949	-1.872711068658369
6.442500000000001	-0.4489775467739364	-2.119423536736481	-1.87111477450759
6.444999999999999	-0.4445301732502883	-2.086956725320192	-1.852517948591944
6.447500000000001	-0.4383284422193344	-2.014798279358725	-1.817298128550273
6.45	-0.430396829080164	-1.875932762863136	-1.766215262994538
6.4525	-0.4207666362862183	-1.845359411825237	-1.700404219876339
6.454999999999998	-0.4094758698088471	-1.911179544106664	-1.621326192971694
6.4575	-0.3965690891450597	-1.754585748613185	-1.530673172147744
6.46	-0.3820972314616052	-1.401463964822701	-1.430248995706843
6.462500000000001	-0.3661174105691919	-1.457755088828107	-1.321874332851952
6.465	-0.3486926915203964	-1.356305771005219	-1.207359505687586
6.467500000000001	-0.3298918417207075	-1.279362902364859	-1.088553014658951
6.470000000000001	-0.3097890595350026	-0.9763305746955301	-0.9674179520168305
6.4725	-0.2884636814604629	-0.8475115812121432	-0.846048592701038
6.475	-0.265999869021719	-0.594829054736973	-0.7265631668748915
6.477500000000001	-0.2424862766237269	-0.5991217918379562	-0.610897557406301
6.479999999999999	-0.2180157016733542	-0.3925593667325511	-0.5006039395145373
6.4825	-0.192684718350354	-0.1881335174425043	-0.3967543334882815
6.484999999999999	-0.1665932964733224	-0.1052790152828717	-0.2999717109814568
6.487500000000001	-0.1398444069643365	0.06928167059934096	-0.210537083642977
6.49	-0.1125436154698947	0.2195046561589022	-0.128505104578055
6.492500000000001	-0.08479866574146755	0.2896898648702204	-0.05378958368364428
6.494999999999999	-0.05671905442020934	0.3240228365100093	0.01378800973356611
6.4975	-0.02841559890361304	0.4781330558372828	0.07447962867491686
6.5	-3.376873298272293e-15	0.3445384462428917	0.1153316587870741
6.5025	-0.02703607971550572	0.5315215021310127	0.1367248576601601
6.504999999999999	-0.05396546037596872	0.3849697163605625	0.1507374431289541
6.5075	-0.08068186401881365	0.5890560194184344	0.1556745108414922
6.51	-0.1070798532044256	0.611448311282901	0.1498900626787591
6.512500000000001	-0.1330552471295592	0.3774878003181345	0.1317315170356806
6.515	-0.1585055327814213	0.4355385673487615	0.09956269577283411
6.517500000000002	-0.1833302695097075	0.3199574151150513	0.05189205641374529
6.52	-0.2074314854198499	0.1574630029501388	-0.01239289155752574
6.5225	-0.2307140640234825	0.02590406445459818	-0.09374902649358738
6.524999999999999	-0.2530861196196342	-0.007150019989291226	-0.1917909846145372
6.527500000000001	-0.2744593599257166	-0.1123199364981748	-0.3053021042363067
6.529999999999999	-0.2947494345267076	-0.4779835860581775	-0.4324170842624289
6.5325	-0.3138762677678388	-0.5952858233481334	-0.5708427310791235
6.534999999999998	-0.331764374776509	-0.8900969673585183	-0.7180018612183979
6.537500000000001	-0.3483431593666771	-0.9834934773896218	-0.871072406925138
6.54	-0.3635471926496687	-1.139096283440467	-1.026955582182916
6.542500000000001	-0.3773164712521915	-1.310024537863459	-1.182230211351887
6.545	-0.3895966541221687	-1.600043218085279	-1.33316932888673
6.5475	-0.4003392769881121	-1.478554142174173	-1.475904446611071
6.550000000000001	-0.4095019436253975	-1.814250428652427	-1.60674375411055
6.5525	-0.4170484931748433	-1.94477033606655	-1.72248253592796
6.554999999999999	-0.4229491428530547	-2.091660813152717	-1.820525638960304
6.557500000000001	-0.4271806054915112	-2.035970581811958	-1.898855494787717
6.56	-0.4297261814403481	-2.100274093775159	-1.955992161307981
6.562500000000001	-0.4305758244742559	-2.144426050409278	-1.990990857411588
6.565	-0.4297261814403472	-2.110733033427191	-2.003438763152542
6.567500000000002	-0.427180605491511	-2.265434322587448	-1.993433840230575
6.57	-0.4229491428530543	-2.101441559049293	-1.961567947343887
6.5725	-0.4170484931748398	-1.75162248327326	-1.908933444341778
6.574999999999999	-0.4095019436254007	-2.055744866293716	-1.837134476596543
6.5775	-0.4003392769881068	-1.803208598882034	-1.748247681606593
6.579999999999999	-0.3895966541221678	-1.633419529275424	-1.644682989169337
6.5825	-0.3773164712521846	-1.579070012958943	-1.528963915215391
6.584999999999999	-0.3635471926496742	-1.393584002406987	-1.403531384214591
6.587499999999999	-0.3483431593666759	-1.162734164026287	-1.270691612460263
6.59	-0.3317643747765154	-1.108510318764737	-1.132749969793789
6.592500000000001	-0.3138762677678373	-0.7177867348864908	-0.9922309599732764
6.595	-0.294749434526715	-0.6889982067586295	-0.8519707340861016
6.597499999999999	-0.2744593599257055	-0.2714609350145942	-0.7149309424008125
6.600000000000001	-0.2530861196196424	-0.1054838129380586	-0.5838102820308164
6.6025	-0.2307140640234808	-0.0708985859989266	-0.4606898115247682
6.604999999999999	-0.2074314854198481	0.0241036937158261	-0.3469005039219012
6.6075	-0.1833302695096945	0.01300403075612461	-0.2431247272890028
6.61	-0.1585055327814194	0.2130628143056064	-0.1496036224564174
6.612500000000001	-0.133055247129534	0.3951358765625639	-0.0663216262816381
6.615	-0.1070798532044117	0.4188558666045963	0.006879568722663224
6.617500000000001	-0.08068186401881157	0.3358484626698172	0.07024709294683594
6.62	-0.05396546037597877	0.4184337565106748	0.1241024433517545
6.6225	-0.02703607971549139	0.2452443609518098	0.1688568473904615
6.625	-1.264994896362447e-15	0.3762779439189319	0.2050543281643355
6.6275	0.02703607971550109	0.4214416701956338	0.2334338110480503
6.629999999999999	0.05396546037596412	0.2483252014679139	0.2549844746008644
6.6325	0.0806818640188211	0.2289917840780043	0.2709605000278859
6.634999999999999	0.1070798532044093	0.4300972553660382	0.2828388265778464
6.637499999999999	0.1330552471295432	0.1572060843763078	0.2922334566293067
6.640000000000001	0.1585055327814284	0.2204961810813239	0.3007948608853586
6.642500000000001	0.1833302695097033	0.2162619543038753	0.3101166362629605
6.645	0.2074314854198459	0.2758286563548006	0.3216578323722525
6.647499999999999	0.2307140640234889	0.1132715637952427	0.3366801989814244
6.65	0.2530861196196403	0.2393013144171395	0.3561969248973773
6.6525	0.274459359925713	0.04101463388772651	0.3809306929953182
6.654999999999998	0.2947494345267042	0.07601502784668616	0.4112816736031672
6.6575	0.3138762677678439	0.2793542198042321	0.4473088200525429
6.66	0.3317643747765217	0.425933288157702	0.4887291720084548
6.662500000000001	0.3483431593666816	0.4224743495040124	0.534938769986461
6.665	0.3635471926496728	0.566071961840128	0.5850551415511295
6.6675	0.3773164712521893	0.4662069958939893	0.6379764437248402
6.67	0.3895966541221668	0.5399175023270945	0.6924485211692252
6.6725	0.4003392769881104	0.7664075592950437	0.7471304358018462
6.675	0.4095019436253999	0.7541022740776171	0.8006521208004158
6.677499999999999	0.4170484931748422	0.9677829506203874	0.8516633510527031
6.68	0.4229491428530538	0.8227845521350784	0.8988779205913713
6.6825	0.4271806054915122	1.073785289045097	0.9411172692241736
6.684999999999999	0.429726181440347	1.3706182823166	0.9773533007364301
6.6875	0.4305758244742559	1.302089583887075	1.006744669953881
6.69	0.4297261814403475	1.362720975683608	1.028659302634835
6.692500000000001	0.42718060549151	1.26388097988438	1.042679602054474
6.695	0.4229491428530552	1.304219991799674	1.048592672229189
6.6975	0.4170484931748409	1.27089961980175	1.046371930319747
6.7	0.4095019436254021	1.199327015501598	1.036156825926799
6.702500000000001	0.4003392769881085	1.073657414719126	1.018234935656991
6.704999999999998	0.3895966541221698	0.901780299263	0.9930275004348442
6.7075	0.3773164712521869	1.074210582796103	0.9610769109022359
6.710000000000001	0.3635471926496635	0.8607765766142438	0.9230331647500345
6.712500000000001	0.3483431593666715	0.6232650673021989	0.879636099635426
6.715	0.3317643747765184	0.6415260471099319	0.83169137358361
6.717500000000001	0.3138762677678321	0.5103630007542064	0.7800403540429466
6.720000000000001	0.2947494345267094	0.3051384006154327	0.7255263008790298
6.7225	0.2744593599257091	0.3762630225303435	0.6689604671993709
6.725	0.2530861196196462	0.3948790677316699	0.6110916052235812
6.727499999999999	0.2307140640234743	0.1732534127256664	0.552581199127219
6.73	0.2074314854198522	0.07456231400587518	0.493985243219688
6.7325	0.1833302695096987	-0.002431906057606896	0.4357421404280215
6.734999999999999	0.158505532781435	0.05690113699903052	0.3781656274184884
6.7375	0.13305524712955	-0.1359225953418511	0.3214415904427518
6.74	0.1070798532044162	-0.03316998376388151	0.2656280889690367
6.742500000000001	0.08068186401880412	0.006086035817670365	0.2106585899675835
6.745	0.05396546037597123	-0.08490938617059376	0.1563489883511748
6.7475	0.02703607971549603	-0.06296332813466458	0.1024091293940118
6.75	-9.369105853571283e-15	-0.1391650792806382	0.0646025164719118
6.7525	0.04288298015680429	-0.0216808886024932	0.04331550676187153
6.754999999999999	0.08559672078227043	0.06680006593105721	0.02401157932432598
6.757499999999999	0.1279726502562502	-0.1029532261480579	0.0105545588464932
6.760000000000001	0.16984353014483	-0.0232450060614828	0.006432631775869604
6.762500000000001	0.211044115214037	0.1034758512991662	0.01467818223847593
6.765	0.251411805577361	0.07480783112330486	0.03779428385137959
6.767500000000001	0.290787288403218	0.2495006982956776	0.07764332992172077
6.77	0.3290151666498227	0.379557447294095	0.1352775973051436
6.7725	0.365944572346392	0.3765352808630753	0.2107350119432256
6.775	0.4014297620000666	0.5029343433670012	0.3028863187984215
6.7775	0.4353306917789715	0.7254804125312222	0.4094608873111661
6.779999999999999	0.4675135702010698	0.7026957437703795	0.5273212594954946
6.782500000000001	0.4978513861482327	0.8647467548564464	0.6529105284059975
6.784999999999998	0.5262244101209191	1.121331953412553	0.7826831060137777
6.7875	0.5525206667559479	1.109605442723211	0.9132969150837371
6.790000000000001	0.57663637674196	1.24922670145544	1.041360834925196
6.792500000000001	0.5984763663890732	1.315614447717655	1.162796670092175
6.795	0.6179544432358841	1.311261950418122	1.272550529761649
6.797499999999999	0.6349937362117899	1.46417147821933	1.365495212909136
6.800000000000001	0.6495269990118965	1.756114778163798	1.437909879532418
6.8025	0.6614968754875694	1.514678888126836	1.487979066976095
6.804999999999999	0.6708561260048684	1.604936405924312	1.515130196088878
6.807499999999999	0.6775678138778367	1.435132993916088	1.519381830596987
6.81	0.681605451140718	1.589690241068906	1.501416961406474
6.812500000000002	0.6829531030838569	1.446940888507399	1.463031992027732
6.815	0.6816054511407172	1.270106314264271	1.407349459337229
6.817500000000001	0.6775678138778352	1.340417504911204	1.338577365997377
6.82	0.6708561260048698	1.198711152173191	1.26146163577254
6.8225	0.6614968754875663	1.022484476147717	1.180692598582104
6.825	0.6495269990118985	0.9604041412249574	1.100463027341047
6.8275	0.6349937362117851	0.9447391877489741	1.02423706039134
6.829999999999999	0.6179544432358952	0.7399529048544933	0.9546844147734993
6.8325	0.5984763663890671	0.7388427933267132	0.8937081754149202
6.834999999999999	0.5766363767419637	0.6196578447020344	0.8425115829909308
6.837499999999999	0.5525206667559518	0.6951535768915432	0.8016684345334364
6.840000000000001	0.5262244101209235	0.8760619242295488	0.7711747387850338
6.842500000000001	0.4978513861482239	0.839811240806739	0.7504748252838109
6.845	0.4675135702010746	0.7467896064386004	0.7384772813700878
6.8475	0.4353306917789468	0.9569143416014549	0.7335951919840484
6.850000000000001	0.401429762000072	0.9507638564647967	0.733842907692099
6.8525	0.3659445723463812	0.8509452251877156	0.7369901006107
6.854999999999999	0.3290151666498285	0.7134027730795153	0.7407332468026416
6.8575	0.2907872884032064	0.9759327449036377	0.7428302734370588
6.86	0.2514118055773492	0.9552190202326425	0.7411670694241455
6.862500000000002	0.2110441152140065	0.9776132309612668	0.7337589789276292
6.865	0.1698435301447989	0.9941802510514942	0.7187076266316953
6.867500000000001	0.1279726502562377	0.8240189353007961	0.6941317255711091
6.870000000000001	0.08559672078227708	0.7276769977378124	0.6580852928703075
6.8725	0.04288298015679159	0.7680838406344509	0.6084808626416921
6.875	-2.678940669789114e-15	0.6374014795761751	0.5430601377323567
6.8775	-0.04288298015679694	0.4467794446106237	0.4595077550083785
6.879999999999998	-0.08559672078226312	0.4139119462374174	0.3558317570283031
6.8825	-0.1279726502562621	0.3346603819124176	0.230972308825531
6.884999999999999	-0.1698435301448041	0.02249005818862262	0.08525841348697721
6.887499999999999	-0.2110441152140116	-0.3042726613506759	-0.0796791026295745
6.89	-0.2514118055773542	-0.3981468562925369	-0.2614210458521549
6.892500000000002	-0.2907872884032289	-0.65410387024849	-0.4572557563686988
6.895	-0.3290151666498162	-0.7579008791982637	-0.6644038256148096
6.8975	-0.3659445723463858	-1.166054501195571	-0.8799981831189956
6.899999999999999	-0.4014297620000764	-1.304710832560346	-1.10092989818271
6.9025	-0.4353306917789659	-1.409495202983867	-1.323637149259045
6.904999999999999	-0.4675135702010644	-1.592275796387329	-1.543922757391079
6.9075	-0.4978513861482277	-1.989637293944713	-1.756996250888073
6.909999999999999	-0.5262244101209392	-2.117190016590903	-1.957922017585822
6.912500000000001	-0.552520666755955	-2.037115002264957	-2.142174409381264
6.915	-0.5766363767419561	-2.323394235281635	-2.30577383008978
6.9175	-0.598476366389079	-2.437706497029776	-2.445212426738177
6.92	-0.6179544432358892	-2.62653998738342	-2.557641504994623
6.9225	-0.6349937362117871	-2.637576054375761	-2.641198801319715
6.925	-0.6495269990118943	-2.496806025734919	-2.695119777168618
6.9275	-0.6614968754875724	-2.682861274775257	-2.719552211638327
6.929999999999998	-0.6708561260048671	-2.220355156416759	-2.715257136832665
6.9325	-0.6775678138778358	-2.393248346368599	-2.683409619483627
6.934999999999999	-0.6816054511407164	-2.408552433630436	-2.625589848470345
6.9375	-0.6829531030838569	-2.390573123750937	-2.543906414020643
6.94	-0.6816054511407178	-2.266376169345448	-2.441093388903631
6.942500000000002	-0.6775678138778336	-1.920156581104551	-2.32042297315296
6.945	-0.6708561260048675	-1.952998269526957	-2.185407713961503
6.9475	-0.6614968754875681	-1.846796006564637	-2.039446451417286
6.949999999999999	-0.6495269990119008	-1.847377934679326	-1.885619097061423
6.952500000000001	-0.6349937362117808	-1.571617640565547	-1.726725019178543
6.954999999999999	-0.61795444323589	-1.248619571459044	-1.565507568476796
6.9575	-0.5984763663890706	-1.100404800454371	-1.404894215365664
6.959999999999999	-0.5766363767419468	-1.069721957502299	-1.248074134442984
6.962500000000001	-0.5525206667559333	-0.9049304308258928	-1.098365254784333
6.965	-0.5262244101209282	-0.7729457182373345	-0.9589432068963687
6.967500000000001	-0.497851386148229	-0.6718896781054937	-0.8324882521721371
6.97	-0.4675135702010658	-0.6160538973076513	-0.720808657691541
6.9725	-0.4353306917789524	-0.5145576713697785	-0.6246202980177312
6.975	-0.401429762000078	-0.4335970578222504	-0.5436386746421148
6.9775	-0.3659445723463711	-0.6239002058283238	-0.4768894718414904
6.979999999999999	-0.3290151666498179	-0.5449023659919778	-0.4230182821613721
6.9825	-0.2907872884032132	-0.4993766690952423	-0.3804825665032271
6.984999999999999	-0.2514118055773741	-0.4702786552260786	-0.3476223129234468
6.9875	-0.2110441152140135	-0.5992407575424622	-0.3226434246848958
6.989999999999999	-0.169843530144806	-0.538744605753932	-0.3035583416339582
6.992500000000001	-0.127972650256245	-0.4453737961072977	-0.2881365753129614
6.995	-0.08559672078228436	-0.3703479735035461	-0.2739123921759229
6.9975	-0.04288298015677957	-0.3991666168501051	-0.2582691339010911
7.0	-9.624156732291987e-16	-0.4114790869136564	-0.2479368831249513
7.0025	0.008811663109618612	-0.5778789147449201	-0.2408343546146458
7.004999999999999	0.01758855061061046	-0.269680200803095	-0.2267701016390642
7.0075	0.02629602413778666	-0.1931978533501519	-0.2058427620374369
7.01	0.03489971927120169	-0.1960373990050099	-0.1783923851120547
7.012500000000001	0.04336568115682216	-0.2307116473491168	-0.1449817220108144
7.015000000000001	0.05166049851080426	-0.1424465509093215	-0.1063686837803942
7.017500000000001	0.05975143547860474	-0.1953496240100377	-0.06346995062672628
7.02	0.06760656082840193	-0.03405521084721423	-0.01731673069148164
7.022500000000001	0.075194873969116	0.02505107553520892	0.03099422186902656
7.025	0.08248642729553744	0.1129260612756171	0.080349321154767
7.0275	0.08945244437789074	0.2617202715073843	0.1296612815258703
7.029999999999998	0.09606543352921607	0.3486277542090045	0.1779029696565903
7.032500000000001	0.1022992963025292	0.3875171789176224	0.224130978631345
7.034999999999999	0.1081294304894337	0.4609573690978783	0.267500447506281
7.0375	0.1135328272138369	0.671202716366403	0.3072740933302649
7.039999999999999	0.1184881617374441	0.6569482893650289	0.3428285430312828
7.042500000000001	0.1229758776187632	0.8010697739398613	0.3736601253467172
7.045	0.1269782638934537	0.6329042739023675	0.399390822040228
7.047499999999999	0.1304795249714107	0.7052711115449459	0.4197736251147807
7.05	0.1334658429747273	0.6549643614399508	0.4346955946846678
7.0525	0.1359254322705677	0.5139731853918277	0.444176822510159
7.054999999999999	0.1378485859836585	0.5352723649205837	0.4483643096506666
7.0575	0.1392277143049017	0.5361528767603083	0.4475210214950827
7.06	0.1400573744448749	0.5345122339896102	0.4420113912774509
7.062500000000002	0.140334292114042	0.3649184548979472	0.4322848341368369
7.065	0.1400573744448746	0.5018382251839707	0.4188584583337039
7.067500000000001	0.1392277143049011	0.3866999679875238	0.4022995361357175
7.069999999999999	0.1378485859836591	0.3038817659982617	0.3832078358591523
7.072500000000001	0.1359254322705675	0.4641301564701371	0.3621977846134458
7.075	0.1334658429747271	0.3717429059761584	0.3398805570448359
7.0775	0.130479524971409	0.1311182234621827	0.3168464022491359
7.079999999999998	0.1269782638934551	0.08588728930780772	0.2936476962887226
7.0825	0.122975877618761	0.1841260807529046	0.2707832922496323
7.084999999999999	0.1184881617374438	-0.08615262445677037	0.2486847497955762
7.0875	0.1135328272138389	0.1038703072417228	0.2277049984682667
7.09	0.1081294304894359	0.03655710599712696	0.2081099439227617
7.092500000000001	0.1022992963025261	-0.09684536202442762	0.1900734553020984
7.095000000000001	0.09606543352921858	-0.003547991058511661	0.1736760488268421
7.0975	0.08945244437789032	-0.1522861806144418	0.1589073875316661
7.1	0.08248642729554022	-0.0933735654510689	0.1456724574970629
7.102500000000001	0.07519487396911217	-0.1526971615488697	0.1338009970793503
7.104999999999999	0.06760656082840492	0.04551715382780151	0.1230595064392299
7.1075	0.05975143547860425	0.1524948652919	0.1131650035176331
7.109999999999999	0.05166049851080003	-0.045294157804931	0.1037996471685293
7.112500000000002	0.04336568115681406	0.03650579531070328	0.09462541379526562
7.115	0.03489971927120115	0.1093192389865827	0.08529816079009046
7.117500000000001	0.0262960241377822	0.1737404568736256	0.07548059729897709
7.119999999999999	0.01758855061060992	0.42835801161878	0.06485387092112788
7.1225	0.00881166310961806	0.1182272002619867	0.05312763820524102
7.125	2.475304344989033e-15	0.3502810216226253	0.04004860026187577
7.1275	-0.00881166310962108	0.4067058773176205	0.02540754783222216
7.129999999999999	-0.01758855061060896	0.3604784093465209	0.00904497819825462
7.1325	-0.02629602413778517	0.2233480386217465	-0.009144668060783987
7.134999999999999	-0.03489971927119636	0.3468526513530655	-0.02921013290536014
7.1375	-0.04336568115681693	0.2380648261637402	-0.05114184141158937
7.14	-0.05166049851080285	0.0162421071772659	-0.07487180418034439
7.142500000000002	-0.05975143547860699	0.1791525190867845	-0.1002749404254845
7.145	-0.06760656082840409	0.01023667580417326	-0.1271718080418047
7.1475	-0.07519487396911473	-0.0843015469590424	-0.1553326764644486
7.149999999999999	-0.08248642729553621	-0.1409000004705748	-0.1844828215391386
7.152500000000001	-0.08945244437789264	-0.0362783988598219	-0.2143088725070592
7.154999999999999	-0.09606543352921788	-0.1207107708020388	-0.2444660104313716
7.1575	-0.1022992963025282	-0.3057695423099493	-0.2745858095381506
7.16	-0.1081294304894378	-0.2556065697520684	-0.3042845249644799
7.162500000000001	-0.1135328272138407	-0.3568104403824775	-0.3331716529800758
7.165	-0.1184881617374433	-0.3101944440397585	-0.3608586106970778
7.167500000000001	-0.1229758776187625	-0.5598841702001096	-0.3869673908125127
7.17	-0.1269782638934547	-0.5067605930552024	-0.4111390372896294
7.1725	-0.1304795249714101	-0.7538596718862851	-0.4330417614801508
7.175000000000001	-0.1334658429747268	-0.4782070955667594	-0.4523784835639114
7.1775	-0.1359254322705683	-0.4913190624181165	-0.4688935548464659
7.179999999999999	-0.1378485859836589	-0.8666191760009816	-0.4823784069015956
7.182500000000001	-0.1392277143049015	-0.8521791316255863	-0.4926758944977773
7.184999999999999	-0.1400573744448745	-0.7817456001709294	-0.4996831536325456
7.1875	-0.140334292114042	-0.6160256735362099	-0.5033528773091199
7.19	-0.1400573744448747	-0.8618360994641238	-0.5036930055932306
7.192500000000002	-0.1392277143049013	-0.5942264366030918	-0.5007649152975221
7.195	-0.1378485859836594	-0.8698956925937401	-0.494680262934028
7.1975	-0.1359254322705669	-0.6798913391180436	-0.4855966738502115
7.199999999999999	-0.1334658429747275	-0.8054052243877209	-0.4737124811915119
7.2025	-0.1304795249714095	-0.5140561486707054	-0.459260708896864
7.204999999999999	-0.126978263893454	-0.6298417472154668	-0.4425024760250096
7.2075	-0.1229758776187617	-0.3540193704135122	-0.423719987489247
7.21	-0.1184881617374425	-0.4375105063521719	-0.4032092759721078
7.212500000000002	-0.1135328272138351	-0.3113437458028197	-0.3812728712806009
7.215	-0.1081294304894343	-0.403528352114163	-0.3582125897903648
7.217500000000001	-0.1022992963025272	-0.2878394964688145	-0.3343226475692252
7.22	-0.09606543352921969	-0.3313784313428065	-0.309883297156232
7.222499999999999	-0.08945244437788841	-0.1491631481966072	-0.2851551658211425
7.225000000000001	-0.08248642729553822	-0.02963880114130614	-0.2603744350358166
7.2275	-0.07519487396911345	-0.08610079325735359	-0.2357489545788793
7.229999999999999	-0.06760656082840626	0.1631050378703239	-0.2114553397094317
7.2325	-0.059751435478602	0.05445367769519912	-0.1876370639664851
7.234999999999999	-0.05166049851080515	0.009371741658426483	-0.1644035370361575
7.2375	-0.04336568115681928	-0.04573793616188646	-0.1418301457142377
7.24	-0.03489971927119875	0.06063897829220385	-0.1199592315256866
7.242500000000001	-0.02629602413778368	0.2410980658927934	-0.09880197457163248
7.245	-0.01758855061061142	0.01423185633834861	-0.07834114367957357
7.2475	-0.00881166310961559	0.09719048916067828	-0.05853465424404487
7.25	-2.053690491444286e-18	0.2234553284305635	-0.05425827468300083
7.2525	-0.05208252297719358	0.189707268640042	-0.06541163411885628
7.254999999999999	-0.1039595000304142	0.09607999505250518	-0.07911833831350859
7.2575	-0.1554261964316392	-0.02635954353438447	-0.09880851662499458
7.26	-0.2062794966429999	0.04404487930939595	-0.1279528234513813
7.262500000000001	-0.2563187059212483	-0.1264924217433394	-0.1704382453557357
7.265000000000001	-0.3053463423681034	-0.1638449631211019	-0.2307260906324798
7.267500000000001	-0.3531689163011059	-0.2157890333234844	-0.3132469680976817
7.27	-0.3995976938689774	-0.4600091247399923	-0.4209817538003738
7.272499999999999	-0.4444494418979902	-0.3791851901036929	-0.5544055104805378
7.275	-0.4875471510294672	-0.497880752197406	-0.7116967843749414
7.2775	-0.5287207342949365	-0.9388010966196962	-0.8896021705112648
7.279999999999998	-0.5678076983716535	-1.058865524285761	-1.08417822069192
7.2825	-0.6046537848695938	-1.282708469442666	-1.291226066730276
7.284999999999999	-0.6391135791186592	-1.331983911847628	-1.506461991495255
7.2875	-0.6710510840541797	-1.556229580734013	-1.725511693609637
7.29	-0.7003402569350164	-1.861248915184738	-1.943873534299396
7.2925	-0.7268655067767706	-1.875027391203623	-2.156979273786503
7.295	-0.7505221505365167	-2.032585240387633	-2.360288598947743
7.2975	-0.7712168262490614	-2.502959245659107	-2.549212159608993
7.3	-0.788867861483854	-2.534175677723721	-2.718920806350146
7.302499999999999	-0.8034055956688138	-2.545572744548283	-2.864401395649633
7.305	-0.814772655008767	-2.815510377710816	-2.980931021374077
7.3075	-0.8229241789136249	-3.061183405157333	-3.064751382929262
7.31	-0.8278279970426075	-3.054377086833655	-3.113579582415666
7.312500000000001	-0.8294647562658966	-3.071631180775351	-3.12671943934649
7.315	-0.8278279970426065	-3.139310634995888	-3.104800123745522
7.317500000000001	-0.822924178913623	-2.894331670078278	-3.049420390851008
7.32	-0.8147726550087687	-2.847460963016526	-2.962992214392047
7.3225	-0.8034055956688101	-2.820244128801912	-2.848779335029519
7.325	-0.7888678614838568	-2.684307677109846	-2.710835286216415
7.327500000000001	-0.7712168262490561	-2.494611338493679	-2.553615852189151
7.329999999999998	-0.7505221505365205	-2.371556506540726	-2.381398156603985
7.3325	-0.7268655067767636	-2.212914261274713	-2.197851403987686
7.334999999999999	-0.7003402569350339	-1.996075822797456	-2.005977003692719
7.3375	-0.6710510840541849	-1.938263281227237	-1.808409341813361
7.34	-0.6391135791186648	-1.685381101045464	-1.607892123599968
7.342500000000001	-0.6046537848695676	-1.408386064192639	-1.40761838859154
7.345000000000001	-0.56780769837166	-1.1230082298715	-1.211215646452823
7.3475	-0.5287207342949253	-1.146339872192944	-1.0224835415625
7.35	-0.4875471510294743	-0.8683960084054048	-0.8451130412946115
7.352499999999999	-0.4444494418979778	-0.6423441268252228	-0.6823519884378586
7.355	-0.3995976938689852	-0.4671084936687582	-0.5364636059729984
7.3575	-0.3531689163010927	-0.3169913711591376	-0.4082462578630484
7.359999999999999	-0.3053463423680678	-0.1358195542065537	-0.297103297617803
7.362500000000001	-0.256318705921212	-0.1407526833245649	-0.2015751225918681
7.365	-0.2062794966429857	-0.2293725659863275	-0.1198556119350541
7.367500000000001	-0.1554261964316248	-0.04964419625584149	-0.05008352966235484
7.37	-0.103959500030423	-0.000439211511049864	0.009541385151434344
7.3725	-0.05208252297717898	0.1263868711971579	0.06075893151646181
7.375	-8.940078802391535e-15	0.2877490660445316	0.1053417235203173
7.3775	0.05208252297720819	0.1824425326377559	0.145227437627602
7.379999999999999	0.1039595000304287	0.2615987992612848	0.18259552135014
7.382499999999999	0.1554261964316304	0.3260891796492997	0.2198228625090496
7.385	0.2062794966429684	0.3173137476667579	0.2593383324700435
7.3875	0.2563187059212398	0.3664468342178989	0.303446366566153
7.39	0.305346342368095	0.3639660383565808	0.3541687738505016
7.392500000000001	0.3531689163010978	0.3442267737631636	0.413110479238089
7.395	0.3995976938689695	0.9008559268819869	0.4813363553287779
7.3975	0.4444494418980025	0.6751088441654682	0.5592598508883655
7.4	0.4875471510294598	0.5896141119774588	0.6465719720415809
7.4025	0.5287207342949297	0.9343781938533262	0.7422531282355196
7.404999999999999	0.5678076983716641	0.836670976315272	0.8446876282315519
7.407500000000001	0.6046537848695875	0.8965616510057806	0.9518399439305181
7.41	0.6391135791186685	1.165274076659195	1.061362386795021
7.412500000000001	0.671051084054202	1.344559252637691	1.170426519115878
7.415000000000001	0.7003402569350243	1.344795907543293	1.275260324956226
7.417500000000001	0.7268655067767664	1.326154657765943	1.371039171339391
7.42	0.7505221505365129	1.608871577444003	1.452795344075566
7.422499999999999	0.7712168262490668	1.438167171843678	1.5166359780168
7.425000000000001	0.7888678614838512	1.727461048780356	1.560168829202416
7.4275	0.8034055956688115	1.549685895192286	1.582209025154108
7.429999999999999	0.8147726550087654	1.566272643876061	1.582490924964596
7.432499999999999	0.8229241789136267	1.635473827324391	1.561790415322719
7.435	0.8278279970426053	1.597070092414777	1.522320700674018
7.4375	0.8294647562658966	1.381459147002549	1.467920787176394
7.44	0.8278279970426056	1.588354794767981	1.403644947884289
7.442500000000001	0.8229241789136242	1.228474163257994	1.33490697450857
7.445	0.8147726550087704	1.288753353458607	1.266684615444531
7.4475	0.8034055956688064	1.279430390848191	1.203072636377422
7.45	0.7888678614838522	1.279604754118843	1.147140886471169
7.4525	0.7712168262490594	1.196481561238704	1.100949418789191
7.454999999999999	0.7505221505365244	1.200727414680532	1.065614797844572
7.4575	0.7268655067767565	1.158616077209602	1.041379679144596
7.46	0.7003402569350133	1.053200492816791	1.027678048614924
7.4625	0.6710510840541762	1.00487918132959	1.023215732069031
7.465000000000001	0.6391135791186556	1.239421667025363	1.026094960742363
7.467500000000001	0.6046537848695737	0.9522809352066802	1.033993706768265
7.47	0.5678076983716666	1.168057689506951	1.044375956137709
7.4725	0.5287207342949322	1.125848925521683	1.054686840213165
7.475000000000001	0.4875471510294626	1.174852448513608	1.062494148646417
7.4775	0.4444494418979854	1.116368520173565	1.065563330532849
7.479999999999999	0.399597693868993	1.26188440082832	1.061870262783947
7.4825	0.3531689163010794	0.866270320979575	1.049557440882753
7.484999999999999	0.3053463423680981	1.066918768762368	1.026841274065729
7.487500000000001	0.2563187059212429	0.9767005333350219	0.9918897824131264
7.49	0.2062794966429943	0.945283775557319	0.9427021352292483
7.492500000000001	0.1554261964316104	1.039105528725863	0.8770289664186874
7.495000000000001	0.1039595000304319	0.7312142029049759	0.7923935599692088
7.4975	0.0520825229771879	0.5702792016801863	0.6863373755681597
7.5	-1.771921941697707e-14	0.4971485475176816	0.5853890021707472
7.5025	0.05160780382158976	0.1626948472371146	0.493671638336306
7.504999999999998	0.1030119352188297	0.01955708153759647	0.3916560132811314
7.5075	0.1540095255694609	0.02968361270476423	0.2865950646786402
7.51	0.2043993106829514	-0.1078861415582761	0.1850954796656187
7.512500000000001	0.2539824250983158	-0.3515778469227474	0.09311672290345718
7.515	0.302563186915328	-0.4415839131885811	0.01595852279701193
7.517500000000002	0.3499498700616003	-0.5410025061777014	-0.04159591388857845
7.52	0.395955460947585	-0.6246721288483167	-0.07493262446837531
7.5225	0.4403983965240738	-0.5544720214980943	-0.07933903525778933
7.524999999999999	0.483103280828352	-0.6585344234174028	-0.05031375518776172
7.5275	0.523901577192133	-0.4550844491222215	0.01519946754914468
7.529999999999999	0.562632273378564	-0.206403842012832	0.1170986396916998
7.5325	0.5991425170242232	-0.2101984886798497	0.2514208664765562
7.534999999999998	0.6332882188773516	0.06667087250476826	0.4112998475033127
7.537500000000001	0.6649346214524673	0.2605954712873517	0.5886873812110659
7.54	0.6939568308564273	0.5038913920909552	0.7763265187174444
7.5425	0.7202403096877269	0.6928500417802863	0.9696418881101152
7.545	0.7436813290631643	1.223747986948902	1.165794013118854
7.5475	0.7641873779884816	1.470977839292029	1.356242040313273
7.55	0.7816775284568747	1.493750041703424	1.525280131169134
7.5525	0.7960827548349559	1.904243257005158	1.659495471228515
7.554999999999998	0.8073462062753072	1.944709952234911	1.753534198633081
7.5575	0.8154234310808922	1.995142755729694	1.808347762166479
7.56	0.820282552135532	1.882984962360884	1.82497418815263
7.562500000000001	0.8219043927083407	1.996886975512363	1.801923640775385
7.565	0.8202825521355304	1.945480061521046	1.73824825121948
7.567500000000002	0.815423431080892	1.662660202002378	1.638123373347172
7.57	0.8073462062753067	1.344247093038502	1.512095366055488
7.5725	0.7960827548349495	1.138269853158427	1.37306770713288
7.574999999999999	0.7816775284568811	0.8429352515859081	1.23213336197468
7.577500000000001	0.7641873779884721	0.6242296348247054	1.097488867092824
7.579999999999999	0.7436813290631633	0.518703267467379	0.9749080513226929
7.5825	0.7202403096877145	0.3790328941958956	0.8683293079333271
7.584999999999998	0.6939568308564386	0.1896005912877907	0.780242228705865
7.5875	0.6649346214524658	0.1106890540228364	0.7119765596586363
7.59	0.6332882188773651	0.1322175366052958	0.6639647497221357
7.592500000000001	0.5991425170242215	0.03403349679767087	0.6359230745676957
7.595	0.5626322733785792	-0.07640959456381949	0.6268256692901657
7.5975	0.5239015771921132	0.05594343626276078	0.6346433304542584
7.6	0.4831032808283689	0.2847841004492884	0.656102568990636
7.6025	0.4403983965240718	0.3374352003279653	0.6868764575927044
7.604999999999999	0.3959554609475829	0.532286038691917	0.722271530786962
7.6075	0.349949870061577	0.4764749494239306	0.757949082760388
7.61	0.3025631869153257	0.6669580996142486	0.7902241848698954
7.612500000000001	0.253982425098269	0.7868485148262991	0.8159609667832436
7.614999999999999	0.2043993106829264	1.086105361463228	0.8323528682683021
7.617500000000001	0.1540095255694585	1.155427978659124	0.8366985113152953
7.62	0.1030119352188505	1.051566369626224	0.8260883351974414
7.6225	0.05160780382156404	1.226196373499012	0.7969252696954747
7.625	3.219918782144913e-15	1.2366860223175	0.7443119552780387
7.6275	-0.05160780382158092	1.137826644767155	0.661918668405616
7.629999999999999	-0.1030119352188209	0.9412061013677896	0.5439780887700302
7.6325	-0.1540095255694751	0.7645493675027316	0.3890341741030847
7.634999999999998	-0.2043993106829202	0.7030756893282093	0.2008948688248247
7.6375	-0.2539824250982851	0.2690142783074459	-0.01402846193979712
7.640000000000001	-0.3025631869153415	0.2489828714323984	-0.2493740353126598
7.642500000000001	-0.3499498700615923	-0.0882279207582238	-0.4998926602669002
7.645	-0.3959554609475773	-0.4483354426378639	-0.7614079110936425
7.647500000000001	-0.4403983965240861	-0.9813829673469412	-1.030393422913235
7.65	-0.4831032808283637	-1.075908101132878	-1.303493801462052
7.6525	-0.5239015771921262	-1.597943240686183	-1.577025079138182
7.654999999999998	-0.5626322733785576	-1.92917732591052	-1.846496411258297
7.657500000000001	-0.599142517024233	-2.345774618137262	-2.106473213061038
7.66	-0.6332882188773759	-2.762551822396017	-2.351124165718836
7.662500000000001	-0.6649346214524757	-3.090493903681527	-2.574768412451219
7.664999999999999	-0.6939568308564351	-3.292608429825117	-2.771648034132575
7.667500000000001	-0.7202403096877226	-3.254575478030651	-2.935973931388066
7.67	-0.7436813290631605	-3.555166532699209	-3.062975374648338
7.672499999999999	-0.7641873779884784	-3.487656081874045	-3.149994248032285
7.675	-0.7816775284568791	-3.706464854507757	-3.19664647776531
7.6775	-0.7960827548349538	-3.718303431147412	-3.204162487504755
7.680000000000001	-0.80734620627531	-3.386488034719939	-3.174628495980904
7.682500000000001	-0.815423431080897	-3.533727092755695	-3.110645560657728
7.685	-0.8202825521355315	-3.413116060046558	-3.015448159598173
7.687500000000002	-0.8219043927083407	-3.297892636867233	-2.893134169828156
7.69	-0.8202825521355309	-3.025706058957732	-2.748548222009827
7.692500000000001	-0.8154234310808901	-2.684200342811836	-2.586693487826244
7.694999999999999	-0.8073462062753084	-2.735618129158912	-2.412059713109173
7.697500000000001	-0.7960827548349518	-2.108955802302292	-2.228324890877118
7.7	-0.7816775284568767	-1.942980273898908	-2.038540063606134
7.7025	-0.7641873779884754	-1.507677141978233	-1.845613392747373
7.704999999999998	-0.7436813290631671	-1.302642799872192	-1.652763133800687
7.7075	-0.7202403096877188	-1.10703154895752	-1.463661987733534
7.71	-0.6939568308564182	-0.8284965097597087	-1.282310394555108
7.712500000000001	-0.6649346214524573	-0.6919332390481314	-1.112857784638943
7.715	-0.6332882188773707	-0.528886551718256	-0.9593425302818028
7.717500000000001	-0.5991425170242116	-0.3081446232889488	-0.8251306940205749
7.720000000000001	-0.5626322733785688	-0.1858468507221556	-0.7121871075889977
7.7225	-0.5239015771921199	0.06489459759826341	-0.6207567184369911
7.725	-0.4831032808283761	-0.1338114282510453	-0.5497046442765429
7.727500000000001	-0.4403983965240595	0.02285343344788376	-0.4970906846202998
7.730000000000001	-0.3959554609475702	-0.171892879378517	-0.4605949477595281
7.732500000000001	-0.3499498700615427	0.04764664351930789	-0.4377500912586632
7.734999999999999	-0.3025631869153123	-0.2965040681117982	-0.425994063815655
7.737500000000002	-0.2539824250982775	-0.07184463942739724	-0.422574429798994
7.74	-0.204399310682935	-0.138787625767865	-0.4244119641092227
7.742500000000001	-0.1540095255694443	-0.320612085981192	-0.4280415804690686
7.744999999999999	-0.1030119352188361	-0.6157208233613963	-0.4296978979056778
7.7475	-0.05160780382157288	-0.6711779871066755	-0.4255368766596603
7.75	1.103663868609669e-15	-0.7614321332392315	-0.4281823059008761
7.7525	-0.004714825681493475	-0.8081259272937732	-0.4350967890188379
7.754999999999999	-0.00941104410001791	-0.8374298524077953	-0.4298677217376123
7.7575	-0.01407012142697877	-0.9214316967340062	-0.4136359476186304
7.76	-0.01867367041269645	-0.7438299815812486	-0.3878496763096236
7.762500000000001	-0.02320352295248162	-0.7478594338176131	-0.3541692259738913
7.765	-0.02764180178785264	-0.8328637837566151	-0.3143930106079796
7.767500000000002	-0.03197099105990703	-0.7969290874248139	-0.2703889688713216
7.77	-0.03617400543640441	-0.663070217248921	-0.2240202465603278
7.7725	-0.04023425753977537	-0.6595467556727665	-0.1770690426232547
7.774999999999999	-0.0441357234099189	-0.5044329652049165	-0.1311724783017268
7.777500000000001	-0.04786300574346094	-0.5148038328762123	-0.08778232318090154
7.780000000000001	-0.05140139465985914	-0.566195740958297	-0.04815088106897802
7.782500000000001	-0.05473692575459832	-0.3891685824718557	-0.01333642895224176
7.785	-0.05785643521030541	-0.2570679511422029	0.01578229017693283
7.787500000000001	-0.06074761174833111	0.1575506912555198	0.03849235498163128
7.79	-0.06339904521572752	0.1137932812541475	0.05424074473933921
7.792500000000001	-0.06580027161592732	0.2885688536625037	0.06263977645776782
7.795	-0.06794181440534273	0.2488879625721564	0.06348353336428471
7.7975	-0.06981522189296452	0.2046278609566024	0.05677058462622688
7.800000000000001	-0.0714131005953141	0.3202765944299908	0.04272486716152332
7.8025	-0.07272914441515702	0.2790278850879764	0.02180600351330106
7.804999999999999	-0.07375815952877877	0.5082686792054499	-0.005296768946703768
7.807500000000001	-0.07449608488363821	0.4732719008501092	-0.03768795303777997
7.81	-0.0749400082254857	0.2509980069119734	-0.07430280661308351
7.812500000000001	-0.07508817759170028	0.3864098496834206	-0.1139519827800795
7.815	-0.07494000822548563	0.3982101651835606	-0.1553678066325041
7.817500000000002	-0.07449608488363806	0.2363081409253318	-0.1972480394183063
7.82	-0.07375815952877894	0.1713669271082286	-0.23829550424013
7.8225	-0.07272914441515671	-0.0297931460674459	-0.2772540800353198
7.824999999999999	-0.07141310059531437	-0.1017131788138606	-0.3129426249088224
7.8275	-0.06981522189296406	-0.1289483499790574	-0.3442881827241263
7.830000000000002	-0.0679418144053422	-0.4059339348319997	-0.3703586057292034
7.832500000000001	-0.06580027161592568	-0.2530979978144107	-0.3903930499203101
7.835	-0.06339904521572684	-0.6024373987012084	-0.4038274202414812
7.837500000000002	-0.06074761174832786	-0.5428347286589783	-0.4103114852442472
7.84	-0.05785643521030461	-0.6788335776098406	-0.4097153832274192
7.842500000000001	-0.054736925754596	-0.7121789706360659	-0.4021252490533808
7.845	-0.05140139465985822	-0.6512092892639648	-0.3878297370076079
7.847499999999999	-0.04786300574345833	-0.7809522730704058	-0.3673002704886589
7.850000000000001	-0.04413572340991961	-0.8284659962101669	-0.3411674800913178
7.8525	-0.04023425753977431	-0.9258370783731467	-0.310194948819266
7.854999999999999	-0.03617400543640518	-0.8373217743050765	-0.2752501146316182
7.8575	-0.0319709910599059	-0.8828449859376533	-0.2372719414476122
7.86	-0.02764180178785147	-0.6901752480690473	-0.1972359627543969
7.862500000000001	-0.0232035229524784	-0.6617631684640461	-0.1561188251117157
7.865	-0.01867367041269317	-0.5438934342252455	-0.1148654299286343
7.867500000000001	-0.01407012142697754	-0.440982818924485	-0.07436152399001027
7.87	-0.009411044100018785	-0.4032983027291783	-0.03541327062421205
7.8725	-0.004714825681492226	-0.3447040903856585	0.001266342829130504
7.875	2.209744599873568e-16	-0.2166172787426039	0.03506571310928823
7.8775	0.004714825681492668	-0.2234411594520903	0.06547946498529052
7.880000000000002	0.009411044100019222	-0.1338353690130044	0.09211179035329112
7.882500000000001	0.01407012142698217	0.1729951238991517	0.1146794696054825
7.885	0.01867367041269566	0.1540973487442357	0.133014848320166
7.887500000000001	0.02320352295248085	0.2552840304405632	0.1470681506296045
7.890000000000001	0.02764180178785188	0.3623358448249038	0.1569078961832617
7.892500000000001	0.03197099105990823	0.5984427496376377	0.1627180488079056
7.895	0.0361740054364037	0.3968168539772595	0.1647909017628004
7.897499999999999	0.04023425753977469	0.4981987149992833	0.1635154221349206
7.9	0.04413572340991824	0.6903178593952366	0.1593615283167667
7.9025	0.04786300574346031	0.6224655428517767	0.1528612963471035
7.904999999999998	0.05140139465985698	0.7376598694394754	0.1445882888566966
7.9075	0.0547369257545963	0.5836408685682037	0.1351361404031164
7.91	0.05785643521030625	0.5853665963127278	0.1250973464809561
7.912500000000001	0.06074761174833063	0.5666541125753638	0.1150430015710545
7.915	0.06339904521572708	0.5811800960609204	0.105504073549007
7.9175	0.06580027161592794	0.5613583006019043	0.09695470299251335
7.92	0.06794181440534329	0.3306633135263639	0.08979796533026499
7.9225	0.06981522189296421	0.3319673741762547	0.0843545062917069
7.925	0.07141310059531385	0.2102273696763309	0.08085442589099677
7.927499999999999	0.07272914441515735	0.03414677213030928	0.07943271480486734
7.930000000000001	0.07375815952877902	-0.1100433756015496	0.08012842240242772
7.932500000000001	0.07449608488363864	-0.1537243748874829	0.08288755835992621
7.935	0.07494000822548579	-0.1478205532253768	0.08756951808581818
7.937500000000001	0.07508817759170028	-0.3833694664310074	0.09395660623962862
7.94	0.07494000822548567	-0.388072298764749	0.1017660453551094
7.942500000000001	0.07449608488363789	-0.4425973152181022	0.1106637256514273
7.945	0.07375815952877869	-0.3209338419355696	0.1202788951299967
7.9475	0.0727291444151569	-0.4425344817677655	0.1302190113326691
7.95	0.07141310059531462	-0.4189208281609125	0.1400840701467497
7.952500000000001	0.06981522189296356	-0.3677318051120362	0.1494798734686367
7.954999999999998	0.06794181440534346	-0.3643923565553379	0.1580298688370409
7.9575	0.0658002716159271	-0.1864797675611383	0.1653853606528846
7.960000000000001	0.06339904521572613	-0.08929442003206135	0.1712340295769902
7.962500000000001	0.06074761174832834	-0.1759969935696362	0.1753067898237336
7.965	0.05785643521030513	-0.1876716906897346	0.1773830614429426
7.967500000000001	0.05473692575459656	0.02626236658699301	0.1772945449357262
7.970000000000001	0.05140139465985725	-0.02703958485364125	0.1749275732939346
7.9725	0.04786300574345895	0.2613037228289669	0.170224097117784
7.975	0.04413572340992027	0.3358283637102185	0.163181343794868
7.977499999999999	0.04023425753977319	0.3019615478635269	0.1538501884997188
7.980000000000001	0.03617400543640215	0.3527911892941588	0.1423322847655115
7.982500000000002	0.0319709910599047	0.4647034085173122	0.1287760240761867
7.984999999999999	0.02764180178785222	0.5851973149841925	0.1133714242257618
7.987500000000001	0.02320352295247714	0.5134022050099751	0.09634408135245413
7.99	0.01867367041269395	0.2761731588218259	0.07794835644952319
7.992500000000001	0.01407012142697834	0.4546090464048236	0.05845999937715712
7.995	0.009411044100019587	0.5318184329618381	0.03816843776801265
7.9975	0.004714825681490904	0.3675401413930857	0.01736897162753892
8.0	-6.942727680945531e-15	0.4717054518315829	0.01089466216387319
8.0025	0.05562030700665584	0.3993484281197903	0.01978779829535766
8.004999999999999	0.1110211060720645	0.3309522061188305	0.03140931538903853
8.0075	0.1659837555525254	0.2918054189637496	0.04954497450847654
8.01	0.2202913429805853	0.3789666065637142	0.07763146243274477
8.012500000000001	0.273729541119466	0.2147558926039053	0.1186164888874218
8.015	0.3260874538146322	-0.06789468671967169	0.1748283821076637
8.0175	0.3771584483048028	0.1107026181061887	0.2477776482677313
8.02	0.426740970706797	0.2577093970949087	0.3378899429814264
8.0225	0.47463934145686	-0.01409847908670447	0.4442939613620719
8.025	0.520664527568239	0.3797222666498293	0.5648537399019244
8.0275	0.5646348886583233	0.4270538280040957	0.6965296173638464
8.030000000000001	0.6063768938000348	0.4605865380278889	0.835954454333097
8.0325	0.6457258063691493	0.5634716019645614	0.9799561036858864
8.035	0.6825263341845682	0.8403969334676162	1.125457343217459
8.037500000000001	0.7166332423756141	1.005475918555875	1.267958851211355
8.040000000000001	0.7479119265575594	1.107074812732507	1.400008424675391
8.0425	0.7762389440538537	1.371538994873051	1.513112530107167
8.045	0.8015025010677973	1.538122718454459	1.601154775576264
8.0475	0.8236028938817092	1.646089734654614	1.661234610280099
8.05	0.842452902341822	2.023726114606807	1.692328585306198
8.0525	0.8579781340765215	2.033783788658967	1.694078952175128
8.055	0.8701173180889401	1.682105951986583	1.666915913895459
8.0575	0.8788225465656611	1.921793393852534	1.613236338119467
8.06	0.8840594639469127	1.78767574852036	1.538464298558976
8.062500000000002	0.8858074025123162	1.60998354787873	1.450543559419449
8.065	0.884059463946911	1.653625473276396	1.358005303694968
8.0675	0.8788225465656576	1.214585083163369	1.268306194812138
8.07	0.8701173180889445	1.332919785234915	1.187226630938166
8.0725	0.857978134076521	1.176005995932819	1.118919346726569
8.075	0.8424529023418216	1.069804971832478	1.066121811515705
8.0775	0.8236028938816993	0.8563557692000884	1.0303274958767
8.080000000000002	0.8015025010677965	0.7092657974734699	1.011862619394617
8.082500000000001	0.7762389440538288	0.6676213504492173	1.009880085954803
8.085	0.747911926557545	0.6109087220454212	1.022352637049727
8.0875	0.7166332423755836	0.6447713007813665	1.046194761344818
8.09	0.6825263341845672	0.8317255163525717	1.07757773170612
8.092500000000001	0.6457258063691137	0.6786505680972521	1.112354719966421
8.095	0.6063768938000151	0.7887421309331091	1.146445927429898
8.0975	0.5646348886583219	0.9908406074791273	1.176115529360224
8.100000000000001	0.5206645275682376	0.9744588660324712	1.19816272028669
8.102500000000001	0.4746393414568373	1.254049929431308	1.210008950381392
8.104999999999999	0.4267409707068175	1.204658093141904	1.209616551611677
8.1075	0.3771584483048012	1.312147473130992	1.195244685351668
8.110000000000001	0.3260874538146072	1.37466333566402	1.165133289263188
8.1125	0.2737295411194164	1.27438765345833	1.117233793778863
8.115	0.2202913429805836	1.417203695940116	1.049093458073168
8.117500000000001	0.165983755552499	1.187751966319922	0.9579801432777806
8.120000000000001	0.1110211060720628	1.144527925584611	0.8413724793879265
8.1225	0.0556203070066541	1.100714469946899	0.6979174357750232
8.125	1.649226802802504e-14	0.7689708715672595	0.5284084257760012
8.1275	-0.05562030700667144	0.728175953911878	0.3357553663105665
8.130000000000003	-0.11102110607208	0.2600168802214233	0.1238355715445419
8.132500000000002	-0.1659837555525655	0.1310774981772863	-0.103657464204751
8.135	-0.2202913429806004	-0.05200341799811749	-0.3436424681485449
8.137500000000001	-0.2737295411194569	-0.3716909504257786	-0.5935054359011476
8.139999999999999	-0.3260874538146233	-0.5634597619774552	-0.850756541269911
8.142500000000002	-0.3771584483048169	-0.8555521654519348	-1.112701008272719
8.145	-0.4267409707068107	-1.287068986953535	-1.376151586759483
8.147499999999999	-0.474639341456852	-1.547878830986735	-1.637152312020547
8.149999999999999	-0.5206645275682312	-1.833950345524561	-1.890859923938804
8.1525	-0.5646348886583353	-2.098805704136094	-2.131951630119484
8.155	-0.6063768938000094	-2.307852613766084	-2.355379358393643
8.157499999999999	-0.6457258063691256	-2.762495652091749	-2.556550794237095
8.16	-0.6825263341845783	-2.722370955115211	-2.73110357981563
8.162500000000001	-0.7166332423756085	-2.963651158728629	-2.875192897251777
8.165	-0.7479119265575543	-3.18331039227014	-2.986128958443437
8.1675	-0.7762389440538493	-3.211996527929948	-3.062677852331911
8.17	-0.801502501067804	-3.233644148124793	-3.104860419958687
8.1725	-0.8236028938817056	-3.369441446925643	-3.113556885219164
8.175	-0.8424529023418191	-3.32586636193325	-3.090229565655018
8.1775	-0.8579781340765253	-3.083007943149654	-3.03688398404434
8.18	-0.8701173180889479	-3.154456852464668	-2.956209298195992
8.182500000000001	-0.8788225465656628	-2.718642324952507	-2.851684837353099
8.185	-0.884059463946912	-2.79437719355102	-2.727412496820312
8.1875	-0.8858074025123162	-2.620234661895652	-2.587662468796661
8.19	-0.8840594639469116	-2.274237656670608	-2.436403868937722
8.1925	-0.8788225465656587	-2.161886706556382	-2.277089655361668
8.195	-0.8701173180889463	-1.914846651481143	-2.112745754762789
8.1975	-0.8579781340765171	-1.947670246139358	-1.94624145912617
8.2	-0.8424529023418245	-1.612969683685451	-1.78055599985562
8.2025	-0.8236028938817028	-1.576635171089376	-1.618901071712044
8.204999999999998	-0.8015025010678006	-1.215192131421127	-1.464689199032107
8.2075	-0.7762389440538454	-1.108271135574207	-1.321407387175403
8.209999999999999	-0.7479119265575501	-0.9905856724569927	-1.192386233037642
8.212500000000002	-0.7166332423755744	-0.710726831594428	-1.080413964271179
8.215	-0.6825263341845572	-0.7926692628661163	-0.9872745827848963
8.217500000000001	-0.6457258063691201	-0.7261552181578564	-0.9134480184975501
8.219999999999999	-0.6063768938000221	-0.5412005974809727	-0.8581451665400465
8.2225	-0.5646348886583099	-0.6378502619970863	-0.8196059719046321
8.225	-0.5206645275682453	-0.645773241623288	-0.7954618173867296
8.2275	-0.4746393414568454	-0.7222935175262171	-0.783014501964651
8.23	-0.4267409707067818	-0.9421460450501249	-0.7793841474561459
8.232500000000002	-0.3771584483047643	-0.8318816801080523	-0.7815473680988098
8.235	-0.3260874538146161	-0.8733499556178098	-0.7863041854650806
8.2375	-0.2737295411194016	-0.8870160963554786	-0.7902259011147443
8.24	-0.2202913429805684	-0.9754030242323607	-0.7896696856724617
8.242500000000001	-0.1659837555525084	-0.9312146662312901	-0.7809367904574768
8.245000000000001	-0.1110211060720723	-1.107080939106399	-0.760560999588836
8.2475	-0.0556203070066385	-1.052553496021711	-0.7256085768773417
8.25	8.98100038408758e-16	-1.292840057548664	-0.7105184688808531
8.252500000000001	-0.05770545666877169	-1.035468435249294	-0.7138091504614201
8.254999999999999	-0.1151831762631622	-1.068221736710222	-0.7037560300455163
8.2575	-0.1722063204830813	-1.036789085724156	-0.686253936979119
8.26	-0.2285498450296121	-0.7810198936437385	-0.6665283443781438
8.262500000000001	-0.283991387752303	-0.7392004910173566	-0.6491623912105206
8.265	-0.3383121462108591	-0.733373283133799	-0.6382486852910657
8.267500000000002	-0.3912977411884385	-0.5508822863921106	-0.6376846114926702
8.27	-0.4427390627484574	-0.5968726262192187	-0.6516250522629338
8.2725	-0.4924330954960694	-0.5729746747240765	-0.6846795818488225
8.275	-0.5401837197870398	-0.4111493592809596	-0.7411366526446137
8.2775	-0.5858024857224775	-0.5525436763618878	-0.8234384995617383
8.280000000000001	-0.6291093568744669	-0.502884296449313	-0.9314566005807456
8.282500000000002	-0.6699334208076165	-0.4159237789154439	-1.063064105901236
8.285	-0.7081135635922692	-0.5687951918035719	-1.215030328436794
8.287500000000001	-0.7434991056477556	-0.7512272974517115	-1.383635663594365
8.29	-0.7759503964056672	-0.8870837583842179	-1.564993748753974
8.292500000000002	-0.805339365447009	-1.045942717639785	-1.755181310513179
8.295	-0.8315500279374645	-1.299639258844372	-1.95026400329524
8.2975	-0.8544789423667344	-1.701737211115735	-2.146285651279575
8.299999999999999	-0.8740356187847701	-1.630218945592528	-2.339243306815701
8.3025	-0.8901428759243695	-2.045087594719994	-2.525008863040922
8.305	-0.9027371458002792	-2.04286618938157	-2.699166819407551
8.3075	-0.9117687245830931	-2.408524920298325	-2.85686563713039
8.309999999999999	-0.9172019687574866	-2.622917950894066	-2.992878369954266
8.312500000000002	-0.9190154357909113	-2.792705049137898	-3.101980516134009
8.315	-0.9172019687574856	-2.992656082481436	-3.179564117771184
8.3175	-0.9117687245830913	-3.132813113283223	-3.22228634058977
8.32	-0.9027371458002814	-3.363786170944651	-3.228513029069228
8.3225	-0.8901428759243659	-3.434174188758467	-3.198350747557596
8.325	-0.8740356187847819	-3.288463061115931	-3.133322564656574
8.3275	-0.854478942366729	-3.411804809307787	-3.036049541744677
8.33	-0.8315500279374584	-3.47373809232646	-2.910113749596996
8.332500000000001	-0.8053393654469768	-3.205059471837094	-2.759859975169409
8.335	-0.7759503964056594	-3.141765291801429	-2.58991401647182
8.3375	-0.7434991056477317	-2.955363045584469	-2.404569189480659
8.34	-0.70811356359226	-2.707408258185151	-2.207372681939766
8.342500000000001	-0.6699334208075709	-2.448687497804699	-2.001098075586504
8.345	-0.6291093568744563	-2.313655368708353	-1.788094626844106
8.3475	-0.5858024857224664	-2.076780425708808	-1.570840122027684
8.35	-0.5401837197870493	-1.960235629338029	-1.352352042170255
8.352500000000001	-0.4924330954960571	-1.347372365050818	-1.136168607200295
8.354999999999999	-0.4427390627484677	-1.250849220535164	-0.926003838628175
8.3575	-0.3912977411884255	-0.9085591434688222	-0.7254150341361509
8.36	-0.3383121462108215	-0.5290394201087918	-0.537547377390845
8.3625	-0.2839913877522645	-0.409845528182027	-0.3647212210831881
8.365	-0.2285498450295981	-0.307566647684427	-0.2079583478585059
8.367500000000001	-0.1722063204830672	0.1047940098282242	-0.06696596406992184
8.37	-0.1151831762631738	0.2580277065211823	0.05936642087412111
8.3725	-0.05770545666875731	0.4254117122170937	0.1724322553539007
8.375	-1.080564309887911e-14	0.5283485109290179	0.2736094258192228
8.3775	0.05770545666878787	0.6805706432285825	0.3641592690152992
8.38	0.1151831762632042	0.85243849458198	0.4452305857799675
8.382500000000002	0.1722063204830973	0.7959825816784494	0.517932655890131
8.385	0.2285498450296025	0.9426533415135552	0.5834631244908751
8.387500000000001	0.2839913877523184	0.881070271037836	0.6432326577380141
8.39	0.3383121462108499	1.012035678759397	0.6988952741904804
8.392500000000002	0.3912977411884295	0.8784514610690444	0.7522527472475989
8.395	0.4427390627484487	1.257358776144499	0.805091292170778
8.3975	0.4924330954960831	0.9784068760568921	0.8590231664820667
8.4	0.5401837197870318	1.023904453846723	0.9153619127323486
8.4025	0.5858024857224698	1.046326557915672	0.9750270644628978
8.405	0.6291093568744597	0.9822567457916943	1.038469360476576
8.4075	0.6699334208075918	1.071059586745803	1.105608878743814
8.41	0.7081135635922629	0.9877682505022839	1.175766541470395
8.412500000000001	0.743499105647765	1.137158070114981	1.247558525894091
8.415000000000001	0.7759503964056759	0.8329709080161511	1.318778732475644
8.4175	0.8053393654470041	1.126363119459471	1.386432189577328
8.42	0.8315500279374604	1.161425912316602	1.447090217482031
8.422500000000001	0.8544789423667404	1.370898032873001	1.49746634111893
8.425	0.8740356187847751	1.273612377750322	1.534911144255689
8.4275	0.890142875924367	1.272980034672391	1.557665978173397
8.430000000000001	0.9027371458002871	1.437898429880602	1.564943903873481
8.432500000000001	0.9117687245830984	1.587783558191945	1.556975804011191
8.435	0.9172019687574859	1.606712031756976	1.535076008497554
8.437500000000002	0.9190154357909113	1.706023648113803	1.501646943444667
8.44	0.9172019687574846	1.747575824187816	1.459987217326722
8.442500000000003	0.9117687245830927	1.674689527883001	1.413870293572234
8.445	0.9027371458002832	1.64641049074488	1.367025183469676
8.4475	0.8901428759243619	1.659648818623826	1.322698026663143
8.45	0.8740356187847769	1.433724955303546	1.283382959912829
8.452499999999999	0.8544789423667327	1.49433893093155	1.250708017047399
8.454999999999998	0.8315500279374738	1.411473262154779	1.225424904094198
8.4575	0.8053393654469942	1.341100179249362	1.207463506129089
8.459999999999999	0.7759503964056648	1.143324494042571	1.196034031558578
8.462500000000002	0.7434991056477375	1.089368769230476	1.18977102028635
8.465	0.7081135635922495	0.9831221848420555	1.186909985652855
8.467500000000001	0.6699334208075776	0.9078692447924548	1.185475799760878
8.469999999999999	0.6291093568744637	0.9720952082083518	1.183453733416998
8.4725	0.5858024857224741	0.9103519049362963	1.178917033370759
8.475	0.5401837197870362	0.5602003916016278	1.170096943546207
8.4775	0.4924330954960655	0.7956515617474638	1.155394198118536
8.48	0.4427390627484535	0.9137643455214902	1.133340371066493
8.4825	0.3912977411883872	1.090740738191857	1.10252410412235
8.485	0.3383121462108307	0.9915266089054853	1.06150236465304
8.4875	0.2839913877522738	0.6835942542009297	1.008717844158471
8.49	0.2285498450296077	0.8257164737906668	0.942438440599845
8.4925	0.1722063204830512	0.6336724387122022	0.8607303707272558
8.495000000000001	0.1151831762631836	0.6020698803346765	0.761494345123376
8.4975	0.0577054566687672	0.7584466813769108	0.6426552368752909
8.5	-4.61888618837384e-15	0.5953865387685998	0.5052435871723153
8.5025	-0.04929621279497728	0.5034983855494195	0.3497740239926697
8.504999999999999	-0.09839787595932335	0.4548298627870361	0.1754330564707879
8.5075	-0.1471112076609937	0.1341020740352573	-0.01546155962571366
8.51	-0.1952439586347654	0.1648179215782094	-0.2204354610341896
8.512500000000001	-0.2426061709022637	-0.06384127356715595	-0.4371032375336388
8.515	-0.2890109274494065	-0.1563585247640964	-0.6631370952898298
8.517500000000002	-0.3342750899024811	-0.6083145018553227	-0.8960876099764725
8.52	-0.3782200212914322	-0.6709454101618264	-1.133157399063056
8.522499999999999	-0.4206722910486574	-0.9905671979373787	-1.370967139030031
8.525	-0.4614643594599841	-0.9925217563605224	-1.605375916675393
8.5275	-0.5004352388675701	-1.253428109525778	-1.831573291065549
8.530000000000001	-0.5374311290144408	-1.614029909794819	-2.044639652606648
8.5325	-0.5723060240240344	-1.777437609476302	-2.240150712421454
8.535	-0.6049222886185261	-1.858382869469516	-2.4142287113275
8.537500000000001	-0.6351512013025612	-2.186805826707488	-2.56341526373893
8.54	-0.6628734623680251	-2.326827177339152	-2.684890553077214
8.5425	-0.6879796647156244	-2.672661566205273	-2.776820845262804
8.545	-0.7103707256345809	-2.573477910253044	-2.838456701609832
8.5475	-0.7299582778369822	-2.727417222303791	-2.869944843030659
8.55	-0.7466650182029692	-2.804761307061386	-2.872052737173655
8.5525	-0.7604250128609216	-2.639190692344654	-2.845995271118491
8.555	-0.7711839573982432	-2.883504006052636	-2.793433627666768
8.557500000000001	-0.778899391176156	-2.659517427906931	-2.716590910298227
8.56	-0.7835408649023811	-2.849539725313677	-2.61833366988204
8.5625	-0.7850900608006042	-2.7702505417658	-2.502064254138282
8.565000000000001	-0.7835408649023796	-2.68628575411057	-2.371408215353963
8.5675	-0.778899391176156	-2.400214948224082	-2.229861327867617
8.57	-0.7711839573982431	-2.488210082801854	-2.080590983827972
8.5725	-0.7604250128609158	-2.15186721732111	-1.926462923241327
8.575000000000001	-0.7466650182029758	-2.196624771686105	-1.77022859016766
8.5775	-0.7299582778369736	-1.991786423706143	-1.614733220190955
8.580000000000002	-0.7103707256345712	-1.751167105034568	-1.463013225061947
8.582500000000001	-0.6879796647156026	-1.473039742177299	-1.318242766646011
8.585	-0.6628734623680247	-1.456697068778958	-1.183566022461058
8.587500000000002	-0.6351512013025346	-1.237897696396604	-1.061832657908067
8.59	-0.6049222886185114	-1.106895743743196	-0.9552415103626015
8.592500000000001	-0.5723060240240034	-0.9454942423824956	-0.8650040064281781
8.595	-0.5374311290144403	-0.9611655134415148	-0.7912219895222306
8.5975	-0.5004352388675524	-0.7242348180286117	-0.7330424123380249
8.6	-0.4614643594600015	-0.8198935299771131	-0.6889497334977231
8.6025	-0.4206722910486568	-0.7184276102010627	-0.6570259529774551
8.604999999999999	-0.3782200212914315	-0.4954646254332507	-0.6351033581526324
8.6075	-0.3342750899024602	-0.5220235946507666	-0.6208181056523328
8.61	-0.2890109274494059	-0.3879314891442929	-0.611606728489933
8.6125	-0.2426061709022206	-0.4589128867019478	-0.6046905365775403
8.615	-0.1952439586347431	-0.2229810035953657	-0.5970901686475334
8.617500000000001	-0.1471112076609929	-0.2554014646762167	-0.5857067971030108
8.62	-0.09839787595934474	-0.399314647655971	-0.5674790433301335
8.622499999999999	-0.04929621279495423	-0.3226895363265145	-0.5395799840270282
8.625	-3.844860208916216e-15	-0.2407415570864616	-0.4995917850614785
8.6275	0.04929621279496883	-0.2931870397052627	-0.4456110446104768
8.63	0.09839787595935925	-0.2389863522707258	-0.3762870455859486
8.6325	0.1471112076610292	-0.2421397447920985	-0.2908466254441049
8.635	0.1952439586347572	-0.08074354788831879	-0.1891736891673072
8.637500000000001	0.2426061709022769	0.2417353778943615	-0.07195589660934595
8.64	0.2890109274494195	0.06055752601897851	0.05919602599073701
8.6425	0.3342750899024735	0.255595692301965	0.2018057976104571
8.645	0.3782200212914248	0.3762250160820843	0.3528236064097849
8.6475	0.4206722910486692	0.5367573759700262	0.5090452501641101
8.65	0.4614643594599953	0.5651312599593684	0.6674694093956366
8.6525	0.5004352388675636	0.8049629232803361	0.8253971831263105
8.655	0.5374311290144185	0.9355214475484815	0.9800682267716464
8.6575	0.5723060240240133	1.166499079911098	1.127813422978436
8.66	0.6049222886185207	1.246519801681202	1.263291384621689
8.662500000000001	0.6351512013025562	1.442077207249252	1.380125340415564
8.665000000000001	0.6628734623680325	1.4602381167179	1.473215129188021
8.6675	0.6879796647156203	1.623061984163835	1.540208832692212
8.67	0.7103707256345773	1.641359575832601	1.580658537852988
8.6725	0.7299582778369791	1.572549995235208	1.594645976932952
8.675	0.7466650182029734	1.607849254505043	1.582641212484843
8.6775	0.7604250128609195	1.472050021730828	1.546317642365446
8.680000000000001	0.7711839573982457	1.616539350298795	1.489300553534924
8.682500000000001	0.7788993911761606	1.346383554364355	1.417138441454829
8.685	0.7835408649023805	1.648504480351885	1.336401876849072
8.687500000000002	0.7850900608006042	1.30762182388926	1.253542357269771
8.69	0.7835408649023802	1.316253512161293	1.174143243799193
8.6925	0.7788993911761543	1.068525854009391	1.102653081344003
8.695	0.7711839573982446	1.019231153515077	1.042394030605424
8.6975	0.7604250128609179	0.9492478750663472	0.9956588891324492
8.7	0.7466650182029785	1.1058082306017	0.9637966956752327
8.7025	0.7299582778369769	0.9332716317399508	0.9472393287458037
8.705	0.7103707256345841	0.7738320744493417	0.9454650051274495
8.7075	0.6879796647156174	0.9484978177016564	0.9569557433027296
8.71	0.6628734623680173	0.9666712512248921	0.9792513623750354
8.7125	0.6351512013025395	0.9547728095303917	1.009167191654027
8.715	0.6049222886185168	1.189623831969729	1.04313328282007
8.717500000000001	0.5723060240239939	0.9980083896173247	1.077534427100261
8.72	0.5374311290144302	1.235769022579361	1.108963818469027
8.7225	0.5004352388675588	1.258428252300169	1.134392944776176
8.725000000000001	0.4614643594600084	1.381938851191286	1.151274973762006
8.727500000000001	0.4206722910486451	1.32866387758513	1.157547665860201
8.73	0.3782200212914194	1.282302773487414	1.151510913240035
8.732500000000002	0.3342750899024275	1.106726213378691	1.131620125333239
8.735000000000001	0.2890109274493929	1.157973717201951	1.096279785751685
8.7375	0.2426061709022286	1.091070726874051	1.043724492445446
8.74	0.1952439586347513	1.036599369774214	0.9720508314891753
8.742500000000001	0.1471112076609793	0.976198176322609	0.8794355546034108
8.745000000000001	0.09839787595933099	0.7889214631779411	0.7645576526741293
8.7475	0.04929621279496268	0.5320714229011507	0.6271469466237132
8.75	-8.018320352641207e-15	0.3900330263644562	0.4929215884139474
8.7525	0.03211353153189865	0.2763198068725792	0.3679587126823824
8.754999999999999	0.06410032562609697	-0.01826504105367615	0.2366738424122072
8.7575	0.09583414501971671	-0.09591521312518142	0.1052607580574986
8.76	0.1271897508254139	-0.4953574009921266	-0.02073190308007741
8.762500000000001	0.1580433967920588	-0.3830046688919509	-0.1361336877587907
8.764999999999999	0.1882733176747116	-0.7383022950407487	-0.2361163188622918
8.767500000000002	0.2177602097864133	-0.7489364047239081	-0.3162122557477394
8.77	0.2463877018352646	-0.9613423577819884	-0.3722447470719203
8.772499999999999	0.2740428141888057	-1.05401563567313	-0.400290483678648
8.774999999999999	0.3006164047529845	-0.932064999919153	-0.3969801646801056
8.7775	0.3260035997061981	-0.9623329276601027	-0.3601874031467067
8.780000000000001	0.3501042073882369	-1.001194789590298	-0.2897494846448236
8.7825	0.3728231137111123	-0.9101104736686425	-0.1877604538382668
8.785	0.3940706575308394	-0.4342675428996371	-0.05835339765465719
8.787500000000001	0.413762984499069	-0.5579832938399714	0.09262421734772588
8.79	0.4318223779977903	-0.4386510094360515	0.2581425512992994
8.7925	0.4481775658514415	0.1519228072196281	0.4311647437027807
8.795	0.4627640016055242	0.1639240562652475	0.6059430178059139
8.7975	0.4755241192620441	0.4680458588337813	0.7783335725491973
8.8	0.486407560466131	0.8131295558520311	0.9442071864076239
8.8025	0.49537137324754	1.221322561126167	1.097462754608213
8.804999999999998	0.5023801815323939	1.429192184955402	1.230830791578791
8.807500000000001	0.5074063247564123	1.571429491260243	1.338421941490019
8.81	0.5104299670285164	1.495709683989547	1.417358358166975
8.8125	0.5114391754140291	1.789615578935807	1.46737670916839
8.815	0.510429967028516	1.857475544650488	1.489187148282161
8.8175	0.5074063247564113	1.974916902004598	1.483152537309936
8.82	0.5023801815323953	1.736433675129902	1.449578710202225
8.8225	0.4953713732475382	1.526769557312339	1.389836816354914
8.825	0.4864075604661333	1.462917008713778	1.306871314421331
8.8275	0.4755241192620413	1.140356420314415	1.205117896798525
8.830000000000002	0.462764001605521	0.872614527530754	1.09009596673037
8.832500000000001	0.4481775658514309	0.5443770030073543	0.9676185635087086
8.834999999999999	0.4318223779977862	0.3440738135678302	0.8430129690712618
8.837500000000002	0.4137629844990475	0.2642105907139254	0.7207343620179821
8.84	0.3940706575308346	-0.06974421652260016	0.6043171955570321
8.842500000000001	0.3728231137110972	-0.2635577199082927	0.4964654263413601
8.844999999999999	0.3501042073882315	-0.3129902597507587	0.3991740889064466
8.8475	0.326003599706181	-0.8206860204053227	0.3138569640378554
8.85	0.3006164047529901	-0.7518223173158131	0.2414736547372842
8.8525	0.2740428141887993	-0.684106368157657	0.1826320197054366
8.854999999999999	0.2463877018352707	-0.7678632164382646	0.1376144850361455
8.8575	0.2177602097864065	-0.7713200113428786	0.1062702083799445
8.86	0.1882733176747046	-0.7698966126030652	0.08778793791346497
8.8625	0.1580433967920378	-0.5254390799853229	0.08051482356637192
8.865	0.1271897508253925	-0.4808981554580863	0.08202228383422908
8.867500000000001	0.09583414501970933	-0.4420088408639477	0.08941876112196573
8.870000000000001	0.06410032562610392	-0.2869945869882566	0.09972078653810496
8.8725	0.03211353153189115	-0.002144912071914473	0.1101209913686817
8.875	-1.004031184285208e-15	-0.2001712533718949	0.1181089494039379
8.877500000000001	-0.03211353153189316	-0.02202752942299518	0.1214720355668481
8.88	-0.06410032562610592	0.2252189221955534	0.1182233883303534
8.8825	-0.09583414501973987	0.1549135178083665	0.10650176860838
8.885	-0.1271897508254086	0.4193058020010369	0.08448073512930832
8.887500000000001	-0.1580433967920535	0.4357027887865431	0.05032173031633928
8.89	-0.1882733176747065	0.3340071148757795	0.002210612280135048
8.892500000000002	-0.2177602097864215	0.665906933874824	-0.06148361206672318
8.895	-0.2463877018352597	0.4855526375611837	-0.1419317528949035
8.8975	-0.274042814188801	0.5737832415919206	-0.2395503685101116
8.9	-0.3006164047529918	0.4614596113004964	-0.3538525736225024
8.9025	-0.3260035997061938	0.2676513968386172	-0.4835159825622126
8.904999999999998	-0.3501042073882224	-0.006571000945054334	-0.6265770815870901
8.9075	-0.3728231137110986	-0.1140615677505016	-0.7806070990493498
8.91	-0.3940706575308452	-0.2669403355610185	-0.9427955349551527
8.912500000000001	-0.4137629844990657	-0.3612902056487257	-1.109950652226411
8.915	-0.4318223779977873	-0.8016618800623585	-1.278470257177782
8.917500000000002	-0.4481775658514459	-0.8208549319177827	-1.444368707448312
8.92	-0.4627640016055281	-1.261760192165084	-1.603459325490276
8.9225	-0.475524119262042	-1.422032442171715	-1.751690925586243
8.924999999999999	-0.4864075604661293	-1.793496836213692	-1.885449187504887
8.9275	-0.4953713732475423	-1.805330933208249	-2.001659498814204
8.930000000000001	-0.5023801815323956	-2.45200236818393	-2.097782830849415
8.932500000000001	-0.5074063247564153	-2.470114624379605	-2.171852222955846
8.934999999999999	-0.510429967028517	-2.571625504436268	-2.222532805421792
8.937500000000002	-0.5114391754140291	-2.839005680634022	-2.249119926699075
8.94	-0.5104299670285163	-2.829324240585458	-2.251465061496341
8.9425	-0.5074063247564102	-2.875228348488158	-2.229895880247243
8.945	-0.5023801815323935	-2.845364058454715	-2.185197497916038
8.9475	-0.4953713732475395	-3.023883406869732	-2.118662743590777
8.95	-0.486407560466135	-2.746457786204691	-2.032150155286132
8.9525	-0.4755241192620379	-2.536369274075437	-1.928053833342682
8.954999999999998	-0.4627640016055295	-2.314159919640658	-1.80912452972306
8.9575	-0.4481775658514405	-2.402361163739856	-1.678189226059845
8.96	-0.4318223779977814	-2.303330833943271	-1.537916535491437
8.9625	-0.4137629844990507	-1.739873903263963	-1.390770498158529
8.965	-0.3940706575308381	-1.669513628683049	-1.239184447320734
8.967500000000001	-0.3728231137111011	-1.313114737773408	-1.085822979348019
8.97	-0.350104207388225	-0.9429205560661384	-0.9336890972498584
8.9725	-0.3260035997061853	-0.7936855773708769	-0.7859273768018353
8.975	-0.3006164047529946	-0.3612476271915692	-0.6454133721129749
8.977500000000001	-0.2740428141887917	-0.3974879692011635	-0.5143559963244642
8.98	-0.2463877018352501	-0.1350908365449601	-0.3941063905515878
8.982500000000002	-0.2177602097863983	0.1475261124939528	-0.2852313700070911
8.985	-0.1882733176747098	0.3489816711967878	-0.1877476117143504
8.9875	-0.1580433967920292	0.536872312871643	-0.1013589357806374
8.99	-0.1271897508253979	0.662078836954438	-0.02561403192179487
8.992500000000001	-0.09583414501971474	0.6308658405937555	0.04001546579226127
8.995	-0.06410032562610939	0.8744911716487801	0.09611118126870227
8.9975	-0.03211353153188214	0.8070085645352907	0.1433223096039352
9.0	8.080712852720712e-15	0.8641975544204067	0.1622029961654256
9.0025	-0.05754404709254791	0.8200836925367354	0.1538422398640784
9.004999999999999	-0.114860994120604	0.6393576183798794	0.1369750476925936
9.0075	-0.1717246372798628	0.6749798926138899	0.107486362514949
9.01	-0.227910561749302	0.309094931546135	0.06002768252121298
9.012500000000001	-0.2831970273539728	0.341916682307575	-0.01194974590547963
9.015	-0.3373658436720428	-0.0002106317513327627	-0.1141373315933738
9.017500000000002	-0.3902032311329571	-0.0692206740589184	-0.2485825325437292
9.02	-0.4415006647074659	-0.2924584467092771	-0.4133800307357939
9.0225	-0.491055696860887	-0.6954750153454592	-0.6042686017958586
9.025	-0.5386727565207624	-0.7728938584766724	-0.8161203153403264
9.0275	-0.5841639209068455	-1.001924392717952	-1.043863661720884
9.030000000000001	-0.6273496571762376	-1.241027937168982	-1.282879401664228
9.0325	-0.6680595309575305	-1.774654145748802	-1.528962900856522
9.035	-0.706132878977485	-2.070567654484336	-1.778033220002526
9.037500000000001	-0.7414194431255744	-2.415621257057595	-2.025819769582867
9.040000000000001	-0.77377996345394	-2.622515951639603	-2.267763580053082
9.0425	-0.803086727773007	-3.115413973240648	-2.499167097849642
9.045	-0.8292240756729691	-3.207243699887393	-2.715232659600937
9.047500000000001	-0.8520888549827162	-3.549986841855796	-2.910793274605873
9.05	-0.8715908288641959	-3.399292824436828	-3.080218045019751
9.0525	-0.8876530319361311	-3.5119762530857	-3.217917342746604
9.054999999999998	-0.9002120740211046	-3.673111908499577	-3.319203355719289
9.057500000000001	-0.9092183903177025	-3.525987738452421	-3.380991787893607
9.06	-0.9146364370100819	-3.547428918238815	-3.402079808818986
9.062500000000002	-0.916444831543223	-3.444487453110307	-3.383022234563695
9.065	-0.9146364370100802	-3.51169210773064	-3.32578788740776
9.067500000000003	-0.9092183903176992	-3.228095385263017	-3.233502642259984
9.07	-0.9002120740211095	-2.992486833257078	-3.110382459197537
9.0725	-0.8876530319361311	-2.745413699807374	-2.96153254932596
9.075	-0.8715908288641959	-2.338040306137613	-2.792335528516567
9.077499999999999	-0.8520888549827067	-2.333762898429041	-2.607678551818129
9.080000000000002	-0.8292240756729691	-1.765465657505773	-2.41149529438834
9.082500000000001	-0.803086727772982	-1.785966052916425	-2.206813275808581
9.084999999999999	-0.773779963453926	-1.317424267193152	-1.996202271850591
9.087500000000002	-0.7414194431255438	-1.154756412773899	-1.782365407827806
9.09	-0.706132878977485	-1.024781488547334	-1.568529683990535
9.092500000000001	-0.6680595309574948	-0.7905279094519599	-1.358453016061023
9.094999999999999	-0.6273496571762187	-0.5662753355812491	-1.156213361148241
9.0975	-0.5841639209068455	-0.3341396931478006	-0.9660020599401118
9.1	-0.5386727565207835	-0.49468435188376	-0.7918251976290758
9.1025	-0.491055696860865	-0.2115569540667772	-0.6368620726244932
9.104999999999999	-0.4415006647074886	-0.176926272155296	-0.5026595867001653
9.1075	-0.3902032311329571	-0.166019201508861	-0.3888831780021482
9.11	-0.3373658436720186	-0.3067605632778768	-0.2938588120082473
9.1125	-0.2831970273539232	-0.1949980258751309	-0.215291305411387
9.115	-0.227910561749302	-0.2657816776294963	-0.1507228727552243
9.1175	-0.1717246372798372	-0.3037349081180636	-0.09775932630437542
9.120000000000001	-0.114860994120604	0.006584748075301017	-0.05411912371464607
9.1225	-0.05754404709254789	-0.3838333419355744	-0.01750916651570318
9.125	-1.796054324234405e-14	-0.4094209381355975	0.01457765708535869
9.1275	0.05754404709256403	-0.305849123400873	0.04497394496351263
9.13	0.11486099412062	-0.4275221563631327	0.0767610831482749
9.1325	0.1717246372799042	-0.3513622659944278	0.1130578785304781
9.135	0.2279105617493177	-0.3846815426456362	0.1567922797102667
9.137500000000001	0.2831970273539633	-0.2277267316491464	0.2105151573230582
9.14	0.3373658436720336	-0.2723919295584298	0.2762357388774955
9.142500000000002	0.3902032311329717	-0.2082510390530625	0.3552373649917036
9.145	0.44150066470748	0.1243197317572578	0.4478795536504384
9.147499999999999	0.4910556968608787	0.1692250645701838	0.5534705562807172
9.15	0.5386727565207544	0.2558655134426842	0.6703247900861107
9.1525	0.5841639209068581	0.4709168725523064	0.7960470374881465
9.155	0.6273496571762115	0.7125757176971376	0.9279510993794071
9.157499999999999	0.6680595309575059	0.8727596802722436	1.063331961117851
9.16	0.7061328789774953	1.262223194850767	1.198977030946613
9.162500000000001	0.7414194431255685	1.425976619833338	1.329701901980164
9.165	0.7737799634539346	1.5377289351318	1.448082097912093
9.1675	0.8030867277730023	1.696430136004234	1.546909394975159
9.17	0.829224075672976	1.959277543920028	1.621403491803808
9.1725	0.8520888549827127	1.851544214705016	1.669217569441262
9.175	0.8715908288641929	2.167484602372565	1.689401091496589
9.1775	0.8876530319361351	1.983544457828469	1.681826907713758
9.180000000000001	0.9002120740211126	1.849919120541109	1.647610981231502
9.182500000000001	0.9092183903177045	1.661698922490509	1.59012999970335
9.185	0.9146364370100812	1.431601558057757	1.515513411102601
9.1875	0.916444831543223	1.276636038336645	1.431669993268914
9.190000000000001	0.9146364370100809	1.181415543200113	1.346509808807511
9.1925	0.9092183903177006	0.8792174553190385	1.266706744965591
9.195	0.9002120740211114	0.834871733500959	1.197327687118225
9.1975	0.887653031936127	0.7759956166569971	1.14190594497655
9.200000000000001	0.871590828864199	0.664993917485429	1.102595455619239
9.2025	0.8520888549827104	0.8831900632320119	1.08026404454072
9.204999999999998	0.8292240756729733	0.7995337298861255	1.07451023438708
9.2075	0.8030867277729994	0.7416973647489931	1.083667012339728
9.21	0.7737799634539313	0.877828042009154	1.104905726668514
9.212500000000002	0.7414194431255342	0.7391970072241267	1.13451559436645
9.215	0.7061328789774747	0.9335315332079663	1.168313442853191
9.217500000000001	0.6680595309575016	1.211566138407116	1.202062042256992
9.22	0.6273496571762259	1.306230390818638	1.231819195637497
9.2225	0.5841639209068331	1.366837631078729	1.254202634159403
9.225	0.5386727565207704	1.329204108394148	1.266530496666162
9.2275	0.4910556968608734	1.369370724763662	1.266777533580601
9.230000000000002	0.4415006647074516	1.501920951743768	1.253361611810395
9.232500000000002	0.3902032311329189	1.580501960058971	1.224847793044962
9.235	0.3373658436720278	1.393082604765277	1.17968064487282
9.2375	0.2831970273539079	1.371916610777883	1.116048056871465
9.24	0.2279105617492863	1.115154154687121	1.031933968010914
9.242500000000001	0.1717246372798469	1.02365220613203	0.9253770781520748
9.245	0.1148609941206138	0.8766140603754724	0.7949638974873239
9.247499999999999	0.05754404709253177	0.6449645927779895	0.640489733695134
9.25	1.895778358637628e-16	0.4145005908996525	0.4802762836610626
9.2525	-0.006082749343356656	0.1914608816863697	0.3208849740086307
9.254999999999999	-0.01214149285399638	-0.2570571957706751	0.1532037892814861
9.2575	-0.01815231943926728	-0.5496471574622416	-0.0177628240361577
9.26	-0.02409150711271455	-0.8004234756769807	-0.1879897190618312
9.262500000000001	-0.0299356166139506	-0.9332792389502389	-0.3540337441327592
9.265	-0.03566158391269369	-1.083728644837476	-0.512682717098412
9.2675	-0.04124681123196131	-1.409063553664897	-0.6606706403829106
9.27	-0.04666925623116955	-1.645204238014497	-0.7944551627372277
9.2725	-0.05190751899719091	-1.588466513006412	-0.9101138644321892
9.275	-0.05694092650002001	-1.803254075702311	-1.003518289398583
9.2775	-0.06174961417978838	-1.958980466116488	-1.070945441214138
9.280000000000001	-0.06631460434310436	-2.139566454208965	-1.109974450101979
9.2825	-0.07061788105934086	-1.862405285377004	-1.120163876202799
9.285	-0.07464246126127337	-1.766216172205675	-1.103105870818593
9.287500000000001	-0.07837246176950632	-1.867826116014869	-1.061836235580543
9.290000000000001	-0.08179316197610549	-1.648489627086345	-0.9999689367688832
9.2925	-0.0848910619401291	-1.510169752728186	-0.9210373797623096
9.295	-0.08765393566570945	-1.277800355529482	-0.8282784802462277
9.2975	-0.09007087935249257	-1.021299898309545	-0.7248246670408464
9.3	-0.09213235442794195	-0.8645340275066901	-0.614066899334691
9.3025	-0.09383022519173315	-0.5065036508961596	-0.499796786937263
9.305	-0.09515779092364435	-0.2745433242780115	-0.3858954686746947
9.3075	-0.09610981232823998	-0.1746474999717547	-0.27580107664636
9.31	-0.0966825322119728	0.227412176948919	-0.1721773144299216
9.312500000000002	-0.09687369031111204	0.2906526525003778	-0.07693959323759257
9.315	-0.09668253221197272	0.5628312795117797	0.008516081534394898
9.3175	-0.09610981232823981	0.6182102153105782	0.08310169133519421
9.32	-0.09515779092364461	0.849976153979834	0.1459250425738329
9.3225	-0.09383022519173281	0.7903905649605466	0.1962260714195919
9.325	-0.09213235442794238	0.858925649844607	0.2333159195167687
9.3275	-0.09007087935249207	1.109067466898358	0.2565490188779547
9.330000000000002	-0.08765393566570888	0.7999898475814741	0.2653917941039195
9.332500000000001	-0.08489106194012581	1.00372733353737	0.2596035254718
9.335	-0.08179316197610477	0.8139739584980853	0.239451025210509
9.3375	-0.07837246176950394	0.5593409646374036	0.2058361350039955
9.34	-0.07464246126127252	0.4079740575467719	0.1602802818262533
9.342500000000001	-0.07061788105933618	0.3185723420382005	0.1048015603398628
9.345	-0.06631460434310339	0.1036318175901975	0.04174801127884713
9.3475	-0.06174961417978735	-0.08635583540314418	-0.02636382100140275
9.350000000000001	-0.05694092650002117	-0.2345019347689517	-0.09697455198074537
9.352500000000001	-0.05190751899718979	-0.3658152096844679	-0.1675613315650875
9.354999999999999	-0.0466692562311708	-0.5869637560376875	-0.2356804124773078
9.3575	-0.04124681123196011	-0.8512727995739412	-0.2989939185960021
9.360000000000001	-0.03566158391268989	-1.000362175314109	-0.355302780406179
9.3625	-0.02993561661394672	-1.153968851776612	-0.4026019748865199
9.365	-0.02409150711271326	-1.406053164396783	-0.4391639511381404
9.367500000000001	-0.01815231943926597	-1.478253137816735	-0.4636411655470216
9.370000000000001	-0.01214149285399779	-1.453880901748062	-0.4751617737649429
9.3725	-0.006082749343355329	-1.458643743333976	-0.4733846779620041
9.375	-1.233934895392386e-15	-1.525103885090429	-0.4584933030407823
9.3775	0.006082749343358362	-1.387266055830606	-0.4311374865077449
9.380000000000003	0.0121414928540008	-1.300362684089185	-0.3923566401564226
9.382500000000002	0.01815231943926895	-1.204020026975484	-0.3435149056695727
9.385	0.02409150711271354	-1.089188606235487	-0.2862533359885345
9.387500000000001	0.02993561661395222	-1.025661496006892	-0.2224378430243564
9.389999999999999	0.03566158391269272	-0.8452847301107075	-0.1540783092342349
9.392500000000002	0.04124681123196037	-0.5741543083772535	-0.08321719862540031
9.395	0.04666925623116864	-0.4330289421115475	-0.0118131734074655
9.397499999999999	0.05190751899719235	-0.1302969261395056	0.05834783948207083
9.399999999999999	0.05694092650001918	0.1437745861948757	0.1256969502530781
9.4025	0.06174961417978757	0.3205361763670427	0.1888861109986942
9.405	0.0663146043431036	0.6132471986508461	0.2467686942957515
9.407499999999999	0.07061788105933826	0.7331548204034705	0.2983755422849077
9.41	0.0746424612612727	0.8839036077252345	0.342899052455731
9.412500000000001	0.07837246176950732	0.891974172458135	0.3796906476192853
9.415	0.0817931619761064	1.200765775119389	0.4082722210921357
9.4175	0.0848910619401286	1.249156018639469	0.4283583537670272
9.42	0.087653935665709	1.177905979693899	0.4398810823869485
9.4225	0.0900708793524932	1.227282295748759	0.4430054404115742
9.425	0.09213235442794163	1.231937187753019	0.438126985255568
9.4275	0.09383022519173288	1.04792871846449	0.425851348891869
9.43	0.09515779092364518	0.9987433630568218	0.4069630944733052
9.432500000000001	0.09610981232824053	0.927584315019724	0.3823915774669884
9.435	0.09668253221197273	0.7972819630336079	0.3531772597536882
9.4375	0.09687369031111204	0.2160781455951843	0.3204381777509477
9.44	0.09668253221197261	0.3044911342450223	0.2853354303895643
9.4425	0.09610981232823994	0.08922707300709778	0.2490376479380652
9.445	0.0951577909236448	-0.003211810934736964	0.2126855467850193
9.4475	0.09383022519173238	-0.2517899460488823	0.177357934341731
9.45	0.09213235442794185	-0.4971556287889036	0.1440400845099085
9.4525	0.09007087935249246	-0.6274598622438614	0.1135948938587059
9.454999999999998	0.08765393566571049	-0.6511274683242143	0.08673714666858565
9.4575	0.08489106194012765	-0.6892161913382886	0.0640116711420667
9.459999999999999	0.08179316197610534	-0.8480238226067234	0.0457768869531006
9.462500000000002	0.07837246176950455	-1.072601065627667	0.03219572876475964
9.465	0.07464246126127144	-1.040245803084426	0.02323573470384325
9.467500000000001	0.07061788105933689	-0.9921925491778144	0.01867911184161247
9.469999999999999	0.06631460434310414	-0.8837227552109251	0.01814217318814785
9.4725	0.06174961417978815	-0.8204490738798069	0.02110224160557607
9.475	0.05694092650001979	-0.906734414510274	0.02692934821515439
9.4775	0.05190751899719067	-0.5919545002615109	0.03491989506757911
9.48	0.04666925623116931	-0.5178578767619294	0.04432974288538745
9.482500000000002	0.04124681123195607	-0.3049589314451226	0.05440472453974841
9.485	0.03566158391269086	-0.2329326526223846	0.06440724133537251
9.4875	0.02993561661394771	-0.1348158714902616	0.07363828984180518
9.49	0.02409150711271428	0.02101142655456362	0.08145490925672269
9.492500000000001	0.01815231943926429	0.211847533367642	0.0872835401212807
9.495000000000001	0.01214149285399883	0.2593424611345714	0.09063007063817644
9.4975	0.00608274934335637	0.491627258555275	0.09108739305212481
9.5	-1.486752090700779e-14	0.5037711844790075	0.09905185117677626
9.502500000000001	0.03969438720929353	0.7697563120924495	0.1147193170522272
9.504999999999999	0.07923211880689154	0.7793421371801565	0.1284072473680813
9.5075	0.1184571574292886	0.8012485327936656	0.1426027295092231
9.51	0.157214699769257	0.9990397280764503	0.1597391940620836
9.512500000000001	0.1953517875137827	0.9340021375638292	0.1820463205785003
9.515	0.2327179110007171	0.8860190777416629	0.2114366031310611
9.517500000000002	0.2691656032116652	0.8349432552364262	0.2494155948476665
9.52	0.3045510217567714	1.08524906626884	0.2970017848481464
9.5225	0.3387345165551467	0.7948218444399231	0.3546532223055969
9.525	0.3715811809697445	0.941146151869494	0.4222138082098651
9.5275	0.4029613842223773	0.932866544746516	0.4989035166893645
9.530000000000001	0.4327512829870148	0.6688468200998587	0.5833731554304947
9.532500000000002	0.4608333101429698	0.8304628192629269	0.6738221498749146
9.535	0.4870966387584788	0.6448767258926549	0.7681475661010104
9.537500000000001	0.5114376194741067	0.7785173213448008	0.8640711383925194
9.54	0.5337601895592834	0.7647162647557207	0.9591929445663055
9.542500000000002	0.5539762520281236	0.8448239320263038	1.050962166071412
9.545	0.5720060233178668	0.8528274828556497	1.136641205269568
9.5475	0.5877783481582773	0.8289234019045948	1.213403939600002
9.549999999999999	0.6012309803888856	0.9094160364752942	1.27863099653893
9.5525	0.6123108286162169	0.9786030052989838	1.330257900742311
9.555	0.6209741657411996	1.117440255558964	1.366949461355061
9.5575	0.6271868015301165	1.196263946306439	1.388058987246223
9.559999999999999	0.630924217547789	1.063972441525675	1.393531818206197
9.562500000000002	0.6321716639206549	1.204634986971748	1.383883338303108
9.565	0.6309242175477879	1.530117401850247	1.360228594338094
9.5675	0.6271868015301165	1.358891078490685	1.3242734774714
9.57	0.6209741657411996	1.349685691114166	1.278220475599616
9.5725	0.6123108286162127	1.359388142946512	1.224599759007349
9.575	0.6012309803888912	1.354465421694099	1.166062001899402
9.5775	0.5877783481582709	1.429343236414858	1.105174352365769
9.58	0.5720060233178594	1.305303653090062	1.044254128261015
9.582500000000001	0.5539762520281066	1.255455061512084	0.9852576083358793
9.585	0.5337601895592837	1.469143228434176	0.9297226303356136
9.5875	0.511437619474086	1.268819881496902	0.8787525256443467
9.59	0.4870966387584677	1.081898853744181	0.8330261463663171
9.592500000000001	0.4608333101429457	1.161709898017447	0.7928209910707565
9.595	0.4327512829870152	0.8468244201053469	0.7580410090973695
9.5975	0.402961384222364	0.7859625491360832	0.728246199124706
9.6	0.3715811809697595	0.7605020232563107	0.7026862331660508
9.602500000000001	0.3387345165551472	0.445034404462689	0.6803429548029748
9.604999999999999	0.304551021756772	0.6528414929214869	0.6599848307099496
9.6075	0.2691656032116496	0.3750462126437049	0.6402305792990906
9.61	0.2327179110007177	0.4846347011476898	0.619612822383662
9.6125	0.1953517875137492	0.1394744346420346	0.596630301329979
9.615	0.1572146997692402	0.1989800988701612	0.5697805369826753
9.617500000000001	0.1184571574292892	-0.004088180357129323	0.5375712381232125
9.62	0.07923211880690999	0.0999482937078099	0.4985146710916369
9.6225	0.03969438720927621	0.07708870351027866	0.4511132707974407
9.625	3.715315018676081e-15	-0.03695089510897867	0.3938486716092618
9.6275	-0.03969438720928672	-0.04311089158612023	0.3251930903065692
9.63	-0.07923211880692044	0.03659022326521566	0.2436712622707208
9.632500000000002	-0.1184571574293172	-0.1134878691197791	0.1480002514054761
9.635	-0.1572146997692504	-0.1805015157540787	0.03729862401166151
9.637500000000001	-0.1953517875137933	-0.2955215953169171	-0.08871208380522569
9.64	-0.2327179110007275	-0.1428821215329233	-0.2296197407875149
9.642500000000002	-0.2691656032116591	-0.38984544815392	-0.3843796722705814
9.645	-0.3045510217567654	-0.4498259212118824	-0.5514427148844404
9.6475	-0.3387345165551562	-0.5369232088131299	-0.7288533597120617
9.65	-0.3715811809697535	-0.5721324037274131	-0.9142725799356135
9.6525	-0.4029613842223721	-0.7380776629462531	-1.104934185359476
9.655	-0.4327512829869967	-0.7846308686719686	-1.297572752766205
9.6575	-0.4608333101429528	-1.00042645726139	-1.488401282889418
9.66	-0.4870966387584745	-1.116663174922907	-1.673265154812727
9.662500000000001	-0.5114376194741027	-1.225996948970927	-1.848015683697009
9.665000000000001	-0.5337601895592894	-1.480308278123115	-2.008874685197736
9.6675	-0.5539762520281203	-1.35890745474915	-2.152530597904437
9.67	-0.572006023317864	-1.529205253684233	-2.2760924447318
9.672500000000001	-0.5877783481582748	-1.710377523187904	-2.377157377388072
9.675	-0.601230980388889	-1.898247978547985	-2.453975804432276
9.6775	-0.6123108286162152	-2.012190232065392	-2.505544398860349
9.680000000000001	-0.6209741657412016	-2.067964366398777	-2.531550523999651
9.682500000000001	-0.6271868015301202	-2.095612353209401	-2.532229458417478
9.685	-0.6309242175477886	-2.229472624463695	-2.508246032326134
9.687500000000002	-0.6321716639206549	-2.057124873131618	-2.460672533021464
9.69	-0.6309242175477884	-2.117347090736084	-2.391054022343931
9.692500000000003	-0.6271868015301152	-2.17570134803398	-2.301479108179254
9.695	-0.6209741657412009	-2.218274415670564	-2.19455001437308
9.6975	-0.6123108286162143	-2.190979502533994	-2.073201324536476
9.7	-0.6012309803888878	-2.250689035953563	-1.940430644443368
9.702499999999999	-0.5877783481582733	-2.167853540408108	-1.799080756015952
9.704999999999998	-0.57200602331787	-1.908047078141961	-1.651783196045838
9.7075	-0.5539762520281185	-1.740360678875505	-1.501073885861575
9.709999999999999	-0.5337601895592777	-1.771596124319605	-1.349585347784971
9.712500000000002	-0.5114376194740899	-1.639804641726243	-1.200161267960444
9.715	-0.4870966387584721	-1.544959379199926	-1.055786500373159
9.717500000000001	-0.460833310142938	-1.199486751312787	-0.9193444497903128
9.719999999999999	-0.432751282987007	-1.325399770821901	-0.79328563742049
9.7225	-0.4029613842223692	-1.040837706460966	-0.6793128451086604
9.725	-0.371581180969765	-0.9369693459628975	-0.5782174975231373
9.7275	-0.3387345165551379	-0.7126490265383135	-0.4899532014361772
9.73	-0.3045510217567622	-0.7650543734348713	-0.4138754112186426
9.7325	-0.2691656032116232	-0.5857780922725978	-0.3489927349508982
9.735	-0.2327179110007073	-0.5235544545802121	-0.2941362146043821
9.7375	-0.1953517875137556	-0.3800683201048592	-0.2480364040752395
9.74	-0.1572146997692468	-0.1169000186180674	-0.209331395215734
9.7425	-0.1184571574292782	-0.04562781443697649	-0.1765340273813339
9.745000000000001	-0.07923211880689891	-0.1676389585142727	-0.1479906163199987
9.7475	-0.03969438720928301	0.2156114237054744	-0.1218661768883701
9.75	2.691955179338198e-15	0.1874651895216258	-0.109101213683308
9.7525	-0.01014723187569354	0.1700605395863524	-0.1079915405851136
9.754999999999999	-0.02025441726299653	0.3379544505577988	-0.105487006586708
9.7575	-0.0302816677187301	0.22370350546697	-0.1024877811412294
9.76	-0.04018941026636031	0.499871619516258	-0.09984698700084291
9.762500000000001	-0.04993854357245972	0.5380692859948876	-0.09834968873357924
9.765	-0.05949059226182472	0.5098020201692086	-0.09869716422938951
9.767500000000002	-0.06880785876220298	0.4148987652279916	-0.1014951884388854
9.77	-0.07785357207936729	0.4389284016370428	-0.1072450084321888
9.772499999999999	-0.0865920329154481	0.366814493630483	-0.1163359226248075
9.775	-0.0949887545577447	0.4071089002820847	-0.1290388480532573
9.7775	-0.1030105989820433	0.3809404975228916	-0.1455008508707101
9.780000000000001	-0.1106259076332222	0.09976387723590396	-0.1657411663855714
9.7825	-0.1178046263671425	0.07129948995409643	-0.1896495843974291
9.785	-0.124518424060603	-0.05554350025353915	-0.2169881131064088
9.787500000000001	-0.1307408044213589	-0.1263468505718485	-0.2473965494625011
9.79	-0.1364472105568502	-0.4923408678896024	-0.2804020802568211
9.7925	-0.1416151218890773	-0.4595380887903295	-0.3154325030985224
9.795	-0.1462241430330011	-0.4671276762804235	-0.3518322810686114
9.7975	-0.150256084287834	-0.943315331119555	-0.3888805430370179
9.8	-0.1536950334234548	-0.7427713127345117	-0.4258103054719637
9.8025	-0.1565274184787363	-1.183857968187788	-0.4618285059044092
9.805	-0.1587420613238576	-1.00990003405654	-0.4961367375384331
9.807500000000001	-0.1603302217752829	-1.142066657005801	-0.5279527088645463
9.81	-0.161285632089272	-0.9496113665563118	-0.5565323370485951
9.8125	-0.161604521697801	-1.136707108230119	-0.581192028059507
9.815000000000001	-0.1612856320892719	-1.163706146172335	-0.6013302080238638
9.8175	-0.1603302217752827	-1.052886062244241	-0.6164467346276464
9.82	-0.1587420613238581	-1.229361047449559	-0.6261586379350693
9.8225	-0.1565274184787358	-1.037562059530422	-0.6302108505563878
9.825000000000001	-0.1536950334234555	-1.025062580386787	-0.6284811771888752
9.8275	-0.1502560842878333	-0.9406488022290947	-0.6209795565501911
9.830000000000002	-0.1462241430330002	-0.9856640186096325	-0.6078424273947955
9.832500000000001	-0.141615121889074	-0.9124961449075333	-0.5893234827398248
9.835	-0.1364472105568492	-0.741209169303332	-0.5657821467280578
9.837500000000002	-0.1307408044213523	-0.7620463362159604	-0.537670752010625
9.84	-0.1245184240606017	-0.7719147636434243	-0.5055207981514219
9.842500000000001	-0.1178046263671379	-0.4504494150498633	-0.4699281058941568
9.845	-0.1106259076332207	-0.3410943482167133	-0.4315364307807207
9.8475	-0.1030105989820382	-0.1579472935888149	-0.3910193174614252
9.85	-0.09498875455774676	-0.101820095416338	-0.349060579474025
9.8525	-0.08659203291544637	0.07963604860809263	-0.3063344704475277
9.854999999999999	-0.07785357207936949	0.1953798617051255	-0.2634870077903407
9.8575	-0.06880785876220111	0.1248091272733877	-0.2211198161199793
9.86	-0.0594905922618228	0.4368905907377275	-0.1797773373392772
9.8625	-0.04993854357245339	0.4575319373821926	-0.1399375613183571
9.865	-0.04018941026635386	0.5345200746219287	-0.1020058428007172
9.867500000000001	-0.03028166771872808	0.410387954344814	-0.06631105563264954
9.87	-0.02025441726299904	0.4389986070054208	-0.03310332485108334
9.872499999999999	-0.01014723187569148	0.4491318717273035	-0.002552803563201082
9.875	1.589269485982572e-16	0.5011376317463816	0.02525068328087242
9.8775	0.0101472318756918	0.3789923622817861	0.05029693710258089
9.88	0.02025441726299935	0.1493756734113157	0.07265315859349204
9.8825	0.03028166771873741	0.3746121240318411	0.0924596282326148
9.885	0.04018941026635862	0.202766091849194	0.1099228400094252
9.887500000000001	0.04993854357245806	0.2145852759404356	0.1253059264937693
9.89	0.0594905922618231	-0.01636651622340879	0.1389165908376175
9.8925	0.06880785876220555	0.04492127089369151	0.1510931059236732
9.895	0.07785357207936575	0.2351050876773689	0.1621891640281931
9.8975	0.08659203291544663	-0.09804046943500644	0.1725584334188231
9.9	0.09498875455774332	0.02539489845651835	0.1825396279610027
9.9025	0.103010598982042	0.04777670318357888	0.1924427752547015
9.905	0.1106259076332176	-0.1069954976050956	0.2025372276054551
9.9075	0.1178046263671381	-0.143853548472708	0.2130418276877351
9.91	0.1245184240606049	-0.1886388956672941	0.2241175250894512
9.912500000000001	0.1307408044213579	-0.2504659583157301	0.2358626350278789
9.915000000000001	0.1364472105568493	-0.2490945055394906	0.2483108257453221
9.9175	0.1416151218890787	-0.1863742295531617	0.261431808551968
9.92	0.1462241430330023	0.09997792047724069	0.2751345832566302
9.9225	0.1502560842878334	-0.009565072508252226	0.2892729687420859
9.925	0.1536950334234542	0.09357825236266823	0.3036530365798848
9.9275	0.1565274184787371	0.0698635457295246	0.3180419797873787
9.930000000000001	0.1587420613238581	0.4286905592277495	0.3321779014808222
9.932500000000001	0.1603302217752839	0.1406368360966053	0.3457800052004646
9.935	0.1612856320892722	0.3935225015282737	0.3585587077432873
9.937500000000002	0.161604521697801	0.4947926619230534	0.3702252667006764
9.94	0.161285632089272	0.5382719023046578	0.3805006045036414
9.9425	0.1603302217752823	0.5513959308587756	0.3891231043010999
9.945	0.1587420613238575	0.6178089685510625	0.3958552393037397
9.9475	0.1565274184787362	0.6708052816020702	0.4004889701043037
9.95	0.1536950334234561	0.7473631322240417	0.4028499023179694
9.9525	0.1502560842878323	0.697317928085977	0.4028002408867917
9.955	0.1462241430330029	0.5798195003737507	0.4002406094860686
9.9575	0.1416151218890771	0.7741456113557128	0.3951108249103339
9.96	0.1364472105568476	0.8631665286308461	0.3873897275210849
9.9625	0.1307408044213534	0.8024431161611203	0.377094170259974
9.965	0.1245184240606028	0.7436178314632161	0.3642772620036547
9.967500000000001	0.1178046263671391	0.6890953591479012	0.3490259495805348
9.97	0.1106259076332186	0.3917428974392556	0.3314580113984472
9.9725	0.1030105989820396	0.4472177273621949	0.3117185292680343
9.975000000000001	0.09498875455774818	0.4767278936975838	0.2899759071032024
9.977500000000001	0.08659203291544396	0.2574046391395287	0.2664175165569131
9.98	0.07785357207936297	0.1667810982798526	0.2412450682548878
9.982500000000002	0.06880785876219854	-0.08288509690035059	0.2146698289110352
9.985000000000001	0.05949059226182443	0.01527593308785891	0.1869078242239949
9.9875	0.04993854357245068	-0.05120922221481142	0.1581751806062107
9.99	0.04018941026635556	-0.3525662378025426	0.1286837625483827
9.992500000000001	0.03028166771872978	-0.3489486312378711	0.09863725564184114
9.995000000000001	0.02025441726300077	-0.3416241528352629	0.0682278283822987
9.9975	0.01014723187568864	-0.3960357464642581	0.03763348026979128
10.0	6.075049092638555e-15	-0.3472727884471987	0.0002946473196341892
10.0025	-0.03893525555270332	-0.5657794936199388	-0.04387395108211869
10.005	-0.07771685143957245	-0.4910720084143541	-0.08906018777389534
10.0075	-0.1161917344192616	-0.5812092541126763	-0.1371128733787231
10.01	-0.1542080617061521	-0.5751575649833538	-0.1898759783320192
10.0125	-0.191615800224467	-0.7227990362308565	-0.2491642636715531
10.015	-0.2282673187201946	-0.5149565150638922	-0.3167318396678981
10.0175	-0.2640179703943683	-0.4938516771657362	-0.3942009396221674
10.02	-0.2987266637577172	-0.5566622015566098	-0.4829297032678331
10.0225	-0.3322564194544761	-0.5796631519200376	-0.5838325710712996
10.025	-0.3644749108571375	-0.4196822132424113	-0.6972068980279036
10.0275	-0.3952549862994083	-0.6523672769482933	-0.8226249874750341
10.03	-0.4244751708855948	-0.6245394053663603	-0.958912045701094
10.0325	-0.4520201458965413	-0.6171365669117461	-1.104188983998939
10.035	-0.477781203899984	-0.8142996083867668	-1.255951826681508
10.0375	-0.5016566777691249	-0.8703032255510675	-1.411181306294913
10.04	-0.5235523419162258	-1.076877126533664	-1.566498532258036
10.0425	-0.5433817841581066	-1.111912303439312	-1.718370773180516
10.045	-0.5610667467454311	-1.00005217654995	-1.863314626485914
10.0475	-0.5765374352103806	-1.313252479599536	-1.998014693720001
10.05	-0.5897327938134411	-1.454886695502026	-2.119354108558308
10.0525	-0.6006007465026117	-1.396398371849458	-2.224450626834753
10.055	-0.6090984024337139	-1.714796774005434	-2.310768375951726
10.0575	-0.615192225241007	-1.60085168142006	-2.376271972450122
10.06	-0.6188581653898639	-1.814507738679463	-2.41953591823079
10.0625	-0.6200817550893287	-1.777186193802973	-2.439756624932597
10.065	-0.6188581653898628	-2.189928051098788	-2.436687145242055
10.0675	-0.615192225241005	-2.263590019049602	-2.410562853479653
10.07	-0.6090984024337174	-2.001395195871553	-2.36207937246657
10.0725	-0.6006007465026121	-2.091690685154278	-2.292431400179479
10.075	-0.5897327938134415	-2.244325012655593	-2.203358355863795
10.0775	-0.5765374352103745	-2.03670085945366	-2.097113050555065
10.08	-0.5610667467454317	-2.130763313192103	-1.976304413775898
10.0825	-0.5433817841580902	-2.094889883779389	-1.843654000661663
10.085	-0.523552341916217	-2.098258624281289	-1.701779787575386
10.0875	-0.5016566777691048	-2.135206287665058	-1.553116443122194
10.09	-0.4777812038999847	-2.01505574866656	-1.400006869172673
10.0925	-0.452020145896518	-1.673439674027899	-1.244894451975489
10.095	-0.4244751708855828	-1.541044874656987	-1.090459094721916
10.0975	-0.3952549862994092	-1.401227862868208	-0.9395578221655059
10.1	-0.3644749108571384	-1.387593890746843	-0.7949623359287166
10.1025	-0.3322564194544622	-1.262646367692132	-0.6590043365277293
10.105	-0.2987266637577337	-1.105365753328521	-0.5332777879753082
10.1075	-0.2640179703943694	-0.9191011362441496	-0.4185329240862512
10.11	-0.2282673187201793	-0.6602357133398473	-0.3147984591510474
10.1125	-0.1916158002244347	-0.4164049366564512	-0.2216262298514367
10.115	-0.1542080617061533	-0.3870770273719515	-0.1383173094817353
10.1175	-0.1161917344192455	-0.217475450754496	-0.06406496992339221
10.12	-0.07771685143957366	-0.05427077803197707	0.001979773768958915
10.1225	-0.03893525555270454	0.09382018539132271	0.06069554128480308
10.125	-1.275990600613798e-14	-0.002562378210990979	0.1130122666447216
10.1275	0.03893525555271424	0.2604824319218724	0.159951367575007
10.13	0.07771685143958329	0.7116461630875835	0.2026627656507019
10.1325	0.1161917344192897	0.5280029506107956	0.2424335502968262
10.135	0.1542080617061627	0.6612141968340017	0.2806534647664987
10.1375	0.1916158002244607	0.7680609852693362	0.318742846019117
10.14	0.2282673187201884	0.8344677921169914	0.3580629966414179
10.1425	0.2640179703943782	0.8066424571470814	0.3998286254701569
10.145	0.2987266637577268	0.9881151769487347	0.4450330756380674
10.1475	0.3322564194544704	0.698037580750882	0.4943892923536764
10.15	0.3644749108571321	1.10758278040879	0.5482868598004821
10.1525	0.3952549862994167	1.066643950691819	0.6067664878032596
10.155	0.4244751708855771	0.9095162741549904	0.6695147388872732
10.1575	0.4520201458965247	0.9615138148379258	0.7358808492874588
10.16	0.477781203899991	1.057318040976758	0.8049133894785767
10.1625	0.5016566777691209	1.016319732231112	0.8754088307348692
10.165	0.5235523419162222	1.093685668651087	0.9459605357056581
10.1675	0.5433817841581033	0.9722165175771367	1.014999813275911
10.17	0.5610667467454358	1.031403595417223	1.08083289606473
10.1725	0.576537435210378	0.9140503678594971	1.141693677117184
10.175	0.589732793813439	0.9578857311470111	1.195835421199072
10.1775	0.6006007465026144	1.096417472069852	1.241661168647457
10.18	0.6090984024337193	1.11598521776908	1.277857015488912
10.1825	0.6151922252410085	1.151674402120712	1.303484647322914
10.185	0.6188581653898635	1.13731019830523	1.318020933975073
10.1875	0.6200817550893287	1.094551749459595	1.321365091055834
10.19	0.6188581653898633	1.047800200060772	1.313834157531653
10.1925	0.6151922252410037	1.262824654763491	1.296146709603394
10.195	0.6090984024337154	1.200982426127613	1.269382447268449
10.1975	0.6006007465026137	1.304014025602668	1.234910735269444
10.2	0.5897327938134489	1.199978497090198	1.194293116818635
10.2025	0.5765374352103769	1.077835317098897	1.149172541022885
10.205	0.561066746745442	1.295415470502067	1.101163892802804
10.2075	0.5433817841581019	1.226724130554691	1.051758402552188
10.21	0.5235523419162111	1.213937026366299	1.002250113668332
10.2125	0.5016566777691088	1.153240747847098	0.9536872279190686
10.215	0.477781203899989	1.236478325438004	0.9068465660238121
10.2175	0.4520201458965226	1.195813330419967	0.8622266835288879
10.22	0.4244751708855877	0.9603472592957144	0.8200544331575916
10.2225	0.3952549862994008	1.004725873204402	0.7803004069345783
10.225	0.3644749108571438	0.9398059506006096	0.7427000384383646
10.2275	0.3322564194544529	1.014814528826669	0.706778571237292
10.23	0.2987266637577241	0.6650622197114573	0.6718790701442852
10.2325	0.2640179703943436	0.7644144666110655	0.6371928146634886
10.235	0.2282673187201855	0.5338412801962978	0.601790784565455
10.2375	0.1916158002244243	0.6009971315086226	0.5646540199944124
10.24	0.1542080617061427	0.3331708906720195	0.5247001744134124
10.2425	0.1161917344192347	0.3279663587807179	0.480804122710787
10.245	0.07771685143956279	0.1694467167923143	0.4318120433928606
10.2475	0.03893525555271121	0.1153377254265069	0.3765506133162376
10.25	-2.153760327194936e-14	0.1057775042623018	0.3317962652142161
10.2525	0.04312585814760947	-0.2236800987261643	0.2972190165067021
10.255	0.08608151823542343	-0.1845290552285874	0.2567073361086034
10.2575	0.1286974538977056	-0.1391387316268022	0.2150044037019425
10.26	0.170805479505727	-0.2905996013374741	0.1766076409773478
10.2625	0.2122394139197024	-0.1174514497469616	0.145654904355869
10.265	0.2528357363299023	-0.3717617075561763	0.1258880478287459
10.2675	0.2924342315985046	-0.2375261919796223	0.1206472090167634
10.27	0.3308786225554445	-0.3896807161096769	0.1328290171640689
10.2725	0.3680171867532558	-0.1453165201950664	0.1647266007782937
10.275	0.4037033552459786	0.009017769369932399	0.2177082425680363
10.2775	0.4377962910300962	0.06740331071622623	0.2918074774742417
10.28	0.470161444863588	0.2270783206439694	0.3854425943959442
10.2825	0.5006710862705639	0.2559973051342458	0.4955121777884263
10.285	0.5292048076348647	0.5208116793384149	0.6179154636498866
10.2875	0.5556499993941342	0.7633966376581065	0.7482707196078304
10.29	0.5799022944581098	1.034209738069748	0.8824820739480495
10.2925	0.6018659800980188	1.219254248011357	1.016774438693322
10.295	0.621454375680894	1.282538840775938	1.146902218886783
10.2975	0.6385901747584707	1.478886975799367	1.267181169693704
10.3	0.6532057501603609	1.617943802251858	1.371115640937754
10.3025	0.6652434208877008	1.659081900911862	1.453576026016726
10.305	0.6746556797535966	1.722716480509219	1.51198266082212
10.3075	0.6814053808723738	1.659339438775913	1.545535662051431
10.31	0.6854658862573493	1.705777912757305	1.554061145842536
10.3125	0.6868211709488443	1.720341147047368	1.537882738815732
10.315	0.6854658862573499	1.49016917713785	1.498487937775405
10.3175	0.6814053808723703	1.277822415804266	1.439002093694522
10.32	0.6746556797535989	1.242229236960513	1.363984169770426
10.3225	0.665243420887694	1.145826929824957	1.278742234970376
10.325	0.6532057501603644	0.7939383887630699	1.188574559373714
10.3275	0.6385901747584749	0.6438141136841694	1.098214323032706
10.33	0.6214543756808988	0.6987202086340368	1.011553945713393
10.3325	0.6018659800980055	0.521265719203054	0.9315817783127306
10.335	0.579902294458095	0.4496166275813676	0.8604319554179253
10.3375	0.555649999394095	0.259430022072633	0.7994794624167473
10.34	0.529204807634847	0.2203531023916942	0.7494414449665916
10.3425	0.5006710862705449	0.3014525529371171	0.7104574351115918
10.345	0.4701614448635964	0.386180678309541	0.682130501025443
10.3475	0.4377962910300749	0.549222069317334	0.6635322892944484
10.35	0.4037033552459879	0.3772547086447388	0.6532056904208285
10.3525	0.3680171867532324	0.376708649430553	0.6492176016439896
10.355	0.3308786225554545	0.4417044420161798	0.649293203854817
10.3575	0.2924342315984797	0.7241144933368671	0.6510057835514961
10.36	0.2528357363299129	0.8286150291289235	0.651952092273247
10.3625	0.2122394139196761	0.8560655856192436	0.649854050104217
10.365	0.1708054795057003	0.9691432075579125	0.6425741533141941
10.3675	0.1286974538976785	1.038835953643509	0.6280669545005382
10.37	0.08608151823543476	1.022304563912493	0.6042943505247415
10.3725	0.04312585814762088	0.7901364383970763	0.5691238609934165
10.375	-1.00993119891483e-14	0.8687339659451623	0.5202303071077166
10.3775	-0.04312585814760207	0.7985169481690484	0.4550558361427636
10.38	-0.08608151823545482	0.7614504655092283	0.3709615954500866
10.3825	-0.1286974538977367	0.6461309868970522	0.2657288772136829
10.385	-0.1708054795057198	0.5866580500736529	0.1383006310879498
10.3875	-0.2122394139196953	0.3326291954726375	-0.01077123127314453
10.39	-0.2528357363298954	0.07410983717203597	-0.1795562353167491
10.3925	-0.292434231598498	-0.2404485532749635	-0.3653651258025583
10.395	-0.330878622555438	-0.3846225621072054	-0.5652492420791021
10.3975	-0.3680171867532495	-0.6416372977855089	-0.7761875742713065
10.4	-0.4037033552459726	-1.008741904380281	-0.9950389703265776
10.4025	-0.4377962910300905	-1.298820549815225	-1.218372692757958
10.405	-0.4701614448635826	-1.466224884649992	-1.44225531570018
10.4075	-0.500671086270532	-1.96531406301741	-1.66212310528719
10.41	-0.5292048076348599	-2.057767944516658	-1.872973130444291
10.4125	-0.5556499993941298	-2.376377952434202	-2.069896092462543
10.415	-0.5799022944581058	-2.607826848637301	-2.248449416636767
10.4175	-0.601865980098034	-2.728767451108988	-2.404619161623741
10.42	-0.6214543756809074	-2.830671950437805	-2.534860218397482
10.4225	-0.638590174758468	-2.798038128593125	-2.636453220446354
10.425	-0.6532057501603585	-2.947048160450591	-2.707833350667285
10.4275	-0.665243420887699	-2.973648768121358	-2.748585636168281
10.43	-0.6746556797536026	-3.113749757421322	-2.759159297352256
10.4325	-0.6814053808723778	-3.024813729902503	-2.740553365695645
10.435	-0.6854658862573513	-2.930423002502276	-2.694175384543407
10.4375	-0.6868211709488443	-2.625864690788053	-2.621906374981693
10.44	-0.6854658862573504	-2.690101489703708	-2.526246496485617
10.4425	-0.6814053808723712	-2.332754983864897	-2.410343456756747
10.445	-0.6746556797536002	-2.32834367841598	-2.277776818402383
10.4475	-0.6652434208876958	-2.172443034884953	-2.132171131336222
10.45	-0.6532057501603666	-1.683792801850933	-1.976865490266703
10.4525	-0.6385901747584632	-1.608949101082736	-1.814823488090509
10.455	-0.621454375680902	-1.558777810563864	-1.64880388247569
10.4575	-0.6018659800980279	-1.213904330186432	-1.481655520208454
10.46	-0.579902294458099	-0.8512772483084161	-1.316516495514594
10.4625	-0.5556499993940993	-0.6757711569431846	-1.156776928294936
10.465	-0.5292048076348517	-0.7392625180676802	-1.005849470013876
10.4675	-0.50067108627055	-0.3119929660811362	-0.86684276771922
10.47	-0.4701614448635733	-0.2450378015629734	-0.7421640520006946
10.4725	-0.4377962910300807	-0.1639088257475771	-0.6331578684542658
10.475	-0.4037033552459938	-0.06976747461629729	-0.5400198759114778
10.4775	-0.3680171867532387	-0.08707852062245103	-0.4620476827588219
10.48	-0.3308786225554268	-0.1438182452128713	-0.3980103608897494
10.4825	-0.2924342315984864	-0.1502102789812438	-0.3464272524047849
10.485	-0.2528357363299198	0.066122745566214	-0.305705829780275
10.4875	-0.2122394139196831	-0.09399776514091353	-0.274165512595731
10.49	-0.1708054795057074	-0.2277108537456435	-0.2499853493231858
10.4925	-0.1286974538976858	-0.2267679171917831	-0.2311249471634197
10.495	-0.08608151823544212	-0.1968647642158965	-0.2152793081746562
10.4975	-0.04312585814758931	-0.29767617312189	-0.1999135686129161
10.5	-3.082190758641851e-15	-0.5113977475606815	-0.2065769221936235
10.5025	-0.04932241539903215	-0.3607679086594607	-0.2330845804576302
10.505	-0.09845017775779388	-0.5453571476322827	-0.2568683800524954
10.5075	-0.1471894022425092	-0.4878017297373458	-0.2813360332216112
10.51	-0.1953477374010586	-0.5082901306189397	-0.3097531011812502
10.5125	-0.2427351242859772	-0.6224179138881942	-0.3453206315224304
10.515	-0.2891645465304265	-0.5662774660672839	-0.3913333124295226
10.5175	-0.3344527684164361	-0.4290120097386185	-0.4512350248324595
10.52	-0.3784210580224427	-0.7311943754550665	-0.5283290633417372
10.5225	-0.4208958925966101	-0.7044706624757163	-0.625084164830908
10.525	-0.4617096433717033	-0.7158123874444268	-0.7424467282018193
10.5275	-0.500701237119516	-1.033840722426279	-0.8796688452784912
10.53	-0.5377167918330522	-0.856424203625894	-1.034630619023243
10.5325	-0.5726102240286254	-0.983138411194119	-1.204290564833151
10.535	-0.6052438252706869	-1.261051852673516	-1.385038449843672
10.5375	-0.6354888056440349	-1.477729614416126	-1.572919409302741
10.54	-0.6632258020286983	-1.334098076432511	-1.763777731006818
10.5425	-0.6883453491718254	-1.447850833412572	-1.95338134796705
10.545	-0.7107483116968263	-1.598313204746147	-2.137527499927243
10.5475	-0.7303462753455952	-1.79628943526273	-2.31205096441481
10.55	-0.7470618959090328	-1.896961509798868	-2.472720769216997
10.5525	-0.7608292044694352	-1.947593654409869	-2.615186993955311
10.555	-0.7715938677495995	-2.190153150027516	-2.735161673929288
10.5575	-0.7793134025414712	-2.188302451931134	-2.828833220138117
10.56	-0.7839573433679357	-2.473225661217636	-2.893328039689616
10.5625	-0.7855073627161657	-2.559547397612141	-2.926991978159005
10.565	-0.7839573433679331	-2.556721698353173	-2.929376394919893
10.5675	-0.7793134025414715	-2.529818919536263	-2.901011400473455
10.57	-0.7715938677496083	-2.389237628440731	-2.843186119347433
10.5725	-0.7608292044694358	-2.656397784029493	-2.757891283039585
10.575	-0.7470618959090335	-2.674248557785125	-2.647860720541281
10.5775	-0.7303462753455795	-2.584786834391926	-2.516500634920651
10.58	-0.7107483116968272	-2.530420886834229	-2.367580111619255
10.5825	-0.688345349171805	-2.433833249682968	-2.204790498866288
10.585	-0.6632258020286995	-2.076061235735357	-2.031413774151956
10.5875	-0.6354888056440099	-1.978471977943788	-1.850265032085574
10.59	-0.6052438252706883	-2.106548480618763	-1.663918063167388
10.5925	-0.5726102240285963	-1.973818018401825	-1.475071495567903
10.595	-0.5377167918330213	-1.935612496241946	-1.286800871267593
10.5975	-0.5007012371195178	-1.547405397479444	-1.102515901063357
10.6	-0.4617096433717052	-1.361661812331895	-0.9256921184137095
10.6025	-0.420895892596612	-1.245449448265279	-0.7595395787745385
10.605	-0.3784210580224839	-1.073006247086978	-0.606623404283664
10.6075	-0.3344527684164382	-0.8882669318281077	-0.4684565437212096
10.61	-0.2891645465303871	-0.6121652626387426	-0.3453248224608189
10.6125	-0.242735124285937	-0.5044636044525364	-0.2365258734947018
10.615	-0.1953477374010608	-0.2743613315246292	-0.1408089890379794
10.6175	-0.1471894022425115	-0.2095336351706614	-0.05672571392354621
10.62	-0.09845017775779617	-0.09368882543348404	0.01718727768593668
10.6225	-0.04932241539903445	0.03219702200511425	0.08234720059607487
10.625	-5.386054406064537e-15	0.2904921078343495	0.1401429840795127
10.6275	0.04932241539906827	0.3766611533333626	0.1920064043493629
10.63	0.09845017775778549	0.4723024388443789	0.2394977251637259
10.6325	0.1471894022425448	0.5119245584505197	0.284349160972478
10.635	0.1953477374010504	0.6515619632180844	0.3284278547048102
10.6375	0.2427351242859692	1.012747885709615	0.3736290065602786
10.64	0.2891645465304186	0.7072214900406636	0.421741463505773
10.6425	0.3344527684164688	0.8841973304956887	0.4743205563545981
10.645	0.3784210580224744	0.8385990685372721	0.5325797018225905
10.6475	0.4208958925966029	1.048891895746578	0.5972999385909605
10.65	0.4617096433716965	0.9993468636992682	0.6687601796482563
10.6525	0.5007012371195094	1.11540588364531	0.7467006755609071
10.655	0.5377167918330135	1.066795014272925	0.8303343987719913
10.6575	0.5726102240286195	1.145714198304544	0.9184060862642653
10.66	0.6052438252707099	1.201597260888259	1.009265637081596
10.6625	0.6354888056440299	1.218693250251053	1.10088462016429
10.665	0.6632258020286937	1.262809891985143	1.190754096171155
10.6675	0.6883453491718213	1.277812414074273	1.27575476071688
10.67	0.7107483116968226	1.149699171988387	1.352301329789269
10.6725	0.730346275345592	1.388761155728413	1.416898838197148
10.675	0.7470618959090303	1.287883860543131	1.466750134522975
10.6775	0.7608292044694442	1.378500096631858	1.500012056967879
10.68	0.7715938677496063	1.214978590677516	1.515748736183851
10.6825	0.7793134025414757	1.266849974430437	1.513876636632995
10.685	0.7839573433679351	1.355284132178939	1.495253925949462
10.6875	0.7855073627161657	1.376409215578291	1.461816543056817
10.69	0.7839573433679335	1.406627642817767	1.416542136037944
10.6925	0.7793134025414725	1.49423781241858	1.363125274595608
10.695	0.7715938677496098	1.118919406196283	1.305473394073585
10.6975	0.7608292044694379	1.24012655278985	1.247237717095293
10.7	0.7470618959090362	1.341966167630766	1.191507002444724
10.7025	0.7303462753455827	1.404282211245767	1.140665600138382
10.705	0.7107483116968308	1.362580268005677	1.096360858714507
10.7075	0.6883453491718091	1.273862599923942	1.059527559410946
10.71	0.6632258020287042	1.322356114797673	1.030437759898835
10.7125	0.6354888056440149	1.178651234638146	1.008763482935161
10.715	0.6052438252706938	1.153265761606903	0.9936526863156049
10.7175	0.5726102240286022	1.334740314560563	0.9838237836272633
10.72	0.5377167918330275	1.056726108813725	0.9776793416695991
10.7225	0.5007012371194899	0.9967860089911706	0.9734290726105391
10.725	0.4617096433717121	1.065664690838711	0.9692039038906207
10.7275	0.4208958925966191	0.8917929113333585	0.9631429934772704
10.73	0.3784210580224522	0.9259030035966633	0.953443438667052
10.7325	0.3344527684164054	0.7699167006936622	0.9383718588178334
10.735	0.289164546530395	0.7599826628711964	0.9162427914132766
10.7375	0.2427351242859026	0.9048765887772885	0.8853713157508413
10.74	0.1953477374010258	0.442745360965094	0.8440095465714612
10.7425	0.1471894022425198	0.5300420382296992	0.7902802693130904
10.745	0.09845017775780457	0.6079088464902925	0.7221298181796623
10.7475	0.0493224153990429	0.4606725454683798	0.6373493019462776
10.75	7.477597585083431e-15	0.2138870045026611	0.5397828946065264
10.7525	-0.02662084592544787	0.09059321674657866	0.4298398261724414
10.755	-0.05313663153391911	0.1627159770759503	0.3033190123527542
10.7575	-0.07944271113356761	-0.01630736932600073	0.1628030752345502
10.76	-0.1054352666462706	-0.2263772189382137	0.01112801621995341
10.7625	-0.1310117173303355	-0.5411040355552552	-0.1489491344775067
10.765	-0.156071124619635	-0.424542211402124	-0.3148768777453151
10.7675	-0.1805145904821975	-0.5138906106603949	-0.4842719142043734
10.77	-0.2042456477253767	-0.6818798943367572	-0.6547996049350899
10.7725	-0.2271706407079451	-0.8890419140616225	-0.8240289271283752
10.775	-0.249199094956053	-0.7906828543406341	-0.9892926556554275
10.7775	-0.270244074224587	-1.305114892247686	-1.147590712650513
10.78	-0.2902225235949484	-1.304591779164373	-1.295621691737772
10.7825	-0.3090555972547383	-1.306274744846353	-1.430048692173774
10.785	-0.3266689696662189	-1.225729931785336	-1.547952714336501
10.7875	-0.3429931288952843	-1.514521306528287	-1.64718652090596
10.79	-0.3579636509432562	-1.476460015740701	-1.726431900875601
10.7925	-0.371521453999004	-1.60303438395495	-1.785081647856561
10.795	-0.3836130316078131	-1.42748424813153	-1.823110643057989
10.7975	-0.3941906638369999	-1.457395017099681	-1.840966517423714
10.8	-0.4032126056045969	-1.665396612930725	-1.839472679588722
10.8025	-0.4106432514281971	-1.540375287624625	-1.819757934901639
10.805	-0.4164532759434603	-1.423369662699656	-1.783222109105723
10.8075	-0.42061974963798	-1.401014669822091	-1.731520834478243
10.81	-0.4231262293435662	-1.401521542568188	-1.666536877965836
10.8125	-0.4239628231299182	-1.47186320835223	-1.590316449992693
10.815	-0.4231262293435659	-1.348816785346065	-1.504980490823403
10.8175	-0.4206197496379794	-1.292687548311341	-1.412647602724811
10.82	-0.4164532759434594	-1.129906161807299	-1.315403607015506
10.8225	-0.4106432514281959	-1.040156370441431	-1.215322104041902
10.825	-0.403212605604603	-1.190719722792925	-1.114500513953802
10.8275	-0.3941906638369982	-0.9780987148921041	-1.015054609191473
10.83	-0.3836130316078112	-1.352813330456857	-0.9190338343708336
10.8325	-0.3715214539989902	-1.008982555556328	-0.8282730751969724
10.835	-0.3579636509432538	-0.6257708180220454	-0.7442434244086702
10.8375	-0.3429931288952817	-0.7642159476090346	-0.667966711548955
10.84	-0.326668969666216	-0.6096852343619059	-0.6000173297144993
10.8425	-0.3090555972547187	-0.6432710144064724	-0.5405871776267619
10.845	-0.2902225235949451	-0.5107950941735359	-0.4895699445433946
10.8475	-0.2702440742245834	-0.4947051004614955	-0.4466314632938126
10.85	-0.2491990949560493	-0.6558859422662049	-0.4112530387540324
10.8525	-0.2271706407079412	-0.4575069550762801	-0.3827490658845545
10.855	-0.2042456477253727	-0.5579344237093861	-0.3602669518368265
10.8575	-0.1805145904821933	-0.403044016237761	-0.3427801133564014
10.86	-0.1560711246196307	-0.3802791247735834	-0.3290858375517973
10.8625	-0.1310117173303083	-0.5250251517095454	-0.3178185547923191
10.865	-0.1054352666462662	-0.4928760187142918	-0.3074846696446711
10.8675	-0.07944271113356312	-0.2358158333080741	-0.2965185349418759
10.87	-0.05313663153391458	-0.3303285812788549	-0.2833532683331653
10.8725	-0.02662084592544331	-0.09094941973569359	-0.2664973091813262
10.875	-1.20481736196234e-14	-0.1954926232818835	-0.2446081661884605
10.8775	0.02662084592544331	-0.1270569276394638	-0.2165573618877074
10.88	0.05313663153393849	-0.2185713698796172	-0.181483626595966
10.8825	0.07944271113356312	-0.0002832411800002543	-0.1388338394970025
10.885	0.1054352666462662	0.143693462500504	-0.08839213479532151
10.8875	0.1310117173303312	0.2833281879764891	-0.03029632276009233
10.89	0.1560711246196307	0.3506108704941219	0.03496211962760575
10.8925	0.1805145904821933	0.252663152805506	0.1065601859079263
10.895	0.2042456477253727	0.2687150235957642	0.1833910514956792
10.8975	0.2271706407079616	0.5342328134036933	0.2641337524804356
10.9	0.2491990949560493	0.4084540460322261	0.3473331460391066
10.9025	0.2702440742245834	0.6762804157472527	0.4314746398889399
10.905	0.2902225235949451	0.5137961674182947	0.515040995015923
10.9075	0.3090555972547187	0.7662215357098925	0.596546707778569
10.91	0.326668969666216	0.8736348312423734	0.6745561872601155
10.9125	0.3429931288952958	0.8439704746477876	0.7477007455671804
10.915	0.3579636509432667	0.9331998084249902	0.8147099245495087
10.9175	0.3715214539990018	0.7607968138449553	0.8744619536374775
10.92	0.3836130316078112	1.069910082656837	0.9260430100509688
10.9225	0.3941906638369982	1.036726598309386	0.9687964683523062
10.925	0.4032126056045955	1.205284241020611	1.002345835159978
10.9275	0.4106432514281959	1.080803481670084	1.026585747029181
10.93	0.4164532759434639	0.893567626999363	1.041648490798516
10.9325	0.4206197496379824	1.169208235382732	1.047861540814456
10.935	0.4231262293435659	1.028764009119279	1.045710087247838
10.9375	0.4239628231299182	1.001961528926635	1.035810584959868
10.94	0.4231262293435662	0.970148472375152	1.018893677963638
10.9425	0.42061974963798	1.114846748082299	0.9957909296042416
10.945	0.4164532759434603	0.8848176212898831	0.9674192624661931
10.9475	0.4106432514281911	0.8587626423392881	0.9347586696861806
10.95	0.4032126056045969	0.6461503409111925	0.8988217128383129
10.9525	0.3941906638369999	0.6661104778173402	0.8606165131973197
10.955	0.3836130316078234	0.6906741244684804	0.8211071451761234
10.9575	0.371521453999004	0.8674688275631616	0.7811758604669969
10.96	0.3579636509432562	0.6979353715397896	0.7415906248048729
10.9625	0.3429931288952843	0.5721166996596414	0.7029798304201723
10.965	0.3266689696662036	0.5861452140311462	0.6658145581204089
10.9675	0.3090555972547218	0.37017460718807	0.6303978733524173
10.97	0.2902225235949484	0.5988881177650462	0.5968604442159571
10.9725	0.270244074224587	0.4837163079753566	0.5651620752080809
10.975	0.249199094956053	0.4882108601543819	0.5350991937386483
10.9775	0.2271706407079451	0.4124504975780984	0.5063185015614172
10.98	0.2042456477253767	0.6227949512703265	0.4783366474464578
10.9825	0.1805145904821757	0.7752391868421344	0.4505649437040546
10.985	0.156071124619635	0.5030042538147328	0.4223372202657951
10.9875	0.1310117173303126	0.5495451370048007	0.3929383800730647
10.99	0.1054352666462706	0.6340180457069571	0.3616313825202471
10.9925	0.07944271113354394	0.3939384218690367	0.3276811707797171
10.995	0.05313663153391911	0.2224506248811623	0.2903751365587349
10.9975	0.02662084592544787	0.6121359963433253	0.2490406938032211
11.0	2.218885521670094e-14	0.4760425762632798	0.2010769896033399
11.0025	-0.03554335363838179	0.4274447597984639	0.1458166689375325
11.005	-0.07094643389815669	0.1040397148828926	0.08440671866583788
11.0075	-0.1060695209957099	0.1098914570156143	0.01574113309211711
11.01	-0.1407740001524474	0.1131897531067767	-0.0612109581534471
11.0125	-0.174922908644075	-0.0957399696273665	-0.1473498953024377
11.015	-0.2083814763299604	-0.3988702774291385	-0.2433699290027801
11.0175	-0.2410176575292422	-0.4357989027213596	-0.3496730062607004
11.02	-0.2727026521447207	-0.6053256406728117	-0.4662894207569006
11.0225	-0.3033114139782029	-0.5800907391250408	-0.5928199870387468
11.025	-0.3327231442304902	-0.7035362278874039	-0.7284018856706229
11.0275	-0.3608217682392709	-0.8555893497973125	-0.8716899289579063
11.03	-0.3874963935725722	-1.079752735815669	-1.020845895402424
11.0325	-0.4126417476707285	-1.088657711889518	-1.173540580629052
11.035	-0.4361585933088887	-1.221033721791122	-1.326992782474793
11.0375	-0.4579541202411862	-1.412546159598759	-1.478085621348545
11.04	-0.477942311480209	-1.486811925523529	-1.623578787515868
11.0425	-0.4960442827669087	-1.684304111356268	-1.760353458446309
11.045	-0.512188593890588	-1.834667072394025	-1.885571015695894
11.0475	-0.5263115306308932	-1.87428607871506	-1.996709563614294
11.05	-0.5383573562086663	-2.131623822463187	-2.091564311148947
11.0525	-0.5482785312535743	-1.960934966165462	-2.168289127513404
11.055	-0.5560359014202507	-2.137394113686368	-2.225465494745518
11.0575	-0.561598851912667	-2.101734539677405	-2.262144659222565
11.06	-0.5649454283066918	-2.30434568369829	-2.277838629933449
11.0625	-0.5660624231942033	-2.137408029165365	-2.272481391877764
11.065	-0.5649454283066909	-1.931685770939937	-2.246401245475986
11.0675	-0.5615988519126652	-2.13366136156177	-2.200330364249502
11.07	-0.5560359014202542	-1.957267008744948	-2.135442058302471
11.0725	-0.5482785312535708	-1.870053011317904	-2.053371945022264
11.075	-0.538357356208672	-1.909008719968482	-1.956170100469468
11.0775	-0.526311530630888	-1.699188630005561	-1.846163726543568
11.08	-0.512188593890582	-1.604805213875105	-1.725771227525111
11.0825	-0.4960442827668865	-1.305239763671449	-1.597351556519134
11.085	-0.4779423114802016	-1.345474556478773	-1.463160361090908
11.0875	-0.4579541202411592	-1.248824967098193	-1.325424614546805
11.09	-0.4361585933088798	-1.007855975115014	-1.186469948844532
11.0925	-0.412641747670719	-0.7542176664134235	-1.048782982314372
11.095	-0.3874963935725855	-0.9033708545879576	-0.9149172191810164
11.0975	-0.3608217682392603	-0.7673603845645984	-0.7872501143881142
11.1	-0.332723144230505	-0.5408231197976846	-0.6676927360991227
11.1025	-0.3033114139781913	-0.681156417369472	-0.5574856331573332
11.105	-0.2727026521447367	-0.3486184142299856	-0.4571701483729958
11.1075	-0.2410176575292296	-0.3778418279290641	-0.3667189187313691
11.11	-0.2083814763299774	-0.210596672577606	-0.2857271263295388
11.1125	-0.1749229086440618	-0.1642715552761538	-0.2135743862219077
11.115	-0.1407740001524339	-0.3688467711954982	-0.1495242945905459
11.1175	-0.1060695209956963	-0.0410842749464204	-0.09276839961359007
11.12	-0.07094643389817486	-0.1046093034402844	-0.04243141427880162
11.1225	-0.03554335363836794	-0.01581007145331363	0.002446796405455684
11.125	3.885572411011878e-15	0.2215146800853787	0.04293633351325297
11.1275	0.03554335363837571	0.05701772853515162	0.08023090255218321
11.13	0.07094643389818256	0.005218006424668326	0.1156339131087704
11.1325	0.1060695209957356	0.1809936570384019	0.1505118407113397
11.135	0.1407740001524415	0.2502361461933961	0.1862230435172582
11.1375	0.1749229086440998	0.2253406956911824	0.2240372243873408
11.14	0.2083814763299847	0.4557230880328635	0.2650589095188025
11.1425	0.2410176575292367	0.4073269174446124	0.3101623757062633
11.145	0.2727026521447153	0.2877185240170733	0.3599407956351668
11.1475	0.3033114139781978	0.5518807149914617	0.4146709226691152
11.15	0.3327231442304853	0.4040958254333804	0.4742952769960149
11.1525	0.3608217682392662	0.7202222875117863	0.5384242793118594
11.155	0.3874963935725677	0.7410334227368768	0.6063593307044756
11.1575	0.4126417476707243	0.8687069974010571	0.6771341512338307
11.16	0.4361585933088848	0.8455072809151046	0.7495672090594225
11.1625	0.4579541202411826	0.851838139356469	0.8223154244585238
11.165	0.4779423114802058	0.9864838084591653	0.8939212050170833
11.1675	0.4960442827669058	1.172459184468041	0.962852328027243
11.17	0.5121885938905854	1.145548009219528	1.027544214794573
11.1725	0.5263115306308909	1.129458714261419	1.08645882827941
11.175	0.5383573562086743	1.270116974480813	1.13816639921189
11.1775	0.5482785312535728	1.157677472227526	1.18143803824879
11.18	0.5560359014202556	1.318493119028725	1.215323807220892
11.1825	0.5615988519126702	1.347964115851939	1.239196333709847
11.185	0.5649454283066914	1.333325438009561	1.252760555815492
11.1875	0.5660624231942033	1.272998540745034	1.256045195817073
11.19	0.5649454283066913	1.286092036481832	1.249388751715565
11.1925	0.561598851912666	1.32865421391386	1.233420878334955
11.195	0.5560359014202553	1.096890064906382	1.209033315248963
11.1975	0.5482785312535724	1.068097661460186	1.177336008559125
11.2	0.5383573562086739	0.9860594202727965	1.139598290336072
11.2025	0.5263115306308902	0.8681982730009651	1.097178367859903
11.205	0.5121885938905847	0.8842087090613353	1.051447068180166
11.2075	0.4960442827669049	0.7682019524082292	1.00371367132319
11.21	0.4779423114802048	0.7572691086228157	0.9551615392534284
11.2125	0.4579541202411628	0.7252574224904882	0.9067988061233696
11.215	0.4361585933088838	0.71607048544399	0.859425872960709
11.2175	0.4126417476707011	0.7382343030227687	0.8136184105566153
11.22	0.3874963935725665	0.5996559261751867	0.7697228550933408
11.2225	0.360821768239265	0.6835824286622684	0.7278610164715611
11.225	0.3327231442305099	0.7731130749826456	0.6879410262284277
11.2275	0.3033114139781964	0.6630669638852799	0.6496729212219282
11.23	0.2727026521447139	0.6177077770002496	0.6125881640706073
11.2325	0.241017657529206	0.7280793533946606	0.5760628784188525
11.235	0.2083814763299532	0.5253736176643862	0.5393442990535972
11.2375	0.1749229086440676	0.6763923128898819	0.5015790995171696
11.24	0.1407740001524398	0.5664766126969294	0.4618414538936841
11.2425	0.1060695209957023	0.3844217422800095	0.419158553060105
11.245	0.07094643389818091	0.5894827997571851	0.3725320967021842
11.2475	0.03554335363837404	0.3110825655294552	0.3209558082085038
11.25	2.798872523347525e-16	0.2487522536428271	0.2702959480891493
11.2525	-0.004487359220085206	0.4258991187177993	0.2200168665392822
11.255	-0.008957008883404389	0.1767840038005156	0.163603497733232
11.2575	-0.01339130932472892	0.191534555647098	0.1026129391761033
11.26	-0.01777276038606001	-0.03254611456719653	0.0386817038620912
11.2625	-0.02208407048174911	-0.007505821114345675	-0.02653039251688057
11.265	-0.02630822484049499	-0.1801939006901729	-0.09138608376475968
11.2675	-0.03042855265488018	-0.1481465371103099	-0.1543064349989703
11.27	-0.03442879287342358	-0.2716555408453027	-0.213800925875511
11.2725	-0.03829315837551132	-0.4581981876289702	-0.268497593325694
11.275	-0.04200639827597099	-0.6416750169190494	-0.3171776221772714
11.2775	-0.04555385811333657	-0.6309400149676098	-0.3588152607833645
11.28	-0.04892153768430679	-0.4818882408772104	-0.3926192720687524
11.2825	-0.05209614629615864	-0.6154630584175574	-0.4180680929402223
11.285	-0.05506515521904504	-0.8427455047629269	-0.4349298182816441
11.2875	-0.05781684713116089	-0.6931475400793851	-0.4432613714707871
11.29	-0.06034036236165256	-0.6725126578080103	-0.4433874073624436
11.2925	-0.06262574174879429	-0.8273449805795219	-0.4358650840978396
11.295	-0.06466396594423143	-0.7190003487792154	-0.4214428201918657
11.2975	-0.06644699100824435	-0.4819865789682047	-0.4010191813378635
11.3	-0.06796778015548881	-0.5729879925665994	-0.3756041854490403
11.3025	-0.06922033152598486	-0.6778700075644362	-0.3462822094872959
11.305	-0.07019970187171021	-0.6370286832318082	-0.3141748791625396
11.3075	-0.07090202606534025	-0.4961796095748027	-0.2804036693802388
11.31	-0.0713245323541454	-0.4938671716030733	-0.2460540044630971
11.3125	-0.07146555329882776	0.02608761923965891	-0.2121438168343822
11.315	-0.07132453235414524	-0.1548695262870697	-0.1795990789351753
11.3175	-0.07090202606534042	0.07527520831258197	-0.1492371859507919
11.32	-0.07019970187171046	-0.01222869882112775	-0.1217572306710069
11.3225	-0.0692203315259852	0.08633733508559854	-0.09773499634186934
11.325	-0.06796778015548922	0.1663745354525311	-0.0776201962742322
11.3275	-0.06644699100824335	0.2079872195374441	-0.06173398649648176
11.33	-0.06466396594423027	0.09560287930348119	-0.05026577768508329
11.3325	-0.06262574174879298	0.3528477537575659	-0.04326956484802526
11.335	-0.06034036236165327	0.3143108517876745	-0.04066106466724265
11.3375	-0.05781684713115929	0.504974633305409	-0.04221758645618334
11.34	-0.0550651552190459	0.2678102005587573	-0.04758253831254762
11.3425	-0.05209614629615678	0.3145284016889509	-0.05627578898034528
11.345	-0.04892153768430479	0.136894077899999	-0.06771004367806593
11.3475	-0.04555385811333447	0.3142411591414589	-0.0812123637754154
11.35	-0.04200639827597207	0.2415856703172078	-0.09604930076918149
11.3525	-0.03829315837551244	0.2222759790067805	-0.1114539354241838
11.355	-0.03442879287342475	-0.09500768434543128	-0.1266533084016359
11.3575	-0.03042855265488138	-0.04002618575866369	-0.1408950899687548
11.36	-0.02630822484049245	-0.1423255391998229	-0.1534726698118438
11.3625	-0.02208407048174651	-0.2007515409502379	-0.1637480462323401
11.365	-0.01777276038605736	-0.1706717759660402	-0.1711719495348727
11.3675	-0.01339130932473022	-0.1487635784414144	-0.1753006126337438
11.37	-0.008957008883405707	-0.2666200640874056	-0.17580859475061
11.3725	-0.004487359220082479	-0.2496704238985063	-0.1724971421240073
11.375	-1.050329204747798e-15	-0.4379865911571822	-0.1652977500686308
11.3775	0.004487359220084437	-0.3805857173123843	-0.154270835463796
11.38	0.008957008883403625	-0.3741631883027716	-0.1395996749945229
11.3825	0.01339130932473215	-0.4631253878585219	-0.1215799690659507
11.385	0.01777276038605926	-0.3263640274858569	-0.1006055575314502
11.3875	0.02208407048174838	-0.4366489659133106	-0.07715097771629809
11.39	0.02630822484049428	-0.2863625261237546	-0.05175174292269302
11.3925	0.03042855265488316	-0.3449714873266213	-0.02498340567104167
11.395	0.03442879287342291	-0.3549852539823074	0.002559419016597363
11.3975	0.03829315837551066	-0.09907399568731233	0.03028293596915618
11.4	0.04200639827597366	-2.938638904811941e-05	0.05761204334002317
11.4025	0.04555385811333598	-0.1585444035319562	0.08400563481902733
11.405	0.04892153768430326	0.08409454125315458	0.1089691538479787
11.4075	0.05209614629615812	0.09509143708795119	0.1320645374472904
11.41	0.05506515521904714	0.09141285979731947	0.1529178612054383
11.4125	0.05781684713116044	0.4931907524383863	0.1712250159867485
11.415	0.06034036236165214	0.4118518636329001	0.1867556461574206
11.4175	0.06262574174879393	0.4868472315558344	0.1993554242315131
11.42	0.06466396594423111	0.3336264990081462	0.2089465993536534
11.4225	0.06644699100824407	0.4281204051772102	0.2155266911330265
11.425	0.06796778015548857	0.507637011115323	0.2191652263582406
11.4275	0.06922033152598568	0.3684225552105778	0.219998517200676
11.43	0.07019970187171007	0.6200782206689683	0.2182226138804789
11.4325	0.07090202606534067	0.3796543057961168	0.2140846877021068
11.435	0.07132453235414536	0.4514925937372314	0.2078731834460069
11.4375	0.07146555329882776	0.5573727706835299	0.1999071178458165
11.44	0.07132453235414529	0.5093983174131763	0.190524904398955
11.4425	0.07090202606534	0.3111886339144551	0.1800730700877277
11.445	0.07019970187170985	0.3827382788182981	0.1688952088457057
11.4475	0.06922033152598539	0.1322156718292381	0.157321495177705
11.45	0.06796778015548946	0.2194217971722795	0.1456590594204184
11.4525	0.06644699100824362	0.098995011117288	0.1341835013473251
11.455	0.06466396594423234	0.1462444394161485	0.1231317880566928
11.4575	0.06262574174879335	-0.01812438099532036	0.1126967422629333
11.46	0.06034036236165151	0.077296199751767	0.103023275769753
11.4625	0.05781684713115974	0.024863253138764	0.09420645899925538
11.465	0.05506515521904639	-0.1665248909232221	0.08629144238042862
11.4675	0.0520961462961573	-0.2082995803384652	0.07927516357508221
11.47	0.04892153768430535	-0.2652193998587681	0.0731096930177326
11.4725	0.04555385811333507	-0.1483923430540963	0.06770699745085851
11.475	0.04200639827597269	-0.4519794175080051	0.06294484482515497
11.4775	0.03829315837550967	-0.4178969816218679	0.0586735395137979
11.48	0.03442879287342186	-0.2265603526261734	0.05472316626824465
11.4825	0.0304285526548784	-0.1086001812425029	0.05091103322405625
11.485	0.02630822484049317	-0.3388110200634489	0.04704903422753216
11.4875	0.02208407048174339	-0.1828249077064917	0.04295069276576302
11.49	0.0177727603860581	-0.08177265484246932	0.03843769732390456
11.4925	0.01339130932473098	-0.2024743491825298	0.03334578513620227
11.495	0.008957008883406474	-0.03938798066955481	0.02752987351235536
11.4975	0.004487359220083247	0.06116935657560602	0.0208683725317657
11.5	9.19280981516078e-15	0.05043016039897039	0.008971973047085854
11.5025	-0.022656026662275	0.04696757610775493	-0.008271138227805785
11.505	-0.04522264033785678	0.1430452382938325	-0.02716683371419725
11.5075	-0.06761078091230446	0.1150605012538117	-0.04881515686563917
11.51	-0.0897320926228988	0.1682449541775316	-0.07420875201241674
11.5125	-0.111499272758624	0.286043126918021	-0.1042207841986126
11.515	-0.1328264162039237	0.05003942430512204	-0.1395928860619326
11.5175	-0.1536293544671028	0.06586904342548085	-0.1809201550321877
11.52	-0.1738259878547575	-0.05203696675665415	-0.2286324946663399
11.5225	-0.1933366094819073	0.02384066607845545	-0.2829739120230404
11.525	-0.2120842198385096	0.03944891896976015	-0.343983072542596
11.5275	-0.2299948306714736	0.02230288029929937	-0.411478713808763
11.53	-0.2469977569824362	-0.2902321143956471	-0.485052114744855
11.5325	-0.2630258959891296	-0.2494535622991291	-0.5640663717631133
11.535	-0.2780159919494413	-0.2857400129205209	-0.6476602561917194
11.5375	-0.2919088858029666	-0.3539812909435162	-0.7347543154308795
11.54	-0.3046497486446999	-0.5335986633713814	-0.8240589640513231
11.5425	-0.3161882981097646	-0.6594493483933287	-0.9140877599197051
11.545	-0.3264789968148838	-0.8504158460844455	-1.003182398513602
11.5475	-0.3354812320736492	-0.809931566620046	-1.089557225354438
11.55	-0.3431594761762082	-0.9807496090739511	-1.171367745478772
11.5525	-0.3494834266009579	-1.375087165209792	-1.246798314984109
11.555	-0.3544281256046985	-1.397134430327507	-1.314152744236216
11.5575	-0.3579740587194894	-1.429498074590618	-1.371927467009939
11.56	-0.3601072317673027	-1.530833354475517	-1.418856122678285
11.5625	-0.3608192260886767	-1.512472931771365	-1.453929710518147
11.565	-0.3601072317673028	-1.676007065080639	-1.476404905862502
11.5675	-0.357974058719487	-1.686656474725579	-1.485810695846824
11.57	-0.3544281256046989	-1.785517469563608	-1.481956294123893
11.5725	-0.3494834266009583	-1.813139399865773	-1.464937547676934
11.575	-0.3431594761762087	-1.624840987181366	-1.435136136622118
11.5775	-0.3354812320736498	-1.675336337566803	-1.393205039845939
11.58	-0.3264789968148845	-1.619737800328807	-1.340035472362626
11.5825	-0.3161882981097555	-1.442465431231993	-1.276706189708888
11.585	-0.3046497486446899	-1.384454628391798	-1.204424903363321
11.5875	-0.2919088858029556	-1.198876083391907	-1.124478735364345
11.59	-0.2780159919494424	-1.167445274935057	-1.038209765924802
11.5925	-0.2630258959891167	-1.157150806814974	-0.9470194658241562
11.595	-0.2469977569824375	-0.9465272409722394	-0.852385493067776
11.5975	-0.2299948306714749	-0.7846198810782055	-0.7558582706186939
11.6	-0.2120842198385111	-0.6069048330862981	-0.6590099335464191
11.6025	-0.1933366094818914	-0.7167237925865314	-0.5633386773238166
11.605	-0.173825987854759	-0.1695731251249434	-0.4701648976286539
11.6075	-0.1536293544671044	-0.2993822529206449	-0.3805620305986435
11.61	-0.1328264162039253	-0.1103222451858419	-0.2953411998309292
11.6125	-0.1114992727586062	0.01830677759467313	-0.2150788934365151
11.615	-0.0897320926229005	0.2823355971250894	-0.1401631157153769
11.6175	-0.06761078091228605	0.1993823262378189	-0.07083730699511917
11.62	-0.04522264033785853	0.1850011892366689	-0.007231817694288892
11.6225	-0.02265602666227676	0.358843251719846	0.05061908284374728
11.625	-1.308265962648917e-14	0.3488732336346458	0.1027729292213995
11.6275	0.02265602666227112	0.4868765480390961	0.1493845888268952
11.63	0.04522264033787327	0.5430014472150239	0.1907176790225736
11.6325	0.0676107809123208	0.4871402785311457	0.2271562643672095
11.635	0.08973209262291489	0.5820819798377546	0.2592098729225569
11.6375	0.1114992727586203	0.5167191432756825	0.287505771985076
11.64	0.1328264162039201	0.5936162174901287	0.3127662265048399
11.6425	0.1536293544670993	0.5998378102160599	0.3357733161185198
11.645	0.1738259878547541	0.174248147681755	0.3573270615051607
11.6475	0.193336609481904	0.3024980395032981	0.3782028937740654
11.65	0.2120842198385065	0.4532313268087025	0.3991127917162471
11.6525	0.2299948306714864	0.2471715364433242	0.4206723419733455
11.655	0.2469977569824334	0.3444348452007344	0.4433745675594069
11.6575	0.2630258959891129	0.2830711854590975	0.4675707788494376
11.66	0.2780159919494388	0.4594765569003526	0.4934586197664395
11.6625	0.2919088858029643	0.4071853934937251	0.5210775294238544
11.665	0.3046497486446978	0.2739760736444738	0.5503117478780487
11.6675	0.3161882981097627	0.1541596022163302	0.5809006570600918
11.67	0.3264789968148908	0.3605934499314858	0.6124557113568359
11.6725	0.3354812320736477	0.3868998930159775	0.6444826361789835
11.675	0.343159476176207	0.5983587778319035	0.676407153166819
11.6775	0.3494834266009569	0.6608878808360463	0.7076023666938855
11.68	0.3544281256047017	0.5878252647892345	0.7374161301326563
11.6825	0.3579740587194889	0.5786153423218895	0.7651970798742771
11.685	0.3601072317673025	0.8294286446338862	0.7903183939799573
11.6875	0.3608192260886767	0.8632835357361281	0.8121985644542208
11.69	0.3601072317673031	0.743839275040587	0.8303185674182678
11.6925	0.3579740587194875	0.9707791830483593	0.8442348985607872
11.695	0.3544281256046996	0.8462784495328162	0.8535881542826368
11.6975	0.3494834266009542	0.9828363511222492	0.8581072229933815
11.7	0.34315947617621	1.193966769557749	0.8576096101899126
11.7025	0.3354812320736513	1.212797842962514	0.8519987877073757
11.705	0.3264789968148862	0.9181089991035889	0.841259596666769
11.7075	0.3161882981097673	1.136759596726141	0.8254526092943055
11.71	0.3046497486446919	1.020161541744285	0.8047080315020941
11.7125	0.2919088858029458	1.068198573327932	0.7792193279483777
11.715	0.2780159919494319	0.8573739629325072	0.7492364039467544
11.7175	0.2630258959891194	0.9922325949073408	0.7150579843984556
11.72	0.2469977569824403	0.6892048854015734	0.6770228361052866
11.7225	0.2299948306714779	0.6961669440650371	0.6354996687840934
11.725	0.2120842198385142	0.5623986889540579	0.590875845787877
11.7275	0.1933366094818947	0.5441664853285716	0.5435453320201356
11.73	0.1738259878547445	0.3969037266265294	0.4938965095372492
11.7325	0.1536293544670893	0.1568491842553467	0.4423005525293521
11.735	0.1328264162039289	0.3113044887582658	0.3891009812155872
11.7375	0.1114992727586098	0.007220604924167845	0.3346048598108903
11.74	0.08973209262290427	0.2132280131473833	0.2790759331517274
11.7425	0.06761078091228986	-0.06372163789062824	0.2227298636038968
11.745	0.04522264033786239	-0.1273456528497965	0.1657316589714665
11.7475	0.02265602666226018	-0.4442811085126512	0.1081953643349109
11.75	8.022011277186787e-15	-0.233655605257039	0.06728103949467473
11.7525	0.0513744716514257	-0.1416736867929717	0.04396793367045108
11.755	0.1025461917339989	-0.3482881620889841	0.0233988604385288
11.7575	0.1533132088467426	-0.4059332330590268	0.01009833470686631
11.76	0.2034751687663103	-0.2435107748652912	0.008130558329683594
11.7625	0.2528341051536745	-0.3556533633310497	0.02105506467219736
11.765	0.3011952208369565	-0.1686364577717368	0.05187044114579351
11.7675	0.3483676565865592	-0.2147370829548686	0.1028513003424462
11.77	0.394165244349659	-0.1376804012631508	0.1752320999611721
11.7725	0.4384072419703223	0.06935719025445111	0.2688118441130724
11.775	0.4809190464961064	0.2293063781739178	0.3817202342636448
11.7775	0.5215328832564208	0.2585570497609976	0.5106079160877587
11.78	0.5600884679921962	0.6950856771916092	0.651275897695278
11.7825	0.5964336394249216	0.7344809702803061	0.7994807688854687
11.785	0.6304249597674154	0.9929157489609642	0.951543853028094
11.7875	0.6619282808075043	1.464370405328666	1.104116228696745
11.79	0.6908192733294848	1.334475277818559	1.252289899631812
11.7925	0.7169839177849633	1.734134518421666	1.387945455115473
11.795	0.7403189542757163	1.651506341941829	1.502209798699391
11.7975	0.7607322900735034	1.638087104851485	1.589326792942153
11.8	0.7781433630678972	1.965786561403943	1.647194395695769
11.8025	0.792483459708163	1.834712834710598	1.675350484290625
11.805	0.8036959861842026	1.823894443987839	1.67352929747002
11.8075	0.8117366917765515	1.744929217606953	1.642117879828055
11.81	0.8165738434936742	1.558612635062824	1.583665146894659
11.8125	0.8181883513076273	1.400177834720603	1.503840068737557
11.815	0.8165738434936738	1.370585401980449	1.410589070946727
11.8175	0.8117366917765506	1.065088779424537	1.312159192120373
11.82	0.80369598618421	0.8504220183562348	1.21565107814423
11.8225	0.7924834597081611	0.6019068913985812	1.126566092537211
11.825	0.7781433630679094	0.623204753835731	1.048887980869249
11.8275	0.7607322900735007	0.609430829572859	0.9852983689032224
11.83	0.7403189542757131	0.6333224614912278	0.9373746619885714
11.8325	0.7169839177849374	0.5410405784285534	0.9057246303553109
11.835	0.6908192733294808	0.8773254605124599	0.8900350364684381
11.8375	0.6619282808074728	0.6990923611330739	0.8890492839924965
11.84	0.6304249597674108	0.5533773592274442	0.9005614581941352
11.8425	0.5964336394248848	0.8639401147837311	0.9215474059944408
11.845	0.560088467992191	0.8030106407355484	0.9484731055376677
11.8475	0.5215328832564152	1.073163617679634	0.9776809372952776
11.85	0.4809190464961382	1.225985289829912	1.005696750314146
11.8525	0.4384072419703162	1.246858522221896	1.029385640975484
11.855	0.3941652443496935	1.252154741185662	1.045998637815329
11.8575	0.3483676565865526	1.439778578026111	1.053149783562332
11.86	0.3011952208369065	1.409780771094225	1.048704371354162
11.8625	0.2528341051536677	1.169812984370017	1.03056950336019
11.865	0.2034751687663033	1.086958525458806	0.9964276432223977
11.8675	0.1533132088467355	1.016842637040411	0.9434883427365858
11.87	0.1025461917340379	0.8859050773144151	0.8683865804902524
11.8725	0.05137447165141849	0.8344417082921387	0.7675092019285116
11.875	7.985547399435794e-16	0.7082986507181881	0.638132061364075
11.8775	-0.05137447165146331	0.4899177410225971	0.4800062589365738
11.88	-0.1025461917340363	0.2570394610414504	0.2958100532233208
11.8825	-0.1533132088467797	-0.01901256221604527	0.0898704888448896
11.885	-0.2034751687663018	-0.1472167488935228	-0.1334114478929024
11.8875	-0.2528341051537104	-0.5959218626849199	-0.3702838497716253
11.89	-0.3011952208369483	-0.9084265023696713	-0.6176042542560324
11.8925	-0.3483676565865512	-1.153016146223532	-0.872502314045127
11.895	-0.3941652443496513	-1.618083461721962	-1.132014417521734
11.8975	-0.4384072419703149	-1.773648824402961	-1.39273624841925
11.9	-0.4809190464960992	-2.032985903454393	-1.650486313520585
11.9025	-0.521532883256414	-2.217983796133731	-1.900174081867961
11.905	-0.5600884679921899	-2.387933906935418	-2.136256799930975
11.9075	-0.5964336394249156	-2.606172849378417	-2.35349763730889
11.91	-0.6304249597674098	-2.829060874394088	-2.547087814051163
11.9125	-0.6619282808074992	-2.913629067381235	-2.712486741088945
11.915	-0.69081927332948	-3.120844556632771	-2.845871939071577
11.9175	-0.7169839177849591	-2.980184960762623	-2.944843813451271
11.92	-0.7403189542757124	-2.896967631584567	-3.008643896055694
11.9225	-0.7607322900735173	-3.031158099265688	-3.037802398558214
11.925	-0.7781433630679089	-2.906125395917439	-3.03362572403573
11.9275	-0.7924834597081608	-2.745628493956445	-2.99788855389672
11.93	-0.8036959861842097	-2.770041721856797	-2.932834485703546
11.9325	-0.8117366917765563	-2.507967791010742	-2.841359834504626
11.935	-0.8165738434936737	-2.245263367125706	-2.727110132826269
11.9375	-0.8181883513076273	-2.314297654480633	-2.594260454634207
11.94	-0.8165738434936713	-2.011552940524365	-2.447033409566148
11.9425	-0.8117366917765518	-1.583508992214746	-2.289264786067644
11.945	-0.8036959861842116	-1.660715021461808	-2.124264711160703
11.9475	-0.7924834597081634	-1.527201308482407	-1.954987196328126
11.95	-0.7781433630679121	-1.300561178205282	-1.784351115170473
11.9525	-0.760732290073504	-1.233867827648141	-1.615496034822171
11.955	-0.7403189542757168	-1.303345358745526	-1.451839120032878
11.9575	-0.7169839177849417	-1.156150042564089	-1.296971130497656
11.96	-0.6908192733294856	-0.7928990366113158	-1.154467443737312
11.9625	-0.6619282808074779	-0.8489287685364489	-1.027569187218946
11.965	-0.6304249597674164	-0.8336708626435674	-0.9187019178813689
11.9675	-0.5964336394248909	-0.8879957420888517	-0.8290385254791481
11.97	-0.5600884679921975	-0.8684469453582853	-0.7584082645606718
11.9725	-0.521532883256422	-0.6421012215462134	-0.7055692760843367
11.975	-0.4809190464961077	-0.8597804179534733	-0.6685971938536797
11.9775	-0.4384072419703237	-0.6389474937531893	-0.6451900673642463
11.98	-0.3941652443496604	-0.7425862502740814	-0.6328291088546967
11.9825	-0.3483676565865185	-0.9209283950951325	-0.6288162681243733
11.985	-0.3011952208369147	-0.954728400024322	-0.630243689192972
11.9875	-0.252834105153676	-1.097778991676297	-0.6339491511140685
11.99	-0.2034751687663119	-1.290644909054712	-0.6365125539250611
11.9925	-0.1533132088467442	-1.136351654660879	-0.6343506516131351
11.995	-0.1025461917340466	-0.936779994644036	-0.6239263953692126
11.9975	-0.05137447165142729	-1.023567965844924	-0.6020159290711645
12.0	-6.716018955422245e-15	-1.042431526925633	-0.5708762919417038
12.0025	0.03586938288327789	-1.077543055367481	-0.5286402172583508
12.005	0.07159720569945212	-1.052648949316608	-0.4695494897864112
12.0075	0.1070424670543827	-0.7834821622119366	-0.393641671033004
12.01	0.1420652806949329	-0.5789824831862733	-0.3015213693260483
12.0125	0.1765274275760327	-0.7306235906056524	-0.1944450650444344
12.015	0.2102929013481693	-0.2869084253833065	-0.07441662097749908
12.0175	0.2432284451124027	-0.007577674508020188	0.05585986313104029
12.02	0.2752040773242547	0.09877524579535832	0.1932429920201545
12.0225	0.3060936047716921	0.4823212144552732	0.3345277864932068
12.025	0.3357751206019627	0.4462651283041613	0.4767382260198701
12.0275	0.3641314854323044	0.6413788419825751	0.6171898770170692
12.03	0.3910507896454949	0.8879368409640992	0.7532689579828052
12.0325	0.4164267950460652	1.105110375185497	0.8820894337151318
12.035	0.4401593541338722	1.402817959775699	1.000419117039938
12.0375	0.4621548053405953	1.462538096613559	1.105014364201869
12.04	0.4823263426690872	1.603588887692844	1.19309093527008
12.0425	0.5005943582770269	1.720351845122303	1.262724122034846
12.045	0.5168867566526395	1.963456875024027	1.313050429628508
12.0475	0.5311392391428545	1.582519854264195	1.344120422306995
12.05	0.5432955577105973	1.616229375547008	1.356554448380918
12.0525	0.5533077369201965	1.610218439091735	1.351360973359762
12.055	0.5611362632744233	1.264006690185217	1.329976014073886
12.0575	0.5667502411562814	1.296801843062866	1.294335780090211
12.06	0.5701275147598553	0.9943674233669012	1.246880908277136
12.0625	0.5712547555291554	0.9304825909123368	1.190480405657915
12.065	0.5701275147598546	0.7429112240141662	1.128266408075462
12.0675	0.5667502411562838	0.6510183060865792	1.063404396309488
12.07	0.561136263274421	0.4217217966507467	0.9988655090005091
12.0725	0.5533077369201933	0.4486893900049375	0.9372574291216215
12.075	0.5432955577106033	0.1467882723852238	0.8807293578432883
12.0775	0.5311392391428499	0.3708450079417032	0.830936356137891
12.08	0.5168867566526341	0.3661540379734411	0.789038190371998
12.0825	0.5005943582770208	0.2448740825272581	0.7557092475440931
12.085	0.4823263426690977	0.2531214629849551	0.7311433121627955
12.0875	0.4621548053405877	0.269392279972626	0.7150495073082787
12.09	0.440159354133864	0.5851142587663536	0.7066519884154255
12.0925	0.4164267950460341	0.5972268171601729	0.704718227767303
12.095	0.3910507896454856	0.6375805895939701	0.7076371719196792
12.0975	0.3641314854322945	0.8481523891131248	0.7135457277318499
12.1	0.3357751206019786	0.890830409781675	0.7204746235973363
12.1025	0.3060936047717087	1.047248462116242	0.7264746831301895
12.105	0.2752040773242434	0.9319231284531492	0.7296981283099434
12.1075	0.2432284451123911	1.049018069742758	0.7284322377707048
12.11	0.2102929013481573	1.093519876298388	0.7210974508434351
12.1125	0.1765274275759896	1.056780944513097	0.7062247120046942
12.115	0.1420652806949205	1.112155531334138	0.6824240745420347
12.1175	0.107042467054402	0.8875865098902712	0.6483549365275625
12.12	0.07159720569947156	0.9624656328810348	0.60270975995391
12.1225	0.03586938288326504	0.924967710580358	0.5442272421784621
12.125	1.287449123835269e-14	0.8767388768207158	0.4717552427383375
12.1275	-0.03586938288327175	0.5778402973871669	0.3843791453167399
12.13	-0.07159720569947822	0.3338129493474972	0.281601278416215
12.1325	-0.1070424670544086	0.2783342624746052	0.1635026315269846
12.135	-0.142065280694927	-0.09314341654019219	0.03079194225766776
12.1375	-0.1765274275760269	-0.3176691761021437	-0.1152924021768131
12.14	-0.2102929013481636	-0.5944547566084244	-0.2731579049036441
12.1425	-0.2432284451123971	-0.8948214452230938	-0.4410013659926012
12.145	-0.2752040773242493	-1.314521346138672	-0.6168582078976176
12.1475	-0.3060936047717143	-1.338460197814312	-0.7985603871697398
12.15	-0.3357751206019841	-1.690942137860533	-0.9836353470756606
12.1525	-0.3641314854322996	-1.657920290662476	-1.169184740515333
12.155	-0.3910507896454668	-2.011543951433401	-1.351805938268584
12.1575	-0.4164267950460387	-2.193209471796501	-1.527675318679906
12.16	-0.4401593541338683	-2.097933886769093	-1.692893611528768
12.1625	-0.4621548053405917	-2.325677349596795	-1.843947812986176
12.165	-0.4823263426691013	-2.446298783238256	-1.977949225960527
12.1675	-0.500594358277024	-2.446754563610513	-2.09259713970543
12.17	-0.516886756652637	-2.553238997036443	-2.186121489055221
12.1725	-0.5311392391428523	-2.483376257947337	-2.257309097104964
12.175	-0.5432955577105953	-2.507181942969795	-2.305522057781578
12.1775	-0.553307736920195	-2.177028496138455	-2.330642032618857
12.18	-0.5611362632744222	-2.271691219975873	-2.332972140597645
12.1825	-0.5667502411562847	-2.10029421311591	-2.313165432462926
12.185	-0.5701275147598549	-1.994491530633981	-2.27222068893753
12.1875	-0.5712547555291554	-1.80202983313795	-2.211533032196553
12.19	-0.5701275147598549	-1.653833456078619	-2.132942131844244
12.1925	-0.5667502411562806	-1.477683381377601	-2.038707993181505
12.195	-0.5611362632744221	-1.439025447687677	-1.931380875201857
12.1975	-0.5533077369201949	-1.236956152583249	-1.81360607588709
12.2	-0.5432955577105952	-1.01209776472779	-1.68795859299604
12.2025	-0.5311392391428521	-0.7362205693854676	-1.556888619951522
12.205	-0.5168867566526505	-0.7211784195542355	-1.42279024906144
12.2075	-0.5005943582770237	-0.4938056042027116	-1.288126166872914
12.21	-0.4823263426690836	-0.7283331337131332	-1.155494885136918
12.2125	-0.4621548053405913	-0.5736343577567177	-1.027554565689023
12.215	-0.440159354133868	-0.441377276873665	-0.9068046612456793
12.2175	-0.4164267950460384	-0.5628706542676304	-0.7953048147505561
12.22	-0.3910507896454901	-0.3493355028486052	-0.694445213568124
12.2225	-0.3641314854322992	-0.2329557234565537	-0.60486797310499
12.225	-0.3357751206019836	-0.4141030783771386	-0.5265583528631878
12.2275	-0.3060936047716864	-0.5375750965598164	-0.4590277599344552
12.23	-0.2752040773242488	-0.4138473486150347	-0.401488628852164
12.2325	-0.2432284451123673	-0.5634153438342739	-0.3529692705021473
12.235	-0.2102929013481631	-0.6005008673161562	-0.3123653264316167
12.2375	-0.1765274275759954	-0.5293789552113087	-0.278444903203312
12.24	-0.1420652806949264	-0.5946243421411714	-0.2498294333228312
12.2425	-0.1070424670543761	-0.8176728499753598	-0.2249744425866239
12.245	-0.07159720569944544	-0.6432625228404315	-0.2021734348334057
12.2475	-0.03586938288327118	-0.701697561926046	-0.1795992454174619
12.25	-1.371032883575391e-14	-0.7182257313421158	-0.1580839618082049
12.2525	0.02583838475365184	-0.7705656804420984	-0.1359502974580311
12.255	0.05157479720710657	-0.6188932841811534	-0.1091954977403232
12.2575	0.07710766749829154	-0.4613639843030009	-0.07694490003272675
12.26	0.1023362290530029	-0.4706085088707292	-0.03858559819174443
12.2625	0.1271609162645952	-0.5651348898197146	0.006202229684786509
12.265	0.1514837574339882	-0.1482733448791021	0.05742699057740296
12.2675	0.1752087614191566	-0.2346869051691683	0.1147829039514183
12.27	0.1982422964682515	0.1098300146685777	0.1776657740406796
12.2725	0.2204934597414969	0.1216839533306124	0.2452085948553294
12.275	0.2418744360630026	0.1328567896823311	0.3163342735475423
12.2775	0.2623008444873051	0.4935292286439976	0.3898181585230259
12.28	0.2816920713122552	0.6772938653614193	0.4643504531346905
12.2825	0.2999715882246187	0.7518397560078114	0.5385896210418639
12.285	0.3170672543222263	0.8221285119226521	0.6112024045327473
12.2875	0.3329116008212886	1.131213086593347	0.680892524977447
12.29	0.3474420973247385	1.227870004325441	0.746425736359631
12.2925	0.3606013986012443	1.18186184727018	0.8066600453569814
12.295	0.3723375709005806	1.292543828108743	0.860584725270419
12.2975	0.3826042969124376	1.354782786903861	0.9073631478056295
12.3	0.3913610585596489	1.315072315073525	0.9463685047674709
12.3025	0.3985732969045926	1.386078173183771	0.9772020777878294
12.305	0.4042125485374666	1.234099124687923	0.9996900391026634
12.3075	0.408256557908415	1.300039298732948	1.013862836072036
12.31	0.4106893651599755	1.133687320945262	1.019926371429311
12.3125	0.4115013691133746	1.035428923325019	1.018234004732575
12.315	0.4106893651599761	1.074133251035628	1.009264257998101
12.3175	0.4082565579084131	0.8571470276337118	0.9936043750218017
12.32	0.4042125485374682	0.9527138258389403	0.9719368326634373
12.3225	0.3985732969045889	0.7409792204979747	0.9450249082845484
12.325	0.3913610585596515	0.4875231609612573	0.9136940248554186
12.3275	0.3826042969124407	0.4356274339729342	0.8788073073007873
12.33	0.3723375709005842	0.05283921489275012	0.8412359387005113
12.3325	0.3606013986012371	0.2052255832812794	0.8018266912944688
12.335	0.3474420973247305	0.2053543884707567	0.7613698103911164
12.3375	0.3329116008212661	0.2956782327288777	0.7205701565851761
12.34	0.3170672543222168	0.1084551094154075	0.6800235429744419
12.3425	0.2999715882246085	0.1073049525241278	0.640199081839973
12.345	0.2816920713122614	0.2459470446044436	0.6014275018665471
12.3475	0.2623008444872936	0.1655635938531468	0.5638949983998359
12.35	0.2418744360630094	0.3220240667901198	0.5276421990156097
12.3525	0.2204934597414843	0.3122752093137348	0.4925680707569831
12.355	0.1982422964682589	0.405109106096914	0.4584387969611388
12.3575	0.1752087614191431	0.3507601922726143	0.4249015826022131
12.36	0.1514837574339961	0.5146409062789943	0.3915029387861541
12.3625	0.127160916264581	0.6551164660843172	0.3577103980807937
12.365	0.1023362290529884	0.5562830010032784	0.3229361162565689
12.3675	0.07710766749827687	0.7116590537699241	0.2865606849540746
12.37	0.05157479720711496	0.6943289713550566	0.2479557897442197
12.3725	0.02583838475366029	0.7384372296206041	0.2065049635969778
12.375	-5.244581838418007e-15	0.5513024740554634	0.1616223585712997
12.3775	-0.02583838475364742	0.5733615870857975	0.1127699563736537
12.38	-0.05157479720712538	0.5406506958023869	0.0594738260274932
12.3825	-0.07710766749831016	0.5726039047205982	0.001339896399005579
12.385	-0.1023362290529986	0.2928841268060102	-0.061930666317165
12.3875	-0.127160916264591	0.2967361580590213	-0.1305268159943939
12.39	-0.1514837574339841	-0.01429319474378898	-0.2045142970904102
12.3925	-0.1752087614191526	-0.0158352056388408	-0.283824041326631
12.395	-0.1982422964682476	0.00673397225462935	-0.3682421028093757
12.3975	-0.2204934597414931	-0.3955948493649266	-0.4574001749065697
12.4	-0.241874436062999	-0.2596011594853342	-0.5507653146236127
12.4025	-0.2623008444873017	-0.5847423952520971	-0.6476279555967397
12.405	-0.281692071312252	-0.8773427175109176	-0.7470888596365914
12.4075	-0.2999715882245996	-0.9811493312019125	-0.84804821637379
12.41	-0.3170672543222234	-1.357220826744169	-0.9492032437314938
12.4125	-0.332911600821286	-1.273470268669438	-1.049063468049265
12.415	-0.3474420973247361	-1.469848771094965	-1.145993188195971
12.4175	-0.3606013986012535	-1.630699343538773	-1.238284851967409
12.42	-0.3723375709005887	-1.790489281591452	-1.324253682566471
12.4225	-0.3826042969124359	-1.852828806957371	-1.40232984812943
12.425	-0.3913610585596475	-1.973826215776617	-1.471123481334447
12.4275	-0.3985732969045915	-1.940964267276121	-1.52945420412568
12.43	-0.4042125485374701	-1.992080201597908	-1.576356158055788
12.4325	-0.4082565579084174	-2.144790155570633	-1.611075830206833
12.435	-0.4106893651599767	-1.897575809091641	-1.63307350723478
12.4375	-0.4115013691133746	-1.707591158659922	-1.642030537864519
12.44	-0.4106893651599763	-1.815479151458523	-1.637860095768637
12.4425	-0.4082565579084137	-1.605702469589013	-1.62071797466342
12.445	-0.404212548537469	-1.786468849876118	-1.591009196116029
12.4475	-0.39857329690459	-1.428936594956739	-1.549384901802025
12.45	-0.3913610585596529	-1.404299680725917	-1.49672369913924
12.4525	-0.3826042969124337	-1.0530089117404	-1.434094731717208
12.455	-0.3723375709005861	-1.01836365081762	-1.362706773495147
12.4575	-0.3606013986012506	-0.856938542646034	-1.283855426810157
12.46	-0.3474420973247329	-0.7654798148077863	-1.198883557804387
12.4625	-0.3329116008212687	-0.7760853697693135	-1.109164541486528
12.465	-0.3170672543222196	-0.7117987292857303	-1.016104405998182
12.4675	-0.2999715882246115	-0.4168286741002933	-0.921143787632593
12.47	-0.2816920713122475	-0.465913121995317	-0.8257345680544528
12.4725	-0.262300844487297	-0.2571543783784176	-0.731278120247375
12.475	-0.241874436063013	-0.08204919118999207	-0.6390378791900017
12.4775	-0.220493459741488	-0.09338987896445092	-0.550059061254824
12.48	-0.1982422964682423	0.003634028459377147	-0.4651257634194166
12.4825	-0.1752087614191471	-0.04452562872000969	-0.3847639073849445
12.485	-0.1514837574340002	-0.000583463654701244	-0.3092767042045295
12.4875	-0.1271609162645852	0.1234827023122855	-0.2387915249762844
12.49	-0.1023362290529927	0.3426415081869452	-0.1733020551458641
12.4925	-0.07710766749828124	0.1088723830194104	-0.1126985060682649
12.495	-0.05157479720711937	0.2007974065350354	-0.05678521314099716
12.4975	-0.02583838475364138	0.1345240647666466	-0.005288094063551234
12.5	-1.414737762822138e-15	0.06645886562782494	0.02467725968471375
12.5025	-0.04522129886761878	0.04656932342351227	0.03363634201070872
12.505	-0.09026412992829269	0.006532723841057214	0.03713550305753045
12.5075	-0.1349507297058574	0.05524074126400935	0.03237711036906264
12.51	-0.1791047406064371	-0.1555970062206778	0.01646173358153439
12.5125	-0.2225519069210151	-0.13019019456459	-0.01398846048665246
12.515	-0.2651207625332317	-0.2018408032957907	-0.0630071631621365
12.5175	-0.3066433076178857	-0.415284529994717	-0.1348162774882057
12.52	-0.3469556716593742	-0.3644631888045051	-0.2325171655795499
12.5225	-0.3858987601738277	-0.4383123326463675	-0.3568612405694069
12.525	-0.423318882582214	-0.8061510392099255	-0.506216235405968
12.5275	-0.4590683587570825	-0.7519080454690721	-0.6774152242731519
12.53	-0.4930061018483184	-0.8982732624407818	-0.8665823755515287
12.5325	-0.5249981750885925	-0.9841301231587055	-1.069591180115863
12.535	-0.5549183203806449	-1.201620181468378	-1.282208463075726
12.5375	-0.5826484565802463	-1.410687208363882	-1.500035774422253
12.54	-0.6080791455084611	-1.526286481395997	-1.718382958833466
12.5425	-0.6311100238543119	-1.821169822985827	-1.932267150912829
12.545	-0.6516501992627336	-1.823592852003393	-2.136628385806808
12.5475	-0.6696186090453399	-2.073407992252625	-2.326512354753801
12.55	-0.6849443400976717	-2.140007427998529	-2.496990907568254
12.5525	-0.6975669087609437	-2.090204744993821	-2.643149585626485
12.555	-0.7074364995233451	-2.457772226813147	-2.760525602962066
12.5575	-0.7145141616191287	-2.521950166019882	-2.84580147862551
12.56	-0.7187719627494686	-2.58776909640993	-2.897241538552337
12.5625	-0.720193099318508	-2.61003277347857	-2.914594369236343
12.565	-0.7187719627494664	-2.551877066277739	-2.898638706813032
12.5675	-0.7145141616191293	-2.511541843131545	-2.850785512352627
12.57	-0.7074364995233536	-2.574226434049785	-2.772999683491842
12.5725	-0.697566908760945	-2.510707998403353	-2.667964365445177
12.575	-0.6849443400976732	-2.493211978703695	-2.539180816938859
12.5775	-0.6696186090453266	-2.389636189870875	-2.390742685669002
12.58	-0.6516501992627357	-2.240256079103178	-2.226814511560434
12.5825	-0.6311100238542945	-2.046695719055165	-2.051126381988015
12.585	-0.6080791455084638	-2.039279357005039	-1.86678904314691
12.5875	-0.5826484565802252	-1.63085748522149	-1.676515259678228
12.59	-0.5549183203806481	-1.706302485786274	-1.483097505257405
12.5925	-0.5249981750885678	-1.596272152608238	-1.289791217545681
12.595	-0.4930061018482922	-1.387099962052941	-1.100303858387545
12.5975	-0.4590683587570863	-1.142069262893629	-0.9184729023692721
12.6	-0.4233188825822511	-1.126472171615334	-0.7479059979373074
12.6025	-0.3858987601738318	-0.8161539641656069	-0.5916001221995165
12.605	-0.3469556716594144	-0.6423060093029873	-0.4514679959205879
12.6075	-0.3066433076178901	-0.4897727498743659	-0.328069009297234
12.61	-0.2651207625331983	-0.3962772409717744	-0.2208447945947311
12.6125	-0.2225519069209808	-0.3248468545458656	-0.1286223003526541
12.615	-0.1791047406064419	-0.0813229017126788	-0.05000655091599428
12.6175	-0.1349507297058622	0.000734560801236829	0.0164292677715636
12.62	-0.09026412992829759	0.26594682440793	0.07208329897649272
12.6225	-0.04522129886762371	-0.01436904000668934	0.1183438910623854
12.625	-6.349380080542477e-15	0.1112676345492578	0.1566808680981017
12.6275	0.04522129886765189	0.2783725733725335	0.188776814842764
12.63	0.09026412992828499	0.1600067786461289	0.216612607257103
12.6325	0.13495072970589	0.3657323563012733	0.2424345040974478
12.635	0.1791047406064296	0.4221196923560683	0.2686146886858962
12.6375	0.2225519069210077	0.6008131343103161	0.2974763079396532
12.64	0.2651207625332245	0.7126387404729527	0.3311395912990869
12.6425	0.3066433076179157	0.6304682847048102	0.371402206760824
12.645	0.3469556716594033	0.7257669931232401	0.4196413110452249
12.6475	0.3858987601738211	0.7327173042311971	0.4767245266481276
12.65	0.4233188825822077	0.5465829886933327	0.5429323368879696
12.6525	0.4590683587570765	0.7514036323036117	0.6179124343076328
12.655	0.4930061018482829	1.025264435981558	0.70069309891414
12.6575	0.5249981750885871	1.056072403354402	0.789767181890453
12.66	0.5549183203806661	0.9919623328266158	0.8832234639177161
12.6625	0.5826484565802418	1.066957678779874	0.9788630086355932
12.665	0.6080791455084569	1.024851392090247	1.074217953046847
12.6675	0.6311100238543081	1.245528011509695	1.166441505887177
12.67	0.6516501992627303	1.274102592194821	1.252218538135677
12.6725	0.669618609045337	1.278616679901807	1.327993641865865
12.675	0.6849443400976692	1.41892734280055	1.390548472764664
12.6775	0.697566908760952	1.515980792315144	1.437507152340667
12.68	0.7074364995233512	1.378994750888686	1.467444935107977
12.6825	0.7145141616191328	1.335891566265697	1.479756576393665
12.685	0.7187719627494682	1.417941704156376	1.474596381502522
12.6875	0.720193099318508	1.510142393743053	1.45297150591704
12.69	0.718771962749467	1.190405715306206	1.416835439640645
12.6925	0.7145141616191303	1.696970662833349	1.369003274249332
12.695	0.7074364995233551	1.332872542232938	1.312851527697047
12.6975	0.697566908760947	1.141226734716432	1.251914172692409
12.7	0.6849443400976757	1.292438797604815	1.189518760924323
12.7025	0.6696186090453294	1.197791753258353	1.128540128019489
12.705	0.651650199262739	1.325412613251243	1.071274573958991
12.7075	0.6311100238542983	1.079067775976631	1.019401704202588
12.71	0.6080791455084679	1.083756812413432	0.9739978586680497
12.7125	0.5826484565802298	1.306717001645161	0.9355744757255848
12.715	0.554918320380653	1.165643768073714	0.9041258107771777
12.7175	0.5249981750885732	0.9388626954679355	0.8791804353506671
12.72	0.4930061018482979	0.8618245727551911	0.8598587503368119
12.7225	0.4590683587570608	0.8803705698383908	0.8449419582768093
12.725	0.4233188825822242	0.9956230030592044	0.8329547953993581
12.7275	0.3858987601738384	0.800879860241146	0.8222564374082372
12.73	0.3469556716593854	0.8416572550790017	0.811126439944518
12.7325	0.3066433076178601	0.8077545548553188	0.7978307337515886
12.735	0.2651207625332055	0.9237865352593034	0.7806578516258436
12.7375	0.2225519069209493	0.633447694540214	0.7579237584878412
12.74	0.1791047406064097	0.5683036627567695	0.7279499473458892
12.7425	0.1349507297058699	0.5333720419240093	0.6890225481112245
12.745	0.09026412992830528	0.5151505281222359	0.6393426397683323
12.7475	0.04522129886763145	0.4955443558098486	0.5769853994147041
12.75	-4.382686207773489e-15	0.3818917217507846	0.5133972052528286
12.7525	0.01404263945857874	0.2785992770629534	0.448798151924798
12.755	0.02802985903467791	0.1987407226388869	0.3720488532402307
12.7575	0.04190645756280428	0.2927026529394297	0.2871411308738161
12.76	0.05561767044815712	-0.3284025481791951	0.198044663975137
12.7625	0.06910938579756	0.01195045340660919	0.1085698998243699
12.765	0.08232835797428294	-0.309319127605328	0.0223046976777834
12.7675	0.09522241773434213	-0.2343010652614185	-0.05739891226335239
12.77	0.107740678114577	-0.5762297773917017	-0.1274278575710213
12.7725	0.1198337352603277	-0.5417766257696414	-0.1849253461688807
12.775	0.1314538633998426	-0.5918554522225159	-0.227342240720716
12.7775	0.1425552031960656	-0.6861092998626344	-0.2525521308693808
12.78	0.1530939427325608	-0.5236005459259981	-0.2590475037431825
12.7825	0.1630284904190594	-0.3755674433020104	-0.2461666107213646
12.785	0.1723196391344978	-0.4073699954748668	-0.2142327155133034
12.7875	0.1809307209596275	-0.2571999458277566	-0.1645375644864632
12.79	0.1888277518885139	-0.1993408767131475	-0.0992268985006639
12.7925	0.195979565947897	-0.3329147679131751	-0.02115635778262585
12.795	0.2023579381950246	-0.06260111475976163	0.06631270962161076
12.7975	0.2079376961086499	0.06194218757450833	0.1596175958118845
12.8	0.2126968189334266	0.3640630132475515	0.2553312201569561
12.8025	0.2166165245858103	0.4617198072906192	0.3504038294081556
12.805	0.2196813437783272	0.5927131532085484	0.4422348450288349
12.8075	0.2218791810698111	0.5982131454380449	0.528598616840946
12.81	0.2232013626005696	0.895777542423952	0.6075294581018736
12.8125	0.2236426703241456	0.9338547061950501	0.6772746763949784
12.815	0.2232013626005695	1.13889291937402	0.7363259262005016
12.8175	0.2218791810698141	1.018168155761093	0.7834639612338816
12.82	0.219681343778327	1.311103510422146	0.8177881567907552
12.8225	0.2166165245858068	1.088110468152917	0.8387481231149013
12.825	0.2126968189334222	1.107340247051991	0.84616960362636
12.8275	0.2079376961086493	0.9446296825509749	0.8402392914614529
12.83	0.202357938195024	0.8659271585604573	0.8214464553161591
12.8325	0.1959795659478902	1.049200731691274	0.7905215754479278
12.835	0.1888277518885131	0.834104608177043	0.7484073258341339
12.8375	0.1809307209596266	0.7793002221242731	0.6962631152673333
12.84	0.1723196391344968	0.5515843405946853	0.635476298908571
12.8425	0.1630284904190496	0.3321608416900202	0.5676480215688741
12.845	0.1530939427325504	0.1503692863591249	0.4945398475563018
12.8475	0.1425552031960742	0.2369420711122454	0.4179924638083917
12.85	0.1314538633998413	0.1103702809756102	0.3398403155001818
12.8525	0.1198337352603264	-0.1583518092912226	0.2618415325180464
12.855	0.1077406781145756	-0.08847654865017135	0.1856301573910549
12.8575	0.09522241773434074	-0.4919542463904673	0.1126872292173948
12.86	0.08232835797429332	-0.4028800535928144	0.04432203726020034
12.8625	0.06910938579755856	-0.6503339951715716	-0.01834616219815166
12.865	0.05561767044815563	-0.6691401813419159	-0.07441366311104874
12.8675	0.04190645756281526	-0.6978239114784173	-0.1232275478463349
12.87	0.02802985903467638	-0.7785204916814313	-0.1644247985709617
12.8725	0.01404263945856452	-0.6469201280789365	-0.1979612883056417
12.875	-1.863153831088782e-14	-0.6124091929956578	-0.2241151304821608
12.8775	-0.01404263945857634	-0.6084388233475587	-0.243457329735661
12.88	-0.02802985903468813	-0.5710727421349333	-0.2567957865719215
12.8825	-0.04190645756280191	-0.6699629296566156	-0.2651068861094621
12.885	-0.05561767044816709	-0.4643451802898012	-0.2694681988502251
12.8875	-0.06910938579755772	-0.3661992582301658	-0.2710000090563289
12.89	-0.08232835797428069	-0.3701059091698747	-0.270817881027634
12.8925	-0.09522241773433995	-0.09014323711382692	-0.2699955885662483
12.895	-0.107740678114586	-0.1180907891267605	-0.2695369050723522
12.8975	-0.1198337352603256	0.02769201592227036	-0.2703546858526992
12.9	-0.1314538633998406	0.006513596229695946	-0.2732556239264546
12.9025	-0.1425552031960637	0.08030757206611841	-0.2789289400138006
12.905	-0.153093942732559	0.2988205218967391	-0.2879372881165736
12.9075	-0.163028490419049	0.04011564031094018	-0.3007085071046454
12.91	-0.1723196391344882	0.2275644609034709	-0.3175275477223303
12.9125	-0.1809307209596261	0.1463690860237136	-0.338528800608153
12.915	-0.1888277518885194	0.001149098446508609	-0.3636898729358508
12.9175	-0.1959795659478898	0.1260859201908901	-0.3928283183039243
12.92	-0.202357938195029	0.02848961517793562	-0.4256027361989092
12.9225	-0.2079376961086537	0.05063921982708958	-0.4615190640625407
12.925	-0.2126968189334298	-0.1213077550741244	-0.4999420579883414
12.9275	-0.2166165245858097	-0.3890263104003956	-0.5401112735693405
12.93	-0.2196813437783292	-0.5195429433579115	-0.5811605999327265
12.9325	-0.2218791810698124	-0.4187086954814672	-0.6221406159442793
12.935	-0.2232013626005702	-0.7124117284697096	-0.6620435359405554
12.9375	-0.2236426703241456	-0.5688757624239281	-0.6998309692542505
12.94	-0.2232013626005696	-0.7982953992311478	-0.7344648191548795
12.9425	-0.2218791810698112	-0.6497311531554264	-0.7649412084611953
12.945	-0.2196813437783274	-0.9251388458018375	-0.7903263752617081
12.9475	-0.2166165245858106	-1.0253685487211	-0.8097923233627489
12.95	-0.2126968189334269	-0.9651983963707329	-0.8226491130605035
12.9525	-0.2079376961086502	-1.189881864851962	-0.8283704882837104
12.955	-0.202357938195025	-1.324270968646322	-0.826610237336641
12.9575	-0.1959795659479036	-1.318846668776535	-0.8172080993930673
12.96	-0.1888277518885212	-1.303679621428711	-0.8001857524025394
12.9625	-0.1809307209596281	-1.158034026454758	-0.7757350175897983
12.965	-0.1723196391344902	-1.230735209948913	-0.744201518364118
12.9675	-0.16302849041906	-1.312611927763026	-0.7060672992363611
12.97	-0.1530939427325521	-1.194291812446458	-0.6619350673436547
12.9725	-0.1425552031960565	-0.9543349536109136	-0.6125147551204545
12.975	-0.131453863399833	-0.9524077644451322	-0.5586105804751419
12.9775	-0.1198337352603284	-0.6735349750083305	-0.5011049321334772
12.98	-0.1077406781145777	-0.8225418411333236	-0.4409356077829999
12.9825	-0.09522241773433142	-0.5136559918181038	-0.3790655869013875
12.985	-0.08232835797427192	-0.554749077665036	-0.3164483058616339
12.9875	-0.06910938579756083	-0.2524553312916603	-0.2539939779082564
12.99	-0.05561767044815797	-0.05585839332368686	-0.1925423314382638
12.9925	-0.04190645756279265	-0.1165429535961808	-0.1328446332644366
12.995	-0.02802985903467877	0.1912287427832245	-0.07555473349238043
12.9975	-0.01404263945857962	0.07672280122169253	-0.02122666220031564
13.0	1.102666804427522e-14	0.2885642373232503	0.03754217673059683
13.0025	0.04414111071236705	0.4377413508408109	0.1009694731268434
13.005	0.0881080166269364	0.4820736560557494	0.1618789056745938
13.0075	0.1317272004525243	0.5248573959076375	0.22130896236506
13.01	0.1748265171984382	0.6873712503173462	0.2802948032996299
13.0125	0.2172358735516076	0.6317018907462076	0.3398252959442007
13.015	0.2587878991574609	0.6413290062276849	0.4007862908146806
13.0175	0.2993186071542856	0.7785002361180607	0.4639003826965582
13.02	0.3386680413544074	0.8827188022523198	0.529672185228076
13.0225	0.3766809075179428	0.9298360548599395	0.5983454013399477
13.025	0.4132071862286757	0.8979000119294489	0.6698757709907406
13.0275	0.4481027249517383	0.8998114302322018	0.7439221806784243
13.03	0.4812298069380797	1.042067307452203	0.8198555108694447
13.0325	0.5124576947294512	1.171611495210928	0.8967804557994697
13.035	0.5416631461193747	0.929415564423031	0.9735607508665968
13.0375	0.5687309005338683	0.9261585363194972	1.048836946196943
13.04	0.5935541339124366	0.8673673293850706	1.121034937571165
13.0425	0.6160348802935398	1.35844544270819	1.188386969234062
13.045	0.636084418441671	1.108423175732643	1.249008643701236
13.0475	0.6536236219895434	1.115836053954164	1.301056248112263
13.05	0.6685832717136535	1.021386415608249	1.342923936287708
13.0525	0.6809043287109643	1.367123978306908	1.373403245869081
13.055	0.690538167398448	1.113469255569965	1.391769224421871
13.0575	0.6974467674160773	1.423366107387833	1.397819540461267
13.06	0.7016028636758467	1.278796138156877	1.391901661339561
13.0625	0.7029900539645437	1.149576605935624	1.374926298310826
13.065	0.7016028636758482	1.393879065364708	1.348335063690716
13.0675	0.6974467674160855	1.454662151161383	1.313996366875389
13.07	0.6905381673984378	1.362637677783145	1.274036478516332
13.0725	0.6809043287109607	1.463841340118515	1.230642561949677
13.075	0.6685832717136491	1.196961248530893	1.185880421845767
13.0775	0.653623621989538	1.161326684115027	1.141554782678578
13.08	0.6360844184416649	1.404717980933091	1.099119972307083
13.0825	0.6160348802935136	1.320321404226648	1.059635356476175
13.085	0.5935541339124074	1.315642169718349	1.023754785571909
13.0875	0.5687309005338833	1.203693629880743	0.9917397889987593
13.09	0.54166314611934	1.289147367208674	0.9634889880700566
13.0925	0.5124576947294414	1.088438608948671	0.9385789963019062
13.095	0.4812298069380691	0.9505159672794138	0.9163137346374672
13.0975	0.4481027249517271	0.9155100957737405	0.8957792275897412
13.1	0.413207186228664	0.8589997486430933	0.8758999849658696
13.1025	0.3766809075179307	0.6628102309505524	0.8554919944149381
13.105	0.3386680413543597	0.5945058926483318	0.8333071470425826
13.1075	0.2993186071543448	0.8147543853595712	0.8080650457920394
13.11	0.2587878991574846	0.686970050103546	0.7784703213232356
13.1125	0.2172358735516318	0.6697575612601255	0.7432160856431056
13.115	0.1748265171984629	0.5311269965203071	0.7009763853327103
13.1175	0.1317272004525886	0.5287751441540257	0.650392386720053
13.12	0.0881080166268824	0.4171538624015001	0.5900592877836344
13.1225	0.0441411107123526	0.3612693889924242	0.5185256279979789
13.125	-4.340836754248019e-14	0.1830841677781493	0.4343261475443814
13.1275	-0.0441411107123595	0.06838503525837974	0.3360798314098107
13.13	-0.08810801662692888	-0.08605235028071079	0.2226746052774282
13.1325	-0.1317272004525953	-0.2526997991964384	0.0935015073171781
13.135	-0.1748265171984696	-0.1304389909685538	-0.05137436435574319
13.1375	-0.2172358735516003	-0.1634702426936104	-0.2112045707087749
13.14	-0.258787899157491	-0.4257924845434434	-0.3846834644403593
13.1425	-0.2993186071543149	-0.5731471770463887	-0.5700903850320824
13.145	-0.3386680413544008	-0.56285390487568	-0.7653570880106527
13.1475	-0.3766809075179027	-0.7275345902962465	-0.9680462795436826
13.15	-0.4132071862286372	-0.9583232390578699	-1.175268542801917
13.1525	-0.4481027249517324	-1.028794296468828	-1.383582828269983
13.155	-0.4812298069381032	-1.320262308004603	-1.588978236546076
13.1575	-0.5124576947294187	-1.456754916066749	-1.787092305731249
13.16	-0.5416631461193444	-1.671590464772435	-1.973662932565397
13.1625	-0.5687309005338639	-1.57518560004974	-2.144861389462886
13.165	-0.5935541339124325	-1.733490291552799	-2.297281699469032
13.1675	-0.6160348802934977	-1.909154571905959	-2.427881008502415
13.17	-0.6360844184416677	-2.034009674631543	-2.534130473456643
13.1725	-0.6536236219895554	-2.041839124411743	-2.614249003552393
13.175	-0.6685832717136759	-2.125258634265302	-2.667302361248411
13.1775	-0.6809043287109624	-2.393965805974383	-2.693116101757767
13.18	-0.6905381673984466	-2.171453812067959	-2.692101812713308
13.1825	-0.6974467674160864	-2.235452276392877	-2.66512750615232
13.185	-0.7016028636758488	-2.253210681134009	-2.613503125426505
13.1875	-0.7029900539645437	-2.22503467564016	-2.539057382126397
13.19	-0.7016028636758488	-2.132519923055251	-2.444201318241912
13.1925	-0.6974467674160815	-2.350413921950768	-2.33185911644903
13.195	-0.6905381673984392	-2.354107249648662	-2.205233256912087
13.1975	-0.6809043287109725	-2.021454625271619	-2.067506240685479
13.2	-0.6685832717136637	-2.203951609377929	-1.921636523916454
13.2025	-0.6536236219895409	-1.968060533427509	-1.770339419869107
13.205	-0.6360844184416681	-2.007186245166999	-1.616231155057073
13.2075	-0.6160348802935366	-1.91564930411643	-1.462022923551255
13.21	-0.593554133912433	-1.515856140213158	-1.310623236605964
13.2125	-0.5687309005338878	-1.414555765193906	-1.165073418679948
13.215	-0.5416631461193449	-1.173194513828633	-1.02833963529049
13.2175	-0.5124576947294739	-1.353117575427256	-0.9030126951035218
13.22	-0.4812298069380747	-1.098928958537729	-0.7909711265877819
13.2225	-0.4481027249517022	-1.104978367409666	-0.6931355483624869
13.225	-0.4132071862286055	-0.9457133545121971	-0.6094613864737987
13.2275	-0.376680907517937	-0.8443268137779723	-0.5391581492246835
13.23	-0.3386680413543664	-0.7336275112211366	-0.4809727939742448
13.2325	-0.2993186071542793	-0.5767839840269325	-0.4334010880082141
13.235	-0.2587878991574545	-0.5424734244778375	-0.3947908606648984
13.2375	-0.217235873551601	-0.587855384105086	-0.3633594484642699
13.24	-0.1748265171984703	-0.5155582591497371	-0.337165899862566
13.2425	-0.1317272004525568	-0.3305963205870628	-0.3140824326991511
13.245	-0.08810801662688991	-0.2041353792172525	-0.2918039499500527
13.2475	-0.04414111071240005	-0.2192852701671003	-0.2679155110689285
13.25	-4.979981830613796e-15	0.04441353934060605	-0.2374275299343867
13.2525	0.05321728417301821	-0.1857398434289752	-0.1979005423274217
13.255	0.106224544038027	-0.09656536800810339	-0.1496131600501581
13.2575	0.158812584157096	0.1034015869540062	-0.0904722364846584
13.26	0.2107738635610656	0.2895850572743864	-0.01889378751333744
13.2625	0.261903314819025	0.3001415311339499	0.06607210815107094
13.265	0.3119991533456355	0.3409685547520848	0.1646042893780888
13.2675	0.3608636737527571	0.3774367040569874	0.2760047779532284
13.27	0.4083040301026375	0.4929022527838799	0.398705938765045
13.2725	0.4541329969820253	0.8033320661832929	0.5304429512292389
13.275	0.4981697083959543	1.061101234575272	0.6685570507579403
13.2775	0.5402403715628593	0.8976823884528154	0.8103175333497461
13.28	0.5801789527956299	1.280707105285346	0.9530868745981167
13.2825	0.6178278327602317	1.327467570628118	1.094030772671348
13.285	0.6530384285276495	1.388605273632691	1.229140238254746
13.2875	0.6856717799625167	1.332535928773669	1.352484145295187
13.29	0.7155990981355131	1.537929120370279	1.45753320922864
13.2925	0.7427022735943244	1.588803621951673	1.539554046009448
13.295	0.7668743424876493	1.574104759067984	1.596277285220131
13.2975	0.7880199087026979	1.733537407893793	1.626894479315443
13.3	0.8060555203501863	1.610708910445525	1.631220307140792
13.3025	0.820909999110576	1.657712677550373	1.609879622006656
13.305	0.8325247211425921	1.58375090176898	1.565151994303766
13.3075	0.8408538484446155	1.42324479184243	1.50161471019507
13.31	0.8458645097564129	1.524826852994961	1.425754091618452
13.3125	0.8475369302869404	1.234888253854578	1.344669554019464
13.315	0.8458645097564141	1.124217608876265	1.264848492650712
13.3175	0.8408538484446239	1.337035310645716	1.191572107699077
13.32	0.8325247211425868	1.173315226626061	1.128812139219669
13.3225	0.8209099991105687	1.233863350519919	1.079320190214927
13.325	0.8060555203501774	1.189206508403785	1.044733322610769
13.3275	0.7880199087027049	1.14559277952882	1.025626994708503
13.33	0.7668743424876163	1.242139810961577	1.021510831698766
13.3325	0.7427022735943104	1.193257065257208	1.030822883899649
13.335	0.7155990981354975	1.094481716034414	1.051017189987093
13.3375	0.6856717799625279	1.370217840270302	1.078802552220448
13.34	0.6530384285276309	1.330582710805035	1.110489140715951
13.3425	0.6178278327602118	1.323315009304004	1.142335629710124
13.345	0.5801789527956087	1.385366420452978	1.170825777910688
13.3475	0.540240371562874	1.216093263810056	1.192869957260486
13.35	0.4981697083958919	0.985717310900363	1.205921056240499
13.3525	0.4541329969820008	1.217959054489877	1.207959638245677
13.355	0.408304030102612	1.266668405620683	1.197339557822201
13.3575	0.3608636737528616	1.110473858008217	1.172553861621003
13.36	0.3119991533456533	1.263319957538803	1.132014874789627
13.3625	0.2619033148190431	0.9822330363890457	1.073937403512996
13.365	0.2107738635610841	1.083665157499375	0.9963806634645404
13.3675	0.1588125841571621	0.7405201057538632	0.8974747046326502
13.37	0.1062245440379981	0.6746221796983698	0.7758527864817771
13.3725	0.05321728417294111	0.5389351811129015	0.6312237608779254
13.375	-3.405995342224969e-14	0.2452675879337854	0.4647435773420211
13.3775	-0.0532172841730091	0.1546709310695823	0.2787809790298476
13.38	-0.1062245440380179	0.001663519874752245	0.07620720845171872
13.3825	-0.1588125841571343	-0.4056705981884574	-0.1402271037688577
13.385	-0.2107738635611501	-0.4149257510539079	-0.3681047924649165
13.3875	-0.2619033148190162	-0.7162404684324484	-0.6052195486457603
13.39	-0.311999153345627	-0.8705809008996807	-0.8493142450294506
13.3925	-0.360863673752836	-1.024655417979718	-1.097806741994404
13.395	-0.4083040301026295	-1.315298434289016	-1.34753397992759
13.3975	-0.454132996981977	-1.438407718547712	-1.594530739843087
13.4	-0.498169708395869	-1.75062887379317	-1.834019337730804
13.4025	-0.5402403715628522	-1.866005914942803	-2.060905657112412
13.405	-0.5801789527956233	-2.04751852443749	-2.270501912841873
13.4075	-0.6178278327601925	-2.077887017715276	-2.458686518087065
13.41	-0.653038428527613	-2.36399823171253	-2.621717903014022
13.4125	-0.6856717799625114	-2.500037435904725	-2.756424592221077
13.415	-0.7155990981355083	-2.387991198575262	-2.860630717530983
13.4175	-0.7427022735942967	-2.297756110045055	-2.933332786738429
13.42	-0.7668743424876453	-2.541403384227555	-2.974529571112502
13.4225	-0.7880199087027122	-2.642369857389075	-2.984924643229717
13.425	-0.8060555203501983	-2.593558552203899	-2.965722739874228
13.4275	-0.8209099991105857	-2.748834218943474	-2.918608025671547
13.43	-0.8325247211425905	-2.547548554925074	-2.845860864607453
13.4325	-0.8408538484446204	-2.377154633588152	-2.750458599551259
13.435	-0.8458645097564185	-2.392297810572805	-2.63597743206619
13.4375	-0.8475369302869404	-2.274551604278313	-2.506255845477239
13.44	-0.8458645097564148	-2.075195382065019	-2.36499648559848
13.4425	-0.840853848444613	-2.052021336872487	-2.215530827597191
13.445	-0.8325247211425885	-2.045795858969041	-2.06082960703591
13.4475	-0.8209099991105829	-1.891423348377644	-1.903690796215882
13.45	-0.806055520350195	-1.571380221927879	-1.746962561840338
13.4525	-0.7880199087027083	-1.766578290158807	-1.593669055513024
13.455	-0.7668743424876202	-1.677199204833109	-1.446995292254171
13.4575	-0.7427022735943379	-1.632381015566762	-1.310164221181503
13.46	-0.7155990981355282	-1.552503032690605	-1.186218711580864
13.4625	-0.685671779962505	-1.222008300921349	-1.077688484808422
13.465	-0.6530384285276368	-1.289582538668314	-0.9862060254591749
13.4675	-0.6178278327602511	-1.159055768525341	-0.9122580821704865
13.47	-0.5801789527955803	-0.996817056229066	-0.8552140003850107
13.4725	-0.5402403715628439	-1.095078930360869	-0.8135752444753186
13.475	-0.4981697083958602	-1.018744317637659	-0.785277707129229
13.4775	-0.4541329969819678	-1.103528875293662	-0.767921970608694
13.48	-0.40830403010262	-0.9696500537061935	-0.7588966999522453
13.4825	-0.3608636737527827	-1.253846370939186	-0.7554160034086851
13.485	-0.3119991533455722	-0.9091973239526592	-0.7545058407442868
13.4875	-0.2619033148190518	-1.083061804791279	-0.7529840158091741
13.49	-0.210773863561093	-1.021000487501127	-0.747496355090782
13.4925	-0.1588125841571237	-1.118464393274761	-0.7346598583123873
13.495	-0.1062245440380072	-0.5798145261323576	-0.7112989172073039
13.4975	-0.05321728417299831	-0.835281599344444	-0.6746878651743186
13.5	-8.901156780260889e-15	-0.5100789769522297	-0.6334361749506117
13.5025	0.02037057407324256	-0.5764374378291393	-0.586255261066353
13.505	0.0406607547970569	-0.3592805398814213	-0.5227578896252634
13.5075	0.06079046609778274	-0.2005896927496152	-0.4442522052251561
13.51	0.08068026520137918	-0.02735963006257069	-0.3524710314105284
13.5125	0.100251656157515	-0.1353388897943245	-0.2496477262930982
13.515	0.1194273996274396	0.2433364611859692	-0.1385059286821797
13.5175	0.1381318177122065	0.2167964007477688	-0.02206658623735297
13.52	0.1562910926189209	0.3592032886018782	0.09666186298930579
13.5225	0.1738335579856437	0.5161705600347373	0.2149456540240616
13.525	0.1906899817160111	0.7782489288342918	0.3304258998875169
13.5275	0.206793839206482	0.7889202752844944	0.44105175754263
13.53	0.2220815758887525	0.8863368261500425	0.544935157510456
13.5325	0.2364928580504103	0.9102396855446414	0.6402647746977016
13.535	0.24997081094464	1.128492063585633	0.7253528639970585
13.5375	0.2624622432488726	1.156177288009577	0.7987504952682895
13.54	0.2739178569866058	1.10536453234986	0.8593378487036637
13.5425	0.284292442083968	1.021984031797596	0.9063864554800228
13.545	0.293545054793296	1.066835144441564	0.9396238570288356
13.5475	0.301639179279319	0.9686172705899685	0.9592657525110179
13.55	0.3085428717305738	0.9640422236314095	0.965959108143477
13.5525	0.3142288864269366	0.9448596677259566	0.9606578838127634
13.555	0.3186747832660938	0.9779351085915379	0.9445071772987814
13.5575	0.3218630163243537	0.7787512437014067	0.918781051645156
13.56	0.323781003102412	0.7331862455178194	0.884868454238842
13.5625	0.3244211741826937	0.6196436198701769	0.8442765144448059
13.565	0.3237810031024123	0.4226477102791237	0.7986209771598302
13.5675	0.3218630163243587	0.5803888917618603	0.7495892717921867
13.57	0.3186747832660909	0.3810730042578779	0.6988802021049888
13.5725	0.3142288864269327	0.3274356393805318	0.6481346073352274
13.575	0.308542871730569	0.3551462208110627	0.5988710482031292
13.5775	0.3016391792793269	0.2830526780063357	0.5524341714089087
13.58	0.2935450547932894	0.1593299483481874	0.5099564370683661
13.5825	0.2842924420839605	0.3276118556902803	0.472329376883354
13.585	0.2739178569865974	0.1951783945698766	0.4401793421449425
13.5875	0.2624622432488743	0.3132422792990218	0.4138448190977309
13.59	0.2499708109446419	0.4231389685103116	0.3933572221583552
13.5925	0.2364928580503997	0.2514786208487558	0.3784325166552714
13.595	0.2220815758887412	0.4035548874589049	0.3684833529789933
13.5975	0.2067938392064985	0.5369698704306756	0.3626576618397284
13.6	0.1906899817159985	0.6696523464050603	0.359901056063744
13.6025	0.1738335579856305	0.5509760431172269	0.3590321655708821
13.605	0.1562910926189072	0.5764592399679583	0.3588170482617052
13.6075	0.1381318177122258	0.583151023428269	0.3580316948787799
13.61	0.1194273996274423	0.6642430361607351	0.3555074812642558
13.6125	0.1002516561575352	0.6128916687915213	0.3501599218197641
13.615	0.08068026520138195	0.7742227556886121	0.3410045142276523
13.6175	0.06079046609782178	0.5861253399736368	0.3271647033933644
13.62	0.04066075479704144	0.5469787509823536	0.3078766986307384
13.6225	0.020370574073227	0.571026949052576	0.282494813957586
13.625	-2.448380383761516e-14	0.4018249776917244	0.2504996653264668
13.6275	-0.02037057407323906	0.37919059742288	0.2115101176938115
13.63	-0.04066075479705343	0.1423109516000267	0.165298287136724
13.6325	-0.06079046609781553	0.2221404703983419	0.1118051825613373
13.635	-0.08068026520139367	0.03962928108543595	0.05115309962154592
13.6375	-0.1002516561575292	0.0828605815601119	-0.01634952407680243
13.64	-0.1194273996274364	0.01900715936896119	-0.09021364564572572
13.6425	-0.1381318177122201	-0.1317642773000419	-0.169785238149247
13.645	-0.1562910926189178	-0.552855593237118	-0.2542671745145264
13.6475	-0.1738335579856252	-0.6171861086128314	-0.3427415406703441
13.65	-0.1906899817159933	-0.7628227741344153	-0.4341870578403487
13.6525	-0.2067938392064936	-1.018637316882547	-0.5274889088777179
13.655	-0.22208157588875	-1.011275832363754	-0.6214417101584077
13.6575	-0.2364928580503953	-1.045800424736271	-0.7147495784778557
13.66	-0.2499708109446261	-1.10605881936175	-0.8060298049173129
13.6625	-0.2624622432488706	-1.526558923011134	-0.8938283381389995
13.665	-0.2739178569866039	-1.505641992515552	-0.9766550471625652
13.6675	-0.2842924420839575	-1.493001315805078	-1.053042413743332
13.67	-0.2935450547932945	-1.443601167449219	-1.121621770509344
13.6725	-0.3016391792793313	-1.64620411987739	-1.18120038396616
13.675	-0.3085428717305841	-1.495158718619698	-1.230819368582634
13.6775	-0.3142288864269357	-1.688609496102959	-1.269781337067362
13.68	-0.3186747832660932	-1.501342202540764	-1.297651056848838
13.6825	-0.3218630163243556	-1.490894557274862	-1.314240878999541
13.685	-0.323781003102413	-1.369268814696276	-1.319591708105599
13.6875	-0.3244211741826937	-1.394455517898953	-1.313954518146249
13.69	-0.3237810031024125	-1.14826331552662	-1.297772330218777
13.6925	-0.3218630163243545	-1.168934976077987	-1.271660252118329
13.695	-0.3186747832660881	-0.9975812919084838	-1.236381461587969
13.6975	-0.3142288864269381	-0.9460293688989377	-1.192819070851687
13.7	-0.3085428717305758	-0.6623952123021115	-1.141946475404328
13.7025	-0.3016391792793282	-0.5556362928867056	-1.084800512841563
13.705	-0.2935450547932908	-0.4903954417205796	-1.022461132179717
13.7075	-0.2842924420839711	-0.4848316706712034	-0.9560379578021918
13.71	-0.2739178569866091	-0.5330696764351771	-0.8866594667204721
13.7125	-0.2624622432488763	-0.4723575491159915	-0.8154573298379646
13.715	-0.2499708109446323	-0.3039790293764772	-0.7435397069106686
13.7175	-0.2364928580504147	-0.1849253837186079	-0.6719533707147133
13.72	-0.2220815758887437	-0.1470518123075703	-0.6016419647731234
13.7225	-0.2067938392064727	0.006606321992788683	-0.533411230201534
13.725	-0.1906899817159864	-0.1614136078988941	-0.4679092952725417
13.7275	-0.1738335579856335	-0.1630215737712163	-0.4056235932800032
13.73	-0.1562910926188941	-0.1626976243076075	-0.3468902376174955
13.7325	-0.1381318177122123	-0.0693053906570909	-0.2919094283540662
13.735	-0.1194273996274284	-0.0571620948399763	-0.2407613602784123
13.7375	-0.1002516561575386	-0.3574432561485842	-0.1934193769141323
13.74	-0.08068026520138534	-0.1452406315699016	-0.1497593336208851
13.7425	-0.06079046609778899	-0.1562008598839438	-0.1095657617166622
13.745	-0.04066075479704491	-0.1197858744001814	-0.07253648976430574
13.7475	-0.0203705740732489	-0.003615449736253745	-0.03828797545268218
13.75	-3.781692693445721e-15	-0.198485253841734	-0.01891319351666206
13.7525	-0.03026760811855526	-0.003882836753984598	-0.01399420264925723
13.755	-0.06041576381584489	-0.0993772303849576	-0.01213221470246591
13.7575	-0.09032548609463632	-0.2200341008055752	-0.01531349602826038
13.76	-0.1198787349456556	-0.04320439226284944	-0.02534547461284474
13.7625	-0.1489588771972283	-0.2757404635048	-0.04392290332597745
13.765	-0.1774511468133406	-0.2738764872595209	-0.07267308980298169
13.7675	-0.205243097822648	-0.2495303511299174	-0.1131508771573955
13.77	-0.2322250480915756	-0.1997669908770205	-0.1667580417329124
13.7725	-0.2582905121891928	-0.3571963722190813	-0.2345826380205157
13.775	-0.2833366216368866	-0.2776662551967602	-0.3171999174259628
13.7775	-0.30726453088317	-0.5081641735665209	-0.4145194841673465
13.78	-0.3299798074018699	-0.4527679328479441	-0.5257472535259746
13.7825	-0.3513928043742084	-0.587487196906141	-0.6494535333667475
13.785	-0.3714190144837826	-0.5432137269521499	-0.7836772485461655
13.7875	-0.3899794034283625	-0.7858277652435386	-0.9260037552235593
13.79	-0.4070007218322862	-0.8028344391672808	-1.073600562334467
13.7925	-0.4224157943280791	-0.8844208613604485	-1.223237160847081
13.795	-0.4361637846670652	-1.081095398523241	-1.37134361391424
13.7975	-0.4481904358122508	-1.117766067756138	-1.514169033433938
13.8	-0.4584482840660284	-1.514852087450588	-1.648042474914149
13.8025	-0.4668968463876871	-1.453291778940377	-1.769626501404213
13.805	-0.4735027801615395	-1.55987420220408	-1.876041157892311
13.8075	-0.4782400147849287	-1.617013737207863	-1.964877197452656
13.81	-0.4810898545570502	-1.473569754001681	-2.034200800854595
13.8125	-0.4820410524622809	-1.749569408965828	-2.082582734556197
13.815	-0.4810898545570517	-1.759793931276188	-2.109114568542159
13.8175	-0.4782400147849353	-1.699189903701389	-2.113389931137417
13.82	-0.4735027801615338	-1.848755006026275	-2.095474919064849
13.8225	-0.4668968463876865	-1.912036591585108	-2.055905584757945
13.825	-0.4584482840660193	-2.004828791053584	-1.995721700093282
13.8275	-0.4481904358122499	-1.719793169554006	-1.91649965143185
13.83	-0.4361637846670642	-1.882185072640964	-1.820317132972672
13.8325	-0.4224157943280647	-1.754693993649107	-1.709601509009951
13.835	-0.4070007218322703	-1.882960546949022	-1.586892509055362
13.8375	-0.3899794034283772	-1.709456383379868	-1.454633863739345
13.84	-0.3714190144837636	-1.437359623905108	-1.315117752616354
13.8425	-0.3513928043741881	-1.268841247537976	-1.170622685417607
13.845	-0.3299798074018681	-1.414700104096228	-1.023642782037439
13.8475	-0.3072645308831681	-0.9905663488240224	-0.8769923361535326
13.85	-0.2833366216368847	-1.119336444113626	-0.7336305303841948
13.8525	-0.2582905121891677	-0.8200144035867883	-0.5962743777732148
13.855	-0.2322250480915495	-0.7225757432908351	-0.467027196283603
13.8575	-0.2052430978226954	-0.5964143831100444	-0.3472188783962786
13.86	-0.1774511468133385	-0.3481807519414917	-0.2374932142056649
13.8625	-0.1489588771972261	-0.0621612849332758	-0.1380240741727061
13.865	-0.1198787349456798	-0.2481782068167394	-0.04871896731752133
13.8675	-0.09032548609468784	-0.08347823252737438	0.03065204257239182
13.87	-0.06041576381581536	0.1245218162292079	0.1003950798553205
13.8725	-0.0302676081185529	0.1925719551876986	0.1608751117565341
13.875	2.598585962098992e-14	0.3393718555200037	0.2125291256330691
13.8775	0.03026760811857742	0.5320248384562025	0.2559060768400003
13.88	0.06041576381583974	0.3585917842946618	0.2917258400359699
13.8825	0.09032548609468505	0.384179534378135	0.3209334973867594
13.885	0.1198787349457036	0.6075328353432589	0.3447160202172931
13.8875	0.1489588771972233	0.4977733442122793	0.3644636796103768
13.89	0.1774511468133358	0.5844468590583157	0.3816880857916869
13.8925	0.2052430978226681	0.9679125193173745	0.3979249988723756
13.895	0.2322250480915711	0.648828511394791	0.4146444247060663
13.8975	0.2582905121891653	0.554153179250258	0.4331766194916989
13.9	0.2833366216368602	0.8450641167230223	0.4546532274088342
13.9025	0.307264530883166	0.674368307593194	0.4799601789368421
13.905	0.329979807401886	0.7437193208891055	0.5097004117705637
13.9075	0.3513928043741861	0.6483898197439114	0.5441672132589137
13.91	0.3714190144837617	0.8272542317597033	0.5833312765227371
13.9125	0.3899794034283595	0.8175821715696199	0.6268451970177866
13.915	0.4070007218322834	0.8834709896492758	0.6740674610780714
13.9175	0.4224157943280634	0.7707053634436949	0.7241043796444357
13.92	0.4361637846670747	0.8131064341290728	0.7758644778063801
13.9225	0.448190435812259	0.7826823642636778	0.8281177053653606
13.925	0.4584482840660353	0.7286043964619562	0.8795529992489917
13.9275	0.4668968463876858	0.7940275487338441	0.928831891517911
13.93	0.4735027801615384	0.8614574284413831	0.9746403387038307
13.9325	0.4782400147849349	1.020764654460771	1.015741961773909
13.935	0.4810898545570516	1.007446332861578	1.051031914647127
13.9375	0.4820410524622809	1.079504568922556	1.079584849716753
13.94	0.4810898545570503	1.211388763940453	1.100688381865783
13.9425	0.4782400147849325	1.165348664096122	1.113857264458268
13.945	0.4735027801615349	1.153019886523136	1.118830072778302
13.9475	0.4668968463876946	0.9533384114625942	1.115554672082043
13.95	0.4584482840660293	0.9069893958165847	1.104169025114793
13.9525	0.4481904358122519	1.192964817714266	1.084981416473111
13.955	0.4361637846670548	1.085412316025854	1.058451335053458
13.9575	0.4224157943280805	1.005749248776644	1.025170192920057
13.96	0.4070007218322877	1.105865441685852	0.9858398604726768
13.9625	0.3899794034283803	0.9791997375734501	0.9412468299297154
13.965	0.3714190144837669	1.241871007680682	0.8922309493810787
13.9675	0.3513928043742292	0.7368478600558737	0.8396497353429646
13.97	0.3299798074018719	1.006833423012395	0.784341202766287
13.9725	0.307264530883151	0.7542032310864919	0.7270889534707163
13.975	0.2833366216368445	0.5341067947892458	0.6685927078071289
13.9775	0.258290512189172	0.8051282759573994	0.6094460506354549
13.98	0.2322250480915541	0.5391443012997796	0.5501216208357347
13.9825	0.2052430978226505	0.5802112625868225	0.4909628374505278
13.985	0.1774511468133178	0.44436831465315	0.4321807412734539
13.9875	0.148958877197231	0.3085705952079327	0.3738546108885273
13.99	0.1198787349456849	0.3212992879768678	0.315935515758628
13.9925	0.09032548609466602	0.1852193767108277	0.2582526367216144
13.995	0.06041576381582051	0.1366832898937711	0.2005227146391116
13.9975	0.03026760811858543	0.04848218210252372	0.1423631315960158
14.0	6.122851036323191e-15	0.02808481595053898	0.08382078429891089
14.0025	-0.02802972878727676	-0.292917591474571	0.02440845448404234
14.005	-0.05594883704057598	-0.09846811685257577	-0.03685953553037132
14.0075	-0.0836471407946685	-0.2659468077409444	-0.1003990829346897
14.01	-0.1110153274988129	-0.3496064882054888	-0.1666116317396751
14.0125	-0.1379453874233736	-0.3075515793287613	-0.2358628107361286
14.015	-0.1643310399250512	-0.4862474296343328	-0.3084604172957762
14.0175	-0.1900681528878089	-0.5955487520989139	-0.3846314344555057
14.02	-0.2150551536850663	-0.6567789178337703	-0.4644977259472495
14.0225	-0.2391934300400591	-0.5565082319899065	-0.5480502684613324
14.025	-0.2623877192037663	-0.7591776196590924	-0.6351223062592688
14.0275	-0.2845464839132825	-0.8925779496483054	-0.7253626953829048
14.03	-0.3055822736477559	-0.910414281563335	-0.8182119721992984
14.0325	-0.3254120697554017	-0.9195064950581826	-0.9128852944847059
14.035	-0.3439576130903386	-0.7657459569336837	-1.008368096773967
14.0375	-0.3611457128656951	-0.8942648497645419	-1.103431254617281
14.04	-0.3769085355041539	-0.8289053981643937	-1.19667108857453
14.0425	-0.3911838723461217	-1.162990107735187	-1.286573772742169
14.045	-0.4039153851588496	-1.20570359962396	-1.37159417483486
14.0475	-0.4150528284777217	-1.118027268772146	-1.450231452537222
14.05	-0.4245522479022126	-1.142640511398618	-1.521085434583295
14.0525	-0.4323761535637042	-1.168797653298778	-1.582889383050896
14.055	-0.4384936680809483	-1.227436325973539	-1.634526795325017
14.0575	-0.4428806484189795	-1.142988609912772	-1.675043467367975
14.06	-0.4455197811706245	-1.267225126717717	-1.703661655304424
14.0625	-0.4464006508846177	-1.356525617439181	-1.719797404039741
14.065	-0.4455197811706256	-1.404835981324406	-1.723079321382363
14.0675	-0.4428806484189848	-1.543740531784555	-1.713366912977166
14.07	-0.4384936680809467	-1.384038779294668	-1.690766612081327
14.0725	-0.4323761535636958	-1.320603108820929	-1.655642256326842
14.075	-0.4245522479022023	-1.437344750527165	-1.608614499164642
14.0775	-0.415052828477728	-1.389717429626486	-1.550542825416367
14.08	-0.4039153851588352	-1.234697461717501	-1.482487075815484
14.0825	-0.3911838723461177	-1.275435725008066	-1.405653076912571
14.085	-0.3769085355041494	-1.333403250932495	-1.321335601229414
14.0875	-0.3611457128656902	-1.207650803715936	-1.230875514268116
14.09	-0.3439576130903333	-1.218713125792606	-1.135642326979182
14.0925	-0.3254120697553786	-1.134797153570483	-1.03703888504638
14.095	-0.3055822736477314	-0.9171745199658448	-0.9365078013117929
14.0975	-0.2845464839132957	-0.878336517893116	-0.8355111870720943
14.1	-0.262387719203739	-1.013103134123281	-0.7354671691787806
14.1025	-0.239193430040052	-0.8092256261143244	-0.6376554386497376
14.105	-0.215055153685059	-0.5871519177448751	-0.5431283851933373
14.1075	-0.1900681528878473	-0.6160932268482515	-0.4526633259029306
14.11	-0.1643310399250671	-0.4118451593385325	-0.3667669001553496
14.1125	-0.1379453874233899	-0.6743809525010859	-0.2857167952241008
14.115	-0.1110153274988048	-0.3129557206102883	-0.2096162372869268
14.1175	-0.08364714079471018	-0.2693465100454455	-0.1384424860552313
14.12	-0.05594883704056773	-0.05918537377447258	-0.07208120342885888
14.1225	-0.02802972878724314	-0.06648006498120429	-0.01034626417043532
14.125	1.443961873295446e-14	-0.01106980348833609	0.04701199539490555
14.1275	0.02802972878727196	0.21622643553016	0.1003060826146321
14.13	0.05594883704059638	0.1044235998698951	0.1499138119242533
14.1325	0.0836471407946887	0.231715173021393	0.1962792321928273
14.135	0.1110153274988328	0.3526840546633435	0.2399076169367082
14.1375	0.1379453874233691	0.3538241219009641	0.2813516381423024
14.14	0.1643310399250468	0.4931078254073455	0.3211884554149265
14.1425	0.1900681528878505	0.5254563787169544	0.3599901081490712
14.145	0.2150551536850621	0.7277146088379453	0.3982911538362119
14.1475	0.2391934300400336	0.5916627795806946	0.4365575723637206
14.15	0.2623877192037419	0.7591612791444092	0.4751600234648576
14.1525	0.2845464839132788	0.6923336725993959	0.514353345114408
14.155	0.3055822736477524	1.033053726640195	0.5542632005178181
14.1575	0.3254120697553636	1.011142106733044	0.5948801267613474
14.16	0.3439576130903194	0.664168780253489	0.6360607967356946
14.1625	0.3611457128656922	0.9191934049769895	0.6775359438908958
14.165	0.3769085355041649	1.064100935193329	0.7189240689472562
14.1675	0.3911838723461072	1.080124577621281	0.7597497928254285
14.17	0.4039153851588475	0.9291295663337527	0.7994656156492256
14.1725	0.4150528284777386	0.9113828783974278	0.8374759121321567
14.175	0.424552247902219	0.7498141772987954	0.873162162161377
14.1775	0.432376153563703	0.9477086324552293	0.905908528316103
14.18	0.4384936680809473	1.014846080944385	0.9351268240558562
14.1825	0.4428806484189821	0.9936362423392098	0.9602796900155978
14.185	0.4455197811706275	0.9998720028501551	0.9809006056890193
14.1875	0.4464006508846177	0.9818232010405306	0.9966094503491474
14.19	0.4455197811706259	0.9521418400658761	1.007122787240816
14.1925	0.4428806484189791	0.9024771524533103	1.01225874292728
14.195	0.4384936680809476	0.8862725544230715	1.011937013144625
14.1975	0.4323761535637033	0.8811523027255342	1.006174918276055
14.2	0.4245522479022193	0.6800093068550973	0.9950804927477906
14.2025	0.4150528284777297	1.04620443942092	0.9788434088301576
14.205	0.4039153851588372	0.8836053005161789	0.957724248357208
14.2075	0.3911838723461322	0.9702060798890256	0.9320423735912005
14.21	0.3769085355041656	0.8930841028704679	0.9021625020125331
14.2125	0.3611457128656931	0.8505273091189199	0.8684801052250345
14.215	0.3439576130903363	0.8180768890910809	0.8314059156899788
14.2175	0.3254120697553992	0.7915047776902985	0.7913500609676751
14.22	0.3055822736477349	0.8711073427846847	0.7487065463705419
14.2225	0.2845464839132799	0.6355087834466484	0.7038388857426001
14.225	0.2623877192037224	0.6619393566499342	0.6570676066153285
14.2275	0.2391934300400347	0.6828642633810845	0.6086601622352963
14.23	0.2150551536850632	0.8341339465839461	0.5588235373712857
14.2325	0.1900681528878287	0.557592256723665	0.5076996081778442
14.235	0.1643310399250244	0.4984887940249321	0.455363156553486
14.2375	0.1379453874233945	0.5606572452438572	0.4018223614918602
14.24	0.1110153274988095	0.599109938516676	0.3470215795780756
14.2425	0.08364714079466506	0.448725929337661	0.2908462518552129
14.245	0.0559488370405725	0.5256636169531916	0.2331297998148276
14.2475	0.02802972878727327	0.1935306290300296	0.1736623759479817
14.25	-9.558583489399052e-15	0.1119508586684782	0.1224371146251794
14.2525	0.0170134669872525	0.1172828230535129	0.07974972545798784
14.255	0.03395978959302952	0.1003242873190879	0.03663441399601125
14.2575	0.05077208842400453	-0.03867996981622387	-0.004257743611296431
14.26	0.06738401301756117	-0.1321812280615329	-0.0404454644980684
14.2625	0.08373000369656447	-0.1207453235157054	-0.06967749149696338
14.265	0.09974555030356283	-0.2654035385457841	-0.08999455093910169
14.2675	0.1153674467929206	-0.474714992469419	-0.099799106334329
14.27	0.1305340406761871	-0.4707053809188414	-0.09793044099084876
14.2725	0.1451854763362077	-0.3323704399182865	-0.08373404001679806
14.275	0.1592639312500772	-0.3518326875670543	-0.0571103032928242
14.2775	0.172713844188059	-0.203496788646936	-0.0185314053475517
14.28	0.1854821344884811	-0.2990368126439672	0.03097871867438595
14.2825	0.1975184115428149	-0.137273373812149	0.08990533918812112
14.285	0.2087751736643672	-0.1666766947468461	0.156349017513626
14.2875	0.2192079955557515	0.01198002836183772	0.2281706923909231
14.29	0.228775703635303	0.1659152563436597	0.3031509401880412
14.2925	0.2374405385302747	0.3328521979597077	0.3791282006704131
14.295	0.2451683040959385	0.4878143414523327	0.4540890629988076
14.2975	0.2519285023720728	0.5790581832407604	0.526204991815556
14.3	0.25769445394453	0.6811016625901407	0.593832254454122
14.3025	0.2624434032366702	0.8200022790738036	0.6555040936028038
14.305	0.2661566083152203	0.6945147854163839	0.7099383134949665
14.3075	0.2688194148561331	0.8864867550681277	0.756064214390735
14.31	0.2704213139785222	0.9149271576058111	0.7930572521641894
14.3125	0.2709559837183837	1.201484765639135	0.8203665251833553
14.315	0.2704213139785226	1.043497110753776	0.8377234303499707
14.3175	0.2688194148561359	0.9812619980225353	0.8451258504199248
14.32	0.2661566083152157	1.28055661525372	0.8428022380377406
14.3225	0.262443403236668	1.110301451980353	0.8311691467860031
14.325	0.2576944539445273	1.067868052920588	0.8107964517006527
14.3275	0.2519285023720752	1.002783068037842	0.7823868870818419
14.33	0.2451683040959347	0.962601532687021	0.7467671119883785
14.3325	0.2374405385302705	0.7732711788486129	0.7048815938387683
14.335	0.2287757036352983	0.7975238270147808	0.6577800088246266
14.3375	0.2192079955557553	0.4731067407727931	0.6065928177312562
14.34	0.2087751736643518	0.3178295007455346	0.5524954966145441
14.3425	0.1975184115428089	0.3378342365499403	0.4966663727822059
14.345	0.1854821344884747	0.2615094990210338	0.4402443404264245
14.3475	0.1727138441880642	0.03378077839181978	0.3842912443102716
14.35	0.15926393125007	0.08819356383814103	0.3297609979880212
14.3525	0.1451854763362003	-0.1873670047614858	0.2774750710449391
14.355	0.1305340406761659	-0.1622963493094298	0.2281026992508832
14.3575	0.1153674467929406	-0.2386233407392644	0.1821442859801919
14.36	0.09974555030356899	-0.3088328308640256	0.1399177778432002
14.3625	0.08373000369657077	-0.3384030398987224	0.1015496850178904
14.365	0.06738401301756759	-0.4699061169437354	0.06697383103000454
14.3675	0.05077208842404131	-0.4179166750011593	0.0359408026406263
14.37	0.03395978959302082	-0.4071143941989488	0.008039142553840157
14.3725	0.01701346698724375	-0.3216923616854453	-0.01727351169814871
14.375	-1.832447583434917e-14	-0.2425727320437603	-0.04063338002487306
14.3775	-0.01701346698724959	-0.1906960277385339	-0.06273226697348518
14.38	-0.03395978959302662	-0.2870890413941383	-0.08428187889810815
14.3825	-0.05077208842403192	-0.2003534501787737	-0.1059829424058731
14.385	-0.06738401301757325	-0.205262774859722	-0.1284997829381618
14.3875	-0.0837300036965617	-0.009352258606714611	-0.1524399397141969
14.39	-0.09974555030356011	0.01525448172566965	-0.1783378546951323
14.3925	-0.1153674467929319	0.002431794252401601	-0.2066415804035242
14.395	-0.1305340406761845	-0.01176070972753324	-0.2377016617710341
14.3975	-0.1451854763361923	0.1070608257269269	-0.2717617213969858
14.4	-0.1592639312500623	0.03336674334718165	-0.308950684868986
14.4025	-0.1727138441880568	0.0586261722846415	-0.3492769041205187
14.405	-0.1854821344884789	-0.1114592744288052	-0.3926245845340379
14.4075	-0.1975184115428024	0.05270745276045134	-0.4387528697471753
14.41	-0.2087751736643555	-0.05683840089165166	-0.4872977423891962
14.4125	-0.2192079955557497	-0.208156132338087	-0.5377766819355462
14.415	-0.2287757036353014	-0.09850921642723416	-0.58959591960182
14.4175	-0.2374405385302659	-0.2425511747477387	-0.6420602276028491
14.42	-0.2451683040959372	-0.427407282462482	-0.6943854566605787
14.4225	-0.2519285023720774	-0.6231607346655638	-0.7457143642127448
14.425	-0.2576944539445386	-0.4310341518137926	-0.7951364574372027
14.4275	-0.2624434032366695	-0.8016200167840941	-0.8417124047170274
14.43	-0.2661566083152197	-0.6807647606007236	-0.884502927282312
14.4325	-0.2688194148561366	-0.6856174622497763	-0.9226010440474863
14.435	-0.270421313978523	-0.8951664826867758	-0.9551654350330577
14.4375	-0.2709559837183837	-1.045909601494977	-0.9814519959580983
14.44	-0.2704213139785228	-1.264709238482256	-1.000840738586248
14.4425	-0.2688194148561344	-1.190648411930449	-1.012856009186904
14.445	-0.2661566083152163	-1.241986037215103	-1.017179120359585
14.4475	-0.2624434032366726	-1.283964501876156	-1.013653426046763
14.45	-0.2576944539445329	-1.436419370816141	-1.002282412059666
14.4525	-0.2519285023720706	-1.451047033049818	-0.9832216761598297
14.455	-0.245168304095936	-1.323716886289122	-0.956766012027167
14.4575	-0.2374405385302794	-1.414405300778218	-0.9233333081865706
14.46	-0.2287757036353081	-1.382429962146574	-0.8834474395945797
14.4625	-0.2192079955557571	-1.27364349144512	-0.8377223493643239
14.465	-0.2087751736643537	-1.060920527414559	-0.7868486991898574
14.4675	-0.1975184115428215	-0.9812013049924759	-0.7315827799659995
14.47	-0.1854821344884768	-0.921199014808131	-0.6727354089944627
14.4725	-0.1727138441880427	-0.7356043544413172	-0.6111574313328358
14.475	-0.1592639312500475	-0.66261213023893	-0.5477192404789967
14.4775	-0.1451854763362028	-0.7013209373717582	-0.4832844474864222
14.48	-0.1305340406761684	-0.3428578000320236	-0.4186810272319034
14.4825	-0.1153674467929293	-0.3383580540545712	-0.3546749738686604
14.485	-0.09974555030355739	-0.367799966038113	-0.2919507322868666
14.4875	-0.0837300036965589	-0.1921361342380017	-0.2311001555815247
14.49	-0.06738401301757042	0.003521046427318883	-0.1726190722010867
14.4925	-0.05077208842401392	0.09899678695430109	-0.1169089375447514
14.495	-0.03395978959300844	0.1873625124905567	-0.06428074269238043
14.4975	-0.01701346698726204	0.2299956480543804	-0.01495894375630359
14.5	2.222448577840353e-18	0.2372712291789234	0.03377286028911329
14.5025	0.0281811523214352	0.6662747498043164	0.08201744129070193
14.505	0.05625108650942694	0.5904519451555469	0.1272949384383585
14.5075	0.08409902335761761	0.4611713224538551	0.1701805544313199
14.51	0.1116150597818051	0.6909552092524556	0.2112903102042382
14.5125	0.1386906025571288	0.8137373208069227	0.2512561110992792
14.515	0.1652187968858682	0.787965968615888	0.290694339693405
14.5175	0.1910949481045408	0.5066273819763918	0.3301718990510473
14.52	0.216216934866091	0.4926886420969581	0.3701737371850777
14.5225	0.2404856121658224	0.5345945860365311	0.411075020548981
14.525	0.263805202621739	0.6187479489566011	0.4531199876539301
14.5275	0.2860836744640414	0.6505422360717532	0.4964085546304886
14.53	0.3072331047424524	0.6018269684180882	0.5408910536502781
14.5325	0.3271700263178803	0.7352255945442743	0.586370950456448
14.535	0.3458157572692162	0.3688005564564687	0.6325148928445364
14.5375	0.3630967114147704	0.4895386614079859	0.6788689785725678
14.54	0.3789446887235101	0.6744793043832898	0.7248797965298245
14.5425	0.393297144469217	0.8028524164901816	0.7699187126638234
14.545	0.4060974360660654	0.5294725344637801	0.8133080799987555
14.5475	0.4172950466110332	0.5859562931644421	0.8543484247617705
14.55	0.4268457842510088	0.5329962671408822	0.8923459365649693
14.5525	0.4347119565878271	0.6050600602080404	0.9266395309563339
14.555	0.4408625194330012	0.7949590638476319	0.9566263495559129
14.5575	0.4452731993248917	0.8472554200529815	0.9817841126076411
14.56	0.4479265893250292	0.9627826999187163	1.001688659306618
14.5625	0.4488122177152922	1.047183744313399	1.016025519188572
14.565	0.4479265893250295	1.072141392375536	1.024595282971875
14.5675	0.4452731993248987	1.058770923326985	1.02731345078006
14.57	0.4408625194329974	1.018817341266749	1.024205950214513
14.5725	0.434711956587822	1.114451819344431	1.015401535942645
14.575	0.4268457842510024	1.253998276387195	1.001121962400157
14.5775	0.4172950466110349	1.196406666808982	0.9816703985206162
14.58	0.4060974360660675	1.24787375606349	0.9574182096428314
14.5825	0.393297144469207	1.212689137518778	0.9287900693848541
14.585	0.378944688723499	1.026919962698111	0.8962474247771695
14.5875	0.3630967114147882	0.9092754166074455	0.8602705956924813
14.59	0.3458157572692029	0.8503391803449453	0.8213401414430122
14.5925	0.3271700263178662	0.9521764029254637	0.7799184249487865
14.595	0.3072331047424373	0.8650488913553106	0.7364324248918387
14.5975	0.2860836744640451	0.8680469249775039	0.691258748450248
14.6	0.2638052026217223	0.7190342680258651	0.6447115307620458
14.6025	0.2404856121658049	0.534259171375334	0.5970335723745416
14.605	0.2162169348660729	0.615633195759252	0.5483907627309604
14.6075	0.1910949481045913	0.380473717459481	0.4988696307650053
14.61	0.1652187968858727	0.3045532256752888	0.4484777700319904
14.6125	0.1386906025571334	0.04860288158507875	0.397146882043567
14.615	0.1116150597818345	0.1115967116978542	0.344738220751159
14.6175	0.08409902335764742	0.09048754552787486	0.2910502545995054
14.62	0.05625108650940642	0.1226850065037295	0.2358283592251197
14.6225	0.02818115232144003	-0.105176939066484	0.1787763121364547
14.625	-2.067577577016231e-14	-0.1980565143278901	0.1195693062927205
14.6275	-0.02818115232145584	-0.08729620447710579	0.05786817037444796
14.63	-0.05625108650942214	-0.3403248043184284	-0.006665489358601256
14.6325	-0.08409902335763791	-0.3517852760829111	-0.07435341604432517
14.635	-0.1116150597818498	-0.4345389763058505	-0.1454841357272317
14.6375	-0.1386906025571242	-0.4683060273375087	-0.22029554932415
14.64	-0.1652187968858637	-0.3404362067480156	-0.2989563537232015
14.6425	-0.1910949481045825	-0.5951185380766328	-0.3815458408772777
14.645	-0.2162169348660868	-0.4600986226311159	-0.4680316429931163
14.6475	-0.2404856121657967	-0.6407633873542546	-0.5582452639920105
14.65	-0.2638052026217145	-0.6173785699519578	-0.6518558907516468
14.6525	-0.2860836744640378	-0.5645867590155991	-0.7483441240219473
14.655	-0.3072331047424489	-0.7013840752799858	-0.8469789563900125
14.6575	-0.3271700263178596	-0.8519101198371779	-0.9468034509107939
14.66	-0.3458157572691968	-0.7964818532190966	-1.046636637412323
14.6625	-0.3630967114147826	-1.001860062005695	-1.145099727269516
14.665	-0.3789446887235075	-0.777374171504888	-1.240671287153688
14.6675	-0.3932971444692024	-1.104664942200662	-1.331766597972806
14.67	-0.4060974360660742	-1.023836041312798	-1.41682425309248
14.6725	-0.4172950466110408	-1.176716883811229	-1.49437785499635
14.675	-0.4268457842510152	-1.019892607781055	-1.563099637679404
14.6775	-0.4347119565878323	-1.331788440371243	-1.621819524255682
14.68	-0.4408625194330003	-1.131349458505885	-1.669533218408435
14.6825	-0.4452731993248975	-1.131801391414612	-1.705410897089592
14.685	-0.4479265893250321	-1.309599103004199	-1.728810473128482
14.6875	-0.4488122177152922	-1.437943217808463	-1.739294107686036
14.69	-0.4479265893250298	-1.486143901457725	-1.73664555693587
14.6925	-0.4452731993248961	-1.436428369157291	-1.720886518176627
14.695	-0.4408625194329983	-1.54993427130556	-1.692289695217119
14.6975	-0.4347119565878295	-1.390343069732547	-1.651384230685356
14.7	-0.4268457842510118	-1.561099047870641	-1.598947138079861
14.7025	-0.4172950466110367	-1.593483804302375	-1.535975261749938
14.705	-0.4060974360660587	-1.614331110589615	-1.463637939215252
14.7075	-0.3932971444692217	-1.478065555983887	-1.383219358490984
14.71	-0.3789446887235152	-1.349329634207485	-1.296066392868723
14.7125	-0.3630967114147911	-1.457471000991962	-1.203556916138457
14.715	-0.345815757269206	-1.180955953687835	-1.107093326495965
14.7175	-0.3271700263178869	-1.083670544812939	-1.008109609642679
14.72	-0.3072331047424222	-0.9536778829647616	-0.9080666340496659
14.7225	-0.2860836744640292	-1.086475539489087	-0.8084113712275108
14.725	-0.2638052026217055	-0.9947682636006002	-0.7104965137528179
14.7275	-0.240485612165809	-0.9433458225723418	-0.6154854868671833
14.73	-0.2162169348660772	-0.6991730655242923	-0.5242811735549895
14.7325	-0.1910949481045495	-0.9558785474494833	-0.4375034988690809
14.735	-0.1652187968858535	-0.551786429328921	-0.3555139120042381
14.7375	-0.138690602557138	-0.537577509930681	-0.2784657225774529
14.74	-0.1116150597818145	-0.419055660885368	-0.2063575309167035
14.7425	-0.0840990233576271	-0.3444973342388323	-0.1390760341807394
14.745	-0.05625108650941123	-0.08416838079922502	-0.07642414581832899
14.7475	-0.02818115232147032	-0.1164631143095206	-0.01813600519921728
14.75	8.381623241003621e-15	0.2540508076308244	0.02285756162493466
14.7525	-0.0244145546524166	0.1038730849368146	0.04682855336708711
14.755	-0.04873275621157742	0.1395244472982825	0.06564621767561013
14.7575	-0.0728586318458061	0.3594154519300529	0.07759171403746917
14.76	-0.0966969677461256	0.1275878844133057	0.08111455265277628
14.7625	-0.1201536848913722	0.6659577442004795	0.07476099169271555
14.765	-0.1431362103353706	0.5606465901460908	0.05714244545376079
14.7675	-0.1655538425498489	0.2239725045319563	0.02696397067398195
14.77	-0.187318109382199	0.278925958588472	-0.01687637010192752
14.7725	-0.2083431172143008	0.4606360827232977	-0.07512882849427394
14.775	-0.2285458899456732	0.2417331464877267	-0.1480209597396137
14.7775	-0.2478466964620802	0.2102560229370324	-0.2351473713822923
14.78	-0.2661693652979712	0.1418736520978283	-0.3354733050604052
14.7825	-0.2834415852502462	-0.2680280604409675	-0.4474385960003763
14.785	-0.2995951907576661	-0.2215742695452575	-0.5690928080659905
14.7875	-0.3145664309191895	-0.5859594334878656	-0.6981948344335632
14.79	-0.3282962210896081	-0.6888592684505541	-0.8322532970132799
14.7925	-0.3407303760596745	-0.8468477647246476	-0.9685236237160594
14.795	-0.3518198239003336	-0.9051828779570614	-1.103998508786372
14.7975	-0.3615207996272291	-1.275558949278993	-1.23544131877541
14.8	-0.369795017921156	-1.445260336280015	-1.359513857772872
14.8025	-0.3766098242226203	-1.649486027957176	-1.473005165207081
14.805	-0.3819383236045346	-1.652739129264975	-1.573073689672798
14.8075	-0.3857594869142052	-1.900107519140179	-1.657382053609365
14.81	-0.3880582337657738	-2.018318245473623	-1.724106849254002
14.8125	-0.3888254920556105	-2.024173063023984	-1.771906560074388
14.815	-0.3880582337657736	-2.172634840016821	-1.799909040662203
14.8175	-0.3857594869142106	-2.131709305581977	-1.807717101157964
14.82	-0.3819383236045344	-2.213603173636481	-1.79541413755531
14.8225	-0.3766098242226145	-2.294063374911898	-1.763565402073234
14.825	-0.3697950179211489	-1.971850579862774	-1.713213630823137
14.8275	-0.3615207996272368	-2.204783020019031	-1.645852157352644
14.83	-0.3518198239003237	-1.923088368206686	-1.563345580096293
14.8325	-0.3407303760596633	-1.917644029199259	-1.467786300399123
14.835	-0.3282962210896075	-1.663996543892007	-1.361326672220051
14.8375	-0.3145664309191888	-1.324821901374913	-1.246068371878585
14.84	-0.2995951907576653	-1.225331444031662	-1.124077376445484
14.8425	-0.2834415852502303	-1.065375452305129	-0.9975171767781514
14.845	-0.2661693652979543	-0.7644819971268091	-0.8687862349168282
14.8475	-0.2478466964620964	-0.7731644802408809	-0.7404983531583267
14.85	-0.2285458899456543	-0.6359871178242656	-0.6152478593443199
14.8525	-0.2083431172142811	-0.3508258698252978	-0.4952829112134598
14.855	-0.187318109382198	0.002907714492587005	-0.382281306160268
14.8575	-0.1655538425498878	0.04683787962883725	-0.2773255781808304
14.86	-0.14313621033539	0.194987969593193	-0.1810272359701844
14.8625	-0.1201536848913921	0.4041442833329836	-0.09368805364854897
14.865	-0.09669696774612449	0.3663054776471251	-0.0154231203863677
14.8675	-0.07285863184584838	0.4197183621429447	0.05377003244099395
14.87	-0.04873275621155436	0.6298583208712621	0.1139829477265382
14.8725	-0.02441455465239339	0.4542127909025363	0.1653952729781949
14.875	3.163094305404588e-14	0.554484897878412	0.2082966290156165
14.8775	0.02441455465241241	0.6316328154201684	0.2431287714586426
14.88	0.04873275621157327	0.5103388834667903	0.2705368157648257
14.8825	0.07285863184582368	0.6810275248510556	0.2914059675346661
14.885	0.09669696774614295	0.4169289842157835	0.306859777744927
14.8875	0.1201536848913892	0.6326790751397722	0.318213559452427
14.89	0.1431362103353666	0.5760182438731697	0.3268977071248121
14.8925	0.1655538425498851	0.5543461014143072	0.3343729109192971
14.895	0.1873181093822147	0.4554900544281337	0.3420524964642853
14.8975	0.2083431172142785	0.3302993374675249	0.3512371695143753
14.9	0.2285458899456519	0.3207681633756455	0.3630614566637113
14.9025	0.247846696462077	0.1807247079823223	0.3784496065323906
14.905	0.2661693652979682	-0.001245453696763432	0.3980796927831034
14.9075	0.2834415852502282	0.02607128801179209	0.4223565214160823
14.91	0.2995951907576493	0.1134331941920815	0.4513956819546088
14.9125	0.3145664309191871	0.2076222631205334	0.4850219034573875
14.915	0.3282962210896178	0.1637117962896341	0.5227841809271775
14.9175	0.3407303760596618	0.1773786609219	0.5639878559075739
14.92	0.3518198239003318	0.2187994906212014	0.6077406888181128
14.9225	0.3615207996272438	0.2543605561143759	0.653007260794017
14.925	0.3697950179211616	0.5513295062902801	0.6986650427571897
14.9275	0.3766098242226192	0.5604138265349501	0.7435566707853886
14.93	0.3819383236045379	0.6941230524347034	0.7865357715946516
14.9325	0.3857594869142075	0.8231734619044219	0.8265065632434543
14.935	0.3880582337657749	1.016373766324052	0.8624587367292945
14.9375	0.3888254920556105	1.019980040174787	0.8934981781473831
14.94	0.3880582337657739	1.049986844090504	0.9188720208324622
14.9425	0.3857594869142056	1.10127576887528	0.9379853185222491
14.945	0.3819383236045352	1.077929822288833	0.9504074620304996
14.9475	0.376609824222621	1.178513211120521	0.9558687965188372
14.95	0.369795017921157	1.221995918046333	0.9542502180049366
14.9525	0.3615207996272384	1.394499529707411	0.9455695834336292
14.955	0.3518198239003255	1.256288566519171	0.9299682675662165
14.9575	0.3407303760596865	1.281019784663465	0.9076996715270446
14.96	0.3282962210896216	1.2533084738248	0.8791197080694377
14.9625	0.3145664309191913	1.06307654005022	0.8446778584620276
14.965	0.2995951907576538	0.9765400059266842	0.8049066807116125
14.9675	0.2834415852502483	0.6646308640801311	0.76040782754495
14.97	0.2661693652979573	0.6575284326474476	0.711833628059581
14.9725	0.2478466964620656	0.5067421471132221	0.6598646958570372
14.975	0.2285458899456399	0.6342170864867775	0.6051852606968492
14.9775	0.2083431172142847	0.2692588871482323	0.5484585161284378
14.98	0.1873181093822017	0.1050175107188339	0.4903041173585377
14.9825	0.1655538425498716	-0.02127872126380997	0.4312792720155241
14.985	0.1431362103353528	-0.07465023723368841	0.3718640107439095
14.9875	0.1201536848913961	-0.05445501804113599	0.3124505314042664
14.99	0.09669696774612856	-0.3265334822086977	0.2533361648475226
14.9925	0.07285863184580908	-0.3246903610443253	0.1947195404869069
14.995	0.04873275621155852	-0.2197270706764943	0.1366998318258418
14.9975	0.02441455465241963	-0.3099451833085317	0.07927933571920595
15.0	-1.534659346100777e-14	-0.3720793503014848	0.03320550613704095
15.0025	0.02234872671383813	-0.4893200615281759	-0.001067757353810393
15.005	0.04460925321351404	-0.5337179608125889	-0.03307526617815492
15.0075	0.06669372737074548	-0.5079871343986887	-0.0601666272678226
15.01	0.08851499185555023	-0.5093321674952003	-0.07994876314725854
15.0125	0.1099869281061539	-0.2156685748245911	-0.09035639445408666
15.015	0.1310247961997512	-0.2005255046567033	-0.08972565920138649
15.0175	0.1515455692822839	-0.1009383280163547	-0.07686975417028573
15.02	0.1714682612374803	0.02878189561658678	-0.05114806376521225
15.0225	0.1907142463019333	-0.02552118156999909	-0.01251727574361806
15.025	0.2092075693653009	0.1669268577811193	0.03844592240462975
15.0275	0.2268752457302142	0.2937371190235217	0.1005616926986769
15.03	0.2436475491496715	0.3939120614700735	0.172117615694974
15.0325	0.2594582870046266	0.4845465031004681	0.2510002070509864
15.035	0.2742450615359897	0.6888441506555673	0.3348705822966643
15.0375	0.2879495161000961	0.688004272880621	0.4213424940416919
15.04	0.3005175654758006	0.900054868509238	0.5081171404368529
15.0425	0.3118996093139869	1.033331144574104	0.5930494238453694
15.045	0.3220507278875785	0.8624492807753718	0.674153743154139
15.0475	0.330930859369181	1.111495784268819	0.7495898591775334
15.05	0.3385049579367829	1.051453915911263	0.8176770870551577
15.0525	0.3447431320836192	1.098565936877676	0.8769528486823818
15.055	0.3496207625862759	1.303441912252174	0.9262496418947926
15.0575	0.3531185996655309	1.091367697794698	0.9647538143336112
15.06	0.3552228389564551	1.206006399484689	0.9920244900032236
15.0625	0.355925175987895	1.066846519905357	1.007968265190759
15.065	0.355222838956456	0.9691272763551141	1.012782042533961
15.0675	0.3531185996655353	0.9354195537634523	1.006889041718412
15.07	0.349620762586271	0.9560842851559639	0.9908904468643156
15.0725	0.3447431320836178	0.6595661324846959	0.9655405349438583
15.075	0.338504957936781	0.5900202371405321	0.9317397553753337
15.0775	0.3309308593691788	0.6658971988610335	0.8905334530267747
15.08	0.3220507278875759	0.474924427377461	0.8431026745966711
15.0825	0.3118996093139743	0.3914513083558815	0.7907375888343582
15.085	0.3005175654757865	0.4357006211400789	0.7347923545542074
15.0875	0.2879495161001044	0.05330701317713515	0.6766283567440577
15.09	0.274245061535973	0.05044960485366165	0.6175562436810932
15.0925	0.2594582870046226	0.1230864511032063	0.5587854904612272
15.095	0.2436475491496671	0.09577808070125529	0.5013857625611532
15.0975	0.2268752457302096	-0.01749191582172724	0.4462599769846233
15.1	0.2092075693652961	0.1572456625959315	0.3941261881685771
15.1025	0.1907142463019283	-0.05646245870756897	0.3455046180571517
15.105	0.1714682612374573	0.1159476448754791	0.3007071645300594
15.1075	0.1515455692823151	0.1424303821543852	0.2598291705002949
15.11	0.1310247961997645	0.232916393517439	0.2227462018686281
15.1125	0.1099869281061675	0.1850579020887186	0.1891204633418083
15.115	0.08851499185556408	0.1471664166467457	0.1584207231737394
15.1175	0.06669372737077942	0.2376186491682834	0.1299561359611423
15.12	0.04460925321348808	0.4183557642530883	0.102920059093811
15.1225	0.02234872671383221	0.4929150011522472	0.07643736631604747
15.125	-2.128032527572971e-14	0.2425715593862503	0.04960899728326065
15.1275	-0.02234872671383431	0.3795809871351262	0.02154978618239879
15.13	-0.04460925321351022	0.4409662757107358	-0.008581571240293781
15.1325	-0.06669372737078147	0.424828688198058	-0.04155939326552172
15.135	-0.0885149918555661	0.1296809147299679	-0.0780726255832987
15.1375	-0.1099869281061503	0.2165465535826355	-0.1187089808044831
15.14	-0.1310247961997664	0.2022039901707945	-0.1639399771277459
15.1425	-0.1515455692822987	0.1246571689235753	-0.2141062039022781
15.145	-0.1714682612374769	0.04490857747397136	-0.26940313484601
15.1475	-0.190714246301913	-0.01532913814026732	-0.3298685018975786
15.15	-0.2092075693652814	-0.221850727436502	-0.3953723628813451
15.1525	-0.2268752457302112	-0.4096320968360618	-0.4656104960506277
15.155	-0.2436475491496834	-0.3525424781524714	-0.5401009295227748
15.1575	-0.2594582870046102	-0.5763381967326083	-0.6181828280848832
15.16	-0.2742450615359743	-1.000576363374785	-0.699017152751173
15.1625	-0.2879495161000938	-0.701065921452717	-0.7815896736454057
15.165	-0.3005175654757985	-1.131723371034466	-0.86471878130134
15.1675	-0.3118996093139656	-1.198776780027272	-0.9470724165788819
15.17	-0.3220507278875768	-1.426719934464387	-1.027199232347876
15.1725	-0.330930859369187	-1.504019705425309	-1.103577377167406
15.175	-0.3385049579367942	-1.392933839216861	-1.174679099944256
15.1775	-0.3447431320836183	-1.7761570381248	-1.239042150537781
15.18	-0.3496207625862751	-1.79618271739209	-1.295334403208348
15.1825	-0.3531185996655355	-1.558799246154889	-1.342400809786845
15.185	-0.3552228389564561	-1.431328499594333	-1.379290504352324
15.1875	-0.355925175987895	-1.758283700946426	-1.405269906329454
15.19	-0.3552228389564562	-1.557587607763081	-1.419829784910658
15.1925	-0.3531185996655332	-1.636377856507968	-1.422691169934793
15.195	-0.3496207625862717	-1.514714940881175	-1.413810538786908
15.1975	-0.3447431320836238	-1.530531859405785	-1.393381466020775
15.2	-0.3385049579367885	-1.455069416836998	-1.361828467629077
15.2025	-0.3309308593691802	-1.33501081537002	-1.319789170890437
15.205	-0.3220507278875775	-1.133029602346656	-1.268083565854253
15.2075	-0.3118996093139859	-1.059776739416172	-1.207673824467402
15.21	-0.3005175654757994	-0.9843023533606845	-1.139623206851339
15.2125	-0.2879495161001067	-0.8953359498460831	-1.06506465006869
15.215	-0.2742450615359754	-0.7875824474490354	-0.9851859424599738
15.2175	-0.2594582870046391	-0.5988637032169533	-0.90122880306422
15.22	-0.2436475491496699	-0.3167781722361602	-0.8144878485924002
15.2225	-0.2268752457301969	-0.4262376664915217	-0.7262905076068715
15.225	-0.2092075693652664	-0.3062039503381488	-0.6379475013314843
15.2275	-0.1907142463019315	-0.2891768933330729	-0.5506825807591655
15.23	-0.1714682612374607	-0.1662263843415978	-0.4655654448926956
15.2325	-0.151545569282282	0.1362762668492408	-0.3834706389151054
15.235	-0.1310247961997492	0.07704473862165814	-0.3050701840724738
15.2375	-0.109986928106152	0.1843588963231301	-0.2308520255012775
15.24	-0.08851499185556778	0.2131417932573101	-0.1611498362828691
15.2425	-0.0666937273707633	0.09523881692987879	-0.09617200516484739
15.245	-0.04460925321349189	0.202376531890801	-0.03602327326439511
15.2475	-0.02234872671385623	0.2898898866737597	0.01928280688912996
15.25	-1.01755657199458e-16	0.3654088236142718	0.06445543361346792
15.2525	0.0008154531759632708	0.1169139909037266	0.09949836318677818
15.255	0.0016276881307855	0.185061975152295	0.1293375114038341
15.2575	0.002433499344175497	0.2422772875622243	0.1534392274395452
15.26	0.003229706647414139	0.398877548377762	0.1714192733785174
15.2625	0.004013167774028763	0.2583379134737567	0.1830504517195423
15.265	0.004780790760881237	0.377971035024946	0.1882727913187749
15.2675	0.005529546150734697	0.09513900806950636	0.1872020997004548
15.27	0.006256478948142545	0.1435856594578712	0.1801325068076928
15.2725	0.006958720281454726	0.001441530561638076	0.1675301432266129
15.275	0.00763349872495287	0.01553435242487974	0.1500174411769565
15.2775	0.008278151236396296	-0.2219195928004509	0.128349505078078
15.28	0.008890133666838385	-0.2274906853199408	0.1033849495800792
15.2825	0.009467030801212657	-0.1101118971490178	0.07605368860838714
15.285	0.01000656589009001	-0.2401442018979542	0.0473237923148183
15.2875	0.0105066096349638	-0.1862145975188516	0.01816899362323806
15.29	0.01096518859162179	-0.1750946479065156	-0.01046213943709732
15.2925	0.01138049295842718	-0.2432210869874015	-0.03767482890538626
15.295	0.0117508837187783	-0.3287297855437271	-0.06265424325008448
15.2975	0.01207489910955891	-0.1681045103443732	-0.08468891339716161
15.3	0.01235126039005135	-0.1163447719403835	-0.1031909035247013
15.3025	0.01257887688853814	-0.1476456329613027	-0.1177119274449957
15.305	0.01275685030668827	-0.1987652253483621	-0.1279544285967588
15.3075	0.01288447826472828	-0.1832972211749215	-0.1337767503276861
15.31	0.01296125707341566	-0.06278400639447243	-0.1351919288254467
15.3125	0.0129868837218694	-0.1568046264094877	-0.1323602134666896
15.315	0.01296125707341568	-0.04171646796403158	-0.1255759611775411
15.3175	0.01288447826472842	-0.1780793234184454	-0.1152499176528098
15.32	0.0127568503066882	-0.009253247280571631	-0.1018880675762343
15.3225	0.01257887688853805	-0.03986189723215056	-0.08606828401870767
15.325	0.01235126039005123	0.2169752893636348	-0.06841601650959206
15.3275	0.01207489910955904	0.1450834735463427	-0.04958024506683504
15.33	0.01175088371877781	0.1605833641629781	-0.03021084551471319
15.3325	0.01138049295842699	0.256057870643047	-0.01093830450894493
15.335	0.01096518859162158	0.1685762282080883	0.007643611743031874
15.3375	0.01050660963496401	0.3655906637309411	0.02499202798925926
15.34	0.01000656589008976	0.1988881214517423	0.04062612140243643
15.3425	0.009467030801212388	0.2388109255607861	0.0541356591095845
15.345	0.008890133666838097	0.1703801886028468	0.06518736475488379
15.3475	0.008278151236396561	0.2177139977750578	0.0735294840494288
15.35	0.007633498724951952	0.1746941165767224	0.07899474113560284
15.3525	0.006958720281454393	0.2170259162518427	0.08150167859723655
15.355	0.006256478948142199	0.1703866367639728	0.08105422321235455
15.3575	0.005529546150736343	0.2779729519858861	0.077739261771383
15.36	0.00478079076088087	0.1184318305210089	0.07172205630187613
15.3625	0.004013167774028387	0.2690739075010428	0.06323945296410169
15.365	0.003229706647413756	0.09028703021311904	0.05259100173395137
15.3675	0.002433499344175834	0.1419496329328669	0.04012826162973774
15.37	0.001627688130785109	-0.01722066820331605	0.0262426878671081
15.3725	0.0008154531759621403	0.008824629916205293	0.01135256931693604
15.375	-4.964567410102542e-16	-0.04763471183334325	-0.00411049172712322
15.3775	-0.0008154531759631312	-0.06254046094072663	-0.01971507934806638
15.38	-0.001627688130785361	-0.09458404814132401	-0.03504300183875617
15.3825	-0.002433499344176084	-0.2984498331958633	-0.04970147143553046
15.385	-0.003229706647415433	-0.1817215848202506	-0.06333407485193816
15.3875	-0.004013167774028629	-0.09656904240742493	-0.07563022573125748
15.39	-0.004780790760881106	-0.3705587491038701	-0.08633283334142017
15.3925	-0.005529546150735906	-0.2926978133002743	-0.09524397312519188
15.395	-0.006256478948142422	-0.1712241978879728	-0.1022284102771987
15.3975	-0.006958720281453985	-0.2375573877811658	-0.1072149089792665
15.4	-0.007633498724952159	-0.08644183170711867	-0.1101953529586553
15.4025	-0.008278151236396188	-0.252712078201785	-0.1112217986779798
15.405	-0.008890133666838282	-0.182586554701072	-0.110401670329947
15.4075	-0.009467030801212056	-0.007157275789422018	-0.1078913773826756
15.41	-0.01000656589008992	-0.125854292657574	-0.1038886859221209
15.4125	-0.01050660963496415	0.007074328915795999	-0.09862420330081947
15.415	-0.0109651885916225	-0.04161598891529508	-0.09235234269860701
15.4175	-0.01138049295842712	0.0316404400161851	-0.08534212205375499
15.42	-0.01175088371877824	0.05681935889785168	-0.07786812269461683
15.4225	-0.01207489910955913	-0.01194910086001483	-0.07020188989483907
15.425	-0.01235126039005153	0.1327973103867053	-0.06260400485094156
15.4275	-0.01257887688853829	0.1554006086382264	-0.05531700103413915
15.43	-0.01275685030668824	0.1864757667921363	-0.04855924390195122
15.4325	-0.01288447826472836	0.290144587542581	-0.04251984714634632
15.435	-0.01296125707341574	0.01965077215259363	-0.03735466432878483
15.4375	-0.0129868837218694	0.02253343546750849	-0.03318337219613576
15.44	-0.01296125707341569	0.1172315311596597	-0.03008764857611599
15.4425	-0.01288447826472825	0.02040930436953904	-0.02811043900783929
15.445	-0.01275685030668822	0.2351402619639699	-0.02725629722344169
15.4475	-0.01257887688853826	0.01666510535515375	-0.02749277131891671
15.45	-0.0123512603900515	0.1109623771904065	-0.02875278799474811
15.4525	-0.01207489910955909	0.1230140959958985	-0.03093796197606925
15.455	-0.01175088371877787	0.1535348338990115	-0.03392272892912976
15.4575	-0.01138049295842742	0.0666530986177887	-0.03755917124403022
15.46	-0.01096518859162165	-0.07787855644806534	-0.041682380417061
15.4625	-0.01050660963496322	0.1295393049440219	-0.04611618020131167
15.465	-0.01000656589008891	0.03731865140647304	-0.0506790228385544
15.4675	-0.009467030801212483	0.1546828463739192	-0.05518986702700221
15.47	-0.008890133666837661	-0.02050904769651855	-0.05947385043368311
15.4725	-0.0082781512363961	-0.1436910018940476	-0.06336758065873264
15.475	-0.007633498724951469	-0.1347532621280559	-0.06672388560627503
15.4775	-0.006958720281453887	-0.1580355775400353	-0.06941588629057635
15.48	-0.006256478948142322	-0.06676302867859593	-0.07134028139552416
15.4825	-0.005529546150735134	-0.1626155864514345	-0.07241976261467233
15.485	-0.004780790760880313	-0.1882724193150989	-0.07260451201472358
15.4875	-0.004013167774029222	-0.1083515184398798	-0.0718727662565224
15.49	-0.003229706647414606	-0.1938341866192766	-0.07023046611645857
15.4925	-0.002433499344175972	0.1130737003939742	-0.06771004187049974
15.495	-0.001627688130785247	-0.06927340353617038	-0.06436841421470225
15.4975	-0.0008154531759630167	-0.2356888462276319	-0.06028431512036374
15.5	-1.936556013085635e-14	-0.06743099811937227	-0.04535318344748351
15.5025	0.04136460512948899	-0.08724375526988544	-0.01911850188885956
15.505	0.08256596306024158	-0.1923572945163104	0.009261322302147053
15.5075	0.123441470855522	-0.03878872324376828	0.04182683502870022
15.51	0.1638298115604894	-0.02859613150878591	0.0803930656314786
15.5125	0.2035715908459114	0.1762870992145967	0.1264452900420864
15.515	0.2425099660652424	0.1305700347120138	0.1810533366517632
15.5175	0.2804912652407793	0.3055730190491535	0.2448002073943098
15.52	0.3173655935367144	0.3012467843725966	0.3177285701040444
15.5225	0.3529874248254752	0.6311399485669845	0.3993191169612694
15.525	0.3872161760130959	0.6516759524313996	0.4885179067694732
15.5275	0.4199167618561772	0.5970587272550583	0.5838186267202683
15.53	0.4509601280819914	0.6468633058098354	0.6833834259917664
15.5325	0.4802237607063495	0.7996186721382135	0.7851643997701739
15.535	0.507592169540541	1.034290545521005	0.8869785781595818
15.5375	0.5329573439783615	1.195289996877043	0.9865043778662516
15.54	0.5562191792645709	1.350462581525553	1.081221768009457
15.5425	0.5772858715625743	1.42409559716324	1.168399852511968
15.545	0.5960742802623656	1.573306678526694	1.24526475066876
15.5475	0.6125102560983667	1.432961931611798	1.309353691554122
15.55	0.6265289337828951	1.566320917302243	1.358847689021176
15.5525	0.6380749879996228	1.455862590918193	1.392672441229372
15.555	0.6471028517474468	1.488091104169067	1.410411827606761
15.5575	0.6535768961725834	1.511117392678107	1.412232355641367
15.56	0.6574715711794222	1.463549899333134	1.398907128288033
15.5625	0.6587715062649977	1.496154333997897	1.371867827378158
15.565	0.657471571179418	1.305787671636654	1.333182514952246
15.5675	0.6535768961725845	1.140567040532711	1.285420005691267
15.57	0.6471028517474413	0.9874138921596368	1.231426701955899
15.5725	0.6380749879996156	1.258732563003934	1.174074338850106
15.575	0.6265289337828861	1.048106001293453	1.116036651279437
15.5775	0.6125102560983835	0.8964255661303486	1.059629232984903
15.58	0.5960742802623533	0.8204139044332924	1.006717946155699
15.5825	0.5772858715625603	0.965083148862495	0.9586825485912692
15.585	0.5562191792645553	0.7979930335869069	0.9164165665472379
15.5875	0.5329573439783664	0.6814393070634578	0.8803468961502816
15.59	0.5075921695405463	0.7013317415260146	0.8504625066604854
15.5925	0.4802237607063296	0.6969250382248503	0.8263485320837518
15.595	0.4509601280819703	0.8695849100860401	0.8072280043889705
15.5975	0.4199167618562126	0.7684554102116555	0.7920160397249468
15.6	0.3872161760130723	0.7747070208366784	0.7793886938151938
15.6025	0.3529874248254506	0.8830231024414029	0.7678619174243482
15.605	0.3173655935366889	1.009539156390924	0.7558692438130631
15.6075	0.2804912652407869	1.161400615122906	0.7418248546385495
15.61	0.2425099660651805	0.8669337130994696	0.7241628786973795
15.6125	0.2035715908458482	0.8659421911679973	0.7013510260495531
15.615	0.1638298115604249	0.8199171493612866	0.6718827443694189
15.6175	0.1234414708555302	0.6746834279804819	0.6342554480379158
15.62	0.08256596306021276	0.668568210416991	0.5869444093191469
15.6225	0.04136460512945998	0.6348619689215114	0.5283856143712099
15.625	-4.842613333133031e-14	0.4074544795817583	0.4569897849152985
15.6275	-0.0413646051294819	0.6621133260251837	0.3712230308040254
15.63	-0.08256596306023455	0.03788357224801631	0.269788510437483
15.6325	-0.1234414708555886	0.2028000745870874	0.1518902109400579
15.635	-0.1638298115604825	0.05811022768398148	0.01746151814331814
15.6375	-0.2035715908458691	-0.1772214840577054	-0.1327848314158526
15.64	-0.2425099660652009	-0.4201216479611953	-0.2975000022719705
15.6425	-0.2804912652407729	-0.5416755478089279	-0.4749031063335519
15.645	-0.3173655935367082	-0.8174412555791234	-0.6629107851948015
15.6475	-0.3529874248254375	-0.8249169092470858	-0.8591513188232831
15.65	-0.3872161760130599	-0.9982632242702764	-1.060889918258649
15.6525	-0.4199167618562006	-1.387220229747937	-1.264909801616624
15.655	-0.4509601280819863	-1.649293497676122	-1.467421749054856
15.6575	-0.480223760706319	-1.692740286199168	-1.664146417000046
15.66	-0.5075921695405603	-2.066375276979886	-1.850688257067
15.6625	-0.5329573439783792	-1.975177255343497	-2.023001803051349
15.665	-0.5562191792645872	-2.105924447119555	-2.177563151009369
15.6675	-0.5772858715625708	-2.460959666520714	-2.31130317369474
15.67	-0.5960742802623626	-2.487269424126108	-2.421653210272001
15.6725	-0.6125102560983916	-2.562371031692533	-2.506736932153232
15.675	-0.6265289337829161	-2.619771225945254	-2.565495946409958
15.6775	-0.638074987999621	-2.381630938878363	-2.597635135298436
15.68	-0.6471028517474454	-2.452311156694337	-2.603452108902096
15.6825	-0.6535768961725873	-2.438383351607239	-2.583684401071912
15.685	-0.6574715711794218	-2.445808004466095	-2.539465159631963
15.6875	-0.6587715062649977	-2.260947441897483	-2.472387040006413
15.69	-0.6574715711794208	-2.076694344793435	-2.384589617935975
15.6925	-0.6535768961725854	-2.027318373235151	-2.278750739526465
15.695	-0.6471028517474355	-1.751216232708586	-2.157913803443919
15.6975	-0.6380749879996267	-1.622027561827381	-2.025206700444244
15.7	-0.6265289337828999	-1.729138328186976	-1.883600237265927
15.7025	-0.6125102560983862	-1.532399863948568	-1.735828959694782
15.705	-0.5960742802623563	-1.30382237373533	-1.584493276986137
15.7075	-0.5772858715625818	-1.154778536546093	-1.432253727041794
15.71	-0.5562191792645391	-1.142992644441857	-1.281967338326263
15.7125	-0.5329573439783486	-0.9524048309942128	-1.136654539718549
15.715	-0.5075921695405031	-0.6724766962181359	-0.9992962223839703
15.7175	-0.4802237607063344	-0.7067438399306818	-0.8725265413800142
15.72	-0.4509601280819754	-0.6800790443165262	-0.7582985447591118
15.7225	-0.4199167618561603	-0.6017276634504122	-0.6576466156608946
15.725	-0.3872161760130479	-0.6304405799942123	-0.5706780260592159
15.7275	-0.3529874248254566	-0.6340216091337773	-0.4967815096962498
15.73	-0.3173655935366623	-0.5103970481873733	-0.4348994873807561
15.7325	-0.2804912652407594	-0.3551213973339398	-0.383733599678353
15.735	-0.2425099660651871	-0.6235257401614722	-0.3418485282565995
15.7375	-0.2035715908458905	-0.3977889490301453	-0.3076930846603581
15.74	-0.1638298115604681	-0.417414373865702	-0.2795719877558564
15.7425	-0.1234414708555372	-0.493252573455014	-0.2556068252717857
15.745	-0.08256596306021981	-0.5622919062819147	-0.2337249999073696
15.7475	-0.04136460512950445	-0.3565529482009908	-0.2117026896306005
15.75	2.15768665424155e-15	-0.308118409261271	-0.192267262422445
15.7525	0.02301876074413756	-0.3680603635514358	-0.1734592765756678
15.755	0.04594667695590805	-0.2729905578473061	-0.1489501894086404
15.7575	0.06869326262473247	-0.2446322698136419	-0.1180400300008028
15.76	0.09116874736900482	-0.04702614756402382	-0.08031587076833227
15.7625	0.1132844307184296	-0.02254155838473759	-0.03567234210280408
15.765	0.1349530321745418	-0.07823122651134073	0.01568102521010855
15.7675	0.1560890356667985	0.1419907636220452	0.07322851107652506
15.77	0.1766090270456138	0.1963449030140501	0.1361758551152456
15.7725	0.1964320232796689	0.2188485318853079	0.2034970918158983
15.775	0.2154797920590766	0.3960735422038915	0.2739959838424536
15.7775	0.2336771605425808	0.3967791128559704	0.3463729622074815
15.78	0.2509523120303639	0.5494757655512362	0.4192870995845129
15.7825	0.2672370693917839	0.7892545989407528	0.4914053248809847
15.785	0.2824671641293173	0.6958670100391097	0.5614366682839933
15.7875	0.2965824900169788	0.7126656657309185	0.6281555362483421
15.79	0.3095273403122198	0.9564530785341486	0.6904221037482754
15.7925	0.3212506276048379	1.155216937747534	0.7472073730235702
15.795	0.3317060854357408	1.160976321328598	0.7976250448881436
15.7975	0.3408524508895254	1.170950060509315	0.8409653291026213
15.8	0.3486536274403225	1.164850865293567	0.8767216250794857
15.8025	0.35507882740831	1.260753994050057	0.9046018598994279
15.805	0.3601026934646011	0.9633882657633455	0.9245214031615362
15.8075	0.3637053987050524	0.9900472854427562	0.9365810520175648
15.81	0.3658727248980138	0.982101917713056	0.9410379842407918
15.8125	0.3665961185971469	0.9065726546229232	0.9382776615062857
15.815	0.3658727248980111	0.9113285790547495	0.9287913001472083
15.8175	0.363705398705055	0.8184325114171124	0.9131593588577839
15.82	0.3601026934645971	0.7406000902512893	0.8920385730765056
15.8225	0.3550788274083099	0.7384609341349782	0.8661490026080298
15.825	0.3486536274403224	0.5352718264544394	0.8362580798014753
15.8275	0.3408524508895253	0.5696787672023171	0.8031601694636069
15.83	0.3317060854357406	0.5530832795966436	0.767651973190231
15.8325	0.3212506276048277	0.5541822851111053	0.7305055494059292
15.835	0.3095273403122084	0.4447389077004451	0.6924413620666514
15.8375	0.2965824900169908	0.2029173311402278	0.6541036049327071
15.84	0.2824671641293038	0.304806533506733	0.616039377162343
15.8425	0.2672370693917694	0.370144880376833	0.5786825067311749
15.845	0.2509523120303636	0.3447069467613327	0.5423422349175359
15.8475	0.2336771605425805	0.359958275098382	0.5071967157977273
15.85	0.2154797920590763	0.3125373787082668	0.4732913036444774
15.8525	0.196432023279651	0.4426032578511915	0.4405417286863527
15.855	0.1766090270455952	0.404788343665122	0.4087422861481963
15.8575	0.156089035666817	0.4109611920976269	0.3775789360924575
15.86	0.1349530321745027	0.3840866368531862	0.3466467367429935
15.8625	0.1132844307183896	0.1411217830953815	0.3154704823596668
15.865	0.09116874736896409	0.4503317893946567	0.2835270329094732
15.8675	0.06869326262475259	0.5063884695661925	0.2502677817834369
15.87	0.04594667695588702	0.3358751969654254	0.2151400213351875
15.8725	0.0230187607441372	0.3117073023869211	0.177606494986963
15.875	-1.904413516467788e-14	0.3355509232517527	0.137162968020887
15.8775	-0.02301876074415441	0.3224752387162827	0.09335403728135283
15.88	-0.04594667695590414	0.08075489448929471	0.0457875455138881
15.8825	-0.06869326262476953	0.3605644724213585	-0.00585212795926085
15.885	-0.09116874736902118	0.03570834381565541	-0.06179188167393668
15.8875	-0.113284430718406	0.0671155004555623	-0.1221590683870026
15.89	-0.1349530321745187	0.009070046738511344	-0.1869724286081181
15.8925	-0.1560890356667949	-0.2366314842569874	-0.2561350557186789
15.895	-0.1766090270456103	-0.3145600939907348	-0.3294292774888412
15.8975	-0.196432023279648	-0.2900385548792948	-0.4065128331953841
15.9	-0.2154797920590566	-0.4918849710779924	-0.4869153883267446
15.9025	-0.2336771605425777	-0.5794902638050224	-0.5700345557543944
15.905	-0.2509523120303762	-0.7249388651871753	-0.6551313473361903
15.9075	-0.267237069391767	-0.8725555503957052	-0.7413263224023316
15.91	-0.2824671641293148	-1.065885095259846	-0.8275993953784868
15.9125	-0.2965824900170009	-0.9948397719208741	-0.9127978737824435
15.915	-0.3095273403122288	-1.228122537596757	-0.9956580238997843
15.9175	-0.321250627604836	-1.395486814185669	-1.07484405102877
15.92	-0.331706085435748	-1.242623095966163	-1.149003748037998
15.9225	-0.3408524508895316	-1.466238934304731	-1.216833067619767
15.925	-0.3486536274403342	-1.543823863437999	-1.277136589269501
15.9275	-0.355078827408309	-1.527560694952935	-1.328872082051803
15.93	-0.3601026934646003	-1.589897516777861	-1.371175190514519
15.9325	-0.3637053987050571	-1.590083344498127	-1.403368859220919
15.935	-0.3658727248980135	-1.538048078788559	-1.424965660694433
15.9375	-0.3665961185971469	-1.519341570212295	-1.435669238315092
15.94	-0.3658727248980127	-1.426005992709526	-1.43537698562746
15.9425	-0.3637053987050555	-1.315160105717047	-1.424182738589588
15.945	-0.3601026934645978	-1.484306499406019	-1.40237645433785
15.9475	-0.3550788274083161	-1.358343898968574	-1.370437377111167
15.95	-0.3486536274403301	-1.338698573548011	-1.329018016715839
15.9525	-0.3408524508895267	-1.309941268475847	-1.278918569571437
15.955	-0.3317060854357334	-1.158758231297221	-1.221054828681199
15.9575	-0.3212506276048396	-0.8182324323387236	-1.156425708421882
15.96	-0.3095273403122105	-0.8804458293908133	-1.086087207189797
15.9625	-0.2965824900169686	-0.8456589118215679	-1.011136585896705
15.965	-0.282467164129293	-0.657318738469937	-0.9327042906634315
15.9675	-0.2672370693917722	-0.6750563342951639	-0.8519446702072717
15.97	-0.2509523120303665	-0.5596311050961306	-0.7700144865955342
15.9725	-0.2336771605425675	-0.2752794011674264	-0.6880338605813301
15.975	-0.2154797920590458	-0.4185931055694577	-0.6070354107993632
15.9775	-0.1964320232796543	-0.3921443022890464	-0.5279161883406538
15.98	-0.1766090270455987	-0.4539383385987504	-0.4514067997285531
15.9825	-0.1560890356667829	-0.1870346067234873	-0.3780636198363127
15.985	-0.1349530321745064	-0.06075767315886453	-0.3082801747120429
15.9875	-0.1132844307184132	-0.05493563923952395	-0.2423086489937462
15.99	-0.09116874736900829	0.02798176620307445	-0.1802828893841101
15.9925	-0.06869326262475646	0.1157777989147153	-0.1222375300130963
15.995	-0.04594667695589094	-0.01710648725361429	-0.06812121240520247
15.9975	-0.02301876074416194	0.116798845484057	-0.0178041628120623
16.0	-1.285706603667324e-14	0.2142137582589279	0.03633266651926178
16.0025	0.05150093688158716	0.1125673764461803	0.09516301513101791
16.005	0.1027986230938091	0.1329868001087453	0.152511509009087
16.0075	0.1536906101049036	0.1442478956065861	0.209997507893827
16.01	0.2039760504925658	0.1686495997366116	0.2692147182918095
16.0125	0.2534564905966362	0.1819436999521681	0.3316377221254404
16.015	0.3019366537256219	0.2166561723253952	0.398517647714658
16.0175	0.3492252108240451	0.3111571607966338	0.4707825626463086
16.02	0.3951355355611694	0.2482993579160008	0.5489523726257263
16.0225	0.4394864408597293	0.4379460478346818	0.6330785989695294
16.025	0.4821028939584702	0.6906240552568217	0.7227223953621086
16.0275	0.5228167071865448	0.8551897477980481	0.8169800555880402
16.03	0.561467201723661	0.8504708451896305	0.9145469543118878
16.0325	0.5979018417255366	1.012550901792421	1.013776882489209
16.035	0.6319768363134579	1.232881916935899	1.112654855004228
16.0375	0.6635577070512048	1.178030715535084	1.208623843840865
16.04	0.6925198186699029	1.190479703220923	1.298416840701929
16.0425	0.7187488709465458	1.381052225670462	1.378283837198696
16.045	0.7421413497946846	1.640415681237649	1.44468551296082
16.0475	0.762604935787278	1.726958584913567	1.494924698790199
16.05	0.7800588684994104	1.499544746454485	1.527321136994833
16.0525	0.7944342652325707	1.580615878172374	1.54110900182207
16.055	0.8056743928633382	1.586448808459096	1.536404282462434
16.0575	0.8137348917430948	1.727533916301492	1.514359487558116
16.06	0.8185839507652594	1.452347801903926	1.47734740185584
16.0625	0.8202024329091784	1.537856855553864	1.428899171799127
16.065	0.8185839507652527	1.491063023663608	1.373277740519194
16.0675	0.8137348917430991	1.339148477708733	1.314863251746391
16.07	0.805674392863336	1.211020427888241	1.257626567451923
16.0725	0.7944342652325561	1.009905053835257	1.204820586813018
16.075	0.7800588684993923	1.170062466412733	1.158859294797163
16.0775	0.7626049357872907	0.9380895768542048	1.121304240730565
16.08	0.7421413497946596	0.9496465786080419	1.09289752886485
16.0825	0.7187488709465402	0.8906550351121639	1.073613395454597
16.085	0.6925198186698964	0.9896463751009079	1.062726617829032
16.0875	0.6635577070511977	0.7864711270345808	1.058910057446229
16.09	0.6319768363134503	1.190873559386319	1.060371065085773
16.0925	0.5979018417254964	1.054010139234261	1.06501917413944
16.095	0.5614672017236183	1.125755012438522	1.070638838525758
16.0975	0.5228167071865715	1.1441823625904	1.075035753746716
16.1	0.4821028939584227	1.072934736687347	1.076135771086457
16.1025	0.4394864408597191	1.158053947544348	1.072030459442948
16.105	0.3951355355611588	1.240000488201697	1.060972267206674
16.1075	0.3492252108240341	1.046972134355548	1.041326267505536
16.11	0.301936653725524	1.006157104174545	1.011491450625689
16.1125	0.2534564905965804	1.041790012465169	0.9698123599019552
16.115	0.2039760504924638	1.019766314222585	0.9145062367985441
16.1175	0.1536906101049376	1.02472215287481	0.8436324960645962
16.12	0.1027986230937971	0.8123684328512766	0.755144262047758
16.1225	0.05150093688152859	0.6051542972381879	0.6470977731185104
16.125	-2.49237653710798e-14	0.4909713633169039	0.5180928136845766
16.1275	-0.05150093688157833	0.4314209225890403	0.3678193132532003
16.13	-0.1027986230938466	0.3383542252279043	0.1972985213961579
16.1325	-0.1536906101049408	0.05746729568767725	0.008568138155850447
16.135	-0.2039760504925572	-0.3217106465656321	-0.1958938862834569
16.1375	-0.2534564905965834	-0.5243947880672319	-0.4135642599378256
16.14	-0.3019366537255703	-0.6190945163260646	-0.6419545284678891
16.1425	-0.349225210824037	-0.969346893942611	-0.8784892221466403
16.145	-0.3951355355611617	-1.282237709924684	-1.120310908459499
16.1475	-0.4394864408596825	-1.485499589681849	-1.364064718444921
16.15	-0.4821028939584253	-1.928690306174947	-1.605702438430396
16.1525	-0.522816707186538	-2.017832912384726	-1.840486000890629
16.155	-0.5614672017236546	-2.084065011868536	-2.063433808534518
16.1575	-0.5979018417254667	-2.329601871273992	-2.26992660027596
16.16	-0.6319768363134524	-2.496336037540487	-2.455811558275909
16.1625	-0.6635577070512271	-2.736372680954023	-2.617227137386196
16.165	-0.692519818669948	-2.777790946285807	-2.750790924151283
16.1675	-0.7187488709465417	-2.772845758224313	-2.85404597091981
16.17	-0.7421413497946809	-2.823546951221485	-2.925710288237832
16.1725	-0.762604935787309	-2.96985072453767	-2.965579235721655
16.175	-0.7800588684994222	-2.747305437631529	-2.974248765563824
16.1775	-0.7944342652325685	-2.680357368281066	-2.952885412227267
16.18	-0.8056743928633366	-2.813351777031168	-2.903166848275424
16.1825	-0.8137348917430995	-2.45973230111206	-2.827375900527244
16.185	-0.8185839507652587	-2.330319005195045	-2.728498010002661
16.1875	-0.8202024329091784	-2.376140979886577	-2.610128552924064
16.19	-0.8185839507652561	-2.3753202451425	-2.476135392740447
16.1925	-0.8137348917430943	-2.161128112810927	-2.330248286908256
16.195	-0.8056743928633376	-1.958205698805463	-2.17580955741629
16.1975	-0.7944342652325699	-1.687800754110411	-2.015782899524328
16.2	-0.7800588684994094	-1.612845020688859	-1.852957613810189
16.2025	-0.762604935787294	-1.613751801701155	-1.690196550373075
16.205	-0.7421413497946634	-1.414916326265896	-1.53057532339801
16.2075	-0.7187488709465668	-1.291507260715504	-1.377358822683547
16.21	-0.6925198186699012	-1.229042178534259	-1.233860442478804
16.2125	-0.6635577070511754	-0.9928934801657185	-1.103207983729577
16.215	-0.6319768363133964	-0.8775546081792035	-0.9879872511650367
16.2175	-0.5979018417255025	-0.9246374827508833	-0.8898292970215967
16.22	-0.5614672017236246	-1.179764840164009	-0.8091645349671405
16.2225	-0.5228167071865423	-0.8466440505000242	-0.7453017496401515
16.225	-0.4821028939583922	-1.023166229605697	-0.6967348131710752
16.2275	-0.4394864408596872	-0.8246110356773448	-0.6614660682510036
16.23	-0.3951355355611666	-0.6909273620184052	-0.637219445086471
16.2325	-0.3492252108239999	-0.8817612813175477	-0.6215269194461037
16.235	-0.3019366537255322	-0.6563666244468404	-0.6117309799132994
16.2375	-0.2534564905966331	-0.7372538667511246	-0.6049582311439246
16.24	-0.2039760504925175	-1.010516347418832	-0.5981150191578142
16.2425	-0.1536906101049005	-0.8995880962974264	-0.5879516243521834
16.245	-0.1027986230938059	-0.6856234282436932	-0.5712161601146666
16.2475	-0.05150093688158394	-0.7868711382761693	-0.5448665321508158
16.25	2.830438140222868e-14	-0.8766633766665881	-0.5364638323218749
16.2525	-0.04772837733870912	-0.7823015852587041	-0.544345188497066
16.255	-0.09526839257711196	-0.770602642930106	-0.5419038957927437
16.2575	-0.1424324269939162	-0.3571202386080855	-0.533660200936493
16.26000000000001	-0.1890343456926886	-0.3688720196671738	-0.5237626963306292
16.2625	-0.2348902321905466	-0.4589531937082653	-0.51591622415837
16.265	-0.279819114253087	-0.4114614708208225	-0.5134448455557824
16.2675	-0.3236436781087844	-0.4102616667270634	-0.5194625120139919
16.27	-0.3661909682257974	-0.150016187875707	-0.53712501327232
16.2725	-0.4072930698879252	-0.1959157960826808	-0.5698122120498104
16.275	-0.4467877718777457	-0.3093042700619248	-0.6209461189494746
16.2775	-0.4845192066498464	-0.3748010607520746	-0.6932770885097062
16.28	-0.5203384654690716	-0.2318244040530923	-0.7880466416650218
16.2825	-0.5541041860851541	-0.5161149018889696	-0.9047051909438824
16.285	-0.5856831106248794	-0.3784447131233871	-1.041246349719356
16.2875	-0.6149506115000766	-0.568684132405045	-1.194706414362809
16.29	-0.641791183255946	-0.7565712141764149	-1.361536167154725
16.2925	-0.6660988984179822	-0.9836639491881646	-1.537819934769684
16.295	-0.6877778255396233	-1.142628360015962	-1.719402697275908
16.2975	-0.7067424077996407	-1.33962276720589	-1.901985522594288
16.3	-0.7229178006559684	-1.680101540665557	-2.081209794732409
16.3025	-0.7362401672228475	-1.746629556843511	-2.252681042322721
16.305	-0.7466569302058327	-2.076384075254862	-2.411893948894371
16.3075	-0.7541269794003858	-2.152841744074507	-2.554169637746064
16.31	-0.7586208339351063	-2.346243822604681	-2.674809897448661
16.3125	-0.7601207586191683	-2.709564736738667	-2.769539209488419
16.315	-0.7586208339351023	-2.861470666512141	-2.835064089693378
16.3175	-0.7541269794003884	-3.007117470137387	-2.869446983637295
16.32	-0.7466569302058205	-2.985123245128773	-2.872091473912026
16.3225	-0.7362401672228421	-3.141541153381984	-2.843427093314411
16.325	-0.7229178006559617	-3.125140642992077	-2.784607893055714
16.3275	-0.7067424077996486	-3.132294071855671	-2.697452130367315
16.33	-0.6877778255396141	-3.059256675324372	-2.584547843768092
16.3325	-0.6660988984179718	-2.888569976957083	-2.449252258112187
16.335	-0.6417911832559344	-2.757010204364505	-2.295398672358873
16.3375	-0.6149506115000892	-2.616476385464502	-2.126797419436957
16.34	-0.5856831106248381	-2.317037966168029	-1.946811271208734
16.3425	-0.5541041860851393	-2.198425265091329	-1.758239821970773
16.345	-0.5203384654690558	-1.893195529489973	-1.563571850860403
16.3475	-0.4845192066498631	-1.731086130670112	-1.365455583513613
16.35	-0.4467877718777281	-1.595692583605615	-1.167034312753222
16.3525	-0.407293069887907	-1.341398223467365	-0.9718667568865975
16.355	-0.3661909682257407	-1.057653489329041	-0.7835456267680785
16.3575	-0.323643678108804	-0.7844512973538027	-0.605297815165781
16.36	-0.2798191142529866	-0.3013275925829517	-0.4396259589422223
16.3625	-0.2348902321904438	-0.1468997852234546	-0.2879913108257113
16.365	-0.1890343456926258	0.07323191231952134	-0.1507516251381926
16.3675	-0.1424324269939374	0.2267160691335509	-0.02745680239095569
16.37	-0.0952683925770905	0.4593731050472152	0.08273998498191076
16.3725	-0.04772837733868755	0.3507376459796704	0.1807956794612332
16.375	4.991678173627992e-14	0.6078331435284042	0.2676485537600173
16.3775	0.04772837733870094	0.8461026937411639	0.3441899057519499
16.38	0.09526839257710382	0.8878697492736294	0.4112965479378407
16.3825	0.142432426993993	0.8876638268655213	0.4699138541576773
16.385	0.1890343456926807	0.8729085684382485	0.5211683602535994
16.3875	0.2348902321904976	0.9887423694491486	0.5664478496870047
16.39	0.279819114252999	1.055769556146193	0.6073853979573237
16.3925	0.323643678108777	1.050038176588162	0.6457497256858613
16.395	0.3661909682257903	1.09060172453254	0.6833014388265748
16.3975	0.4072930698878818	0.7948467681206733	0.7216668321429374
16.4	0.446787771877704	0.9440585243777103	0.7622430441135254
16.4025	0.4845192066498401	0.8886459652300788	0.806125950732459
16.405	0.5203384654690656	0.765638020051345	0.8540511432374085
16.4075	0.554104186085119	0.9139646914485696	0.9063463593505062
16.41	0.5856831106248742	0.7774293802092761	0.9629004352394037
16.4125	0.6149506115000971	0.6580121488223858	1.023153089653715
16.415	0.6417911832559647	0.7195037335775448	1.086100128023104
16.4175	0.6660988984179991	0.7781581571187588	1.150298056326136
16.42	0.6877778255396199	1.262867632470673	1.213862064150925
16.4225	0.7067424077996536	0.8609778066166274	1.274497374461531
16.425	0.7229178006559926	1.145993306427825	1.329643688423579
16.4275	0.7362401672228454	1.18949029002534	1.376758351535895
16.43	0.7466569302058311	1.2398385189172	1.413639829331402
16.4325	0.7541269794003955	1.345336956739296	1.438658123349161
16.435	0.7586208339351058	1.402882549630808	1.450856855058219
16.4375	0.7601207586191683	1.688218149412624	1.449987701708847
16.44	0.7586208339351054	1.657666911883493	1.436533091222018
16.4425	0.7541269794003895	1.631607709265585	1.411703736981741
16.445	0.7466569302058221	1.537197280958975	1.37735344149205
16.4475	0.7362401672228548	1.576554227260224	1.335782433529004
16.45	0.7229178006559775	1.564371813622827	1.289468930759851
16.4525	0.7067424077996358	1.34663254899894	1.240805619432135
16.455	0.6877778255396176	1.44731413222096	1.191898882047319
16.4575	0.6660988984179965	1.443030646385052	1.144447537522981
16.46	0.6417911832559156	1.295726735508751	1.099689609870178
16.4625	0.6149506115000686	1.132450238636591	1.058397000242084
16.465	0.5856831106248158	0.9364358088986175	1.020900336043236
16.4675	0.554104186085145	0.988114262145456	0.9871316471404993
16.47	0.5203384654690618	0.7084116933937179	0.9566771682921873
16.4725	0.4845192066498027	0.6368135684229437	0.9288354147256316
16.475	0.4467877718776649	0.6287718405517477	0.9026767384433632
16.4775	0.4072930698879139	0.3353312587832245	0.8771004566721577
16.48	0.3661909682257478	0.3838156787930971	0.8508852603394719
16.4825	0.3236436781087723	0.4361804893736091	0.8227287278760057
16.485	0.2798191142529941	0.5086055020677998	0.7912727065196072
16.4875	0.2348902321904927	0.4171881910117752	0.7551129345785224
16.49	0.1890343456926756	0.2619618987034861	0.712793156041304
16.4925	0.1424324269939454	0.3780888929659982	0.6627858358867463
16.495	0.09526839257705577	0.4562566985656286	0.6034640309032908
16.4975	0.04772837733873884	0.3994288093223017	0.5330751194300983
16.5	-1.328005288665534e-15	0.2837943692097225	0.4702599590619765
16.5025	0.04266403984166976	0.2021374269799286	0.4153720170683269
16.505	0.08515970420947	0.158152768928791	0.3512878320594039
16.5075	0.1273192821304852	0.2327678595048871	0.2835128922345745
16.51	0.1689763890116538	0.2301979045503599	0.2172596973830752
16.5125	0.209966623283287	0.2373285433119738	0.1573434708828353
16.515	0.2501282152174833	0.2799858804010206	0.1081414400505654
16.5175	0.289302665358857	-0.01428999932506309	0.07362623277394884
16.52	0.3273353700499457	0.1961877051993116	0.05744144936411651
16.5225	0.3640762315807515	0.09455534698017756	0.06290758185914634
16.525	0.3993802505560839	0.240927312897267	0.09279027856014513
16.5275	0.4331080981419534	0.12921165583258	0.1487412027986296
16.53	0.4651266659327547	0.3076458498452087	0.2305785646572337
16.5325	0.4953095912692519	0.4498010129305817	0.3358582705349922
16.535	0.5235377559344631	0.5964270559035988	0.4601436481523177
16.5375	0.5496997562586029	0.7914607596504397	0.5979300780274037
16.54	0.5736923427787675	0.7538729648798871	0.743761568975476
16.5425	0.5954208277170824	1.196488342463537	0.8929965707748349
16.545	0.6147994586702804	1.062580670512592	1.041609585609856
16.5475	0.6317517570352641	1.518922849314015	1.184552429325677
16.55	0.6462108198351673	1.371952561681207	1.314373623596782
16.5525	0.6581195837548102	1.571202134734234	1.423125814052029
16.555	0.6674310503436203	1.589597045612168	1.505727669017861
16.5575	0.6741084714969542	1.406994242262619	1.560566114985398
16.56	0.6781254944841697	1.472212862760757	1.587532487563634
16.5625	0.679466265950718	1.667006769695988	1.586535441480037
16.565	0.6781254944841655	1.361335607055179	1.55794777017057
16.5675	0.6741084714969603	1.391533524323241	1.5038343412076
16.57	0.6674310503436149	1.298385998338218	1.428396863635109
16.57250000000001	0.6581195837548032	1.333709613998408	1.337386475398227
16.575	0.6462108198351584	1.087345672565454	1.237091453941541
16.5775	0.6317517570352676	0.9658343799004588	1.133437962204449
16.58	0.6147994586702846	1.021032662573529	1.031457671489254
16.5825	0.5954208277170686	0.694662371798608	0.9351145757370763
16.585	0.5736923427787521	0.5893747822134053	0.8473405589657735
16.5875	0.5496997562586314	0.9633758336141353	0.7701527718029941
16.59	0.5235377559344448	0.5875909126338458	0.7047936106664627
16.5925	0.4953095912692323	0.6281048977914229	0.6518634719035621
16.595	0.4651266659327339	0.6069968622195361	0.6114158523140856
16.5975	0.4331080981419612	0.2570078173131806	0.5829860318337046
16.6	0.3993802505560921	0.4765272408496722	0.5655521534244801
16.6025	0.3640762315807273	0.5761466228401031	0.5574828648567642
16.605	0.3273353700499205	1.032291482810378	0.5565680834336979
16.6075	0.289302665358901	0.7534571223423582	0.5601921644554346
16.61	0.2501282152174207	0.6393828460475504	0.5655977794982677
16.6125	0.209966623283223	0.765144190893213	0.570117181140507
16.615	0.1689763890115513	0.7532435340951981	0.5712845013406173
16.6175	0.1273192821304951	0.595137235117682	0.5668263297838169
16.62	0.08515970420944158	0.6496334117640081	0.5545749736727278
16.6225	0.04266403984167973	0.7506958329977512	0.5323463485646721
16.625	-2.997012235780795e-14	0.8235376683458351	0.4978066034914603
16.6275	-0.042664039841701	0.6914932154848199	0.4483561422251298
16.63	-0.08515970420946273	0.5679757845262151	0.3811206662100655
16.6325	-0.127319282130516	0.5650193502867163	0.2932452665308724
16.635	-0.1689763890116467	0.1518456290935878	0.1826261603135949
16.6375	-0.2099666232832433	0.1589636151583545	0.04873193506671955
16.64	-0.2501282152174406	-0.05167819881023093	-0.1071835196988819
16.6425	-0.2893026653588854	-0.2112965885244297	-0.2826077416895391
16.645	-0.3273353700499392	-0.6154239972085613	-0.4744740622089058
16.6475	-0.3640762315807126	-0.6940768501222169	-0.6795813534426292
16.65	-0.3993802505560468	-0.7153234439206749	-0.8946837942327088
16.6525	-0.4331080981419478	-1.153103990524228	-1.116380378507096
16.655	-0.4651266659327494	-1.379711861029443	-1.340908443888226
16.6575	-0.4953095912692205	-1.675755078298331	-1.563936209259009
16.66	-0.5235377559344584	-1.846362247158068	-1.780550408844171
16.6625	-0.549699756258644	-1.926928671990988	-1.985637203583462
16.665	-0.5736923427788049	-2.343595612613459	-2.174399091346388
16.6675	-0.5954208277170788	-2.273586921657998	-2.342487439328918
16.67	-0.6147994586702936	-2.573662442921835	-2.485944970448757
16.6725	-0.6317517570352755	-2.722498235039946	-2.601460233781644
16.675	-0.6462108198351769	-2.784826548768811	-2.686803454846501
16.6775	-0.6581195837548179	-2.519064204418242	-2.741012213504364
16.68	-0.6674310503436189	-2.837081057365854	-2.764196484051993
16.6825	-0.674108471496963	-2.763751774131297	-2.757173822631319
16.685	-0.6781254944841717	-2.681968205926082	-2.7212116938504
16.6875	-0.679466265950718	-2.672863399125203	-2.658004640915964
16.69	-0.6781254944841684	-2.559122592718997	-2.569817833505138
16.6925	-0.6741084714969612	-2.381708693839757	-2.459599284025634
16.695	-0.6674310503436163	-2.421042563192811	-2.330868914056404
16.6975	-0.6581195837548145	-2.044449425727786	-2.187361932485766
16.7	-0.6462108198351726	-1.95704431133998	-2.032622136683852
16.7025	-0.6317517570352704	-1.767569868891897	-1.869789328968283
16.705	-0.6147994586702712	-1.586966987338391	-1.701682467148786
16.7075	-0.5954208277170907	-1.491429566065761	-1.531096355355962
16.71	-0.573692342778756	-1.248778006378485	-1.361089994841214
16.7125	-0.5496997562585904	-1.02474199950015	-1.195048705632595
16.715	-0.5235377559344249	-0.9752268599091597	-1.036496867371129
16.7175	-0.4953095912692373	-0.6433379875458517	-0.8887847076731419
16.72	-0.465126665932711	-0.5346261086444918	-0.7547038560031519
16.7225	-0.433108098141937	-0.5773852421470429	-0.6360738033988859
16.725	-0.3993802505560354	-0.2846586537017998	-0.5335213008315303
16.7275	-0.3640762315807334	-0.3056008675566674	-0.4466354530848224
16.73	-0.327335370049927	-0.2318513996548262	-0.3743481488346029
16.7325	-0.2893026653588378	-0.07554704992093779	-0.3152727451053809
16.735	-0.2501282152174276	-0.253396913614056	-0.2678957593268228
16.7375	-0.2099666232832667	-0.1998438200562084	-0.2306402302140165
16.74	-0.1689763890115958	0.02715936205522829	-0.2018359438996656
16.7425	-0.1273192821305023	-0.3930771896827688	-0.1796343130191686
16.745	-0.08515970420944885	-0.09920918233629855	-0.1619262022549404
16.7475	-0.04266403984172558	-0.1257528605861896	-0.1463266694589921
16.75	-2.108275393031748e-14	-0.1923490365495207	-0.1266144902778348
16.7525	0.05629419425811982	-0.1677424691090564	-0.09991523452086672
16.755	0.1123662210498947	-0.0553874161142873	-0.0669335291549771
16.7575	0.1679947897023283	-0.2854419082452527	-0.02469431860762937
16.76	0.2229603596694756	-0.08648823370754338	0.02934098788895644
16.7625	0.2770460069578558	0.09866341187423952	0.0971300841775545
16.765	0.3300382802270057	0.1069123193428055	0.1798794011572454
16.7675	0.3817280431842485	0.1237204683166438	0.2778439976078418
16.77	0.4319112999499986	0.2454740401955652	0.3901810101669886
16.7725	0.4803900001363939	0.2062324350313708	0.5149876736183583
16.775	0.5269728204615637	0.4017023387049515	0.6495848385354791
16.7775	0.571475919815272	0.8330744026171967	0.7909689483888922
16.78	0.613723664796063	0.9082936461033795	0.936244191171429
16.7825	0.6535493228555734	1.09522358105668	1.082642607004428
16.785	0.6907957203160222	1.314590202679054	1.226429788814762
16.7875	0.7253158626629306	1.481435392082252	1.361234640046851
16.79	0.7569735146652083	1.522841739143429	1.478954496989023
16.7925	0.7856437380334327	1.53638072994211	1.573061959450086
16.795	0.8112133844941183	1.74644921575546	1.640129116216184
16.7975	0.8335815423343073	1.936912867968489	1.678864551009997
16.8	0.8526599346541248	1.771046919037149	1.688814951888628
16.8025	0.8683732677551292	1.767032689557322	1.670196367695673
16.805	0.8806595282903006	1.81512953823685	1.624831919869328
16.8075	0.8894702280023805	1.534389686523365	1.557295999002109
16.81	0.8947705950848379	1.488036613943948	1.474882191375698
16.8125	0.8965397114102864	1.423550537965727	1.386003758471152
16.815	0.8947705950848315	1.272275189565326	1.298407003512785
16.8175	0.8894702280023806	1.135270934765568	1.218310283585732
16.82	0.8806595282903007	1.073112936783026	1.150310212099831
16.8225	0.8683732677551168	0.9687172792837955	1.09755098364449
16.825	0.8526599346541093	0.8376814285537986	1.0618837637593
16.8275	0.8335815423343264	0.8838611510453422	1.04393154742259
16.83	0.811213384494097	0.8333543555285353	1.043065617361121
16.8325	0.7856437380334086	0.8929862799500412	1.057378249519116
16.835	0.7569735146652089	1.044292837490845	1.083787197872282
16.8375	0.7253158626629311	1.010610534024539	1.118344372175254
16.84	0.6907957203160227	0.9139745438922722	1.156671572649054
16.8425	0.6535493228555391	1.121214658209619	1.194380578127957
16.845	0.6137236647960265	1.308221129940441	1.227417613544767
16.8475	0.571475919815312	1.357631101872984	1.252339550120714
16.85	0.526972820461523	1.480947707912895	1.266461900113692
16.8525	0.4803900001363516	1.293083111914156	1.267794081630199
16.855	0.4319112999499994	1.323151302703506	1.254790095663262
16.8575	0.3817280431842494	1.543826511441563	1.226026723835106
16.86	0.3300382802269118	1.435314951711005	1.179933578986479
16.8625	0.2770460069577597	1.384632288572362	1.114682748048381
16.865	0.2229603596693778	1.114269052839975	1.028292280117359
16.8675	0.1679947897023793	0.9078019251912592	0.9189520304956525
16.87	0.112366221049845	0.7398780695321446	0.7855715189023165
16.8725	0.05629419425806981	0.6128456427831602	0.6284035568132663
16.875	-7.117676961403397e-14	0.3484191274095514	0.4492712491419765
16.8775	-0.05629419425811016	0.03121215530012211	0.2510572465717054
16.88	-0.1123662210498851	-0.1149067830395224	0.03685170685774419
16.8825	-0.1679947897023689	-0.3664395563077557	-0.1905958657587141
16.88500000000001	-0.2229603596694663	-0.768889254488436	-0.4289389781972219
16.8875	-0.2770460069577981	-0.8252258696766488	-0.6760038411016696
16.89	-0.3300382802269493	-1.244430491946751	-0.9294866749939504
16.8925	-0.3817280431842398	-1.588889405442499	-1.186682386220218
16.895	-0.4319112999500348	-1.602824043922999	-1.444242808798859
16.8975	-0.4803900001363426	-1.964169398955789	-1.697979768199682
16.9	-0.5269728204615146	-2.341012843359761	-1.942945098352947
16.9025	-0.5714759198152646	-2.446926274332653	-2.174042450067989
16.905	-0.613723664796056	-2.675349380719658	-2.386656872584764
16.9075	-0.6535493228555319	-2.832159524103941	-2.576613805268562
16.91	-0.6907957203160485	-2.75237446707299	-2.740031386932472
16.9125	-0.7253158626629548	-2.843624955703888	-2.87366848095383
16.915	-0.7569735146652579	-2.773406074100431	-2.975392636912265
16.9175	-0.7856437380334281	-2.755455096273089	-3.044296807837672
16.92	-0.8112133844941142	-3.014473718427101	-3.080477785437149
16.9225	-0.8335815423343412	-2.937256824416326	-3.084744088020827
16.925	-0.8526599346541376	-2.589554825440926	-3.058455108245827
16.9275	-0.8683732677551269	-2.634119056656054	-3.003547696759674
16.93	-0.8806595282903082	-2.438153789507438	-2.922671932110468
16.9325	-0.8894702280023857	-2.409346992762686	-2.819240576510099
16.935	-0.8947705950848373	-2.172049749859866	-2.697211756370879
16.9375	-0.8965397114102864	-2.37744522303243	-2.560649067505004
16.94	-0.8947705950848354	-1.967080986924565	-2.413316341516095
16.9425	-0.8894702280023818	-2.056003413871492	-2.258516881830617
16.945	-0.8806595282903025	-1.825571189120527	-2.099193156602646
16.9475	-0.8683732677551319	-1.524366721491408	-1.938167635148133
16.95	-0.852659934654128	-1.482004321144237	-1.778365266913954
16.9525	-0.83358154233433	-1.444674901188225	-1.622907475276985
16.955	-0.811213384494101	-1.30313358414674	-1.475073393044225
16.9575	-0.7856437380334623	-1.090164171594582	-1.338168873938683
16.96	-0.756973514665214	-1.293356232881755	-1.215290804803981
16.9625	-0.7253158626629068	-1.14348935762713	-1.108961263177163
16.965	-0.6907957203159639	-1.199873114646899	-1.020720214532467
16.9675	-0.6535493228555457	-1.05155797487798	-0.950879033427382
16.97	-0.6137236647960336	-1.207520151847167	-0.898567831604372
16.9725	-0.5714759198152409	-1.158737178551921	-0.862010874984585
16.975	-0.5269728204614897	-0.9928467203554694	-0.8388582887917518
16.9775	-0.4803900001363597	-1.21448997146999	-0.8264421203809563
16.98	-0.4319112999500078	-1.27992874536194	-0.8219147518702176
16.9825	-0.3817280431842119	-1.093031389625405	-0.8222863664621863
16.985	-0.3300382802269208	-1.324701626957935	-0.8243950539528031
16.9875	-0.2770460069578173	-1.163603097513572	-0.8248648075070741
16.99	-0.2229603596694365	-1.128122693849848	-0.8201375346234321
16.9925	-0.1679947897023387	-1.334966843832941	-0.8066454749421628
16.995	-0.1123662210498546	-1.288127706789997	-0.7810967715469094
16.9975	-0.05629419425813034	-1.167201291705143	-0.7407507659017276
17.0	1.732523299253081e-15	-0.8486441096367922	-0.6991371813415301
17.0025	0.009245393126072494	-0.9371024398217498	-0.6550156320212928
17.005	0.01845429890930133	-0.8433920576026107	-0.593843426757991
17.0075	0.02759037400568583	-0.7627977832513779	-0.5177517921170169
17.01	0.03661756250073739	-0.6930880487292164	-0.4291591483375796
17.0125	0.0455002382055632	-0.4090726119623165	-0.3308729064758119
17.015	0.054203345257273	-0.2738748842594212	-0.2260728285000654
17.0175	0.06269253646838993	-0.2028225067599666	-0.1180728639882513
17.02	0.07093430887957693	0.0806420683063735	-0.009979416180145056
17.0225	0.07889613598041204	0.3918214166001522	0.09555122213891391
17.025	0.08654659607675541	0.4918579541586082	0.1963596417764414
17.0275	0.09385549629775576	0.6704792258265122	0.2906785628550527
17.03	0.1007939917533667	0.7935417917375396	0.376993111102037
17.0325	0.1073346993719279	0.9882181598867938	0.4539640716391114
17.035	0.1134518059686273	1.083848006892396	0.5204231508221465
17.0375	0.1191211701183582	1.063942161307189	0.5753879178670922
17.04	0.1243204174309281	0.9551673663609598	0.6180751521280882
17.0425	0.1290290288524937	1.156563332096247	0.6479451515634282
17.045	0.1332284216449306	1.167411658112883	0.6647933237613034
17.0475	0.1369020227234115	0.8751364893168826	0.6688338874966786
17.05	0.1400353340627884	0.8487013030162902	0.6607017038836969
17.0525	0.1426159899146806	0.7449564067273337	0.641372186342724
17.055	0.1446338056094272	0.584813956732662	0.6120651104143482
17.0575	0.1460808177503311	0.5694367239195399	0.5741822344904649
17.06	0.146951315641555	0.3970006194866655	0.5292770124159918
17.0625	0.1472418638256101	0.1465025010739073	0.4790289950536409
17.065	0.1469513156415538	-0.02988140403523847	0.4252034391447203
17.0675	0.146080817750332	-0.001121121464154565	0.3695954274717572
17.07	0.1446338056094253	-0.1542069494876279	0.3139688788321909
17.0725	0.1426159899146802	-0.3664961365155174	0.2600006339972566
17.075	0.1400353340627878	-0.2628225007743992	0.2092338479409095
17.0775	0.1369020227234108	-0.4847421256419081	0.1630390594024314
17.08	0.1332284216449298	-0.5389680735368784	0.1225782806468127
17.0825	0.1290290288524888	-0.4590174604233591	0.08876784873965937
17.085	0.1243204174309226	-0.6053813735341718	0.0622394832117697
17.0875	0.119121170118362	-0.6226390520822297	0.04330487597878727
17.09	0.1134518059686208	-0.4919783793371757	0.03193408326414729
17.0925	0.1073346993719266	-0.3675046689566391	0.02775800678692855
17.095	0.1007939917533654	-0.4781468235582211	0.03009921474705965
17.0975	0.0938554962977543	-0.1688268149279833	0.03802696852775945
17.1	0.08654659607675391	-0.1479068919154267	0.05042674140476454
17.1025	0.07889613598041045	-0.1094341556641767	0.06607360137005244
17.105	0.07093430887956795	0.06617883270555815	0.08370088662682829
17.1075	0.0626925364683958	0.2423399880834689	0.1020584473853796
17.11	0.05420334525725569	0.5152497346584283	0.1199574787885279
17.1125	0.04550023820554549	0.6600821022236105	0.1363015372963089
17.115	0.03661756250072747	0.6426984981958643	0.1501055397899813
17.1175	0.02759037400569221	0.5671089296392698	0.1605060140126922
17.12	0.01845429890929116	0.6533729265203715	0.1667663476240418
17.1225	0.00924539312607062	0.7860713924967815	0.168280330592745
17.125	-8.514897759698862e-15	0.6506281861041843	0.1645761989414312
17.1275	-0.00924539312607091	0.739467126885054	0.1553220373069122
17.13	-0.01845429890929975	0.7613448077603442	0.1403321212409933
17.1325	-0.02759037400570072	0.5574599263477094	0.1195728337759907
17.135	-0.03661756250073585	0.3757891942350918	0.09316631208940543
17.1375	-0.04550023820555373	0.5327712833690035	0.06138998599855412
17.14	-0.05420334525726375	0.2984933722523211	0.02467061161828786
17.1425	-0.06269253646838849	0.4418855502707987	-0.01642779205590175
17.145	-0.07093430887957554	0.01905762003657768	-0.06122166966992416
17.1475	-0.07889613598040361	-0.06301598059887785	-0.1089299077944674
17.15	-0.08654659607674736	-0.1562004060749886	-0.158698064307522
17.1525	-0.09385549629775454	-0.3335518345317549	-0.2096228687555496
17.155	-0.1007939917533717	-0.5664241682032434	-0.2607756007962084
17.1575	-0.1073346993719211	-0.3873098509467907	-0.3112238255719112
17.16	-0.1134518059686263	-0.8184221834797681	-0.3600517627987226
17.1625	-0.1191211701183671	-0.8560491259352552	-0.4063800169244813
17.165	-0.1243204174309317	-1.066102948318662	-0.449385380518564
17.1675	-0.129029028852493	-1.054493233127297	-0.4883209714954598
17.17	-0.1332284216449299	-1.131823363709453	-0.5225362251133733
17.1725	-0.136902022723414	-1.409006434957472	-0.5514954765723091
17.175	-0.1400353340627931	-1.250024809220903	-0.5747933337331036
17.1775	-0.1426159899146802	-1.341905259953043	-0.5921650043435277
17.18	-0.1446338056094269	-1.322079758448513	-0.6034902922798882
17.1825	-0.146080817750333	-1.274611868478759	-0.6087909524649643
17.185	-0.1469513156415549	-1.102644185475944	-0.6082221446706121
17.1875	-0.1472418638256101	-1.050661538436646	-0.6020594838283592
17.19	-0.146951315641555	-0.9349063852090546	-0.5906834342923264
17.1925	-0.1460808177503322	-0.9476658727991767	-0.5745625463284617
17.195	-0.1446338056094256	-0.7849601122572502	-0.5542364701122833
17.1975	-0.1426159899146827	-0.6767436073043357	-0.5302990667854584
17.2	-0.1400353340627909	-0.4570395980864511	-0.5033815065301118
17.2025	-0.1369020227234114	-0.4782518956952684	-0.4741351403031933
17.205	-0.1332284216449305	-0.2452090674101964	-0.4432141488647097
17.2075	-0.1290290288524936	-0.1539101536161311	-0.4112583614067263
17.21	-0.1243204174309234	-0.090504528495119	-0.3788769761349649
17.2125	-0.119121170118358	0.05342521023068858	-0.3466340274790269
17.215	-0.1134518059686165	0.2822386420583476	-0.3150362793663582
17.2175	-0.107334699371922	0.404978709853382	-0.2845238687134564
17.22	-0.1007939917533665	0.3067923633076033	-0.2554636357546072
17.2225	-0.09385549629774909	0.3548615324993935	-0.2281447989449739
17.225	-0.08654659607674164	0.4826770245264347	-0.2027765321524924
17.2275	-0.07889613598041179	0.2514313876819166	-0.1794870748763407
17.23	-0.07093430887956934	0.487962969973223	-0.1583241949569921
17.2325	-0.06269253646838209	0.2579793464272316	-0.139257048522269
17.235	-0.05420334525725717	0.283489512040327	-0.1221796656297282
17.2375	-0.04550023820555496	0.2976528094268707	-0.1069163719116324
17.24	-0.03661756250073711	0.4133638635563184	-0.09322940768968686
17.2425	-0.02759037400569377	0.4017288909891178	-0.08082883739858762
17.245	-0.01845429890929273	0.2371496655431663	-0.06938460071708966
17.2475	-0.009245393126080557	-0.06144695862289357	-0.05854030792666023
17.25	9.713499884001754e-15	-0.02008965532352258	-0.0653510489314982
17.2525	-0.06226998268433911	-0.1679249082133935	-0.089480517850409
17.255	-0.1242942141954257	-0.2415447477028863	-0.11582861723066
17.2575	-0.1858279132277084	-0.2924673761012573	-0.1487120428619591
17.26	-0.2466282343832892	-0.2645451836073189	-0.1928543530580275
17.2625	-0.3064552265713716	-0.5659949606533985	-0.2538320373097652
17.265	-0.3650727799863058	-0.6511533734079901	-0.3375846454268205
17.2675	-0.4222495579244188	-0.6735195363087139	-0.4484090625025608
17.27	-0.4777599097649807	-0.7263578789937875	-0.5872477489331325
17.2725	-0.531384761509439	-0.88179215170269	-0.7520260316077706
17.275	-0.5829124803668227	-1.051579146565784	-0.9389437618119678
17.2775	-0.6321397099714902	-1.464516781382622	-1.143530799889833
17.28	-0.6788721729381515	-1.379519546852311	-1.361287367637566
17.2825	-0.7229254375853787	-1.488958700888783	-1.587937974195887
17.285	-0.7641256458037111	-1.922523833464806	-1.819398702852282
17.2875	-0.8023101991938212	-1.864723131704742	-2.051634768513928
17.29	-0.8373284007683798	-2.110664582947245	-2.280573992168484
17.2925	-0.8690420496840942	-2.197516171500715	-2.502111154904008
17.295	-0.8973259866572486	-2.391760668823895	-2.712055414933359
17.2975	-0.92206858791027	-2.484618908149554	-2.905921236319647
17.3	-0.9431722056999217	-2.744953662661806	-3.078770894479188
17.3025	-0.9605535536880513	-2.760027737854774	-3.225398531855676
17.305	-0.9741440356349639	-2.587350579595634	-3.340853994200976
17.3075	-0.9838900161172909	-2.948126788352639	-3.421043524831846
17.31	-0.9897530322026049	-2.994549579787903	-3.463181941269493
17.3125	-0.9917099452449529	-2.985741892996011	-3.466067517699608
17.315	-0.9897530322025961	-2.811761217784634	-3.430195041860251
17.3175	-0.9838900161172948	-2.877344837966921	-3.357678392345546
17.32	-0.974144035634959	-2.809753967830018	-3.252056710858808
17.3225	-0.9605535536880447	-2.788572962560073	-3.11800329178798
17.325	-0.9431722056999134	-2.595483412913295	-2.960781371214568
17.3275	-0.922068587910281	-2.611053491279951	-2.785495411283346
17.33	-0.8973259866572133	-2.484093433368256	-2.59649424313584
17.3325	-0.8690420496840815	-2.319687148511283	-2.397189238231693
17.335	-0.8373284007683657	-2.012491198804463	-2.190279787925136
17.3375	-0.8023101991938388	-2.07725545490216	-1.978229840558717
17.34	-0.7641256458036944	-2.026566350918002	-1.763755082817984
17.3425	-0.7229254375853608	-1.789673252793935	-1.550072267104137
17.345	-0.6788721729381323	-1.58972301179558	-1.340849818041276
17.3475	-0.6321397099715134	-1.21488758357327	-1.140016021906586
17.35	-0.5829124803667558	-1.197511266824778	-0.9515395355031195
17.3525	-0.5313847615094169	-1.182435422614761	-0.7790807939558253
17.355	-0.4777599097649576	-1.09949491048145	-0.6253621634584039
17.3575	-0.4222495579244971	-0.7870615804163895	-0.4914724637941473
17.36	-0.365072779986229	-0.9444798719436247	-0.3767200293665736
17.3625	-0.3064552265712931	-0.7567366860706737	-0.2791716587554419
17.365	-0.2466282343831545	-0.7403223211612128	-0.1963377454115726
17.3675	-0.185827913227738	-0.5098712671999662	-0.1256328020590318
17.37	-0.1242942141953997	-0.2631159618702274	-0.06459191852799764
17.3725	-0.06226998268425665	-0.2576545599267798	-0.01088348578509662
17.375	3.596745001735068e-14	-0.1064845732037808	0.03782341736555572
17.3775	0.06226998268432844	0.09769799993954964	0.08401718670765074
17.38	0.1242942141954151	-0.01970424492951733	0.1303985385839896
17.3825	0.1858279132277532	0.2857029932458259	0.1797864983425136
17.385	0.2466282343832788	0.2940572851050402	0.2349318899887771
17.3875	0.3064552265713079	0.4042259477010873	0.2983133948078912
17.39	0.3650727799862435	0.5967913203994328	0.3719375877534768
17.3925	0.4222495579244601	0.605130308421591	0.4571285191353983
17.395	0.4777599097649713	0.6534241292221492	0.5543237210012171
17.3975	0.5313847615093824	0.9146843389008236	0.6629609479262535
17.4	0.5829124803667229	1.173260054676737	0.7815606326618285
17.4025	0.632139709971482	1.085313108513872	0.9080311695833161
17.405	0.6788721729381436	1.240714834271148	1.040046573445467
17.4075	0.7229254375853328	1.40921360809387	1.174966621132009
17.41	0.7641256458037042	1.4498318657059	1.308577114505043
17.4125	0.802310199193848	1.697175022385997	1.433943835128429
17.415	0.8373284007684345	1.746530748290417	1.543097406466928
17.4175	0.8690420496840889	1.81564678983732	1.629754746878625
17.42	0.897325986657244	1.656073494530907	1.690180453553369
17.4225	0.9220685879102868	1.851791647789839	1.722590925925647
17.425	0.9431722056999358	1.70907558104751	1.726426034817508
17.4275	0.9605535536880626	1.678242486344458	1.702313434813534
17.43	0.9741440356349619	1.462624282710337	1.652838624694847
17.4325	0.9838900161172967	1.506383872530819	1.583378239651771
17.435	0.9897530322026042	1.24175712407662	1.501788675949783
17.4375	0.9917099452449529	1.317669679352181	1.416769814732039
17.44	0.9897530322026004	1.39220211002227	1.336169157187821
17.4425	0.9838900161172891	1.359244512395425	1.26617864492541
17.445	0.9741440356349609	1.267522604515741	1.211237131115672
17.4475	0.9605535536880615	1.152976932205474	1.174137158427786
17.45	0.9431722056999342	1.276469568378373	1.156077364858161
17.4525	0.922068587910285	1.276624290416196	1.156632112571932
17.455	0.8973259866572179	1.452800051180279	1.173738045832549
17.4575	0.8690420496841137	1.5272758540512	1.203837913104667
17.46	0.8373284007683715	1.485614586299456	1.242250994558992
17.4625	0.8023101991937789	1.621097050384227	1.283715003749101
17.465	0.7641256458036294	1.533257401171513	1.322992693533637
17.4675	0.7229254375853681	1.641179421365229	1.355442240997549
17.47	0.6788721729380991	1.552423889546646	1.377412814044712
17.4725	0.6321397099714782	1.548023236410934	1.386331480535842
17.475	0.5829124803667189	1.447561563406955	1.380527825015904
17.4775	0.5313847615093783	1.541010788233027	1.358964236199982
17.48	0.477759909764967	1.396809879903186	1.320943012085864
17.4825	0.4222495579244048	1.134063967742523	1.265825631936845
17.485	0.3650727799861865	0.9287637053609896	1.192879086148584
17.4875	0.3064552265713568	0.9233238163299609	1.101321107656049
17.49	0.2466282343832195	0.7163955972798386	0.9905008035018987
17.4925	0.1858279132277485	0.4934273254519577	0.8601027806824071
17.495	0.1242942141954103	0.1894717951582667	0.7103042782227588
17.4975	0.06226998268432359	0.2336760608922482	0.5418475200913455
17.5	2.925429358015481e-14	-0.1271955785721899	0.3572230274490515
17.5025	-0.05858201206815299	-0.01847194709143996	0.1583546519575112
17.505	-0.1169328276982775	-0.3747986103989407	-0.05399692967903003
17.5075	-0.1748221628788998	-0.6500085362827258	-0.2781100275131944
17.51000000000001	-0.2320215548514439	-0.5721726222498229	-0.5123148827862598
17.5125	-0.2883052637475018	-0.803314603189016	-0.7547852266065678
17.515	-0.343451163481644	-1.10348370885271	-1.00331824168657
17.5175	-0.3972416183814366	-1.229605731745957	-1.255148628034538
17.52	-0.4494643420959579	-1.477706954982105	-1.506792654487183
17.5225	-0.4999132353929054	-1.651403948568416	-1.753981694140647
17.525	-0.5483891995384342	-1.723232174531298	-1.991926104554694
17.5275	-0.5947009220484951	-1.821995469920688	-2.215964962117115
17.53	-0.6386656317123213	-1.908196668635613	-2.421976157378414
17.5325	-0.6801098199063492	-2.110589853542034	-2.606209295274651
17.535	-0.7188699253537915	-2.158405960219937	-2.765176237233956
17.5375	-0.7547929796262937	-2.326927989494454	-2.895937424401283
17.54	-0.7877372108403531	-2.308840724490473	-2.996440108625217
17.5425	-0.817572603166096	-2.423848010199661	-3.065609552288582
17.545	-0.8441814099405609	-2.677730194824588	-3.103226823501117
17.5475	-0.8674586183597486	-2.501417187806394	-3.109766638351788
17.55	-0.8873123639164577	-2.403266126792139	-3.086321724798836
17.5525	-0.9036642929472444	-2.590383861766059	-3.034651162901127
17.555	-0.9164498718587096	-2.609583866775995	-2.957289410853432
17.5575	-0.9256186418120521	-2.504067425582129	-2.857552203425469
17.56	-0.931134417861115	-2.293269254505751	-2.739294745600208
17.5625	-0.9329754317577208	-2.287621335959643	-2.606480437938456
17.565	-0.9311344178611092	-2.222411518243036	-2.462796191305512
17.5675	-0.9256186418120541	-2.288268581628589	-2.311496257198737
17.57	-0.9164498718587027	-2.273677150619863	-2.155483458186231
17.5725	-0.903664292947235	-2.158896489779448	-1.99752100342812
17.575	-0.8873123639164462	-2.029904185694666	-1.840436398537745
17.5775	-0.8674586183597738	-1.950554143187491	-1.687219200497505
17.58	-0.8441814099405449	-2.085190803812517	-1.54099936666479
17.5825	-0.817572603166078	-1.893624858771783	-1.404935593573011
17.585	-0.787737210840333	-1.578090381202886	-1.282009212984173
17.5875	-0.7547929796263028	-1.642579599398801	-1.174704306802312
17.59	-0.7188699253538013	-1.605464653697469	-1.084633096590882
17.5925	-0.6801098199063235	-1.6532161050285	-1.012266206091194
17.595	-0.638665631712294	-1.599854355359989	-0.9569101933470553
17.5975	-0.594700922048548	-1.362545592255478	-0.9169239199244792
17.6	-0.548389199538404	-1.271373342009137	-0.8900348038777487
17.6025	-0.4999132353928737	-1.525364494271664	-0.873611427929292
17.605	-0.449464342095925	-1.466516163664504	-0.8648265359807963
17.6075	-0.3972416183814506	-1.169179682190596	-0.8607132256235961
17.61	-0.3434511634815598	-1.173765723717062	-0.8581457227339615
17.6125	-0.2883052637474157	-1.082183658222731	-0.8538009429343103
17.615	-0.2320215548513562	-0.8927253697760842	-0.8441866553787706
17.6175	-0.174822162878915	-0.9274116310578446	-0.8258043881016461
17.62	-0.1169328276982403	-0.7183999001490629	-0.7954237430647626
17.6225	-0.05858201206811556	-0.7234722424509061	-0.7503461515823749
17.625	6.675469265554994e-14	-0.5382522737059202	-0.6885295005668947
17.6275	0.05858201206814296	-0.4833032508576632	-0.6085489815935228
17.63	0.1169328276982676	-0.2828769411446991	-0.5095034363213415
17.6325	0.1748221628789941	-0.1628185099818795	-0.3910369006300232
17.635	0.2320215548514341	-0.07024218565923962	-0.2535698461927791
17.6375	0.2883052637474418	0.1187550548811047	-0.09863451640657914
17.64	0.3434511634815853	0.3550896992663586	0.07098215286456283
17.6425	0.3972416183814275	0.5730423531225023	0.2515361409767773
17.645	0.449464342095949	0.6974112164403242	0.4389991404771845
17.6475	0.4999132353928522	0.8717017936261725	0.6298093363688645
17.65	0.5483891995383833	1.006685125436358	0.8214018838745616
17.6525	0.5947009220485281	1.491712716692707	1.011939904633946
17.655	0.638665631712314	1.527977620354392	1.197975840443705
17.6575	0.680109819906306	1.519750841699183	1.370920760687693
17.66	0.7188699253538189	1.811263071606733	1.518987983937788
17.6625	0.754792979626319	1.761438208694688	1.633846828532081
17.665	0.7877372108403762	1.684849942455803	1.713062646505274
17.6675	0.8175726031660913	1.818524922051399	1.757025053586516
17.67	0.8441814099405566	1.69281701635044	1.765689678530076
17.6725	0.8674586183597839	1.660137828295346	1.738759939152683
17.675	0.8873123639164874	1.377499405214255	1.678028128507787
17.6775	0.9036642929472419	1.360875316847703	1.589707546018297
17.68	0.9164498718587077	1.277979186340432	1.484230449151478
17.6825	0.9256186418120576	1.177842996806496	1.373088008754932
17.685	0.9311344178611143	1.287117456300382	1.266093713092538
17.6875	0.9329754317577208	1.210285359858049	1.170713578845928
17.69	0.9311344178611132	1.094878119635067	1.092430673324274
17.6925	0.9256186418120553	1.028862933310301	1.035189159690784
17.695	0.9164498718586946	0.9473239188225439	1.001616182970013
17.6975	0.9036642929472507	1.326316399318033	0.992956103018277
17.7	0.8873123639164656	1.315829332974213	1.008762383184058
17.7025	0.8674586183597776	1.322339138655068	1.046578757545054
17.705	0.8441814099405491	1.396567654108011	1.10196284116533
17.7075	0.8175726031661084	1.473119868760939	1.168958493779349
17.71	0.78773721084031	1.674967015641069	1.240692411343311
17.7125	0.7547929796262774	1.567932664864246	1.309910654865403
17.715	0.7188699253537402	1.632835100203027	1.369812104466581
17.7175	0.6801098199063303	1.686444414271508	1.415155600303538
17.72	0.6386656317123013	1.592049832705407	1.442691727438149
17.7225	0.5947009220484739	1.583372223527692	1.45061688326244
17.725	0.5483891995383692	1.69430309378005	1.437900387272451
17.7275	0.4999132353928822	1.316955122889599	1.403968026626095
17.73	0.4494643420958873	1.432436472310523	1.348520384849852
17.7325	0.3972416183814117	1.191515879620381	1.271408133522592
17.735	0.3434511634815692	0.8218744853494409	1.172736387197839
17.7375	0.2883052637474757	0.8742992242841381	1.053157046053988
17.74	0.2320215548514173	0.4277884916160001	0.9140801428181479
17.7425	0.1748221628789249	0.3250709339292517	0.7575805955912047
17.745	0.1169328276982503	0.1366873327261225	0.5860143124280999
17.7475	0.05858201206817854	-0.06324762933699928	0.4015726389180655
17.75	-6.873689436486135e-16	-0.2656888950086385	0.2211701791345784
17.7525	-0.01099260889073352	-0.5892520528260144	0.04941825638698771
17.755	-0.02194183497622983	-0.5424078934687999	-0.1231922453518375
17.7575	-0.0328044666633262	-0.8386706685795989	-0.2933032617620397
17.76	-0.04353763410746692	-0.7280759364763387	-0.4579014137049418
17.7625	-0.05409897840022852	-0.9767977656474895	-0.6140413659327448
17.765	-0.06444681874071648	-0.9774191435818116	-0.7586137357358269
17.7675	-0.07454031693056738	-1.07875426646773	-0.8881739294157797
17.77	-0.08433963854374307	-1.35067715086962	-0.9989347416665836
17.7725	-0.09380611013470197	-1.30382454721662	-1.087106513501027
17.775	-0.102902371864886	-1.251964816588466	-1.149633548729596
17.7775	-0.1115925249449415	-1.381036228418255	-1.184986051415274
17.78	-0.1198422733108149	-1.04080513302921	-1.193527463747585
17.7825	-0.1276190589746644	-1.141635907257376	-1.177283735449875
17.785	-0.1348921905163425	-1.165599079816795	-1.139304721599507
17.7875	-0.1416329642084202	-0.9256475865400581	-1.082986257769923
17.79	-0.1478147772967258	-0.6499244094259531	-1.011623978278701
17.7925	-0.1534132329891889	-0.6658749536541552	-0.9282684910686182
17.795	-0.158406236738878	-0.7108573083702333	-0.835833378105312
17.7975	-0.1627740834410851	-0.5856138882622712	-0.7373243376666012
17.8	-0.1664995352003588	-0.2760147149786574	-0.6359698675576153
17.8025	-0.1695678893605957	-0.2132032850174557	-0.5350798109445107
17.805	-0.1719670365297284	-0.1520933857718614	-0.4377012353072209
17.8075	-0.173687508369941	0.1766868602910824	-0.3463247850989857
17.81	-0.1747225149648957	0.1990438297920288	-0.2628092197172426
17.8125	-0.1750679716164063	0.05123741441196247	-0.1884894227296449
17.815	-0.1747225149648945	0.1666846347300404	-0.1243395179383224
17.8175	-0.1736875083699423	0.3982039570730401	-0.07110472032548723
17.82	-0.1719670365297266	0.2612719586152634	-0.02938696811074849
17.82250000000001	-0.1695678893605958	0.1716402870588832	0.0003067047343114707
17.825	-0.1664995352003559	0.1617096472648953	0.0175589497825999
17.8275	-0.1627740834410853	0.3163647450123958	0.02209793911854654
17.83	-0.1584062367388782	0.0824479665393529	0.0139181801174107
17.8325	-0.1534132329891843	0.1092944103945675	-0.006567595800972085
17.835	-0.1478147772967208	-0.1724616028680681	-0.0384143823377772
17.8375	-0.1416329642084263	-0.01210864210203437	-0.08013040387896733
17.84	-0.1348921905163365	-0.220274925323082	-0.129769135487778
17.8425	-0.1276190589746579	-0.1573304765388202	-0.1850795131618707
17.845	-0.1198422733108153	-0.4038430379207454	-0.2436535072626952
17.8475	-0.1115925249449419	-0.6790444360177998	-0.3030357187124295
17.85	-0.1029023718648864	-0.6257547940005406	-0.3607927017400874
17.8525	-0.09380611013469399	-0.8234445621964555	-0.4145599413125899
17.855	-0.08433963854373479	-0.7651777500917358	-0.4620891615188172
17.8575	-0.07454031693057685	-0.7800915833714536	-0.5013129696702037
17.86	-0.06444681874069845	-1.044189698368654	-0.5304319542992579
17.8625	-0.05409897840021009	-0.8398998069174337	-0.548013859405244
17.865	-0.04353763410744814	-0.9537504423964479	-0.5530803953212375
17.8675	-0.03280446666333648	-0.9241736519100504	-0.5451537813571244
17.87	-0.02194183497622047	-1.020028165422459	-0.5242488880994826
17.8725	-0.01099260889073403	-0.7894854092219188	-0.4908220336894296
17.875	8.751492207800326e-15	-0.7454781910147968	-0.4457067853140492
17.8775	0.01099260889074157	-0.7255338695993927	-0.3900655698508371
17.88	0.02194183497622796	-0.4684157986255971	-0.3253628828433682
17.8825	0.0328044666633439	-0.3925644629775318	-0.2533370714346603
17.885	0.04353763410747473	-0.5138715907916643	-0.1759375049913419
17.8875	0.05409897840021727	-0.2338951716563786	-0.0952154491403978
17.89	0.06444681874070547	-0.07836217442459935	-0.01319279446346619
17.8925	0.07454031693056568	0.08293441299623157	0.06824985319856025
17.895	0.08433963854374141	0.2593463510922208	0.1474370260598747
17.8975	0.09380611013469198	0.4265769458719528	0.22291201240775
17.9	0.1029023718648764	0.6476646462955585	0.2934181746561014
17.9025	0.1115925249449401	0.8062719813579109	0.3578718131066536
17.905	0.1198422733108208	0.7335356068288412	0.4153443511800472
17.9075	0.1276190589746563	0.7888935908449136	0.4650609476700228
17.91	0.1348921905163413	0.9523775167247122	0.5064150929840607
17.9125	0.1416329642084308	0.8849377964326756	0.5389955150780875
17.915	0.1478147772967301	0.8608698768219412	0.5626177427131099
17.9175	0.153413232989188	1.088630361536431	0.5773468345194449
17.92	0.1584062367388815	0.6530137744450422	0.5834976039469129
17.9225	0.162774083441088	0.8988559215208879	0.5816091435480162
17.925	0.1664995352003613	0.7376308376567173	0.5724036696763994
17.9275	0.1695678893605952	0.6178075038585018	0.5567439220768975
17.93	0.1719670365297281	0.6984580980454815	0.5355973545275416
17.9325	0.1736875083699433	0.4236321318141233	0.5100070231758278
17.935	0.1747225149648956	0.5508930654185075	0.4810648609209917
17.9375	0.1750679716164063	0.2983457206356398	0.4498835383669487
17.94	0.1747225149648953	0.1607796262289369	0.4175657176636957
17.9425	0.1736875083699425	0.2894422443250013	0.3851717176726615
17.945	0.171967036529727	0.1191194224962523	0.3536874550213372
17.9475	0.1695678893605987	-0.228804481242102	0.3239942812961338
17.95	0.1664995352003595	-0.1200808057716751	0.2968417480176331
17.9525	0.162774083441086	-0.2057224634317142	0.2728240189767271
17.955	0.1584062367388748	-0.1778059999625254	0.2523608505619013
17.9575	0.15341323298919	-0.04449197219092943	0.2356846014955603
17.96	0.1478147772967218	-0.2862367959020432	0.2228351523027255
17.9625	0.1416329642084158	-0.2002622068723437	0.2136644197559351
17.965	0.1348921905163313	-0.1909070237459813	0.2078511409704966
17.9675	0.1276190589746592	-0.2176629571444505	0.2049250412094049
17.97	0.1198422733108166	0.06013432889947809	0.2042979807663091
17.9725	0.1115925249449357	-0.12318089880796	0.2052987549810335
17.975	0.1029023718648718	0.1768631436120914	0.2072081269360828
17.9775	0.09380611013469559	0.268160732758008	0.2092912799990081
17.98	0.08433963854373645	0.1940053582815554	0.2108258722186003
17.9825	0.07454031693056055	0.4197607190254172	0.2111249314353948
17.985	0.0644468187407002	0.3940401505628693	0.2095547124328279
17.9875	0.05409897840022134	0.4410883352146265	0.20554822202991
17.99	0.04353763410746924	0.4942558194917795	0.1986153800209847
17.9925	0.03280446666333833	0.4443225596183498	0.1883507687478241
17.995	0.02194183497622234	0.4438790052704988	0.174439714594399
17.9975	0.01099260889074584	0.4983091313790085	0.1566631317054781
18.0	1.47155431203318e-15	0.6452897661903861	0.1361986386776982
18.0025	-0.005239586666069616	0.3516174420496461	0.1130424123404766
18.005	-0.01045849507730445	0.584435166011904	0.08614318552528631
18.0075	-0.01563612858650111	0.5588839359121278	0.05604849294107947
18.01	-0.02075205343964373	0.3291954889610009	0.02338138150511874
18.0125	-0.02578607941856223	0.4547479627537141	-0.01117919846500007
18.015	-0.03071833952255926	0.307546336711037	-0.04691910280772038
18.0175	-0.03552936837433074	0.08459121439443587	-0.08310984947794525
18.02	-0.04020017904095326	-0.08150627473622563	-0.1190288713447453
18.0225	-0.0447123379666201	-0.04765594270919554	-0.153978671280843
18.025	-0.04904803772145667	-0.1104778336030644	-0.1873045847453809
18.0275	-0.05319016727931612	-0.3439175043775754	-0.2184109332714712
18.03	-0.05712237954720751	-0.2934926390193466	-0.2467753067190122
18.0325	-0.06082915587975871	-0.6356936201188133	-0.271960598679549
18.035	-0.06429586732424711	-0.4149885144385925	-0.2936243235678638
18.0375	-0.06750883235439459	-0.6687130441677777	-0.3115247431406664
18.04	-0.07045537086509127	-0.7393640720677062	-0.3255234606492194
18.0425	-0.07312385421498312	-0.8034173730163953	-0.3355843823729353
18.045	-0.07550375111939939	-0.7160080802434355	-0.3417692326296828
18.0475	-0.07758566921252634	-0.8137788947733653	-0.3442300583525934
18.05	-0.07936139211479581	-0.6641019064511997	-0.3431993129590792
18.0525	-0.08082391185915913	-0.8391384132476453	-0.3389781501363844
18.055	-0.0819674565483461	-0.8201580694628012	-0.331923512849112
18.0575	-0.08278751313390585	-0.7629136317514459	-0.3224345205681552
18.06	-0.08328084522714402	-0.6916576695115987	-0.3109385837030144
18.0625	-0.08344550587166877	-0.6089713925392967	-0.297877630482332
18.065	-0.08328084522714337	-0.5862376810999461	-0.2836948126076831
18.0675	-0.08278751313390634	-0.6479903699546433	-0.2688220391901708
18.07	-0.08196745654834592	-0.333904008423858	-0.2536686507006435
18.0725	-0.08082391185915772	-0.1661353278561793	-0.2386114763728015
18.075	-0.07936139211479407	-0.3232210162260562	-0.2239864279863827
18.0775	-0.07758566921252776	-0.1901490201621072	-0.210081690856678
18.08	-0.07550375111939699	-0.04870343454761322	-0.1971325014840246
18.0825	-0.07312385421498269	5.397220756533927e-05	-0.1853174649437332
18.085	-0.07045537086509078	0.1618942731720611	-0.174756365040231
18.0875	-0.06750883235439406	0.1612217039976103	-0.1655094455631924
18.09	-0.06429586732424653	0.3253122810134711	-0.1575781731977867
18.0925	-0.06082915587975484	0.1854076315661426	-0.1509075122831504
18.095	-0.05712237954720339	0.3871772160022048	-0.1453897343270463
18.0975	-0.05319016727931909	0.2908053982529742	-0.1408697457686256
18.1	-0.04904803772145212	0.3867072112614842	-0.137151850742594
18.1025	-0.04471233796661934	0.4295200213633113	-0.1340077839551103
18.105	-0.04020017904095247	0.1648176416245049	-0.1311857676714346
18.1075	-0.03552936837432993	0.2833109824901944	-0.1284202798295225
18.11	-0.03071833952254961	0.4111144885356702	-0.1254421758786693
18.1125	-0.02578607941855687	0.1059094312603579	-0.1219887875843642
18.115	-0.02075205343963368	0.08128023410086363	-0.1178136256048522
18.1175	-0.01563612858650488	0.1854692930266005	-0.1126953347297589
18.12	-0.01045849507730356	0.06959773634266533	-0.1064455867337429
18.1225	-0.005239586666063984	-0.1767569748367256	-0.09891564234064938
18.125	2.37218043268109e-15	-0.1120498190342768	-0.0900013685371891
18.1275	0.005239586666068718	-0.2015397662867893	-0.07964655893229015
18.13	0.01045849507730827	-0.2951703449047102	-0.0678444717655366
18.1325	0.01563612858650489	-0.2477360174527971	-0.05463757106762052
18.13500000000001	0.02075205343964286	-0.2236052619440392	-0.04011552942691961
18.1375	0.02578607941855687	-0.3543873992305167	-0.02441162312542098
18.14	0.03071833952255402	-0.4128076834476958	-0.00769771833835544
18.1425	0.03552936837432993	-0.3163393405286246	0.009821894210394717
18.145	0.04020017904095247	-0.3686073134166999	0.02791751481216378
18.1475	0.04471233796661534	-0.2927847066548018	0.04634157512521721
18.15	0.04904803772145212	-0.2701372676179605	0.06483637663811741
18.1525	0.05319016727931542	-0.3074735828480341	0.08314172183537485
18.155	0.05712237954720686	-0.2327166326192333	0.1010021722762824
18.1575	0.0608291558797516	-0.1769147613857216	0.1181737186223639
18.16	0.06429586732424653	-0.1202156718316549	0.1344297014002649
18.1625	0.06750883235439685	-0.07286912265820591	0.149565870737639
18.165	0.07045537086509587	-0.01249249930163888	0.1634045140122378
18.1675	0.07312385421498269	0.1634725780522676	0.1757976113132469
18.17	0.07550375111939901	0.1437312727038064	0.1866290018196128
18.1725	0.0775856692125295	0.2800953242544789	0.1958155632587522
18.175	0.079361392114797	0.4476529405481288	0.2033074251050562
18.1775	0.0808239118591589	0.5234383138840673	0.2090872563181435
18.18	0.08196745654834592	0.4868783258883387	0.2131686904536111
18.1825	0.08278751313390634	0.7438768785947732	0.2155939734416236
18.185	0.08328084522714395	0.4422423100271561	0.2164309399145252
18.1875	0.08344550587166877	0.4133721533308172	0.2157694405222856
18.19	0.08328084522714371	0.5902195718984143	0.2137173539224809
18.1925	0.08278751313390585	0.6526186263001938	0.2103963228554385
18.195	0.0819674565483461	0.5235197895913445	0.2059373545153994
18.1975	0.08082391185915912	0.5394967911442228	0.2004764222456344
18.2	0.07936139211479727	0.5476334259955395	0.194150199265557
18.2025	0.07758566921252809	0.3667630105300014	0.1870920461950487
18.205	0.07550375111939737	0.4399788584285718	0.1794283627378073
18.2075	0.07312385421498539	0.485642117860364	0.1712753999679419
18.21	0.07045537086509127	0.4265080329431	0.1627366131505988
18.2125	0.0675088323543918	0.2463699302737115	0.1539006159848369
18.215	0.06429586732424106	0.3439494008451471	0.1448397759130886
18.2175	0.06082915587975546	0.0632952077169386	0.1356094673391949
18.22	0.05712237954720405	0.01221425635302803	0.1262479761676254
18.2225	0.05319016727931612	-0.0626410706201459	0.116777026172199
18.225	0.049048037721449	-0.1390246229480316	0.1072028765619618
18.2275	0.0447123379666161	-0.1192455251229278	0.09751792191498314
18.23	0.04020017904095326	-0.111958580223885	0.08770271135833045
18.2325	0.03552936837432644	-0.3043358950409435	0.07772829410698359
18.235	0.03071833952255044	-0.2903902762084379	0.06755879344443726
18.2375	0.02578607941856223	-0.4836560267930703	0.05715411073129972
18.24	0.02075205343963914	-0.5443457546151997	0.04647266451004134
18.2425	0.01563612858650111	-0.4009606643158516	0.03547407644264446
18.245	0.01045849507730445	-0.1441485824245213	0.024121724773918
18.2475	0.005239586666069615	-0.2126083059663208	0.01238509638442817
18.25	1.751924365100399e-15	-0.3633315530443786	0.0008210512401102439
18.2525	-0.002806508043983839	-0.1944268057654289	-0.01057102797148933
18.255	-0.005601940082891377	-0.3222623566709521	-0.02229724584229425
18.2575	-0.008375263823569712	-0.1390558879849801	-0.0342014102713132
18.26	-0.01111553422423796	-0.2275693906799558	-0.04612757540290313
18.2625	-0.01381193668952515	-0.06756881969046827	-0.05792381100655426
18.265	-0.01645382975077237	-0.05595997479519717	-0.06944569882875004
18.2675	-0.01903078706302842	0.09458273219954168	-0.08055946455624312
18.27	-0.02153263855309092	-0.03246483891841589	-0.09114466876214727
18.2725	-0.02394951055610896	0.03192546454151668	-0.1010963970065046
18.275	-0.02627186478245478	-0.08361983042648324	-0.1103269075026135
18.2775	-0.02849053596097551	0.1311548790723795	-0.1187667137607824
18.28	-0.03059676801014613	0.2427667665270506	-0.1263650986616034
18.2825	-0.0325822485943162	0.2854490693231894	-0.1330900747434937
18.285	-0.03443914192869784	0.1891008030593471	-0.1389278223916182
18.2875	-0.03616011970363112	0.3511329041617745	-0.1438816524457694
18.29	-0.03773839000608454	0.1180681210470069	-0.1479705520061123
18.2925	-0.03916772412421297	0.001033745196082181	-0.151227381589321
18.295	-0.04044248112925539	0.168682698381673	-0.1536967981493681
18.2975	-0.04155763013769167	0.1445596447230256	-0.1554329818790054
18.3	-0.04250877016584986	0.107829469758105	-0.1564972453468184
18.3025	-0.04329214749857398	0.1366552987047849	-0.1569556016980019
18.305	-0.04390467050342192	-0.0732174078377798	-0.156876364713718
18.3075	-0.04434392183192803	0.05544591383539135	-0.1563278478680696
18.31	-0.0446081679597753	-0.1934411455129722	-0.1553762225260953
18.3125	-0.04469636602821825	-0.1354652174839089	-0.1540835874495851
18.315	-0.04460816795977507	-0.2034996533202349	-0.152506293138723
18.3175	-0.04434392183192822	-0.1672016597149985	-0.1506935555038841
18.32	-0.04390467050342124	-0.3824925948524006	-0.1486863841432837
18.3225	-0.04329214749857371	-0.311151789034967	-0.1465168412549968
18.325	-0.04250877016584952	-0.3595841035526458	-0.1442076380492182
18.3275	-0.0415576301376922	-0.3572731864089012	-0.1417720665377031
18.33	-0.04044248112925493	-0.3005414275713315	-0.1392142558478572
18.3325	-0.03916772412421245	-0.4377950285888882	-0.1365297338424563
18.335	-0.03773839000608395	-0.5210986156825721	-0.1337062669566402
18.3375	-0.03616011970363197	-0.518103510672116	-0.1307249439623235
18.34	-0.03443914192869552	-0.279583635724139	-0.1275614630365218
18.3425	-0.03258224859431545	-0.3154056250232664	-0.1241875762606404
18.345	-0.03059676801014533	-0.3204797793560674	-0.120572641723668
18.3475	-0.02849053596097662	-0.2895024435138049	-0.1166852309288739
18.35	-0.0262718647824539	-0.4729806521882531	-0.1124947383495913
18.3525	-0.02394951055610804	-0.2089150688193538	-0.1079729408229406
18.355	-0.02153263855308774	-0.1212350543553638	-0.1030954570175095
18.3575	-0.01903078706302972	-0.03900258578393391	-0.09784306139610134
18.36	-0.01645382975076663	-0.07834654114882458	-0.09220281277877387
18.3625	-0.01381193668951927	0.03060709613599753	-0.08616896459139552
18.365	-0.01111553422423444	0.04539569218957335	-0.07974363189990914
18.3675	-0.00837526382357113	-0.0180305221055251	-0.07293719907653184
18.37	-0.00560194008289029	0.1183614309086441	-0.06576846108230659
18.3725	-0.002806508043982745	0.2992516836607694	-0.05826450052746087
18.375	2.847610247193228e-15	0.08788153369839341	-0.05046031152848877
18.3775	0.002806508043983358	0.2287031526423343	-0.04239818957797797
18.38	0.005601940082890899	0.3260121945977772	-0.03412691386927968
18.3825	0.008375263823574229	0.1930381183972734	-0.02570075451386633
18.385	0.01111553422423749	0.2200930271274577	-0.01717834165802879
18.3875	0.01381193668952227	0.05059373095087699	-0.00862143652882427
18.39	0.0164538297507672	0.353913695320658	-9.364587683209635e-05
18.3925	0.01903078706302798	0.237225349811368	0.00834087882275922
18.395	0.0215326385530905	0.314338484600992	0.01661871758863526
18.3975	0.02394951055610641	0.2375598290936782	0.02467839655360263
18.4	0.02627186478245234	0.1005763674629176	0.03246150783435987
18.4025	0.02849053596097514	0.1847669787679122	0.03991370620104925
18.405	0.03059676801014578	0.08878644747976377	0.04698555941190199
18.4075	0.03258224859431413	0.04445187815626539	0.05363323478901846
18.41	0.03443914192869754	-0.131168980489476	0.05981901051964568
18.4125	0.03616011970363232	-0.21586837141023	0.06551160609083946
18.415	0.03773839000608564	0.1049208281443216	0.07068633204058938
18.4175	0.03916772412421397	-0.02322003756716721	0.07532506468337426
18.42	0.04044248112925519	0.05417168610752471	0.07941605650675014
18.4225	0.04155763013769243	-0.1052855532044901	0.0829535974114525
18.425	0.04250877016585127	-0.04180270341180341	0.08593754577278319
18.4275	0.04329214749857387	-0.237204587943773	0.08837275134504498
18.43	0.04390467050342183	-0.01327888333502875	0.0902683942486665
18.4325	0.04434392183192861	-0.038095340070531	0.09163726563289647
18.435	0.04460816795977527	-0.1554046321574502	0.09249501608778542
18.4375	0.04469636602821825	-0.09428005784231216	0.09285939750891922
18.44	0.04460816795977526	-0.1214381049139892	0.0927495229472969
18.4425	0.04434392183192828	0.06965664137831562	0.09218516707950491
18.445	0.04390467050342133	-0.2212272460123548	0.09118612740600555
18.4475	0.04329214749857446	-0.03844892788700374	0.08977166324027269
18.45	0.04250877016585045	0.1424108805812747	0.08796002611309776
18.4525	0.04155763013769145	0.1420811283745494	0.0857680915163831
18.455	0.04044248112925513	0.2403089272171636	0.08321109808351332
18.4575	0.0391677241242139	0.1168028423837262	0.08030249648190718
18.46	0.03773839000608285	0.1334483271436595	0.07705390660371779
18.4625	0.03616011970363076	0.07468821600355321	0.07347517819885173
18.465	0.03443914192869421	0.3343770626751661	0.06957454700080218
18.4675	0.03258224859431579	0.2823367027349311	0.06535887573345633
18.47	0.03059676801014569	0.2163025051709576	0.06083396721672332
18.4725	0.02849053596097308	0.1761533569972141	0.05600493515070149
18.475	0.02627186478245018	0.5291220941478452	0.05087661706815426
18.4775	0.02394951055610845	0.3904889714687463	0.04545401339966004
18.48	0.02153263855308816	0.5072723244758569	0.03974273657079
18.4825	0.01903078706302786	0.2452839805967779	0.03374945450733289
18.485	0.01645382975076708	0.07602881749010212	0.02748231381078865
18.4875	0.01381193668952215	0.2334254497973865	0.02095132912285551
18.49	0.01111553422423737	0.08797834803338084	0.0141687267586591
18.4925	0.008375263823571604	0.2240982815974404	0.007149232488127897
18.495	0.005601940082888248	0.2380579631422322	-8.970468398487776e-05
18.4975	0.002806508043985762	-0.08823447420898978	-0.007527758809092116
18.5	-1.420132663909809e-15	0.0013851827645088	-0.008941494726214217
18.5025	0.02278301941129961	-0.1058401401141462	-0.004088709394301684
18.505	0.04547612465357628	0.04188829094805041	0.001604385675292636
18.5075	0.06798975640788994	-0.1778837919963187	0.009631918398752774
18.51	0.09023506365526691	-0.1721961602205038	0.02134280075262828
18.5125	0.1121242543308356	-0.2263754143217777	0.0378803316061846
18.515	0.1335709417992792	0.01845178192338762	0.06013292724197447
18.5175	0.1544904857831619	-0.134334818067659	0.08869565975674093
18.52	0.1748003263996855	-0.1763577638665891	0.1238435234764129
18.5225	0.1944203099865817	-0.1892255344669916	0.1655188524172604
18.525	0.2132730054321341	0.2164162028433816	0.2133362090134232
18.5275	0.2312840097604147	0.01497777785839556	0.2666074230010126
18.53	0.2483822417657998	0.1627026181711263	0.3243866995066303
18.5325	0.2645002225379725	0.1438555684620231	0.3855314006011727
18.535	0.2795743417704591	0.434512205426663	0.4487701250491119
18.5375	0.2935451088013197	0.4560387193207591	0.5127682335275013
18.54	0.3063573873957703	0.4228179399776473	0.5761830023014916
18.5425	0.3179606133435455	0.7701597964571365	0.6377054603035026
18.545	0.3283089940128304	0.7605043072242991	0.6960916422040109
18.5475	0.3373616890728598	0.8039773891908836	0.7501896463136788
18.55	0.3450829716720211	0.8373029313671702	0.7989681585355168
18.5525	0.3514423694353999	1.129028958564219	0.8415472353859034
18.555	0.3564147847253682	1.09367606997286	0.8772265722177948
18.5575	0.3599805936904454	1.442888186173447	0.9055041410856051
18.56	0.3621257237117236	1.148836304122227	0.9260802298204825
18.5625	0.3628417089410139	1.261651066255015	0.9388468434111671
18.565	0.3621257237117214	1.200109582985337	0.9438671397833535
18.5675	0.3599805936904488	1.181697040296267	0.9413516127754026
18.57	0.3564147847253656	0.955211199663586	0.931636553623261
18.5725	0.3514423694353965	0.9936709906917749	0.9151672637176872
18.575	0.3450829716720168	1.123584876892775	0.892485402300561
18.5775	0.3373616890728623	0.8550572428014269	0.864217858686566
18.58	0.3283089940128333	0.7670515937601482	0.8310639532293344
18.5825	0.3179606133435389	0.8256214455058012	0.7937784810324827
18.585	0.3063573873957629	0.6069028234627919	0.7531497105613187
18.5875	0.2935451088013358	0.5410199754330505	0.7099732571900664
18.59	0.2795743417704503	0.3965300540534895	0.6650240572831079
18.5925	0.264500222537963	0.3673137881049615	0.6190290751865413
18.595	0.2483822417657897	0.3379623773019179	0.5726429487593946
18.5975	0.2312840097604199	0.1798102542174802	0.5264279026683388
18.6	0.213273005432123	0.07177503781209049	0.4808383741804892
18.6025	0.19442030998657	0.1471499099195921	0.4362102132838611
18.605	0.1748003263996734	-0.03817463876748698	0.3927541507672533
18.6075	0.1544904857831867	-0.04257139016365573	0.3505534052834174
18.61	0.1335709417992471	-0.05441756196874958	0.3095656185091243
18.6125	0.1121242543308028	-0.1315392051884399	0.2696295022240018
18.615	0.09023506365521351	-0.1527045958297636	0.2304764459271181
18.6175	0.06798975640789658	0.04844818274010513	0.1917468400542851
18.62	0.04547612465356252	0.1937558716936922	0.1530102047194423
18.6225	0.02278301941130636	-0.01307190503144461	0.1137876778791594
18.625	-1.529337717606818e-14	0.1810904086505958	0.07357524323275265
18.6275	-0.0227830194113163	0.1479971839340984	0.03186630648647063
18.63	-0.0454761246535724	-0.02646358666635421	-0.01182728528804262
18.6325	-0.06798975640790636	0.1352761673660625	-0.05795615968317015
18.635	-0.09023506365526313	0.2544717193456412	-0.1069162559909206
18.6375	-0.1121242543308122	0.01164782601534414	-0.1590333838834782
18.64	-0.1335709417992564	0.1226645449290347	-0.2145493022069817
18.6425	-0.154490485783177	0.1274930406700027	-0.2736092081285584
18.645	-0.1748003263996821	-0.150740681812431	-0.3362506079104037
18.6475	-0.194420309986561	-0.0705033324146741	-0.402393541089214
18.65	-0.2132730054321143	0.0007928877984566401	-0.4718320573899753
18.6525	-0.2312840097604116	-0.1903072530945781	-0.5442267992328486
18.655	-0.2483822417657969	-0.2188794495437901	-0.6190986796157661
18.6575	-0.2645002225379556	-0.5210133614020015	-0.6958241058146937
18.66	-0.2795743417704566	-0.5127288083783135	-0.7736330200740134
18.6625	-0.2935451088013417	-0.636485515755209	-0.8516120714714286
18.665	-0.3063573873957903	-0.7330486724978984	-0.9287161289080047
18.6675	-0.3179606133435437	-0.8911847077851153	-1.003791451809997
18.67	-0.3283089940128376	-0.9734867610258502	-1.075612355854916
18.6725	-0.337361689072866	-1.180173401815555	-1.142929753839474
18.675	-0.3450829716720262	-1.254575281731858	-1.20452548167894
18.6775	-0.3514423694354041	-1.321012179333129	-1.259263435004767
18.68	-0.3564147847253675	-1.338935443768069	-1.306129746821666
18.6825	-0.35998059369045	-1.323674545247973	-1.344259222873299
18.685	-0.3621257237117246	-1.431585684059516	-1.372950637668739
18.6875	-0.3628417089410139	-1.556152062278058	-1.39167595560185
18.69	-0.362125723711723	-1.692204122683077	-1.400087570764805
18.6925	-0.3599805936904493	-1.616409218981856	-1.398025014786039
18.695	-0.3564147847253663	-1.489724363161453	-1.385520087412859
18.6975	-0.3514423694354026	-1.644366189632003	-1.362797823563938
18.7	-0.3450829716720244	-1.55282319225439	-1.330270293373405
18.7025	-0.3373616890728637	-1.633881251881609	-1.288521093449897
18.705	-0.3283089940128262	-1.486255454112595	-1.238280650136665
18.7075	-0.3179606133435507	-1.461540586653981	-1.180395655152892
18.71	-0.306357387395765	-1.427160907140917	-1.115798687952697
18.7125	-0.2935451088013138	-1.40301063544372	-1.045484470734612
18.715	-0.2795743417704396	-1.041543991236577	-0.9704960308608257
18.7175	-0.2645002225379656	-1.051934027406143	-0.8919178809993392
18.72	-0.2483822417657774	-0.8127312816918113	-0.8108671328344688
18.7225	-0.231284009760407	-0.7598056571802301	-0.7284718415442818
18.725	-0.2132730054321094	-0.6355871724035468	-0.6458318814505474
18.7275	-0.1944203099865733	-0.4280465470743796	-0.5639686896436128
18.73	-0.1748003263996768	-0.2854163993691225	-0.4837784451529615
18.7325	-0.1544904857831529	-0.2890376324399718	-0.4060023944977442
18.735	-0.1335709417992507	-0.01749971139904614	-0.331219458863744
18.7375	-0.1121242543308261	0.02276118364033306	-0.2598569238343446
18.74	-0.09023506365523729	0.08352052522447763	-0.1922104298462024
18.7425	-0.06798975640790042	0.2429263280020254	-0.1284650986459846
18.745	-0.0454761246535664	0.156049535419163	-0.06871276154943562
18.7475	-0.02278301941133085	0.3306988978248316	-0.01296337203328699
18.75	-1.298678452847024e-14	0.5114672810977433	0.04123506564981885
18.7525	0.03200953119886958	0.3325206919336721	0.09416908386619226
18.755	0.06389273540187385	0.3700288875549682	0.1439696663908194
18.7575	0.09552378416800397	0.5486566550216113	0.1913021200407389
18.76000000000001	0.126777844198774	0.6159174799887633	0.2368706616383856
18.7625	0.1575315699977501	0.641521842353594	0.2813914994695625
18.765	0.1876635906592461	0.4423593886231122	0.3255569697843193
18.7675	0.2170549888637499	0.469510750616098	0.369995903366193
18.77	0.245589770190201	0.6485857064671776	0.4152355929067937
18.7725	0.2731553208930301	0.4706969116381061	0.4616694749124328
18.775	0.299642852337089	0.4036630154835218	0.509533036752771
18.7775	0.3249478303367252	0.5589933935652445	0.5588891873012101
18.78	0.3489703877046104	0.58763631760169	0.609623465073242
18.7825	0.3716157183816292	0.6756862080527424	0.6614487793480135
18.785	0.3927944515932481	0.5459120396934295	0.7139187141949642
18.7875	0.4124230045551451	0.614052681641019	0.7664478183072982
18.79	0.4304239123362123	0.7285879876351095	0.8183369872840074
18.7925	0.4467261335772846	0.5536529505461958	0.8688022519494011
18.795	0.4612653308588826	0.7146793715375961	0.91700599938957
18.7975	0.473984124611642	1.094405625627432	0.9620904502566314
18.8	0.4848323195673306	1.123616332714279	1.003213411672623
18.8025	0.4937671028565027	1.204362343603461	1.039585475049146
18.805	0.5007532129714244	1.02615335622072	1.070506264183322
18.8075	0.5057630789271313	1.153636046514099	1.095396148648327
18.81	0.5087769290714901	1.214888855858569	1.113820058107238
18.8125	0.5097828691148669	1.136683159542984	1.125501690858604
18.815	0.5087769290714865	1.378135459870848	1.130328430157777
18.8175	0.5057630789271317	1.183901739004551	1.128348473805739
18.82	0.5007532129714249	1.280743684619869	1.119761742194948
18.8225	0.4937671028564961	1.237762907616821	1.104905617196013
18.825	0.4848323195673225	1.203627757322106	1.08423612376185
18.8275	0.4739841246116536	1.117524734059405	1.058305024068055
18.83	0.4612653308588713	1.090886275072896	1.027733394547851
18.8325	0.4467261335772718	0.9847925802180046	0.993182543973164
18.835	0.4304239123362137	1.023153075722951	0.9553235623983642
18.8375	0.4124230045551465	1.016541494276767	0.9148072155006157
18.84	0.3927944515932497	0.7033216006598542	0.8722360861309647
18.8425	0.371615718381611	0.814356908042316	0.828140668453788
18.845	0.3489703877045911	0.7325331036157847	0.7829605832019534
18.8475	0.3249478303367495	0.6434731799169747	0.7370313944426202
18.85	0.2996428523370676	0.6772728000034844	0.6905768820275359
18.8525	0.2731553208930078	0.3570817299902587	0.6437062011988435
18.855	0.2455897701902032	0.3743627946819778	0.5964151818791269
18.8575	0.2170549888637521	0.3888953341276895	0.5485910419805218
18.86	0.1876635906591945	0.3209978424994952	0.5000199215587299
18.8625	0.1575315699976974	0.2285130255273731	0.4503967894415931
18.865	0.1267778441987203	0.2178704584934032	0.3993373604499939
18.8675	0.09552378416803489	0.2145278142096994	0.3463916727071612
18.87	0.06389273540184758	0.2163213980468933	0.2910589512183283
18.8725	0.03200953119884314	0.02687714317806761	0.2328033982150257
18.875	-3.947304967299163e-14	0.2890199442241282	0.1710706649931863
18.8775	-0.0320095311988641	0.06240806555266304	0.1053049930404711
18.88	-0.0638927354018684	0.03683634079873552	0.03496733088851403
18.8825	-0.09552378416802704	-0.2163294216074233	-0.04044493759414003
18.885	-0.1267778441987687	-0.01071174922076648	-0.1213757788820655
18.8875	-0.1575315699977173	0.06176845463970798	-0.2081848904307632
18.89	-0.187663590659214	-0.1447996878470198	-0.3011179672062354
18.8925	-0.2170549888637449	-0.2681342511247299	-0.4002725727696521
18.895	-0.2455897701902216	-0.3943161473794539	-0.5055598751683997
18.8975	-0.273155320893001	-0.5056886789422822	-0.6166631569868637
18.9	-0.2996428523370611	-0.4196122589943875	-0.732995018785781
18.9025	-0.324947830336721	-0.491157931414385	-0.8536570326796619
18.905	-0.3489703877046064	-0.5585056424409655	-0.9774087827176422
18.9075	-0.3716157183816056	-0.8388839897489009	-1.102658085915558
18.91	-0.3927944515932631	-1.008198401837266	-1.227489506374991
18.9125	-0.4124230045551588	-0.995333801267777	-1.349747730679179
18.915	-0.4304239123362404	-1.186763507990959	-1.467174569022455
18.9175	-0.4467261335772819	-1.490673011088326	-1.577563514901327
18.92	-0.4612653308588803	-1.322441098120735	-1.678875951513776
18.9225	-0.4739841246116613	-1.422377726450405	-1.76929139596344
18.925	-0.4848323195673379	-1.505053208689725	-1.847214841356835
18.9275	-0.4937671028565013	-1.828938794678242	-1.911280967699628
18.93	-0.5007532129714288	-1.568048740489936	-1.960372150957199
18.9325	-0.5057630789271343	-1.736052373027999	-1.993642597193832
18.935	-0.5087769290714897	-1.765986314528185	-2.010536749346426
18.9375	-0.5097828691148669	-1.917311764659046	-2.01079969134733
18.94	-0.5087769290714887	-1.775307805970017	-1.994486007744543
18.9425	-0.5057630789271323	-1.873986674569373	-1.961973383209066
18.945	-0.5007532129714259	-1.709379462165527	-1.913978433601275
18.9475	-0.4937671028565047	-1.863408898095738	-1.851560810678827
18.95	-0.4848323195673331	-1.667017416487427	-1.776096344397686
18.9525	-0.4739841246116556	-1.644569343309718	-1.689208538281131
18.955	-0.4612653308588737	-1.472998217349909	-1.592669414834316
18.9575	-0.4467261335773023	-1.537569624437954	-1.488302262812383
18.96	-0.4304239123362166	-1.468889575985418	-1.377923379017389
18.9625	-0.4124230045551327	-1.515527441937601	-1.263341263954638
18.965	-0.3927944515932163	-1.171095781661602	-1.146397087459731
18.9675	-0.3716157183816148	-1.08558544639976	-1.028996522904923
18.97	-0.3489703877045952	-1.069464790652279	-0.9130754219559585
18.9725	-0.324947830336709	-1.010551249770859	-0.8004771014554221
18.975	-0.2996428523370486	-0.9271427491556874	-0.6927794179894696
18.9775	-0.2731553208930124	-0.8502142917001035	-0.5911494030672767
18.98	-0.245589770190208	-0.6021190644687978	-0.4962889724651117
18.9825	-0.2170549888637309	-0.4466059178521527	-0.4084790204230899
18.985	-0.1876635906591996	-0.5045445017595213	-0.327679245874661
18.9875	-0.1575315699977302	-0.04283119038484395	-0.2536320628735674
18.99	-0.1267778441987537	-0.2838055641692211	-0.1859407633977856
18.9925	-0.09552378416801181	-0.1079699602912922	-0.1241159072925032
18.995	-0.06389273540185303	0.1242998372166952	-0.06759592201254143
18.9975	-0.03200953119887755	0.01856172457821502	-0.01575077624840027
19.0	-3.017707878666922e-14	0.1363248690055981	0.03426572564818278
19.0025	0.04028447841759373	0.2139602195907925	0.08338118815435261
19.005	0.08040997240313077	0.2889579814353224	0.1305720670844282
19.0075	0.1202181249633427	0.4005107748530862	0.1770966537632323
19.01	0.1595518315068686	0.495047603186081	0.2242050212274922
19.0125	0.1982558598636986	0.5289015686055747	0.273068754718467
19.015	0.2361774629161325	0.5048092780158226	0.3247073784713467
19.0175	0.2731669814215889	0.6228396556510424	0.3799217570499686
19.02	0.3090784346495637	0.3986856828576338	0.4392401891292704
19.0225	0.3437700965004499	0.7995321893204363	0.502880342983329
19.025	0.3771050548340974	0.6820738000795568	0.5707296854223886
19.0275	0.4089517517991968	0.7583830504978367	0.6423466372984428
19.03	0.4391845030322297	0.7484056842413702	0.7169824183531746
19.0325	0.4676839936761347	0.9880242974894757	0.793619078425446
19.035	0.4943377492614907	0.9055761169488485	0.8710143021250452
19.0375	0.519040579591902	0.9123456391002501	0.9477416847732543
19.04	0.5416949938817934	1.052360813590524	1.022220392150304
19.0425	0.5622115855077335	1.119833924304174	1.092742329556832
19.045	0.5805093848556985	1.119306178379688	1.157521973005395
19.0475	0.5965161788711505	1.189105969797794	1.214795386378926
19.05	0.6101687960509194	1.328048094053866	1.262964400863674
19.0525	0.6214133557522933	1.32987796448909	1.300739784112427
19.055	0.6302054808352678	1.38631743984517	1.327233893783267
19.0575	0.6365104727988715	1.456950933723498	1.341996693332353
19.06	0.6403034487203256	1.324740001962628	1.345025006086005
19.0625	0.6415694394564937	1.35930200977777	1.336766716855556
19.065	0.6403034487203207	1.280770959391386	1.318112406867935
19.0675	0.6365104727988753	1.337280900620283	1.290353756032408
19.07	0.63020548083526	0.937636192896028	1.25509829299292
19.07250000000001	0.6214133557522918	1.304957481425564	1.214148285341195
19.075	0.6101687960509177	1.131452001935445	1.169363706917213
19.0775	0.5965161788711484	1.16742842128944	1.122531415470487
19.08	0.580509384855696	1.357399604532298	1.075257309450601
19.0825	0.5622115855077132	1.036732933537876	1.028889579636387
19.085	0.5416949938817708	1.152229051370864	0.9844732105576084
19.0875	0.5190405795919201	1.039262150621227	0.9427308946252348
19.09	0.4943377492614638	1.0427890446934	0.9040637406468741
19.0925	0.4676839936761308	0.7566034176851439	0.8685656550128134
19.095	0.4391845030322256	0.9557242147434406	0.8360468995869406
19.0975	0.4089517517991925	0.9304079353604406	0.8060641204160909
19.1	0.3771050548340928	0.7424767767505639	0.777955370137794
19.1025	0.3437700965004452	0.945612649156345	0.7508788909857761
19.105	0.3090784346495268	0.5929355357148185	0.7238537087106551
19.1075	0.2731669814216167	0.3019660628305322	0.6957989615331096
19.11	0.2361774629160594	0.7527789025984581	0.6655682250912149
19.1125	0.1982558598636238	0.6156396221071702	0.6319755722605339
19.115	0.1595518315068278	0.6938476715859374	0.5938117579558551
19.1175	0.120218124963373	0.4636794728272826	0.549851201130656
19.12	0.08040997240308899	0.6370220994520749	0.4988527990480385
19.1225	0.04028447841758807	0.3007912077509044	0.4395600985329187
19.125	-3.584441479755086e-14	0.0854409297220941	0.3707097544210882
19.1275	-0.04028447841758682	0.297954058172527	0.29106203344976
19.13	-0.08040997240312392	0.0162085226971941	0.1994704342903685
19.1325	-0.1202181249634076	0.1013268188582464	0.09499966001992434
19.135	-0.1595518315068619	0.07941653601342327	-0.02292701337028483
19.1375	-0.1982558598636573	-0.3474167240842032	-0.1544040647419767
19.14	-0.2361774629160922	-0.4666608039763026	-0.2989954217982595
19.1425	-0.2731669814215826	-0.6276271623430896	-0.4557622592003805
19.145	-0.3090784346495576	-0.7012288134761934	-0.6233170678696364
19.1475	-0.3437700965004132	-0.8097912593955461	-0.7998522557065604
19.15	-0.3771050548340623	-1.0254967068313	-0.9831238681789056
19.1525	-0.4089517517991915	-1.158856248036022	-1.170401628532555
19.155	-0.4391845030322513	-1.316284820839263	-1.35842550113341
19.1575	-0.467683993676105	-1.22516410323309	-1.543455433633899
19.16	-0.4943377492614862	-1.611316091601364	-1.721514509014365
19.1625	-0.5190405795919407	-1.698648792902174	-1.88877257469822
19.165	-0.5416949938818092	-1.755803204739775	-2.041805050665245
19.1675	-0.5622115855077302	-2.042222794433959	-2.177602203234104
19.17	-0.5805093848556955	-1.965052071845977	-2.293534274732919
19.1725	-0.5965161788711614	-2.119310583520273	-2.387442760017791
19.175	-0.6101687960509399	-2.311340079820627	-2.457784762280069
19.1775	-0.6214133557522915	-2.354113388682033	-2.50369324224391
19.18	-0.6302054808352666	-2.127767361707646	-2.524916798600821
19.1825	-0.6365104727988797	-2.124026950671316	-2.521703297931932
19.185	-0.6403034487203252	-2.228861831854729	-2.494716792604309
19.1875	-0.6415694394564937	-2.048995478413469	-2.445036781776031
19.19	-0.6403034487203257	-2.305589240538053	-2.374220651081347
19.1925	-0.6365104727988763	-2.199704912709982	-2.284352000053213
19.195	-0.6302054808352613	-1.954782619725232	-2.17798632445316
19.1975	-0.6214133557523026	-1.807589528615754	-2.057965111483643
19.2	-0.6101687960509311	-1.84949021126859	-1.927168957033932
19.2025	-0.5965161788711509	-1.552636928316947	-1.788333487632055
19.205	-0.5805093848556989	-1.66865278793698	-1.644014052082494
19.2075	-0.5622115855077341	-1.496368248614176	-1.496695963627715
19.21	-0.5416949938817746	-1.162696122800525	-1.348958905658921
19.2125	-0.5190405795919026	-1.352128368900421	-1.203562546261753
19.215	-0.4943377492614449	-1.175703917296438	-1.063367360790764
19.2175	-0.4676839936761106	-1.219177176635903	-0.931102952008354
19.22	-0.4391845030322306	-0.8295161300882701	-0.8090571418005278
19.2225	-0.4089517517991696	-0.7958803314286588	-0.6987870148054446
19.225	-0.3771050548340394	-0.8417363346133742	-0.6009781135342626
19.2275	-0.343770096500451	-0.4880339820843924	-0.5155216810525732
19.23	-0.3090784346495328	-0.4025808915503506	-0.4417385688238982
19.2325	-0.2731669814215569	-0.5582191995557225	-0.3786112002638231
19.235	-0.2361774629160659	-0.5848666865201376	-0.324940286951424
19.2375	-0.1982558598636651	-0.6642955703752209	-0.2794164833164442
19.24	-0.1595518315068698	-0.3244738861116927	-0.2406290801102716
19.2425	-0.1202181249633798	-0.1871891891910922	-0.2070406851756477
19.245	-0.08040997240309584	-0.11504370325058	-0.17695952715219
19.2475	-0.04028447841763137	-0.1717700896596439	-0.1485397216169878
19.25	3.61300540881573e-15	-0.1074934442082842	-0.1354393959936606
19.2525	-0.0193006561981836	-0.2923999813251645	-0.1360201633060618
19.255	-0.03852514152397025	-0.1934871909387905	-0.1351036260003051
19.2575	-0.05759758571662487	0.1516846173320013	-0.1342327299425364
19.26	-0.07644271855232393	-0.1135972903602382	-0.1348313884836253
19.2625	-0.09498616690121901	0.2081400760465039	-0.1381844163585805
19.265	-0.1131547482444234	0.1630331270981106	-0.1454298098732007
19.2675	-0.1308767594917621	0.04398639870379378	-0.1575563738098427
19.27	-0.1480822599613227	0.05309361155612818	-0.1754003049701758
19.2725	-0.1647033474031647	0.02429483885685217	-0.1996360507495815
19.275	-0.1806744259786077	0.02675385172105586	-0.230759565441477
19.2775	-0.1959324651369793	0.04574542937469788	-0.2690655758682246
19.28	-0.2104172483685113	0.06878750743165213	-0.3146237031168181
19.2825	-0.2240716108512168	-0.2264873190722356	-0.3672599181745836
19.285	-0.2368416650544859	-0.201419316006147	-0.4265487545692119
19.2875	-0.2486770134084381	-0.4120921813305813	-0.4918181545238837
19.29	-0.2595309472001887	-0.07495382299957337	-0.5621646096004689
19.2925	-0.2693606309117607	-0.3509477357588862	-0.6364737893909418
19.295	-0.2781272712722896	-0.3953850506844392	-0.7134424393578936
19.2975	-0.2857962703573566	-0.7535620879411232	-0.7916004132527004
19.3	-0.2923373621312329	-0.7050776316617683	-0.8693355929509714
19.3025	-0.2977247318930084	-0.7361208665046356	-0.9449273885499633
19.305	-0.3019371181554983	-0.9375415946508154	-1.016594978842449
19.3075	-0.304957896554573	-1.219398367360353	-1.082563096275053
19.31	-0.3067751454579605	-1.46559033201684	-1.141140956738889
19.3125	-0.3073816930144544	-1.358950367788506	-1.190802273871618
19.315	-0.3067751454579579	-1.276048311787174	-1.23025213637443
19.3175	-0.3049578965545743	-1.714945042956252	-1.258472458960802
19.32	-0.301937118155497	-1.582455874991924	-1.274746829392782
19.3225	-0.2977247318930067	-1.418841510188528	-1.278670465098757
19.325	-0.2923373621312308	-1.559243804050476	-1.270149604109717
19.3275	-0.2857962703573604	-1.580927979268759	-1.249390556818006
19.33	-0.2781272712722793	-1.403506528926032	-1.216876013725143
19.3325	-0.2693606309117574	-1.538895458664245	-1.173327080646395
19.335	-0.2595309472001849	-1.322245208756619	-1.119653995491144
19.3375	-0.2486770134084443	-1.17809706470629	-1.056904762074079
19.34	-0.2368416650544815	-1.212499745928635	-0.9862251442460234
19.3425	-0.224071610851212	-1.16870227299487	-0.9088411099241068
19.345	-0.2104172483685063	-0.6901321730533364	-0.8260636848985041
19.3475	-0.1959324651369874	-0.5863926856394879	-0.7392996214565829
19.35	-0.180674425978588	-0.4755937393040374	-0.6500403329189396
19.3525	-0.1647033474031589	-0.4678940789610199	-0.5598094449394337
19.355	-0.1480822599613166	-0.4224960509339993	-0.4700759308849457
19.3575	-0.1308767594917874	-0.2083520350366734	-0.3821645088071028
19.36	-0.1131547482444007	-0.1565131042556595	-0.2971963518357554
19.3625	-0.0949861669011958	-0.2072795447385028	-0.2160728955147656
19.365	-0.07644271855228336	0.3421357847365545	-0.1394933719766377
19.3675	-0.05759758571663523	0.2085422086597591	-0.06798730215749244
19.37	-0.03852514152396337	0.3347842645871916	-0.001946142150238667
19.3725	-0.01930065619815925	0.368790252216846	0.05835424823767039
19.375	1.054586008054662e-14	0.4308348037636326	0.1127426743509518
19.3775	0.01930065619818029	0.4861202165438283	0.1611525789044183
19.38	0.03852514152396695	0.5942000735005759	0.2036309024874258
19.3825	0.05759758571663879	0.5036005241265185	0.2403522361978688
19.38500000000001	0.07644271855232071	0.7397179292422866	0.271632406515414
19.3875	0.09498616690119924	0.6039342620776202	0.2979341325783848
19.39	0.1131547482444041	0.3623982696636919	0.3198587416187197
19.3925	0.1308767594917749	0.57220523056701	0.3381223518044906
19.395	0.1480822599613198	0.693655940463225	0.3535199715745293
19.3975	0.1647033474031472	0.5723137637061602	0.3668836903759344
19.4	0.180674425978591	0.4125376972464035	0.3790407619140966
19.4025	0.1959324651369767	0.2712846542299828	0.3907752875487389
19.405	0.2104172483685089	0.3987189900832768	0.4027951304988117
19.4075	0.2240716108512026	0.4322976052146573	0.4157044784008243
19.41	0.2368416650544838	0.5200098068047228	0.4299821023939507
19.4125	0.2486770134084464	0.2634565539836298	0.4459654671634965
19.415	0.2595309472002056	0.2311166771252425	0.463841070169382
19.4175	0.2693606309117591	0.354742882787302	0.4836414879582511
19.42	0.2781272712722882	0.1393305963626985	0.5052494566303644
19.4225	0.2857962703573618	0.1428841807422047	0.5284088932090193
19.425	0.2923373621312373	0.3712226142958178	0.5527421603766011
19.4275	0.297724731893012	0.4725989549051643	0.5777722546671754
19.43	0.3019371181554976	0.4265923920393329	0.6029481445589105
19.4325	0.3049578965545748	0.4587692575610867	0.6276713311749259
19.435	0.3067751454579603	0.5736047793954943	0.6513218704122282
19.4375	0.3073816930144544	0.6497843187939498	0.6732824865131625
19.44	0.3067751454579591	0.79807698441125	0.6929598663777551
19.4425	0.3049578965545726	0.7530876937986656	0.7098026128681237
19.445	0.3019371181554976	0.7299893818156602	0.7233155977752161
19.4475	0.2977247318930119	0.698999312816875	0.7330706258599501
19.45	0.2923373621312372	0.8470748395118559	0.7387134780523595
19.4525	0.2857962703573617	0.856503594857537	0.7399675968534837
19.455	0.2781272712722807	0.8182344695712991	0.7366348981224434
19.4575	0.2693606309117674	0.923310258396901	0.7285943750602872
19.46	0.2595309472001867	1.007391539350255	0.7157992276211143
19.4625	0.2486770134084257	0.7294981600783115	0.6982731645541242
19.465	0.2368416650544613	0.6922831965542607	0.6761063023774888
19.4675	0.2240716108512143	0.846446264591069	0.6494507908363556
19.47	0.210417248368496	0.7357671190565906	0.6185160166960714
19.4725	0.1959324651369765	0.7784221097615621	0.5835630602823993
19.475	0.1806744259785766	0.4914886168614508	0.5448980532350481
19.4775	0.1647033474031469	0.5391375716982031	0.5028642139773917
19.48	0.1480822599613195	0.3651189350037705	0.4578325722785959
19.4825	0.1308767594917588	0.3258548283013176	0.4101916571398805
19.485	0.1131547482443875	0.07705300233042492	0.3603366332108859
19.4875	0.09498616690121557	0.1329985914655289	0.3086584787635266
19.49	0.0764427185523035	0.02526925324836539	0.2555337949198762
19.4925	0.05759758571663848	-0.2109845709640508	0.2013157514216699
19.495	0.03852514152396665	-0.2174078315718646	0.1463265570946776
19.4975	0.01930065619817999	-0.3964184715581361	0.0908517365344248
19.5	-7.659205425172563e-15	-0.2320143536669689	0.04293204890393792
19.5025	0.01443555487648986	-0.3598941158877214	0.003199516676981075
19.505	0.02881413921286751	-0.3977796672353909	-0.03485001780098211
19.5075	0.04307900730567422	-0.4873166109202097	-0.06898157173133707
19.51	0.05717386223761022	-0.2998518082394753	-0.09715821413604428
19.5125	0.07104307805553435	-0.6320336318564346	-0.1176002533843409
19.515	0.08463191930085592	-0.4618026041014667	-0.1288474855328657
19.5175	0.09788675702534337	-0.4186739323961606	-0.1298216966456986
19.52	0.110755280440069	-0.4035682213297729	-0.1198808448344286
19.5225	0.1231867033621607	-0.4143655218408267	-0.0988546725521467
19.525	0.1351319646447444	-0.2184920276079071	-0.06705506369799401
19.5275	0.1465439217987769	-0.1082379411452392	-0.02525941824407538
19.53	0.1573775370430397	-0.1268901736930217	0.02533369274999912
19.5325	0.1675900550475505	0.07785684114045088	0.08317906139916972
19.535	0.1771411716693928	-0.005981132302348563	0.146488873063684
19.5375	0.18599319301476	0.3647009122716339	0.213354749113133
19.54	0.1941111841995127	0.3414685095637068	0.281865964896249
19.5425	0.2014631072211874	0.6284089176505625	0.3502017763932754
19.545	0.2080199473984051	0.6495117136474099	0.4166864353334783
19.5475	0.2137558278785048	0.7069572651771067	0.4798101508913784
19.55	0.218648111761727	0.7370966240195828	0.5382304283320835
19.5525	0.2226774914386453	0.868886170186419	0.5907709745606368
19.555	0.2258280647885233	1.117312761184226	0.6364292513180597
19.5575	0.2280873979377059	1.224873082245321	0.674393921230864
19.56	0.2294465743304533	1.181987682150909	0.7040661886142627
19.5625	0.2299002299184847	1.134837290820789	0.7250761884973566
19.565	0.229446574330452	1.155916595931206	0.7372862372815961
19.5675	0.2280873979377065	0.8669677152281228	0.7407772344919543
19.57	0.2258280647885218	1.057226324605334	0.7358218189128608
19.5725	0.2226774914386432	0.8504969280955494	0.7228533539996387
19.575	0.2186481117617244	0.952046718904773	0.7024394526425205
19.5775	0.2137558278785114	0.7390580252620849	0.6752635718360762
19.58	0.2080199473984015	0.7159123813915721	0.642112385715754
19.5825	0.2014631072211834	0.418389698617947	0.6038634974962216
19.585	0.1941111841995082	0.2902415426173538	0.5614684326382957
19.5875	0.1859931930147628	0.341793591337579	0.5159286479138872
19.59	0.1771411716693958	-0.004344133026791555	0.46826554024368
19.5925	0.1675900550475448	-0.1129226939347731	0.4194875241755141
19.595	0.1573775370430336	-0.1239145314137499	0.3705575946268213
19.5975	0.1465439217987906	-0.06252271432672225	0.3223638318267741
19.6	0.1351319646447377	-0.234302192767907	0.2756939114508771
19.6025	0.1231867033621537	-0.21139694810886	0.2312136222953065
19.605	0.1107552804400617	-0.108570313967164	0.1894490719283814
19.6075	0.09788675702534765	-0.2040502276216739	0.1507726926244958
19.61	0.08463191930083601	-0.2959917799125074	0.1153940158986954
19.6125	0.07104307805551399	-0.3027790309373907	0.08335689052063663
19.615	0.05717386223758947	-0.139552097420754	0.05454480084433888
19.6175	0.04307900730567887	-0.1212249441033411	0.0286949792488044
19.62	0.02881413921285924	0.07388414039699046	0.005420442478415579
19.6225	0.01443555487648153	-0.07110758318177504	-0.01576236558796011
19.625	-1.599896097289079e-14	-0.01258117662762112	-0.03540336086599243
19.6275	-0.01443555487648739	-0.1332720288503179	-0.05408890821190338
19.63	-0.02881413921286505	0.05864061554223995	-0.07241431219996435
19.6325	-0.04307900730569746	0.1451007121828869	-0.09095984484569518
19.635	-0.05717386223760781	0.1490742139788267	-0.1102706102393335
19.6375	-0.07104307805551957	0.2603004975654045	-0.1308399844021354
19.64	-0.08463191930084146	0.1861192473919747	-0.1530960941133013
19.6425	-0.09788675702534112	0.2210523545240328	-0.1773907604935806
19.645	-0.1107552804400668	0.2073617830463568	-0.2039904602525867
19.6475	-0.1231867033621476	0.1633444881916727	-0.2330690732550078
19.65	-0.1351319646447318	0.3296702653224622	-0.2647024132559934
19.6525	-0.146543921798785	0.1265388468253811	-0.2988647107109378
19.655	-0.1573775370430379	0.09384252487557843	-0.335427284993713
19.6575	-0.1675900550475398	0.1032567860687555	-0.3741595968351207
19.66	-0.1771411716693996	0.1059819877463871	-0.4147327421106762
19.6625	-0.1859931930147662	-0.2285760220573295	-0.4567253004781495
19.665	-0.1941111841995183	-0.2168583150737726	-0.4996313590183158
19.6675	-0.2014631072211862	-0.425793139582955	-0.5428705385287926
19.67	-0.208019947398404	-0.4504629266974937	-0.5857999560721661
19.6725	-0.2137558278785135	-0.6853217650369795	-0.6277282070501128
19.675	-0.2186481117617343	-0.8239534234080217	-0.6679315533744813
19.6775	-0.2226774914386447	-0.8167342428990303	-0.7056724663509052
19.68	-0.2258280647885229	-0.7631251668642213	-0.7402204312269127
19.6825	-0.2280873979377072	-1.05539249010371	-0.770874481639214
19.685	-0.2294465743304532	-0.9336172305605295	-0.7969863943926985
19.6875	-0.2299002299184847	-1.260323194461983	-0.8179830123596588
19.69	-0.229446574330453	-1.267471186216236	-0.8333859608003882
19.6925	-0.2280873979377068	-1.11415963059456	-0.8428271838351287
19.695	-0.2258280647885198	-1.236734895518997	-0.8460592182792096
19.6975	-0.2226774914386471	-1.356855032742055	-0.8429597930107603
19.7	-0.2186481117617293	-1.169007442041881	-0.8335310190324478
19.7025	-0.2137558278785123	-1.320670384263387	-0.8178939949775066
19.705	-0.2080199473984026	-1.198757792494339	-0.7962800335658103
19.7075	-0.2014631072211909	-1.093489103239797	-0.7690198764227387
19.71	-0.1941111841995025	-0.91099908234524	-0.7365321571244978
19.7125	-0.1859931930147565	-1.053951464093852	-0.6993119569100339
19.715	-0.1771411716693808	-0.6789866746799587	-0.6579196205631151
19.7175	-0.1675900550475465	-0.6977329455474524	-0.6129692598461772
19.72	-0.1573775370430354	-0.8079232435958293	-0.5651159014252127
19.7225	-0.1465439217987723	-0.3628747600927965	-0.515040351033667
19.725	-0.1351319646447291	-0.2295047206538368	-0.4634316117991898
19.7275	-0.1231867033621558	-0.3554704510153562	-0.4109677954902506
19.73	-0.1107552804400524	-0.2720177349685157	-0.3582973368271093
19.7325	-0.09788675702533806	-0.06048356467184955	-0.3060225065367441
19.735	-0.08463191930083833	0.02811294814756204	-0.2546866622353181
19.7375	-0.07104307805552877	-0.07661567895383276	-0.2047657110086685
19.74	-0.05717386223760454	0.1769393558123091	-0.1566633416930999
19.7425	-0.0430790073056813	0.1828280841198875	-0.1107090310278171
19.745	-0.0288141392128617	0.536204618155991	-0.06715771010530094
19.7475	-0.01443555487649705	0.4937522210187569	-0.02619020061147913
19.75	-4.21430429195776e-16	0.4031592595200656	0.005135076178303444
19.7525	-0.01345382995847339	0.3749345808842519	0.02666071967514833
19.755	-0.02685456379658265	0.4238317591974661	0.04446849210054557
19.7575	-0.04014931494004594	0.5880894984084426	0.05738484270269857
19.76	-0.0532856150799539	0.4122064310236915	0.06440520234655925
19.7625	-0.06621162124101101	0.3411942853488049	0.06468462557706411
19.765	-0.078876320382242	0.5284066035416491	0.05753858560696472
19.7675	-0.09122973072206497	0.2935385489201847	0.04245652511485502
19.77	-0.1032230989936497	0.1706320142547516	0.01912623954391421
19.7725	-0.1148090928516542	0.2427330388903133	-0.01253712115685581
19.775	-0.1259419876714482	-0.0477900564761473	-0.05236637655937852
19.7775	-0.1365778470033245	-0.1121257025421802	-0.0999308464766161
19.78	-0.1466746959695622	-0.1799419273701799	-0.1545436729739713
19.7825	-0.1561926869201114	-0.5310077945309206	-0.2152878655359308
19.785	-0.1650942566930373	-0.5036307003587259	-0.2810552725688488
19.7875	-0.1733442748591721	-0.48438218696936	-0.3505895811983729
19.79	-0.1809101823659189	-0.7856121736701235	-0.4225253146442969
19.7925	-0.1877621200328672	-0.932871247057213	-0.4954187190177483
19.795	-0.193873046392393	-1.117520213904018	-0.567771212135282
19.7975	-0.1992188444099783	-1.059700704559523	-0.6380498793059497
19.8	-0.2037784166631107	-1.243789232041004	-0.7047115656280237
19.8025	-0.2075337686031804	-1.195949405287253	-0.7662371670890377
19.805	-0.2104700795717327	-1.227465629724693	-0.8211803171985492
19.8075	-0.2125757612908445	-1.410711438563483	-0.8682294455395166
19.81	-0.2138425035967732	-1.253378822899653	-0.9062752633144027
19.8125	-0.2142653072363501	-1.285221700196669	-0.93447052993307
19.815	-0.2138425035967718	-1.182815108009657	-0.9522692408351848
19.8175	-0.2125757612908462	-1.088127299528265	-0.959438494434663
19.82	-0.2104700795717307	-1.09486828785256	-0.9560443424402685
19.8225	-0.2075337686031808	-0.995949581538532	-0.9424185282868771
19.825	-0.2037784166631111	-1.091176875702306	-0.9191149267935048
19.8275	-0.1992188444099788	-0.9173195523487622	-0.8868640969422764
19.83	-0.1938730463923936	-0.7932711424484469	-0.8465330253262453
19.8325	-0.1877621200328621	-0.5903538463105581	-0.7990949140319117
19.835	-0.1809101823659132	-0.6113770661387876	-0.745610117827416
19.8375	-0.1733442748591802	-0.5120461853366873	-0.687214210740458
19.84	-0.1650942566930304	-0.2724827569810201	-0.6251046521894937
19.8425	-0.156192686920104	-0.3608648276652106	-0.5605169451454352
19.845	-0.1466746959695632	-0.1640818497464423	-0.4946864489309715
19.8475	-0.1365778470033256	-0.005238709145467341	-0.4288006862522895
19.85	-0.1259419876714493	0.07382452861352488	-0.3639531859421596
19.8525	-0.1148090928516451	0.05705753951093234	-0.3011094506254522
19.855	-0.1032230989936403	-0.03632054892857464	-0.2410897427602494
19.8575	-0.09122973072207732	0.2836282369893633	-0.1845667178853961
19.86	-0.07887632038222071	0.0715295712036779	-0.1320721417274699
19.8625	-0.06621162124098924	0.3671833362836635	-0.08400655814500194
19.865	-0.05328561507993173	0.1546414585831136	-0.04064740007330399
19.8675	-0.04014931494005934	0.1331296049337068	-0.002153139100218755
19.87	-0.02685456379657202	0.3484362466817507	0.03143704111585725
19.8725	-0.01345382995847486	0.21783578817229	0.06020690675279244
19.875	1.029109323977089e-14	0.08760603318657414	0.08436755089405842
19.8775	0.01345382995848325	0.1573277991325152	0.1042588621086508
19.88	0.02685456379658036	0.2950868537395315	0.120344499657995
19.8825	0.04014931494006759	0.1364294385232365	0.1331981473193679
19.885	0.05328561507996346	0.007278277020278431	0.143481020766187
19.8875	0.06621162124099723	0.42987438558377	0.1519126449827735
19.89	0.07887632038222853	0.1676354507743791	0.1592379811984743
19.8925	0.09122973072206288	-0.1161335601177784	0.1661939413645299
19.895	0.1032230989936476	-0.0488136862926664	0.1734776213058816
19.8975	0.1148090928516419	-0.02396960501891302	0.1817177594561467
19.9	0.1259419876714364	-0.1785348174129891	0.1914503220255965
19.9025	0.1365778470033227	0.06048074649061781	0.2030988034461061
19.905	0.1466746959695694	-0.08322278760841115	0.2169597297608247
19.9075	0.1561926869201014	-0.1091384140303634	0.2331938268300486
19.91	0.1650942566930358	-0.01022685485770561	0.2518232411272288
19.9125	0.1733442748591851	0.1493620439154268	0.2727349976189892
19.915	0.1809101823659242	0.179580305340154	0.2956905245347019
19.9175	0.1877621200328661	0.1018881005433469	0.3203406107020604
19.92	0.1938730463923972	0.3667567416021311	0.3462446838868944
19.9225	0.1992188444099819	0.5068620500622445	0.3728929292915585
19.925	0.2037784166631175	0.3583067603735491	0.3997296080005594
19.9275	0.2075337686031799	0.5103172802269523	0.4261760274874801
19.93	0.2104700795717323	0.6820733521715597	0.4516519236496835
19.9325	0.2125757612908473	0.6394518639823616	0.4755944358676922
19.935	0.2138425035967731	0.6646818386802144	0.4974742706020586
19.9375	0.2142653072363501	0.7197603974478911	0.516808958513078
19.94	0.2138425035967727	0.8107711012218979	0.533173278248159
19.9425	0.2125757612908465	0.6392210390676807	0.5462069739655768
19.945	0.2104700795717311	0.678694230671168	0.5556198988995893
19.9475	0.2075337686031844	0.9146285190702506	0.5611947377024982
19.95	0.2037784166631156	0.8639399012336384	0.5627875248365642
19.9525	0.1992188444099797	0.7941215673776206	0.5603262686446151
19.955	0.1938730463923894	0.7034777480273527	0.5538080649806073
19.9575	0.187762120032869	0.7874763619499641	0.5432950950750103
19.96	0.1809101823659144	0.6024252148900758	0.5289098319520183
19.9625	0.1733442748591672	0.5124843371934141	0.5108296481307992
19.965	0.1650942566930241	0.4826243598006696	0.489280871953506
19.9675	0.1561926869201056	0.4775707745633098	0.4645322333142844
19.97	0.1466746959695649	0.3906611991287866	0.4368876074485888
19.9725	0.136577847003318	0.3321785192347365	0.4066780140818612
19.975	0.1259419876714315	0.3529467731420334	0.3742529366607287
19.9775	0.1148090928516471	0.07677340615377413	0.3399711543380337
19.98	0.1032230989936423	-0.03776742979626922	0.3041913895660031
19.9825	0.09122973072205737	-0.02606148005714749	0.2672631414891107
19.985	0.07887632038222286	0.1189918407952111	0.2295180932147063
19.9875	0.06621162124100302	-0.237478565356192	0.1912624581331745
19.99	0.05328561507995756	-0.1637673264662191	0.1527705821798004
19.9925	0.04014931494006161	-0.2760384998029617	0.1142800586245899
19.995	0.02685456379657431	-0.5296181258353398	0.07598854570306621
19.9975	0.01345382995848932	-0.03670485423709302	0.03805240408100746
20.0	-8.831002667662212e-15	-0.3153109744687343	0.01042401823225376
20.0025	0.02829914132453513	-0.09632132148484396	-0.006405810640753195
20.005	0.05648659886689351	-0.3674449840763779	-0.02097887332819203
20.0075	0.08445112960979671	-0.2835414140577622	-0.03072180106966091
20.01000000000001	0.1120823703262311	-0.4174188225593919	-0.03333490549138194
20.0125	0.1392712731325021	-0.1251833121834894	-0.02687257539190831
20.015	0.1659105358507358	-0.09592467769465238	-0.009815737493783137
20.0175	0.1918950254812567	0.04251174187594646	0.01885918489512824
20.02	0.2171221931147016	0.1570837989691351	0.05961731081695461
20.0225	0.2414924786456397	0.2175120448550406	0.1123175248627581
20.02500000000001	0.2649097036907816	0.192656964743052	0.1761961544346965
20.0275	0.2872814511611468	0.3961342010713726	0.2499028041713822
20.03	0.30851942999023	0.4720727381347037	0.3316016945773637
20.0325	0.3285398235782608	0.5028480474825938	0.4191282501516751
20.035	0.3472636205781786	0.800499546599304	0.5101636302480494
20.0375	0.3646169267173327	0.8680043642571107	0.6023792521562666
20.04	0.3805312564243634	1.075529459214843	0.6935163587527218
20.0425	0.394943803110495	1.028318874266319	0.7813988903872571
20.045	0.4077976870384085	1.163693044337753	0.863922403916026
20.0475	0.4190421798006026	1.351129178533268	0.9390846030054469
20.05	0.4286329045213055	1.42656583186309	1.005085882256157
20.0525	0.4365320109916082	1.336068866540665	1.060461211194093
20.055	0.4427083250470258	1.128469960206277	1.10417915426835
20.0575	0.4471374715976794	1.475307968815151	1.135668831145326
20.06	0.4498019708256211	1.195108680940365	1.154776281231907
20.0625	0.4506913071696825	1.104614832133971	1.161685622116668
20.065	0.4498019708256177	1.098990152893432	1.156848305562194
20.0675	0.4471374715976822	1.217767070378526	1.140941620182673
20.07	0.4427083250470253	0.9944677397065522	1.114851593685728
20.07250000000001	0.436532010991601	0.9302354127325492	1.079665834675514
20.075	0.4286329045212966	0.6616032664003013	1.036662221847005
20.0775	0.4190421798006109	0.6694264716127648	0.9872809059548044
20.08	0.4077976870383963	0.5404760467564136	0.933072462048884
20.0825	0.3949438031104935	0.3601320720435758	0.8756256405100665
20.085	0.3805312564243618	0.4529861164390732	0.8164874676885272
20.0875	0.3646169267173309	0.4796830322062541	0.7570902848728381
20.09	0.3472636205781767	0.3090030842235966	0.6986953800169667
20.0925	0.3285398235782411	0.3364734628847242	0.6423558795904115
20.095	0.308519429990209	0.2726450351125377	0.5888962244789051
20.0975	0.2872814511611642	0.3963252706984202	0.5389029800014284
20.1	0.2649097036907583	0.5161663319076288	0.4927216159494452
20.1025	0.2414924786456371	0.4501934557031732	0.4504556979946367
20.105	0.2171221931146989	0.3148322390601191	0.411968088887194
20.1075	0.1918950254812539	0.4255630371046678	0.3768871848638524
20.11	0.1659105358506853	0.4624477640126114	0.3446230809001365
20.1125	0.1392712731324748	0.3578108774262458	0.3143972148275879
20.115	0.1120823703261785	0.4139485437997627	0.2852847118403648
20.1175	0.08445112960981883	0.5482479996649656	0.2562639127522668
20.12	0.05648659886689043	0.5713029076804279	0.2262654060291713
20.1225	0.02829914132450647	0.5118116650916777	0.1942142605790702
20.125	-1.192910680034162e-14	0.4899314405846334	0.1590627100444351
20.1275	-0.02829914132453028	0.5026518697047115	0.1198141927656491
20.13	-0.0564865988669141	0.4171372663999239	0.07554207951572622
20.1325	-0.08445112960981711	0.2662527465058685	0.02540730847399819
20.135	-0.1120823703262264	0.2712342566396565	-0.03132130170650179
20.1375	-0.1392712731324731	0.1881108296613844	-0.09524181881450086
20.14	-0.1659105358507075	0.06649177142548043	-0.1667891630140003
20.1425	-0.1918950254812523	0.03612942489684404	-0.2462030026048583
20.145	-0.2171221931146974	-0.2670989225341294	-0.3334979626516099
20.1475	-0.241492478645614	-0.2789863239806708	-0.4284398798455319
20.15	-0.2649097036907569	-0.631183268153987	-0.5305288062211909
20.1525	-0.2872814511611431	-0.6493455271151167	-0.6389860800194331
20.155	-0.3085194299902265	-0.8074606813851488	-0.7527419028501245
20.1575	-0.3285398235782224	-1.004428189751652	-0.8704228473249128
20.16	-0.3472636205781755	-1.119455618340505	-0.9903448509581916
20.1625	-0.3646169267173449	-1.287358664569935	-1.110524987928817
20.165	-0.3805312564243882	-1.568561593589848	-1.228731614624065
20.1675	-0.3949438031104927	-1.594647772540135	-1.342588940689595
20.17	-0.4077976870384065	-1.615695126895455	-1.449727807491452
20.1725	-0.4190421798006196	-2.091895089224819	-1.547937925991054
20.175	-0.4286329045213119	-1.837643022805519	-1.635267555713215
20.1775	-0.4365320109916069	-1.836471536881667	-1.710056025158633
20.18	-0.442708325047025	-2.047409267970424	-1.770930108141324
20.1825	-0.447137471597682	-2.10660257095002	-1.816799735107663
20.185	-0.4498019708256208	-1.876079172036324	-1.846864308157752
20.1875	-0.4506913071696825	-1.942642149144341	-1.860624095421758
20.19	-0.4498019708256196	-2.020956045092652	-1.857891624583978
20.1925	-0.4471374715976796	-1.907661726951417	-1.838803804576017
20.195	-0.4427083250470262	-1.673666482252288	-1.803835553341743
20.1975	-0.4365320109916086	-1.595105317774236	-1.753808366451878
20.2	-0.428632904521306	-1.597067982288424	-1.689878571793132
20.2025	-0.4190421798006127	-1.621656976432357	-1.613489467954564
20.205	-0.4077976870383984	-1.507312820137771	-1.526285684338618
20.2075	-0.3949438031105082	-1.268652937180058	-1.430011931933081
20.21	-0.3805312564243644	-1.061549336130251	-1.326434746234234
20.2125	-0.3646169267173187	-1.002181751892227	-1.217319494182034
20.215	-0.3472636205781471	-0.6809960983896346	-1.104464252419608
20.2175	-0.3285398235782445	-0.716015725425275	-0.9897498839857495
20.22	-0.3085194299902126	-0.4426497048073758	-0.8751393665899716
20.2225	-0.2872814511611482	-0.4985974303541257	-0.7625809414647038
20.225	-0.2649097036907415	-0.2486418475738142	-0.653836371114483
20.2275	-0.2414924786456196	-0.4214964779144503	-0.550314446485975
20.23	-0.2171221931147032	-0.2074156137129501	-0.4529879189101383
20.2325	-0.1918950254812351	-0.0138721482818487	-0.3624143414619673
20.235	-0.1659105358506898	0.1050429845159421	-0.2788230051616168
20.2375	-0.1392712731325038	0.04310754957514043	-0.2022142765161519
20.24	-0.112082370326208	0.3059562931897912	-0.1324374243640506
20.2425	-0.08445112960979845	-0.009715247870129326	-0.06923795600248746
20.245	-0.05648659886689525	0.1037321777337399	-0.01227871932092706
20.2475	-0.02829914132453689	0.3066978629982338	0.03885799741634343
20.25	-5.224504099671578e-15	0.1019151924951542	0.0796726053647675
20.2525	0.007970960058757425	0.0004734516379414355	0.1105906930988809
20.255	0.01591046237975339	0.01187820501541709	0.1367084657169039
20.2575	0.02378717337452106	-0.02924808652686886	0.1579817805535546
20.26	0.03157000726332652	0.1406276756083193	0.1744974180726711
20.2625	0.03922824875642079	0.180360757117687	0.1864729264375714
20.265	0.04673167427335544	0.07453187057449889	0.1942507221802969
20.2675	0.05405067122159107	0.1592448544435344	0.1982854581637155
20.27	0.06115635486393109	0.1214683321429064	0.199125175016817
20.2725	0.0680206823132977	0.1331473801365402	0.1973878733655556
20.275	0.07461656320527359	0.1446477247891367	0.1937355547597526
20.2775	0.08091796661133752	0.1032007363098394	0.188847588733708
20.28	0.08690002377108925	0.1336835145520266	0.1833947990093829
20.2825	0.09253912623786617	0.07970368648656093	0.1780152082416969
20.285	0.0978130190504872	0.2228411984734993	0.1732920727884582
20.2875	0.1027008885634248	0.1785547207304951	0.1697346888736538
20.29	0.1071834445887843	0.07411783652241198	0.1677624123015052
20.2925	0.111242996525806	0.3106579078196842	0.1676923424070817
20.295	0.1148635231776345	0.3029357000611193	0.169731116071881
20.2975	0.11803073597963	0.2637363406737386	0.1739711895944781
20.3	0.1207321353898282	0.2911431456088357	0.1803918259239266
20.3025	0.122957060218911	0.3043373875419147	0.1888647521082884
20.305	0.1246967297050467	0.3511108440338818	0.1991641372174822
20.3075	0.1259442781675512	0.405475717848169	0.2109802178698539
20.31	0.1266947821025986	0.6073707375075922	0.2239356285786114
20.3125	0.1269452796140258	0.5984438750352147	0.2376033307608645
20.315	0.126694782102598	0.6103436146593756	0.2515250080335774
20.3175	0.1259442781675518	0.3891601778600486	0.2652289060171551
20.32	0.1246967297050449	0.3733587883538493	0.2782463113174406
20.32250000000001	0.1229570602189104	0.4140664310757359	0.2901261345296401
20.325	0.1207321353898274	0.4733794602667256	0.3004473285923062
20.3275	0.1180307359796317	0.3841243085831868	0.3088290904599721
20.33	0.1148635231776334	0.3928059144413472	0.3149389370086794
20.3325	0.1112429965258047	0.3308629216792807	0.3184988157750781
20.335	0.1071834445887829	0.2557184760791238	0.3192894257881504
20.3375	0.1027008885634275	0.2944680525275065	0.3171529083279883
20.34	0.09781301905048093	0.3947583431053047	0.3119940430799849
20.3425	0.09253912623786438	0.1745022978453459	0.3037800633244911
20.345	0.08690002377108735	0.200506860551302	0.2925391866814571
20.3475	0.08091796661134107	0.2553307351811396	0.2783579433924221
20.35	0.07461656320527148	0.1300543243112063	0.2613773716727267
20.3525	0.06802068231329551	0.2951012628654276	0.2417881434003376
20.355	0.06115635486392248	0.2258794690124062	0.2198246903612239
20.3575	0.05405067122159524	0.2407782472045272	0.1957584266893671
20.36	0.04673167427333959	-0.07603042068201432	0.1698902061020565
20.3625	0.03922824875640458	-0.01903961129545509	0.1425422049411947
20.365	0.031570007263317	-0.1662467335871008	0.1140494715077506
20.3675	0.02378717337452558	-0.09559040934404388	0.08475141701928368
20.37	0.01591046237975079	-0.1938096453317623	0.05498353684065468
20.3725	0.007970960058747614	0.02199887864376722	0.02506964177690363
20.375	-7.838956296267014e-15	-0.3227017952851483	-0.004685147788078731
20.3775	-0.007970960058763263	-0.03324856667657278	-0.03400043151986002
20.38	-0.01591046237975203	-0.3743968406127195	-0.06262541614607128
20.3825	-0.02378717337452681	-0.3921648252995961	-0.09034254534681613
20.38500000000001	-0.03157000726333218	-0.222883149449954	-0.1169698134936644
20.3875	-0.03922824875640576	-0.2049561841019194	-0.14236176197611
20.39	-0.04673167427334746	-0.2299189431940736	-0.1664092143211302
20.3925	-0.05405067122158983	-0.3318900641376669	-0.1890378593471174
20.395	-0.06115635486392357	-0.208334354122237	-0.2102058354229555
20.3975	-0.06802068231329046	-0.1174514874894906	-0.2299004995418468
20.4	-0.0746165632052608	-0.1573137006567382	-0.2481345804301356
20.4025	-0.08091796661133646	-0.3072087108342204	-0.2649419158596689
20.405	-0.08690002377108826	-0.3795581358305041	-0.2803729634026806
20.4075	-0.0925391262378603	-0.18871549554045	-0.2944902548969375
20.41	-0.09781301905048632	-0.2678386917841884	-0.3073639418175108
20.4125	-0.1027008885634283	-0.06034963608815636	-0.319067554827948
20.415	-0.1071834445887913	-0.1808849063362451	-0.3296740781951001
20.4175	-0.1112429965258053	-0.09568957360526459	-0.3392524196081652
20.42	-0.114863523177637	-0.2322361094959099	-0.3478643385106197
20.4225	-0.1180307359796321	-0.2773277504902283	-0.3555618810402515
20.425	-0.12073213538983	-0.143093532204208	-0.3623853565116405
20.4275	-0.1229570602189107	-0.2699857598162799	-0.3683618784207107
20.43	-0.1246967297050451	-0.08836753043556461	-0.3735044816110765
20.4325	-0.1259442781675529	-0.320552963209994	-0.3778118160455533
20.435	-0.1266947821025985	-0.4240317351545569	-0.3812684062611073
20.4375	-0.1269452796140258	-0.272723321044064	-0.3838454539079697
20.44	-0.1266947821025985	-0.3115201184199657	-0.3855021488136049
20.4425	-0.1259442781675511	-0.5265543382981949	-0.3861874419622995
20.445	-0.1246967297050452	-0.5256961340781021	-0.3858422219811382
20.4475	-0.1229570602189107	-0.5819734740673016	-0.3844018256300722
20.45	-0.12073213538983	-0.1733207378795826	-0.3817988029440377
20.4525	-0.1180307359796322	-0.5101369069944427	-0.3779658496335161
20.455	-0.1148635231776309	-0.3749261967104307	-0.3728388136521433
20.4575	-0.1112429965258123	-0.4332803657143379	-0.3663596799305453
20.46	-0.1071834445887837	-0.4626316449969498	-0.3584794374488557
20.4625	-0.1027008885634198	-0.2918744508766776	-0.3491607361792812
20.465	-0.0978130190504772	-0.382710300804569	-0.338380247869938
20.4675	-0.09253912623786038	-0.3451345000803776	-0.3261306538785276
20.47	-0.08690002377108835	-0.4128822671810333	-0.3124221948946652
20.4725	-0.08091796661133656	-0.4031608884392632	-0.2972837309830711
20.475	-0.0746165632052609	-0.2715377423803891	-0.2807632755565548
20.4775	-0.06802068231329057	-0.3594452808822265	-0.2629279833666817
20.48	-0.06115635486392368	-0.3041532654500362	-0.2438635901591763
20.4825	-0.05405067122158994	-0.1939958418714952	-0.2236733200206983
20.485	-0.04673167427333415	-0.1816765082800592	-0.2024762951899771
20.4875	-0.03922824875641961	-0.1849243453172872	-0.1804055014617753
20.49	-0.03157000726331832	0.0195661841550685	-0.1576053791808663
20.4925	-0.02378717337452693	0.1581338218238292	-0.1342291239046712
20.495	-0.01591046237975215	-0.1521853727709629	-0.1104357908455631
20.4975	-0.007970960058763384	-0.0390960137355249	-0.08638730228372409
20.5	-1.188840757387006e-14	0.04913731151805446	-0.06123958419175144
20.5025	0.01190238700560599	0.283449228323404	-0.03511239908057301
20.505	0.0237578007273746	0.1021859640501842	-0.009038157080536409
20.50749999999999	0.03551945326357907	0.0157746157299461	0.01703329666338179
20.51	0.04714092674506779	0.01080338718937723	0.04313851599649222
20.5125	0.05857635652531355	0.08845845930007856	0.06929651395231953
20.515	0.06978061218734583	0.1812844470255945	0.09550564303233408
20.5175	0.08070947565280415	0.3343533764618006	0.1217414234677168
20.52	0.09131981569053202	0.3188342596044174	0.1479553989726004
20.5225	0.1015697581357655	0.3159616212776464	0.1740750464126216
20.525	0.111418851148446	0.5629410670366426	0.2000047121728942
20.5275	0.1208282248580751	0.2110214731547584	0.2256274978546636
20.53	0.1297607447653548	0.468349158807616	0.2508079748492251
20.5325	0.1381811582951062	0.4173111125267724	0.275395574086491
20.535	0.1460562339220179	0.3598082976287903	0.2992284754578098
20.5375	0.1533548923203859	0.4584238310725574	0.3221378113997673
20.54	0.1600483290199518	0.4441939660859085	0.3439520000421116
20.5425	0.1661101280840028	0.6240547619064813	0.3645010334351429
20.545	0.1715163663610149	0.4844615079643821	0.3836205635517791
20.5475	0.1762457078983564	0.4437801078678125	0.4011556509314547
20.55	0.1802794881456445	0.3020834352691127	0.4169640662851052
20.5525	0.183601787615078	0.401745051227402	0.4309190628046615
20.555	0.1861994947084774	0.3863773550000673	0.4429115652563653
20.5575	0.1880623574627125	0.5043659868869935	0.4528517500997394
20.56	0.1891830240095668	0.5773723548045755	0.4606700175760824
20.5625	0.1895570715901556	0.3763157309081784	0.4663173804625365
20.565	0.1891830240095657	0.3511515640609316	0.4697653135383505
20.5675	0.188062357462713	0.448184294760381	0.4710051216924995
20.57	0.1861994947084742	0.249443683722415	0.4700468926649896
20.5725	0.183601787615079	0.4852192356085873	0.4669181031532006
20.575	0.1802794881456391	0.4179467035535444	0.4616619456746904
20.5775	0.1762457078983659	0.4698604862583398	0.4543354398372704
20.58	0.1715163663610075	0.2804971915682191	0.4450073872320063
20.5825	0.1661101280840049	0.4459775913402081	0.4337562253943059
20.585	0.1600483290199541	0.2484523589634985	0.4206678339439131
20.5875	0.1533548923203884	0.6665517116953967	0.405833345237162
20.59	0.1460562339220206	0.5220595248905032	0.3893470122041259
20.5925	0.1381811582950944	0.4587235514643289	0.3713041867007258
20.595	0.129760744765358	0.4559745888734739	0.3517994617539197
20.5975	0.1208282248580784	0.4682738398084553	0.3309250296756463
20.6	0.1114188511484494	0.5013574842267625	0.3087693045550117
20.6025	0.1015697581357509	0.2435808766008538	0.2854158518015325
20.605	0.09131981569051688	0.4510345965946258	0.2609426592017134
20.60749999999999	0.08070947565280802	0.3548646585795851	0.2354217736354996
20.61	0.06978061218732977	0.292306405111745	0.2089193156419338
20.6125	0.05857635652529712	0.1062046579443417	0.1814958710289859
20.615	0.04714092674505106	0.1039901223301667	0.1532072453591679
20.6175	0.03551945326358326	0.1284676872657208	0.1241055541067806
20.62	0.02375780072737884	0.09163410164814467	0.09424060922531485
20.6225	0.01190238700558874	0.1126333270474299	0.06366155237600556
20.625	-7.618196413431706e-15	-0.0202063704370492	0.03241867660921884
20.6275	-0.01190238700560395	-0.1606088327707617	0.0005653721762328423
20.63	-0.02375780072737258	-0.0668240277888825	-0.03183987149480458
20.6325	-0.03551945326359822	-0.079198116383222	-0.06473147685844197
20.635	-0.04714092674506581	-0.01824891307745484	-0.09803487063033166
20.6375	-0.05857635652531161	-0.1346495416625099	-0.1316647231228573
20.64	-0.06978061218734394	-0.1036160511832223	-0.1655233963649754
20.6425	-0.0807094756528023	-0.192524481042736	-0.1994996584702675
20.645	-0.09131981569053023	-0.2162599354993287	-0.2334677173988205
20.6475	-0.1015697581357455	-0.3848676502807761	-0.2672866234202447
20.65	-0.1114188511484443	-0.4842357450408882	-0.3008000863877935
20.6525	-0.1208282248580735	-0.4689135115029799	-0.3338367511091171
20.655	-0.1297607447653534	-0.3882302421438446	-0.3662109708798491
20.6575	-0.1381811582950901	-0.3214591336288288	-0.3977241143387843
20.66	-0.1460562339220166	-0.4985805828699524	-0.4281664325349355
20.6625	-0.1533548923203847	-0.5220598093595793	-0.4573194996783477
20.665	-0.1600483290199623	-0.4633360992451624	-0.4849592210395712
20.6675	-0.1661101280840018	-0.5942424560224135	-0.5108593743022077
20.67	-0.171516366361014	-0.7659323780511225	-0.5347956172272925
20.6725	-0.1762457078983636	-0.4712217374398472	-0.5565498573569749
20.675	-0.1802794881456505	-0.6912311721816331	-0.5759148429672024
20.6775	-0.1836017876150774	-0.5454012132237775	-0.5926988039593601
20.68	-0.186199494708477	-0.4794537272504419	-0.6067299522759173
20.6825	-0.188062357462715	-0.3674678170191037	-0.617860647851644
20.685	-0.1891830240095667	-0.5045565691771904	-0.6259710497603339
20.6875	-0.1895570715901556	-0.6284477258044215	-0.6309721017901099
20.69	-0.1891830240095672	-0.3744440937925091	-0.6328077431525109
20.6925	-0.1880623574627133	-0.637585144163816	-0.6314562825818356
20.695	-0.1861994947084745	-0.5030747341536883	-0.6269309213803788
20.6975	-0.1836017876150795	-0.5812148942441157	-0.6192794523579358
20.7	-0.1802794881456464	-0.3917768526191013	-0.6085831929785335
20.7025	-0.1762457078983667	-0.4338544870873853	-0.5949552302525429
20.705	-0.1715163663610084	-0.5457744152071589	-0.5785380621097578
20.7075	-0.1661101280840059	-0.6678437531170033	-0.5595007175003831
20.71	-0.1600483290199436	-0.5392180629330344	-0.5380354295752751
20.7125	-0.1533548923203769	-0.4839509244421842	-0.5143539284497703
20.715	-0.1460562339220082	-0.4724114565712105	-0.4886834175448836
20.7175	-0.1381811582950958	-0.5426412870411342	-0.4612623037756226
20.72	-0.1297607447653595	-0.462754840763693	-0.4323357670617511
20.7225	-0.1208282248580633	-0.4864988058476838	-0.4021512751531811
20.725	-0.1114188511484336	-0.23770607088304	-0.3709541691461971
20.7275	-0.1015697581357526	-0.1377908378573804	-0.3389834562861462
20.73	-0.09131981569051867	-0.1801813112310481	-0.306467944670534
20.7325	-0.08070947565280985	-0.4480331685052757	-0.2736228381120187
20.735	-0.06978061218733167	-0.3315710675140698	-0.2406468816733177
20.7375	-0.05857635652531955	-0.2168406746555489	-0.2077201151205882
20.74	-0.04714092674505303	-0.135812994949274	-0.1750022593477208
20.7425	-0.03551945326358526	0.01883957759594251	-0.1426317349215483
20.745	-0.02375780072738087	-0.04325025467041276	-0.1107252948113886
20.7475	-0.01190238700561229	0.006589207013115009	-0.07937824467829907
20.75	-6.603075005033457e-15	-0.06462812411291403	-0.055262798274443
20.7525	-0.01409815224596953	-0.02025395476331185	-0.03856155695997499
20.755	-0.02814066552585077	0.06722624083045009	-0.02359657750514029
20.7575	-0.04207212045514873	0.1390963790931937	-0.0116596971348588
20.76	-0.05583753594595859	0.08057367348290562	-0.003880065242711161
20.7625	-0.0693825861921085	-0.1066694980889928	-0.001227972628202802
20.765	-0.0826538150684706	0.2374818754172009	-0.004518188201030336
20.7675	-0.09559884709764657	0.2045223937012376	-0.0144072887257701
20.77	-0.1081665941523333	-0.03016713076154223	-0.03138236825780667
20.7725	-0.1203074570764944	-0.07016833925496266	-0.05574205454494992
20.775	-0.1319735214308238	0.03897506358057888	-0.08757421730431934
20.7775	-0.143118746589033	-0.009290186648301325	-0.1267370691751487
20.78	-0.1536991474391916	0.03087475055769452	-0.1728504742294483
20.7825	-0.1636729679728868	-0.2350223867038423	-0.2253017782516288
20.785	-0.1730008460770412	-0.09375820490078972	-0.2832661443008995
20.7875	-0.1816459688782987	-0.1847201823758362	-0.345737107464093
20.79	-0.1895742180265435	-0.3235314671889463	-0.4115608642040363
20.7925	-0.1967543043444723	-0.4104863002243585	-0.4794685448293272
20.795	-0.2031578913116318	-0.6480047639795521	-0.5481036656342296
20.7975	-0.2087597068957968	-0.6978223495274334	-0.616045567673586
20.8	-0.2135376432900828	-0.7270197979050551	-0.6818325799663006
20.8025	-0.2174728441623731	-0.7914605523982347	-0.7439901558920641
20.805	-0.2205497790726518	-0.6798779904437116	-0.8010688769281661
20.8075	-0.2227563047645315	-0.9015475462559428	-0.851694581324895
20.81	-0.2240837130891881	-0.9567909082270174	-0.8946280481759286
20.8125	-0.2245267653723897	-1.002829446558323	-0.9288262134524831
20.815	-0.2240837130891875	-1.020690075164725	-0.9534938029261688
20.8175	-0.2227563047645334	-1.072671365135127	-0.9681158214223086
20.82	-0.2205497790726498	-1.049808062216415	-0.9724667365674103
20.8225	-0.2174728441623768	-1.119275774883253	-0.9665981193486449
20.825	-0.2135376432900795	-1.186080229879164	-0.950810242819308
20.8275	-0.2087597068957928	-1.112932179256072	-0.925614444734428
20.83	-0.2031578913116272	-1.019126744858445	-0.8916930895607057
20.8325	-0.1967543043444671	-1.003658219323499	-0.8498634023740854
20.835	-0.1895742180265377	-1.027338839267643	-0.8010498780325104
20.8375	-0.1816459688783073	-0.7360758056960875	-0.7462666426057478
20.84	-0.1730008460770344	-0.6457798364638245	-0.6866062373197672
20.8425	-0.1636729679728794	-0.6208440906767652	-0.6232268088242884
20.845	-0.1536991474392023	-0.6373973782991907	-0.557328926683211
20.8475	-0.1431187465890444	-0.4393422745692802	-0.4901181946801849
20.85	-0.1319735214308357	-0.3624328199249587	-0.4227582371772511
20.8525	-0.1203074570764853	-0.253755903351222	-0.3563248274557119
20.855	-0.1081665941523239	-0.02909746256295234	-0.2917716768609898
20.85749999999999	-0.0955988470976599	-0.08803581033417905	-0.2299127324415255
20.86	-0.08265381506843685	0.10004826064945	-0.1714192523364906
20.8625	-0.06938258619209825	0.2635050064989309	-0.1168260826683222
20.865	-0.05583753594592342	0.04417839139206327	-0.06654108837965522
20.8675	-0.04207212045516321	0.2550610805349235	-0.02085323824306728
20.87	-0.02814066552584006	0.4734221721869362	0.02006309638853038
20.8725	-0.01409815224595877	-0.03564507909694897	0.05614822063058762
20.875	4.182540474793877e-15	0.4226307696512405	0.08746056446946668
20.8775	0.01409815224596712	0.4246994401821705	0.1141810586711406
20.88	0.02814066552584837	0.4861523477399477	0.1366149779883342
20.8825	0.04207212045517143	0.4269431189604804	0.1551877326388877
20.885	0.05583753594595625	0.3787906119833941	0.170432311218371
20.8875	0.0693825861921062	0.3503896417919085	0.1829681905942444
20.89	0.08265381506844462	0.3267529662087299	0.1934735661436531
20.8925	0.09559884709764437	0.3824639920413769	0.2026538755781676
20.895	0.1081665941523312	0.2857231342030485	0.2112096103529299
20.8975	0.1203074570764923	0.340034756556852	0.2198057357582915
20.9	0.1319735214308219	0.4231835580338817	0.2290442211494483
20.9025	0.1431187465890311	0.2046199381711366	0.2394405638419851
20.905	0.1536991474392084	0.1423358576162845	0.2514048612384459
20.9075	0.1636729679728676	0.1547433847851523	0.2652278691442096
20.91	0.1730008460770397	0.2889729364143864	0.2810724491030734
20.9125	0.1816459688783123	0.2184646871931417	0.2989707346757088
20.915	0.1895742180265559	0.3765782082227489	0.318827159048481
20.9175	0.1967543043444711	0.2181762326580281	0.3404271639671584
20.92	0.2031578913116308	0.4017697399955515	0.363450992366492
20.9225	0.2087597068957959	0.5019323111431852	0.3874915418908471
20.925	0.21353764329009	0.2691685489569798	0.4120749304327888
20.9275	0.2174728441623725	0.40827179807758	0.436682284219234
20.93	0.2205497790726514	0.3625766346933825	0.4607713361399705
20.9325	0.2227563047645344	0.1594371735767923	0.4837966826704947
20.935	0.224083713089188	0.3943531160259983	0.505227906285942
20.9375	0.2245267653723897	0.4672419470344784	0.5245651255970561
20.94	0.2240837130891876	0.592449210020202	0.5413518106880397
20.9425	0.2227563047645337	0.5183967542724792	0.5551848689647471
20.945	0.2205497790726502	0.5616791544546615	0.565722089523221
20.9475	0.2174728441623774	0.6591783957327346	0.572687080435747
20.95	0.2135376432900881	0.6756179660311471	0.575871886548662
20.9525	0.2087597068957937	0.7424387115740425	0.5751375492992657
20.955	0.2031578913116282	0.7506862308507175	0.5704129458413989
20.95749999999999	0.1967543043444683	0.8451368491216908	0.5616922864276938
20.96	0.189574218026539	0.5623815963444639	0.5490316272745733
20.9625	0.1816459688782938	0.727481406584257	0.5325446669189595
20.965	0.1730008460770359	0.6377655183343742	0.5123979624394436
20.9675	0.163672967972881	0.6239892050478323	0.4888055715664363
20.97	0.1536991474392041	0.5670728139533685	0.462023041567222
20.9725	0.1431187465890265	0.4297859049933257	0.4323406528254771
20.975	0.131973521430817	0.632492209452159	0.400075885252942
20.9775	0.1203074570764873	0.3042385420478828	0.365565186076444
20.98	0.108166594152326	0.2422226060821792	0.3291552419802448
20.9825	0.095598847097639	0.1822757672839817	0.2911940621431329
20.985	0.0826538150684391	0.298372135668051	0.2520222392929395
20.9875	0.06938258619210055	0.0444603448697596	0.2119647686572493
20.99	0.05583753594595049	0.1564345187304038	0.1713237787249568
20.9925	0.04207212045516558	-0.0428360438855984	0.1303724781326414
20.995	0.02814066552584247	-0.03793257809158605	0.08935056252457946
20.9975	0.01409815224598666	-0.2039792744282191	0.04846125960735966
21.0	2.110393483485054e-15	-0.2072190983807468	0.01512415601624977
21.0025	0.01688566870107244	-0.325712113080642	-0.01023418516849378
21.005	0.03370469738210791	-0.1845046297402088	-0.0338092526501247
21.0075	0.05039070902078785	-0.2990887550860974	-0.05361837760783549
21.01	0.06687785155231764	-0.4572346256736884	-0.0678797976839089
21.0125	0.08310105775732468	-0.5056922941126929	-0.07507214307115834
21.015	0.09899630205265422	-0.3721544543744921	-0.07398966590686196
21.0175	0.1145008531708615	-0.2725652701015425	-0.06379144558224578
21.02	0.1295535217320677	-0.2634198879085933	-0.04403996904414738
21.0225	0.144094901730372	-0.2883105980818007	-0.01472379619522304
21.025	0.1580676049822704	-0.05576082005316527	0.02374025434375871
21.0275	0.1714164876114744	-0.1129836772174324	0.0705293958083047
21.03	0.1840888676768676	0.0001367041034179318	0.1244650568314783
21.0325	0.1960347330837208	0.1791894810774249	0.1840910540525911
21.035	0.2072069389588437	0.2336759666184929	0.2477723578990698
21.0375	0.2175613937097426	0.2381364556903316	0.3137990213134819
21.04	0.227057233034016	0.4269609485933272	0.3804772709843424
21.0425	0.2356569811921022	0.526948556733578	0.446195011388057
21.045	0.2433266989068413	0.7026412286858831	0.5094591938730374
21.0475	0.2500361173063904	0.9446051440019055	0.5689126017339813
21.05	0.2557587573815682	0.7520004864775597	0.6233429753517498
21.0525	0.2604720344864311	0.9126832150719393	0.6716955252966876
21.055	0.2641573474695207	1.108418714347656	0.7130924630944319
21.0575	0.2668001520841616	1.186416985136032	0.7468554676413938
21.06	0.2683900183879242	1.147575710007642	0.7725231252336557
21.0625	0.2689206719048427	1.200400512138308	0.7898559587499487
21.065	0.2683900183879222	1.133804663517066	0.7988257851969076
21.0675	0.2668001520841614	1.162069068255837	0.7995921457031883
21.07	0.2641573474695205	0.9780264877521044	0.7924732308278029
21.0725	0.2604720344864232	0.9796761133888623	0.7779192100658455
21.075	0.2557587573815678	0.7715836417062787	0.7564923850459833
21.0775	0.2500361173063899	0.7254645118405996	0.7288538276212553
21.08	0.2433266989068407	0.7106983838500317	0.6957527450523864
21.0825	0.2356569811921015	0.6029938488440637	0.6580138827208338
21.085	0.2270572330340153	0.3653222387469097	0.6165196157580651
21.0875	0.2175613937097418	0.3509561149232137	0.5721859180014534
21.09	0.2072069389588428	0.05974913491868114	0.5259337911641575
21.0925	0.1960347330837199	0.1398997986526979	0.4786590327633219
21.095	0.1840888676768443	0.1043410979260547	0.4312032094687866
21.0975	0.171416487611497	0.05170877650982304	0.3843278081371911
21.1	0.1580676049822446	0.04122236848023914	0.338692419724212
21.1025	0.1440949017303709	-0.2287524940206891	0.2948370123416784
21.105	0.1295535217320666	-0.0431524372886079	0.2531681315225107
21.10749999999999	0.1145008531708603	-0.2116484327914958	0.2139491959759209
21.11	0.09899630205262458	-0.2656231171343771	0.1772956497878239
21.1125	0.08310105775732343	-0.2440746236508228	0.1431761468991462
21.115	0.06687785155228675	-0.05662355336056732	0.1114207857882433
21.1175	0.05039070902081658	-0.1894961943480568	0.0817365792969498
21.12	0.0337046973821066	-0.03558720710923804	0.05372913701225469
21.1225	0.01688566870107112	-0.01654811308851395	0.02692849080073146
21.125	7.887342492878966e-16	0.0539024109097647	0.0008165376680159368
21.1275	-0.01688566870106954	-0.08239170052828171	-0.02514620205620332
21.13	-0.03370469738213537	0.02435557128702316	-0.05149612981754967
21.1325	-0.05039070902081503	0.1476880000828576	-0.07874522449872912
21.135	-0.06687785155231483	-0.118396278008332	-0.1073629380823139
21.1375	-0.08310105775732192	0.08435780459524919	-0.1377610399663749
21.14	-0.09899630205262312	0.07636327359960957	-0.1702809622609034
21.1425	-0.1145008531708589	0.1360806675656095	-0.2051832470649524
21.145	-0.1295535217320652	0.1799262662290712	-0.2426388634341434
21.1475	-0.1440949017303696	0.07114010925282051	-0.2827223559708625
21.15	-0.1580676049822433	0.06495463984685262	-0.3254069317091627
21.1525	-0.1714164876114722	0.07425900067154209	-0.3705616404612514
21.155	-0.1840888676768654	-0.06839895962141343	-0.4179507536875466
21.15749999999999	-0.1960347330836979	-0.2056476542339687	-0.4672353429025423
21.16	-0.2072069389588418	-0.1786417358485484	-0.5179769757525886
21.1625	-0.2175613937097588	-0.5446666294731428	-0.5696434581845358
21.165	-0.2270572330340308	-0.668403299082686	-0.6216166864924757
21.1675	-0.2356569811921008	-0.4765120540310137	-0.6732029018245259
21.17	-0.2433266989068401	-0.4852369056267217	-0.7236458661309029
21.1725	-0.2500361173064006	-0.7377659138292021	-0.7721435644897322
21.175	-0.2557587573815767	-0.7306771248373072	-0.8178688467350703
21.1775	-0.2604720344864304	-0.8727754224761067	-0.8599938785471615
21.18	-0.2641573474695202	-1.024676359601986	-0.8977174454816294
21.1825	-0.2668001520841612	-1.2452118972181	-0.9302932875303089
21.185	-0.268390018387924	-1.263805190749269	-0.9570570900658506
21.1875	-0.2689206719048427	-1.320167687978257	-0.9774497903231265
21.19	-0.2683900183879224	-1.264073765829558	-0.9910354717472782
21.1925	-0.2668001520841618	-1.295104832054087	-0.9975130158051914
21.195	-0.264157347469521	-1.584301311428721	-0.9967214836998993
21.1975	-0.2604720344864315	-1.369869747999846	-0.9886397024822432
21.2	-0.2557587573815687	-1.514684944703394	-0.9733807838293689
21.2025	-0.250036117306391	-1.381003224106959	-0.9511824991930554
21.205	-0.243326698906842	-1.307363863070522	-0.9223947019896117
21.2075	-0.2356569811921029	-1.213038008005674	-0.887465271223493
21.21	-0.2270572330340168	-1.155838959319787	-0.8469261257833022
21.2125	-0.2175613937097435	-1.1126574005539	-0.8013804665638229
21.215	-0.2072069389588252	-0.8156485249654001	-0.7514914569200071
21.2175	-0.1960347330837219	-0.8123027739904914	-0.6979713061564611
21.22	-0.1840888676768464	-0.4993145672394739	-0.6415687847328417
21.2225	-0.1714164876114757	-0.5881214644987467	-0.5830532615517598
21.225	-0.1580676049822469	-0.457181534174819	-0.5231946700319173
21.2275	-0.1440949017303733	-0.2065862969286207	-0.4627408321976816
21.23	-0.1295535217320691	-0.3231425047660969	-0.4023951679654197
21.2325	-0.1145008531708353	-0.2676098753987968	-0.342798066260247
21.235	-0.09899630205262727	-0.09364567958069128	-0.2845140488280207
21.2375	-0.08310105775732618	0.1195217411489773	-0.2280250779827105
21.24	-0.06687785155231916	0.09563622314277478	-0.1737288619125144
21.2425	-0.0503907090207894	0.06165836661560042	-0.121940292494055
21.245	-0.03370469738210947	0.2343882179677202	-0.0728941916659393
21.2475	-0.01688566870107401	0.5462593624460947	-0.02674805422602952
21.25	-1.008749443862327e-14	0.4486008598111644	0.02400931361506993
21.2525	0.04618776134872025	0.3784362639966802	0.07993025845544804
21.255	0.09219324070467128	0.4896833723323108	0.1343842551520018
21.2575	0.1378348754584809	0.4742622336495363	0.1887587782932091
21.26	0.182932538929785	0.4903509689101397	0.2444090831713708
21.2625	0.2273082512438586	0.3340886373523207	0.3025812318910891
21.265	0.2707868817374543	0.3399282061074823	0.3643293679909724
21.2675	0.3131968401195919	0.47852650876901	0.430439204398809
21.27	0.354370753659804	0.6106124602000774	0.5013650995172422
21.2725	0.3941461277319196	0.4423951280729074	0.5771864121550985
21.275	0.4323659871061836	0.6036081874985241	0.6575890431803211
21.2775	0.4688794954585005	0.7516990155643676	0.741876237256312
21.28	0.5035425506529095	0.8085771596993749	0.8290057612573059
21.2825	0.5362183534466022	0.8335175238244501	0.917638807042788
21.285	0.5667779473741594	0.7806269452702347	1.00617400822226
21.2875	0.59510072767954	0.9964148767723845	1.092739783591503
21.29	0.6210749172885308	1.092844056056904	1.175153283657964
21.2925	0.6445980079410761	1.211198491416553	1.250932343587694
21.295	0.6655771647450979	1.297943268169456	1.317480777742269
21.2975	0.6839295925531553	1.478669791940871	1.372431660952606
21.3	0.6995828627171171	1.533868369290303	1.413954729162468
21.3025	0.7124751989309657	1.643195802465789	1.440884405835667
21.305	0.7225557210335667	1.625078566091905	1.452725804364189
21.30749999999999	0.7297846458095594	1.675463114352869	1.449668312202404
21.31	0.7341334439954398	1.440219107318756	1.432644214793016
21.3125	0.7355849528715295	1.607188570174644	1.403361477505769
21.315	0.7341334439954363	1.514077913979809	1.364217360999901
21.3175	0.7297846458095629	1.403772102250728	1.318066986445525
21.32	0.7225557210335563	1.467955304441165	1.267910620913357
21.3225	0.7124751989309519	1.177929696136697	1.216596673154374
21.325	0.6995828627171258	1.09859020690962	1.166603985748315
21.3275	0.6839295925531657	1.341030922475259	1.119915793733695
21.33	0.6655771647451098	1.149715549595381	1.07796696538162
21.3325	0.6445980079410494	1.010505949916617	1.041639302533386
21.335	0.621074917288501	0.9312248987572948	1.011285198945719
21.3375	0.5951007276795566	0.7939344126320959	0.9867685879423377
21.34	0.5667779473741241	0.872425675402392	0.967519449276282
21.3425	0.5362183534466215	1.025963660529687	0.9526018839117754
21.345	0.5035425506528691	0.7420817334702068	0.9407948357449043
21.3475	0.4688794954585221	0.6705724646535591	0.9306800957018825
21.35	0.4323659871061387	0.7924273817933881	0.9207275868011898
21.3525	0.3941461277319433	0.7256689647518324	0.9093664967704039
21.355	0.3543707536597554	0.7423159698476369	0.8950336752033018
21.35749999999999	0.3131968401196173	0.7376594257614889	0.876196034448584
21.36	0.2707868817374027	0.6725953467656858	0.8513486803818345
21.3625	0.2273082512437263	0.9442091433890001	0.8189938109956629
21.365	0.1829325389297312	0.9548187407058982	0.7776075556630951
21.3675	0.1378348754585085	0.7673044006466949	0.7256040565013154
21.37	0.0921932407046162	0.7275210808324737	0.6613104134255323
21.3725	0.04618776134874829	0.471516447467708	0.582977669763068
21.375	-6.560878138118186e-14	0.3874667240716478	0.4888748816722604
21.3775	-0.04618776134871232	0.3332370810986083	0.3775217621233501
21.38	-0.0921932407046634	0.29330262072055	0.2480427162447737
21.3825	-0.1378348754585552	0.2653041545327635	0.100465869185402
21.385	-0.1829325389297773	0.1188098774889933	-0.06425135694119041
21.3875	-0.2273082512437716	0.1046270124771024	-0.2444684768789195
21.39	-0.2707868817373691	-0.1957288502910526	-0.4381584846788187
21.3925	-0.3131968401195847	-0.5088772454988496	-0.6430695489262978
21.395	-0.3543707536597971	-0.5372589836478511	-0.8567260231679183
21.3975	-0.3941461277319129	-0.839256789511093	-1.076325506410176
21.4	-0.4323659871061095	-1.189490262655667	-1.298586041323352
21.4025	-0.4688794954584944	-1.290403833535998	-1.519608599334398
21.405	-0.5035425506529038	-1.551484571421642	-1.734912197179437
21.4075	-0.5362183534465969	-1.465345685074049	-1.939816390983185
21.41	-0.5667779473741544	-1.671395777537121	-2.129966206383989
21.4125	-0.5951007276795846	-2.014978459623976	-2.301498508821963
21.415	-0.6210749172885266	-2.176779517764568	-2.450924415356849
21.4175	-0.6445980079410724	-2.274910028033414	-2.575209303804526
21.42	-0.6655771647450944	-2.530928891111395	-2.672076949177062
21.4225	-0.6839295925531832	-2.487347119714402	-2.740225506314499
21.425	-0.6995828627171405	-2.726963782165784	-2.779289503354943
21.4275	-0.7124751989309638	-2.663515319047085	-2.789629559709391
21.43	-0.7225557210335652	-2.805035345765556	-2.772126193141208
21.4325	-0.7297846458095688	-2.760785714615382	-2.728102116853261
21.435	-0.7341334439954393	-2.695159010696159	-2.659384276991976
21.4375	-0.7355849528715295	-2.519569841718934	-2.568405029478845
21.44	-0.7341334439954368	-2.431091659868809	-2.458188751048715
21.4425	-0.7297846458095639	-2.384790267291276	-2.332137089405973
21.445	-0.7225557210335578	-2.096485902360711	-2.193691075127945
21.4475	-0.7124751989309747	-2.2295007888722	-2.046056541042208
21.45	-0.6995828627171282	-1.820147826287016	-1.892127935179911
21.4525	-0.6839295925531685	-1.919064836641102	-1.734614174795264
21.455	-0.6655771647451131	-1.62430336434926	-1.576259247197641
21.4575	-0.6445980079410935	-1.389194345105066	-1.420001907839657
21.46	-0.6210749172885053	-1.444395859411789	-1.268971834652185
21.4625	-0.5951007276795612	-1.150675091256794	-1.126332359594787
21.465	-0.5667779473740758	-0.9726759725046439	-0.995019568278918
21.4675	-0.5362183534466268	-0.9044595694568112	-0.8773982696464647
21.47	-0.5035425506528748	-1.000175658128343	-0.774914524454705
21.4725	-0.4688794954584638	-0.5979205392588838	-0.6879345455108524
21.475	-0.4323659871060774	-0.4918639478733007	-0.6158754300220817
21.4775	-0.39414612773195	-0.599076364788875	-0.5575059464702615
21.48	-0.3543707536597623	-0.5798263285540285	-0.5112255486049759
21.4825	-0.3131968401195488	-0.5037431165419222	-0.4752291142291648
21.485	-0.2707868817374101	-0.5956355115961062	-0.4475598036677393
21.4875	-0.2273082512438134	-0.6810728139350475	-0.426091767503764
21.49	-0.1829325389298199	-0.2085810653797819	-0.4084946034738303
21.4925	-0.1378348754585163	-0.3123883931051983	-0.3922274480564139
21.495	-0.09219324070462406	-0.1740212715044732	-0.3745944135953715
21.4975	-0.04618776134875621	-0.3835089934893326	-0.3528644287608652
21.5	-1.07019290374916e-14	-0.2598821665059792	-0.3322761540335446
21.5025	0.01904986198910465	-0.1868419166593127	-0.3108589071152973
21.505	0.03802454287603738	-0.2830974625568015	-0.2799077778251784
21.50749999999999	0.0568491582639653	-0.2409981727084725	-0.2394170154988527
21.51	0.07544941599616886	-0.06454719788199824	-0.1897513777744367
21.5125	0.09375190935296128	-0.1848913495425613	-0.1316357585421296
21.515	0.1116844067547111	-0.08164381278552489	-0.06612885229659017
21.5175	0.1291761368267524	0.179060051578771	0.005428203100003526
21.52	0.1461580677017022	0.1196436883627098	0.08149092530897181
21.5225	0.1625631794567326	0.1297033535916995	0.1604080530801476
21.525	0.1783267286104697	0.3605993143898801	0.2405156588057494
21.5275	0.1933865036361146	0.3218956098215502	0.3202098746414122
21.53	0.207683070481798	0.4103739925954264	0.3979893244309447
21.5325	0.22116000712966	0.6472581008398294	0.472470913376092
21.535	0.2337641262678002	0.6798412051745837	0.542392069199757
21.5375	0.245445685196189	0.7959754916005306	0.6066151629814025
21.54	0.2561585821386169	0.9579515054316889	0.6641444700809369
21.5425	0.2658605381850485	0.6971343019144157	0.7141561529921505
21.545	0.2745132641473911	0.9300985974774126	0.7560334630190327
21.5475	0.2820826116693256	0.8481310617586637	0.7893955863332044
21.55	0.2885387079942997	0.9281298855094263	0.814109008104826
21.5525	0.2938560738596052	0.9193082319775151	0.8302754501551723
21.555	0.2980137240514579	0.7668194528061925	0.8381996762199115
21.55749999999999	0.3009952502240001	0.8632982707885283	0.8383483069605667
21.56	0.3027888856555609	1.097742483080703	0.8313116817967342
21.5625	0.3033875516865194	0.9492784767788522	0.8177753509998088
21.565	0.3027888856555581	0.8833572187533336	0.7985009692880222
21.5675	0.3009952502240032	0.687223811516698	0.7743121065347949
21.57	0.298013724051456	0.8895253846160773	0.7460796844179322
21.5725	0.2938560738596028	0.8618740431115939	0.714703410627461
21.575	0.2885387079942967	0.6234892709788291	0.681088205561123
21.5775	0.2820826116693347	0.5252267931141192	0.6461168902601538
21.58	0.2745132641474016	0.6293488158140588	0.6106215995276072
21.5825	0.2658605381850438	0.4970107244379961	0.5753564466921717
21.585	0.2561585821386116	0.4702287979179701	0.540973312887176
21.5875	0.2454456851962035	0.5470715986665655	0.5080018128702279
21.59	0.233764126267794	0.4325775625216307	0.4768339162740907
21.5925	0.2211600071296533	0.3167451274984764	0.4477135421667062
21.595	0.2076830704817909	0.1966927082507197	0.4207316072878347
21.5975	0.1933865036361071	0.2686481276606718	0.3958272213984812
21.6	0.1783267286104618	0.362874080152039	0.3727956636423921
21.6025	0.1625631794567242	0.3525765175871418	0.3513032501119246
21.605	0.1461580677016936	0.1990749739860615	0.3309082965731198
21.6075	0.1291761368267747	0.3523147674435947	0.3110864296100879
21.61	0.1116844067547019	0.02028455561704978	0.2912579046185306
21.6125	0.09375190935291915	0.23620622492311	0.2708145777216713
21.615	0.07544941599612595	0.1441412492749498	0.2491447028038925
21.6175	0.05684915826395566	0.06852963392908759	0.2256545365501895
21.62	0.03802454287602764	0.1839669715177957	0.1997865442461172
21.6225	0.01904986198912928	0.36808846587699	0.1710345978722368
21.625	-2.051854074388126e-14	-0.04460907546715509	0.1389568542738467
21.6275	-0.01904986198913581	0.22840451806899	0.1031869993106483
21.63	-0.03802454287603414	0.07670549944317456	0.06344430711206167
21.6325	-0.05684915826396209	0.2601368208935136	0.01954258958217479
21.635	-0.0754494159961657	-0.08272376454216157	-0.02860227721538232
21.6375	-0.09375190935292536	0.06594396406610731	-0.08096682886749097
21.64	-0.111684406754708	0.04554458922995773	-0.1374170907685481
21.6425	-0.1291761368267494	-0.2570337745926065	-0.1977085823647297
21.645	-0.1461580677016993	-0.0742020005206564	-0.2614890645372828
21.6475	-0.1625631794567007	-0.1537705803589504	-0.3283033015372441
21.65	-0.1783267286104391	-0.2893248782812783	-0.3975987714681334
21.6525	-0.1933865036361121	-0.4009571407324595	-0.4687313209325175
21.655	-0.2076830704817956	-0.3075228322877402	-0.5409702678987518
21.6575	-0.2211600071296578	-0.6722530052291212	-0.6135033068700328
21.66	-0.2337641262677982	-0.7532789278043422	-0.6854425560068598
21.6625	-0.2454456851962074	-0.620219165431554	-0.7558339480936493
21.665	-0.2561585821386336	-0.6776271847739539	-0.8236725889164274
21.6675	-0.265860538185047	-0.9598151414039856	-0.8879262954672118
21.67	-0.2745132641474043	-1.134739310124963	-0.947567938284582
21.6725	-0.2820826116693371	-0.9863105786148438	-1.001614533806975
21.675	-0.2885387079942987	-1.299773259880445	-1.049168202727648
21.6775	-0.2938560738596044	-1.111221841845886	-1.089452728737759
21.68	-0.2980137240514573	-1.496833872276503	-1.121840628405751
21.6825	-0.3009952502240041	-1.28614333295015	-1.145868817759937
21.685	-0.3027888856555607	-1.501307737666026	-1.16124418710646
21.6875	-0.3033875516865194	-1.293659354074792	-1.167841980264507
21.69	-0.3027888856555605	-1.422522474491943	-1.165699585120835
21.6925	-0.3009952502240036	-1.303775976817823	-1.155007117352434
21.695	-0.2980137240514567	-1.105911588559053	-1.136095109379838
21.6975	-0.2938560738596036	-1.172858236246113	-1.109419294705813
21.7	-0.2885387079942976	-1.050184954647065	-1.075542920258451
21.7025	-0.2820826116693359	-1.048210194182358	-1.035117832911303
21.705	-0.2745132641473882	-0.9575382071322525	-0.9888661742329956
21.7075	-0.265860538185062	-0.8940982586731079	-0.9375643305176417
21.71	-0.2561585821386134	-0.8098447547833034	-0.882029615701255
21.7125	-0.2454456851961851	-0.5578602379530216	-0.8231083796701568
21.715	-0.2337641262677741	-0.7519849722446514	-0.7616627729212746
21.7175	-0.2211600071296555	-0.4406596807416628	-0.6985533599223586
21.72	-0.2076830704817932	-0.4591305894611474	-0.6346166264574488
21.7225	-0.1933865036361096	-0.5126866625246059	-0.5706393731397832
21.725	-0.1783267286104365	-0.404022449069294	-0.5073342703367283
21.7275	-0.162563179456727	-0.4037421778146932	-0.4453210368339072
21.73	-0.1461580677016965	-0.4060925231159588	-0.3851158113703912
21.7325	-0.1291761368267464	-0.1750397992214207	-0.3271286192326678
21.735	-0.111684406754705	0.1117577001640803	-0.2716668358525182
21.7375	-0.09375190935295505	-0.05279646253144247	-0.2189418517686541
21.74	-0.07544941599612912	-0.01162285383348285	-0.1690765308177569
21.7425	-0.05684915826395887	0.07509745952148868	-0.122111962546329
21.745	-0.03802454287603089	0.01027331010007149	-0.07801298078758873
21.7475	-0.01904986198913254	0.2535729716856614	-0.03667273073359289
21.75	4.221845396949817e-14	0.06476777919975987	-0.01415603129768391
21.7525	-0.04664154891088255	0.2051480341022212	-0.01015795518160952
21.755	-0.09309902493666858	0.3256112999870747	-0.01042025763462759
21.75749999999999	-0.1391890816439286	-0.06450322735013853	-0.01790661234981068
21.76	-0.1847298226354649	0.1254943506993319	-0.03559395306097245
21.7625	-0.2295415194120048	0.05800909712364388	-0.06684534913183945
21.765	-0.2734473206789714	-0.06461080714951517	-0.1156302165075902
21.7675	-0.3162739502974166	-0.2569392150704858	-0.1861663480791167
21.77	-0.3578523911258625	0.000574724631672921	-0.2817285845222526
21.7725	-0.3980185520538134	-0.4601923467791558	-0.4033980756789476
21.775	-0.4366139155941149	-0.3673537156764091	-0.5498851897708299
21.7775	-0.473486163479492	-0.3319331532219215	-0.718272329475337
21.78	-0.508489777792869	-0.8219761613757276	-0.9048176422293436
21.7825	-0.541486615260239	-0.9161902198184491	-1.10544022436672
21.785	-0.5723464524388202	-1.083589121952266	-1.315908868167167
21.7875	-0.6009474996498488	-1.368708459777952	-1.531829616600794
21.79	-0.6271768816265587	-1.48570307982842	-1.748559998701227
21.7925	-0.6509310829813528	-1.871607548458311	-1.961226747688968
21.795	-0.6721163567337817	-2.011200251251249	-2.164911921010015
21.7975	-0.6906490942868682	-2.073348550754313	-2.354777331139781
21.8	-0.7064561553924262	-2.340226400297226	-2.525953418470031
21.8025	-0.7194751568017387	-2.564504886199653	-2.673511280978122
21.805	-0.7296547184640898	-2.595485860583778	-2.792870399437777
21.8075	-0.7369546663001979	-2.740236185021815	-2.880483830765229
21.81	-0.741346190750988	-2.912917999527229	-2.934332991221521
21.8125	-0.7428119604757337	-2.819346827908902	-2.953927474151453
21.815	-0.7413461907509832	-3.155197018183392	-2.939910419598023
21.8175	-0.7369546663001989	-2.974047011387934	-2.893647242577997
21.82	-0.7296547184640914	-2.94066842285818	-2.817097771972671
21.8225	-0.7194751568017406	-2.915960852544279	-2.712945445088094
21.825	-0.7064561553924027	-2.876740279492104	-2.584691847984773
21.8275	-0.6906490942869021	-2.564110452606656	-2.43644123260496
21.83	-0.6721163567337491	-2.396494156891916	-2.272386321957752
21.8325	-0.6509310829813566	-2.196111933651766	-2.09629743228075
21.835	-0.627176881626563	-2.121274489707265	-1.911318808401997
21.8375	-0.6009474996498535	-1.924191169126724	-1.720163897263195
21.84	-0.5723464524388252	-1.480985363762568	-1.52557716138864
21.8425	-0.5414866152601867	-1.478047256756301	-1.330735484666354
21.845	-0.5084897777928749	-1.189881209497348	-1.139281407202241
21.8475	-0.4734861634794982	-0.9746544675549396	-0.9550321635787956
21.85	-0.4366139155941214	-0.8343287750102379	-0.7816329750854256
21.8525	-0.3980185520537489	-0.6643826298109553	-0.6221959101083296
21.855	-0.3578523911258695	-0.5455599621815036	-0.4788200736379236
21.85749999999999	-0.3162739502974238	-0.2218748042280487	-0.3522435514259417
21.86	-0.2734473206789003	-0.08066095851026896	-0.2419973852567204
21.8625	-0.2295415194119321	-0.02774607393199596	-0.1469046276225008
21.865	-0.1847298226353908	0.07577530728238142	-0.06551488108152485
21.8675	-0.1391890816439364	0.1135306690870887	0.003669677740474081
21.87	-0.09309902493667652	0.2321560836108444	0.06211392653930419
21.8725	-0.04664154891080626	0.2932392044864634	0.1112564473061864
21.875	3.422152597152926e-14	0.258379674564321	0.1525912815231683
21.8775	0.04664154891087457	0.2815538790536014	0.1877958368141454
21.88	0.09309902493666064	0.387437945394306	0.218823876689976
21.8825	0.1391890816439207	0.3636571032761292	0.2478869214265476
21.885	0.1847298226354571	0.5440449370931617	0.2773259267292453
21.8875	0.2295415194119972	0.4232989522077431	0.309439493662508
21.89	0.2734473206789639	0.3404043716074751	0.346327628663893
21.8925	0.3162739502974093	0.5606893974272613	0.3897678979443192
21.895	0.3578523911259295	0.5816374302819989	0.4411132147196177
21.8975	0.3980185520537353	0.7108977950971652	0.5011993331558402
21.9	0.4366139155941084	0.5595418682022711	0.5702658976635513
21.9025	0.4734861634794859	0.6413833592861627	0.6479132992603126
21.905	0.5084897777928631	0.5512436538640879	0.7331227027388275
21.9075	0.5414866152601757	0.5873767271683008	0.8243477632771684
21.91	0.5723464524388151	1.01996525194963	0.9196473939720601
21.9125	0.6009474996498442	0.9978142420497528	1.01678480997569
21.915	0.6271768816265998	1.001899361176122	1.113199066852016
21.9175	0.6509310829813489	1.125956985405459	1.205841738383602
21.92	0.6721163567337783	1.155757620348471	1.291118299213617
21.9225	0.6906490942868962	1.348438743999695	1.365269799562147
21.925	0.7064561553924238	1.394478832610481	1.425068205148866
21.9275	0.7194751568017367	1.503669026961709	1.468271752247845
21.93	0.7296547184641041	1.657132528068772	1.493624159342549
21.9325	0.7369546663002075	1.52102315608469	1.500696537363744
21.935	0.7413461907509875	1.595389293157654	1.489881542744869
21.9375	0.7428119604757337	1.647996771299451	1.462540524397203
21.94	0.741346190750989	1.404775243136362	1.421087574408909
21.9425	0.7369546663001999	1.370039746039734	1.368821631459539
21.945	0.7296547184640928	1.516599776340527	1.309517465088274
21.9475	0.7194751568017426	1.475232586012171	1.246951635467505
21.95	0.7064561553924312	1.310579846434428	1.184529723667679
21.9525	0.6906490942869051	1.239077236252026	1.125070645095721
21.955	0.6721163567337526	1.174641944528926	1.070720919045324
21.9575	0.6509310829814012	0.945264026941474	1.022949207364563
21.96	0.6271768816265674	0.914777797721519	0.982580933079623
21.9625	0.6009474996498086	1.00049784435364	0.9498486178365674
21.965	0.5723464524387766	0.6329804391402662	0.924447456187372
21.9675	0.5414866152601922	0.7822209930146381	0.9055966094407297
21.97	0.5084897777928807	0.786216027402425	0.8921127258233524
21.9725	0.4734861634794393	0.8926071806733533	0.8825004829438152
21.975	0.4366139155940595	0.7419629780995476	0.8750562683707294
21.9775	0.3980185520537556	0.7967916297020046	0.8679711763902905
21.98	0.3578523911258765	0.696084902961903	0.8594153625000398
21.9825	0.3162739502974311	1.01394832444958	0.8475903449211666
21.985	0.2734473206789078	0.8775712887781452	0.8307452408970813
21.9875	0.2295415194120201	0.7764080782331889	0.8071606935773132
21.99	0.1847298226353986	0.7680567869700474	0.7751078232017037
21.9925	0.1391890816439443	0.7608195503402051	0.7327911866698066
21.995	0.09309902493668445	0.6694764991167108	0.6782885926499157
21.9975	0.04664154891089854	0.5512545976970552	0.6095141930803227
22.0	6.448353677147344e-14	0.5485210460349434	0.5230118195422843
22.0025	-0.05164667417356494	0.512478734415865	0.4161982200479995
22.005	-0.103089522519259	0.3823675858496428	0.2882486262251627
22.0075	-0.1541255236166927	0.2571998184161773	0.1383349635891161
22.01	-0.2045532616857563	0.1155265583798347	-0.03273044833076749
22.0125	-0.2541737214823511	0.02616262901547778	-0.2228836465924004
22.015	-0.3027910737212706	-0.3142875662333214	-0.4294419750837754
22.0175	-0.3502134479241228	-0.4877414312988623	-0.6495071548250076
22.02	-0.3962536896454936	-0.7254867793037829	-0.8800723352208595
22.0225	-0.4407300990848413	-0.9408655716987836	-1.117958495609159
22.025	-0.4834671481735319	-1.281107217306815	-1.359666102223085
22.0275	-0.5242961733035132	-1.517709685461262	-1.601190510149938
22.03	-0.5630560409656045	-1.602746443299842	-1.837947794609436
22.0325	-0.5995937836699068	-1.638071446249987	-2.06504496275095
22.035	-0.633765203638341	-1.845486986186511	-2.277769286416476
22.0375	-0.6654354418877968	-2.099330419727495	-2.471726225198722
22.04	-0.6944795104566591	-2.250157865573398	-2.642643627163
22.0425	-0.7207827856753048	-2.330595129581425	-2.786474361386376
22.045	-0.7442414605331739	-2.762250531084914	-2.899898669636825
22.0475	-0.764762954357902	-2.817316212104791	-2.98078543994355
22.05	-0.7822662781887414	-2.934808161875152	-3.028296593114895
22.0525	-0.7966823544030399	-2.827724353268341	-3.042676202413664
22.055	-0.8079542893340762	-2.832125257027593	-3.024955926242338
22.0575	-0.8160375978042821	-2.940572893416569	-2.976787446569828
22.06	-0.8209003786880964	-2.853173228724246	-2.900470927005171
22.0625	-0.822523440810929	-2.783550182414594	-2.7990587733205
22.065	-0.8209003786880933	-2.709193785053948	-2.676299323267711
22.0675	-0.8160375978042876	-2.517117800726161	-2.536295349655408
22.07	-0.807954289334067	-2.628677825017153	-2.383028495285257
22.0725	-0.796682354403051	-2.231292055489155	-2.220031973300055
22.075	-0.7822662781887262	-2.076453467689586	-2.050361322632769
22.0775	-0.7647629543578839	-1.960768587301504	-1.876819675096945
22.08	-0.744241460533153	-1.840652126349133	-1.702271645512522
22.0825	-0.7207827856752811	-1.728538654401384	-1.529847297762142
22.085	-0.6944795104566328	-1.557854052497069	-1.362941245638801
22.0875	-0.6654354418878228	-1.322640497598993	-1.205069137389569
22.09	-0.6337652036383097	-1.073489490250004	-1.059645677043622
22.0925	-0.599593783669873	-1.09065120521263	-0.9296309565813405
22.095	-0.5630560409656368	-1.092177635188064	-0.8170455296657151
22.0975	-0.5242961733035474	-0.7078196783073857	-0.7226053090833551
22.1	-0.4834671481735677	-0.6564892257234172	-0.6457529961699784
22.1025	-0.4407300990847997	-0.6147603940178231	-0.5850194106480979
22.105	-0.3962536896454505	-0.5294458993252036	-0.5384289735176104
22.10749999999999	-0.3502134479241629	-0.5671238964280955	-0.5037680901079044
22.11	-0.3027910737211378	-0.4373584639923052	-0.4786861039015177
22.1125	-0.2541737214823043	-0.3327942346476956	-0.4606754107705919
22.115	-0.2045532616857087	-0.4384783552721039	-0.4470084005408178
22.1175	-0.1541255236167363	-0.3556282770893021	-0.4347061990663866
22.12	-0.1030895225192102	-0.5075313793813698	-0.4205909546694506
22.1225	-0.05164667417351584	-0.4337213506306208	-0.4014326561559073
22.125	2.015925125841348e-14	-0.4365075040434074	-0.3741507504311079
22.1275	0.05164667417355609	-0.2410189867112861	-0.3360053957003165
22.13	0.1030895225192502	-0.4350271976676792	-0.2847340346815695
22.1325	0.1541255236167759	-0.2390039643672672	-0.2186371131674798
22.135	0.2045532616857478	-0.2385657034289121	-0.1366585342217983
22.1375	0.2541737214823427	-0.02939458332377934	-0.03850913828872746
22.14	0.3027910737211754	0.06555494772712683	0.07517865263150128
22.1425	0.3502134479241147	0.1136813440644509	0.202769591004445
22.145	0.3962536896454859	0.4665983200062027	0.3417440552531691
22.1475	0.4407300990847548	0.4792006848383573	0.4890342498261264
22.15	0.4834671481735247	0.5326405865347792	0.6414554640921718
22.1525	0.5242961733035063	0.6834185087853021	0.7960490220923702
22.155	0.5630560409656662	1.175411166255745	0.9501047335646131
22.1575	0.5995937836698367	1.202586115715613	1.100532133894109
22.16	0.6337652036383353	1.351842362538877	1.242583061784515
22.1625	0.6654354418878465	1.340053132651646	1.369446979822425
22.165	0.6944795104567045	1.735617265141416	1.474437950996293
22.1675	0.7207827856753005	1.549437457741327	1.553554608265469
22.17	0.7442414605331702	1.741283159519807	1.605455414784214
22.1725	0.7647629543578986	1.750616354238045	1.629873762147241
22.175	0.7822662781887675	1.632966793171484	1.626858473485802
22.1775	0.7966823544030378	1.686135575819596	1.597366390630869
22.18	0.8079542893340746	1.72369592857538	1.544328131480236
22.1825	0.8160375978042927	1.509317122991767	1.473121155087295
22.185	0.8209003786880958	1.307877468809921	1.390804147566278
22.1875	0.822523440810929	1.322421959782218	1.304656646661353
22.19	0.8209003786880998	1.26455550979075	1.221076253700634
22.1925	0.8160375978042888	1.155300156001029	1.14516005706523
22.195	0.8079542893340687	0.9269389215925753	1.080702829407725
22.1975	0.7966823544030532	0.853147424802412	1.030326027078102
22.2	0.7822662781887578	0.7856532477525295	0.9955947166605186
22.2025	0.7647629543578871	0.886099948358493	0.97706501903041
22.205	0.7442414605331568	0.9480876011737822	0.974255752601073
22.20749999999999	0.7207827856752853	0.9517931579463287	0.9856037988133204
22.21	0.6944795104566376	0.9637375061009699	1.008517610651023
22.2125	0.665435441887773	1.12517940815893	1.039609127482682
22.215	0.6337652036383152	1.026183455534834	1.075060867643727
22.2175	0.5995937836698791	1.309874000455019	1.110995955370466
22.22	0.5630560409656432	1.27229075075878	1.143760374883625
22.2225	0.5242961733034821	1.282975123916222	1.170125151833035
22.225	0.4834671481734992	1.434053368299002	1.187416698319541
22.2275	0.4407300990848072	1.524522328644117	1.193520041871678
22.23	0.3962536896454583	1.495755134030892	1.186727350121545
22.2325	0.3502134479240863	1.455007962426183	1.165489925466531
22.235	0.3027910737211461	1.239178502919333	1.128176169764478
22.2375	0.2541737214823128	1.206313800371225	1.072935985110292
22.24	0.2045532616857173	0.823296232823396	0.9977405974421248
22.2425	0.1541255236167449	1.025243522876288	0.9006343662133205
22.245	0.103089522519219	0.722126983782518	0.7802221259263935
22.2475	0.05164667417361803	0.5793072355109645	0.6363013639455705
22.25	4.872667285161276e-15	0.2996383894381012	0.4933056901431833
22.2525	0.02228641216257091	0.1552310071892893	0.3578402789816821
22.255	0.04448487003802457	0.1294805854305039	0.2158019662401443
22.2575	0.06650776645464224	-0.4652908852481603	0.07306455204129919
22.26	0.08826818710161098	-0.5281189787291384	-0.0652583111024875
22.2625	0.1096802535399491	-0.7376654831060309	-0.1944076421490517
22.265	0.1306594621257445	-0.8094366307239189	-0.3098103374263711
22.2675	0.1511230175070852	-1.080339888506178	-0.4070734823078883
22.27	0.1709901593799382	-1.06731102911463	-0.4820105596499077
22.2725	0.1901824812116558	-1.326617722423522	-0.5306963166713556
22.275	0.2086242396761751	-1.275993780366183	-0.5497576020042627
22.2775	0.226242653577977	-1.270887828823382	-0.5370175909879288
22.28	0.242968191086606	-1.258397846498783	-0.4921499053898399
22.2825	0.2587348441465937	-0.9200163213012895	-0.4168001838326536
22.285	0.2734803889814421	-0.9044577081461822	-0.3141081454979212
22.2875	0.2871466316622868	-0.7654230151252018	-0.1882934427329364
22.29	0.2996796377727788	-0.6806285530642784	-0.04471490881479526
22.2925	0.3110299452636054	-0.4013129065525661	0.110290064760429
22.295	0.3211527596565216	-0.1235578830833335	0.270361942564013
22.2975	0.3300081308278141	0.1981986632540633	0.4302058193740401
22.3	0.337561110673104	0.5367095349720875	0.5858277788590868
22.3025	0.3437818910315705	0.7986579990177411	0.7335141832175011
22.305	0.3486459213251503	0.865741562878003	0.868804335952476
22.3075	0.3521340054484211	1.175550408889563	0.9872916615606683
22.31	0.3542323775269152	1.443772873776486	1.085873513325734
22.3125	0.354932756244686	1.560841425657626	1.162799013513069
22.315	0.3542323775269122	1.556497652523688	1.217138184374901
22.3175	0.3521340054484204	1.859770027287758	1.248548460009757
22.32	0.3486459213251491	1.822605464724465	1.257165656374071
22.3225	0.343781891031569	1.52050022624187	1.24328828963645
22.325	0.3375611106731022	1.514363502615331	1.207353204935881
22.3275	0.3300081308278119	1.377405971415461	1.150331259783039
22.33	0.3211527596565191	1.031098552387027	1.074067372857536
22.3325	0.3110299452636026	0.736738208050648	0.9814042717195582
22.335	0.2996796377727757	0.3891968924908672	0.876060016607557
22.3375	0.287146631662307	0.551110558239427	0.7622089630966805
22.34	0.2734803889814383	0.109457533655422	0.6439702051760552
22.3425	0.2587348441465896	-0.07714874048712408	0.5250617835494019
22.345	0.2429681910866017	-0.4806986676899533	0.4086727679131121
22.3475	0.2262426535780035	-0.4016573149531537	0.2974694269452498
22.35	0.2086242396761376	-0.6099754781811522	0.1936539876692745
22.3525	0.1901824812116508	-1.114368419289095	0.09903633536576392
22.355	0.170990159379933	-1.043688823065059	0.01510279037028542
22.35749999999999	0.1511230175071164	-1.09507548672359	-0.05693422222639717
22.36	0.1306594621257015	-1.007607282482874	-0.1161360921102637
22.3625	0.1096802535399435	-1.169403733931037	-0.1619255958009889
22.365	0.08826818710156617	-1.165195877273371	-0.1942630924295779
22.3675	0.06650776645467606	-1.104897907008096	-0.2138190641826326
22.37	0.0444848700380187	-0.9833364085866911	-0.2220008077416661
22.3725	0.022286412162565	-0.7580804750579163	-0.2207917484764445
22.375	-1.046277184281935e-15	-0.6134130924930852	-0.2125024594897471
22.3775	-0.02228641216256709	-0.6469271228947103	-0.1995459159582239
22.38	-0.04448487003802076	-0.3877595259021697	-0.1842776790331655
22.3825	-0.0665077664546781	-0.386587945501133	-0.1688952041257827
22.385	-0.08826818710160729	0.1439817353705366	-0.1553845081104039
22.3875	-0.1096802535399455	-0.06396443974062402	-0.1455057836525742
22.39	-0.1306594621257034	0.2705511962196743	-0.140807797608912
22.3925	-0.1511230175071183	0.2779077539792321	-0.1426567063696886
22.395	-0.1709901593799349	0.3914148967632504	-0.1522627246720226
22.3975	-0.1901824812116525	0.5005173113673566	-0.1706891374820962
22.4	-0.2086242396761393	0.5039277814261816	-0.1988325048454994
22.4025	-0.226242653577974	0.3363531851492735	-0.2373712854320139
22.405	-0.2429681910866032	0.488261796321096	-0.286692508094935
22.40749999999999	-0.2587348441465635	0.5565930315333615	-0.3468185863206964
22.41	-0.2734803889814397	0.5019090357865408	-0.4173603889523015
22.4125	-0.2871466316623083	0.1455782630249272	-0.4975119180781838
22.415	-0.2996796377727984	0.09696473287432664	-0.5860815628086224
22.4175	-0.3110299452636036	-0.2453274102640468	-0.6815397729727063
22.42	-0.32115275965652	-0.2890268801316482	-0.7820633142567943
22.4225	-0.3300081308278127	-0.4918592624496711	-0.8855686769509832
22.425	-0.3375611106731153	-0.74155221060685	-0.9897417602850439
22.4275	-0.3437818910315796	-0.9469462099181716	-1.092081130341092
22.43	-0.3486459213251495	-1.043105019069293	-1.189974670975556
22.4325	-0.3521340054484207	-1.314058812436889	-1.280818702950263
22.435	-0.3542323775269149	-1.72139871781474	-1.362162178189015
22.4375	-0.354932756244686	-1.81202120973409	-1.431834128845255
22.44	-0.3542323775269125	-2.021339857086787	-1.488020236001691
22.4425	-0.3521340054484208	-2.155924332047698	-1.529291478207665
22.445	-0.3486459213251499	-2.059503422635326	-1.554613350260726
22.4475	-0.34378189103158	-2.214763390798482	-1.56335717054882
22.45	-0.3375611106731158	-2.353322318088194	-1.555315382536981
22.4525	-0.3300081308278133	-2.485173407830493	-1.530711608427966
22.455	-0.3211527596565207	-2.675455334825244	-1.490193680762137
22.4575	-0.3110299452636044	-2.253320947660327	-1.43479723664367
22.46	-0.2996796377727777	-2.280959294222544	-1.365870659886488
22.4625	-0.2871466316622856	-2.031611828489511	-1.284967138110486
22.465	-0.2734803889814151	-1.848886350286213	-1.193734393975647
22.4675	-0.2587348441465923	-1.56959176344667	-1.093848893621587
22.47	-0.242968191086575	-1.6506828023042	-0.987029076455934
22.4725	-0.2262426535779754	-1.271274245755927	-0.8751153198987031
22.475	-0.2086242396761407	-1.130850426485148	-0.7601415475348736
22.4775	-0.190182481211654	-0.6571696996828547	-0.6443004278449693
22.48	-0.1709901593799364	-0.479843692408467	-0.5297719099881399
22.4825	-0.1511230175070833	-0.1386741117876212	-0.4184972270393262
22.485	-0.130659462125705	-0.1022143822640654	-0.3120222059764985
22.4875	-0.1096802535399472	-0.09319756980227353	-0.2114698995710055
22.49	-0.08826818710160896	0.3115010125065674	-0.1176122379055282
22.4925	-0.0665077664546798	0.3327318496596117	-0.03097270948035814
22.495	-0.04448487003802249	0.6386475532862792	0.0480895447292968
22.4975	-0.02228641216256882	0.7289509716117125	0.1193299023637623
22.5	2.262201565554036e-15	0.7005463773852627	0.1729987294956314
22.5025	-0.01813464344694244	0.9364246963781164	0.2090632668784795
22.505	-0.0361977177411652	0.9247400557814172	0.2359824940471125
22.5075	-0.05411793618056288	0.9018947687801857	0.2524105241107063
22.51	-0.07182457585005367	0.8096336570715195	0.2570600483139422
22.5125	-0.08924775673219093	0.8434958010544493	0.2487093834780143
22.515	-0.1063187174918963	0.5909774900481846	0.226282579326294
22.5175	-0.1229700868460633	0.5545232053044294	0.1889913106547762
22.52	-0.139136149447138	0.1763511222330987	0.1365003883277811
22.5225	-0.1547531052316056	0.05943854106387669	0.06906473128134263
22.525	-0.1697593212097198	0.2006881134504723	-0.01241552117974901
22.5275	-0.1840955747026234	-0.3901012568717204	-0.1064537262934468
22.53	-0.1977052870674947	-0.5435023622388286	-0.2111291122878913
22.5325	-0.2105347469872398	-0.8035371974915677	-0.3242638675562745
22.535	-0.2225333224448038	-0.9899909361137171	-0.4435555920047711
22.5375	-0.2336536605444833	-1.200005961829293	-0.5666368668385713
22.54	-0.2438518743922156	-1.390937946938135	-0.6910739425151844
22.5425	-0.2530877162970277	-1.767901907396874	-0.8143334644338959
22.545	-0.2613247366103954	-1.897031183924633	-0.9337487445936731
22.5475	-0.2685304275762785	-2.000772092434783	-1.046521434281274
22.55	-0.2746763516244018	-2.057402276353852	-1.149799948209992
22.5525	-0.279738253600361	-2.105340768887126	-1.24085639289818
22.555	-0.2836961564896019	-2.204151938244097	-1.317319221987178
22.55749999999999	-0.2865344402576246	-2.370562180227056	-1.377362112189728
22.56	-0.2882419034950873	-2.380863914473284	-1.419783324034794
22.5625	-0.2888118076246513	-2.152279670379257	-1.443995839459606
22.565	-0.2882419034950858	-2.219150639857573	-1.449980202707021
22.5675	-0.2865344402576256	-1.969653409015783	-1.438227013885538
22.57	-0.2836961564896034	-1.739286554551583	-1.409672099796289
22.5725	-0.2797382536003548	-1.542245888558699	-1.365619563443596
22.575	-0.2746763516244042	-1.394902931007848	-1.307647602002709
22.5775	-0.2685304275762814	-1.253129044154188	-1.237501081423799
22.58	-0.2613247366103987	-0.9301747179091845	-1.156993423472589
22.5825	-0.2530877162970156	-0.7709022875661206	-1.067952930801798
22.585	-0.2438518743922021	-0.5585662107093509	-0.9722368902156361
22.5875	-0.2336536605444877	-0.3628170724975988	-0.8717964069019005
22.59	-0.2225333224448087	-0.1768777877823037	-0.7687254876426195
22.5925	-0.2105347469872451	0.04433021218406834	-0.6652165345494129
22.595	-0.1977052870674763	0.3924127789965833	-0.5634056339807215
22.5975	-0.1840955747026546	0.189344317873994	-0.4651803555425132
22.6	-0.1697593212096994	0.42075277791901	-0.372050042772213
22.6025	-0.1547531052316121	0.5225285585452268	-0.2851233821617508
22.605	-0.1391361494471447	0.6267031750345773	-0.2051665965268477
22.60749999999999	-0.1229700868460702	0.7194561340354976	-0.1326879642378363
22.61	-0.1063187174918729	0.6215054201857386	-0.06800964578898516
22.6125	-0.08924775673216696	0.5488911238079012	-0.0113134824489267
22.615	-0.07182457585002926	0.511235338419704	0.03733788006462575
22.6175	-0.05411793618057038	0.5488225404239904	0.0780005339397748
22.62	-0.0361977177411402	0.4342831283975228	0.1108668968440366
22.6225	-0.01813464344695006	0.4121328416332763	0.136297158727268
22.625	2.745833331573834e-14	-0.06043541108764261	0.1548541943610561
22.6275	0.01813464344693933	0.0876528249460918	0.1673255124075778
22.63	0.03619771774116211	0.0006975608756458335	0.1747174797721172
22.6325	0.05411793618059207	-0.3257796942504481	0.178217940405382
22.635	0.07182457585005064	-0.4167243758517029	0.1791356922203524
22.6375	0.08924775673215674	-0.3906482999686395	0.1788305816756567
22.64	0.1063187174918629	-0.5362948785821969	0.1786454060694053
22.6425	0.1229700868460605	-0.4506420282451274	0.1798452532529038
22.645	0.1391361494471353	-0.6522375642003662	0.1835655837726836
22.6475	0.154753105231603	-0.4756263254100927	0.190768473254138
22.65	0.1697593212096907	-0.5853134845779481	0.2022063955906637
22.6525	0.1840955747026463	-0.510656163469127	0.2183938301941367
22.655	0.1977052870674924	-0.3404906649645785	0.2395880947440412
22.6575	0.2105347469872377	-0.3898690081940989	0.2657815773214813
22.66	0.2225333224448228	-0.2320633889899723	0.2967075242196834
22.6625	0.2336536605445007	-0.0493441831886752	0.3318604912656333
22.665	0.2438518743922139	0.04178929017395057	0.3705306043330372
22.6675	0.2530877162970262	0.1643019797692924	0.411848450267372
22.67	0.2613247366103941	0.3432942135374988	0.4548355750429742
22.6725	0.2685304275762895	0.6182142380697879	0.498454960889892
22.675	0.274676351624411	0.6569033846610782	0.5416567626077168
22.6775	0.2797382536003603	0.8408814995317155	0.5834166322165875
22.68	0.2836961564896014	0.8097954267975895	0.6227662928305042
22.6825	0.2865344402576243	1.181166325798283	0.6588176795075432
22.685	0.2882419034950872	1.250146413732642	0.6907823525852029
22.6875	0.2888118076246513	1.073946110823864	0.7179871163082782
22.69	0.2882419034950859	1.386223577656357	0.7398855928879576
22.6925	0.286534440257626	1.483095700891501	0.7560647960979074
22.695	0.2836961564895978	1.207322788438741	0.7662459749690758
22.6975	0.2797382536003638	1.163981706838003	0.7702799797313332
22.7	0.2746763516244051	1.219482167434036	0.7681385392387593
22.7025	0.2685304275762825	1.051242621656192	0.7599035068119181
22.705	0.2613247366104	0.9294220976026444	0.7457560168730977
22.7075	0.2530877162970329	0.6535825103175126	0.7259667056590792
22.71	0.2438518743922038	0.6760428837583334	0.700887077185003
22.7125	0.2336536605444896	0.3448847847855444	0.6709411812405466
22.715	0.2225333224447897	0.4278869298869896	0.6366163260876618
22.7175	0.2105347469872472	0.1979387172040552	0.5984516780804587
22.72	0.1977052870674786	-0.0830855043103531	0.557024190227076
22.7225	0.1840955747026317	-0.1281993526487541	0.5129320820471229
22.725	0.1697593212097019	-0.1461944965420243	0.4667767594814944
22.7275	0.1547531052316147	-0.1737936275357954	0.4191444082939916
22.73	0.1391361494471187	-0.5653517085959907	0.3705884768713358
22.7325	0.1229700868460433	-0.5252469688631737	0.321613991685734
22.735	0.1063187174918758	-0.4758020662365233	0.2726642953351101
22.7375	0.08924775673216993	-0.4543420963227988	0.2241105179375839
22.74	0.07182457585006408	-0.5268743737141558	0.176243966721794
22.7425	0.05411793618057344	-0.6250781446263648	0.129271632160092
22.745	0.0361977177411433	-0.460919899254605	0.08331507345041338
22.7475	0.01813464344695317	-0.4253657295188887	0.03841294454146872
22.75	1.089186721242362e-14	-0.3252695134459762	-0.00667019023599786
22.7525	-0.02326685792350449	-0.4242518548465173	-0.05209938735867142
22.755	-0.04644189218845396	-0.4187783304802414	-0.0970194415591617
22.75749999999999	-0.06943364152213463	-0.2028374819443363	-0.1419654860853609
22.76	-0.09215136799402371	-0.08345615387056317	-0.1874811041040212
22.7625	-0.1145054151163948	0.0976070828659954	-0.2340914600909406
22.765	-0.1364075616778091	0.04756517749488959	-0.2822794794047578
22.7675	-0.1577713699119687	0.02037497501870667	-0.3324650126205045
22.77	-0.1785125266279688	-0.06048678601954516	-0.3849865042465371
22.7725	-0.1985491759560203	0.09009275963882803	-0.4400846127388391
22.775	-0.2178022423950273	0.2419682360227332	-0.4978873853306401
22.7775	-0.2361957428876814	0.07807634637495099	-0.5583968592592934
22.78	-0.2536570866907291	0.1668273954240029	-0.6214772657086093
22.7825	-0.2701173618575091	-0.08246405291613149	-0.686845337587119
22.785	-0.2855116072019493	-0.0254340589708208	-0.7540635938319173
22.7875	-0.2997790686705567	-0.2151736929708712	-0.8225379136499102
22.79	-0.3128634391112008	-0.3371329634029049	-0.8915211692806444
22.7925	-0.3247130804913584	-0.379353426033355	-0.9601249533553831
22.795	-0.3352812276901131	-0.5127114349014247	-1.02734115536907
22.7975	-0.3445261730585988	-0.8157179683458722	-1.092073925827195
22.8	-0.3524114310210726	-0.7289215806346133	-1.153180353896922
22.8025	-0.3589058820667601	-1.046958656746151	-1.209515643484886
22.805	-0.3639838955644317	-1.064443944497321	-1.259977071854458
22.80749999999999	-0.367625430914736	-1.326463535128944	-1.303541737709739
22.81	-0.3698161166413071	-1.479925653859324	-1.33929587238869
22.8125	-0.3705473071084036	-1.56140095211961	-1.366456644355138
22.815	-0.3698161166413035	-1.775024435739504	-1.384389139943143
22.8175	-0.3676254309147392	-1.55984152914858	-1.392620981598384
22.82	-0.3639838955644286	-1.781027327674489	-1.390855532181037
22.8225	-0.358905882066756	-1.782106409345802	-1.378982844040128
22.825	-0.3524114310210676	-2.043853016608258	-1.35708611580595
22.8275	-0.3445261730586083	-1.836865756324011	-1.32544077919706
22.83	-0.3352812276901241	-1.892212943184687	-1.284503798591623
22.8325	-0.3247130804913506	-1.819196243872572	-1.234892641058044
22.835	-0.312863439111192	-1.799839927294437	-1.177356483025419
22.8375	-0.2997790686705719	-1.84194331478159	-1.112745426254013
22.84	-0.2855116072019389	-1.312891346727227	-1.041984895329563
22.8425	-0.2701173618574979	-1.5383824767304	-0.966060276041384
22.845	-0.2536570866907172	-1.343651145715092	-0.8860109878248545
22.8475	-0.2361957428876688	-1.079329171994832	-0.8029258304560125
22.85	-0.2178022423950141	-0.9865069083513135	-0.7179274003770298
22.8525	-0.1985491759560065	-0.9486952088724679	-0.6321373081000204
22.855	-0.1785125266279545	-0.6432325851698886	-0.5466253154954231
22.8575	-0.1577713699119919	-0.2876157088948751	-0.4623566606958271
22.86	-0.1364075616777939	-0.2945950953090901	-0.380154056733942
22.8625	-0.1145054151163392	0.0262166158566932	-0.3006830547046023
22.865	-0.09215136799400787	-0.1251098550969313	-0.2244585876454794
22.8675	-0.06943364152215996	0.2902943478109907	-0.151863861096757
22.87	-0.04644189218843774	0.2255629762557204	-0.08317221607648598
22.8725	-0.02326685792353022	0.2669449799656277	-0.01856562197846946
22.875	2.723975994181283e-14	0.4371546678090014	0.04185303392834049
22.8775	0.02326685792354255	0.8777964066832796	0.09805420318503283
22.88	0.04644189218845	0.8018629237115775	0.1500813640061711
22.8825	0.06943364152217209	0.7699993798205244	0.1980540648583522
22.885	0.09215136799406065	0.7749394789791437	0.2421714489066349
22.8875	0.1145054151163509	0.765384606729776	0.2827129086817092
22.89	0.1364075616778054	0.6716774907211299	0.3200328461903924
22.8925	0.157771369911965	0.828074736497658	0.3545478981173447
22.895	0.1785125266279653	0.8286309264585373	0.3867170333335528
22.8975	0.1985491759559814	0.5993387291308342	0.4170167541617484
22.9	0.21780224239499	0.5856984858409372	0.4459145026000599
22.9025	0.2361957428876783	0.5080725504184069	0.4738431880988827
22.905	0.2536570866907262	0.4929194832497784	0.5011789458486214
22.9075	0.2701173618575063	0.3705444019898985	0.5282233342979276
22.91	0.2855116072019468	0.3994072243661583	0.5551905009067509
22.9125	0.2997790686705791	0.3564670642654537	0.5821994398824796
22.915	0.3128634391111986	0.2661192297745339	0.609271244679322
22.9175	0.3247130804913565	0.1650327678337248	0.636331108223311
22.92	0.3352812276901294	0.3206725724363931	0.6632146737831787
22.9225	0.3445261730586128	0.2122972533220167	0.6896781724323447
22.925	0.3524114310210714	0.4924077910849677	0.71541162113206
22.9275	0.3589058820667591	0.3654867541720017	0.7400542330655014
22.93	0.3639838955644309	0.3883769448999047	0.7632111325241596
22.9325	0.3676254309147408	0.734307245158	0.7844704717473583
22.935	0.3698161166413069	0.6373433646209363	0.8034201003824304
22.9375	0.3705473071084036	0.8996928670887872	0.8196630215323174
22.94	0.3698161166413064	0.7787173254292106	0.8328309765138465
22.9425	0.3676254309147397	0.9809872416368675	0.8425956430519558
22.945	0.3639838955644294	0.9078562185046138	0.8486771196064608
22.9475	0.3589058820667674	0.8477150402963118	0.8508495959307951
22.95	0.3524114310210688	1.097589762651794	0.8489443460896272
22.9525	0.3445261730586097	1.023361823703727	0.8428503787521522
22.955	0.3352812276901079	0.9872585789261725	0.8325131988742627
22.9575	0.3247130804913728	0.998780097397101	0.8179321555363475
22.96	0.3128634391111941	1.160359093995353	0.7991567823094962
22.9625	0.2997790686705494	1.190340840549349	0.7762824121462694
22.965	0.2855116072019146	1.036428483336775	0.7494452126107215
22.9675	0.2701173618575006	0.8006694952401276	0.7188166809932979
22.97	0.2536570866907201	0.9078160226157196	0.6845975905467538
22.9725	0.2361957428876718	0.9180133419044652	0.647011396443512
22.975	0.2178022423949832	0.7868527862203886	0.6062971798826747
22.9775	0.1985491759560099	0.5053526303108331	0.5627023029535092
22.98	0.178512526627958	0.3661220837882044	0.5164750330367827
22.9825	0.1577713699119575	0.1052108171645859	0.4678574483595642
22.985	0.1364075616777976	0.2564285309373876	0.4170789448559718
22.9875	0.114505415116383	0.02003139924075872	0.3643506332908144
22.99	0.09215136799405255	0.1012568427232512	0.3098608601798214
22.9925	0.06943364152216389	-0.2871120532347636	0.2537720253411266
22.995	0.0464418921884417	-0.2861194406693291	0.1962188180388389
22.9975	0.02326685792353421	-0.294655246149927	0.1373079592670375
23.0	-3.97505306842773e-14	-0.5612668086347973	0.09368625262292998
23.0025	0.0489833413902333	-0.6309010330011302	0.0662988335420966
23.005	0.09777336791031058	-0.5704383828820041	0.04085848593562054
23.00749999999999	0.1461775276156491	-0.6356957867254087	0.0218716004790215
23.01	0.1940047914017349	-0.6611730193709667	0.01340548016587908
23.0125	0.2410664069084299	-0.650797208376057	0.01904407887466865
23.015	0.2871766434398234	-0.4957081898815983	0.04184335822905703
23.0175	0.3321535249580895	-0.4383902344011205	0.08420087074121088
23.02	0.3758195482598582	-0.4013624910884162	0.1475876715329831
23.0225	0.418002383500341	-0.2133897389731916	0.2321795595313598
23.025	0.4585355543001955	0.0307961852877826	0.3365687612911167
23.0275	0.4972590947521968	0.3069669594177525	0.4578137021028485
23.03	0.5340201807332838	0.6436137289704179	0.5919268307618517
23.0325	0.5686737330316927	0.6713775727390447	0.7346156269129355
23.035	0.6010829899080784	0.878767596313038	0.8819447328368646
23.0375	0.6311200468319959	1.065006566758671	1.030473669696484
23.04	0.6586663612623923	1.252032019450769	1.176188131961209
23.0425	0.683613220480925	1.562468559857358	1.312658420794281
23.045	0.7058621706314322	1.636330358922062	1.431591430904342
23.0475	0.7253254052721351	1.868117525877578	1.526287611672432
23.05	0.7419261119079537	1.930337285603863	1.59356901615147
23.0525	0.7555987751338401	2.00017946903029	1.632608489732304
23.055	0.76628943519452	1.782570754496798	1.643146456531172
23.0575	0.7739559009388319	1.741795508361721	1.625244422695667
23.06	0.7785679163289637	1.670930954591451	1.580395928580653
23.0625	0.7801072798471833	1.395058803243917	1.512626319550171
23.065	0.7785679163289582	1.206122498029963	1.42836453194399
23.0675	0.7739559009388429	0.896212384804206	1.335061835960564
23.07	0.7662894351945199	0.9124454797601034	1.239720317485751
23.0725	0.7555987751338399	0.750482278054614	1.148125397777312
23.075	0.7419261119079261	0.4852921329243137	1.064688482893438
23.0775	0.7253254052721675	0.5408507235252094	0.9925558871948372
23.08	0.7058621706313941	0.345451144986715	0.9337790846618952
23.0825	0.6836132204809247	0.341794367399984	0.8894693370374827
23.085	0.6586663612623919	0.4222299369124446	0.8599019091756221
23.0875	0.6311200468319954	0.3652792193590249	0.8445512443665314
23.09	0.601082989908078	0.4216633204388428	0.8420786693847635
23.0925	0.5686737330316314	0.5574752395127335	0.8503505239586746
23.095	0.5340201807332832	0.7599950967378795	0.8665760187040414
23.0975	0.4972590947521962	0.8886908070356921	0.8875812334836809
23.1	0.4585355543001948	0.944069436325979	0.9101300692017745
23.1025	0.4180023835003404	1.222119885035232	0.9311663898527187
23.105	0.3758195482598575	1.24663214370903	0.9479210446020677
23.10749999999999	0.3321535249580888	1.345414405485467	0.9579163030900978
23.11	0.2871766434397403	1.318450637265706	0.9589094466284008
23.1125	0.2410664069083448	1.368596572088699	0.9487793836169169
23.115	0.1940047914016482	1.207569079632384	0.9253542089848722
23.1175	0.1461775276156483	1.125436289592316	0.8862021477816164
23.12	0.09777336791030981	1.331687214800796	0.8284438215945295
23.1225	0.04898334139014401	1.07457006397718	0.7487322269282162
23.125	-4.052737004470028e-14	0.7410804800485149	0.6437239965342564
23.1275	-0.04898334139022491	0.6101635566298211	0.5112938984720404
23.13	-0.09777336791030224	0.3639873890051901	0.3518030492124208
23.1325	-0.1461775276156408	0.1003023883635243	0.168071883880081
23.135	-0.1940047914017267	-0.1811891647498688	-0.03589511306944529
23.1375	-0.2410664069083376	-0.3423580161506134	-0.2561206005101393
23.14	-0.2871766434398156	-0.6423804837996784	-0.4891180518136342
23.1425	-0.3321535249580819	-1.089684193125219	-0.7317988448888363
23.145	-0.3758195482598508	-1.21494203085932	-0.981174568368022
23.1475	-0.418002383500259	-1.670417423495405	-1.234025843147021
23.15	-0.4585355543001887	-1.833011875357065	-1.486564101582462
23.1525	-0.4972590947521903	-2.209753662634746	-1.734161621088408
23.155	-0.5340201807332777	-2.387022676174155	-1.971462813029398
23.1575	-0.5686737330316263	-2.570750697468008	-2.193058941819352
23.16	-0.6010829899080732	-2.744498113415077	-2.394020161451881
23.1625	-0.631120046831991	-3.095330357717992	-2.569788359141126
23.165	-0.6586663612624353	-3.011482267344685	-2.716236856130442
23.1675	-0.683613220480921	-3.2926590419366	-2.830263019727465
23.17	-0.7058621706314285	-3.271338022083508	-2.910283133690231
23.1725	-0.7253254052721647	-3.27153970695365	-2.956171091605468
23.175	-0.7419261119079511	-3.109971286539363	-2.968808199501468
23.1775	-0.755598775133838	-2.95358733618935	-2.949650308368085
23.18	-0.7662894351945184	-2.835815240142364	-2.900561502571501
23.1825	-0.7739559009388419	-2.854847310335143	-2.823915757180168
23.185	-0.7785679163289632	-2.525263092901236	-2.722776014937035
23.1875	-0.7801072798471833	-2.220423846933227	-2.60088622985489
23.19	-0.7785679163289642	-2.05817113729865	-2.462348348342491
23.1925	-0.7739559009388329	-1.822330114265462	-2.311147095424497
23.195	-0.7662894351945214	-1.748911021427428	-2.150825132386875
23.1975	-0.755598775133842	-1.46939032858703	-1.984468997411633
23.2	-0.7419261119079561	-1.134852479840502	-1.814953365638996
23.2025	-0.7253254052721706	-1.104027120874723	-1.645255888812094
23.205	-0.7058621706313977	-0.9095330824885626	-1.478633792796459
23.2075	-0.6836132204809714	-0.6910810281968663	-1.318587709548172
23.21	-0.6586663612623964	-0.557216656582157	-1.168693210994654
23.2125	-0.6311200468319482	-0.5437656080233584	-1.032343562722388
23.215	-0.6010829899080268	-0.5113349104316471	-0.9123444279058063
23.2175	-0.5686737330316373	-0.5752682393644287	-0.8104340814543908
23.22	-0.5340201807332894	-0.5953524270840095	-0.7270323359526794
23.2225	-0.4972590947522026	-0.5599944065816265	-0.66139613726947
23.225	-0.4585355543001299	-0.4407577219170508	-0.6120014256023569
23.2275	-0.4180023835002725	-0.6600480720969215	-0.5768890114645946
23.23	-0.3758195482598649	-0.7717943588494385	-0.5538661513330327
23.2325	-0.3321535249580964	-0.7057093035627936	-0.5405681816897215
23.235	-0.287176643439748	-0.8685119995246474	-0.5344301872274804
23.2375	-0.2410664069084372	-0.9178336186220114	-0.5326329083559002
23.24	-0.1940047914016564	-1.258954036204584	-0.5320804075218019
23.2425	-0.1461775276156566	-1.080374863600162	-0.5294556758160568
23.245	-0.09777336791031815	-0.9901600591181389	-0.5213734296836643
23.2475	-0.04898334139024092	-1.119601747627822	-0.5046002289789476
23.25	-5.277968216432427e-14	-1.176352561453103	-0.4772865569931357
23.2525	0.04570087124793652	-0.9476502525589541	-0.4371491801062261
23.255	0.09122138203576965	-0.9463873345071543	-0.3815578337056721
23.2575	0.1363818837037931	-1.116839089695019	-0.3095693384316441
23.26	0.1810041483838743	-0.8419977017513828	-0.2208870763938812
23.2625	0.2249120723831331	-0.5303761211330857	-0.1159624866947603
23.265	0.2679323711853252	-0.3815538106085763	0.003875951541170972
23.2675	0.309895263324953	-0.08488120590498174	0.1364001762826189
23.27	0.3506351404380664	-0.09393866340762155	0.2786800557675978
23.2725	0.3899912208417551	0.1427788215159055	0.4274633531750224
23.275	0.4278081840668237	0.5385752077458191	0.5795683713749165
23.2775	0.46393678383635	0.4447470627087926	0.7320973237720934
23.28	0.4982344370726309	0.9270164298644304	0.8822926718328201
23.2825	0.530565786607507	1.123207945143261	1.026982904085209
23.285	0.5608032353750358	1.419397102811881	1.161960313280221
23.2875	0.5888274499791686	1.523496802442208	1.281979088318924
23.29	0.6145278316479088	1.851664936669276	1.381945662575108
23.2925	0.6378029527161975	1.66663083602102	1.458556406028386
23.295	0.6585609569146046	1.814719314087335	1.510630565524029
23.2975	0.6767199218839144	1.841819122736329	1.538108289130109
23.3	0.6922081824854746	1.646754785078858	1.54132365825665
23.3025	0.7049646136306043	1.718351099052387	1.521264730283457
23.305	0.714938871513448	1.539767466197199	1.480187465145062
23.3075	0.7220915922949008	1.280185260156349	1.421887451360784
23.31	0.7263945474538575	1.159532958275822	1.35139681844681
23.3125	0.7278307551921075	1.139803074233503	1.274264445042792
23.315	0.7263945474538542	0.8475268827867997	1.195810265287101
23.3175	0.7220915922949047	0.4432960698975639	1.120641722271534
23.32	0.7149388715134382	0.4226939813208964	1.052459079676316
23.3225	0.7049646136306118	0.5694471378072674	0.9940401194968115
23.325	0.6922081824854585	0.3576703445864733	0.9472982579623488
23.3275	0.6767199218839256	0.4063511230944463	0.9133471604426256
23.33	0.6585609569145825	0.3865234615125455	0.8925338738323628
23.3325	0.6378029527162122	0.30786355770556	0.884431469615704
23.335	0.6145278316479252	0.5065077758748636	0.8878230058798647
23.3375	0.5888274499791866	0.6452264667623869	0.90074232491007
23.34	0.5608032353750027	0.7032146886848104	0.9206252956305683
23.3425	0.5305657866074713	0.9295886324537026	0.9445606468876261
23.345	0.4982344370726533	0.9349043523838572	0.9695630874230402
23.3475	0.4639367838363736	1.289644429946327	0.9927844338869671
23.35	0.4278081840668486	1.170708773430706	1.011632642540939
23.3525	0.3899912208417112	1.201474458636183	1.023817505125689
23.355	0.3506351404380208	1.409344206805284	1.027339229704815
23.35749999999999	0.3098952633249808	1.275729193234209	1.020418744597172
23.36	0.2679323711851999	1.404749568274437	1.001378815092811
23.3625	0.2249120723830836	1.297657192569253	0.9685098848778165
23.365	0.1810041483838238	1.309232349761806	0.9199700927341528
23.3675	0.1363818837038233	0.9123354138118553	0.8537740774345012
23.37	0.09122138203580007	0.935673053900493	0.767933561158099
23.3725	0.04570087124788452	0.5298099617714208	0.6608187555926989
23.375	-2.21186383900673e-14	0.4640786721282044	0.5317154964448711
23.3775	-0.04570087124792867	0.2682844194872984	0.3812776339237861
23.38	-0.09122138203576186	-0.11384045970981	0.2114572857265869
23.3825	-0.1363818837038667	-0.2097059674512052	0.02492632742812967
23.385	-0.1810041483838667	-0.6648060725087133	-0.1755409055741386
23.3875	-0.2249120723831256	-0.925262652175346	-0.3873665307592821
23.39	-0.267932371185241	-1.156445688731113	-0.6081446916741469
23.3925	-0.3098952633249459	-1.450802473199172	-0.835444035448744
23.395	-0.3506351404380595	-1.646007054778499	-1.06655298398284
23.3975	-0.3899912208416787	-1.941031454721928	-1.298214975675643
23.4	-0.4278081840668174	-2.054851186398686	-1.526409757487308
23.4025	-0.463936783836344	-2.245274489040296	-1.746381998017017
23.405	-0.4982344370726252	-2.538462127900936	-1.953165012397533
23.4075	-0.530565786607445	-2.77340505614723	-2.14228692327672
23.41	-0.5608032353750309	-2.796843314104566	-2.30996680835648
23.4125	-0.588827449979164	-2.942473847051478	-2.452994667981363
23.415	-0.6145278316479489	-2.775245444119578	-2.568868696825112
23.4175	-0.6378029527162334	-2.861149284888755	-2.65606822683849
23.42	-0.6585609569146013	-2.754906746084403	-2.714102039548105
23.4225	-0.6767199218839115	-2.667481317470356	-2.743290532445165
23.425	-0.6922081824854978	-2.659423853815329	-2.744480461744958
23.4275	-0.7049646136306023	-2.670131980511889	-2.718877211183449
23.43	-0.7149388715134465	-2.036430738269335	-2.668052526296426
23.4325	-0.7220915922949103	-1.996115851818615	-2.594065443239665
23.435	-0.7263945474538569	-1.925580378574093	-2.499557230700755
23.4375	-0.7278307551921075	-1.690243562032369	-2.387681581086873
23.44	-0.7263945474538599	-1.547574338050497	-2.261844599304872
23.4425	-0.7220915922949057	-1.454329743976063	-2.125386772838265
23.445	-0.7149388715134397	-1.328637963276718	-1.981385205745639
23.4475	-0.7049646136306138	-1.209325668564246	-1.832658625419317
23.45	-0.6922081824854865	-0.9188401207968608	-1.681929487038949
23.4525	-0.6767199218838981	-1.053296753617023	-1.532014261077259
23.455	-0.6585609569145858	-0.8640410728519997	-1.385909264789484
23.45749999999999	-0.6378029527162159	-0.7312597896774159	-1.246721386787833
23.46	-0.614527831647885	-0.6508456476505834	-1.117473990881573
23.4625	-0.5888274499791426	-0.79364196082178	-1.00082036422862
23.465	-0.5608032353750076	-0.5859915313225929	-0.8987042553382053
23.4675	-0.5305657866074768	-0.7427342029942083	-0.812096703947741
23.47	-0.4982344370726591	-0.815288615422312	-0.7409629784331343
23.4725	-0.4639367838363159	-0.8357523311203996	-0.6844567661828874
23.475	-0.427808184066788	-0.8951750316149114	-0.6411888087092164
23.4775	-0.3899912208417178	-0.9381881182499356	-0.6094356717409771
23.48	-0.3506351404380277	-1.081488747728571	-0.5872481780780318
23.4825	-0.3098952633249879	-1.077635664655231	-0.5724799678247089
23.485	-0.2679323711852071	-1.094310819011565	-0.5627761005366663
23.4875	-0.224912072383091	-0.9817755998642528	-0.5555611116407245
23.49	-0.1810041483838314	-1.119794361629894	-0.5480612990660666
23.4925	-0.136381883703831	-1.163887669646186	-0.5373867620517057
23.495	-0.09122138203572576	-1.195889120667674	-0.52067490728332
23.4975	-0.04570087124797494	-1.144691225610467	-0.4952652802816008
23.5	1.198758983965447e-14	-1.288982854298751	-0.4611223520531951
23.5025	0.03838539196134836	-1.118768545132862	-0.4165248638520188
23.505	0.0766192943172309	-0.8175858967564456	-0.3581756648133332
23.5075	0.1145508153224695	-1.01429206227448	-0.2857059722034998
23.51	0.1520302565929875	-0.7021323732639229	-0.1993187850376339
23.5125	0.1889097038966827	-0.4657056867419301	-0.09985148333977467
23.515	0.2250436109037971	-0.2946284792404304	0.01118621822523287
23.5175	0.2602893735911921	-0.01098462862379453	0.1316755666854246
23.52	0.2945078930360525	0.1020744650656921	0.2590807724327615
23.5225	0.3275641243748956	0.352781496525086	0.390707466318524
23.525	0.3593276097646455	0.4669444309843094	0.5239177722042677
23.5275	0.3896729932398251	0.8438602548125401	0.6562058721913873
23.53	0.4184805154353957	1.10038523893021	0.7850875760301104
23.5325	0.4456364862220521	1.204795080119836	0.907879990369499
23.535	0.4710337333895362	1.511062307742847	1.021603685067882
23.5375	0.4945720256061764	1.47358635654963	1.123171242103825
23.54	0.5161584679862165	1.610662983495554	1.209786351310913
23.5425	0.5357078687035235	1.632077491536498	1.279382826941223
23.545	0.5531430752046671	1.650093308441398	1.330875498997931
23.5475	0.5683952786950129	1.520189424113635	1.364052950145801
23.55	0.5814042856954534	1.636267598561874	1.379286380170928
23.5525	0.592118755598608	1.518870416446907	1.377380119975419
23.555	0.6004964032867576	1.256083740170765	1.359615934026312
23.5575	0.6065041660118211	1.112704254137996	1.327828285077475
23.56	0.610118333879052	0.7736007368943291	1.284401651403392
23.5625	0.6113246434190085	0.8028292409319132	1.232169996903918
23.565	0.610118333879051	0.7182748064996876	1.174227005451479
23.5675	0.6065041660118277	0.365915865420089	1.113685941869045
23.57	0.6004964032867544	0.2191334956473561	1.053452334794094
23.5725	0.5921187555986037	0.2661388156058072	0.996057350822348
23.575	0.5814042856954481	0.2513854427179625	0.9435631224022981
23.5775	0.5683952786950066	0.3277447439732891	0.8975250801660154
23.58	0.5531430752046598	0.4076964512296066	0.8589880246658639
23.5825	0.535707868703515	0.2735159563971709	0.8284953845214521
23.585	0.5161584679862071	0.4220662137818555	0.8060994091907546
23.5875	0.494572025606207	0.525314560958676	0.7913718532286409
23.59	0.4710337333895251	0.5763396403990826	0.7834266924538517
23.5925	0.4456364862220402	0.7849660793987285	0.7809718160277469
23.595	0.4184805154353829	0.912435114958555	0.7823992693158537
23.5975	0.3896729932398653	1.059869724575552	0.7859054106916294
23.6	0.3593276097646876	1.261625331755162	0.789615514541278
23.6025	0.3275641243748809	1.220559410977623	0.7916847782363368
23.605	0.2945078930360372	1.28451449873574	0.7903600768210008
23.60749999999999	0.2602893735912393	1.17634515645402	0.7840028001304463
23.61	0.2250436109037163	1.324211276910227	0.7710822538197052
23.6125	0.1889097038966661	1.207805118584447	0.7501507572695642
23.615	0.1520302565929033	1.316238244773009	0.7198109667100996
23.6175	0.1145508153225207	0.9718253596048337	0.6786867601823964
23.62	0.07661929431721365	0.6674752539278537	0.6254120054370461
23.6225	0.03838539196133101	0.6969554794077322	0.5586566984737216
23.625	-5.397139894286519e-15	0.485240572611681	0.4772145217724901
23.6275	-0.03838539196134178	0.2506124737556815	0.380166385390747
23.63	-0.07661929431722436	0.2718395302580151	0.2670899422384221
23.6325	-0.1145508153225313	-0.05879698918248304	0.1382187465798123
23.635	-0.1520302565929811	-0.3940003771481644	-0.005552759218370479
23.6375	-0.1889097038966764	-0.6885787789679263	-0.1628210564936578
23.64	-0.2250436109037264	-0.742659494814958	-0.3318712560890392
23.6425	-0.2602893735912491	-1.057827904534952	-0.5108033045238589
23.645	-0.2945078930360467	-1.378250159779584	-0.6975454887198924
23.6475	-0.32756412437489	-1.720357428065071	-0.8897775858687903
23.65	-0.3593276097646401	-1.965717492333185	-1.084803209896671
23.6525	-0.38967299323982	-1.943094304288704	-1.279417189696366
23.655	-0.4184805154353908	-2.202908871381677	-1.469858932686421
23.65749999999999	-0.4456364862220001	-2.276420982100631	-1.652004279826061
23.66	-0.471033733389532	-2.386406377852315	-1.821831641803444
23.6625	-0.4945720256062134	-2.468452091241743	-1.975851319441099
23.665	-0.5161584679862502	-2.433832043818642	-2.111193201506744
23.6675	-0.5357078687035203	-2.384441638567628	-2.225528113620478
23.67	-0.5531430752046643	-2.5830708502731	-2.317089136824841
23.6725	-0.5683952786950105	-2.444144011967772	-2.384753933043558
23.675	-0.581404285695473	-2.402354838779257	-2.428046614235889
23.6775	-0.5921187555986237	-2.267753065751957	-2.447035541559659
23.68	-0.6004964032867564	-2.075146928500646	-2.442205748722048
23.6825	-0.606504166011829	-1.831652409571788	-2.414390285657651
23.685	-0.610118333879056	-1.840734046967738	-2.364789956205612
23.6875	-0.6113246434190085	-1.546621508562542	-2.295045350376113
23.69	-0.6101183338790513	-1.398405142917875	-2.207280824353016
23.6925	-0.6065041660118285	-1.204617090523421	-2.104042666929876
23.695	-0.6004964032867556	-1.199797210132978	-1.988117811150532
23.6975	-0.5921187555986226	-1.055881564155171	-1.862309847091385
23.7	-0.5814042856954716	-0.9143530566263591	-1.729287020373195
23.7025	-0.568395278695009	-0.7306296294918934	-1.591571201105193
23.705	-0.5531430752046625	-0.6103959512090957	-1.451649508306883
23.7075	-0.5357078687035183	-0.7056244696742251	-1.312112214636683
23.71	-0.5161584679862107	-0.6377141895917711	-1.175696686326685
23.7125	-0.49457202560617	-0.5164761057726127	-1.045173811117915
23.715	-0.4710337333895293	-0.466626310622306	-0.9231028627162189
23.7175	-0.4456364862220448	-0.3730862870033442	-0.8115359545117476
23.72	-0.4184805154353372	-0.6908699402158146	-0.7117811360566737
23.7225	-0.3896729932398167	-0.693155809912977	-0.6243306368112393
23.725	-0.3593276097646367	-0.6420892940339824	-0.5489754733277276
23.7275	-0.3275641243748865	-0.6637533754651219	-0.4850145159039023
23.73	-0.294507893036043	-0.4357776349534412	-0.4314447790524224
23.7325	-0.2602893735911824	-0.714373269903915	-0.3870792247645079
23.735	-0.2250436109037224	-0.8285310416374029	-0.3505930738267075
23.7375	-0.1889097038966724	-0.8931240362349745	-0.3205212845216356
23.74	-0.152030256592977	-0.9773673250411088	-0.2952353985076959
23.7425	-0.1145508153225272	-0.8253336421916138	-0.2729292356452953
23.745	-0.07661929431722019	-0.9966999356381168	-0.2516381410226654
23.7475	-0.03838539196140695	-0.9779399725814455	-0.2293022735290233
23.75	5.570120156177089e-16	-0.9446534354707679	-0.219068157404181
23.7525	-0.01791749304992665	-0.6331144937058014	-0.2193943818610807
23.755	-0.03576427394054196	-0.732107729919284	-0.2156861704858223
23.7575	-0.0534699095809924	-0.6971891255415209	-0.2096343301748261
23.76	-0.07096452391646849	-0.5726969096538268	-0.2028593842161858
23.7625	-0.08817907369665257	-0.4021928527287327	-0.1968666416085126
23.765	-0.1050456209581116	-0.4867486717602893	-0.1930202845796062
23.7675	-0.1214976011444285	-0.3007910159083536	-0.1925316805458448
23.77	-0.1374700858060029	-0.4408642521823385	-0.1964562280195959
23.7725	-0.1529000388430095	-0.18343390567758	-0.2056924534488952
23.775	-0.1677265652801128	-0.04633429436293402	-0.2209776680876537
23.7775	-0.1818911515909823	0.1522601570316661	-0.2428765224854518
23.78	-0.1953378966247355	0.2799285066725578	-0.2717620137252124
23.7825	-0.2080137322218827	0.0880984849018587	-0.3077921673154118
23.785	-0.2198686326503853	0.2497074599907191	-0.3508884568702462
23.7875	-0.2308558120342411	0.2067440356577106	-0.4007226115142303
23.79	-0.2409319089959867	0.2661243301585333	-0.4567161573009499
23.7925	-0.2500571577842605	0.01364674218604338	-0.5180528317398405
23.795	-0.2581955452109921	-0.06532537303576076	-0.5837001936460353
23.7975	-0.2653149527791008	-0.01957943593107489	-0.6524354006302939
23.8	-0.2713872834394635	-0.1527826146582771	-0.7228717045954651
23.8025	-0.2763885724771557	-0.2346696773191124	-0.7934855507794739
23.805	-0.2802990820891992	-0.342937464583549	-0.8626475088209012
23.80749999999999	-0.2831033792807072	-0.6891602974209019	-0.928662123697466
23.81	-0.2847903967718283	-0.6614572209914495	-0.9898210156473894
23.8125	-0.2853534766752441	-0.7217554994047228	-1.044469582024478
23.815	-0.2847903967718265	-0.9767723957184357	-1.091081469879679
23.8175	-0.2831033792807077	-1.113690332017941	-1.128330002675635
23.82	-0.2802990820892	-1.116017931385465	-1.155145725597676
23.8225	-0.2763885724771487	-1.60230321241621	-1.170754262144372
23.825	-0.2713872834394648	-1.345598749967994	-1.174694492488893
23.8275	-0.2653149527791023	-1.322457283934825	-1.166819620453357
23.83	-0.2581955452109939	-1.549066887697341	-1.147282983984115
23.8325	-0.2500571577842469	-1.533437317618603	-1.116509379897409
23.835	-0.2409319089959889	-1.593445146249319	-1.075153773953985
23.8375	-0.2308558120342435	-1.62883208101274	-1.024052966206691
23.84	-0.219868632650388	-1.573989206504005	-0.9641801281749238
23.8425	-0.2080137322218855	-1.600397086981073	-0.8966135869298176
23.845	-0.1953378966247149	-1.337834100842793	-0.8225264565898589
23.8475	-0.1818911515910105	-1.465269501101979	-0.7431920817497171
23.85	-0.1677265652800899	-1.378027163231767	-0.6599866784575452
23.8525	-0.1529000388430131	-1.18622372400051	-0.5743658250755936
23.855	-0.1374700858060066	-1.023253782079476	-0.4878042594035847
23.85749999999999	-0.1214976011444323	-0.8232659245047341	-0.4017126259101862
23.86	-0.1050456209580853	-0.602764331342268	-0.3173607158784341
23.8625	-0.08817907369662568	-0.5494364206589679	-0.2358315937965774
23.865	-0.07096452391644112	-0.2102208773305418	-0.1580121544999173
23.8675	-0.05346990958102838	0.09254781328002615	-0.08460947556064846
23.87	-0.03576427394051394	-0.03451975673310366	-0.01617724620289263
23.8725	-0.01791749304993083	0.1346617071540238	0.04685992576312994
23.875	2.880763905864386e-14	0.4921607973651622	0.1041905728403302
23.8775	0.01791749304992358	0.6041871677702405	0.1556105830425794
23.88	0.03576427394053892	0.5863825256218504	0.2010270133752435
23.8825	0.05346990958102125	0.7496044058580023	0.2404694074543205
23.885	0.0709645239164655	1.023244858667682	0.2741045180969475
23.8875	0.08817907369661877	0.952798418104044	0.3022480721039755
23.89	0.1050456209580786	0.8850137188638352	0.3253665150496017
23.8925	0.1214976011444258	1.123340408893513	0.3440641501075595
23.895	0.1374700858060002	0.8434818091713084	0.3590559387699674
23.8975	0.1529000388430069	0.7754141916247244	0.3711305472855501
23.9	0.167726565280084	0.8721299404480523	0.381109712705114
23.9025	0.18189115159098	0.6241226435194303	0.3898088115668752
23.905	0.1953378966247333	0.6961724224956477	0.3980013309772907
23.9075	0.2080137322218805	0.634670628058425	0.406388206241205
23.91	0.219868632650404	0.476572691105463	0.4155721602524082
23.9125	0.2308558120342584	0.4772597037310461	0.4260370513043144
23.915	0.2409319089960024	0.318999273229764	0.4381324364372099
23.9175	0.2500571577842591	0.1266314883995825	0.4520637949093024
23.92	0.2581955452109908	0.2142010583992549	0.4678889511177696
23.9225	0.2653149527791117	0.08338824625901962	0.4855210956661154
23.925	0.2713872834394725	0.03760544790662042	0.5047384137311599
23.9275	0.2763885724771549	-0.01697458331435002	0.5251997621540799
23.93	0.2802990820891986	-0.007049692915664145	0.5464652335896465
23.9325	0.2831033792807068	0.05532262172296714	0.5680199768679466
23.935	0.2847903967718282	0.0115968464201341	0.5892994376409358
23.9375	0.2853534766752441	-0.003812703139350421	0.6097142809414795
23.94	0.2847903967718268	0.05680412529609788	0.6286735934740947
23.9425	0.2831033792807081	0.1937067396383074	0.645605408235901
23.945	0.2802990820892005	0.4101145879465446	0.6599740151424863
23.9475	0.2763885724771575	0.5106637009774738	0.6712938407344946
23.95	0.2713872834394657	0.600761891513802	0.6791398937588882
23.9525	0.2653149527791035	0.7950834588248127	0.6831549272169284
23.955	0.2581955452109951	0.9147097221026097	0.6830536095962212
23.9575	0.250057157784264	0.8065419582263212	0.6786241417487985
23.96	0.2409319089959906	0.9106467060871369	0.6697278732445099
23.9625	0.2308558120342454	0.9048978843663497	0.6562975159214876
23.965	0.2198686326503693	0.840199046503215	0.638334488494399
23.9675	0.2080137322218877	1.138855992707849	0.6159057555129281
23.97	0.1953378966247171	0.9843585441211202	0.5891402871571534
23.9725	0.1818911515909879	0.9293278662632245	0.5582250305065876
23.975	0.1677265652800924	0.8530638049948026	0.5234001193507514
23.9775	0.1529000388430157	1.056104671972835	0.4849530092538554
23.98	0.1374700858060093	0.7818502336051014	0.4432113194210047
23.9825	0.1214976011444058	0.6010692205446946	0.3985343608556626
23.985	0.1050456209580882	0.6434113718917456	0.3513035672118004
23.9875	0.08817907369662861	0.5170056027952333	0.3019122495746475
23.99	0.07096452391647551	0.239475692197523	0.2507552179737927
23.9925	0.05346990958099954	0.01519796004634696	0.1982188353957849
23.995	0.03576427394051699	0.03246606289169784	0.1446720136908337
23.9975	0.0179174930499339	-0.1735302880132733	0.09045856359457509
24.0	-6.620440856133116e-15	-0.1587962179880669	0.04412022716794379
24.0025	0.01767945634911819	-0.4333384924697262	0.006370655517708913
24.005	0.03528913996104016	-0.4214186526476256	-0.02960392106718403
24.00749999999999	0.05275955345954712	-0.5927402246712038	-0.06138128510136128
24.01	0.07002174910415938	-0.8114221371146889	-0.08675759568232976
24.0125	0.08700760089495099	-0.7187873989162733	-0.1038112574797313
24.015	0.1036500734349713	-0.7785435368420411	-0.1109701258271274
24.0175	0.1198834864883583	-0.5138542946615174	-0.1070800264818858
24.02	0.1356437741901313	-0.6831254843303579	-0.09146591240142937
24.0225	0.1508687378849222	-0.5405800321946972	-0.06397460552597929
24.025	0.1654982915966776	-0.6400640897731275	-0.02499103609444527
24.0275	0.1794746991604519	-0.5340315505481689	0.02457644401098681
24.03	0.1927428020808311	-0.457662044865851	0.08334673171996797
24.0325	0.2052502372172081	-0.3298102342024458	0.149558197496516
24.035	0.2169476434372237	0.09011423588844716	0.2211988714802902
24.0375	0.2277888564225029	-0.08215051353249565	0.2961537322731299
24.04	0.2377310908583503	0.1400049403504482	0.3723373307301585
24.0425	0.2467351092875661	0.3439674393378037	0.4477855291750513
24.045	0.2547653769629738	0.6178353765619535	0.5206983327016054
24.0475	0.2617902020867388	0.8689607527501055	0.5894464073062504
24.05	0.2677818608834351	0.8877960668535749	0.6525669062777104
24.0525	0.2727167070131285	0.992146225694973	0.7087715848598252
24.055	0.2765752648926441	1.274735487830258	0.7569736707242682
24.05749999999999	0.2793423065568488	1.35792936054773	0.7963238450819956
24.06	0.2810069117564369	1.457377327550524	0.8262404064947653
24.0625	0.2815625110551656	1.36355236734595	0.846421233707543
24.065	0.2810069117564339	1.395357149677813	0.8568312059419692
24.0675	0.2793423065568508	1.342733343088972	0.8576683664071207
24.07	0.2765752648926412	1.142694749853874	0.8493213550772618
24.0725	0.2727167070131246	1.109676833757409	0.832332347210759
24.075	0.2677818608834401	0.7789556387885769	0.8073732396625676
24.0775	0.2617902020867448	0.9336563406219723	0.7752338971354873
24.08	0.2547653769629807	0.5835335765581066	0.7368151230636558
24.0825	0.2467351092875586	0.7184679581967013	0.6931175886376851
24.085	0.2377310908583419	0.2817207159031751	0.6452208005625633
24.0875	0.2277888564225125	0.2392282241190416	0.5942512432388495
24.09	0.2169476434372136	-0.03891053081725151	0.5413433086586228
24.0925	0.2052502372172192	-0.1321574623545626	0.4875985922471834
24.095	0.1927428020808196	-0.1936427264528794	0.4340484285400913
24.0975	0.1794746991604398	-0.4799535826357775	0.3816223342267316
24.1	0.1654982915966649	-0.3505343794927073	0.3311227257069401
24.1025	0.1508687378849359	-0.5083290110386038	0.2832048243148002
24.105	0.1356437741901176	-0.4975278873846773	0.2383604193931775
24.1075	0.119883486488373	-0.6171927057463376	0.1969050462648167
24.11	0.1036500734349566	-0.591579407153018	0.1589696749981906
24.1125	0.08700760089490558	-0.5501571464899121	0.1244993423525784
24.115	0.07002174910414415	-0.3497468344837587	0.09326134623634927
24.1175	0.0527595534595631	-0.324531666995001	0.06486423411149897
24.12	0.03528913996102456	-0.4361537748693589	0.0387864096009238
24.1225	0.01767945634913444	-0.1985494969812096	0.01441099780734332
24.125	-2.235409623050454e-14	-0.2420149220934979	-0.00893731787374014
24.1275	-0.01767945634911516	-0.0971646056002284	-0.03195727155968753
24.13	-0.03528913996103715	-0.1098746876260444	-0.05534021558029727
24.1325	-0.05275955345957558	-0.01837172712979285	-0.07974445407924415
24.135	-0.07002174910415644	0.2067541920407455	-0.1057744692861237
24.1375	-0.08700760089491767	0.2062910626114206	-0.1339641704976115
24.14	-0.1036500734349684	0.4342894311243	-0.1647631376080409
24.1425	-0.1198834864883556	0.2001312268133408	-0.1985250136324107
24.145	-0.1356437741901287	0.4071045372322541	-0.2354975747555901
24.1475	-0.1508687378849196	0.3901365709453372	-0.2758144243508514
24.15	-0.1654982915966493	0.2152488540543648	-0.3194885841996088
24.1525	-0.1794746991604496	0.3723351895372756	-0.3664083931682681
24.155	-0.1927428020808289	0.31765158403037	-0.4163360427142851
24.1575	-0.205250237217206	0.2019253713123134	-0.4689088447653393
24.16	-0.2169476434372217	0.1358462014987085	-0.5236430833611082
24.1625	-0.2277888564225199	-0.01826066881854241	-0.5799402069586922
24.165	-0.2377310908583487	-0.1135241819716312	-0.6370952716937076
24.1675	-0.2467351092875647	-0.2080361752883206	-0.6943079275019097
24.17	-0.2547653769629725	-0.651693448777846	-0.7506967035111047
24.1725	-0.2617902020867495	-0.8035606752278974	-0.80531765999021
24.175	-0.2677818608834441	-0.8490697291465744	-0.8571883674101394
24.1775	-0.2727167070131278	-0.909501059574862	-0.9053174590909349
24.18	-0.2765752648926435	-1.147006576733033	-0.9487387168816813
24.1825	-0.2793423065568524	-1.229620309292091	-0.986547175655573
24.185	-0.2810069117564367	-1.387431360461056	-1.017933737817709
24.1875	-0.2815625110551656	-1.551789382995056	-1.042214838076847
24.19	-0.2810069117564361	-1.569341471851531	-1.058854796665873
24.1925	-0.2793423065568512	-1.487705572386921	-1.067480024503968
24.195	-0.2765752648926417	-1.727648774109496	-1.067885422031048
24.1975	-0.2727167070131333	-1.784900355820999	-1.060033792573166
24.2	-0.267781860883441	-1.647689142986906	-1.044049092992904
24.2025	-0.261790202086746	-1.67812260201335	-1.020204357545321
24.205	-0.254765376962982	-1.666315707401658	-0.9889054936274678
24.2075	-0.2467351092875754	-1.420359058428533	-0.9506728104871912
24.21	-0.2377310908583435	-1.439306448220126	-0.9061226765401595
24.2125	-0.2277888564225143	-1.302164739083214	-0.8559515240954959
24.215	-0.2169476434371952	-1.176261934933535	-0.8009231513869662
24.2175	-0.2052502372171994	-1.218375849755149	-0.7418581121372603
24.22	-0.1927428020808218	-0.8380722163654502	-0.6796219048197364
24.2225	-0.1794746991604421	-0.8668136685557719	-0.6151081069191618
24.225	-0.1654982915966415	-0.5422979792745183	-0.5492144604929916
24.2275	-0.1508687378849385	-0.3735793792188316	-0.482813551114968
24.23	-0.1356437741901202	-0.3321834623515643	-0.4167229727940162
24.2325	-0.1198834864883468	-0.04619244770715583	-0.351680658930536
24.235	-0.1036500734349595	0.1473710999484983	-0.2883290795464708
24.2375	-0.08700760089493893	0.1772175679905326	-0.2272087711444093
24.24	-0.07002174910417809	0.5160009084340618	-0.1687590492855778
24.2425	-0.05275955345956609	0.4253784749146488	-0.113322674828284
24.245	-0.03528913996102756	0.654501500451932	-0.06115152000153498
24.2475	-0.01767945634913747	0.5891628370009097	-0.01241125005641314
24.25	-8.90964147071935e-15	0.691835332491657	0.0314830652394505
24.2525	0.01241149399030443	0.7561236911824714	0.07047712993982347
24.255	0.02477400548408785	0.7564816168702434	0.1058168877228094
24.25749999999999	0.03703874529639215	0.624334351843335	0.1374409315878386
24.26	0.04915731010242662	0.7144202347198025	0.1653836238392891
24.2625	0.06108187346330365	0.6196356006387115	0.1897737912294959
24.265	0.07276537457527478	0.5498406263934797	0.2108299566255544
24.2675	0.084161703997135	0.6123497734222147	0.2288512211717774
24.27	0.09522588562314396	0.3995898840711421	0.2442037441602525
24.2725	0.1059142541831866	0.08804517614794916	0.2573036041717916
24.275	0.1161846275695688	0.3004267621679129	0.2685973704828892
24.2775	0.1259964733106417	0.3535217684871191	0.2785418582653871
24.28	0.135311068533871	0.1490883610903024	0.2875843698704184
24.2825	0.1440916527873447	0.07814261839223335	0.2961444120637917
24.285	0.1523035731164958	0.07280909776225317	0.304597574921905
24.2875	0.1599144208234252	0.1007837446254231	0.3132620343981611
24.29	0.1668941593693145	-0.2156773418431487	0.322388000546644
24.2925	0.1732152429148624	-0.03507013769971964	0.3321503439029429
24.295	0.1788527250311525	-0.1890402072749714	0.3426445532136837
24.2975	0.1837843571517638	-0.02585945770769718	0.3538860780732994
24.3	0.1879906763778003	-0.1540807461913882	0.3658129767078001
24.3025	0.1914550822889365	0.04256723311281362	0.3782916270934131
24.305	0.1941639024577859	0.01368948632872869	0.3911250889268761
24.3075	0.1961064464086843	0.05164250084462506	0.4040635531535577
24.31	0.1972750478081229	0.06923134173128424	0.4168162126044397
24.3125	0.197665094720257	0.3218701313419454	0.4290638501805912
24.315	0.1972750478081213	0.3568867964274995	0.4404714735463076
24.3175	0.1961064464086868	0.4462708501782995	0.4507004160457728
24.32	0.1941639024577854	0.4337121980059865	0.4594194509248027
24.3225	0.1914550822889358	0.6790398023900681	0.4663146055269968
24.325	0.1879906763777995	0.6410138905910879	0.4710974937487449
24.3275	0.1837843571517711	0.7636584614309541	0.4735120965586977
24.33	0.1788527250311418	0.9772886401263324	0.4733400077226639
24.3325	0.1732152429148612	0.9174052405966511	0.4704042259975305
24.335	0.1668941593693131	0.9590056193696236	0.4645716183063207
24.3375	0.1599144208234237	1.029612535278695	0.455754202094856
24.34	0.1523035731164942	0.9495902981383699	0.4439093993900405
24.3425	0.144091652787343	0.8947494373012278	0.4290394008401887
24.345	0.1353110685338692	0.8431231337559484	0.4111897488220159
24.3475	0.1259964733106397	0.8250691130212624	0.3904472120101224
24.35	0.1161846275695668	0.5352493130306988	0.3669369900207405
24.3525	0.1059142541831845	0.6184557694439706	0.3408192664834427
24.355	0.09522588562314176	0.4102032185697256	0.3122851295961171
24.35749999999999	0.08416170399715306	0.2437546723715423	0.2815519025287446
24.36	0.07276537457527243	0.1346134642150366	0.2488579671588847
24.3625	0.06108187346327987	0.1601961105052672	0.2144572139029453
24.365	0.04915731010240241	0.1326036155250101	0.1786132964956535
24.3675	0.03703874529638967	-0.2654866878781265	0.141593903789461
24.37	0.02477400548408535	-0.3148164075791732	0.1036652752518716
24.3725	0.01241149399027949	-0.2887181803861005	0.06508718157639651
24.375	-1.143132862591297e-14	-0.6078587607589909	0.02610856883467691
24.3775	-0.0124114939903023	-0.636761228717221	-0.01303597232540739
24.38	-0.02477400548408573	-0.5038568350376802	-0.05212879790361494
24.3825	-0.03703874529639006	-0.7327001747468012	-0.09097080132457708
24.385	-0.04915731010242456	-0.8904846187310861	-0.1293820001968909
24.3875	-0.06108187346328025	-0.8061440031671583	-0.1672011729899038
24.39	-0.0727653745752728	-0.683148371804386	-0.2042846531260104
24.3925	-0.08416170399713307	-0.8171693184503114	-0.240504432964334
24.395	-0.0952258856231421	-0.8761105842276232	-0.2757457623319731
24.3975	-0.1059142541831658	-0.6680351020373919	-0.3099044428979
24.4	-0.1161846275695671	-0.8965042724038939	-0.3428840202453668
24.4025	-0.12599647331064	-0.5944844120739179	-0.3745930616744584
24.405	-0.1353110685338695	-0.5536924270689855	-0.4049426829037853
24.4075	-0.1440916527873432	-0.75398458694295	-0.4338444549887059
24.41	-0.1523035731164945	-0.4068146505059025	-0.4612087878027855
24.4125	-0.1599144208234239	-0.5174836369241059	-0.4869438514164103
24.415	-0.1668941593693254	-0.3138375769873727	-0.5109550637399982
24.4175	-0.1732152429148613	-0.1993574557939071	-0.5331451430575616
24.42	-0.1788527250311516	-0.3981561527841048	-0.5534146981248447
24.4225	-0.1837843571517713	-0.1304614191508579	-0.5716633065555563
24.425	-0.1879906763777996	-0.1844537264102028	-0.5877910143739495
24.4275	-0.1914550822889359	-0.03231140260821767	-0.6017001759552228
24.43	-0.1941639024577855	-0.1398005214418505	-0.6132975441949472
24.4325	-0.1961064464086869	-0.2251814386025608	-0.6224965156742339
24.435	-0.1972750478081227	-0.170453266224069	-0.6292194347368836
24.4375	-0.197665094720257	-0.1636746930592902	-0.6333998635241944
24.44	-0.1972750478081228	0.0002729092461847271	-0.63498473171639
24.4425	-0.1961064464086842	-0.1152379123320148	-0.6339362894487925
24.445	-0.1941639024577858	-0.3187888136187021	-0.6302337989232424
24.4475	-0.1914550822889364	-0.2367275535710827	-0.6238749138208087
24.45	-0.1879906763778001	-0.3550917158067678	-0.6148767098267239
24.4525	-0.1837843571517719	-0.4600344493029555	-0.6032763433900924
24.455	-0.1788527250311427	-0.4073971998925262	-0.5891313282182838
24.4575	-0.173215242914873	-0.6219478441819309	-0.5725194290376
24.46	-0.1668941593693143	-0.4966411269218652	-0.5535381792885958
24.4625	-0.1599144208234118	-0.7077052992811633	-0.5323040337422568
24.465	-0.1523035731164813	-0.5921301388312361	-0.5089511693831339
24.4675	-0.1440916527873444	-0.7574487078255603	-0.4836299499093611
24.47	-0.1353110685338708	-0.7105855629135733	-0.4565050728125652
24.4725	-0.1259964733106413	-0.7499182970743994	-0.4277534249361519
24.475	-0.1161846275695503	-0.7997271441412654	-0.397561683386548
24.4775	-0.1059142541831673	-0.7303967193566562	-0.3661237129155958
24.48	-0.09522588562314363	-0.7986373719103634	-0.333637826095287
24.4825	-0.08416170399713466	-0.7412595779690623	-0.3003039855185629
24.485	-0.07276537457525352	-0.7808010153979177	-0.2663210346881348
24.4875	-0.06108187346330328	-0.4675906630769802	-0.2318840441530698
24.49	-0.04915731010240448	-0.5964386204512883	-0.1971818515937392
24.4925	-0.03703874529639177	-0.6308758673910391	-0.1623948606001472
24.495	-0.02477400548408746	-0.4633527003653645	-0.1276931457844164
24.4975	-0.01241149399030404	-0.1686534531925728	-0.09323489492153905
24.5	3.524460948728964e-14	-0.01736063873192503	-0.07075630732419792
24.5025	-0.03321086573978816	-0.07643839613407183	-0.06046341057199535
24.505	-0.06629066336507791	-0.05071786953395079	-0.05250218142606932
24.5075	-0.0991088420273892	0.2500486462164344	-0.04921068252438573
24.51	-0.1315358833687999	0.1248403612255648	-0.05269122121260288
24.5125	-0.1634438126715243	0.1724838916995234	-0.06492466574833128
24.515	-0.19470670391601	0.2551205793707498	-0.08787653063617547
24.5175	-0.2252011767531714	0.1939048061997953	-0.1235453863638608
24.52	-0.2548068834303726	0.4731954295412446	-0.1738935901331718
24.5225	-0.2834069837488125	0.03574355506431648	-0.2406158207444895
24.525	-0.3108886061787315	0.3007017796144523	-0.3247893263931517
24.5275	-0.3371432933115581	0.02641300011613747	-0.4265747174594346
24.53	-0.3620674298918045	-0.0729081678583611	-0.5451363855383395
24.5325	-0.3855626517391846	-0.1733073286645213	-0.6787793431448855
24.535	-0.4075362339469278	-0.1601574532657121	-0.8251546365713647
24.5375	-0.4279014568248788	-0.3865760654699963	-0.9814072063919453
24.54	-0.4465779481423238	-0.4735098948128712	-1.144238306052474
24.5425	-0.46349200032051	-1.02931097932922	-1.309923564200218
24.545	-0.4785768613228113	-0.9715490834636968	-1.474366217594008
24.5475	-0.4917729980943923	-1.292254851427687	-1.633273626825093
24.55	-0.5030283315122525	-1.420961773896542	-1.782455351239156
24.5525	-0.5122984419173978	-1.714302413941982	-1.918086389038714
24.555	-0.5195467444192032	-1.937795703236468	-2.036809544712804
24.5575	-0.5247446332790949	-2.080713775666029	-2.135765086306991
24.56	-0.52787159480447	-2.095841643299593	-2.212670964999928
24.5625	-0.5289152883067378	-2.475958414715941	-2.265918860469161
24.565	-0.5278715948044672	-2.605707124033989	-2.294588383761612
24.5675	-0.5247446332790969	-2.498536129858204	-2.298366200969399
24.57	-0.519546744419195	-2.599212977133317	-2.277447900263893
24.5725	-0.5122984419174018	-2.642721208427402	-2.232507459893406
24.575	-0.5030283315122388	-2.616197452014646	-2.164752887862985
24.5775	-0.4917729980944204	-2.595339211070047	-2.076003528460485
24.58	-0.4785768613227925	-2.558181884732063	-1.968678175229922
24.5825	-0.4634920003205177	-2.240389113920929	-1.845613597492844
24.585	-0.4465779481423324	-2.174077185084071	-1.70975096252741
24.5875	-0.4279014568248883	-1.974285287799687	-1.563852233421678
24.59	-0.4075362339469381	-1.715749810834219	-1.410420408163154
24.5925	-0.3855626517391544	-1.605665494451501	-1.251882373800307
24.595	-0.3620674298918162	-1.270735247976132	-1.090904024384287
24.5975	-0.3371432933115704	-1.264463283597929	-0.9305544002829299
24.6	-0.3108886061787446	-0.8114294212326952	-0.7741218524793899
24.6025	-0.2834069837487752	-0.4380282347707809	-0.6246726396114712
24.605	-0.254806883430334	-0.5666934343319301	-0.4846084117899644
24.60749999999999	-0.2252011767531859	-0.429537865102586	-0.3554378178062613
24.61	-0.194706703915969	0.04010818542501056	-0.237837151249779
24.6125	-0.1634438126714824	0.2245133520402218	-0.1318981885224665
24.615	-0.1315358833687572	0.3217979009319194	-0.03738681463767969
24.6175	-0.099108842027405	0.4959322604495184	0.04608524193458824
24.62	-0.06629066336509383	0.6513215048488301	0.118976097860223
24.6225	-0.03321086573974417	0.704712519074066	0.1817867906027059
24.625	1.918406988235355e-14	0.6592417675946551	0.235073247048534
24.6275	0.03321086573978246	0.7006566402834795	0.2794931412119407
24.63	0.06629066336507225	0.9115731995454153	0.3158802692623823
24.6325	0.09910884202744268	0.8588980713193467	0.3453163889268635
24.635	0.1315358833687944	0.7578609815372871	0.3691551618307982
24.6375	0.1634438126715189	0.7679865512669469	0.3889744820336261
24.64	0.1947067039160046	0.6702050999263751	0.4064759556096372
24.6425	0.2252011767531663	0.8272518502220939	0.4233704601005908
24.645	0.2548068834303676	0.7424164795307583	0.4412771677115276
24.6475	0.2834069837487568	0.4340213828114384	0.4616434787459477
24.65	0.3108886061787269	0.3663727370703419	0.4856821278508269
24.6525	0.3371432933115537	0.3222479791938483	0.5143200393016943
24.655	0.3620674298918003	0.2788485520474229	0.5481565625517585
24.6575	0.3855626517391396	0.3738971432189288	0.5874329762064939
24.66	0.4075362339469242	0.2118354039068097	0.6320184050738603
24.6625	0.4279014568248755	0.2414267277399104	0.6814177890854302
24.665	0.446577948142353	0.278555495344893	0.7348043544831487
24.6675	0.4634920003205072	0.4984434219378115	0.7910731062260724
24.67	0.4785768613228089	0.627988674185703	0.8489061570483633
24.6725	0.4917729980944123	0.8250642856900324	0.9068389555504249
24.675	0.5030283315122692	0.5764419013251222	0.9633209252809894
24.6775	0.5122984419173964	0.7873687020716728	1.016772967476081
24.68	0.5195467444192022	1.163076146250331	1.065650920355989
24.6825	0.5247446332791017	0.90413742631602	1.1085206873261
24.685	0.5278715948044697	1.115401086918559	1.144137863328286
24.6875	0.5289152883067378	1.387353364010649	1.171513961420557
24.69	0.5278715948044713	1.320341873402321	1.189953969532923
24.6925	0.5247446332790977	1.493708471890543	1.199063500541028
24.695	0.519546744419196	1.469111787664292	1.198735392118135
24.6975	0.5122984419174031	1.601986257235469	1.189127057489095
24.7	0.5030283315122591	1.301490708532514	1.170634487468316
24.7025	0.4917729980944225	1.255559294885512	1.143863903770693
24.705	0.4785768613227949	1.218154525866416	1.109600222618577
24.70749999999999	0.4634920003205205	1.217480833289769	1.068770967780443
24.71	0.4465779481423032	1.169338035792169	1.022404158128617
24.7125	0.4279014568248563	1.092693240714958	0.9715799221854821
24.715	0.4075362339469034	0.8668496610102779	0.9173782664821899
24.7175	0.3855626517391583	0.7673155503439713	0.8608278576478393
24.72	0.3620674298918203	0.7393089443895391	0.8028611847583322
24.7225	0.3371432933115285	0.5193103432963013	0.7442799175539303
24.725	0.3108886061787005	0.2473036375888737	0.6857317815583205
24.7275	0.28340698374878	0.3416349401581897	0.6276980452537546
24.73	0.254806883430339	0.1476968042626726	0.570489396951219
24.7325	0.2252011767531911	-0.04006978044974921	0.5142476624367177
24.735	0.1947067039159743	-0.09247410822893364	0.4589512721488578
24.7375	0.163443812671545	-0.2212331315255918	0.4044233113632873
24.74	0.1315358833687628	0.03388867135146922	0.3503419963187543
24.7425	0.09910884202741059	-0.2066496942113889	0.2962541018432548
24.745	0.0662906633650995	-0.2675284068829462	0.2415919207427705
24.7475	0.03321086573980988	-0.1222056999980929	0.1856937744020486
24.75	4.572712752755717e-15	-0.2577497287702628	0.1378826434533744
24.7525	0.01126414985158054	-0.2246593295551752	0.09788499324855986
24.755	0.02248384524979291	-0.3828147312221437	0.05636682494714042
24.7575	0.03361480718269624	-0.2938914207934094	0.01552663368719029
24.76	0.04461310682881394	-0.3174310621152315	-0.02254067757227493
24.7625	0.05543533892404818	-0.02845683667900806	-0.05589975064928882
24.765	0.06603879306256565	-0.03105250820964894	-0.08282759144586835
24.7675	0.07638162225508224	-0.1340221513984122	-0.1018681859498027
24.77	0.086423008080039	-0.04005654104508228	-0.1118888068073723
24.7725	0.09612332177500238	-0.02044403917876483	-0.1121323552021806
24.775	0.1054442806334886	-0.03794543406164996	-0.1022565014779388
24.7775	0.1143490990892244	0.07122561038797103	-0.08235120730900472
24.78	0.1228026338919894	0.3457521780228695	-0.05293082813994118
24.7825	0.130771522801984	0.3858335649664974	-0.01490123342193279
24.785	0.1382243162552905	0.2227681254094818	0.03049671965217662
24.7875	0.1451316014810211	0.5502770323473571	0.0817659796170194
24.79	0.1514661185800283	0.5573082335057612	0.1372493199382671
24.7925	0.1572028681072978	0.6607790494410289	0.1952307863781909
24.795	0.1623192097332962	0.6489630476481725	0.2540266937735589
24.7975	0.166794951595071	0.4714390490251608	0.3120531852621677
24.8	0.1706124299842654	0.853890219911165	0.3678658162548529
24.8025	0.1737565790577175	0.741318111036182	0.4201757792269744
24.805	0.1762149902954632	0.5890309017701464	0.4678529738795749
24.8075	0.177977961471477	0.6529948380821006	0.5099264095544399
24.81	0.1790385349439647	0.7055256829781527	0.5455884947271907
24.8125	0.1793925251139528	0.8194468718664428	0.5742044714361817
24.815	0.1790385349439642	0.7444639138894272	0.5953239843704493
24.8175	0.1779779614714786	0.6754650803945512	0.608689500524963
24.82	0.1762149902954619	0.6991902896866968	0.6142365539846089
24.8225	0.1737565790577208	0.5693759901171069	0.6120838233556019
24.825	0.1706124299842632	0.2653193153930641	0.6025153800719115
24.8275	0.1667949515950683	0.5652512177666512	0.5859601412632545
24.83	0.1623192097332932	0.3765243814447045	0.5629728809942848
24.8325	0.1572028681072943	0.3176332669976766	0.5342180917731632
24.835	0.1514661185800245	0.4227528769109686	0.5004549765607063
24.8375	0.1451316014810288	0.1127840128965339	0.462520651575925
24.84	0.1382243162552859	0.3601423257615369	0.4213094451851452
24.8425	0.130771522801979	0.433540948404196	0.3777480201562828
24.845	0.1228026338919991	-0.0744831841281205	0.3327677087887003
24.8475	0.1143490990892345	0.09856669947780973	0.2872761962870391
24.85	0.1054442806334993	0.100569010203902	0.2421304814964343
24.8525	0.09612332177499629	-0.02325925762774293	0.1981123247151578
24.855	0.08642300808003267	-0.05228760715759534	0.1559066961952116
24.85749999999999	0.07638162225509416	-0.1541173827758018	0.1160834263816884
24.86	0.06603879306253997	0.04262453270826325	0.0790824105440727
24.8625	0.05543533892404132	-0.1375763373896583	0.04520315323071149
24.865	0.0446131068287872	-0.0600964097984725	0.01459980098761731
24.8675	0.0336148071827092	-0.04384063022217063	-0.01271724156093954
24.87	0.02248384524978576	0.05143512137515646	-0.03687262493207076
24.8725	0.01126414985157334	-0.06173212088885169	-0.05811079401727934
24.875	-2.638752671047834e-15	-0.05232499607699116	-0.07677561417770626
24.8775	-0.01126414985157861	-0.09275297154934345	-0.09328692227888444
24.88	-0.022483845249791	0.06655010796968676	-0.1081160939947527
24.8825	-0.03361480718271438	0.0136807734632181	-0.1217623561920251
24.885	-0.04461310682881207	0.2187138641424038	-0.1347310182352151
24.8875	-0.05543533892404634	0.1665011388319883	-0.147514246918894
24.89	-0.06603879306254488	0.0494673723420786	-0.1605745767150599
24.8925	-0.07638162225508048	-0.03567489230845258	-0.1743310619244935
24.895	-0.0864230080800373	0.02331811767280283	-0.1891478293372879
24.8975	-0.09612332177500074	-0.02086770331897691	-0.2053247534724845
24.9	-0.1054442806334871	-0.003229376568125171	-0.2230900220956638
24.9025	-0.1143490990892229	-0.1131651922517046	-0.2425944558347224
24.905	-0.1228026338920029	-0.2145611385728485	-0.2639075580551951
24.90749999999999	-0.1307715228019687	-0.09912373851471144	-0.2870153658414871
24.91	-0.1382243162552892	-0.2156307921978948	-0.3118202230566811
24.9125	-0.1451316014810319	-0.1667399533541465	-0.3381425894758098
24.915	-0.1514661185800382	-0.3601290100115987	-0.3657249419518701
24.9175	-0.1572028681072969	-0.4132948487121366	-0.3942377369459056
24.92	-0.1623192097332954	-0.3912660743123185	-0.4232873184964296
24.9225	-0.1667949515950702	-0.6385874450399998	-0.4524255967208947
24.925	-0.1706124299842711	-0.6801102469405511	-0.4811612984073012
24.9275	-0.173756579057717	-0.5300277092274136	-0.5089725926059172
24.93	-0.1762149902954628	-0.5322243159340352	-0.5353208945912281
24.9325	-0.1779779614714793	-0.8016259710932658	-0.5596656212959673
24.935	-0.1790385349439646	-0.7020693576548525	-0.5814795901876848
24.9375	-0.1793925251139528	-0.8101897709172396	-0.6002646226656168
24.94	-0.1790385349439644	-0.872767385937109	-0.6155667596904487
24.9425	-0.1779779614714788	-0.8822710096154855	-0.6269903700512811
24.945	-0.1762149902954622	-0.952119233923227	-0.6342103850010151
24.9475	-0.1737565790577213	-0.8817113668051935	-0.6369819663985434
24.95	-0.1706124299842701	-0.8993189405955115	-0.635147114877728
24.9525	-0.166794951595069	-0.8179318569759759	-0.6286380155104292
24.955	-0.162319209733294	-0.5265783060280942	-0.6174772347910459
24.9575	-0.1572028681072953	-0.7287523995703579	-0.6017751466952083
24.96	-0.1514661185800255	-0.6125201646296845	-0.5817251113481137
24.9625	-0.145131601481018	-0.4815688276898902	-0.5575969249921433
24.965	-0.1382243162552871	-0.4446676310839303	-0.529728919481669
24.9675	-0.1307715228019804	-0.2934689902007231	-0.4985188789412879
24.97	-0.1228026338920005	-0.3896298662304775	-0.4644137613453435
24.9725	-0.1143490990892203	-0.4946417003973073	-0.4278981628256438
24.975	-0.1054442806334844	-0.2996549516626355	-0.3894815905120632
24.9775	-0.09612332177499791	-0.05829414988151366	-0.3496848771064855
24.98	-0.08642300808003438	-0.3081374747373467	-0.3090263603806343
24.9825	-0.07638162225507747	-0.2514148071005552	-0.2680086255919807
24.985	-0.06603879306254178	-0.003631885672127473	-0.2271065833239528
24.9875	-0.05543533892404316	0.1934505719221606	-0.1867574387494913
24.99	-0.04461310682880883	0.1374686870737745	-0.1473527898042288
24.9925	-0.03361480718271109	-0.05433722976128216	-0.1092327866441712
24.995	-0.02248384524978768	0.173058212883325	-0.07268208170213031
24.9975	-0.01126414985159562	0.1459715914349463	-0.03792723499810362
25.0	3.905252921683908e-15	0.1576079977648156	0.008125610086838077
25.0025	0.0624146093240735	0.2557469784271839	0.06651969420172142
25.005	0.1245828966996638	0.3077007860498668	0.1254025759005878
25.0075	0.1862595122984925	0.2084608739451867	0.1871160162945584
25.01	0.247201046696266	0.07651481055981948	0.2539106578726423
25.0125	0.3071669914980347	0.1957415120792837	0.327781755978807
25.015	0.3659206885157167	0.4732404792986122	0.4102898187268129
25.0175	0.4232302637489816	0.2062827534889733	0.5023790820262422
25.02	0.4788695424867458	0.5056404362948301	0.6042272576833126
25.0225	0.5326189419150001	0.51378423143783	0.7151921817571876
25.025	0.5842663377100579	0.6227117482386642	0.8339158078390777
25.0275	0.6336079011958924	0.7950630335493939	0.9585730227891803
25.03	0.6804489037637982	0.9479412762360662	1.087073078502974
25.0325	0.7246044853759972	1.243826902323641	1.216683111566036
25.035	0.7659003841247198	1.151362731154167	1.342802768908601
25.0375	0.8041736239639065	1.477828293834689	1.458632281494395
25.04	0.839273157901292	1.861462676222437	1.557180204654323
25.0425	0.8710604641119318	1.650455136181926	1.633288707743199
25.045	0.8994100926203367	1.497956580823868	1.683970402874532
25.0475	0.9242101603945576	1.751291886328074	1.707827000664605
25.05	0.9453627928971632	1.755075016295973	1.704607062614987
25.0525	0.9627845103514123	1.743989248473297	1.675425510902589
25.055	0.9764065571976757	1.520759935634065	1.623525775398585
25.05749999999999	0.9861751734404073	1.64431330123784	1.554752054549909
25.06	0.9920518068141606	1.61940731611625	1.476853771696156
25.0625	0.9940132649317663	1.407709948741844	1.397903594486305
25.065	0.9920518068141536	1.44937564836848	1.324959681335482
25.0675	0.9861751734404076	1.204118990505959	1.263502628231009
25.07	0.9764065571976762	1.209243877628394	1.217370761525938
25.0725	0.9627845103513849	1.416420423759069	1.188810916194402
25.075	0.9453627928971641	1.179854629161942	1.178478423470758
25.0775	0.9242101603945587	1.050766666788322	1.185402456745024
25.08	0.8994100926203379	1.098867348060312	1.207027338823593
25.0825	0.8710604641119333	1.203332977049156	1.239439686121467
25.085	0.8392731579012935	1.09740054591863	1.277803619366507
25.0875	0.8041736239639081	1.212314529265333	1.316935015054463
25.09	0.7659003841247217	1.377943720881458	1.351910105952596
25.0925	0.7246044853759992	1.578291764640278	1.378577624983883
25.095	0.6804489037637179	1.458310155875631	1.393823256851439
25.0975	0.6336079011959818	1.345685543171935	1.395537395145517
25.1	0.5842663377099686	1.570402887538516	1.38241618164453
25.1025	0.5326189419150026	1.378469896262782	1.353721502360256
25.105	0.4788695424867483	1.44164731369924	1.309010549316621
25.10749999999999	0.4232302637489841	1.30863372024494	1.247885187639377
25.11	0.3659206885156143	1.270635386886201	1.169882446895627
25.1125	0.3071669914980375	1.212176480071414	1.074537307852053
25.115	0.2472010466961593	1.040786981108544	0.9615254004592086
25.1175	0.1862595122986064	0.8508339663316675	0.8307789966002924
25.12	0.1245828966996667	0.6063382450298689	0.6825347270566294
25.1225	0.0624146093240764	0.380759992366326	0.5173324804972119
25.125	6.810812164333659e-15	0.1483095406433209	0.3359877372762103
25.1275	-0.0624146093240628	0.01001165116697465	0.1395344797687417
25.13	-0.1245828966997653	-0.1921344131966347	-0.07084333124547129
25.1325	-0.186259512298593	-0.6223697422107917	-0.2938325957544088
25.135	-0.2472010466962556	-0.57390581775533	-0.5279231121409427
25.1375	-0.3071669914980245	-1.020102082718759	-0.7712748872712482
25.14	-0.3659206885156016	-1.198800220275892	-1.021585459625082
25.1425	-0.4232302637489719	-1.521423326756306	-1.275995453023452
25.145	-0.4788695424867364	-1.589947210305051	-1.531013448807553
25.1475	-0.5326189419149912	-1.820489841494761	-1.782488546974081
25.15	-0.5842663377099577	-2.202659604895835	-2.025831497962082
25.1525	-0.6336079011958842	-2.296278435921092	-2.256557266472554
25.155	-0.6804489037637903	-2.402106383162191	-2.470641081861773
25.1575	-0.7246044853759125	-2.630406165498284	-2.664345750193071
25.16	-0.765900384124713	-2.699919678633409	-2.834044930693162
25.1625	-0.8041736239639665	-2.579514701043404	-2.976437866999538
25.165	-0.8392731579013468	-3.155885578460451	-3.088914452304439
25.1675	-0.8710604641119267	-3.072765828079667	-3.169757086286217
25.17	-0.8994100926203321	-2.90353970303826	-3.218137149837898
25.1725	-0.9242101603945952	-2.747039375866178	-3.234032020613967
25.175	-0.9453627928971947	-2.856092511275773	-3.218184197219874
25.1775	-0.9627845103514097	-2.866960839109903	-3.172155471439175
25.18	-0.9764065571976737	-2.59145340957152	-3.098433370664652
25.1825	-0.9861751734404061	-2.76052207056382	-3.00043139699737
25.185	-0.9920518068141599	-2.580089586529609	-2.882217459545673
25.1875	-0.9940132649317663	-2.375849368189328	-2.748017178400087
25.19	-0.9920518068141543	-2.257190606591678	-2.601755910293498
25.1925	-0.986175173440409	-2.205183216414722	-2.44685487023932
25.195	-0.9764065571976782	-2.047802450632951	-2.286298235206533
25.1975	-0.9627845103514157	-2.039450789245882	-2.122858408680401
25.2	-0.9453627928972023	-1.793264323027004	-1.959332700528874
25.2025	-0.9242101603945627	-1.762686644809387	-1.798680389464381
25.205	-0.8994100926203424	-1.80512546500792	-1.644035848553757
25.2075	-0.8710604641119384	-1.630163481301876	-1.498629831259511
25.21	-0.8392731579012992	-1.581760039512589	-1.365622900988605
25.2125	-0.8041736239639143	-1.33592907032208	-1.24782206368704
25.215	-0.7659003841246564	-1.477734479400858	-1.147299258790579
25.2175	-0.7246044853760065	-1.478415881639802	-1.065032056420819
25.22	-0.6804489037637258	-1.471341292217262	-1.00074067099569
25.2225	-0.6336079011959029	-1.359060496232913	-0.9530081118273841
25.225	-0.5842663377099774	-1.344666894297777	-0.9196004946021552
25.2275	-0.5326189419150117	-1.35479649644185	-0.8978122699126441
25.23	-0.4788695424867577	-1.384427116363712	-0.8847053748797694
25.2325	-0.4232302637488916	-1.282009335479986	-0.8772117728403754
25.235	-0.3659206885156243	-1.341583455839905	-0.8721290037964701
25.2375	-0.3071669914980477	-1.383738546104092	-0.8660667093320559
25.24	-0.2472010466962792	-1.383189121868893	-0.855437168321597
25.2425	-0.1862595122985059	-1.245777519788244	-0.8365840796953385
25.245	-0.1245828966996773	-1.200653502948015	-0.8060558716364478
25.2475	-0.06241460932408709	-0.9580647649223812	-0.7609023779002818
25.25	1.578192641991696e-14	-1.029274211547814	-0.7377671767200953
25.2525	-0.05620070009107379	-0.9013932706262657	-0.7349012028207248
25.255	-0.1121796016946626	-0.6469619863417945	-0.718313483553659
25.25749999999999	-0.1677157816601464	-0.5046856120272232	-0.6939610341102121
25.26	-0.22259006405767	-0.7257324819526333	-0.6671063598696819
25.2625	-0.2765858851640826	-0.5525189067853312	-0.6423710431660756
25.265	-0.3294901481417263	-0.1747623328279835	-0.6238342574175451
25.2675	-0.3810940640343857	0.1286697803985927	-0.6152612209338394
25.27	-0.4311939757616193	-0.01860090741286317	-0.6205610046792293
25.2725	-0.4795921618603124	-0.02284071412467427	-0.6441766582388303
25.275	-0.5260976168010437	0.02768576369097194	-0.6906579577521698
25.2775	-0.5705268047993157	0.1984694171110299	-0.7631814553345053
25.28	-0.6127043841479505	-0.05538969203690028	-0.8623861266989341
25.2825	-0.6524638992103621	-0.2065730973202415	-0.986619090035383
25.285	-0.6896484373450589	-0.34401294247261	-1.132845042343654
25.2875	-0.7241112481678283	-0.5320131810977043	-1.297373354011788
25.29	-0.7557163227091629	-0.5482510483348033	-1.476265547311915
25.2925	-0.7843389301786536	-0.9650634010132992	-1.665512952470618
25.295	-0.809866110221104	-1.221323500339538	-1.861080044157832
25.2975	-0.8321971187191458	-1.580530157331708	-2.058894494138725
25.3	-0.8512438253843047	-1.794080987490994	-2.254830932015925
25.3025	-0.8669310615670109	-2.33588832306973	-2.444664209572736
25.305	-0.8791969169128115	-2.41838600535409	-2.623931655866178
25.30749999999999	-0.8879929836944241	-2.832387503720263	-2.787753533186526
25.31	-0.893284547854809	-3.003783841068387	-2.930818227730708
25.3125	-0.8950507260076916	-3.200484597453956	-3.047707965376318
25.315	-0.8932845478548053	-3.396974700720316	-3.133530560321605
25.3175	-0.8879929836944294	-3.829569948095925	-3.184637942245436
25.32	-0.8791969169128001	-3.54750552596904	-3.199134292117323
25.3225	-0.8669310615669958	-3.749528679081733	-3.176918601874225
25.325	-0.8512438253843173	-3.723079564428623	-3.119312631984366
25.3275	-0.8321971187191609	-3.641398122272538	-3.028694041671062
25.33	-0.8098661102211215	-3.798985367622379	-2.90838811610269
25.3325	-0.7843389301786244	-3.425136119679518	-2.762575296778884
25.335	-0.7557163227091304	-3.330716300156022	-2.595895565188658
25.3375	-0.7241112481678526	-2.970782123436567	-2.412814257576441
25.34	-0.6896484373450201	-2.561603496547994	-2.217102741687107
25.3425	-0.6524638992103903	-2.294905747428275	-2.011699431956733
25.345	-0.6127043841479063	-2.12567803115605	-1.798995204482199
25.3475	-0.5705268047993476	-1.731435551475895	-1.581402198464825
25.35	-0.5260976168009949	-1.419510913964398	-1.361855294469118
25.3525	-0.4795921618603471	-1.100741255475088	-1.143874901573814
25.355	-0.4311939757615663	-0.8044197410071997	-0.931221770853245
25.3575	-0.381094064034423	-0.4388990641498814	-0.7275254052753031
25.36	-0.32949014814167	-0.03112307494031577	-0.5360408752593242
25.3625	-0.2765858851639282	0.0986546236307646	-0.3592894583258953
25.365	-0.2225900640576113	0.3626038342710309	-0.1985700392030768
25.3675	-0.1677157816601869	0.4448416293193266	-0.05385290322882805
25.37	-0.1121796016946025	0.5440514685678473	0.07577521651344513
25.3725	-0.05620070009111492	0.908228466281818	0.1915630209342402
25.375	7.632437124714257e-14	0.960279694043608	0.2947693309431854
25.3775	0.05620070009106417	0.8334485650662261	0.3865491628325461
25.38	0.112179601694653	1.004273346886784	0.467955130275419
25.3825	0.1677157816602369	0.6929660380540448	0.5400104775872598
25.385	0.2225900640576606	0.9878683763789093	0.6038430711389183
25.3875	0.2765858851639766	1.08337127511054	0.6608275846432282
25.39	0.3294901481416228	0.9059404371460399	0.7126334516161862
25.3925	0.381094064034377	0.8853064037021219	0.7611313603106591
25.395	0.4311939757616109	1.016543644642334	0.8082205433822992
25.3975	0.4795921618603042	0.7107826229086321	0.8556637917547194
25.4	0.5260976168009536	0.7514108696065832	0.9049638370265755
25.4025	0.5705268047993084	0.5891399296727022	0.9572717274006067
25.405	0.6127043841479435	0.8165964731779727	1.013311946882942
25.4075	0.6524638992103554	0.5141016635026335	1.073318110635929
25.41	0.6896484373450527	0.5583376357964943	1.136974212547927
25.4125	0.7241112481678825	0.8137638502026712	1.203344850876471
25.415	0.7557163227091577	0.9033617590142772	1.270783061794649
25.4175	0.784338930178649	0.8767687136552016	1.33687714727538
25.42	0.8098661102210999	1.105184364187725	1.398590879371919
25.4225	0.8321971187191797	1.199673847113302	1.452673442673587
25.425	0.8512438253843331	1.403314627306902	1.49617715462654
25.4275	0.8669310615670085	1.494348342646705	1.526843755435562
25.43	0.8791969169128097	1.525819582944247	1.54328376010525
25.4325	0.8879929836944358	1.70492150704064	1.545036234791351
25.435	0.8932845478548085	1.742506630193332	1.532614054228672
25.4375	0.8950507260076916	1.80306414747347	1.507544725819748
25.44	0.8932845478548058	1.788690220177802	1.472312348834539
25.4425	0.8879929836944307	1.894627519851989	1.430104165598367
25.445	0.879196916912802	1.407543333389133	1.384385988194818
25.4475	0.8669310615670236	1.530158323435099	1.338448644993537
25.45	0.8512438253843203	1.609450344749354	1.295062128384723
25.4525	0.8321971187191645	1.399753258388933	1.256282928069891
25.455	0.8098661102211256	1.125167252053153	1.223387783480024
25.4575	0.7843389301786781	1.065252873248586	1.196889769783923
25.46	0.7557163227091356	1.040399610817493	1.176605721611249
25.4625	0.7241112481678583	0.8095813131671347	1.161759892905336
25.465	0.6896484373449615	0.739118217878077	1.151115569164852
25.4675	0.6524638992103969	0.5906709010223644	1.143123424624667
25.47	0.6127043841479134	0.7783573630497984	1.136068551468572
25.4725	0.5705268047992766	0.7282016017805463	1.128195058607856
25.475	0.5260976168009204	0.6892759447475015	1.117791817722904
25.4775	0.4795921618603553	0.6717284875263376	1.103232687758262
25.48	0.4311939757615748	0.7044839553098255	1.082973800648968
25.4825	0.3810940640343397	0.6052674675510775	1.055516284894268
25.485	0.329490148141679	0.7331670582049199	1.019345909646312
25.4875	0.2765858851640343	0.8586885905303133	0.9728625720408374
25.49	0.2225900640577193	0.7715439363420508	0.9143118946524336
25.4925	0.1677157816601964	0.9905867789475353	0.8417306478225549
25.495	0.1121796016946121	0.7857311137640788	0.7529308389585605
25.4975	0.05620070009112456	0.852787382462182	0.6456003040652057
25.5	2.057506418716498e-14	0.6764384382778866	0.5244947265798526
25.5025	-0.03296245664413022	0.6652076868073854	0.3909068669302702
25.505	-0.06579482553107996	0.5580748074821901	0.240772192010964
25.50749999999999	-0.0983675323003957	0.3816529592253278	0.07703180828424608
25.51	-0.1305520273596307	0.3968739120214225	-0.0974113274348293
25.5125	-0.1622212932103669	-0.01384098305529971	-0.279916514509541
25.515	-0.1932503457286615	0.01089088902442165	-0.4680845826194104
25.5175	-0.2235167274200507	-0.3892037331161063	-0.6596057184369518
25.52	-0.252900990703393	-0.3158488267524376	-0.8520620921155103
25.5225	-0.2812871693159526	-0.5659512909567493	-1.042726404907591
25.525	-0.3085632359790545	-0.9225545611984747	-1.228393284057896
25.5275	-0.3346215445188814	-1.13015004270187	-1.405345320358591
25.53	-0.3593592546965354	-1.285987296743338	-1.569628447240824
25.5325	-0.3826787380715302	-1.583082349121383	-1.71763364753399
25.535	-0.4044879632966812	-1.637183350586773	-1.846569131128942
25.5375	-0.4247008593235984	-1.861034339696849	-1.954511772341996
25.54	-0.443237655086203	-2.181457350110358	-2.040268519152903
25.5425	-0.4600251943201716	-2.126259800809662	-2.103289418221457
25.545	-0.47499722427768	-2.289341958728969	-2.143596185360692
25.5475	-0.4880946571965558	-2.362963313593474	-2.161667380515508
25.55	-0.4992658034927345	-2.602181981882869	-2.158318260392962
25.5525	-0.5084665757553561	-2.315628821952673	-2.134635631556475
25.555	-0.5156606627397551	-2.517829245040195	-2.091983057969484
25.5575	-0.5208196726712697	-2.354864026244408	-2.032041160635191
25.56	-0.5239232452946314	-2.334123390207734	-1.956823366532446
25.5625	-0.5249591322265721	-2.31365244657019	-1.868620371308868
25.565	-0.5239232452946269	-1.955100515386992	-1.769875102235668
25.5675	-0.5208196726712756	-1.933570265027292	-1.663043807259027
25.57	-0.5156606627397528	-1.891814862943457	-1.550513147239991
25.5725	-0.5084665757553529	-1.53050061939941	-1.434606172973854
25.575	-0.4992658034927306	-1.483266940529568	-1.317649711579229
25.5775	-0.488094657196573	-1.402361732564002	-1.202029090005665
25.58	-0.4749972242777	-1.14965248554812	-1.090155130052559
25.5825	-0.4600251943201654	-0.8197415158858656	-0.984319828385126
25.585	-0.4432376550861961	-0.8584541039183529	-0.8864858700396775
25.5875	-0.4247008593236259	-0.624342375713534	-0.7980962547922476
25.59	-0.404487963296673	-0.5561900387725739	-0.7199826422726199
25.5925	-0.3826787380715214	-0.5521741878067613	-0.652396457873069
25.595	-0.359359254696526	-0.4004292058418226	-0.5951211847836648
25.5975	-0.3346215445188715	-0.2141096954186057	-0.5475987135568612
25.6	-0.3085632359790441	-0.2621659179288601	-0.5090240984034108
25.6025	-0.2812871693159417	-0.181273780026177	-0.478396682831932
25.605	-0.2529009907033817	-0.1214953336682873	-0.4545362902969178
25.60749999999999	-0.223516727420093	-0.2016305865434972	-0.4360807627844021
25.61	-0.1932503457286496	-0.05862212001067185	-0.4214826060403585
25.6125	-0.1622212932103546	-0.1319703105146162	-0.4090209047327967
25.615	-0.1305520273595604	-0.04986254429354988	-0.396839592246826
25.6175	-0.09836753230038306	-0.185401323457884	-0.3830145725878946
25.61999999999999	-0.06579482553106718	-0.3815814132484754	-0.365642736033973
25.6225	-0.03296245664423651	-0.263914154140541	-0.3429396717946618
25.625	-2.623444160887918e-14	-0.1214550349039709	-0.313332214237979
25.62749999999999	0.03296245664412458	-0.1105143299550176	-0.2755362339656913
25.63	0.06579482553107434	-0.3866313790321989	-0.2286168410546904
25.6325	0.09836753230039015	-0.2743157532873812	-0.1720341164982589
25.635	0.1305520273596252	-0.233140162040951	-0.1056788569379062
25.6375	0.1622212932103047	-0.369159444190223	-0.0298971183127008
25.64	0.1932503457286563	-0.0863194675445609	0.0545077058487332
25.6425	0.2235167274200456	-0.001211776650717811	0.1463114382891582
25.64500000000001	0.2529009907034403	-0.06176908279180708	0.2439512332765825
25.6475	0.2812871693159478	0.04684588388454932	0.345639883234898
25.65	0.3085632359790016	0.1191779258832966	0.4494821222002948
25.65249999999999	0.334621544518831	0.1849127230250855	0.553560459694864
25.655	0.3593592546965313	0.2463888203027381	0.655970410748849
25.6575	0.3826787380715262	0.362818217335469	0.7548099729355573
25.66	0.4044879632966776	0.753163129965867	0.8481621352722892
25.6625	0.4247008593236301	1.001620539181785	0.9341266072572851
25.665	0.4432376550862319	1.037484639991314	1.010926029308381
25.6675	0.4600251943201689	1.080089225198644	1.077055011140498
25.67	0.4749972242776776	1.227793452749872	1.131412305870055
25.6725	0.4880946571965537	1.316055702446708	1.173365876875107
25.675	0.4992658034927328	1.404055558854149	1.202733192188005
25.6775	0.5084665757553399	1.360600694560046	1.219706247614959
25.68	0.5156606627397541	1.430381882052473	1.224776266662115
25.68249999999999	0.5208196726712689	1.461458304973744	1.218690556338401
25.685	0.5239232452946311	1.594678757395846	1.20243601676225
25.6875	0.5249591322265721	1.189607167327402	1.17722839879848
25.69	0.5239232452946272	1.314458706799381	1.144490438253555
25.6925	0.5208196726712763	1.306996026118521	1.105808878229785
25.69500000000001	0.5156606627397538	1.15199912558083	1.062867445662562
25.6975	0.5084665757553544	1.024381643882132	1.017361993193608
25.7	0.4992658034927323	0.7891485277309602	0.9709112275113374
25.7025	0.4880946571965751	0.8316462087448689	0.9249770737691524
25.705	0.4749972242776769	0.510596087757075	0.8808035688186813
25.7075	0.4600251943201969	0.5937266867169042	0.8393764986275764
25.71	0.4432376550861991	0.5190252804468762	0.8014011759808052
25.7125	0.4247008593236292	0.4532698445401884	0.7672938357364834
25.715	0.4044879632966386	0.5377771735614715	0.7371826721920908
25.7175	0.3826787380715252	0.3135106062503427	0.7109165979800262
25.72	0.3593592546965736	0.2185873513184515	0.6880821763641248
25.7225	0.3346215445189218	0.358308614979913	0.6680305254417624
25.725	0.3085632359790487	0.4551148227049597	0.6499152561649363
25.7275	0.2812871693159465	0.4383607460722913	0.6327397150921618
25.73	0.2529009907033867	0.5443182261526295	0.6154084479756197
25.73249999999999	0.2235167274200441	0.561964252750953	0.5967759895461024
25.735	0.1932503457286548	0.4473689087164806	0.5756869612285237
25.7375	0.16222129321036	0.5525529308252874	0.5510044318887258
25.74	0.1305520273595659	0.5544129235940779	0.521626986210671
25.7425	0.09836753230038862	0.5957232621492781	0.4864976633069349
25.745	0.0657948255310136	0.7185034335740133	0.444609486138147
25.7475	0.03296245664412303	0.5053210545267821	0.3950129622821564
25.75	2.053675091473565e-14	0.5048880722057054	0.3394219933354974
25.7525	-0.02122485742421451	0.4905388974513855	0.2773291167457751
25.755	-0.04236595003294936	0.5275720449213852	0.2061188369552318
25.7575	-0.06333984359202742	0.2833548410648639	0.1264030372357493
25.76	-0.08406376372570716	0.3683406732796368	0.03901989539928924
25.7625	-0.104455922588968	0.05010467984223735	-0.05500881839476572
25.765	-0.1244358416472152	0.1667518354420623	-0.1545288826381971
25.7675	-0.1439246692877731	-0.04583303598210448	-0.2582983369674804
25.77	-0.1628454920115795	-0.1705695588202144	-0.3650156667437595
25.77249999999999	-0.1811236379754452	-0.3409762677510678	-0.4733290737558335
25.775	-0.1986869716877727	-0.3510795703389012	-0.581830919882299
25.7775	-0.2154661786942302	-0.7255166363367052	-0.6890453067450395
25.78	-0.2313950391305748	-0.7012338057583594	-0.7934191141119359
25.7825	-0.2464106890617799	-0.9962015330692757	-0.8933289605608803
25.785	-0.260453868577619	-1.42848146260514	-0.9871174135712354
25.7875	-0.2734691556642108	-1.163661357217552	-1.073166595044886
25.79	-0.2854051849295905	-1.139141061172015	-1.150001412892856
25.7925	-0.2962148503192392	-1.470427976528821	-1.216393755683193
25.795	-0.3058554910224082	-1.402012284110532	-1.271432142405041
25.7975	-0.3142890598345766	-1.625540791536039	-1.314539811330878
25.8	-0.3214822733125922	-1.642406297870505	-1.345452058543835
25.80249999999999	-0.3274067431291146	-1.783884002211719	-1.36417656014543
25.805	-0.3320390881084394	-1.641814908760258	-1.370954803898319
25.8075	-0.3353610265012216	-1.767565055023893	-1.366231175600567
25.81	-0.3373594481342863	-1.535209875646873	-1.350628250403164
25.8125	-0.3380264661504324	-1.722786187846264	-1.324923942722164
25.815	-0.3373594481342843	-1.369997070783318	-1.29002675864777
25.8175	-0.3353610265012225	-1.535259942008108	-1.246947946027218
25.81999999999999	-0.3320390881084478	-1.393707975110327	-1.196772421933662
25.8225	-0.3274067431291353	-1.123623375085979	-1.140632290573228
25.825	-0.3214822733125942	-1.109688181606848	-1.079686187799567
25.82749999999999	-0.3142890598345788	-1.070267905339241	-1.015104513275837
25.83	-0.3058554910223945	-0.9147331302353925	-0.9480564236786939
25.8325	-0.2962148503192608	-0.8229603608641657	-0.8796919991046797
25.835	-0.2854051849295733	-0.6570093841829036	-0.8111146238327371
25.8375	-0.2734691556642145	-0.5995216009805222	-0.7433442646513534
25.84	-0.2604538685775986	-0.4227445355008173	-0.6772786644930067
25.8425	-0.2464106890617842	-0.2595185724870087	-0.6136621125944883
25.845	-0.2313950391305514	-0.05498734637926808	-0.5530686850048155
25.8475	-0.2154661786942646	-0.1892292834695795	-0.4959009829115286
25.85	-0.1986869716877778	0.01848135694376202	-0.4424003624669772
25.85249999999999	-0.181123637975483	-0.1767698235347489	-0.3926627319517432
25.855	-0.162845492011585	0.0909571944548886	-0.3466548964883223
25.85749999999999	-0.1439246692877788	0.05827614261413515	-0.3042286047583225
25.86	-0.1244358416471853	0.1219723425488895	-0.2651315954427686
25.8625	-0.1044559225890105	0.02161699310153652	-0.2290165076181461
25.865	-0.08406376372567603	0.02106072494536537	-0.195449451256741
25.8675	-0.0633398435920336	0.01802118732831127	-0.1639203794606195
25.87	-0.0423659500329556	0.09996126212249992	-0.1338571689255566
25.8725	-0.02122485742429749	0.1340592928706033	-0.1046445393648729
25.875	-2.418088096798318e-14	-0.1066804401801667	-0.07564782014524399
25.87749999999999	0.02122485742421087	-0.08858425625538258	-0.04624044479969187
25.88	0.04236595003294575	-0.05212771169616263	-0.01583325645566769
25.88249999999999	0.06333984359202384	0.004273676022074339	0.01609660208432509
25.885	0.08406376372570364	-0.05948945121325465	0.0499793243743786
25.8875	0.1044559225890011	0.08217334858849357	0.08613036348857289
25.89	0.1244358416472118	-0.04008166573150823	0.1247339976321264
25.8925	0.1439246692877698	-0.03655174733289104	0.1658335102316256
25.89500000000001	0.16284549201161	-0.1458959175489056	0.2093285703118024
25.8975	0.1811236379754746	-0.02868196708130807	0.254979939474218
25.9	0.1986869716877698	0.08338056103875832	0.3024210635937326
25.9025	0.2154661786942274	0.2626299677555021	0.3511754853883314
25.905	0.2313950391305722	-0.06516326206835832	0.4006784811170686
25.9075	0.2464106890617774	0.3758326345311207	0.4503010481963963
25.91	0.2604538685776167	0.2677943452289199	0.4993744542733301
25.9125	0.2734691556642087	0.4354346320590662	0.5472139789927691
25.915	0.2854051849295886	0.6019919497430631	0.5931410792279733
25.9175	0.2962148503192374	0.7182896960281583	0.6365037452514792
25.91999999999999	0.3058554910223903	0.7469003859256839	0.6766950642924061
25.9225	0.3142890598345611	0.8762061979622626	0.7131698807408859
25.925	0.3214822733125911	0.9579324564284453	0.745459061494719
25.92749999999999	0.3274067431291233	1.021034249036252	0.7731805292406101
25.93	0.3320390881084459	1.133909671811146	0.7960462040989726
25.93249999999999	0.3353610265012212	1.030433704905134	0.8138643987505836
25.935	0.337359448134286	1.127540358145871	0.8265378948702036
25.9375	0.3380264661504324	1.131311226439892	0.8340585835154098
25.94	0.3373594481342845	1.02612963563632	0.8364999025572334
25.9425	0.3353610265012229	0.9827435200658865	0.834008248179494
25.945	0.3320390881084341	1.045922995676221	0.8267941662299936
25.9475	0.3274067431291267	0.9647736313452753	0.8151236388314225
25.95	0.3214822733125953	0.9242971496513642	0.799309361381942
25.9525	0.3142890598345802	1.031979295235494	0.7797016705817333
25.955	0.3058554910223961	0.6797131294135178	0.7566787655003236
25.95749999999999	0.2962148503192625	0.6278440778241093	0.730636023221042
25.96	0.2854051849295753	0.5789151720249481	0.7019744691991078
25.9625	0.2734691556642167	0.3696677086507753	0.6710887284027296
25.965	0.2604538685776008	0.3912424662063371	0.6383549800926298
25.9675	0.2464106890617867	0.2578154771276386	0.6041195259296145
25.97	0.2313950391305821	0.4339195826275709	0.5686885583310639
25.97249999999999	0.215466178694297	0.1486029036783061	0.5323196151477027
25.975	0.1986869716877807	0.2260322442580536	0.4952150715235699
25.9775	0.1811236379754861	0.01008600975191198	0.4575178877469516
25.98	0.1628454920115882	0.2604623079021793	0.419309723008046
25.9825	0.1439246692877821	0.1703167517459782	0.3806114400575871
25.985	0.1244358416471887	0.005226829664068761	0.3413859526937059
25.9875	0.104455922589014	0.09850962262511033	0.3015432924284833
25.99	0.08406376372567956	0.09431546859961468	0.2609476859328801
25.9925	0.06333984359203718	0.1313894701613604	0.2194263468475108
25.995	0.04236595003292109	-0.04151226388891378	0.1767796100640478
25.9975	0.02122485742422442	0.02494895236544743	0.1327919909955318
26.0	1.888107178879247e-14	0.07444459739137259	0.1007592365643092
26.00249999999999	0.03779162829829807	0.01205748314265483	0.08098417036354709
26.005	0.07543411030517296	0.1384198846681791	0.06146266220912511
26.0075	0.1127788883411722	0.1602887949903943	0.04572333209087458
26.01	0.1496785796287284	0.1985090738051895	0.03700811202262291
26.0125	0.1859875579440619	0.02604343270149423	0.03817683607880035
26.015	0.2215625283378871	0.235650246326622	0.0516319290587791
26.0175	0.2562630926545272	0.1257937692515456	0.0792309384131943
26.02	0.2899523036199949	0.2899894823081023	0.1221701064742891
26.0225	0.3224972053096825	0.3191231573460754	0.180845972513984
26.025	0.3537693578650276	0.4726025839076184	0.2547342678485618
26.0275	0.3836453443866159	0.5734748052654663	0.3423550509679045
26.03	0.4120072580049025	0.5514110636860504	0.4413880918945027
26.0325	0.438743167204004	0.6917508283432388	0.5489385534499855
26.035	0.463747557564883	0.8036562896922453	0.6618659380728226
26.0375	0.486921748182114	1.123477113273605	0.777043302850029
26.04	0.5081742811126951	1.038933746340914	0.8914253948792121
26.0425	0.5274212823184312	1.349357530600086	1.001890687423554
26.045	0.5445867926787219	1.270799057019522	1.105030593709537
26.0475	0.5596030677663509	1.406058358454651	1.197222539337847
26.05	0.572410845203831	1.390575631874929	1.275122829833863
26.05249999999999	0.5829595785449334	1.541942899795499	1.336263863339057
26.055	0.5912076367584314	1.466121874145924	1.37928093138527
26.0575	0.5971224685266974	1.473138425291819	1.403694463570661
26.06	0.6006807307110142	1.339799818659164	1.40962264293738
26.0625	0.6018683804761302	1.397704885212336	1.39772290856401
26.065	0.6006807307110122	1.286675370062904	1.369288936344789
26.0675	0.597122468526702	1.258757975766386	1.326297703296286
26.07	0.5912076367584383	1.210612587802813	1.271331623662174
26.0725	0.5829595785449596	1.336776323890944	1.20740109456821
26.075	0.5724108452038424	1.050649754669384	1.137702564410226
26.07749999999999	0.5596030677663646	0.9660954600163438	1.065359569792889
26.08	0.5445867926787086	0.617604731907214	0.9932054695918977
26.0825	0.5274212823184161	0.8594814099796315	0.9236433379076919
26.085	0.5081742811126417	0.8966066563847004	0.8585823031995634
26.0875	0.4869217481821359	0.8295411302831301	0.7994292704713153
26.09	0.4637475575648631	0.6201590198851981	0.7471116442972326
26.0925	0.4387431672040294	0.8221275447577936	0.7021105001863837
26.09500000000001	0.4120072580048798	0.625252139454575	0.6644896689857868
26.0975	0.3836453443866445	0.5649586128393791	0.6339146378327588
26.1	0.3537693578650576	0.6751753638343969	0.6096663494316991
26.1025	0.3224972053097716	0.5722907187966192	0.5906652966361314
26.105	0.2899523036200274	0.5988123477598671	0.5755230315906069
26.10749999999999	0.2562630926545608	0.7362141983978168	0.5626260640121179
26.11	0.2215625283377944	0.745283917450143	0.5502374643962749
26.1125	0.1859875579440972	0.7885844113499287	0.5365897301711317
26.115	0.1496785796286982	0.8433946276440105	0.5199471987732636
26.1175	0.1127788883412087	0.5329576881432296	0.498631152792261
26.12	0.07543411030520983	0.5040039458325838	0.4710140872399133
26.1225	0.03779162829840343	0.3100320992814647	0.4354960635686876
26.125	-1.239256608576151e-14	0.5813991484900743	0.390478135276617
26.1275	-0.03779162829829159	0.5450317322913422	0.3343512100959967
26.13	-0.07543411030516653	0.528297714406218	0.2655272201030127
26.13249999999999	-0.1127788883411658	0.2717760697144282	0.1825468188149491
26.135	-0.1496785796287222	0.2138305425324057	0.08427904616004933
26.1375	-0.1859875579440557	-0.1220718599800867	-0.02983855229269611
26.14	-0.2215625283378811	-0.073959884591986	-0.1596398447073827
26.1425	-0.2562630926545213	-0.4609044798881347	-0.3042390128486432
26.145	-0.2899523036200491	-0.5514724774351122	-0.4621697435567275
26.1475	-0.3224972053097348	-0.7381609396120442	-0.631535075612852
26.15	-0.3537693578650223	-0.7005376462912662	-0.8100824123880151
26.1525	-0.3836453443866636	-1.051083125588365	-0.9951914819215334
26.155	-0.4120072580049476	-1.355376547268264	-1.183805530897131
26.15749999999999	-0.4387431672039996	-1.348368652477544	-1.372363612190353
26.16	-0.4637475575648788	-1.542104456720453	-1.556841457899953
26.1625	-0.4869217481821103	-1.870483890349415	-1.733017186315704
26.165	-0.5081742811126917	-1.782872178307792	-1.896887657203517
26.1675	-0.5274212823184281	-2.023557321546911	-2.044931655418215
26.16999999999999	-0.54458679267869	-2.013142771914437	-2.174116421310035
26.17249999999999	-0.5596030677663233	-2.165407596410006	-2.28188827027609
26.175	-0.572410845203829	-2.241739056827072	-2.366285587589204
26.17749999999999	-0.5829595785449317	-2.327045955358407	-2.426057346882509
26.18	-0.5912076367584301	-2.379818005612014	-2.460658546740667
26.1825	-0.5971224685266965	-2.429025344061866	-2.470130743488304
26.185	-0.6006807307110138	-2.400206194858139	-2.454967698047241
26.1875	-0.6018683804761302	-2.479456142052018	-2.416057935281061
26.19	-0.6006807307110127	-2.166887839475673	-2.35472556730466
26.1925	-0.5971224685267028	-2.059851796301341	-2.27281173487679
26.195	-0.5912076367584139	-2.042210126309638	-2.172693983245161
26.1975	-0.5829595785449272	-1.881599445387613	-2.057163803814005
26.2	-0.5724108452038446	-1.810224794748805	-1.929179463203056
26.20249999999999	-0.559603067766367	-1.502767063646668	-1.791614479330814
26.205	-0.5445867926787114	-1.493086429653045	-1.64713663439199
26.2075	-0.5274212823184192	-1.375957092826705	-1.498272069969746
26.21	-0.5081742811126452	-1.15061307013016	-1.347593957994603
26.2125	-0.4869217481821397	-1.142892819608259	-1.197883220194032
26.215	-0.4637475575648672	-1.024284066825906	-1.052114264024197
26.2175	-0.4387431672040339	-0.7249831908834553	-0.913237596225392
26.22	-0.4120072580049343	-0.5474633842312406	-0.7838442723684683
26.2225	-0.383645344386755	-0.5520468611784082	-0.6658341815001857
26.225	-0.3537693578650629	-0.4111903218149441	-0.560224327182024
26.2275	-0.3224972053097771	-0.3446067423646364	-0.4671896912881731
26.23	-0.2899523036200331	-0.3772639482971111	-0.3862843106448661
26.23249999999999	-0.2562630926545666	-0.198770258095516	-0.3166931781436747
26.235	-0.2215625283378004	-0.1988646205373788	-0.2574117603756237
26.2375	-0.1859875579440383	-0.2395994731621469	-0.2073354745513593
26.24	-0.1496785796286382	-0.2725097447816213	-0.1652793225006554
26.2425	-0.112778888341215	-0.1202525981949799	-0.1299513578305169
26.245	-0.07543411030514838	-0.03425492000272272	-0.0999057762683893
26.2475	-0.03779162829834163	-0.11034544300203	-0.073508295709716
26.25	-1.104959137253674e-15	-0.02665841113275755	-0.06033194349020687
26.25249999999999	-0.007072794364032586	-0.07467244018392592	-0.05874128469532776
26.255	-0.01411767563998715	-0.02279508887749153	-0.05697501321545066
26.2575	-0.02110684089993043	0.04352151075233614	-0.05561496300407401
26.26	-0.02801270710165253	-0.1272687617071023	-0.0551960857733954
26.2625	-0.03480801994622044	-0.1040604677417239	-0.0561940397247288
26.265	-0.04146596143834431	-0.01490802007859337	-0.05901533093811324
26.2675	-0.04796025572464321	-0.1197808038366163	-0.06398958212715211
26.26999999999999	-0.05426527279256563	-0.03617136260138652	-0.07136359141266158
26.2725	-0.0603561296202209	0.1915548733774995	-0.08129700755672048
26.275	-0.06620878837836844	-0.03501952131928894	-0.09385963539852583
26.27749999999999	-0.07180015129669415	0.1525057753380667	-0.109030539887782
26.28	-0.07710815182023029	-0.006638893426061675	-0.1266991938835075
26.2825	-0.08211184169587726	-0.1051039017143213	-0.1466688920665484
26.285	-0.08679147364570054	0.0430839941710065	-0.1686625391079102
26.2875	-0.09112857930028834	-0.1735175975270837	-0.1923307498134895
26.29	-0.09510604208507278	0.03802681723674989	-0.2172620222162877
26.2925	-0.09870816477155785	-0.1306739848173929	-0.2429946084251857
26.29500000000001	-0.1019207314271663	-0.1198031000857231	-0.2690296402880612
26.2975	-0.1047310635189741	-0.3183884088979785	-0.294845068189041
26.3	-0.10712806995015	-0.1269361656448017	-0.3199100179613362
26.3025	-0.1091022908313927	-0.3926622877510967	-0.3436992269942974
26.305	-0.1106459348148221	-0.2875261608949392	-0.3657072532089925
26.30749999999999	-0.1117529098428538	-0.4380606136533006	-0.3854621424462424
26.31	-0.112418847190785	-0.618002044723007	-0.4025381955966201
26.3125	-0.1126411187081389	-0.4155532076279411	-0.4165674210454421
26.315	-0.1124188471907842	-0.5165943335051537	-0.4272492259542088
26.3175	-0.1117529098428537	-0.4747681052976608	-0.4343579236469081
26.32	-0.1106459348148219	-0.4885612717741786	-0.4377477290569933
26.32249999999999	-0.1091022908313988	-0.6696442148069228	-0.437355069793432
26.325	-0.1071280699501537	-0.5431547059854495	-0.4331982236358817
26.3275	-0.1047310635189785	-0.500212194198307	-0.4253744599157155
26.33	-0.1019207314271604	-0.4077218693556237	-0.4140549748899556
26.3325	-0.09870816477155736	-0.4223092479784837	-0.3994779547203836
26.335	-0.0951060420850654	-0.6079525185153275	-0.3819400868546865
26.3375	-0.09112857930029529	-0.2982098266553386	-0.3617868054017609
26.34	-0.0867914736456999	-0.466328245396552	-0.3394015367700209
26.3425	-0.08211184169588535	-0.2595611009035443	-0.3151942319467751
26.34500000000001	-0.07710815182022022	-0.4032616238402653	-0.2895895281475572
26.3475	-0.07180015129669338	-0.4723611563584289	-0.2630149470216991
26.35	-0.06620878837836765	-0.1769844528836822	-0.2358895711075223
26.3525	-0.06035612962024168	-0.1920919269668927	-0.2086136169835832
26.355	-0.05426527279257597	-0.2071320248174134	-0.181559238893653
26.35749999999999	-0.04796025572465389	-0.2268360750793679	-0.155062771795552
26.36	-0.04146596143833148	-0.1761340454423413	-0.1294184928558888
26.3625	-0.0348080199462195	-0.1086999699920149	-0.1048738788224523
26.365	-0.02801270710163916	0.09776396744661622	-0.0816262833304138
26.3675	-0.02110684089994204	-0.03407099417126816	-0.05982095489460196
26.37	-0.01411767563999886	0.1117965434951318	-0.03955034922911868
26.3725	-0.007072794364057154	0.007766770890451857	-0.02085473546349733
26.375	-1.093803509835436e-16	0.132597588184369	-0.003724130081613663
26.3775	0.007072794364044154	0.1442703522787165	0.01189840398920539
26.38	0.01411767563998594	0.1881573566767634	0.0261120908771269
26.3825	0.02110684089992924	0.3049569511365269	0.0390524749671778
26.385	0.02801270710165136	0.4157619449977771	0.05088430964789384
26.3875	0.0348080199462193	0.2220546282666065	0.06179354598464398
26.39	0.04146596143834319	0.3712937831501811	0.07197873646238023
26.3925	0.0479602557246537	0.180701909407893	0.08164221109731293
26.395	0.05426527279258701	0.4744407606998475	0.09098139418201494
26.3975	0.06035612962023069	0.1862336787931955	0.1001806136096507
26.4	0.06620878837836745	0.2588367247298139	0.1094037182380224
26.4025	0.07180015129669322	0.114533849167623	0.1187877692728927
26.405	0.0771081518202294	0.1511873792629248	0.1284380145639759
26.4075	0.08211184169587644	0.08782593467092216	0.1384242932206803
26.41	0.08679147364569977	0.1516488060931623	0.148778953751328
26.4125	0.09112857930028763	0.05363493921826845	0.1594963032212854
26.415	0.09510604208507213	0.07584319992279209	0.1705335394092768
26.4175	0.09870816477155725	0.2232680076186003	0.1818130552869471
26.41999999999999	0.1019207314271603	-0.05924560136142371	0.193225948969742
26.4225	0.104731063518969	0.07391508881090575	0.2046365265891076
26.425	0.1071280699501496	0.1566298747512697	0.2158875538978496
26.42749999999999	0.1091022908313924	0.1414018013602947	0.226805997126158
26.43	0.1106459348148219	0.08139314237245905	0.2372089950554134
26.4325	0.1117529098428536	0.1062543951776754	0.2469098208210378
26.435	0.1124188471907849	0.1901585192757761	0.2557236202583739
26.4375	0.1126411187081389	0.2289690829367161	0.2634727493645748
26.44	0.1124188471907842	0.06833472330672433	0.2699915723016728
26.4425	0.1117529098428538	0.2183506447715105	0.2751306196275571
26.445	0.1106459348148197	0.2324834253700117	0.2787600415727081
26.4475	0.1091022908313928	0.1385327034191653	0.2807723218243509
26.45	0.107128069950154	0.2964381411721134	0.28108424303972
26.45249999999999	0.1047310635189789	0.4809681948938707	0.2796381163617332
26.455	0.1019207314271609	0.4588058870060697	0.276402303985715
26.4575	0.09870816477155794	0.1796326519011917	0.2713710768256987
26.46	0.09510604208506604	0.3499418412304768	0.2645638591056945
26.4625	0.09112857930028846	0.3416042647666145	0.2560239189078938
26.465	0.08679147364569251	0.3291205167036009	0.2458165691214311
26.4675	0.08211184169588619	0.3925718670340583	0.2340269476828596
26.46999999999999	0.07710815182023044	0.4601221478179146	0.2207574501947276
26.4725	0.07180015129670418	0.354880936517859	0.2061248923660737
26.475	0.06620878837836862	0.3619023460762382	0.1902574842075634
26.47749999999999	0.06035612962024271	0.4930814493129277	0.1732917020647418
26.48	0.05426527279257704	0.2330493717030075	0.1553691475803828
26.48249999999999	0.04796025572465499	0.1573034100178623	0.13663348361929
26.485	0.04146596143833262	0.2904502158150089	0.117227535229538
26.4875	0.03480801994622066	0.1487849435036544	0.09729063830060944
26.49	0.02801270710164034	0.01367162686051326	0.07695630950541973
26.4925	0.02110684089994323	0.3097341589496441	0.05635029857585805
26.495	0.01411767563998736	0.1204936678317902	0.03558906847610566
26.4975	0.007072794364045585	-0.05480597515754065	0.01477873141472614
26.5	1.027744695069087e-14	-0.1392490561451705	-0.01722546376693011
26.50249999999999	-0.05491363558650564	-0.3068358515569967	-0.06063290468406105
26.505	-0.1096105521411141	-0.2048208680313817	-0.1059406643886086
26.50749999999999	-0.1638748859225231	-0.2076815197704789	-0.1565539689944352
26.51	-0.2174924803967052	-0.4069087608448938	-0.2161335361490503
26.5125	-0.2702517314135272	-0.2718255436274658	-0.2886555970074116
26.515	-0.3219444223128252	-0.3371787560500581	-0.3781335077363362
26.5175	-0.3723665456595767	-0.5552471768467254	-0.4877815992249338
26.52	-0.4213191083686168	-0.3385351383622723	-0.6190639047783097
26.52249999999999	-0.4686089170394086	-0.6206248592304151	-0.7714040620581842
26.525	-0.5140493404017777	-0.903783783065295	-0.9426080067631778
26.5275	-0.5574610458643035	-1.007565127320097	-1.129475364478721
26.53	-0.5986727072586032	-1.230743552291693	-1.328271517634247
26.5325	-0.6375216809848222	-1.199619531764367	-1.535002285657136
26.535	-0.6738546478921473	-1.26342708802669	-1.745537090162876
26.5375	-0.7075282183591494	-1.648711650722496	-1.955680165431283
26.54	-0.7384094981872393	-1.850105925556422	-2.16126212337161
26.5425	-0.7663766130731389	-1.980833805429983	-2.35819098499395
26.54500000000001	-0.7913191895914538	-2.093060453895994	-2.542352735422772
26.5475	-0.8131387907877552	-2.315086696893131	-2.709442997912053
26.55	-0.8317493046645663	-2.269705929205638	-2.854977028750373
26.55249999999999	-0.8470772840260177	-2.478064267674654	-2.974598510796663
26.555	-0.8590622363402393	-2.416529602377436	-3.064567875566977
26.55749999999999	-0.8676568624758078	-2.65668361731014	-3.122209862670958
26.56	-0.8728272433699079	-2.801889640055042	-3.14615514558713
26.5625	-0.8745529738912545	-2.926196619223554	-3.136328993320704
26.565	-0.8728272433699036	-2.854034850294188	-3.093774866764324
26.5675	-0.8676568624758115	-2.917963818181765	-3.020490995074097
26.57	-0.8590622363402449	-2.818569184231942	-2.919367586842667
26.57249999999999	-0.8470772840260498	-2.918800673751631	-2.794091327102392
26.575	-0.8317493046645756	-2.852086731738567	-2.648830483037857
26.5775	-0.8131387907877663	-2.795772020003084	-2.487739236460014
26.58	-0.7913191895914242	-2.440640307366007	-2.314533417976638
26.58249999999999	-0.7663766130731533	-2.293136663359199	-2.132343149460564
26.585	-0.7384094981872021	-2.367156937239288	-1.94387048011842
26.5875	-0.7075282183591669	-2.048906296667617	-1.751740799778351
26.59	-0.6738546478921031	-1.81610951546573	-1.55884023918267
26.5925	-0.6375216809848427	-1.730805344124282	-1.368435422685058
26.59500000000001	-0.5986727072585527	-1.518935672297178	-1.184049406497669
26.5975	-0.5574610458643265	-1.304299042949333	-1.009232552120672
26.6	-0.5140493404018021	-1.165676836573019	-0.8472864882223168
26.6025	-0.4686089170396018	-0.9581748792199909	-0.7008401390682484
26.605	-0.4213191083687302	-0.7733863277951976	-0.5713261411620655
26.6075	-0.3723665456596039	-0.8267250956549268	-0.458739302965372
26.61	-0.3219444223127606	-0.6362557296207363	-0.3619101343737712
26.6125	-0.2702517314135557	-0.3703710702401174	-0.2790239676635931
26.615	-0.2174924803966379	-0.2971415622658414	-0.2080392633828577
26.6175	-0.1638748859225525	-0.1109060006217106	-0.1469069478138358
26.61999999999999	-0.1096105521411439	-0.07164242148038863	-0.09362550750320923
26.6225	-0.05491363558663478	0.06049960729784328	-0.04618464263682005
26.625	-1.970565774024429e-14	0.008523931514126157	-0.002465387573137134
26.62749999999999	0.05491363558649623	0.169856248259048	0.03982198164747388
26.63	0.1096105521411048	0.1800462055197776	0.08310586566920583
26.6325	0.1638748859225138	0.4366964876660319	0.1298317308236258
26.635	0.217492480396696	0.5185852353597575	0.1823006761122384
26.6375	0.2702517314135182	0.4140853056611463	0.2425112154705539
26.64	0.3219444223128164	0.7048377043890887	0.312013846639637
26.6425	0.3723665456595682	0.7414107614017771	0.3917712999486794
26.645	0.4213191083687828	0.6971668058418561	0.4820335723442776
26.6475	0.4686089170394847	0.8948259545742984	0.5822688183351435
26.65	0.5140493404017701	0.9815030402015775	0.691202336996457
26.6525	0.5574610458642961	1.124197056457441	0.8069811101509421
26.655	0.5986727072585963	1.060883072718483	0.9274082166265496
26.6575	0.6375216809848158	1.178893420761223	1.050080567785774
26.66	0.6738546478922047	1.394111195601557	1.172118593609984
26.6625	0.7075282183591438	1.378203232808639	1.289391749163112
26.665	0.7384094981872343	1.368599150531858	1.3962631435475
26.6675	0.7663766130731344	1.521446492055315	1.486932301104038
26.66999999999999	0.7913191895914075	1.600638163193181	1.557098504706497
26.6725	0.8131387907876785	1.515596626009416	1.604334061171406
26.675	0.8317493046645634	1.609032211193087	1.627524941463173
26.67749999999999	0.8470772840260153	1.692045403591989	1.626451067559885
26.68	0.8590622363402376	1.459987800079045	1.601992859176317
26.6825	0.8676568624758065	1.517475167131136	1.556752262396651
26.685	0.8728272433699074	1.58548720986282	1.49539924962746
26.6875	0.8745529738912545	1.522234663586143	1.424126377494131
26.69	0.8728272433699041	1.39916292203189	1.349460833796841
26.6925	0.8676568624758126	1.307856072654602	1.27723800527983
26.69500000000001	0.8590622363402282	1.35491774671867	1.212117241442481
26.6975	0.8470772840260274	1.234408630926914	1.15749379162891
26.7	0.8317493046645785	1.136832734211355	1.115564074418017
26.70249999999999	0.8131387907877697	1.262606659534873	1.087405867373074
26.705	0.7913191895914282	1.294588205076695	1.073029262869074
26.7075	0.766376613073158	1.136701181987911	1.071415442925891
26.71	0.7384094981872072	1.087293270323078	1.080600410446038
26.7125	0.7075282183591725	1.193218724019693	1.097858602648154
26.715	0.6738546478921091	1.219938785995496	1.119985081380817
26.7175	0.6375216809848492	1.312447879416058	1.143611527423209
26.72	0.598672707258632	1.180975682573298	1.16548115289888
26.7225	0.5574610458644104	1.223299134581129	1.182646727684119
26.725	0.5140493404018096	1.259950380111835	1.192583911620053
26.7275	0.4686089170395259	1.171655819819889	1.193205625357288
26.73	0.4213191083686513	1.150798717077315	1.18276745037556
26.73249999999999	0.3723665456596124	1.040230379453827	1.159690009559777
26.735	0.3219444223127694	0.9632257180383827	1.122360435964455
26.7375	0.2702517314135647	0.7316512073640189	1.068985727850566
26.74	0.217492480396647	0.940783652946999	0.9975541056546364
26.7425	0.1638748859225618	0.911881111030953	0.9059421864206592
26.745	0.109610552140956	0.7363643006820499	0.7922246557975018
26.7475	0.05491363558654497	0.5930479212449834	0.6552385247489996
26.75	1.210877585697496e-14	0.3506892459824388	0.5055647968683985
26.7525	-0.02282350193652739	0.3712645317320505	0.3479149208575874
26.755	-0.04555692993803069	-0.1175340797323839	0.1777529854950284
26.75749999999999	-0.06811056554996842	-0.1688176777920792	-0.0005533240834238728
26.76	-0.09039539987651918	-0.371831270515855	-0.1834123156445274
26.7625	-0.1123234848574469	-0.5578212349373155	-0.3678211965094073
26.765	-0.1338082803594001	-0.6270156945142561	-0.5510965054301489
26.7675	-0.1547649957099243	-0.9159226687840383	-0.7306236325540527
26.77	-0.1751109243277828	-1.039763464922004	-0.9036362143933621
26.77249999999999	-0.1947657701278567	-1.200475281635611	-1.067027787285864
26.775	-0.2136519644133228	-1.343562176917635	-1.21726702560529
26.7775	-0.2316949720035131	-1.391315029108944	-1.350591520444552
26.78	-0.2488235853906004	-1.542123020564759	-1.463565104924481
26.78249999999999	-0.264970205762803	-1.520604427448236	-1.553686294169793
26.785	-0.2800711097862593	-1.469323573873894	-1.619649048788016
26.7875	-0.2940667010916565	-1.546921627100783	-1.661290492590071
26.79	-0.3069017454741909	-1.607058663294219	-1.679409059274145
26.7925	-0.3185255888773859	-1.448577316586236	-1.675514588193488
26.79500000000001	-0.3288923573017998	-1.461401667517684	-1.651578131852421
26.7975	-0.3379611378485501	-1.315763840977301	-1.609854492813618
26.8	-0.3456961401839576	-1.286184946517881	-1.552775430936442
26.80249999999999	-0.3520668377876189	-1.476654183340955	-1.482863234880928
26.805	-0.3570480884265799	-1.239649852862765	-1.402640547108236
26.8075	-0.3606202333802673	-1.189565670920801	-1.314562680723762
26.81	-0.3627691750245198	-1.194770432681562	-1.221011172818211
26.8125	-0.3634864324684177	-0.7666936083267497	-1.124349306858106
26.815	-0.3627691750245164	-0.7754253427395024	-1.026983592298328
26.8175	-0.3606202333802708	-0.9637655874605352	-0.9313501872429417
26.81999999999999	-0.3570480884265851	-0.7236616779873586	-0.8397889257480169
26.82249999999999	-0.3520668377876362	-0.647768511854306	-0.7543537860729823
26.825	-0.3456961401839663	-0.6441841586109912	-0.6766578983781237
26.82749999999999	-0.3379611378485605	-0.4577683813041159	-0.6078206556909106
26.83	-0.3288923573017942	-0.3427032823470475	-0.5485128240480545
26.8325	-0.3185255888773994	-0.1775880650748959	-0.4990483075558757
26.835	-0.3069017454741839	-0.5529079323899085	-0.4594714110048704
26.8375	-0.294066701091673	-0.4488342642944352	-0.4296129462884992
26.84	-0.2800711097862245	-0.3389629343910511	-0.4091102961541345
26.8425	-0.264970205762794	-0.3968439065957023	-0.3973979473460816
26.845	-0.2488235853905908	-0.2485194865245599	-0.3936804795547271
26.8475	-0.2316949720035348	-0.2276469789707509	-0.3969035757086392
26.85	-0.2136519644133456	-0.4743816547112109	-0.4057396112557339
26.8525	-0.1947657701279154	-0.3335975440986648	-0.4186002109373733
26.855	-0.1751109243277712	-0.5461601239093061	-0.4336793028479162
26.85749999999999	-0.1547649957099497	-0.5248953783861916	-0.4490213611294296
26.86	-0.1338082803593878	-0.5249505238750286	-0.4626054671366142
26.8625	-0.1123234848574737	-0.7238760671951049	-0.4724368224325586
26.865	-0.09039539987650641	-0.5095156929008895	-0.4766397227626978
26.8675	-0.06811056554999605	-0.4018162898395445	-0.4735463645279098
26.86999999999999	-0.04555692993805861	-0.4631596623709068	-0.4617742263070253
26.8725	-0.02282350193659672	-0.707693999986343	-0.4402841125540609
26.875	-1.602737976864739e-14	-0.4672547536689637	-0.4084142930595174
26.87749999999999	0.02282350193652348	-0.6832842256876115	-0.365893505562184
26.88	0.04555692993802681	-0.6314267641882013	-0.3128425504261145
26.8825	0.06811056555000516	-0.2759305646569359	-0.2497741374018543
26.885	0.09039539987655541	-0.236075975770163	-0.1775901806211684
26.8875	0.1123234848574432	-0.1626176402284424	-0.09756101771768862
26.89	0.1338082803593965	0.009733778213150968	-0.01126671646107652
26.8925	0.1547649957099207	-0.1039753759822505	0.07950398629411413
26.89500000000001	0.1751109243278156	0.07032894768275821	0.1728765823496279
26.8975	0.1947657701279232	0.15485252776713	0.2670015094451127
26.9	0.2136519644133196	0.2845311919808456	0.3601258522376306
26.90249999999999	0.2316949720035101	0.634237277745456	0.4506187342474218
26.905	0.2488235853905976	0.7303216394859675	0.5369635210952014
26.9075	0.2649702057628003	0.7134089363299799	0.6177440062996362
26.91	0.2800711097862568	1.003029718112384	0.6916519405806791
26.9125	0.2940667010916542	0.963511186744393	0.7575265758374836
26.915	0.3069017454741888	1.115622537236258	0.8144157498172129
26.9175	0.318525588877384	1.237500537010221	0.8616381758584142
26.92	0.3288923573017806	1.208415276834897	0.8988269939102331
26.9225	0.3379611378485334	1.039186888835255	0.9259383976291963
26.925	0.3456961401839692	1.16904413904424	0.943220061248927
26.9275	0.352066837787618	1.156919313852985	0.9511522359858403
26.93	0.3570480884265791	1.207027920481416	0.9503853131227588
26.93249999999999	0.3606202333802668	1.098440186817937	0.9416921882248677
26.935	0.3627691750245196	1.088665490489986	0.925939960005539
26.9375	0.3634864324684177	1.012543047340808	0.9040748543157766
26.94	0.3627691750245166	0.9074743307299505	0.8771105378111044
26.9425	0.3606202333802713	0.5868520074650978	0.8461115702931769
26.94500000000001	0.3570480884265781	0.8124801798929842	0.8121680410969566
26.9475	0.3520668377876269	0.3900349171789301	0.7763620543537464
26.95	0.3456961401839675	0.41156327165727	0.7397298344839103
26.9525	0.3379611378485467	0.5886997300218304	0.7032240893056736
26.955	0.3288923573017783	0.4128848149402866	0.6676803437436265
26.9575	0.3185255888774013	0.3758255579638721	0.6337892851085357
26.96	0.3069017454741859	0.4906442005440321	0.6020756991309998
26.9625	0.2940667010916754	0.02832267649798428	0.5728838519506194
26.965	0.2800711097862271	0.1280755570376345	0.5463692507257842
26.9675	0.2649702057627967	0.2470799840614092	0.5224972821384869
26.97	0.2488235853906238	0.1783658268086678	0.5010497293796244
26.9725	0.2316949720035697	0.5476329937403619	0.4816400402391455
26.975	0.2136519644133487	0.3723257282252811	0.4637372172673294
26.9775	0.1947657701279187	0.4127261442996421	0.4466966293871993
26.98	0.1751109243277746	0.392059672801138	0.4297946294790011
26.98249999999999	0.1547649957099533	0.5811991295938831	0.4122632943424415
26.985	0.1338082803593915	0.4688322824244905	0.393322104484902
26.9875	0.1123234848574774	0.5083747709592457	0.372204644244329
26.99	0.0903953998765102	0.504590672732311	0.348179872009691
26.9925	0.0681105655499999	0.3812302761593505	0.320568712758088
26.995	0.04555692993798049	0.7218537659986566	0.2887574264641694
26.9975	0.02282350193651814	0.5924040046743575	0.2522093793566932
27.0	-3.627388483609545e-14	0.2835295329670714	0.224705866143267
27.0025	0.04150695669216743	0.5417629583369545	0.206245172498806
27.005	0.08285010438910659	0.3734090998885927	0.1841138695746385
27.0075	0.1238662805745595	0.3264780448721838	0.1623000295839302
27.01	0.1643936131397785	0.3925010391848656	0.1446031681491764
27.0125	0.2042721592180879	0.313644435029482	0.1344969827613005
27.015	0.2433445364071794	0.3777504601399849	0.1350579465024002
27.0175	0.2814565438845446	0.2882316231641245	0.1489048958290269
27.02	0.3184577709684622	0.3186343225138724	0.1781016319632358
27.02249999999999	0.3542021907198211	0.2652064324302588	0.2239933543644498
27.025	0.3885487362441252	0.2661453773907742	0.2869923010671182
27.0275	0.4213618574174439	0.01205802721923543	0.3663929132521787
27.03	0.4525120558415137	0.307387990276441	0.4603404569346247
27.0325	0.481876395914214	0.2973367504153469	0.566035099920171
27.035	0.509338990000675	0.7725407909567952	0.6801250142017801
27.0375	0.5347914557884035	0.4122141697972105	0.799124144003424
27.04	0.5581333440231531	0.5778908798222183	0.9196476111699807
27.0425	0.5792725349358347	0.6372435406501379	1.03828122593179
27.045	0.5981256017976466	0.952424890128446	1.151123017723964
27.0475	0.6146181401667237	1.167623745762193	1.253557502867888
27.05	0.6286850615288835	1.426337340746396	1.340921264298441
27.05249999999999	0.640270850172056	1.54741366397687	1.409663662679724
27.055	0.6493297822815661	1.672284781865059	1.457843648653634
27.0575	0.6558261063909538	1.580431616683877	1.484712934721282
27.06	0.6597341844768712	1.675706821435152	1.490198183828871
27.0625	0.6610385931405298	1.629589591363874	1.47488357136327
27.065	0.6597341844768667	1.509400681146267	1.440304927689444
27.0675	0.6558261063909638	1.528284103711662	1.389097453576411
27.06999999999999	0.649329782281581	1.516364476744062	1.324820780507972
27.0725	0.6402708501720946	1.213631281196099	1.251559667412536
27.075	0.6286850615288849	1.229386180055553	1.17346421079564
27.07749999999999	0.6146181401667254	1.14336866146121	1.094363739577644
27.08	0.5981256017976165	0.8834453295959069	1.017523727470961
27.0825	0.5792725349358732	0.8486379280753108	0.9455416017373212
27.085	0.5581333440231152	0.65362187045232	0.8803381017607966
27.0875	0.5347914557884061	0.6820639889970859	0.82319959837329
27.09	0.5093389900006299	0.3582031215563272	0.7748383919083037
27.0925	0.4818763959142171	0.5370310430266897	0.7354482089064701
27.095	0.4525120558414621	0.4150197593739712	0.7047421935434443
27.0975	0.4213618574175052	0.4861195086778007	0.6819748457076861
27.1	0.3885487362441896	0.3285522802465022	0.6659657217862637
27.10249999999999	0.3542021907199518	0.3508725819202522	0.6551513320646387
27.105	0.3184577709684661	0.2914421991869216	0.6476811284592077
27.10749999999999	0.2814565438845487	0.5282523217848849	0.6415455972394913
27.11	0.2433445364071137	0.6015899095840813	0.634700428404304
27.1125	0.2042721592181637	0.455592399727057	0.625151098868429
27.115	0.1643936131397102	0.5140913604650765	0.6109833622306171
27.1175	0.1238662805745639	0.6347776488129839	0.5903467139755724
27.12	0.08285010438911108	0.6266400991901394	0.561407233055529
27.1225	0.04150695669232195	0.5926966437441679	0.5222865304445069
27.125	4.340028127201189e-14	0.6282728180825229	0.471006185297582
27.12749999999999	-0.04150695669216031	0.5535555203624466	0.4054747621772706
27.13	-0.08285010438909952	0.537815622305037	0.323590650432912
27.13249999999999	-0.1238662805745525	0.4477037795772628	0.2235438758029305
27.135	-0.1643936131397717	0.4615381542695394	0.1042792527930881
27.1375	-0.2042721592180811	0.3039651248271858	-0.03414117971418884
27.14	-0.2433445364071727	0.14172536826631	-0.1905468888630011
27.1425	-0.2814565438845382	-0.1795011634170866	-0.362985032058092
27.14500000000001	-0.3184577709685218	-0.1092571682016266	-0.5490740583696678
27.1475	-0.354202190719942	-0.3242436309860288	-0.7461888093620397
27.15	-0.3885487362441802	-0.5010099387689888	-0.9514677110602865
27.1525	-0.4213618574174384	-0.8434310655333725	-1.161707426368526
27.155	-0.4525120558415084	-1.080299970206001	-1.373212288932921
27.1575	-0.4818763959142092	-1.382772223044687	-1.581707080582265
27.16	-0.5093389900006704	-1.506377266581012	-1.782500770562502
27.1625	-0.5347914557883993	-1.765014964493552	-1.970952469334439
27.165	-0.5581333440231493	-2.096396397049741	-2.142870274476137
27.1675	-0.5792725349358313	-2.149061131949851	-2.294542244808381
27.16999999999999	-0.5981256017976115	-2.286346821355981	-2.422709668363472
27.1725	-0.6146181401666934	-2.363811297243056	-2.524775172582937
27.175	-0.6286850615288813	-2.582862639689294	-2.59906735908674
27.17749999999999	-0.640270850172073	-2.875978523122397	-2.644897680058143
27.18	-0.6493297822815648	-2.867598689547057	-2.662383911778144
27.18249999999999	-0.655826106390953	-2.784466914842081	-2.652203709021963
27.185	-0.6597341844768707	-2.807429480532678	-2.615449636395816
27.1875	-0.6610385931405298	-2.665560249924768	-2.55364806201473
27.19	-0.6597341844768672	-2.721203614226055	-2.468875260847193
27.1925	-0.6558261063909553	-2.493074082789918	-2.363822175235113
27.195	-0.6493297822815542	-2.575429975682304	-2.241675732076275
27.1975	-0.6402708501720776	-2.364942387393516	-2.105817484185115
27.2	-0.6286850615288871	-2.119203798864753	-1.959496345893726
27.2025	-0.614618140166728	-1.956981560124369	-1.805659956667782
27.205	-0.5981256017976196	-1.687389383681712	-1.647020096498868
27.20749999999999	-0.5792725349358766	-1.615563865191669	-1.486284219036162
27.21	-0.558133344023119	-1.54902026211636	-1.326376912774028
27.2125	-0.5347914557884104	-1.079720441594537	-1.170478919211783
27.215	-0.5093389900006344	-0.9273103763566718	-1.021851083435909
27.2175	-0.481876395914222	-0.9125285732674009	-0.8835253887961079
27.22	-0.4525120558415222	-0.6024752895994696	-0.7579354605498855
27.22249999999999	-0.4213618574175687	-0.6349180595834958	-0.646582021402902
27.225	-0.3885487362441954	-0.4328553346287221	-0.5499126988036345
27.2275	-0.3542021907199578	-0.241891532502882	-0.4674963403074652
27.23	-0.3184577709684724	-0.1753890945424773	-0.3983428079329855
27.2325	-0.2814565438845552	-0.181251964854645	-0.3411753245518787
27.235	-0.2433445364071203	0.04212794572701868	-0.2945830876260979
27.2375	-0.2042721592181705	0.05120524729664255	-0.2570680307417685
27.24	-0.164393613139717	0.006832924928844922	-0.2270181936871932
27.2425	-0.1238662805745709	-0.07834947003713846	-0.2026455972513717
27.245	-0.0828501043890436	-0.003444075776181152	-0.1819362745533785
27.2475	-0.04150695669217905	0.03193135176552543	-0.162656964005008
27.25	-3.645157051664295e-14	-0.05572150257042077	-0.1455212741993673
27.25249999999999	0.02994445365161736	0.220589639260373	-0.1283098314101761
27.255	0.0597707302250817	0.003374188815912109	-0.1061022283446094
27.2575	0.08936111903294292	0.01603043678441782	-0.07755754564446124
27.26	0.1185988403292458	-0.01170386695306209	-0.04164478977246093
27.2625	0.1473685061853725	0.001177229165269196	0.002305938556463716
27.265	0.1755565758739028	0.04309783434250559	0.05456597261222365
27.2675	0.203051803961529	0.0004160073152572052	0.1149870366799156
27.27	0.2297456793445154	0.1444643585742547	0.1830030910045888
27.2725	0.2555328534919465	0.2244697590376324	0.2576622309715942
27.275	0.2803115562085458	0.2099405494392732	0.3376904689194122
27.2775	0.3039839972748717	0.3547418387544473	0.4215790862374965
27.28	0.3264567523811163	0.3674902816573765	0.5076780998729844
27.2825	0.3476411318295753	0.3753766038711536	0.5942760069806274
27.285	0.3674535305528643	0.6754493444599381	0.6796523690652854
27.2875	0.3858157580645749	0.8331719215317551	0.7621040042268579
27.29	0.4026553470416885	0.9706098799855123	0.8399629938446598
27.2925	0.4179058393197017	0.9044792648708062	0.9116332091690824
27.295	0.4315070481729906	1.096506559458129	0.9756593039027678
27.2975	0.4434052958439343	1.114217474823371	1.030815144298177
27.3	0.453553625384794	1.19793392924679	1.076180769137995
27.30249999999999	0.4619119859752029	1.366258555792575	1.111180621250606
27.305	0.4684473909844924	1.232183474481894	1.135575311670602
27.3075	0.473134048154803	1.381638412380767	1.149421491966982
27.31	0.4759534613914473	1.396210499955359	1.153024782146542
27.3125	0.4768945037584273	1.564442225080615	1.146903375785799
27.315	0.4759534613914454	1.264227704673421	1.131765152522859
27.3175	0.473134048154806	1.414768804466102	1.108491720216761
27.32	0.4684473909844969	1.172301499463903	1.078120857336606
27.3225	0.4619119859752223	1.121640691512749	1.041820179651291
27.325	0.4535536253848015	0.9450363040125043	1.000847768735512
27.32749999999999	0.4434052958439431	0.8336797855723758	0.9565001911543606
27.33	0.4315070481729777	0.9026408652080955	0.9100533099757622
27.3325	0.4179058393197132	0.7446382687956908	0.8627038897244722
27.335	0.4026553470416722	0.6918238306230151	0.8155191626441367
27.3375	0.385815758064589	0.5989442765168373	0.7693984447405835
27.34	0.3674535305528449	0.421588225381821	0.7250475173355306
27.3425	0.3476411318295916	0.4851919693279981	0.6829641544946681
27.34500000000001	0.3264567523810942	0.517379442435605	0.6434322887217694
27.3475	0.3039839972748901	0.2395685499889835	0.6065226803021544
27.35	0.280311556208565	0.4321392422905716	0.5720991088931847
27.3525	0.2555328534920124	0.3065170471473286	0.5398303742257996
27.355	0.2297456793445363	0.1893163926119081	0.5092090329243201
27.35749999999999	0.2030518039615506	0.3965700085454402	0.4795772946988533
27.36	0.1755565758738241	0.1208535041049269	0.4501589693739814
27.3625	0.1473685061853952	0.470413296694097	0.4200946269325074
27.365	0.1185988403292164	0.4270848143377428	0.3884762490612715
27.3675	0.08936111903296631	0.3402890747515705	0.3543781408041736
27.37	0.05977073022510535	0.3667561143347761	0.3168824564168933
27.3725	0.02994445365169525	0.3100473559898592	0.2750996211205531
27.375	-1.262384592917408e-14	0.4030678307506711	0.2281855044857887
27.3775	-0.02994445365161223	0.2748455604786817	0.1753580581357953
27.38	-0.05977073022507659	0.2256114853928033	0.1159161766439497
27.38249999999999	-0.08936111903293786	0.2304699885854326	0.04926276126403641
27.385	-0.1185988403292408	0.0648700960863983	-0.02506763596897098
27.3875	-0.1473685061853676	0.1438615834933327	-0.107378390250326
27.39	-0.175556575873898	-0.09450748445395507	-0.1977813004540986
27.3925	-0.2030518039615244	-0.09880115782521107	-0.2961718946554959
27.395	-0.2297456793445584	-0.1644717723084168	-0.4022110564724318
27.3975	-0.255532853491988	-0.4406493686119756	-0.5153106147229661
27.4	-0.2803115562085416	-0.3238281466556222	-0.6346180321308379
27.4025	-0.3039839972748678	-0.4976453972675801	-0.7589965239261482
27.405	-0.3264567523811126	-0.7551734207652117	-0.8870018731742784
27.40749999999999	-0.3476411318295718	-0.9673941927846588	-1.01686468651178
27.41	-0.367453530552861	-0.8792150666054849	-1.146496160960342
27.4125	-0.3858157580645719	-1.234888202982359	-1.273543517353669
27.415	-0.4026553470416858	-1.229794789381874	-1.395515246367191
27.4175	-0.4179058393197253	-1.225086573232911	-1.509959946859444
27.41999999999999	-0.4315070481729653	-1.422392234359982	-1.614633530782048
27.42249999999999	-0.4434052958439125	-1.600578275752195	-1.707589468539751
27.425	-0.4535536253847925	-1.667814143953024	-1.787190988940003
27.42749999999999	-0.4619119859752017	-1.719208691364863	-1.852095670318332
27.43	-0.4684473909844915	-1.882788912206398	-1.901250785126999
27.4325	-0.4731340481548024	-2.010331874242341	-1.933901573357002
27.435	-0.475953461391447	-1.935867397338401	-1.949600334027644
27.4375	-0.4768945037584273	-1.837238680234247	-1.948211863475337
27.44	-0.4759534613914457	-1.89995097144529	-1.929920289957058
27.4425	-0.4731340481548066	-2.016113376496519	-1.895241839763769
27.445	-0.4684473909844775	-1.936818665643951	-1.845038065570253
27.4475	-0.4619119859752102	-1.753314570685796	-1.780512430994059
27.45	-0.453553625384803	-1.522750079519611	-1.703170357921358
27.45249999999999	-0.4434052958439449	-1.611895041463888	-1.614736428781167
27.455	-0.4315070481729799	-1.421146167714683	-1.517048227957875
27.4575	-0.4179058393197156	-1.351977225946546	-1.411966402879599
27.46	-0.4026553470416459	-1.405677561744207	-1.301337516839182
27.4625	-0.385815758064592	-1.197236702497117	-1.187017816056407
27.465	-0.3674535305528482	-1.142235241552768	-1.070924364983088
27.4675	-0.3476411318295951	-0.9873426062030909	-0.9550494406304112
27.47	-0.3264567523811375	-0.8168546251283633	-0.8413847784843722
27.4725	-0.3039839972749776	-0.5995280373712242	-0.7317598825889884
27.475	-0.2803115562085692	-0.6068888545648687	-0.6276625540527053
27.4775	-0.2555328534920168	-0.4151466798724441	-0.5301263447449714
27.48	-0.2297456793445408	-0.3179842444586538	-0.439725483927725
27.48249999999999	-0.2030518039615552	-0.02068597445942549	-0.356653676186412
27.485	-0.1755565758738289	-0.006009779168604693	-0.2808314892465825
27.4875	-0.1473685061853485	-0.1698606389969316	-0.2119986113770878
27.49	-0.1185988403292214	0.0001874737104707071	-0.1497743572398774
27.4925	-0.08936111903297136	0.2060103072927075	-0.09368815043469483
27.495	-0.05977073022505665	0.1990964962471017	-0.04318786713770167
27.4975	-0.02994445365164627	0.04224020261324551	0.002365449691500307
27.5	-6.940308667290197e-15	0.2954878155203854	0.02952701596754948
27.50249999999999	-0.02777414242662787	0.1065469163852535	0.0390016415723617
27.505	-0.05543867300198985	0.2697481723275499	0.04398705044768495
27.5075	-0.08288441246248347	0.3966074501414357	0.04271257776840869
27.51	-0.1100030450133228	0.1246182514234742	0.0335582533269624
27.5125	-0.1366875458010564	0.3188981938085502	0.01499979963351962
27.515	-0.16283260329216	0.1665728952007886	-0.01441127187977037
27.5175	-0.188335034889117	0.09668766366081694	-0.05601176149808793
27.51999999999999	-0.2130941941455069	0.1398663790174877	-0.1109237226668394
27.5225	-0.2370123679710821	-0.004483612688833565	-0.1798974211535747
27.525	-0.259995162260968	-0.1119786199695024	-0.2631510517600481
27.52749999999999	-0.2819518744258592	-0.03026949438235635	-0.3602778223790692
27.53	-0.3027958513539878	-0.2655247994148241	-0.470258216592123
27.5325	-0.3224448313910159	-0.638261042407837	-0.5915486132192279
27.535	-0.3408212689896445	-0.5484610362902712	-0.7221801893286032
27.5375	-0.3578526407459643	-0.9718581525732942	-0.8598203943177593
27.54	-0.3734717316166083	-1.076227903681547	-1.001791244526501
27.5425	-0.3876169001855375	-1.164424544264078	-1.145071550996923
27.54500000000001	-0.400232321934774	-1.200574211968892	-1.286332167406539
27.5475	-0.4112682095580476	-1.526622242505136	-1.422062356471939
27.55	-0.4206810094487908	-1.744078999640442	-1.548805237142697
27.5525	-0.4284335735861127	-1.658886484510984	-1.663418389908154
27.555	-0.4344953061411823	-1.87831775322818	-1.763227441207881
27.55749999999999	-0.4388422842249188	-2.145423557359468	-1.846046182974125
27.56	-0.4414573523008025	-1.696817652993582	-1.910151967303269
27.5625	-0.44233018988983	-1.958346254026793	-1.954281778468977
27.565	-0.441457352300802	-2.146741466845214	-1.977641229299322
27.5675	-0.438842284224924	-2.061565217865964	-1.979904137701835
27.57	-0.4344953061411806	-1.926399601828229	-1.961206708191295
27.57249999999999	-0.4284335735861354	-1.991396463479756	-1.922153805362984
27.575	-0.4206810094488035	-1.948971684772413	-1.863837986087465
27.5775	-0.4112682095580628	-1.787261246497845	-1.787840364244272
27.58	-0.4002323219347487	-1.71550461417398	-1.696164674660267
27.5825	-0.3876169001855331	-1.583945881360647	-1.591081106914156
27.585	-0.3734717316165765	-1.412758355894697	-1.474924253331939
27.5875	-0.3578526407459885	-1.295431011553031	-1.34994616865258
27.59	-0.3408212689896387	-1.019589050233623	-1.218314159810886
27.5925	-0.3224448313910441	-1.052348016966324	-1.082257740939749
27.59500000000001	-0.3027958513539445	-0.9099435124365642	-0.9442451926959758
27.5975	-0.2819518744258522	-0.5750136602231405	-0.8070019260234795
27.6	-0.2599951622609606	-0.5061325729415029	-0.6732810186059861
27.6025	-0.2370123679711593	-0.5856833879513732	-0.5454985008192573
27.605	-0.213094194145543	-0.1892533928350681	-0.4254491800792104
27.60749999999999	-0.1883350348891542	-0.1351581288106123	-0.3142408716911075
27.61	-0.1628326032921048	-0.07955595125462268	-0.2124208706751321
27.6125	-0.1366875458010477	0.2848300567923695	-0.120168887677189
27.615	-0.1100030450132653	0.2417820368421497	-0.03745404046567045
27.6175	-0.08288441246252391	0.09252139359723749	0.03587343384374031
27.62	-0.0554386730020307	0.2640539340735106	0.1000420850035291
27.6225	-0.02777414242671915	0.2969852709714206	0.1553529478965653
27.625	2.171721293664649e-15	0.254831045214001	0.2021990115207
27.6275	0.0277741424266231	0.5054374658589225	0.2411071397749507
27.63	0.05543867300198513	0.4107460278160025	0.2727917501946912
27.6325	0.08288441246247878	0.3859524528648327	0.2981960398418391
27.635	0.1100030450133182	0.2747382084701572	0.3184939079624008
27.6375	0.1366875458010518	0.3326208802256639	0.3350433984508862
27.64	0.1628326032921556	0.5128650318477072	0.3493063463014426
27.6425	0.1883350348891582	0.4062516113847254	0.3627584663546685
27.645	0.2130941941455468	0.4958257966074584	0.3768073041133067
27.6475	0.2370123679711205	0.3924488731939851	0.3927242091413899
27.65	0.2599951622609641	0.3721926639243815	0.4115895269472267
27.6525	0.2819518744258556	0.2034624256866161	0.4342484879642232
27.655	0.3027958513539844	0.4352890542238173	0.4612765485882305
27.6575	0.3224448313910127	0.2153102138245046	0.4929551570071921
27.66	0.3408212689896414	0.5389988242507396	0.5292607172900876
27.6625	0.3578526407459616	0.4196710304945698	0.5698699324473495
27.665	0.3734717316166058	0.514034193448386	0.6141832095037123
27.6675	0.3876169001855352	0.6558559432389782	0.6613647342251836
27.66999999999999	0.4002323219347292	0.7764950233242109	0.7103944272239927
27.6725	0.4112682095580273	0.8698015081294022	0.7601249489811801
27.675	0.4206810094487893	0.8233219890002104	0.8093374161670496
27.67749999999999	0.4284335735861114	0.7570641096865612	0.8567924239072088
27.68	0.4344953061411814	1.097303886318973	0.9012766501161469
27.6825	0.4388422842249246	0.9721360829201642	0.9416471710059154
27.685	0.4414573523008054	1.175501242112187	0.976874101904872
27.6875	0.44233018988983	1.079233612343785	1.0060785786832
27.69	0.4414573523008022	1.160621413111243	1.028560758320625
27.6925	0.4388422842249246	1.244575916125908	1.043813732247188
27.695	0.434495306141172	1.213896989795515	1.051523201977158
27.6975	0.4284335735861116	1.371988883437087	1.051556655591125
27.7	0.420681009448805	1.148902015096929	1.043947387242777
27.70249999999999	0.4112682095580645	1.007940183885525	1.028877801044512
27.705	0.4002323219347508	1.182194916345858	1.006664244454984
27.7075	0.3876169001855354	0.8625383712095723	0.977743385951969
27.71	0.3734717316165791	1.014594491284918	0.9426585296238892
27.7125	0.3578526407459914	0.873419854583039	0.9020435223341426
27.715	0.3408212689896418	0.68277844047773	0.8566022563854999
27.7175	0.3224448313910475	0.7999278383047498	0.8070831322475654
27.71999999999999	0.3027958513539847	0.7686700768331507	0.7542496508764346
27.7225	0.2819518744258946	0.4301176235456107	0.6988497151144433
27.725	0.2599951622609644	0.504014281745199	0.6415866569041218
27.72749999999999	0.2370123679711633	0.3218806693861277	0.58309445706477
27.73	0.2130941941455471	0.2512483049833915	0.523918509388216
27.73249999999999	0.1883350348891585	0.2824170636277187	0.4645021254602692
27.735	0.1628326032921092	0.03319902140036454	0.4051781565990783
27.7375	0.1366875458010522	0.1833139006351396	0.3461647802641494
27.74	0.1100030450132699	0.02681098221332615	0.2875646337571433
27.7425	0.0828844124625286	0.04644785981251071	0.2293669236113972
27.745	0.05543867300198554	-0.0155000697449927	0.1714526546658731
27.7475	0.02777414242667372	-0.06143795664443922	0.1136034444115789
27.75	-2.684166700730015e-15	0.07277554964671323	0.06850176664844047
27.75249999999999	0.02870784474342971	-0.08033450093164736	0.03647673523985687
27.755	0.05730239273907816	-0.2511685252395764	0.005933511757481913
27.75749999999999	0.08567079436945577	-0.1290819920171048	-0.02000458409854444
27.76	0.1137010925138223	-0.09909633534094676	-0.03849377574087252
27.7625	0.1412826643910741	-0.2847004171618007	-0.04704486702697218
27.765	0.1683066581379329	-0.02248809487551759	-0.04359924838992446
27.7675	0.1946664223970702	0.1473205130769952	-0.02661506682359439
27.77	0.2202579272215903	-0.02214124570166513	0.004838653606789582
27.77249999999999	0.2449801746336897	0.1239135164029682	0.0509927884302873
27.775	0.2687355972173484	0.02950100189571137	0.1113145038811709
27.7775	0.2914304431723632	0.09383231106932285	0.1844982635427524
27.78	0.3129751463101203	0.3229208035390529	0.2685447652506451
27.7825	0.3332846795300601	0.2670146578275049	0.360940803224286
27.785	0.3522788903832536	0.5025505846721899	0.458904565463694
27.7875	0.3698828173969858	0.6691838640611452	0.5596203235797523
27.79	0.3860269859138665	0.6584525317367557	0.6603866972829278
27.7925	0.4006476822762702	0.7756610042459653	0.7586425842819747
27.79500000000001	0.413687205275268	1.035926864598681	0.8519088898549846
27.7975	0.4250940938707271	0.978021693340716	0.9377618754825515
27.8	0.4348233302846819	1.241304136489197	1.013934246299344
27.80249999999999	0.4428365176659071	1.169073884653076	1.07850838106902
27.805	0.4491020316246769	1.411819217954027	1.130085394229315
27.80749999999999	0.4535951450398142	1.581196761394948	1.167851106974731
27.81	0.456298125645394	1.338936652370076	1.191528469995646
27.8125	0.4572003060118306	1.430770118978665	1.20126355617839
27.815	0.4562981256453914	1.369213921382617	1.197519655342863
27.8175	0.4535951450398155	1.169481716413849	1.181022440228838
27.82	0.4491020316246788	1.141368305161673	1.152747063701886
27.82249999999999	0.4428365176659356	1.268016817344167	1.113920288250997
27.825	0.4348233302847012	0.8209810720292514	1.066017022505926
27.8275	0.4250940938707308	0.6289302404485839	1.010733238434174
27.83	0.4136872052752502	0.6643567024029511	0.9499222170041016
27.83249999999999	0.4006476822762751	0.5616790697589231	0.8854981283956499
27.835	0.3860269859138441	0.5801623883148158	0.8193279588534428
27.8375	0.3698828173969918	0.4139404058891295	0.7531356500172409
27.84	0.352278890383227	0.4833563741058555	0.6884326803441849
27.8425	0.3332846795301028	0.3676603864248319	0.6264772721351483
27.84500000000001	0.3129751463100899	0.3225749540803674	0.5682564337046314
27.8475	0.2914304431723711	0.2798043433468136	0.5144818634375544
27.85	0.2687355972173567	0.2023980211714444	0.4655909024438815
27.8525	0.2449801746337861	0.1835769349987265	0.4217463156314999
27.855	0.2202579272216448	0.3137499901888613	0.3828335104329849
27.8575	0.1946664223970795	0.3117077730752847	0.3484599700742425
27.86	0.1683066581378941	0.1965258423173175	0.3179662456149905
27.8625	0.1412826643910839	0.2962288563109085	0.290456908666169
27.865	0.1137010925137819	0.2500239651332771	0.2648525127030838
27.8675	0.08567079436951694	0.361500096630534	0.2399543852276858
27.86999999999999	0.05730239273908837	0.2909618239342077	0.2145093602748537
27.8725	0.02870784474349186	0.4659102794005381	0.1872636785528962
27.875	7.613062933222689e-15	0.3081690946260515	0.1570014549157489
27.87749999999999	-0.02870784474342479	0.2090305926355913	0.1225692335139134
27.88	-0.05730239273907328	0.3626288591729009	0.08289195893800469
27.8825	-0.08567079436945092	0.1796688959726445	0.03698700214147745
27.885	-0.1137010925138175	0.3281922358438988	-0.01601766078083357
27.8875	-0.1412826643910695	0.1858869753523856	-0.07685695428227474
27.89	-0.1683066581379283	-0.06298443271393311	-0.1460929998156035
27.8925	-0.1946664223970658	0.1432677820410944	-0.2240736012518994
27.895	-0.220257927221677	-0.2576155682311327	-0.3108920683508212
27.8975	-0.2449801746337294	-0.4314937156231323	-0.4063560289007918
27.9	-0.2687355972173444	-0.1665267801397987	-0.5099686769433942
27.9025	-0.2914304431723594	-0.47189673277368	-0.6209194369267073
27.905	-0.3129751463101167	-0.6131420861056385	-0.7380774078420751
27.9075	-0.3332846795300924	-0.7103392959602337	-0.8599833420031262
27.91	-0.3522788903832835	-0.791082523320216	-0.9848433513122624
27.9125	-0.3698828173969829	-1.144028690404543	-1.110537471906196
27.915	-0.3860269859138638	-1.174850793358009	-1.234665644213447
27.9175	-0.4006476822762678	-1.464104886006697	-1.354653793109912
27.91999999999999	-0.4136872052752437	-1.615634305398943	-1.467918090906961
27.9225	-0.425094093870687	-1.62716187234926	-1.572039566153724
27.925	-0.4348233302846803	-1.867445215409138	-1.664881852581628
27.92749999999999	-0.4428365176659059	-1.850516069148056	-1.744629207204879
27.93	-0.4491020316246759	-1.820027558710498	-1.809781137693034
27.9325	-0.4535951450398135	-2.032563940527575	-1.859147230812481
27.935	-0.4562981256453936	-1.825272534818843	-1.891854375041019
27.9375	-0.4572003060118306	-1.706119281573904	-1.90735766943652
27.94	-0.4562981256453916	-1.895959729557343	-1.905448926858351
27.9425	-0.4535951450398161	-2.023123024831167	-1.886265880300459
27.94500000000001	-0.44910203162467	-1.82476598955729	-1.850305879645005
27.9475	-0.442836517665911	-1.783013359978687	-1.798438060849761
27.95	-0.4348233302846866	-1.716642007840284	-1.731895524753138
27.95249999999999	-0.4250940938707327	-1.544792249356403	-1.652226190425241
27.955	-0.4136872052752523	-1.456067676346488	-1.561197058567671
27.9575	-0.4006476822762775	-1.414862515314559	-1.460676742445461
27.96	-0.3860269859138468	-1.228125072370919	-1.352543500828846
27.9625	-0.3698828173969947	-1.095379817134067	-1.238660003786791
27.965	-0.3522788903832301	-0.6616427134757425	-1.120919181418308
27.9675	-0.3332846795301062	-0.880374139050254	-1.001312974547983
27.97	-0.3129751463101314	-0.6861246034066578	-0.8819415897887357
27.9725	-0.291430443172415	-0.4891689853906258	-0.7649060458493787
27.975	-0.2687355972173607	-0.578079415369352	-0.6521088762869272
27.9775	-0.2449801746337464	-0.2697773621664412	-0.545059957263624
27.98	-0.2202579272216492	-0.1803583425003471	-0.4447817346529102
27.98249999999999	-0.194666422397084	-0.0689889380895341	-0.3518375379490455
27.985	-0.1683066581378987	0.01066665899014218	-0.2664357954476875
27.9875	-0.1412826643910886	0.05459150491884389	-0.1885452156436732
27.99	-0.1137010925137867	-0.06319260849785147	-0.1179820206155201
27.9925	-0.08567079436947074	0.313215740261513	-0.05446087453960136
27.995	-0.05730239273899013	0.1563958765516821	0.002384082236031537
27.9975	-0.02870784474344491	0.1956068254648003	0.05299950674959233
28.0	9.89237094795778e-15	0.1535435361827632	0.08557532594907491
28.0025	-0.0226430851484989	0.1937608093249284	0.1006336639115102
28.005	-0.04519680838460892	0.1146161964229661	0.10970880518374
28.00749999999999	-0.06757216046640149	0.2785766014809641	0.1113657769857193
28.01	-0.0896808361016974	0.07548534423514011	0.1043027426640438
28.0125	-0.1114355824481367	0.05273570968739061	0.08733123995999115
28.015	-0.1327505434607666	0.1719297962699125	0.05939435147330994
28.0175	-0.1535415987262728	0.1117941775621839	0.01962664688760098
28.02	-0.1737266954480908	0.04254074999278751	-0.03255224416599314
28.02249999999999	-0.1932261722711187	-0.1719871853013983	-0.09733448219325469
28.025	-0.2119630736689033	-0.1525482617533891	-0.1744481282099392
28.0275	-0.2298634536515998	-0.1638040484695016	-0.2631410404756855
28.03	-0.246856667597387	-0.3583328391249867	-0.3622294383143155
28.03249999999999	-0.2628756510542203	-0.5986675967071533	-0.4701823436217727
28.035	-0.2778571844128307	-0.6110293364998874	-0.5852004684101754
28.0375	-0.2917421424053852	-0.8017010731873387	-0.7052628023848623
28.04	-0.3044757274462213	-1.058293666173818	-0.8281390036169087
28.0425	-0.3160076858925323	-1.098554953324184	-0.9513843747148572
28.04500000000001	-0.326292506372823	-1.115331714030754	-1.072345311845087
28.0475	-0.3352895993993079	-1.309099920648974	-1.188210367832016
28.05	-0.3429634575561994	-1.383089780520597	-1.296136096645698
28.05249999999999	-0.3492837956312325	-1.373019147070496	-1.393437347336303
28.055	-0.3542256701375053	-1.505281037330796	-1.477772831769805
28.0575	-0.3577695777540514	-1.600065448144893	-1.547249458669586
28.06	-0.3599015322965786	-1.323744214901062	-1.600438156986081
28.0625	-0.3606131199144971	-1.667555656520293	-1.636353398471226
28.065	-0.359901532296575	-1.84989758445859	-1.654438378747388
28.0675	-0.3577695777540544	-1.611392166876128	-1.65456156926901
28.06999999999999	-0.3542256701375098	-1.669169919385254	-1.637015165612604
28.07249999999999	-0.3492837956312486	-1.593851900135617	-1.602507172673779
28.075	-0.3429634575562068	-1.502435924568901	-1.552137753434223
28.07749999999999	-0.3352895993993166	-1.569093235852535	-1.487345755747098
28.08	-0.3262925063728156	-1.380087104635934	-1.409816575383567
28.0825	-0.3160076858925437	-1.118662282908333	-1.321365891877463
28.085	-0.304475727446212	-1.10471237255105	-1.223841340870946
28.0875	-0.2917421424053991	-1.022724050180679	-1.119089370415665
28.09	-0.2778571844127936	-0.9608412497992866	-1.009003155798726
28.0925	-0.2628756510542365	-0.748659693291218	-0.8956077487617178
28.095	-0.2468566675973744	-0.6127277444775809	-0.7810883740158994
28.0975	-0.2298634536516181	-0.6517454113899745	-0.6676868806032135
28.1	-0.2119630736689224	-0.4709589558348863	-0.5574899755899504
28.1025	-0.1932261722711733	-0.3165930336696844	-0.4522224538294126
28.105	-0.1737266954480756	-0.2679559201595708	-0.3531494460395393
28.10749999999999	-0.1535415987262942	-0.09838469346038428	-0.2611048481221604
28.11	-0.1327505434607505	-0.1067239439229088	-0.1765900953233828
28.1125	-0.1114355824481592	0.1817470202759769	-0.09987808460330076
28.115	-0.08968083610168062	0.2897155960338041	-0.03108807595163283
28.1175	-0.06757216046642474	0.3302455420247552	0.02977306427922703
28.11999999999999	-0.04519680838463241	0.1662770367254169	0.0827963746687959
28.1225	-0.02264308514856345	0.3834189754190542	0.1281768019007349
28.125	-1.377999880988664e-14	0.3011288730886841	0.1662357646671204
28.12749999999999	0.02264308514849502	0.3233810326365665	0.1974540931711702
28.13	0.04519680838460507	0.5044405375934837	0.2225026555314905
28.1325	0.06757216046643795	0.3775944562189547	0.2422538891461821
28.135	0.08968083610169364	0.2987178305385584	0.2577626949873616
28.1375	0.111435582448133	0.311930610237518	0.2702179727360408
28.14	0.132750543460763	0.1647010167621219	0.2808767717613708
28.1425	0.1535415987262693	0.2362498994211277	0.2909949817373487
28.14500000000001	0.1737266954481233	0.2303676395612716	0.3017637865971637
28.1475	0.1932261722711846	0.09159975185597452	0.3142554220664357
28.15	0.2119630736689001	0.3973282052879172	0.3293783942282943
28.15249999999999	0.2298634536515969	0.3975304534184239	0.3478414381957882
28.155	0.2468566675973841	0.3903155488992206	0.370126097512221
28.1575	0.2628756510542176	0.3182073089395038	0.3964688721166675
28.16	0.2778571844128283	0.2570303644940871	0.4268546645633305
28.1625	0.2917421424053829	0.4670691957515868	0.4610232277907025
28.165	0.3044757274462192	0.5701579614997765	0.4984892611193658
28.1675	0.3160076858925305	0.3961866454633507	0.5385749322395934
28.17	0.3262925063728039	0.585839993006782	0.5804515757802696
28.1725	0.3352895993992914	0.4526423204888537	0.6231859633950622
28.175	0.3429634575562109	0.8697463299287389	0.6657864507341881
28.1775	0.3492837956312316	0.8274395096485705	0.707245516431545
28.18	0.3542256701375046	0.898924903574747	0.7465771240200805
28.18249999999999	0.357769577754051	0.7763360883493071	0.7828489901616306
28.185	0.3599015322965784	0.9503591880614964	0.8152104157304519
28.1875	0.3606131199144971	0.9609285425874999	0.8429157341304594
28.19	0.3599015322965752	0.8421852742861351	0.8653424005797973
28.1925	0.3577695777540549	0.9719949593083225	0.8820023071961789
28.19500000000001	0.3542256701375028	0.9171288098965992	0.8925455538757633
28.1975	0.3492837956312393	0.9947106247199158	0.8967572953858612
28.2	0.3429634575562079	1.070113998537197	0.8945496161606468
28.2025	0.335289599399318	0.8846161060633619	0.8859509819831586
28.205	0.3262925063728173	1.055068221844138	0.8710954942446982
28.2075	0.3160076858925456	0.8745365459099589	0.8502131926184375
28.21	0.3044757274462141	0.9022181073681644	0.8236214710140947
28.2125	0.2917421424054014	0.8070842714744717	0.7917167012647546
28.215	0.2778571844127961	0.8694783910579906	0.7549646739308224
28.2175	0.2628756510542111	0.6940942787066032	0.713888580419329
28.22	0.2468566675974071	0.5648946002039477	0.6690539001674719
28.2225	0.2298634536516527	0.6676647695263406	0.621050458251968
28.225	0.2119630736689256	0.5673821023051508	0.570472730036069
28.2275	0.1932261722711766	0.3537745984126585	0.5178999105478472
28.23	0.173726695448079	0.2669395426394045	0.4638772487034762
28.23249999999999	0.1535415987262977	0.2522732801624228	0.408899776545322
28.235	0.1327505434607542	-0.09517740006764372	0.3533990527135963
28.2375	0.1114355824481629	0.1861109524309496	0.2977330949093293
28.24	0.0896808361016844	0.008103471148841811	0.2421794286877206
28.2425	0.06757216046642857	-0.1509449913489554	0.1869311572217406
28.245	0.04519680838455492	-0.08174197504570484	0.1320960910690569
28.2475	0.02264308514852641	-0.1685029927803827	0.07769913731819864
28.25	3.404628833258125e-14	-0.133190565465516	0.01882868680656985
28.2525	-0.04363421414912091	-0.2424347348773508	-0.04503441931961649
28.255	-0.08709622398968404	-0.2162245146099462	-0.11010465117917
28.2575	-0.1302145048245611	-0.1917239861794377	-0.178165000563493
28.26	-0.1728188884983211	-0.126327235252849	-0.2511038529764291
28.2625	-0.2147412349724661	-0.3029128440623323	-0.3308543017401898
28.265	-0.2558160958982636	-0.4350141179015947	-0.4192996388296623
28.2675	-0.2958813675647336	-0.4426943070358529	-0.5181144633454231
28.27	-0.3347789306487653	-0.5142379541342647	-0.628542401555801
28.27249999999999	-0.3723552742394057	-0.5174356876135703	-0.75116604201759
28.275	-0.4084621016757009	-0.6060054715369843	-0.8857495338674071
28.2775	-0.4429569158052004	-0.78191699524381	-1.031196935856675
28.28	-0.4757035813558411	-0.8999819156200379	-1.185610860737777
28.2825	-0.5065728621991047	-0.8363723992356034	-1.346413344343836
28.285	-0.5354429313864469	-0.748185506195892	-1.510508075718735
28.2875	-0.5621998519441612	-1.135540528147218	-1.674482322894522
28.29	-0.5867380265309345	-1.487472770579997	-1.834826489874797
28.2925	-0.6089606141820988	-1.444676280874468	-1.988099372942873
28.295	-0.6287799124967628	-1.498660403812746	-2.130979540493225
28.2975	-0.6461177037589834	-1.719257791915181	-2.260251016544919
28.3	-0.6609055636275698	-2.015414535458973	-2.372841648776215
28.30249999999999	-0.6730851311755317	-2.052548405196418	-2.465970743156154
28.305	-0.6826083392141316	-1.999529159939083	-2.53735301642041
28.3075	-0.6894376039919218	-2.478622329127742	-2.585358640815443
28.31	-0.6935459735208436	-2.33280860350836	-2.609063429449479
28.3125	-0.6949172339432867	-2.257872676932012	-2.608196955067914
28.315	-0.6935459735208384	-2.358236159925261	-2.583055606919734
28.3175	-0.6894376039919312	-2.382961674108591	-2.534454399945089
28.31999999999999	-0.6826083392141457	-2.580068914601953	-2.463741589955033
28.3225	-0.6730851311755702	-2.431609884368068	-2.37282755197498
28.325	-0.6609055636275687	-2.500853713041447	-2.264139979032178
28.32749999999999	-0.646117703758982	-2.305346264304792	-2.140453982865874
28.33	-0.6287799124967277	-2.304841760730241	-2.004640645404578
28.3325	-0.6089606141821352	-2.219499931367594	-1.859448586991785
28.335	-0.5867380265309328	-2.00286956640309	-1.707419979041307
28.3375	-0.5621998519441592	-1.981053988286889	-1.550968115470491
28.34	-0.5354429313863944	-1.979716394931798	-1.392554027053446
28.3425	-0.5065728621991022	-1.627274372140183	-1.234830790856424
28.345	-0.475703581355781	-1.436421387857913	-1.080633814020393
28.3475	-0.4429569158052586	-1.420537757323748	-0.9327930250706984
28.35	-0.408462101675762	-1.075588114243775	-0.7938296196245394
28.35249999999999	-0.3723552742395362	-0.7955681749990103	-0.6656269875788874
28.355	-0.3347789306487624	-0.7289768976322869	-0.5491987553894533
28.35749999999999	-0.295881367564802	-0.5047385579563416	-0.444678470080402
28.36	-0.2558160958982604	-0.5784265324893074	-0.3515242450759498
28.3625	-0.2147412349725379	-0.3300963285607806	-0.2687931163759482
28.365	-0.1728188884982413	-0.2630938125962715	-0.1953549147584376
28.3675	-0.1302145048245578	-0.2296438567886469	-0.1300096640679484
28.37	-0.08709622398968064	0.07336312720174223	-0.07152757839507884
28.3725	-0.04363421414927518	0.1867947593319434	-0.01863986396149753
28.375	-4.153791703719691e-14	0.1362452914615628	0.02999315915676968
28.37749999999999	0.04363421414911342	0.3493843770712305	0.07580865158493175
28.38	0.08709622398967659	0.3734543128030983	0.1203369377853347
28.38249999999999	0.1302145048245538	0.576787036852406	0.1651546095194283
28.385	0.1728188884983139	0.5599511216988962	0.2118032336044925
28.3875	0.2147412349724589	0.5851580376303083	0.2616935193304709
28.39	0.2558160958982567	0.8398603696755138	0.3160127931209524
28.3925	0.2958813675647268	0.594856218467629	0.3756451488038569
28.39500000000001	0.334778930648828	0.7540577539309304	0.4411079293436378
28.3975	0.3723552742395327	0.9789635869547363	0.5125081607177826
28.4	0.4084621016756948	0.8991202754905051	0.589525034753986
28.4025	0.4429569158051946	1.030832342258413	0.6714242603290814
28.405	0.4757035813558356	0.9658284857384845	0.7571036754619401
28.4075	0.5065728621990995	0.9757686529074721	0.8451578152454661
28.41	0.5354429313864422	1.113977289397403	0.9339372575764734
28.4125	0.5621998519441568	1.098133949105978	1.021575402047826
28.415	0.586738026530973	1.058513070578601	1.105974833264648
28.4175	0.6089606141820951	1.079741140278386	1.184798296312911
28.41999999999999	0.628779912496726	1.148016177796585	1.255562541449276
28.4225	0.6461177037589515	1.191390194360422	1.315888831820566
28.425	0.6609055636275675	1.348668318691143	1.363807622428585
28.42749999999999	0.6730851311755298	1.346893421610523	1.397946473725734
28.43	0.68260833921413	1.232426762776321	1.417563629925975
28.43249999999999	0.6894376039919208	1.418019450754902	1.42253163860857
28.435	0.693545973520843	1.340944758318123	1.413357107694265
28.4375	0.6949172339432867	1.638860520180574	1.391218025824459
28.44	0.6935459735208388	1.432834663815489	1.357943062363856
28.4425	0.6894376039919223	1.474492044327524	1.315882875253258
28.445	0.6826083392141323	1.254409277545064	1.267687824926724
28.4475	0.6730851311755524	1.320510803270979	1.216052678354874
28.45	0.660905563627571	1.375043119837333	1.163490857836277
28.4525	0.6461177037589848	1.136859935549465	1.112172684372204
28.455	0.6287799124967309	1.214529512338005	1.063831671140441
28.45749999999999	0.6089606141821388	1.134779616347223	1.019725568826735
28.46	0.5867380265309368	1.212622254566984	0.9806345760922535
28.4625	0.5621998519441637	1.009280284167664	0.9468820818655183
28.465	0.5354429313863992	1.125012568383204	0.9183687557849899
28.4675	0.5065728621991075	0.9706590866632072	0.8946161300676466
28.47	0.4757035813559016	1.033374287819334	0.8748193019696923
28.47249999999999	0.4429569158053252	0.9664067129977411	0.8579088538339392
28.475	0.4084621016757681	0.8952319890452395	0.8426195918827463
28.4775	0.3723552742395426	0.8179316633514901	0.8275599295351435
28.48	0.3347789306487689	0.7550699664417865	0.8112732574253112
28.4825	0.2958813675647373	0.7287455641812041	0.7922832857469594
28.485	0.2558160958981939	0.6795219416035295	0.7691188915728244
28.4875	0.2147412349725451	0.7227678442010573	0.7403185318541715
28.49	0.1728188884982486	0.4323386201975796	0.7044179840862813
28.4925	0.1302145048245651	0.581930448612923	0.6599276949540019
28.495	0.08709622398960969	0.5437134577773752	0.6053085671048126
28.4975	0.04363421414912497	0.415464704918632	0.5389604621711361
28.5	-6.842071596601352e-14	0.1412145698313733	0.482559469024911
28.50249999999999	0.06089153239186865	0.20097811016196	0.4365206931614745
28.505	0.1215427537242596	0.07737643099400447	0.3814296672987839
28.5075	0.1817143013351935	-0.08342545820125884	0.3238283161703263
28.51	0.2411687056162324	0.04231808254295892	0.2697912088753686
28.5125	0.2996713271954927	-0.2377161121141649	0.2248281887894122
28.515	0.3569912829533293	-0.08187506552940028	0.1939554127508234
28.5175	0.4129023572110489	-0.2165964682884712	0.181920229339553
28.52	0.4671838945020013	-0.1505513939990847	0.1933861157961786
28.5225	0.5196216703973748	0.0422925998159841	0.2326795432665404
28.525	0.5700087369523408	0.1087243472564572	0.3027276339060195
28.5275	0.6181462394346008	0.006769956014315293	0.4035585914633591
28.53	0.663844201114138	0.433120377490727	0.5317125819249309
28.5325	0.7069222730133619	0.4690080953876441	0.6812878862994554
28.535	0.7472104456631403	0.5375765378653273	0.8459073206145216
28.5375	0.7845497200517944	1.050344464304931	1.02068243915622
28.54	0.8187927351221387	1.039533889528945	1.202051232335688
28.5425	0.849804349337659	1.369151479402999	1.382410056631963
28.545	0.8774621740251298	1.607386468985434	1.548279016342242
28.5475	0.9016570563860085	1.855016548812316	1.686638364784729
28.55	0.9222935102732605	1.894399699842913	1.789197996212138
28.55249999999999	0.9392900930312915	1.76430170265564	1.852930162961243
28.555	0.9525797269129765	2.08242278283821	1.877549744973867
28.5575	0.9621099638047791	2.028106644044033	1.862865862185477
28.56	0.9678431922157068	1.974887813398242	1.809222404382836
28.5625	0.9697567857124436	1.609364510676047	1.720140735260015
28.565	0.9678431922157023	1.39478245075325	1.604624195015104
28.5675	0.9621099638047838	1.17774782351753	1.475741281496596
28.57	0.9525797269129835	0.9284060328710314	1.346085189441186
28.5725	0.939290093031328	1.022621697015312	1.225190222574827
28.575	0.9222935102732718	0.9390783854483794	1.119645607553561
28.57749999999999	0.9016570563860221	0.5539142346690585	1.033827387012427
28.58	0.8774621740250986	0.6923222494266863	0.9704030234768434
28.5825	0.84980434933773	0.5330944964834917	0.9306017578000033
28.585	0.8187927351220995	0.6721160548643634	0.9143030147551677
28.5875	0.7845497200518162	0.9431233156410723	0.9199430788184539
28.59	0.7472104456630937	0.8168300473885828	0.9443626177315937
28.5925	0.7069222730133872	0.911392966991905	0.9829241888667922
28.59500000000001	0.6638442011140846	0.9137127370839963	1.030091545463563
28.5975	0.6181462394346293	1.240771950352153	1.080194542499433
28.6	0.5700087369523708	1.142723921518519	1.127950053562468
28.6025	0.5196216703974992	1.273397751139654	1.168719525520933
28.605	0.4671838945020337	1.412903982227584	1.19874232716699
28.60749999999999	0.4129023572110824	1.385788636854914	1.215205889187133
28.61	0.3569912829532613	1.568884664051156	1.215926072706207
28.6125	0.2996713271956328	1.473082985351602	1.198734311481154
28.615	0.2411687056161615	1.328524176805551	1.160755393265862
28.6175	0.1817143013352299	1.310734422561965	1.097750710558476
28.62	0.1215427537242963	1.09474451919881	1.003934679233264
28.6225	0.06089153239212569	1.030307236477282	0.8734512176518623
28.625	7.887528151350156e-14	0.5209967129601778	0.7042209746586875
28.6275	-0.06089153239185822	0.503627366633018	0.5002595928900709
28.63	-0.1215427537242492	0.1506072481231686	0.2690290930568082
28.63249999999999	-0.1817143013351833	0.005218569336163603	0.01768678791065148
28.635	-0.2411687056162223	-0.4494920479659268	-0.2483787679638442
28.6375	-0.2996713271955876	-0.5567802160811607	-0.5252927469205009
28.64	-0.3569912829534221	-1.152723639490086	-0.8100164608815212
28.6425	-0.4129023572110394	-1.493130024329612	-1.099809565033132
28.645	-0.4671838945020887	-1.87908412186178	-1.391838226342058
28.6475	-0.519621670397459	-2.09992767412068	-1.682771186081068
28.65	-0.5700087369523323	-2.271523482067197	-1.968355636503654
28.6525	-0.6181462394345927	-2.641165505507332	-2.243346146845517
28.655	-0.6638442011141303	-2.916548116777519	-2.502139105327186
28.65749999999999	-0.7069222730133546	-2.909855533914113	-2.739251189943489
28.66	-0.7472104456631335	-3.270132098698659	-2.948930321522167
28.6625	-0.7845497200517882	-3.410270240303176	-3.125243695747927
28.665	-0.8187927351221331	-3.599632220334586	-3.263274092533412
28.6675	-0.8498043493376539	-3.49980815286322	-3.360213968618608
28.66999999999999	-0.8774621740250783	-3.428999617265253	-3.415429279382249
28.67249999999999	-0.901657056385964	-3.316238549322775	-3.429846288696069
28.675	-0.9222935102732571	-3.16610161174204	-3.405377996211914
28.67749999999999	-0.9392900930312889	-3.045543782524307	-3.344715003433063
28.68	-0.9525797269129747	-2.977566269967621	-3.251459494517437
28.6825	-0.9621099638047778	-2.757787402901089	-3.130271428454192
28.685	-0.9678431922157061	-2.529912234975384	-2.986564566303198
28.6875	-0.9697567857124436	-2.194468842541125	-2.825734346634913
28.69	-0.9678431922157029	-2.141953627730557	-2.652458346542622
28.6925	-0.9621099638047851	-2.016114188049937	-2.470493631921925
28.695	-0.9525797269129442	-1.62017208607299	-2.282944447642612
28.6975	-0.9392900930313033	-1.416045589522892	-2.092743772651487
28.7	-0.922293510273275	-1.202740923104959	-1.903054894741618
28.70249999999999	-0.901657056386026	-1.267189050360832	-1.717426371036072
28.705	-0.877462174025103	-1.154228607802174	-1.539771107063422
28.7075	-0.8498043493376819	-0.9885545736033534	-1.374269316797544
28.71	-0.818792735122046	-0.898928637005813	-1.225113061451148
28.7125	-0.7845497200518223	-0.759662459389808	-1.096012821690923
28.715	-0.7472104456631002	-0.7831472190940006	-0.989567173637424
28.7175	-0.7069222730133944	-0.9157193484631292	-0.9067693218478012
28.72	-0.6638442011141726	-0.8147195472014249	-0.8469243683533542
28.7225	-0.6181462394348073	-0.8634048115980775	-0.8079507189081196
28.725	-0.5700087369523792	-1.003168537587348	-0.7868620217152447
28.7275	-0.5196216703975081	-1.208500988209854	-0.7802486250876431
28.73	-0.4671838945020429	-1.198628764290717	-0.7845868343485588
28.73249999999999	-0.4129023572110919	-1.597994173630279	-0.7963309476750877
28.735	-0.356991282953271	-1.398900488921324	-0.8118478270216233
28.7375	-0.2996713271956427	-1.664908824958366	-0.8272653326534888
28.74	-0.2411687056161716	-1.457995920885022	-0.8383714042382878
28.7425	-0.1817143013352402	-1.523622528628479	-0.8407385795126846
28.745	-0.1215427537241973	-1.551399297206383	-0.8301119014713747
28.7475	-0.06089153239191607	-1.481224282715197	-0.8028796794727632
28.75	-1.028381137869989e-14	-1.558291556153282	-0.7864780795417212
28.75249999999999	-0.02993474632777693	-1.291722209781741	-0.7790697924733655
28.755	-0.05975135388778063	-1.310046087145759	-0.7534679690026629
28.7575	-0.08933215015173233	-1.295411078072715	-0.7141448398073139
28.76	-0.1185603932310653	-0.8996646204700198	-0.6653344749800745
28.7625	-0.1473207326033537	-0.9791256869786757	-0.6110156979094215
28.765	-0.1754996643485482	-0.7339557914897897	-0.5549597005934515
28.7675	-0.2029859790966289	-0.4971247893575351	-0.5006360189534098
28.76999999999999	-0.2296712009207389	-0.2052664740705177	-0.4510563242325641
28.7725	-0.2554500154416065	-0.2619021269123701	-0.408710840868639
28.775	-0.2802206854555817	-0.1143961478535317	-0.3756542991848396
28.77749999999999	-0.3038854524446725	0.05525649079002105	-0.3536925715410095
28.78	-0.3263509223850224	0.2253675981219946	-0.3445880070641242
28.7825	-0.347528434330274	0.4569381224079936	-0.3502016051425376
28.785	-0.3673344103158986	0.2255214971782005	-0.372476323313744
28.7875	-0.3856906852030995	0.3847691714237669	-0.4131773536866603
28.79	-0.4025248151611471	0.2680796245605639	-0.4734337119695921
28.7925	-0.4177703635698186	0.2488863428778312	-0.5533222251848765
28.79500000000001	-0.4313671632146286	0.2450901892692141	-0.6517444991323337
28.7975	-0.4432615537390968	-0.2794123680301604	-0.7665981096738959
28.8	-0.4534065934179224	-0.1922481163042888	-0.8950395873152188
28.8025	-0.4617622444142978	-0.4796391741158794	-1.033675070803659
28.805	-0.4682955307910842	-0.6449995160554338	-1.178655363977524
28.80749999999999	-0.4729806686516969	-0.8245703617439266	-1.325737576802498
28.81	-0.4757991678974695	-1.308719204014271	-1.470399076413462
28.8125	-0.4767399051995087	-1.589860278076233	-1.60806605270421
28.815	-0.4757991678974686	-1.651614769590771	-1.734417233989369
28.8175	-0.4729806686517017	-1.942542305256722	-1.845619235361744
28.82	-0.4682955307910813	-2.078546610770186	-1.938416216218987
28.82249999999999	-0.4617622444143209	-2.463591591546314	-2.01014720014608
28.825	-0.4534065934179343	-2.452425265694733	-2.058767859169155
28.8275	-0.4432615537391111	-2.688625269223282	-2.082869469778787
28.83	-0.431367163214599	-2.791053772724029	-2.081676869246429
28.8325	-0.4177703635698112	-2.712901229825726	-2.055050584244802
28.835	-0.4025248151611098	-2.718840015892834	-2.003528112337263
28.8375	-0.3856906852031223	-2.825831913981103	-1.928392837242213
28.84	-0.3673344103158888	-2.447785868088312	-1.831693813169315
28.8425	-0.3475284343303005	-2.479505162726601	-1.71610714518093
28.84500000000001	-0.3263509223850112	-2.383433631120167	-1.584593497554113
28.8475	-0.3038854524446606	-2.186990848324479	-1.43997997414436
28.85	-0.280220685455613	-1.755900734030018	-1.284724644138343
28.8525	-0.255450015441685	-1.618150179204405	-1.121063147241871
28.855	-0.2296712009207729	-1.536452341508566	-0.9514866770747925
28.85749999999999	-0.202985979096664	-1.11487766275072	-0.7791429359447903
28.86	-0.1754996643484834	-0.7610458896054124	-0.6077037301598488
28.8625	-0.147320732603339	-0.6079408257018543	-0.4407543419821072
28.865	-0.1185603932309978	-0.1924062536241153	-0.281182805738324
28.8675	-0.08933215015177041	0.003515924005005593	-0.1309469155951098
28.87	-0.05975135388781909	0.1628012445758594	0.008743500598538068
28.8725	-0.02993474632786972	0.5523020532759828	0.1370882785612466
28.875	5.144266431510005e-15	0.549896294397516	0.2534787980886178
28.8775	0.0299347463277718	0.8498609575652861	0.3574412975478761
28.88	0.05975135388777553	1.047001619774837	0.4486306620655818
28.8825	0.0893321501517273	1.159713415377934	0.5268064700205508
28.885	0.1185603932310603	1.253786274834842	0.5918172366524321
28.8875	0.1473207326033488	1.280146005299362	0.6436623793085181
28.89	0.1754996643485434	1.122344112997844	0.682660475368361
28.8925	0.2029859790966242	1.295921606070934	0.7096295958310689
28.895	0.2296712009207819	1.192510441938311	0.7259180059375353
28.8975	0.2554500154416479	1.011213354135511	0.7332525200768527
28.9	0.2802206854555775	0.7791184230458258	0.7335341459411481
28.9025	0.3038854524446685	0.8385214227873029	0.7286961484454538
28.905	0.3263509223850581	0.7138283156211946	0.7206352700042155
28.9075	0.3475284343302704	0.6787543028687091	0.7111765315952214
28.91	0.3673344103158954	0.3940525330938098	0.7020404062370247
28.9125	0.3856906852030965	0.09566301476778508	0.6948020286368184
28.915	0.4025248151611444	0.2504378790856083	0.6908437151148518
28.9175	0.4177703635698162	0.2086130817712519	0.6913046588743458
28.91999999999999	0.4313671632145803	0.2827638081920228	0.6970311256944349
28.9225	0.4432615537390749	-0.08973634754742006	0.708530941286204
28.925	0.4534065934179208	-0.1377057427159656	0.7259384679484828
28.92749999999999	0.4617622444142965	0.04021056630564546	0.7489988281566083
28.93	0.4682955307910833	0.1374356548988774	0.7770798294976082
28.9325	0.472980668651703	0.1342610763614958	0.8092150815789549
28.935	0.4757991678974692	0.3629738831573098	0.8441736668122277
28.9375	0.4767399051995087	0.4578817075318866	0.8805448065667986
28.94	0.4757991678974689	0.7262016512000216	0.9168243793305383
28.9425	0.4729806686517024	0.7575313089062584	0.9514944210191132
28.945	0.4682955307910721	1.130636679566036	0.9830930178042835
28.9475	0.4617622444142951	1.041462520207617	1.010275017384121
28.95	0.4534065934179359	1.351302769732893	1.031862028662071
28.95249999999999	0.443261553739113	1.450145152395132	1.046877030200244
28.955	0.4313671632146012	1.526543112132265	1.054559463842985
28.9575	0.4177703635698137	1.494841091910405	1.054361458270487
28.96	0.4025248151611125	1.367617857677036	1.045931152678306
28.9625	0.3856906852031253	1.432721470109591	1.029091509247333
28.965	0.3673344103158921	1.447463239087183	1.003821823730456
28.9675	0.347528434330304	1.29808893508113	0.9702457394561489
28.96999999999999	0.3263509223850544	1.137129685896761	0.9286256329869179
28.9725	0.3038854524447063	1.16074500720889	0.8793599048291071
28.975	0.2802206854555733	0.7866501133581112	0.8229777571170737
28.97749999999999	0.2554500154416893	0.741757502222941	0.7601261906735117
28.98	0.2296712009207774	0.4864747258914303	0.6915464199107432
28.98249999999999	0.2029859790966686	0.397847363927589	0.6180407391881365
28.985	0.1754996643484882	0.111077656222725	0.5404342419223586
28.9875	0.1473207326033439	-0.01667689194059951	0.4595371754730845
28.99	0.1185603932310028	-0.2896182286687183	0.3761128588064893
28.9925	0.08933215015177548	-0.3707196046912644	0.2908538781937672
28.995	0.05975135388777043	-0.6527885445047553	0.2043668984982176
28.9975	0.02993474632782075	-0.8495554383449141	0.1171647094171246
29.0	2.151620454001653e-18	-0.9810857904885111	0.03984937564885857
29.00249999999999	0.01364151781881683	-1.004279026257882	-0.02619893333743167
29.005	0.0272291987990687	-1.036637956865811	-0.08904880415753037
29.00749999999999	0.04070941857147372	-1.028727594065686	-0.1458879589303161
29.01	0.05402897686716543	-1.200052142275646	-0.194121026980884
29.0125	0.06713530747462994	-1.125680150942252	-0.231430907048013
29.015	0.07997668569471977	-1.092313187467069	-0.2558708138941098
29.0175	0.09250243247422146	-0.8433347667185396	-0.2659812293003563
29.02	0.1046631144130676	-0.7083092317262647	-0.260904580187177
29.02249999999999	0.1164107388553766	-0.7694413047208948	-0.2404571247380304
29.025	0.1276989432944516	-0.4338578793137018	-0.2051349780731645
29.0275	0.1384831783444207	-0.2097284534500829	-0.156069690271497
29.03	0.148720883556429	-0.08295324715675387	-0.09496216086884166
29.0325	0.1583716553851133	0.2243639541799759	-0.02399417390975828
29.035	0.1673974066431539	0.1327849974413148	0.05430981148390798
29.0375	0.175762516813758	0.5145997627790242	0.1372757532219233
29.04	0.1834339726287679	0.4573506772923437	0.2222845467091727
29.0425	0.1903814983568088	0.8409972192523438	0.3069262446738126
29.04500000000001	0.1965776752878796	0.7216364968973289	0.3890687711986846
29.0475	0.201998049942366	1.105152511590742	0.4668493083592072
29.05	0.2066212305778719	1.220810570511573	0.5386298579284552
29.05249999999999	0.2104289716125487	1.26510970841334	0.6029647190229943
29.055	0.2134062456321286	1.188948754591109	0.6586023880695484
29.05749999999999	0.2155413026962327	1.289586425503145	0.7045132588089866
29.06	0.2168257167100514	1.320478956175189	0.7399267125943141
29.0625	0.2172544186782606	1.228736508667676	0.7643670604712426
29.065	0.21682571671005	0.9844664664715954	0.7776748878073954
29.0675	0.215541302696233	0.8038140829920343	0.7799974643895368
29.07	0.213406245632129	0.8730039478463473	0.7717470182051962
29.07249999999999	0.2104289716125615	0.6631116948054318	0.7535468605211603
29.075	0.2066212305778802	0.6731902201152005	0.7261890646296474
29.0775	0.201998049942376	0.3393396109862744	0.6906129893444166
29.08	0.1965776752878701	0.2474250333570313	0.6478972181973169
29.08249999999999	0.1903814983568099	0.1239407083869433	0.5992499359980271
29.085	0.1834339726287559	-0.1235526065142525	0.545986022254855
29.0875	0.1757625168137594	-0.1710889984248092	0.4894882939316977
29.09	0.1673974066431554	-0.4978417448690778	0.4311585538274614
29.0925	0.1583716553851318	-0.3923895670931035	0.372367188987122
29.09500000000001	0.1487208835564127	-0.5781148826301289	0.314408183612872
29.0975	0.1384831783444225	-0.7110921387049298	0.2584623092150475
29.1	0.1276989432944535	-0.5763452491934488	0.2055675729359536
29.1025	0.1164107388554203	-0.6138477182464211	0.1565940959800196
29.105	0.1046631144130913	-0.6215346537071282	0.1122207903150818
29.1075	0.09250243247422357	-0.5094677877358028	0.07291329240582123
29.11	0.07997668569469898	-0.4186314388652288	0.03890579019480556
29.1125	0.06713530747463217	-0.4811923648464599	0.01019200491127615
29.115	0.05402897686714377	-0.4087949049260215	-0.01346926266462029
29.1175	0.04070941857150028	-0.06643296050806155	-0.03253163107293339
29.11999999999999	0.02722919879909553	-0.05841450531070909	-0.0476239390893286
29.1225	0.01364151781886846	0.0354540399518446	-0.05950419646788196
29.125	2.339982607443815e-15	0.1802351922034054	-0.06901144912098932
29.12749999999999	-0.01364151781883914	0.3060844495847407	-0.07702093487347715
29.13	-0.02722919879909088	0.4119369251980828	-0.08440561465753034
29.1325	-0.04070941857147142	0.3482945803042775	-0.09200510609434012
29.135	-0.05402897686716317	0.4891027207041122	-0.1006016429146783
29.1375	-0.06713530747462772	0.5409135811751783	-0.1109018956428094
29.14	-0.07997668569471758	0.3337766778151088	-0.1235231649990675
29.1425	-0.09250243247421934	0.4814223444520874	-0.1389824887011008
29.145	-0.1046631144131088	0.5049214707935779	-0.1576875124649246
29.1475	-0.1164107388553955	0.4232264836876879	-0.1799284876749395
29.15	-0.1276989432944497	0.5539697583532934	-0.2058713559966663
29.1525	-0.1384831783444189	0.3320649583864473	-0.2355524155783945
29.155	-0.1487208835564273	0.1843658844295558	-0.2688753825886339
29.1575	-0.1583716553851117	0.1629766466097202	-0.3056116650771605
29.16	-0.1673974066431524	0.1078643070264481	-0.345404357340464
29.1625	-0.1757625168137567	-0.3058460617406903	-0.3877759686360507
29.165	-0.1834339726287667	-0.342688364827431	-0.4321394278255951
29.1675	-0.1903814983568076	-0.3939200902995413	-0.4778116529284914
29.16999999999999	-0.1965776752878681	-0.6732501879410181	-0.5240290372938328
29.1725	-0.2019980499423561	-0.9989675081913141	-0.5699645350921254
29.175	-0.2066212305778712	-1.115447240971507	-0.6147464646810976
29.17749999999999	-0.2104289716125481	-0.9682326328846507	-0.6574794758700263
29.18	-0.2134062456321281	-1.145563503428441	-0.697268153834364
29.1825	-0.2155413026962324	-1.415339450711898	-0.7332433482032656
29.185	-0.2168257167100513	-1.437906387681084	-0.7645905491842944
29.1875	-0.2172544186782606	-1.403863624488109	-0.7905786885340369
29.19	-0.2168257167100502	-1.720286418789456	-0.8105869718201556
29.1925	-0.2155413026962333	-1.346531252640048	-0.8241271042901699
29.19500000000001	-0.2134062456321248	-1.611956151103939	-0.8308587195420499
29.1975	-0.2104289716125499	-1.623072748406016	-0.8305968274220089
29.2	-0.2066212305778733	-1.445614433572654	-0.8233113265330797
29.20249999999999	-0.2019980499423768	-1.471387948614019	-0.8091197311225139
29.205	-0.1965776752878711	-1.42659389413459	-0.7882750252088203
29.2075	-0.190381498356811	-1.062264189055084	-0.761150881748628
29.21	-0.1834339726287572	-1.233647372830179	-0.728226316872397
29.2125	-0.1757625168137608	-0.8701030896986369	-0.6900711601750267
29.215	-0.1673974066431411	-0.7961442167934507	-0.6473325988761868
29.2175	-0.1583716553851334	-0.4997995091865229	-0.6007218184281505
29.22	-0.1487208835564324	-0.4285577380780123	-0.5509989679625085
29.2225	-0.1384831783444433	-0.3037712134135113	-0.4989548621643388
29.225	-0.1276989432944554	-0.1669828542357188	-0.4453890950784676
29.2275	-0.1164107388554223	-0.1334875346594848	-0.3910860146294526
29.23	-0.1046631144130933	0.1657446627066879	-0.336791313885152
29.23249999999999	-0.0925024324742257	0.1476984841785696	-0.283192121180204
29.235	-0.07997668569470116	0.2561108349239836	-0.2309024429087271
29.2375	-0.06713530747463439	0.5237184104411973	-0.1804542797449911
29.24	-0.05402897686714603	0.2815597382904901	-0.1322934431220812
29.2425	-0.04070941857147832	0.4430003599944134	-0.08677845205547965
29.245	-0.02722919879907334	0.5603100901639895	-0.04418089659842758
29.2475	-0.01364151781884615	0.7481574096797242	-0.004686100394092299
29.25	-1.799900186683898e-14	0.7272101389263974	0.04148744241567186
29.2525	0.05244074706432337	0.4081093114320965	0.09509773119166784
29.255	0.1046745344579946	0.4532952315252985	0.1474539622283456
29.25749999999999	0.1564952192852185	0.5548157503681882	0.2004199650082228
29.26	0.2076982889779751	0.476612681455733	0.2558343734614021
29.2625	0.2580816684123654	0.3721122278603641	0.3153922179330156
29.265	0.3074465174079201	0.1566788114548781	0.3805220387047116
29.2675	0.3555980154581294	0.2616441509227897	0.4522721629134113
29.27	0.4023461305985236	0.1840769528309794	0.5312128644002343
29.27249999999999	0.447506369375995	0.2404834113774181	0.6173665859893958
29.275	0.4909005049598303	0.3315032100454509	0.7101864912597898
29.2775	0.5323572805216185	0.4791775637352333	0.8085990122107756
29.28	0.5717130851081657	0.3980461356616334	0.9110996594117233
29.28249999999999	0.6088125993385831	0.7021367744269733	1.015842121212437
29.285	0.6435094083794932	0.6748550869979688	1.120599627294124
29.2875	0.6756665797768945	0.6096458776840531	1.222502122956469
29.29	0.7051572038667279	1.022824345717948	1.317778811503576
29.2925	0.7318648946285282	1.191335150706692	1.402088197666459
29.29500000000001	0.7556842490085383	1.331145730176636	1.471459038221518
29.2975	0.776521262896962	1.456643606402066	1.523024675895182
29.3	0.7942937021195243	1.552028861184751	1.555105296604281
29.30249999999999	0.8089314269781334	1.704084958977435	1.566993493743161
29.305	0.8203766690600954	1.803174143812936	1.558907611554161
29.3075	0.8285842592237053	1.817275120616731	1.532221211471992
29.31	0.8335218058603082	1.94848491868935	1.489722393841228
29.3125	0.835169822729062	1.6971471697612	1.435524529024426
29.315	0.833521805860305	1.563710472983775	1.374501300355166
29.3175	0.8285842592237109	1.605851725809134	1.311531341069611
29.31999999999999	0.8203766690601039	1.541331252577033	1.250914158369365
29.32249999999999	0.8089314269781681	1.289998872319475	1.196075462876833
29.325	0.7942937021195382	1.178023921583111	1.149483453703465
29.32749999999999	0.7765212628969785	1.120531695527783	1.112665836398212
29.33	0.7556842490085169	0.7891117147261499	1.086258995909364
29.3325	0.7318648946285499	0.6055687643863944	1.070065002837612
29.335	0.7051572038667011	0.7300594932158398	1.063123645168028
29.3375	0.6756665797769209	0.5897241998292865	1.063821856842278
29.34	0.6435094083794008	0.7436405693503076	1.070054831496966
29.3425	0.6088125993386139	0.8355483888039913	1.079426008842396
29.345	0.5717130851081291	0.7533640079402654	1.089448713082882
29.3475	0.5323572805216532	0.7621072495190749	1.097710228026723
29.35	0.4909005049598668	0.7504823013999615	1.10197695023806
29.3525	0.4475063693761131	0.9804119371018146	1.100237213164786
29.355	0.402346130598563	0.7238757080920349	1.090684836712204
29.35749999999999	0.3555980154581702	0.7714341858305798	1.071650105580034
29.36	0.3074465174078736	1.118971459563002	1.041495399741757
29.3625	0.2580816684124082	1.073375655638585	0.9985048637745515
29.365	0.2076982889779267	1.0792054505491	0.9408019549085206
29.3675	0.1564952192852627	1.070000395723131	0.8663285353012374
29.36999999999999	0.1046745344580393	0.9822673275040376	0.7729353434998038
29.3725	0.05244074706446304	0.8654724259136106	0.6586754715286591
29.375	2.700263843184672e-14	0.9195365612796633	0.522355727314243
29.37749999999999	-0.05244074706431438	0.7675162210591332	0.3641083250359137
29.38	-0.1046745344579857	0.6484949532748236	0.1854796179897632
29.3825	-0.1564952192852096	0.4364966997536699	-0.01108727598824674
29.385	-0.2076982889779664	0.1459942680205077	-0.2228989264333565
29.3875	-0.2580816684123568	0.01519208823723893	-0.4473493699033471
29.39	-0.3074465174079117	-0.05390771547148787	-0.681917327608057
29.3925	-0.3555980154581213	-0.4071658664578523	-0.9239905467261627
29.39500000000001	-0.4023461305986821	-0.9703316988824198	-1.170645281168926
29.3975	-0.4475063693761477	-0.978930778035081	-1.41841658705903
29.4	-0.4909005049598231	-1.454698010447	-1.663104355267802
29.40249999999999	-0.5323572805216116	-1.676399934835318	-1.89983295971423
29.405	-0.571713085108159	-1.954443151236213	-2.123583213620034
29.4075	-0.6088125993385769	-2.220248741257208	-2.329764543100453
29.41	-0.6435094083794874	-2.505435668869134	-2.514209448580088
29.4125	-0.6756665797768893	-2.838600079303683	-2.673027930703218
29.415	-0.7051572038667231	-2.884720230761552	-2.802902528864768
29.4175	-0.7318648946285239	-2.738624057878471	-2.90155722647571
29.42	-0.755684249008494	-3.120657674226213	-2.967941752918203
29.4225	-0.7765212628968887	-3.012267262771703	-3.002064286656627
29.425	-0.7942937021195215	-3.194210305243326	-3.00469275134938
29.4275	-0.8089314269781311	-3.193554881019022	-2.977147949690113
29.43	-0.8203766690600937	-3.189664526737578	-2.921284513040403
29.43249999999999	-0.8285842592237042	-3.029112613883255	-2.839607474938334
29.435	-0.8335218058603077	-2.758546593920984	-2.735343770258702
29.4375	-0.835169822729062	-2.96815515327054	-2.612280227928277
29.44	-0.8335218058602997	-2.789105413061763	-2.474369274575531
29.4425	-0.828584259223712	-2.524411682925659	-2.325324205735415
29.44500000000001	-0.8203766690600877	-2.319558984668467	-2.168427025891683
29.4475	-0.8089314269781468	-1.957918490960607	-2.006600747790211
29.45	-0.794293702119541	-1.724406473695559	-1.842648165331932
29.4525	-0.7765212628969819	-1.693401321065638	-1.679491539613479
29.455	-0.7556842490085208	-1.607796323502338	-1.520276630907988
29.4575	-0.7318648946285542	-1.135264730802587	-1.368320690888736
29.46	-0.7051572038667059	-1.147386915368939	-1.22695847357962
29.4625	-0.6756665797769262	-0.9193365192771465	-1.099288462565639
29.465	-0.6435094083794066	-0.7213927057394054	-0.9877887692049074
29.4675	-0.6088125993386201	-0.6962781431582727	-0.8939041069521519
29.47	-0.571713085108205	-0.6155564084923517	-0.8178431206982296
29.4725	-0.5323572805217333	-0.648693794224749	-0.758706994584671
29.475	-0.4909005049598741	-0.6028975585809455	-0.7148161892333449
29.4775	-0.4475063693761207	-0.7101746525669205	-0.6840283913189205
29.48	-0.4023461305985709	-0.431729815983373	-0.6639380801366385
29.48249999999999	-0.3555980154581783	-0.4571969006173955	-0.6519521580571898
29.485	-0.307446517407882	-0.4008878670379585	-0.6452874606440091
29.4875	-0.2580816684124168	-0.6386730627549118	-0.6409431716865637
29.49	-0.2076982889779355	-0.6212324367902503	-0.6357001279391219
29.4925	-0.1564952192852715	-0.5846550544632378	-0.6261985574278823
29.495	-0.1046745344578598	-0.593334135664793	-0.6091140445270639
29.4975	-0.05244074706437726	-0.6518254090650373	-0.581388500189829
29.5	-1.23293490944751e-14	-0.7292028274894239	-0.5513391099260365
29.5025	0.01795687772165756	-0.7989049961872623	-0.5172822479565864
29.505	0.03584288785070947	-0.7283615970606094	-0.4682795728742621
29.5075	0.05358744247644012	-0.5927592177560567	-0.4053062788266206
29.51	0.07112051194852165	-0.4885321677451061	-0.3297646013110879
29.5125	0.08837290125175097	-0.4035321232357955	-0.2434951841235717
29.515	0.1052765230875398	-0.2542357378544251	-0.1487579031853731
29.5175	0.1217646665829399	-0.3067828038925332	-0.04811248985009992
29.52	0.1377722605683222	-0.01309160001100344	0.05579213305118766
29.52249999999999	0.1532361303833731	-0.1087158428586336	0.1604338327109059
29.525	0.1680952471987848	0.2833439717492785	0.2635518168602614
29.5275	0.1822909688688896	0.1370760300086095	0.3631700215915594
29.53	0.195767271365715	0.574813800809707	0.4575394013214575
29.5325	0.2084709698799943	0.5313684368247695	0.5450656871899439
29.535	0.2203519287175054	0.8183089910457182	0.6242847874530398
29.5375	0.2313632591615482	0.7175098325659064	0.6938980236972407
29.54	0.2414615045215381	0.8286454416502441	0.7528342429735589
29.5425	0.2506068116364313	0.9834708928863842	0.8003122944958211
29.545	0.2587630881571718	1.174717803374927	0.835900147442344
29.5475	0.2658981449865511	1.110925267524935	0.8595562400369781
29.55	0.2719838233149766	1.199152343808485	0.871620563790336
29.55249999999999	0.27699610575036	1.230937090675993	0.8727468916261203
29.555	0.2809152111038472	1.106540138340609	0.8638106195348216
29.5575	0.2837256724570524	0.8875818254983207	0.8458350218010441
29.56	0.2854163982030025	0.9963773200826438	0.8199527330292425
29.5625	0.2859807158195913	0.8501633410272746	0.7873925810916099
29.565	0.2854163982030002	0.7027938240628859	0.7494716071819029
29.5675	0.2837256724570559	0.5391364681990256	0.7075762672426036
29.56999999999999	0.2809152111038523	0.461692549953437	0.6631274514089265
29.5725	0.276996105750375	0.4947544093944821	0.6175334652479779
29.575	0.2719838233149752	0.451671433052034	0.5721393054274727
29.57749999999999	0.2658981449865493	0.1617748042861155	0.5281795620237212
29.58	0.2587630881571698	-0.05553441650970087	0.486738695640763
29.5825	0.2506068116364447	0.2458747854788989	0.448718901121171
29.585	0.2414615045215355	0.04841379518066609	0.4148138038689795
29.5875	0.2313632591615645	0.1460467545682817	0.3854863478268254
29.59	0.2203519287174816	0.05804255452004606	0.3609512056444794
29.5925	0.2084709698799911	0.0150323678905479	0.3411648698834817
29.595	0.1957672713656878	-0.02427864620871897	0.3258284887245435
29.5975	0.1822909688689109	0.08066115423773881	0.3144077313907812
29.6	0.1680952471988072	0.006623209457389579	0.3061702246882048
29.60249999999999	0.1532361303834239	0.3311887452988433	0.3002362224112873
29.605	0.1377722605683181	0.2188571861547718	0.2956348284602319
29.60749999999999	0.121764666582965	0.09824180715547294	0.291357774847485
29.61	0.1052765230875354	0.08303516616546204	0.2864049898958647
29.6125	0.08837290125177735	0.1886592843966076	0.2798194389096268
29.615	0.07112051194848554	0.2077534791655188	0.2707115897825458
29.6175	0.05358744247643543	0.2444347264686202	0.2582756737288616
29.62	0.03584288785070473	0.2652762016941368	0.2418006271527682
29.6225	0.0179568777217177	0.2662268322687967	0.2206784782407141
29.625	1.5412394434196e-14	0.1286085766035723	0.1944122995717753
29.62749999999999	-0.01795687772165448	0.2859515860177025	0.1626249297671395
29.63	-0.0358428878507064	0.3873356625065137	0.1250686252567956
29.63249999999999	-0.05358744247643709	0.3625635925972621	0.08163475859818262
29.635	-0.07112051194851866	0.3231691263155314	0.03236181321247694
29.6375	-0.08837290125174803	0.2436011086885588	-0.02256048000402684
29.64	-0.1052765230875369	0.2376692406761747	-0.08279266906676941
29.6425	-0.1217646665829371	0.1525551515397186	-0.1478534052345056
29.64500000000001	-0.137772260568348	0.1838738089710298	-0.2171325646846479
29.6475	-0.1532361303834253	0.08279946560997364	-0.2899072609490176
29.65	-0.1680952471987823	-0.02789481910356958	-0.3653578238465521
29.6525	-0.1822909688688872	-0.3225168951903398	-0.4425814251312256
29.655	-0.1957672713657127	-0.3510945720835408	-0.5206024864350309
29.6575	-0.2084709698799922	-0.4485947978270014	-0.5983807826920059
29.66	-0.2203519287175034	-0.7022613763049323	-0.6748197745720058
29.6625	-0.2313632591615655	-0.842856681898465	-0.748778831908409
29.665	-0.2414615045215538	-0.9191291233594836	-0.8190933068332372
29.6675	-0.2506068116364298	-0.8508919823853094	-0.8846053732318157
29.66999999999999	-0.2587630881571567	-1.103486216617555	-0.9442057113398771
29.6725	-0.265898144986538	-1.223903897875905	-0.9968818517088511
29.675	-0.2719838233149757	-1.314361067597834	-1.041765175777281
29.67749999999999	-0.2769961057503593	-1.344072711107561	-1.07816780587682
29.68	-0.2809152111038465	-1.30931442535461	-1.105603894861068
29.68249999999999	-0.283725672457052	-1.655848999362382	-1.123795113359221
29.685	-0.2854163982030024	-1.436839696242761	-1.132664088912285
29.6875	-0.2859807158195913	-1.280629275506778	-1.132320487253923
29.69	-0.2854163982030004	-1.386095357048471	-1.123043138017234
29.6925	-0.2837256724570563	-1.442399890789765	-1.105259887304693
29.695	-0.2809152111038468	-1.296542160686973	-1.079525926617711
29.6975	-0.2769961057503677	-1.16065765250633	-1.046501405366445
29.7	-0.2719838233149761	-1.182519712407431	-1.006929675887429
29.7025	-0.2658981449865505	-1.012241566247645	-0.9616177897448015
29.705	-0.2587630881571573	-1.004413369074044	-0.9114202810132394
29.70749999999999	-0.2506068116364461	-0.9603325714860521	-0.8572257755927465
29.71	-0.2414615045215371	-0.765731369742711	-0.799944179005877
29.7125	-0.2313632591615663	-0.4777817050236889	-0.7404912393798602
29.715	-0.2203519287174836	-0.6884711153466874	-0.6797681262493523
29.7175	-0.2084709698799932	-0.3460668981460976	-0.6186362660868893
29.72	-0.1957672713657374	-0.435390687023347	-0.5578906652082545
29.72249999999999	-0.1822909688689384	-0.132016924971494	-0.4982364799714014
29.725	-0.1680952471988097	-0.2551491169603691	-0.4402727678802378
29.7275	-0.1532361303834265	-0.1071067518209317	-0.3844848744658125
29.73	-0.1377722605683208	-0.09876472021955715	-0.3312443396638056
29.7325	-0.1217646665829384	0.1037137438349409	-0.2808137249576047
29.735	-0.1052765230875382	0.228321991804929	-0.2333535975367617
29.7375	-0.08837290125178028	0.08857462892292083	-0.1889296165322166
29.74	-0.07112051194848852	0.3272651551217152	-0.1475186850217857
29.7425	-0.05358744247643846	0.2318039131121678	-0.1090140942496373
29.745	-0.03584288785067553	0.2138285989545014	-0.07323033820426667
29.7475	-0.01795687772165587	0.2183752331259124	-0.03990875253619786
29.75	9.470881867644376e-15	0.3985227337928525	-0.01551290501891506
29.75249999999999	-0.0091951026681362	0.1568903759437896	0.0001865917982390997
29.755	-0.0183539164669101	-0.07481050056323862	0.01350732599063357
29.7575	-0.02744029574247938	0.05563795992343094	0.02356071859572896
29.76	-0.03641838070704796	0.2295611678411259	0.02959057050472052
29.7625	-0.04525273896090926	0.124481302905556	0.03097671877106761
29.765	-0.0539085053281335	0.05999599449422381	0.02723966546302521
29.7675	-0.06235151945326531	0.0954763457011246	0.01804732579480243
29.77	-0.07054846061681493	0.1104846711455749	0.003223419086503476
29.7725	-0.07846697923683603	-0.3122369014585788	-0.01724436258141109
29.775	-0.08607582453797595	-0.299189447846375	-0.04319905264954627
29.7775	-0.09334496788394152	-0.2989683293756049	-0.07431455592783066
29.78	-0.1002457212869544	-0.4295363542757765	-0.1101029312628053
29.7825	-0.1067508506259489	-0.5048474874107554	-0.1499290743953954
29.785	-0.1128346831273582	-0.3370950687052142	-0.1930315939534303
29.7875	-0.1184732086837162	-0.6302329107185295	-0.2385476717075569
29.79	-0.1236441746106693	-0.5662279554260952	-0.2855394857539235
29.7925	-0.128327173468067	-0.6743256090102709	-0.3330203372545801
29.795	-0.1325037235989114	-0.4980425402784214	-0.3799796376576129
29.7975	-0.1361573420678965	-0.611155085146729	-0.4254069371899832
29.8	-0.1392736097121126	-0.7309835160501312	-0.4683158273694169
29.80249999999999	-0.1418402280468512	-0.6740645344901677	-0.5077686210024414
29.805	-0.1438470678021339	-0.5359554947329388	-0.5429021784820205
29.8075	-0.145286208898272	-0.7666918642173954	-0.5729542605256854
29.81	-0.1461519717028452	-0.4997855198447191	-0.5972886660745939
29.8125	-0.1464409394455903	-0.735681190968991	-0.6154166031132906
29.815	-0.1461519717028444	-0.7586647470513694	-0.6270116530740681
29.8175	-0.1452862088982725	-0.501592782123085	-0.6319164859690286
29.82	-0.1438470678021377	-0.4613252554476196	-0.630140928259676
29.8225	-0.1418402280468605	-0.642540381176547	-0.6218525341030965
29.825	-0.1392736097121138	-0.386975992445416	-0.607361885447473
29.82749999999999	-0.136157342067898	-0.390345680756308	-0.5871051079133163
29.83	-0.132503723598906	-0.4013166049381502	-0.561625543687587
29.8325	-0.1283271734680769	-0.3104352000342382	-0.5315554707369262
29.835	-0.1236441746106625	-0.3023538553728551	-0.4975976714752975
29.8375	-0.1184732086837185	-0.2266057084322797	-0.4605060186830078
29.84	-0.1128346831273501	-0.2042702043826349	-0.4210643623092035
29.8425	-0.1067508506259515	-0.1479355904973223	-0.3800638028378835
29.84500000000001	-0.1002457212869451	-0.1118029127930882	-0.3382794796791197
29.8475	-0.09334496788395732	-0.06812361073118468	-0.2964487000228798
29.85	-0.08607582453797907	0.04857485553468695	-0.2552522168478636
29.8525	-0.07846697923685336	-0.1920643964813159	-0.2152997876175838
29.855	-0.07054846061681833	-0.02741788027431323	-0.1771201837615198
29.85749999999999	-0.06235151945326881	0.006850643049768533	-0.1411549997706909
29.86	-0.05390850532812162	-0.009133035138986431	-0.1077551837006647
29.8625	-0.04525273896092878	0.004677429614887114	-0.07717921453912457
29.865	-0.03641838070703558	-0.04980566429923389	-0.0495921808100772
29.8675	-0.02744029574248318	-0.02549019009261799	-0.02506551458188522
29.87	-0.01835391646691394	-0.0736678715148843	-0.003577651841241453
29.8725	-0.009195102668173293	-0.1642564917292516	0.01498371664286616
29.875	-1.104960389653423e-14	0.006337480486216181	0.03081698449363857
29.8775	0.009195102668134624	-0.07354067685297791	0.04419887577595263
29.88	0.01835391646690853	-0.07321321252075341	0.05547330190259877
29.88249999999999	0.02744029574247783	-0.0682773865555265	0.06503704031242531
29.885	0.03641838070704643	-0.06621505408961141	0.07332290806853836
29.8875	0.04525273896092359	0.03351017201073003	0.08078139889568114
29.89	0.05390850532813203	-0.05567645374350592	0.08786184509064392
29.8925	0.06235151945326389	-0.09626499054325531	0.09499409794767745
29.895	0.07054846061682814	0.253626647539172	0.102571567725869
29.8975	0.07846697923684876	-0.01388696185396522	0.1109362939781782
29.9	0.08607582453797467	0.1005158806322985	0.1203665662826465
29.9025	0.0933449678839403	0.04600343877980306	0.1310674907013087
29.905	0.1002457212869532	0.06276906557771147	0.1431647861252315
29.90749999999999	0.1067508506259478	0.1052009650996069	0.1567019784919214
29.91	0.1128346831273572	0.09315662957921327	0.1716410253258691
29.9125	0.1184732086837152	0.1225187834545782	0.1878662440709722
29.915	0.1236441746106685	0.2494671092978787	0.2051912436164979
29.9175	0.1283271734680662	0.2875564779957557	0.2233683885752022
29.91999999999999	0.1325037235989037	0.2641996907663009	0.2421001857179468
29.92249999999999	0.1361573420678898	0.2146219972078656	0.2610518957979487
29.925	0.1392736097121122	0.4202159883712947	0.2798646571652242
29.92749999999999	0.141840228046855	0.3253140852243693	0.2981684609503711
29.93	0.1438470678021367	0.5929051285331095	0.3155944267865211
29.9325	0.1452862088982718	0.3173865147954096	0.3317859678324677
29.935	0.1461519717028452	0.4981330159547705	0.3464085763351437
29.9375	0.1464409394455903	0.5698473865543261	0.3591580838117948
29.94	0.1461519717028446	0.4236645256119542	0.3697673418651264
29.9425	0.1452862088982727	0.4918510977246559	0.3780113310615617
29.945	0.1438470678021318	0.4107552125143971	0.3837107446146493
29.9475	0.1418402280468568	0.5102401713818813	0.3867341213025826
29.95	0.1392736097121143	0.4506421158580075	0.3869986253901534
29.95249999999999	0.1361573420678985	0.5148790320886321	0.3844695919370811
29.955	0.1325037235989067	0.3176683096245713	0.37915897083331
29.9575	0.1283271734680776	0.3938783723341926	0.3711228082462186
29.96	0.1236441746106633	0.4675143333899686	0.3604578985958987
29.9625	0.1184732086837194	0.3943974769523489	0.3472977268351671
29.965	0.1128346831273511	0.2872383126840455	0.3318078063508443
29.9675	0.1067508506259526	0.2360641991244362	0.314180509508324
29.97	0.1002457212869584	0.1383543496028176	0.2946294904999997
29.9725	0.09334496788397136	0.34757006823631	0.2733838141715016
29.975	0.08607582453798036	0.2438041066184498	0.2506819261261652
29.9775	0.0784669792368547	0.1372373984284188	0.2267656224393519
29.98	0.0705484606168197	-0.05589709665020504	0.2018741953683437
29.98249999999999	0.06235151945327025	0.1260259618107217	0.1762389398053737
29.985	0.05390850532812309	0.06333902080016283	0.1500782015936832
29.9875	0.04525273896093029	-0.01762172512681038	0.1235931331290065
29.99	0.03641838070703711	0.2415876393628336	0.09696429520827587
29.9925	0.02744029574248473	-0.01707515795819154	0.07034920883640956
29.995	0.01835391646689899	-0.07441891470122257	0.04388091884258968
29.9975	0.00919510266814164	-0.1639989651732958	0.01766758514580832
30.0	1.77271480211802e-14	-0.248903709757355	-0.00908316587384321
30.00249999999999	-0.01290772403488387	-0.01603095796023379	-0.03633350638817252
30.005	-0.02576450718002119	-0.1039220828939084	-0.06328674705720483
30.0075	-0.03851960958597941	-0.2960350148936909	-0.09015143489535853
30.01	-0.05112269269086021	-0.2642749174327754	-0.1171311842355238
30.0125	-0.06352401788340405	-0.1155292167300774	-0.1444143410751467
30.015	-0.07567464279874722	-0.2311478200444229	-0.1721647796300469
30.0175	-0.08752661447137633	-0.2678742455950585	-0.2005139470427763
30.01999999999999	-0.09903315858381544	-0.1266358116108346	-0.2295542156418573
30.0225	-0.110148864063271	-0.1964029277421341	-0.2593335725654461
30.025	-0.1208298622985174	-0.1078597082061267	-0.2898516645412846
30.02749999999999	-0.1310340002691474	-0.2933490651033129	-0.3210572115371465
30.03	-0.1407210069044918	-0.2194380725102758	-0.3528467997520875
30.0325	-0.1498526520148794	-0.1938284562768777	-0.3850650586495236
30.035	-0.1583928971689441	-0.4201972583646092	-0.4175062186305705
30.0375	-0.166308037920699	-0.560641348234797	-0.4499170376190758
30.04	-0.1735668368257093	-0.3470735616716651	-0.4820010779885265
30.0425	-0.1801406467209004	-0.3863278621134631	-0.513424308886324
30.04500000000001	-0.1860035237819178	-0.3005490757110901	-0.5438219982743805
30.0475	-0.1911323299114955	-0.481186963070526	-0.5728068358672009
30.05	-0.1955068240549685	-0.2616926496056961	-0.5999781840743005
30.0525	-0.1991097420824691	-0.6618733596325137	-0.6249322839629136
30.055	-0.2019268649225636	-0.633044110907698	-0.6472731497003358
30.05749999999999	-0.2039470746784102	-0.6177395109446099	-0.6666237804235047
30.06	-0.205162398505063	-0.621703679168637	-0.6826372244941619
30.0625	-0.2055680400745983	-0.5822708331312375	-0.695006972897532
30.065	-0.2051623985050625	-0.7825951215740674	-0.7034761572399505
30.0675	-0.2039470746784119	-0.7039775922275964	-0.7078450926637982
30.07	-0.2019268649225663	-0.9118602080091398	-0.7079768306853764
30.07249999999999	-0.1991097420824784	-0.7919906647924623	-0.703800551167515
30.075	-0.195506824054973	-0.8698235541236132	-0.6953127979211627
30.0775	-0.1911323299115007	-0.6488687066638851	-0.6825767189160056
30.08	-0.1860035237819139	-0.71625689147794	-0.6657195837551042
30.0825	-0.180140646720896	-0.5893906082150726	-0.6449288996077078
30.085	-0.1735668368256919	-0.5597761766229726	-0.6204474255455987
30.0875	-0.1663080379207074	-0.6014366659745658	-0.5925673039647237
30.09	-0.1583928971689383	-0.642202783105709	-0.5616234157599859
30.0925	-0.1498526520148891	-0.6183197403839625	-0.5279859685450105
30.09500000000001	-0.1407210069044852	-0.5543167229911998	-0.4920522923246223
30.0975	-0.1310340002691584	-0.6517860716405872	-0.4542378734729596
30.1	-0.120829862298529	-0.5617484055977563	-0.4149667963582062
30.1025	-0.1101488640633028	-0.3656544889765408	-0.3746619323915095
30.105	-0.09903315858382795	-0.2680324832831139	-0.3337353477602287
30.10749999999999	-0.08752661447138926	-0.1475041840254337	-0.2925794360360764
30.11	-0.07567464279871705	-0.1156702202317458	-0.2515592037166308
30.1125	-0.06352401788341763	-0.05601551690904953	-0.2110059751977204
30.115	-0.05112269269085142	-0.0004498715619415256	-0.1712125960092886
30.1175	-0.03851960958599346	-0.02915240091726136	-0.1324300566688198
30.12	-0.02576450718003538	-0.07188333444006381	-0.09486537040441279
30.1225	-0.01290772403492147	0.06489271731601251	-0.05868052470395618
30.125	3.427084403611179e-15	0.2561289141777221	-0.02399237458279269
30.1275	0.01290772403488166	0.2222431141556708	0.009126573318189536
30.13	0.02576450718001899	0.118234827338105	0.04064645444702903
30.1325	0.03851960958597724	0.3435728633545084	0.07057733248619226
30.135	0.05112269269085806	0.2863272813233708	0.09896538699990362
30.1375	0.06352401788340194	0.3228111460603202	0.1258879609796268
30.14	0.07567464279874515	0.4587981127677628	0.1514475214376237
30.1425	0.08752661447137432	0.3188773411834888	0.1757647036894465
30.145	0.09903315858383398	0.5233505569048722	0.1989707217637141
30.1475	0.1101488640632889	0.3654722156323313	0.2211995086389924
30.15	0.1208298622985156	0.2755149514300106	0.2425799866857392
30.1525	0.1310340002691637	0.426374470391002	0.2632288595010121
30.155	0.1407210069045072	0.1590836577336068	0.2832442698439281
30.1575	0.1498526520148778	0.4842646014075591	0.3027005976161939
30.16	0.1583928971689427	0.458179411753345	0.3216445893678549
30.1625	0.1663080379206977	0.2714802811582273	0.3400929260912803
30.165	0.1735668368257081	0.3570324462290414	0.3580312550452162
30.1675	0.1801406467208994	0.300301345299968	0.375414637433544
30.16999999999999	0.1860035237819069	0.2947766780962862	0.3921692991525179
30.1725	0.191132329911486	0.3159143756652907	0.4081955183559151
30.175	0.1955068240549679	0.3346999497180237	0.4233714430338066
30.17749999999999	0.1991097420824685	0.2739357757335881	0.4375576055567147
30.18	0.2019268649225632	0.4018616032325494	0.4506018898284448
30.1825	0.2039470746784099	0.3355201662777895	0.4623447098263512
30.185	0.2051623985050629	0.3962564110639175	0.4726241742624046
30.1875	0.2055680400745983	0.1478879786874962	0.4812810383430746
30.19	0.2051623985050626	0.4395243493048192	0.488163277146305
30.1925	0.2039470746784122	0.3318387316245234	0.4931301528823878
30.195	0.201926864922558	0.3791698780509796	0.4960556873781494
30.1975	0.1991097420824674	0.4757586286280843	0.496831488928107
30.2	0.1955068240549737	0.5232387449424178	0.4953689169425031
30.20249999999999	0.1911323299115015	0.3859944018746876	0.4916005967134063
30.205	0.1860035237819149	0.4751109678672339	0.4854813187554646
30.2075	0.1801406467208971	0.5696207277957231	0.4769883718997312
30.21	0.1735668368256931	0.5269019738077947	0.4661213668538302
30.2125	0.1663080379207088	0.5514529628885352	0.452901608448237
30.215	0.1583928971689398	0.5611452823632023	0.437371072198779
30.2175	0.1498526520148906	0.600870544248585	0.4195910364940508
30.21999999999999	0.1407210069045038	0.4639555435193922	0.3996404179696946
30.2225	0.1310340002691961	0.4537634740000727	0.3776138562574549
30.225	0.1208298622985308	0.470301829863509	0.353619596216486
30.22749999999999	0.1101488640633047	0.4475303183337506	0.327777220906764
30.23	0.09903315858382991	0.4042470661943149	0.3002152959862698
30.23249999999999	0.08752661447139128	0.2022909724061241	0.271068994352589
30.235	0.07567464279871912	0.5244153284805355	0.240477776914874
30.2375	0.06352401788339751	0.2066156670762109	0.2085832097461287
30.24	0.05112269269083093	0.2224150229827219	0.1755269982721122
30.2425	0.03851960958599564	0.3591452916077021	0.1414493148965205
30.245	0.02576450718001439	0.08990834977923834	0.1064874873197247
30.2475	0.01290772403490035	0.04332926328314203	0.07077510103681506
30.25	-5.314497626672251e-15	-0.06594331077383928	0.02432952342520234
30.25249999999999	-0.05664877846617623	-0.03463806097915691	-0.03326892882511133
30.255	-0.1130739900843108	-0.1743314832008591	-0.09361288417577149
30.25749999999999	-0.1690529503220727	-0.3588946508920635	-0.1600606260886994
30.26	-0.2243647357979598	-0.2250079529716381	-0.2363407814545544
30.2625	-0.2787910561640499	-0.438880273716086	-0.3264191397026963
30.265	-0.332117115599075	-0.5761402052284635	-0.4339395834768337
30.2675	-0.3841324605085186	-0.47426708968149	-0.5613000200613427
30.27	-0.4346318100898595	-0.7213217793296233	-0.7089997559762721
30.27249999999999	-0.4834158664811635	-0.8724481146230395	-0.8757107470466777
30.275	-0.5302921012992525	-0.9719252017586175	-1.058798634193167
30.2775	-0.5750755154608447	-1.220818188986477	-1.254859154412394
30.28	-0.6175893692900015	-0.9562439963759568	-1.460092438825607
30.2825	-0.6576658800281678	-1.421841882712349	-1.670506393619482
30.285	-0.6951468839969656	-1.46606794140062	-1.882021429381525
30.2875	-0.7298844607969617	-1.597714909446402	-2.090566531619504
30.29	-0.7617415170827411	-1.924225203997773	-2.292160961609353
30.2925	-0.7905923276071334	-1.943686207098903	-2.482874444731717
30.29500000000001	-0.8163230314017843	-2.191176374886038	-2.658660264636667
30.2975	-0.8388320811339259	-2.27875533184068	-2.815258139696438
30.3	-0.858030643867803	-2.721323264590454	-2.948352001187112
30.30249999999999	-0.8738429516472507	-2.612917823403837	-3.05395952156341
30.305	-0.8862066005174386	-2.584439108101075	-3.128878745153859
30.30749999999999	-0.8950727968046456	-2.607083975239235	-3.171022509077436
30.31	-0.9004065496827376	-2.994293173985215	-3.179559183775162
30.3125	-0.9021868092658456	-2.816240501364525	-3.15486982942235
30.315	-0.9004065496827311	-2.889890171813679	-3.098417771131194
30.3175	-0.8950727968046455	-2.725602526178224	-3.012647623247639
30.32	-0.8862066005174385	-2.962082204627054	-2.900897722899752
30.32249999999999	-0.8738429516473014	-2.868968720224666	-2.767166840650847
30.325	-0.8580306438678345	-2.768555264597668	-2.615670127077934
30.3275	-0.8388320811339632	-2.533245690061982	-2.45035850531187
30.33	-0.8163230314017402	-2.374170622953163	-2.27463982267086
30.33249999999999	-0.7905923276071329	-2.177665835010211	-2.091397127010336
30.335	-0.7617415170826857	-2.165527623139313	-1.90324749568996
30.3375	-0.7298844607970215	-1.980104800360992	-1.71288750440867
30.34	-0.695146883996965	-1.809183587721059	-1.523327165616281
30.3425	-0.6576658800282374	-1.646218811079443	-1.337897571584374
30.34500000000001	-0.6175893692899261	-1.446015388279212	-1.16009121097207
30.3475	-0.575075515460844	-1.365118529855629	-0.9933400806817452
30.35	-0.5302921012992518	-1.104526664865628	-0.8407013657635461
30.3525	-0.4834158664813359	-1.052336271962441	-0.7043758847953305
30.355	-0.4346318100899486	-0.9323973210623314	-0.5852404808975142
30.3575	-0.3841324605086105	-0.6449025368294709	-0.4827750388061828
30.36	-0.3321171155989788	-0.5935025764974952	-0.3954437371706006
30.3625	-0.2787910561640491	-0.4601746650676334	-0.3211994207396897
30.365	-0.2243647357978596	-0.1868548668764714	-0.2578416057106238
30.3675	-0.1690529503221726	-0.1240337920646999	-0.2031751759473117
30.36999999999999	-0.1130739900844116	-0.2742010217214819	-0.1550135811078593
30.3725	-0.05664877846638005	0.04105922303617815	-0.1110998574575906
30.375	-4.411622646484232e-15	0.03471255793698386	-0.06903161099248031
30.37749999999999	0.05664877846626888	0.09640900526788523	-0.0262607272304818
30.38	0.1130739900843011	0.2357029997884897	0.01981239526688702
30.3825	0.1690529503220632	0.3565418148278391	0.07168551017736063
30.385	0.2243647357979504	0.5414213138055417	0.1315908717170601
30.3875	0.2787910561640407	0.5254147330408272	0.2013412129548942
30.39	0.3321171155990659	0.494384915716364	0.282177312326981
30.3925	0.3841324605086026	0.5138987047776798	0.3746160970650422
30.395	0.4346318100900308	0.832208215952082	0.478337065379458
30.3975	0.4834158664812419	0.8722446691559831	0.592175687512057
30.4	0.5302921012992446	1.06875149105477	0.7142706829608918
30.4025	0.5750755154608372	1.028901929460443	0.8423389016175789
30.405	0.6175893692899944	1.03667135370537	0.9739519594578946
30.4075	0.6576658800281611	1.277188392306575	1.106512636716082
30.41	0.6951468839969593	1.404182354009077	1.236485906126182
30.4125	0.729884460796956	1.456055503605189	1.358361846984739
30.415	0.7617415170827359	1.485908709214394	1.465363500986683
30.4175	0.7905923276071286	1.520172998362838	1.551771968829095
30.41999999999999	0.8163230314017363	1.499188531456003	1.614160001683322
30.4225	0.8388320811338845	1.726874676403421	1.650922873872155
30.425	0.8580306438678	1.373088375313413	1.66146800109366
30.42749999999999	0.8738429516472481	1.545529604855699	1.64608430580541
30.43	0.8862066005174367	1.507765054093045	1.606576968879227
30.4325	0.8950727968046444	1.272813193677638	1.547057706592574
30.435	0.900406549682737	1.308747538373218	1.473892782241042
30.4375	0.9021868092658456	1.466694563323625	1.394493651433491
30.44	0.9004065496827317	1.309506492079803	1.315863801685571
30.4425	0.8950727968046466	1.352228670417985	1.243768590274337
30.44500000000001	0.8862066005174211	1.1850921770065	1.182531645032907
30.4475	0.8738429516472528	1.441337018072894	1.135105143472739
30.45	0.8580306438678375	1.18638872503191	1.1031733721647
30.45249999999999	0.8388320811339669	1.114805265279478	1.087202741596038
30.455	0.8163230314017443	1.231593025743816	1.086445891188625
30.4575	0.7905923276071376	1.38984221419568	1.098973561875562
30.46	0.7617415170826909	1.434743655070629	1.121828622260341
30.4625	0.7298844607969669	1.221711534343144	1.151333240345242
30.465	0.6951468839969058	1.199215906333492	1.183479989742335
30.4675	0.657665880028244	1.463972054570901	1.214306904282416
30.47	0.617589369290008	1.293241935993492	1.240206175767535
30.4725	0.5750755154609306	1.353811646311735	1.258144959246126
30.475	0.5302921012992596	1.343884053288644	1.265750148165068
30.4775	0.4834158664813442	1.285377974452671	1.261223659633487
30.48	0.4346318100899572	1.050616624397026	1.243125976360476
30.48249999999999	0.3841324605086193	1.137651005400127	1.210113744670686
30.485	0.3321171155989878	1.24864022846839	1.160730468577156
30.4875	0.2787910561640584	0.9330107191976221	1.093332067578636
30.49	0.224364735797869	0.8873953767799885	1.006178545551107
30.4925	0.1690529503221821	0.7210978273603887	0.8976866187337417
30.495	0.1130739900843195	0.5422973888520201	0.7668377884879067
30.4975	0.05664877846628739	0.3375155054891315	0.6136558519540639
30.5	1.312417299215728e-14	0.4094335917077286	0.4408110638435414
30.5025	-0.05258748674462907	0.1012507993571799	0.2509996556184101
30.505	-0.1049674347041223	0.1099497768779553	0.04587447293474792
30.50749999999999	-0.1569331241537094	-0.329061055470575	-0.1719556475782507
30.51	-0.2082794702583737	-0.3780981705234847	-0.4002444988064929
30.5125	-0.258803832447674	-0.709633160978204	-0.6369177282526222
30.515	-0.308306814146617	-0.8260711702822552	-0.8797902805948433
30.5175	-0.356593049702019	-1.166256166924639	-1.126287055229301
30.52	-0.4034719754020329	-1.358821793575511	-1.373184584118681
30.52249999999999	-0.4487585815440342	-1.529155367409305	-1.616408776359465
30.525	-0.492274142583054	-1.541120884786484	-1.851106134765921
30.5275	-0.5338469224798827	-1.933225358332197	-2.072243982892727
30.53	-0.5733128524652139	-1.847513957770143	-2.275306511647484
30.53249999999999	-0.6105161785435215	-2.216000113285131	-2.456365106499271
30.535	-0.6453100761834303	-2.159628827167927	-2.611924540963557
30.5375	-0.6775572297667759	-2.277192031859912	-2.739155431316076
30.54	-0.707130374510739	-2.411385129141315	-2.836256327817752
30.5425	-0.7339127987235929	-2.670805157799944	-2.902530216793134
30.54500000000001	-0.7577988044127919	-2.703512135023591	-2.938166599858103
30.5475	-0.7786941244262722	-2.418072486081844	-2.943959895770906
30.55	-0.7965162944821209	-2.687346855096972	-2.92115024048345
30.55249999999999	-0.8111949786173671	-2.465326589472191	-2.871439702654376
30.555	-0.8226722467717648	-2.657130688866784	-2.797119013282902
30.5575	-0.8309028034113319	-2.577550287671367	-2.701148768075286
30.56	-0.8358541662892256	-2.293603857827044	-2.587036767891649
30.5625	-0.8375067946382113	-2.248166027050477	-2.458504374257215
30.565	-0.8358541662892217	-2.350370457234407	-2.319122341520371
30.5675	-0.8309028034113363	-2.105323908994447	-2.172113979508259
30.56999999999999	-0.8226722467717713	-2.147109393771721	-2.020385247100375
30.57249999999999	-0.8111949786173995	-1.933185725400833	-1.866707494513812
30.575	-0.7965162944821318	-1.70007954751021	-1.71391709294482
30.57749999999999	-0.7786941244262852	-1.66562728868689	-1.565014954510474
30.58	-0.7577988044127664	-1.784884164293177	-1.423133377768309
30.5825	-0.7339127987236099	-1.582190120472928	-1.291399235632404
30.585	-0.7071303745107069	-1.496784967880036	-1.172700950565003
30.5875	-0.6775572297667967	-1.29538349786817	-1.069354024350161
30.59	-0.6453100761833921	-1.385120587236877	-0.9827508125044329
30.5925	-0.6105161785435456	-1.355673284259291	-0.9131712187999116
30.595	-0.5733128524651703	-1.311812774470038	-0.859853685195166
30.5975	-0.5338469224799098	-1.230357035625039	-0.8212467036923153
30.6	-0.4922741425830826	-1.053127728612257	-0.7952856242492875
30.6025	-0.4487585815442248	-1.12331735706559	-0.7795940843613297
30.605	-0.4034719754021472	-1.016629537434876	-0.7715890879966947
30.60749999999999	-0.3565930497020509	-1.011947523969499	-0.7685111827083501
30.61	-0.3083068141465612	-1.01219770821642	-0.767411559755083
30.6125	-0.2588038324477075	-1.074507877912072	-0.7651404915320834
30.615	-0.2082794702583156	-0.7925339187760466	-0.7583977793119371
30.6175	-0.1569331241537441	-0.7913115319166663	-0.7438873441805255
30.61999999999999	-0.1049674347041572	-0.8018870369661925	-0.7185524575575145
30.6225	-0.05258748674475931	-0.8109845648783902	-0.6798034748582882
30.625	-2.215300352988767e-14	-0.5915133780766022	-0.6256458654439221
30.62749999999999	0.05258748674462006	-0.5207214644762833	-0.5546829382801292
30.63	0.1049674347041133	-0.3842106688197419	-0.4660603018910614
30.6325	0.1569331241537005	-0.1835184702425813	-0.359473626120823
30.635	0.2082794702583649	-0.1168978602088288	-0.2353243693099387
30.6375	0.2588038324476654	0.006472056489773448	-0.09496584043273101
30.64	0.3083068141466086	0.1639317015164124	0.05917741118325945
30.6425	0.3565930497020108	0.3942665592143033	0.2238208868603461
30.64500000000001	0.4034719754021918	0.6227946893593066	0.3953306009283817
30.6475	0.448758581544107	0.6726958693910012	0.5702903935937111
30.65	0.4922741425830467	0.9995350285320734	0.7458582926824402
30.65249999999999	0.5338469224798758	1.101422652537523	0.9195975824816581
30.655	0.5733128524652075	1.128660490340316	1.088426966164309
30.6575	0.6105161785435151	1.544112806970058	1.246913250196835
30.66	0.6453100761834852	1.546904980520959	1.386921504548613
30.6625	0.6775572297667707	1.683142434849702	1.500788461090728
30.665	0.7071303745107342	1.644227099820506	1.584680629852241
30.6675	0.7339127987235886	1.827863859165253	1.638070545081202
30.67	0.7577988044127475	1.72398071871632	1.661172177790738
30.6725	0.7786941244261988	1.411686508500521	1.654035331539236
30.675	0.7965162944821181	1.512251670016133	1.617670925666533
30.6775	0.8111949786173649	1.28309196023206	1.555586267435748
30.68	0.8226722467717631	1.34719562633965	1.474310112457784
30.68249999999999	0.8309028034113307	1.275595197040322	1.382198906056153
30.685	0.8358541662892249	1.018451656069385	1.28753241088194
30.6875	0.8375067946382113	1.057877400147215	1.197324572159349
30.69	0.8358541662892224	0.931406567595909	1.117035701557539
30.6925	0.8309028034113374	0.9463171664392068	1.050705834701005
30.69500000000001	0.8226722467717551	1.118985408373735	1.001159010031664
30.6975	0.8111949786173781	1.048609674386085	0.9701354848838133
30.7	0.7965162944821346	0.8582098873584975	0.9582928887123897
30.7025	0.7786941244262885	1.012043639639319	0.965076671700719
30.705	0.7577988044127701	0.8349949671468038	0.9885703324766207
30.7075	0.7339127987236143	1.183466436321166	1.025526094607297
30.71	0.7071303745107118	1.193563833738662	1.071687674487922
30.7125	0.677557229766802	1.387574989508457	1.122281715411222
30.715	0.6453100761833979	1.202278738536124	1.172459337984435
30.7175	0.6105161785435518	1.575980897904	1.217648629516515
30.72000000000001	0.5733128524651768	1.659325374965158	1.25391921604262
30.7225	0.5338469224799168	1.605074695226603	1.278264483768499
30.72500000000001	0.4922741425830128	1.407329062509307	1.288588265638943
30.7275	0.4487585815440717	1.292176156872438	1.283418417823013
30.73	0.4034719754020717	1.316385389458864	1.261533227813466
30.73249999999999	0.3565930497020591	1.349969546301346	1.22165814964442
30.735	0.3083068141465696	0.9984767207208545	1.162349779786949
30.7375	0.2588038324477162	0.9962660644474131	1.082124832851632
30.74	0.2082794702583243	0.8707423819402494	0.9798012702343122
30.7425	0.1569331241537529	0.661747421490642	0.8549545527579939
30.745	0.1049674347039773	0.5114341350869218	0.7083072232500431
30.7475	0.0525874867446733	0.3105840895534728	0.5417691999969241
30.75	3.672502342571776e-15	-0.01639480050995672	0.3730228271998738
30.7525	-0.006193595535167922	-0.1932058797186278	0.2080192924213171
30.755	-0.012362747778358	-0.4567634082963178	0.03847290767989756
30.7575	-0.01848310990404695	-0.6893522287381605	-0.1313754923778656
30.76	-0.02453052763909636	-0.9551331595872693	-0.2979701133510385
30.7625	-0.03048113458847538	-1.158858524624116	-0.4580773934499741
30.765	-0.03631144642514999	-1.181888911708124	-0.6084904650023057
30.7675	-0.04199845357189588	-1.282887303929652	-0.7457941821533345
30.77	-0.04751971200967176	-1.548456727757522	-0.866221557018421
30.7725	-0.05285343185382683	-1.432947807024698	-0.9657243475133152
30.77500000000001	-0.05797856334890026	-1.383298225092828	-1.040437417875995
30.7775	-0.06287487994230367	-1.558968461028983	-1.087516617262094
30.78	-0.0675230581093844	-1.568709201768599	-1.105932066214
30.7825	-0.0719047536144585	-1.296926092721891	-1.096728160114433
30.785	-0.07600267390718088	-1.490306135949771	-1.062596258701304
30.7875	-0.07980064636829647	-1.269565925788314	-1.007038159298945
30.79	-0.08328368213565722	-1.013658922482461	-0.9336211965402141
30.7925	-0.08643803525831734	-0.7902903659478855	-0.845642715509675
30.795	-0.0892512569455999	-0.7128591740944806	-0.7462256306736381
30.7975	-0.0917122446967338	-0.4710701253839089	-0.6386569343490642
30.8	-0.09381128611738904	-0.3942047518898881	-0.5266095745527203
30.80249999999999	-0.09554009725003633	-0.2944844612688543	-0.4139471063479244
30.805	-0.09689185526696215	0.001815413934714259	-0.3042236951350233
30.8075	-0.09786122539682485	0.1565712140018031	-0.2002860484261341
30.81	-0.09844438197858844	0.1984091795866151	-0.1042139657453402
30.8125	-0.09863902355964149	0.3796226487466909	-0.01751103208433341
30.815	-0.09844438197858757	0.5256063134929218	0.05867177641883485
30.8175	-0.09786122539682592	0.6710988177480928	0.1234003232825689
30.82	-0.09689185526696162	0.6160734448223693	0.1758858787994434
30.8225	-0.09554009725003841	0.6321387127410915	0.215424604600239
30.825	-0.09381128611738469	0.5715380435358206	0.2413589327373194
30.8275	-0.09171224469672863	0.6094655118300742	0.25311925938387
30.83	-0.08925125694559871	0.5017930658875918	0.2503775353466626
30.8325	-0.08643803525832139	0.3841942356904468	0.2332595371764392
30.835	-0.08328368213565572	0.3667936175405727	0.202500717016745
30.8375	-0.0798006463683014	0.2851551823073695	0.1594677199193547
30.84	-0.07600267390717194	0.183185141105632	0.1060589251555656
30.8425	-0.07190475361445658	0.2416907052180075	0.04454419116723549
30.845	-0.06752305810938236	-0.08922987706195383	-0.02260135629742926
30.8475	-0.06287487994230152	-0.1781468001156032	-0.09283303414605501
30.85	-0.05797856334888891	-0.5021657751866534	-0.1636260630813766
30.85249999999999	-0.05285343185382446	-0.5924842725512238	-0.2325244745190119
30.855	-0.04751971200965947	-0.763278651289486	-0.2971691209457152
30.85749999999999	-0.04199845357190348	-1.083666937502757	-0.3553274289664513
30.86	-0.03631144642514739	-0.8840635783790369	-0.4049428304887583
30.8625	-0.03048113458848338	-1.059895199488733	-0.4442124325555037
30.865	-0.02453052763909364	-1.020085869499332	-0.4716874429192348
30.8675	-0.01848310990405521	-1.144656500258088	-0.4863737246270524
30.87	-0.01236274777834409	-1.173594034430349	-0.4877988070625616
30.8725	-0.006193595535176314	-1.03380504823603	-0.4760197487292909
30.875	6.478067900632925e-15	-1.020649775247369	-0.4515739665744101
30.8775	0.006193595535178053	-1.143802157532498	-0.4154027174555004
30.88	0.01236274777835695	-0.7456580576629075	-0.3687816097099327
30.88249999999999	0.01848310990405692	-0.9493870878187388	-0.313271135368102
30.885	0.02453052763910619	-0.5557049269876645	-0.2506712492166447
30.8875	0.03048113458847437	-0.6503115727747244	-0.1829525529245003
30.89	0.036311446425149	-0.3263886966641635	-0.1121534609847675
30.8925	0.04199845357189491	-0.2721608871067502	-0.04026210604575008
30.89500000000001	0.04751971200967083	-0.2243329876642387	0.0308835769029507
30.8975	0.05285343185382594	0.2321071671929153	0.09965403644190506
30.9	0.05797856334888126	0.2524430944375833	0.164642582824852
30.9025	0.06287487994229422	0.4218458816107766	0.2246507448271744
30.905	0.06752305810938362	0.600550168197667	0.2786638652494359
30.9075	0.07190475361445778	0.4924662419844116	0.3258317471599241
30.91	0.0760026739071802	0.8809672232694675	0.3654616756953647
30.9125	0.07980064636829584	0.9570991391693199	0.3970256246173488
30.915	0.08328368213565665	0.8958900861284453	0.4201797757914705
30.9175	0.08643803525831682	0.845480594144596	0.4347898594835499
30.92000000000001	0.08925125694559946	1.010654560547432	0.4409511398148727
30.9225	0.0917122446967334	1.10504892856201	0.4389923313439325
30.925	0.09381128611739216	0.9129308978229095	0.4294602756633629
30.9275	0.09554009725004163	0.5893799759325072	0.4130909303295134
30.93	0.09689185526696195	0.6238771895363726	0.390775070413987
30.93249999999999	0.09786122539682472	0.5649971485651305	0.3635238547179149
30.935	0.09844438197858837	0.421785670446105	0.3324350168640186
30.9375	0.09863902355964149	0.4244116603334553	0.2986585739006322
30.94	0.09844438197858763	0.2366989442012327	0.2633615498454728
30.9425	0.09786122539682604	-0.02654369593245114	0.2276924553406807
30.945	0.09689185526696183	-0.2041436576692962	0.1927468313289533
30.9475	0.09554009725003867	-0.1534822149403197	0.159534919791735
30.95	0.09381128611738848	-0.4548980899557002	0.1289520128539544
30.9525	0.09171224469673314	-0.4514906078599455	0.1017518146110807
30.955	0.0892512569455944	-0.6028958579568352	0.07852345564780999
30.95749999999999	0.08643803525832192	-0.6580784336801142	0.05967346415124532
30.96	0.08328368213565629	-0.6715681678283787	0.04541457691567311
30.9625	0.07980064636830203	-0.6647615282331416	0.03576328819436309
30.965	0.07600267390717262	-0.6649880349419579	0.03054726816655443
30.9675	0.0719047536144573	-0.5326638415748346	0.02942245339871775
30.97000000000001	0.06752305810937495	-0.591755960685462	0.03189823756499409
30.9725	0.06287487994230234	-0.5535859782589041	0.03736824670645157
30.975	0.05797856334888071	-0.4038041486907781	0.04514384733226558
30.9775	0.0528534318538159	-0.3603108637116787	0.0544877079730527
30.98	0.0475197120096604	-0.28549077760649	0.06464522130374856
30.9825	0.04199845357190445	-0.06772075819796164	0.07487224196001245
30.985	0.03631144642514837	0.04211825365433394	0.08445830487811454
30.9875	0.03048113458848439	0.04160386460513071	0.09274516979822034
30.99	0.02453052763909467	0.2516189710467028	0.09914109103163754
30.9925	0.01848310990405625	0.1455535109737887	0.1031315551980921
30.995	0.01236274777834515	0.2311892328846169	0.1042873289670117
30.9975	0.006193595535166184	0.6374478916034705	0.1022705390961207
31.0	-4.965880089432693e-14	0.6013877059082179	0.1106860017397003
31.00249999999999	0.05303530278274732	0.6570582026728077	0.1300421670081352
31.005	0.1058612994550813	0.66764552561112	0.1478827026980613
31.0075	0.1582695099417979	0.6746335426794414	0.1675178052217173
31.01	0.2100531029793289	0.6198330473401961	0.1921770149017953
31.0125	0.2610077123833501	0.6369483846021797	0.2248002948382062
31.015	0.3109322435898585	0.607180714439099	0.2678943839680048
31.0175	0.3596296672822573	0.7763034810194099	0.3233996955098918
31.02	0.406907796977145	0.4121603595285724	0.3925245405199097
31.0225	0.4525800474957677	0.5955427568941061	0.4755601099455038
31.02500000000001	0.4964661713311598	0.6675881493630975	0.5717609120185623
31.0275	0.5383929700019731	0.8499980367261183	0.6793981121163106
31.03	0.578194977588619	0.8775986406673496	0.7960213335009174
31.0325	0.6157151137508833	0.7443561844408563	0.9188357958564501
31.035	0.6508053036527144	0.735346403679293	1.044952329297897
31.0375	0.6833270623456259	0.9331792685620516	1.171081190251835
31.04	0.7131520413059523	1.098901070078115	1.292530063229783
31.0425	0.74016253496732	1.262758074724967	1.40288679972644
31.045	0.7642519452513635	1.461976730527391	1.495727807399362
31.0475	0.7853252022609577	1.558990322568364	1.566564254856915
31.05	0.8032991394781877	1.536520183801979	1.613087694596311
31.05249999999999	0.8181028219843437	1.537610617078356	1.634325544317206
31.055	0.829677826407805	1.659058641980607	1.630095230854506
31.0575	0.8379784714941572	1.556691661904578	1.60130484385011
31.06	0.8429719983894781	1.614070358732803	1.550728855009931
31.0625	0.8446386999244198	1.797128447260055	1.483372082218222
31.065	0.8429719983894729	1.502191419777128	1.405764242136916
31.0675	0.8379784714941707	1.54916706619587	1.324624443559966
31.07000000000001	0.8296778264078073	1.399768973305135	1.245828450721571
31.0725	0.8181028219843706	1.468099645007118	1.173993006850725
31.075	0.8032991394781618	1.370636190969613	1.112451528961069
31.0775	0.785325202260927	1.272097816284709	1.063364771267084
31.08	0.7642519452513279	1.152010203236756	1.027838552417055
31.0825	0.7401625349673723	0.9575567117469236	1.006004979254581
31.085	0.7131520413059076	0.9002161641108375	0.9970704550859906
31.0875	0.6833270623456331	1.032440410346196	0.9993740840747671
31.09	0.6508053036526612	1.145731502634785	1.010518143511156
31.0925	0.6157151137508918	0.8319776054206051	1.027597252691033
31.09500000000001	0.5781949775885581	1.077503956848586	1.04748375421291
31.0975	0.5383929700019826	1.005141128926294	1.067087427639627
31.1	0.4964661713310922	1.012392819291342	1.08353246320567
31.1025	0.4525800474957781	1.177014030723864	1.094246869076789
31.105	0.4069077969770716	0.9004395350601686	1.096976549592707
31.10749999999999	0.3596296672822685	1.028423502963315	1.089720904040316
31.11	0.3109322435897807	0.9899642375937214	1.070591156194643
31.1125	0.2610077123834532	0.9941843069669829	1.037622331381838
31.115	0.210053102979248	0.9699692302014523	0.9885933990689302
31.1175	0.1582695099418101	0.8991138618248373	0.9209206832289816
31.12	0.1058612994549983	0.7414489144114625	0.8317239997984435
31.1225	0.05303530278275969	0.4929863585783409	0.7182620460510635
31.125	-1.332840879324544e-13	0.6304992045480978	0.5788888670856321
31.1275	-0.05303530278283405	0.4040157877375642	0.4140453286982486
31.13	-0.1058612994550723	0.4310524698018307	0.2262597964287913
31.13249999999999	-0.158269509941789	0.2639506758820142	0.0191010104183531
31.135	-0.2100531029793201	0.1105348005850103	-0.2038730100671522
31.1375	-0.2610077123833414	-0.2947696689690578	-0.4395290441927638
31.14	-0.3109322435898501	-0.4525884617248356	-0.6850657018007523
31.1425	-0.3596296672822491	-0.6300077553003698	-0.9377345328262684
31.145	-0.406907796977137	-0.7535651520698171	-1.194546876897963
31.1475	-0.45258004749576	-1.160263243149116	-1.451984781388234
31.15	-0.4964661713310747	-1.371840502528155	-1.705740637401998
31.1525	-0.538392970001892	-1.621740840007372	-1.95073225810191
31.155	-0.5781949775886124	-1.837330394786189	-2.181672038776078
31.15749999999999	-0.6157151137508772	-1.869864273529956	-2.393685048927752
31.16	-0.6508053036527087	-2.373197298610438	-2.582265792820504
31.1625	-0.6833270623456206	-2.554945160374091	-2.743167316095501
31.165	-0.7131520413059474	-2.42787950802197	-2.872858623418292
31.1675	-0.7401625349673155	-2.550916390923082	-2.969107852856296
31.17000000000001	-0.7642519452513595	-2.800240394398981	-3.031127118944635
31.1725	-0.7853252022609544	-2.897414351497063	-3.059279578451042
31.175	-0.8032991394782144	-3.079204996069953	-3.054682477399338
31.1775	-0.8181028219843892	-2.769937070324668	-3.018978276975987
31.18	-0.8296778264078033	-3.073438475913946	-2.954351981138887
31.1825	-0.8379784714941559	-3.007530489608389	-2.863686046340913
31.185	-0.8429719983894776	-2.889407078515215	-2.750609990012537
31.1875	-0.8446386999244198	-2.72605797128422	-2.619249157049176
31.19	-0.8429719983894735	-2.668320321328349	-2.473749313760055
31.1925	-0.8379784714941598	-2.554198173055675	-2.317872394924657
31.195	-0.829677826407791	-2.320933315659311	-2.15487777284549
31.1975	-0.8181028219843729	-2.030784689481068	-1.987685790231962
31.2	-0.8032991394781942	-2.008301809923652	-1.819174375599225
31.20249999999999	-0.7853252022609657	-1.750725989713255	-1.652415295559384
31.205	-0.7642519452513317	-1.704825060698675	-1.490733420173387
31.2075	-0.7401625349673766	-1.40055867841097	-1.337618131186717
31.21	-0.7131520413059124	-1.218655133252554	-1.196547969616432
31.2125	-0.6833270623456386	-1.219615613737491	-1.070691958850462
31.215	-0.650805303652667	-1.014881071426571	-0.9624599672865874
31.2175	-0.615715113750898	-0.9855800187161985	-0.8730734574170522
31.22	-0.5781949775885648	-1.008973414834917	-0.8024316545369501
31.2225	-0.5383929700019897	-0.8751703544483854	-0.7493302756146213
31.225	-0.4964661713310218	-0.71514349997887	-0.7118324824440447
31.2275	-0.4525800474957048	-0.8050730924932993	-0.6875874284441506
31.23	-0.4069077969770796	-0.8910174321592913	-0.6740126204902512
31.23249999999999	-0.3596296672822767	-0.6230273796556391	-0.6683504950584273
31.235	-0.3109322435897892	-0.5037393042823377	-0.6676505083768115
31.2375	-0.2610077123834619	-0.5096248482645038	-0.6687293693483936
31.24	-0.2100531029792568	-0.3880939657301378	-0.6681672400844523
31.2425	-0.158269509941819	-0.4510916981613662	-0.6624021097076479
31.245	-0.1058612994550074	-0.5255163538924166	-0.6479407952011778
31.2475	-0.05303530278276878	-0.4651740234847306	-0.621625315043588
31.25	4.284974805343665e-14	-0.6262209348096965	-0.6080279768151117
31.25249999999999	-0.03348374113240319	-0.3502690634967634	-0.6055615008124928
31.255	-0.06683533723592612	-0.3999401862543154	-0.5899194467918223
31.2575	-0.09992316479747966	-0.4659905098975952	-0.5650539451849239
31.26	-0.1326166412781883	-0.2464480141064073	-0.5347342534511896
31.2625	-0.164786740462493	-0.3229104904295502	-0.5024574551400828
31.265	-0.1963065016661498	-0.2527436972616957	-0.4713919218075749
31.2675	-0.2270515307915281	-0.2341067296946722	-0.4443278381709482
31.27000000000001	-0.25690049125496	-0.2880916339684451	-0.4236854409093286
31.2725	-0.2857355828460248	-0.02672888615239316	-0.4116047871950558
31.27500000000001	-0.313443006631817	-0.06230222452883125	-0.4100891609243043
31.2775	-0.3399134140688717	-0.2433402563826309	-0.4211380481102561
31.28	-0.3650423385522207	-0.2760543105524238	-0.4467818242218481
31.2825	-0.3887306076973328	-0.2923078688294426	-0.4889296057543965
31.285	-0.4108847347280252	-0.3429141584222581	-0.549020454405109
31.2875	-0.4314172874260853	-0.5588428077226375	-0.6276305341506025
31.29	-0.4502472331865191	-0.66650629096968	-0.7242640541869179
31.2925	-0.4673002588158968	-0.7531281115258115	-0.8374050451615548
31.29500000000001	-0.4825090638129687	-0.8992721112261262	-0.9647065263125901
31.2975	-0.4958136259725662	-0.9933706743669081	-1.103167670805155
31.3	-0.5071614382661507	-1.244357129357942	-1.249250329051673
31.3025	-0.5165077160629217	-1.345018683210263	-1.398969724157452
31.305	-0.5238155738743351	-1.531827333410062	-1.548022135478047
31.30749999999999	-0.5290561709242178	-1.589643982131335	-1.691990416428949
31.31	-0.5322088249702527	-1.749057704710097	-1.826588537062077
31.3125	-0.5332610939272082	-1.931361315067434	-1.947847036621686
31.315	-0.5322088249702508	-1.968137639174749	-2.052216106491693
31.3175	-0.5290561709242216	-2.135004036396198	-2.136663440134916
31.32000000000001	-0.5238155738743181	-2.322712960018653	-2.198795428001636
31.3225	-0.5165077160629293	-2.179163664856334	-2.236931133013836
31.325	-0.5071614382661414	-2.227298154380392	-2.25007473913306
31.3275	-0.4958136259725551	-2.353144600376496	-2.237829770423027
31.33	-0.4825090638129561	-2.17992419602872	-2.200351715932652
31.3325	-0.4673002588159116	-2.223216367206224	-2.138394602458006
31.335	-0.4502472331865031	-2.11430757021038	-2.053412608281566
31.3375	-0.4314172874261034	-2.071820094146058	-1.947600151377968
31.34	-0.4108847347280062	-1.913004138068862	-1.823746904829258
31.3425	-0.388730607697354	-1.606561995107594	-1.684886060218527
31.34500000000001	-0.365042338552199	-1.610833134154477	-1.533890453022451
31.3475	-0.3399134140688019	-1.408182214554013	-1.373264508105235
31.35	-0.3134430066317929	-1.288047340744904	-1.205295393095616
31.3525	-0.2857355828460508	-1.130219397122346	-1.032489884182471
31.355	-0.2569004912549339	-0.8545459216329038	-0.8579242474127429
31.35749999999999	-0.227051530791556	-0.7340987430173811	-0.685124664392851
31.36	-0.1963065016660657	-0.4935588447365923	-0.5175326860501502
31.3625	-0.1647867404625223	-0.3425734601367794	-0.357945619502097
31.365	-0.1326166412781594	-0.1887919282572373	-0.2082482441323979
31.3675	-0.09992316479750994	0.1244200704363175	-0.069510144077405
31.37	-0.06683533723589655	0.2588342102368022	0.05771903598088507
31.3725	-0.03348374113243395	0.3669228275850195	0.1731526678826376
31.37500000000001	7.265090924619057e-14	0.4518912607329364	0.2766371091910215
31.3775	0.03348374113251847	0.7557212716302034	0.3681018100901437
31.38	0.0668353372359204	0.7513857850065748	0.4475374413064294
31.3825	0.09992316479747403	0.9024829111552924	0.5149993596077482
31.385	0.1326166412781827	0.9418170013602326	0.5706651683840354
31.3875	0.1647867404624875	0.6193552704062587	0.614960195895651
31.39	0.1963065016661444	0.8218446780508103	0.6486979064237565
31.3925	0.2270515307915229	0.8908431155315264	0.6731291264717667
31.395	0.256900491254955	0.8316443507262813	0.6898520261163843
31.3975	0.28573558284602	0.9313356913881922	0.7006493253289642
31.4	0.3134430066317633	0.673802464184049	0.7073448928057092
31.4025	0.3399134140687738	0.7203245055167061	0.7117126979256334
31.405	0.3650423385522165	0.8812902675545474	0.7154225672631805
31.4075	0.3887306076973289	0.5673924545227195	0.7199995921327231
31.41	0.4108847347280215	0.492223279781312	0.7267844080914732
31.4125	0.4314172874260819	0.8117703794175736	0.7368909988052369
31.415	0.450247233186516	0.7988983254930668	0.7511634443075044
31.4175	0.4673002588159232	0.5186807809066005	0.770135455924767
31.42	0.4825090638129921	0.6602326339191378	0.7939985219737938
31.4225	0.495813625972564	0.706309064138057	0.8225858614978445
31.425	0.5071614382661676	0.5987566083428444	0.8553786802454393
31.4275	0.5165077160629353	0.717824110941105	0.8915374624646665
31.43	0.523815573874334	0.7671163932582254	0.9299552807283304
31.4325	0.529056170924217	0.9329789310625155	0.9693254411062697
31.435	0.5322088249702523	1.038967255052321	1.008215214254885
31.4375	0.5332610939272082	1.047958972843859	1.045141035242103
31.44	0.5322088249702512	1.068698048276509	1.078644510610852
31.4425	0.5290561709242223	1.175866022858509	1.107368029765973
31.445	0.5238155738743192	1.262379808737474	1.130123608773821
31.4475	0.5165077160629308	1.21711861565412	1.145944689075438
31.45	0.5071614382661619	1.234566313611106	1.154113308159545
31.45249999999999	0.4958136259725796	1.16021806228649	1.154162749699249
31.455	0.4825090638129585	1.222033813437512	1.145862413933026
31.4575	0.4673002588159144	1.39156683052969	1.129193629272388
31.46	0.4502472331864737	1.281365076781459	1.10432340492085
31.4625	0.4314172874261068	1.267589849552498	1.071580087387304
31.465	0.4108847347280098	1.24122358937582	1.031431770315354
31.4675	0.3887306076973579	0.8415084698316703	0.984465605641065
31.47	0.3650423385522032	0.9326356803559765	0.9313647022684703
31.4725	0.3399134140688064	1.029074819058033	0.8728798978019215
31.475	0.3134430066316994	0.8070423489909251	0.809796095168703
31.4775	0.2857355828460045	0.4883794893933646	0.7428956344359618
31.48	0.2569004912549389	0.4525391811683711	0.6729227769327968
31.48249999999999	0.2270515307915612	0.2955550698100325	0.6005532159502529
31.485	0.1963065016660711	0.2233560573355843	0.5263710615554024
31.4875	0.1647867404624701	0.1409051824724135	0.4508538905260232
31.49	0.132616641278165	0.1381475910802969	0.3743649453331005
31.4925	0.0999231647975156	-0.0819836054899436	0.2971507449734331
31.495	0.06683533723590225	-0.07394722483852528	0.2193422571236885
31.4975	0.03348374113243969	-0.03197532981305171	0.1409582433235305
31.5	8.684027057621024e-15	-0.1137060803741549	0.08030070485235605
31.50249999999999	0.04632172626681007	-0.4601982359703612	0.0385987577248532
31.505	0.09246064184258732	-0.339178639231939	9.948185131974235e-05
31.50749999999999	0.1382346575061777	-0.4231020581936146	-0.03061208822008609
31.51	0.1834631241300806	-0.2406982693049068	-0.04940899589896854
31.5125	0.2279675456192889	-0.3395721066176168	-0.05264002084924056
31.515	0.2715722833544815	-0.1930210055472827	-0.0371727250763883
31.5175	0.3141052493566937	-0.3353550763259891	-0.0005353962211521734
31.52000000000001	0.3553985854408859	-0.1880579131654638	0.05880147301101956
31.5225	0.3952893256744374	-0.07929379809308955	0.1410422596731275
31.525	0.4336200395301358	0.1386874650805885	0.2447434926117028
31.5275	0.4702394531918916	0.1463096372729815	0.3668102142191877
31.53	0.5050030465638715	0.513022174086433	0.5029612015757036
31.5325	0.5377736236249542	0.3735955374403228	0.648512967070727
31.535	0.568421853879104	0.8211227747823524	0.7991347268347182
31.5375	0.5968267827631807	1.090566930877586	0.9511745496070393
31.54	0.6228763089999588	1.256436638819136	1.100973948469495
31.5425	0.646467627010184	1.380051285025728	1.243072736685333
31.54500000000001	0.6675076326396031	1.58708266818568	1.369650018040275
31.5475	0.6859132905981541	1.758187813035333	1.473308921579009
31.55	0.7016119621627269	1.678553123798864	1.549965704431206
31.55249999999999	0.7145416918486612	1.793388293685771	1.598533327956089
31.555	0.7246514519199342	1.660715254446088	1.618881374590709
31.55749999999999	0.7319013437722073	1.718297774910303	1.61094939823761
31.56	0.7362627553945528	1.829748111357156	1.575589429608687
31.5625	0.7377184742878049	1.548626544620367	1.515772729864039
31.565	0.7362627553945522	1.234305989437953	1.436850675178713
31.5675	0.7319013437722166	1.070506935729028	1.345620554700842
31.57	0.7246514519199168	1.169840988594806	1.248977311395703
31.5725	0.7145416918486589	0.849604376706177	1.152970752356101
31.57500000000001	0.701611962162698	0.91004622316825	1.062441174271938
31.5775	0.6859132905981506	0.6984128501942766	0.9810109072594014
31.58	0.6675076326395634	0.5783973624776078	0.9112104308414681
31.58249999999999	0.6464676270101795	0.5089571923595723	0.8546314876337706
31.585	0.6228763089999089	0.4604583647332577	0.8120616822264671
31.5875	0.5968267827632245	0.3672605764748612	0.7835681029197112
31.59	0.5684218538790982	0.5583370666502074	0.768511226634191
31.5925	0.5377736236250051	0.6790193879931788	0.7655142152369471
31.59500000000001	0.5050030465638035	0.600965743415372	0.7724684778707545
31.5975	0.4702394531918197	0.768313455175744	0.7866641761242051
31.6	0.4336200395301282	0.8390040214602328	0.8050573264527968
31.6025	0.3952893256745002	1.025538342409937	0.8245773060390592
31.605	0.3553985854408777	0.9304937639610918	0.8423471558189062
31.6075	0.314105249356761	1.146656569925895	0.8557640673046952
31.61	0.2715722833543948	1.243514703627491	0.8624760299959776
31.6125	0.22796754561928	1.271212758397336	0.860304406168142
31.615	0.1834631241299902	1.20371625441781	0.8471282293513853
31.6175	0.1382346575062508	1.259799429180402	0.8207308909427284
31.62	0.09246064184257798	1.130759343166104	0.7786243735800535
31.6225	0.04632172626688438	1.02289366963464	0.7179101185542242
31.62500000000001	-8.459985552727765e-14	0.8945918393798942	0.6353514445398318
31.6275	-0.04632172626696954	0.7478427298682918	0.5279775721700198
31.63	-0.09246064184257943	0.6012185209613677	0.3942704934037295
31.6325	-0.1382346575061699	0.1007562222156782	0.2350697960632862
31.635	-0.1834631241300729	0.2244793722382623	0.0532355320401165
31.6375	-0.2279675456192814	-0.1158002631500482	-0.1475089795806262
31.64	-0.2715722833544741	-0.4387393820505353	-0.3634943704173191
31.6425	-0.3141052493567624	-0.7877419865415073	-0.5914010230853943
31.645	-0.3553985854408789	-0.8630174086065727	-0.8281410730991557
31.6475	-0.3952893256744306	-1.384531923235556	-1.070585311415056
31.65	-0.4336200395300615	-1.635903085944698	-1.315247318930784
31.6525	-0.4702394531918209	-1.796893320968051	-1.557969509497116
31.655	-0.5050030465638657	-2.02757825472338	-1.793783947291991
31.6575	-0.5377736236249487	-2.244369381637304	-2.017274921391725
31.66	-0.568421853879099	-2.655349019903616	-2.223291309192731
31.6625	-0.596826782763176	-2.669861547843901	-2.407207655161661
31.665	-0.6228763089999546	-2.712421470308647	-2.564800367377073
31.6675	-0.6464676270101802	-2.878783084247207	-2.692513704978445
31.67	-0.6675076326395998	-3.115267600499532	-2.788014568748368
31.6725	-0.6859132905981512	-3.075116317032859	-2.850430706585581
31.675	-0.7016119621627503	-3.071683548850968	-2.880096884758572
31.6775	-0.7145416918486801	-3.109671737817112	-2.878098894794512
31.68	-0.7246514519199326	-2.876969817673663	-2.845957585192162
31.6825	-0.7319013437722168	-2.821308781632095	-2.785591507842956
31.685	-0.7362627553945575	-2.608658560362691	-2.699476182168408
31.6875	-0.7377184742878049	-2.550399223027304	-2.590778033328188
31.69	-0.7362627553945527	-2.237765669437424	-2.463243978883106
31.6925	-0.7319013437722176	-2.021936862521546	-2.320821515957677
31.69500000000001	-0.7246514519199182	-1.913837537046553	-2.16723170306563
31.6975	-0.7145416918486609	-1.611509675748838	-2.00575506288837
31.7	-0.7016119621627523	-1.351879611302429	-1.839317596921396
31.70249999999999	-0.6859132905981844	-1.216646937444088	-1.670777724918864
31.705	-0.6675076326395668	-1.113641500889378	-1.503203895535691
31.7075	-0.6464676270101833	-0.9335580094684582	-1.339957658516503
31.71	-0.6228763089999131	-0.7940500285420403	-1.184569480785993
31.7125	-0.5968267827632292	-0.69902092737049	-1.040503403799432
31.715	-0.5684218538791032	-0.5737486293480226	-0.9108207231430832
31.7175	-0.5377736236250106	-0.6390890293600676	-0.7977302851206401
31.72000000000001	-0.5050030465638093	-0.509589835127567	-0.7022273079361622
31.7225	-0.4702394531918259	-0.5662139334291466	-0.6240955074245012
31.725	-0.4336200395299988	-0.3512277407031998	-0.5622342619387821
31.7275	-0.3952893256743653	-0.5303581367426342	-0.5150356273538219
31.73	-0.3553985854408847	-0.3418408225724762	-0.4806353297079584
31.73249999999999	-0.3141052493567683	-0.4908684831182721	-0.457015401232726
31.735	-0.2715722833544021	-0.5748593723372161	-0.4419947980852268
31.7375	-0.2279675456192875	-0.526736974137657	-0.4331654391051978
31.74	-0.1834631241299979	-0.5621555802914014	-0.427838724770679
31.7425	-0.1382346575062586	-0.6930966535583777	-0.423056586198923
31.745	-0.09246064184258587	-0.7844330316647814	-0.4156927312810933
31.7475	-0.04632172626689231	-0.802914039184179	-0.4026283313465113
31.75	-5.995769607115375e-15	-0.864353210943635	-0.3832698897003818
31.7525	0.03845630566438431	-0.5173616491717237	-0.3552192320132941
31.755	0.07676084185940135	-0.6978108297605194	-0.3144217744391758
31.75749999999999	0.1147624380801546	-0.7900706859621266	-0.2598388961201176
31.76	0.152311119387913	-0.5836055538132328	-0.1910146065079326
31.7625	0.189258698291711	-0.397524250762291	-0.1081247112504734
31.765	0.2254593595774915	-0.3140185474358692	-0.01203464508189774
31.7675	0.2607702357735378	-0.1995886763988647	0.09568448778993204
31.77	0.2950519709836363	-0.1113292141846856	0.2128466734521943
31.7725	0.328169270860565	0.06800622051343823	0.3368601579320559
31.77500000000001	0.3599914365518041	0.3054977957427977	0.4649861286044563
31.7775	0.3903928805073588	0.5173313238198104	0.5945404976483313
31.78	0.4192536221170941	0.6434014907734635	0.7229469614953484
31.78249999999999	0.4464597612190473	0.9590686121419538	0.8476059377814048
31.785	0.4719039276116287	1.19331297822287	0.965684602711857
31.7875	0.4954857047942779	1.220984419440466	1.074069218064177
31.79	0.5171120262660293	1.509376384610043	1.169614888352183
31.7925	0.536697542816082	1.472443887561973	1.249603007754821
31.79500000000001	0.554164959358455	1.679499820247676	1.312180500213103
31.7975	0.5694453399800962	1.850849103289369	1.356495748735703
31.8	0.5824783799996457	1.814866707393677	1.382478812404545
31.80249999999999	0.5932126439624231	1.563569495267305	1.390576105335914
31.805	0.6016057686325739	1.425882146442989	1.38169636427579
31.8075	0.607624630181448	1.510661910957734	1.357296895778439
31.81	0.6112454749122904	1.395246724291343	1.319436286621983
31.8125	0.6124540130051419	1.114623600009143	1.270724219150247
31.815	0.6112454749122872	0.8176392474765202	1.214169315740264
31.8175	0.6076246301814504	0.7915550631397004	1.152949778644277
31.82	0.6016057686325642	0.789654534940145	1.090161721897934
31.8225	0.5932126439624278	0.6069671417035688	1.028607858930561
31.82500000000001	0.5824783799996299	0.4330706871961308	0.9706596698428673
31.8275	0.5694453399800773	0.3969411848876712	0.918190379455057
31.83	0.5541649593584332	0.4607149645012287	0.8725575420615724
31.8325	0.5366975428160909	0.2368734783873932	0.8346114253461667
31.835	0.5171120262660018	0.3823127633567613	0.8047106446042701
31.8375	0.4954857047942888	0.3888596833923584	0.7827358892171631
31.84	0.4719039276115962	0.3921007617566959	0.7681046747017235
31.8425	0.4464597612191077	0.40058524532954	0.759800903973479
31.845	0.4192536221170569	0.7410775334956824	0.7564355312234011
31.8475	0.3903928805073195	0.9146036122529827	0.7563439452070989
31.85	0.3599914365517628	0.8260907831158559	0.7577065416387914
31.8525	0.3281692708606395	0.9060535126812892	0.7586650770701426
31.855	0.2950519709835916	0.9746154869962019	0.757409407730365
31.85749999999999	0.2607702357735547	1.024102545656968	0.752223822258255
31.86	0.2254593595774441	0.8973083686039774	0.7414969514267264
31.8625	0.1892586982917286	1.0769430949464	0.7237061596491173
31.865	0.1523111193878636	1.051942838262825	0.6973879021875418
31.8675	0.1147624380802412	0.9601926725099952	0.6611049860373607
31.87	0.07676084185935071	1.051268750087705	0.6134232403842246
31.8725	0.03845630566440286	0.9942137781712972	0.5529150944824222
31.875	-5.702956514776866e-14	0.6375383077802965	0.4782154721392892
31.8775	-0.0384563056644472	0.7826158548176624	0.3881570947239547
31.88	-0.07676084185939482	0.3466386832012553	0.2819832834859401
31.8825	-0.1147624380801481	0.2013699382062812	0.1595644632880333
31.885	-0.1523111193879066	0.00329242609539776	0.0214916699412932
31.8875	-0.1892586982917047	-0.3360435439092422	-0.1310166752941938
31.89	-0.2254593595774854	-0.6613268721320482	-0.2963177339583152
31.8925	-0.2607702357735319	-0.6995503983374264	-0.4725175273589779
31.89500000000001	-0.2950519709836305	-0.9245162443309999	-0.6575342390863511
31.8975	-0.3281692708605595	-1.282338080273113	-0.8490545699726536
31.9	-0.3599914365517424	-1.501801416777968	-1.044421918998635
31.90249999999999	-0.3903928805073001	-1.693776570823464	-1.240501097147307
31.905	-0.4192536221170893	-1.941719581422465	-1.433596494702585
31.9075	-0.4464597612190905	-1.907186118716454	-1.61956945699926
31.91	-0.4719039276116689	-2.249548783841556	-1.79424997421809
31.9125	-0.495485704794274	-2.416251789203255	-1.9539126084958
31.915	-0.5171120262660256	-2.358784060967178	-2.095446647586162
31.9175	-0.5366975428160787	-2.50088748910588	-2.216289444332986
31.92000000000001	-0.5541649593584522	-2.706662016042304	-2.314430645747013
31.9225	-0.5694453399800937	-2.604639820323992	-2.388511656950183
31.925	-0.5824783799996867	-2.609023058199096	-2.437863303629308
31.9275	-0.5932126439624389	-2.477602505432832	-2.462420359401937
31.93	-0.6016057686325726	-2.256130105073455	-2.46258114827463
31.93249999999999	-0.6076246301814472	-2.25772225198876	-2.439111087341769
31.935	-0.6112454749122901	-2.221472030128695	-2.393140277103211
31.9375	-0.6124540130051419	-2.053503735896945	-2.326232899612298
31.94	-0.6112454749122876	-1.80208733964267	-2.240449810304328
31.9425	-0.6076246301814512	-1.655526175079143	-2.138313972695118
31.94500000000001	-0.6016057686325654	-1.538308840571086	-2.022643014847757
31.9475	-0.5932126439624295	-1.338920601980279	-1.896311631781472
31.95	-0.5824783799996535	-1.127542519385386	-1.762066412722749
31.9525	-0.5694453399801054	-1.036137742153238	-1.622483756160318
31.955	-0.554164959358436	-0.814775719902318	-1.480071929677287
31.9575	-0.536697542816094	-0.837801300515561	-1.337427804015235
31.96	-0.5171120262660054	-0.6823278634166889	-1.197316343863469
31.9625	-0.4954857047942927	-0.6139019410311546	-1.06258698633517
31.965	-0.4719039276116004	-0.676887998435536	-0.9359394228277422
31.9675	-0.4464597612191123	-0.3826899316228882	-0.8196169024031918
31.97000000000001	-0.4192536221170617	-0.406565073665083	-0.7151346958337763
31.9725	-0.3903928805073246	-0.4223352564134438	-0.623162899757651
31.97500000000001	-0.3599914365517118	-0.2144235126584783	-0.5436138388457936
31.9775	-0.3281692708605275	-0.3543509734415451	-0.4758553395881951
31.98	-0.2950519709835974	-0.4646123490327174	-0.4189226452919382
31.98249999999999	-0.2607702357735606	-0.4041599680488092	-0.3716576828162865
31.985	-0.2254593595774502	-0.4065420615773027	-0.3327694004933877
31.9875	-0.1892586982917349	-0.729031167845406	-0.3008365860213508
31.99	-0.15231111938787	-0.5546767071158732	-0.2742813773491989
31.9925	-0.1147624380801793	-0.4811862405973922	-0.2513444627490121
31.995	-0.07676084185928819	-0.6017213356682645	-0.2300908170239712
31.9975	-0.03845630566440946	-0.6541131395967039	-0.2084619941771323
32.0	2.043116696106522e-14	-0.4971417599234229	-0.2053971562548081
32.0025	-0.04092007605298254	-0.4627259594604148	-0.2192241005629167
32.005	-0.08167865926048251	-0.4607075274690842	-0.2304886757269547
32.0075	-0.1221148941151648	-0.5074464144365007	-0.2421670443234477
32.01	-0.1620691972719086	-0.7096238271338172	-0.2570098675312688
32.0125	-0.2013838873493211	-0.2551705073787743	-0.2775798497837532
32.015	-0.239903807226982	-0.5564141133473954	-0.3063534333409992
32.0175	-0.2774769363790724	-0.6842991133079231	-0.3458223726415316
32.02	-0.3139549908304942	-0.2583733119685516	-0.3985032131304819
32.0225	-0.3491940083653714	-0.4332464059349498	-0.4667498594545787
32.02500000000001	-0.383054916680924	-0.5245042369049167	-0.5523528450246025
32.0275	-0.4154040822414206	-0.3620112897134632	-0.6561060024760293
32.03	-0.4461138376693846	-0.4820236148756409	-0.7775999321959478
32.0325	-0.4750629855900948	-0.6279551582055648	-0.9153071785438471
32.035	-0.502137276942363	-0.7443971143430027	-1.066808842060385
32.0375	-0.5272298618671475	-0.6879636897082276	-1.229009827736492
32.04	-0.550241711395643	-0.6959772862559673	-1.398296506309025
32.0425	-0.5710820082707443	-0.9729924179010883	-1.570666979574104
32.045	-0.5896685053617865	-1.063246867283663	-1.741888228470503
32.0475	-0.6059278502560469	-1.273025254064627	-1.90768973760297
32.05	-0.6197958747474287	-1.388263168750645	-2.063910940259412
32.05249999999999	-0.6312178480790124	-1.469233114908034	-2.20653526739934
32.055	-0.6401486929402481	-1.756250730625311	-2.331708419962918
32.0575	-0.6465531633665512	-1.815738782198267	-2.435898582804972
32.06	-0.6504059838390965	-1.906738186968685	-2.516194167909888
32.0625	-0.651691949035651	-2.142220352392334	-2.570566197467157
32.065	-0.6504059838390902	-2.204825542122309	-2.597933840953653
32.0675	-0.6465531633665572	-2.273847880979771	-2.598027701584547
32.07	-0.6401486929402432	-2.392563669720234	-2.571191756230878
32.07250000000001	-0.6312178480790243	-2.4815122307256	-2.518282797248442
32.075	-0.6197958747474206	-2.545135378742638	-2.440717673292663
32.0775	-0.6059278502560099	-2.569874125444918	-2.340577057634531
32.08	-0.5896685053617754	-2.526537800438809	-2.220603254712892
32.0825	-0.5710820082707674	-2.338874606992195	-2.083986480187248
32.085	-0.5502417113956289	-2.387292324569275	-1.933996528226909
32.08750000000001	-0.5272298618671756	-2.404347479595688	-1.77365435998562
32.09	-0.502137276942299	-2.226508092619958	-1.605628548438151
32.0925	-0.4750629855901276	-1.99828157297031	-1.43241333775404
32.095	-0.4461138376693655	-1.801209341578532	-1.256667273621765
32.0975	-0.4154040822414004	-1.622409862751361	-1.081440156010854
32.1	-0.3830549166809027	-1.495709986035893	-0.9100780202654537
32.10249999999999	-0.3491940083654119	-1.072295422643631	-0.7458628728079635
32.105	-0.3139549908304063	-1.291186083295944	-0.5915811485454783
32.10749999999999	-0.2774769363791157	-0.9465107109926171	-0.4491642658890469
32.11	-0.2399038072269576	-0.7888667180300416	-0.3195372448142633
32.1125	-0.2013838873493667	-0.3104966620058232	-0.2027603985793301
32.115	-0.1620691972718832	-0.1567891899090429	-0.09834747695736137
32.1175	-0.1221148941152119	-0.240286074313586	-0.005556522767470609
32.12	-0.08167865926038301	-0.002086408202545006	0.07643787758964835
32.1225	-0.04092007605303034	0.517366354491948	0.1484730853722713
32.125	4.663199594238349e-14	0.330308774931489	0.2113894067196336
32.1275	0.04092007605304947	0.7351513940246139	0.266064799600583
32.13	0.08167865926047554	0.6479398330221444	0.3134838430436074
32.13249999999999	0.1221148941152307	0.680004364547956	0.3548150723964658
32.135	0.1620691972719018	1.008195871236889	0.3914503162478314
32.1375	0.2013838873493144	0.9753708606732698	0.424972205174338
32.14	0.2399038072269755	0.9427944331286249	0.4570591623522059
32.1425	0.277476936379066	0.9241987945636339	0.4893668285899556
32.145	0.3139549908304881	1.144248159419946	0.52341914214593
32.1475	0.349194008365428	1.045925979014994	0.5605209546233113
32.15	0.3830549166808583	0.9974372924661651	0.601689836560099
32.1525	0.4154040822413581	0.8964005641396028	0.6476022768026456
32.155	0.4461138376693796	0.9125359683404047	0.6985536368078651
32.15749999999999	0.47506298559009	0.7814169619538361	0.7544361838858163
32.16	0.5021372769423584	0.731524480333192	0.8147410787514068
32.1625	0.5272298618671434	0.9352740538144592	0.8785861380517808
32.165	0.5502417113956393	0.789406258624759	0.9447625842892328
32.1675	0.571082008270741	0.6852162179276181	1.01178606566471
32.17	0.5896685053617836	0.9527454995122354	1.077938660372832
32.1725	0.6059278502560442	0.8851170231538699	1.141306638347033
32.175	0.6197958747474722	0.9731096811051607	1.199845986111463
32.1775	0.6312178480790475	1.012105030974183	1.251511792877035
32.18	0.6401486929402468	0.9795388853633895	1.294442886784406
32.18249999999999	0.6465531633665504	1.022645319744003	1.327137789126686
32.185	0.6504059838390961	1.152026922460783	1.348562152161696
32.1875	0.651691949035651	1.267596865922244	1.358186227869945
32.19	0.6504059838390907	1.0473277517246	1.355989371865222
32.1925	0.6465531633665581	1.166331828119312	1.342453308667425
32.19500000000001	0.6401486929402446	1.372093793734238	1.318533309308551
32.1975	0.631217848079026	1.422188537594845	1.285588270854924
32.2	0.6197958747474456	1.265842335440248	1.245267944124065
32.20249999999999	0.605927850256067	1.519797561689921	1.199374630066865
32.205	0.5896685053617784	1.37961346844396	1.149722966524731
32.2075	0.5710820082707708	1.3561762319786	1.098017112005338
32.21	0.5502417113956327	1.306270896046017	1.045756569505598
32.2125	0.5272298618671797	1.152449897244656	0.994174051050084
32.215	0.5021372769423035	1.155080101668111	0.9442028441711241
32.2175	0.4750629855900817	1.12460013550605	0.8964677891241354
32.22000000000001	0.4461138376693167	1.062927275597499	0.8512930267687264
32.2225	0.4154040822414058	0.8384615622845828	0.8087203966200742
32.22500000000001	0.3830549166808485	0.8300099026728547	0.7685339523442893
32.2275	0.3491940083653552	0.7138034039901305	0.7302878533903064
32.23	0.3139549908304125	0.5743232553138019	0.6933363353283629
32.23249999999999	0.277476936379122	0.654971604434893	0.6568651253884255
32.235	0.2399038072269642	0.3895130033167495	0.6199233903960675
32.2375	0.2013838873493734	0.1702132690960024	0.5814543905044651
32.24	0.16206919727189	0.2459121412256005	0.5403222169029288
32.2425	0.1221148941152188	0.1414131442282058	0.4953320910215822
32.245	0.08167865926038999	-0.04150020087579809	0.445243008479613
32.2475	0.04092007605303735	0.1197556449670104	0.3887738843638602
32.25	1.985503086671654e-14	-0.0163945286490467	0.3284826198104084
32.2525	-0.02356183304120225	-0.09956678383525072	0.2635085709102982
32.255	-0.04703067829183071	-0.1055667982408009	0.189674235092244
32.25749999999999	-0.07031391494147202	-0.1964455822088855	0.1074399459148591
32.26	-0.09331965469225298	-0.369605568353228	0.01748126240473354
32.2625	-0.1159571043995763	-0.3329401770125673	-0.07934404551280538
32.265	-0.1381369243916777	-0.4442028332834677	-0.1820374333913189
32.2675	-0.1597715810519227	-0.6054001341146428	-0.2894962576246703
32.27	-0.1807756922744859	-0.36749076834274	-0.400535814679287
32.2725	-0.2010663644281616	-0.3899328119158061	-0.5138934885134271
32.27500000000001	-0.2205635194999586	-0.5821568858930707	-0.6282180424027961
32.2775	-0.2391902111261082	-0.6791239761219933	-0.7420515093876399
32.28	-0.2568729282645913	-0.6068952146351867	-0.853814494800686
32.2825	-0.2735418853092929	-0.8650137963085656	-0.9618092760003711
32.285	-0.2891312975021069	-0.9184275567608173	-1.064257400131792
32.28749999999999	-0.3035796405551769	-0.8857916956130328	-1.159382879648305
32.29	-0.3168298934593217	-0.8291276405581706	-1.245531527555945
32.2925	-0.3288297635197934	-0.8519402334277871	-1.321289600926226
32.295	-0.3395318927317008	-0.8424123514718124	-1.385558190250847
32.2975	-0.3488940446803435	-1.116601748566247	-1.4375673489798
32.3	-0.3568792712291611	-0.9736506707209506	-1.476849149307123
32.30249999999999	-0.3634560583370579	-0.9836515837376442	-1.503199693403329
32.305	-0.3685984504299991	-1.010580821534766	-1.516648455962221
32.3075	-0.3722861528356975	-1.131689498662639	-1.51743890324088
32.31	-0.374504611877522	-0.9889071183890648	-1.506016808186571
32.3125	-0.3752450723111442	-1.210099710580007	-1.483020452492424
32.315	-0.3745046118775194	-1.171078094325962	-1.44926687018415
32.3175	-0.3722861528357029	-1.266927298432829	-1.405729812770948
32.32000000000001	-0.3685984504299993	-1.183600111304037	-1.353508600673818
32.3225	-0.3634560583370688	-1.051070392433585	-1.29379168316742
32.325	-0.3568792712291483	-1.281372380034971	-1.227822117624579
32.3275	-0.3488940446803281	-1.012905058208356	-1.15687173566678
32.33	-0.3395318927316831	-1.106562394822573	-1.082225828938218
32.3325	-0.3288297635198145	-1.015172399661137	-1.005172891861008
32.335	-0.3168298934593223	-1.081097841032332	-0.9269886555550652
32.3375	-0.3035796405551775	-0.9120600058292373	-0.8489048268620044
32.34	-0.2891312975020804	-0.9189583057370483	-0.7720616290700586
32.3425	-0.2735418853092936	-0.9634171435465186	-0.6974544633296162
32.34500000000001	-0.256872928264561	-0.759897530214278	-0.6258906559962396
32.3475	-0.2391902111261091	-0.7633814233507275	-0.5579681955911798
32.35	-0.220563519499925	-0.8501162824666819	-0.4940782458726102
32.3525	-0.2010663644281626	-0.625606341360671	-0.4344244616941255
32.355	-0.1807756922744495	-0.685525964191688	-0.3790491500747496
32.35749999999999	-0.1597715810519623	-0.4399052313074606	-0.3278583511105625
32.36	-0.1381369243916787	-0.5169442305154358	-0.280641808433615
32.3625	-0.1159571043996179	-0.3173353938263495	-0.2370871854492268
32.365	-0.0933196546922127	-0.4310283970148969	-0.1967900416452525
32.3675	-0.07031391494147309	-0.2924695790039328	-0.1592622087422773
32.37	-0.04703067829178948	-0.2985049951196678	-0.1239415722612205
32.3725	-0.02356183304120334	-0.1682690875776765	-0.09020592974958261
32.375	6.142045124505269e-14	-0.01734937464438441	-0.05739257144374338
32.3775	0.02356183304124079	0.0587624078672333	-0.02482372927844896
32.38	0.0470306782918267	0.02722247615629618	0.00816346964242664
32.38249999999999	0.07031391494146803	0.1539234394254974	0.0421849484901671
32.38500000000001	0.09331965469224905	0.1876283496598157	0.07777827953552215
32.3875	0.1159571043995724	0.2785312220677203	0.115374468629319
32.39	0.1381369243916739	0.4974897684119305	0.1552749513255806
32.3925	0.159771581051919	0.4534416504059598	0.1976352820665613
32.395	0.1807756922744824	0.448549535495241	0.2424565018951431
32.3975	0.2010663644281582	0.5859278252443105	0.2895846718137651
32.40000000000001	0.2205635194999209	0.5278757765939206	0.3387184720474771
32.4025	0.2391902111260722	0.6761052615935802	0.3894240778490129
32.405	0.2568729282645884	0.6530565998961696	0.4411558369509458
32.40749999999999	0.2735418853092901	0.719650400837179	0.4932807848340146
32.41	0.2891312975021043	0.7609056963937313	0.5451049221284251
32.4125	0.3035796405551745	0.7364092710342831	0.595899507517544
32.415	0.3168298934593424	0.8937275398118826	0.6449262764661415
32.4175	0.3288297635197915	0.7007646387555028	0.691461203248269
32.42	0.3395318927316991	0.8247189962869091	0.7348168399729692
32.4225	0.348894044680342	0.9855272654723591	0.7743631696865967
32.425	0.356879271229173	0.8358304793228345	0.8095463756355079
32.4275	0.3634560583370781	1.039571090751716	0.8399043391481943
32.43	0.3685984504299983	0.9552798657530832	0.8650775016711764
32.4325	0.3722861528356969	0.8775611657984564	0.8848141915177867
32.435	0.3745046118775218	0.7536081259998595	0.8989704524451996
32.4375	0.3752450723111442	0.8696156917603487	0.9075053707153837
32.44	0.3745046118775197	0.897489549964428	0.9104734486106947
32.4425	0.3722861528356981	0.7201209059089517	0.9080155444769104
32.44500000000001	0.3685984504300001	0.7872807392512176	0.9003494190293715
32.4475	0.3634560583370698	0.932760374741318	0.8877602775556721
32.45	0.3568792712291627	0.8373700685705547	0.8705911419417663
32.45249999999999	0.3488940446803453	0.8311997882487954	0.8492325793710928
32.455	0.3395318927316848	0.7687564849697742	0.8241112966308077
32.4575	0.3288297635198165	0.6676716285925978	0.7956773354651845
32.46	0.3168298934593244	0.8445425848076538	0.7643899724773777
32.4625	0.3035796405551799	0.8829293043056587	0.7307028061962175
32.465	0.289131297502083	0.544345666258558	0.695048786886895
32.4675	0.2735418853092964	0.7600744573715431	0.6578260460935176
32.47000000000001	0.2568729282645639	0.4980588462206989	0.61938531452636
32.4725	0.2391902111261122	0.7499164415694914	0.5800195334570676
32.47500000000001	0.2205635194998938	0.605937559699506	0.539956041565765
32.4775	0.2010663644281299	0.7193874792124051	0.4993515202183897
32.48	0.1807756922744531	0.5389878296736409	0.4582897389095978
32.48249999999999	0.1597715810519274	0.5625873475604721	0.4167820587622338
32.485	0.1381369243916428	0.5853901102407908	0.3747706008568323
32.4875	0.1159571043996217	0.4670569670350085	0.3321339357731181
32.49	0.09331965469221662	0.3940758600852853	0.2886950793727278
32.4925	0.07031391494147705	0.3472915656945707	0.2442314874117745
32.495	0.04703067829179349	0.3021481558652717	0.1984866487099796
32.4975	0.02356183304120738	0.3900087225716797	0.1511828125699566
32.5	1.066499771987772e-14	0.1283844831917997	0.1053450324827496
32.5025	-0.00899194771749992	0.01374395613761641	0.06084270118147064
32.505	-0.01794840832541587	0.06080722856732547	0.01460305515272813
32.50749999999999	-0.02683403476550298	-0.1623021445808388	-0.03262681800195817
32.51	-0.03561375952969088	-0.2082377963960407	-0.08009891746609342
32.5125	-0.04425293305536279	-0.1400795373951371	-0.1270828311028772
32.515	-0.05271746047153825	-0.199995957431603	-0.1728825998044476
32.5175	-0.06097393615553397	-0.3582770347501182	-0.2168518779685652
32.52000000000001	-0.06898977556987997	-0.2625917453487319	-0.2584073798940995
32.5225	-0.0767333438584675	-0.5724550232250917	-0.2970405007076383
32.52500000000001	-0.08417408069498931	-0.4208252537934658	-0.3323268343647999
32.5275	-0.09128262089047404	-0.6984307599609203	-0.3639331865424245
32.53	-0.0980309102843551	-0.441019997174962	-0.3916216742756413
32.5325	-0.1043923164614195	-0.5024624660191674	-0.41525063899488
32.535	-0.1103417338577341	-0.5505080826275822	-0.4347723396687795
32.5375	-0.1158556828408447	-0.5101162805486137	-0.4502276659259788
32.54	-0.1209124023732182	-0.6384357058233722	-0.4617383411450067
32.5425	-0.1254919358930298	-0.681175122964529	-0.4694972207525369
32.54500000000001	-0.1295762100736997	-0.752741999478824	-0.4737573173285149
32.5475	-0.1331491061509406	-0.5354186017783542	-0.4748201218766783
32.55	-0.1361965235362446	-0.5272393610299259	-0.4730236797343152
32.55249999999999	-0.1387064354654244	-0.5420283513717441	-0.4687307620055563
32.555	-0.1406689364627682	-0.6161439531013982	-0.4623173793694135
32.5575	-0.1420762814334119	-0.4682076683917282	-0.4541618269963378
32.56	-0.1429229162297213	-0.4049163609844146	-0.4446344229299014
32.5625	-0.1432054995709398	-0.4230860872358066	-0.4340880935379853
32.565	-0.1429229162297207	-0.2150086265046716	-0.4228499528120993
32.5675	-0.1420762814334127	-0.4331966443424186	-0.4112140068646453
32.57000000000001	-0.1406689364627633	-0.1372710260740223	-0.3994350885140131
32.5725	-0.138706435465426	0.02199037784660618	-0.3877240938943584
32.575	-0.1361965235362416	-0.1247045911720702	-0.3762445612168355
32.5775	-0.1331491061509371	-0.1468588067811978	-0.3651106075773849
32.58	-0.1295762100736955	-0.160180707645795	-0.3543862253448677
32.5825	-0.1254919358930408	-0.2360884227811326	-0.3440859326798164
32.585	-0.120912402373213	-0.2379661855979637	-0.3341767671735483
32.5875	-0.1158556828408485	-0.004545605744618972	-0.3245816005285217
32.59	-0.110341733857728	-0.2830990446243513	-0.3151837302256539
32.5925	-0.104392316461424	-0.1937686615313536	-0.3058326691512861
32.59500000000001	-0.09803091028434804	-0.07746019128561848	-0.2963510079400847
32.5975	-0.09128262089045402	-0.1200059646596787	-0.2865421723067516
32.59999999999999	-0.08417408069498147	0.09719796261600927	-0.2761988456146662
32.6025	-0.07673334385847308	-0.2405456798749953	-0.2651117821677024
32.605	-0.06898977556987147	-0.2168282596710471	-0.2530787046782896
32.60749999999999	-0.06097393615553994	-0.2655659302212078	-0.2399129634131165
32.61	-0.05271746047152923	-0.2235366259801779	-0.2254516357121277
32.6125	-0.04425293305538455	-0.3444897216793626	-0.2095627620380832
32.61499999999999	-0.0356137595296815	-0.2930484795996635	-0.1921514462422517
32.6175	-0.02683403476550946	-0.1885420123575656	-0.1731645906231558
32.62	-0.01794840832540626	0.1157997415757874	-0.1525940881888221
32.6225	-0.0089919477175065	-0.1939963992315645	-0.1304783537906299
32.62500000000001	2.035232103396865e-14	-0.2324392175153882	-0.1069021418752492
32.6275	0.00899194771751463	-0.3889003279737019	-0.081994671122456
32.63	0.01794840832541433	-0.1786333885296015	-0.0559261536274383
32.6325	0.02683403476550147	0.00217971960699731	-0.0289029044204241
32.635	0.03561375952968938	-0.1578435907596163	-0.001161278772026
32.6375	0.0442529330553768	0.004034935911446311	0.02703925926079323
32.64	0.05271746047155194	-0.08416964435864933	0.05542360178256264
32.6425	0.06097393615553258	0.02319075434055279	0.08370865741373826
32.645	0.0689897755698786	0.1736266931520779	0.1116108940839619
32.6475	0.0767333438584662	0.01481112254216356	0.1388534973559757
32.65	0.0841740806949749	0.07210449586932445	0.1651729335794939
32.6525	0.09128262089044775	0.4201974983217527	0.1903247622904388
32.655	0.09803091028435397	0.2672487070231253	0.2140885880303507
32.6575	0.1043923164614184	0.3439128997205473	0.2362720749290876
32.66	0.1103417338577332	0.3508009893894429	0.2567139700450707
32.6625	0.1158556828408438	0.4474621877025819	0.2752860993479437
32.665	0.1209124023732174	0.5061772524041348	0.2918943200687877
32.6675	0.125491935893029	0.6620189983337752	0.3064784396580819
32.67	0.129576210073699	0.3309507854289559	0.3190111456251774
32.6725	0.1331491061509401	0.6549059420641773	0.3294960287593757
32.675	0.1361965235362491	0.6221075310071936	0.3379648186841204
32.6775	0.138706435465428	0.5431717828618677	0.3444739791842221
32.68	0.1406689364627679	0.6865464477964224	0.3491008271866505
32.6825	0.1420762814334117	0.5830326606687024	0.3519393428132285
32.685	0.1429229162297212	0.5300715983218948	0.3530958306945703
32.6875	0.1432054995709398	0.3455095257771155	0.3526845785601801
32.69	0.1429229162297208	0.4603139048695688	0.3508236419681114
32.6925	0.1420762814334129	0.6198209393185041	0.3476308668533383
32.695	0.1406689364627637	0.07514462310795489	0.3432202458052906
32.69750000000001	0.1387064354654264	0.2977936838664139	0.3376986897275277
32.7	0.1361965235362471	0.3259630820258955	0.3311632830294704
32.70249999999999	0.1331491061509436	0.3724600172654333	0.3236990767194391
32.705	0.1295762100736962	0.3010596377096693	0.3153774588569012
32.7075	0.1254919358930337	0.1405765130855919	0.306255125378818
32.71	0.1209124023732051	0.1876829394850744	0.2963736564692428
32.71250000000001	0.1158556828408494	0.2272473074923718	0.2857596850052781
32.715	0.110341733857729	0.1114808702015555	0.2744256251348199
32.7175	0.104392316461425	0.08325928772461072	0.2623709118410021
32.72	0.09803091028434917	0.1310592100696661	0.2495836875080319
32.7225	0.0912826208904552	-0.1101810036933213	0.2360428599223756
32.725	0.08417408069495637	0.01950114853889043	0.2217204483860163
32.7275	0.07673334385846063	0.1492402995742265	0.2065841308706668
32.73	0.06898977556987283	0.1341448842382622	0.1905999051842484
32.73249999999999	0.06097393615554134	0.07165492146619176	0.1737347804236059
32.735	0.05271746047153067	0.3161856908971815	0.1559594207960239
32.7375	0.04425293305538602	0.009735382939102935	0.137250671393522
32.74	0.03561375952968299	0.1654607177893013	0.1175939039395514
32.7425	0.02683403476551098	0.07652302849959974	0.09698512931742975
32.745	0.01794840832540779	0.07445190429401595	0.07543283246584473
32.7475	0.008991947717508041	0.169553999362214	0.05295949386085647
32.75	1.268397466604218e-14	0.109020039104283	0.04240845924213234
32.75249999999999	0.04511796332325977	0.09173648932212834	0.04436081397443223
32.755	0.09005786665786958	0.2280160553088792	0.04754690358192597
32.75749999999999	0.1346423527362252	0.1304813371111499	0.05526328891239177
32.76	0.1786954669606503	0.2356693272693939	0.0705263364020548
32.7625	0.2220433518150953	0.179412426883662	0.09594377994722122
32.765	0.264514933001961	0.2004910400833243	0.1336165732203548
32.7675	0.305942594593495	0.2861957405473832	0.1850307400024647
32.77	0.3461628405361932	0.2852888511021528	0.2509227389289589
32.7725	0.3850169398939808	0.5366600049198539	0.331143584657015
32.77500000000001	0.4223515532875826	0.5525959461877987	0.4245916041465657
32.7775	0.4580193380543611	0.4816489876534122	0.529290212978418
32.78	0.4918795297429125	0.6123250939587144	0.6426261411809496
32.78249999999999	0.5237984976460146	0.972618248622	0.7616708112577654
32.785	0.5536502721797327	0.7779064589349848	0.8834420390941913
32.7875	0.5813170420278526	1.086675364202008	1.004930993334999
32.79	0.6066896190896284	1.315544078747973	1.122768690814956
32.7925	0.6296678693949336	1.089966700781538	1.232760711176499
32.795	0.6501611082876598	1.499196131104461	1.330051013659539
32.7975	0.6680884583162636	1.563694466337664	1.410242405627598
32.8	0.6833791684205137	1.57196344096135	1.470437119631459
32.80249999999999	0.6959728931532546	1.822898489122384	1.509239159183279
32.805	0.7058199308365073	1.442190863302062	1.526174062412214
32.80749999999999	0.7128814197111736	1.591528891401993	1.521428346507067
32.81	0.7171294913068037	1.557863876602992	1.496102051334804
32.8125	0.7185473804255382	1.592167913826095	1.452554287961614
32.815	0.7171294913068026	1.25555804439215	1.394415745381895
32.8175	0.7128814197111817	1.326363680294708	1.326171719705903
32.82000000000001	0.7058199308364888	1.355356194583118	1.252535091505729
32.8225	0.6959728931532706	1.100407512110631	1.177896383422338
32.825	0.6833791684205083	1.022778212089187	1.105990291184689
32.8275	0.6680884583162571	1.045130402322035	1.039762016073256
32.83	0.6501611082876175	0.7384165872435796	0.9813577813973465
32.8325	0.629667869394925	1.109905744649472	0.9321731398289473
32.835	0.6066896190895752	0.910971271360289	0.8929167116010388
32.8375	0.5813170420278903	0.8323435343081387	0.8636658064712383
32.84	0.5536502721797214	0.5944013384898982	0.8439075993083092
32.8425	0.5237984976460585	0.8158753110507585	0.8325784546544476
32.84500000000001	0.4918795297428996	0.7478178594204128	0.828127033276248
32.8475	0.4580193380542846	0.7489823918642999	0.8286218538408441
32.85	0.4223515532875683	0.8527315521885073	0.8318993324758094
32.85249999999999	0.385016939894035	0.872285899083753	0.8357200251423231
32.855	0.3461628405361777	0.8795282438207431	0.8378916898756995
32.85749999999999	0.305942594593553	0.9522435966814531	0.8363347696342927
32.86	0.2645149330018686	0.9162308595244854	0.8290912566772575
32.8625	0.2220433518150786	0.8645571126530728	0.8142907837893929
32.865	0.1786954669605541	0.9108709304148654	0.7900872482016386
32.8675	0.1346423527362881	0.81204715794386	0.7545773032630079
32.87	0.09005786665785208	0.7729603615273144	0.7057168199094412
32.8725	0.04511796332332371	0.8008618077397127	0.6412701729537833
32.87500000000001	-8.662697810291303e-14	0.661551369463546	0.5588734955620165
32.8775	-0.04511796332341509	0.5807794023410638	0.4563460296106845
32.88	-0.09005786665786189	0.362934879377316	0.3322942762880217
32.88249999999999	-0.1346423527362176	0.359969153359056	0.1867001718866884
32.885	-0.1786954669606428	0.03822581650721313	0.02099098686033188
32.8875	-0.2220433518150879	-0.2407272398237432	-0.1624551968764232
32.89	-0.2645149330019538	-0.3020960393504371	-0.360902541175141
32.8925	-0.305942594593488	-0.525795538077933	-0.5715778817314511
32.895	-0.3461628405361864	-0.707538630631676	-0.791695319749535
32.8975	-0.3850169398939743	-1.026047746205618	-1.018312761847593
32.9	-0.4223515532875102	-1.141937506072714	-1.248116894344014
32.9025	-0.4580193380542922	-1.451756907669186	-1.477196893122475
32.905	-0.4918795297429663	-1.647208113000714	-1.700947982964147
32.9075	-0.5237984976460094	-1.943306865138114	-1.914357273090085
32.91	-0.5536502721797277	-2.112282527480407	-2.112617044368854
32.91249999999999	-0.581317042027848	-2.268827671674048	-2.291457965904661
32.915	-0.6066896190896243	-2.31626432583027	-2.447057765630015
32.9175	-0.6296678693949298	-2.678665064494846	-2.576108316972621
32.92	-0.6501611082876564	-2.533883564595033	-2.676180844850561
32.9225	-0.6680884583162607	-2.83465013784951	-2.745994449224332
32.925	-0.6833791684205365	-2.849234924317953	-2.785346214046567
32.92749999999999	-0.695972893153273	-2.633884398752017	-2.794814012828743
32.93	-0.7058199308365058	-2.810693440802249	-2.775477330262778
32.9325	-0.7128814197111829	-2.582052961016302	-2.728816939157281
32.935	-0.7171294913068033	-2.514562513391319	-2.656797001999418
32.9375	-0.7185473804255382	-2.471883457677795	-2.561998314340623
32.94	-0.717129491306803	-2.430643416930563	-2.447617270948426
32.9425	-0.7128814197111827	-2.220803036602738	-2.317230320809137
32.94500000000001	-0.7058199308364902	-2.093325710774811	-2.174419825405168
32.9475	-0.6959728931532522	-1.862159606096962	-2.02248071290869
32.95	-0.6833791684205358	-1.802314308151498	-1.864359546483791
32.95249999999999	-0.66808845831629	-1.529622987440557	-1.702820681023074
32.955	-0.6501611082876207	-1.385088482259946	-1.540704713037062
32.9575	-0.6296678693949287	-1.190252108599467	-1.381093993124292
32.96	-0.6066896190895793	-1.215850377045069	-1.227281038544998
32.9625	-0.5813170420278948	-0.9284923102367872	-1.082576505980898
32.965	-0.5536502721797264	-1.18468075632537	-0.9500180253846856
32.9675	-0.5237984976460638	-0.7696961025525054	-0.8319924097020444
32.97000000000001	-0.4918795297429052	-0.676790582314176	-0.7298723878539687
32.9725	-0.4580193380542906	-0.6880766294424795	-0.6438935172186948
32.975	-0.4223515532874424	-0.7921425678852715	-0.5733522899840464
32.9775	-0.3850169398939035	-0.3763418772918595	-0.5169464227961537
32.98	-0.3461628405361845	-0.4540927377020834	-0.4730535501677421
32.98249999999999	-0.30594259459356	-0.6617270135692598	-0.43987775281214
32.985	-0.2645149330018758	-0.4289110092138164	-0.4154810298707968
32.9875	-0.2220433518150859	-0.6548453014767962	-0.3977452976502241
32.99	-0.1786954669605616	-0.4665774928310065	-0.3843203318856091
32.9925	-0.1346423527362957	-0.4875257739062502	-0.3726104032432406
32.995	-0.09005786665785978	-0.4735955078461068	-0.3598332574169483
32.9975	-0.04511796332333144	-0.3918154708119929	-0.3431511285890494
33.0	-1.04882200140757e-15	-0.4835330479304265	-0.3279247990312563
33.0025	0.0168474418124324	-0.4204397092848984	-0.3120840579232979
33.005	0.03362839446895703	-0.4581338058200234	-0.2866292688589703
33.00749999999999	0.0502766312158344	-0.4121151106188132	-0.2515394730607681
33.01000000000001	0.06672644906854051	-0.3560526582192508	-0.207161083267753
33.0125	0.08291292811115819	-0.2298776864233076	-0.1541948704798496
33.015	0.09877218770586348	-0.1841526854621739	-0.09366967170104688
33.0175	0.1142416386003853	0.2806153407509917	-0.02689480001318365
33.02	0.1292602299394185	0.126374886948908	0.04461334808381641
33.0225	0.1437686902042097	0.2580567650668204	0.1192237025513274
33.02500000000001	0.1577097611304836	0.1901501008039188	0.1952845756140661
33.0275	0.1710284236802865	0.2681627269014983	0.2712004810816998
33.03	0.1836721151772783	0.3684207025345947	0.3454808379313473
33.03249999999999	0.1955909367474526	0.4945813965777883	0.4167613838891521
33.035	0.2067378502473264	0.5701593528681504	0.4838085580130668
33.0375	0.2170688639017932	0.825046455589356	0.5455207478270805
33.04	0.2265432059197875	0.7360600931749816	0.6009371986743212
33.0425	0.2351234854017451	1.021144211689682	0.6492579410126089
33.045	0.2427758399045385	0.9248252537571519	0.6898707817783624
33.0475	0.2494700690809346	0.9753239582696454	0.7223769283420706
33.05	0.2551797538667153	0.923035306093819	0.7466054403986526
33.05249999999999	0.2598823607445251	0.8669501469975898	0.7626091978003705
33.055	0.2635593306734398	1.152590614541222	0.7706419101723113
33.0575	0.2661961523329843	1.023672838642984	0.7711234369760159
33.06	0.2677824193927273	1.146751622329104	0.7646038821429354
33.0625	0.2683118715812747	0.8547403122299068	0.7517340045430617
33.065	0.2677824193927257	0.8108708064630388	0.7332437278769864
33.0675	0.2661961523329849	0.7578653698432651	0.7099259623088339
33.07000000000001	0.263559330673435	0.7878299491909688	0.6826213236261879
33.0725	0.2598823607445263	0.4540607717107673	0.6522002488490924
33.075	0.2551797538667074	0.5927901393387764	0.6195411340635258
33.0775	0.2494700690809364	0.5401797605419156	0.585505172215865
33.08	0.2427758399045277	0.2889497709660512	0.5509097801643357
33.0825	0.2351234854017475	0.1819997205593714	0.5165027392287553
33.085	0.2265432059197738	0.06289013746179611	0.4829387452052125
33.0875	0.2170688639017961	0.3087035287788973	0.4507594371211603
33.09	0.2067378502473295	0.1021115065649833	0.4203775198405914
33.0925	0.1955909367474769	0.1245259392759247	0.3920654704034213
33.09500000000001	0.1836721151772597	0.1067149200393095	0.3659494493364316
33.0975	0.1710284236802669	0.006194607043192496	0.3420091866770369
33.1	0.157709761130463	0.1613447337655542	0.3200844989130011
33.10249999999999	0.1437686902042397	-0.01615736613175817	0.299888563451142
33.105	0.1292602299393961	-0.1010212570596979	0.2810272199194404
33.10749999999999	0.1142416386003898	0.118169710631526	0.2630226863747621
33.11	0.09877218770583976	0.1149946252983799	0.2453395195741497
33.1125	0.08291292811116295	0.2915612400087921	0.2274106046217439
33.115	0.0667264490685158	0.1468802152771149	0.2086613899780885
33.1175	0.05027663121586927	0.3553633086638807	0.1885312811139308
33.12	0.03362839446896199	0.1895453509022111	0.1664918251223871
33.1225	0.01684744181246783	0.2607167901324961	0.1420618776588216
33.12500000000001	-2.656214170531128e-14	0.3658672546549977	0.1148202575244124
33.1275	-0.0168474418124904	0.3211327041300742	0.08441645944831618
33.13	-0.03362839446898443	0.2970592784980805	0.05057985996236323
33.13249999999999	-0.05027663121583156	0.1294103463647422	0.01312759058346381
33.135	-0.06672644906853771	0.3818551244469113	-0.02802904180819795
33.1375	-0.08291292811115546	0.1308254932892017	-0.07287993796094434
33.14	-0.0987721877058608	0.1808464026713914	-0.1213138230805851
33.1425	-0.1142416386003826	-0.1663541428418192	-0.1731184099310861
33.14500000000001	-0.129260229939416	-0.1517600778719407	-0.2279831264205335
33.1475	-0.1437686902042073	-0.03108323382335464	-0.2855040554262852
33.15	-0.1577097611304566	-0.1392916002427739	-0.3451904372547269
33.1525	-0.1710284236802608	-0.5123261424610915	-0.4064719989435697
33.155	-0.1836721151772762	-0.4885056663300738	-0.4687065659893025
33.1575	-0.1955909367474506	-0.5004155253848804	-0.5311878490887084
33.16	-0.2067378502473245	-0.5283591735031506	-0.5931538666926728
33.1625	-0.2170688639017915	-0.6918292098160368	-0.6537970025048051
33.165	-0.226543205919786	-0.6791129424429695	-0.7122770253820502
33.1675	-0.2351234854017437	-0.9856139724193438	-0.7677383341978262
33.17000000000001	-0.2427758399045373	-1.061882690589648	-0.8193320846266503
33.1725	-0.2494700690809447	-1.006394061814006	-0.8662426977066119
33.175	-0.2551797538667332	-1.107711868384854	-0.9077168029237447
33.1775	-0.259882360744532	-1.232818355304484	-0.943091490014539
33.18	-0.2635593306734392	-1.145061073033001	-0.9718184458133228
33.1825	-0.266196152332984	-1.173715531967466	-0.9934813670500834
33.185	-0.2677824193927271	-1.329051060834093	-1.007805577339293
33.1875	-0.2683118715812747	-1.425644807256307	-1.014660278086438
33.19	-0.2677824193927259	-1.348926051476425	-1.014054746069507
33.1925	-0.2661961523329853	-1.155145807148873	-1.006129977940806
33.19500000000001	-0.2635593306734355	-1.297689791439146	-0.9911470881790098
33.1975	-0.259882360744527	-1.212359257474367	-0.9694735571618428
33.2	-0.2551797538667271	-1.251872841616843	-0.9415683637136596
33.2025	-0.2494700690809487	-0.9659666672762232	-0.9079670411945777
33.205	-0.2427758399045289	-1.056913444879221	-0.8692675565646742
33.2075	-0.2351234854017489	-0.9489715955089877	-0.8261174588273471
33.21	-0.2265432059197754	-0.6914229595025907	-0.7792020019419968
33.2125	-0.2170688639017978	-0.5498415567698447	-0.7292321964390553
33.215	-0.2067378502473119	-0.4699376644028521	-0.6769314199309582
33.2175	-0.1955909367474789	-0.4724214674347096	-0.6230196541980562
33.22000000000001	-0.1836721151772618	-0.3866654639266335	-0.5681955542564824
33.2225	-0.1710284236802691	-0.3396896842715548	-0.5131178587594604
33.22500000000001	-0.1577097611304406	-0.2105157291797226	-0.4583884103173974
33.2275	-0.1437686902041906	-0.07379529122823636	-0.4045388655176606
33.23	-0.1292602299393987	0.003759906055375378	-0.3520222011883841
33.23249999999999	-0.1142416386003924	-0.1108316429070249	-0.3012089193839256
33.235	-0.09877218770584245	0.05923817539059636	-0.2523869549298714
33.2375	-0.0829129281111657	-0.05620184343393556	-0.205763936495053
33.23999999999999	-0.0667264490685186	0.1055753113677545	-0.1614705857324558
33.2425	-0.05027663121584214	0.03771241355158478	-0.1195644581919547
33.245	-0.03362839446896486	0.05844345048876072	-0.08003373846695533
33.2475	-0.01684744181247072	0.1593221321247942	-0.04280126617385287
33.25	-1.654512751594356e-14	0.1492364426351477	-0.00156010753804562
33.2525	0.04078798243221803	0.2419424119956401	0.04428844856958688
33.255	0.08141499333212268	-0.0381357308488636	0.08954369230546591
33.2575	0.1217206964481719	0.2396191500246244	0.1355763863623494
33.26	0.1615460235843819	0.2620336281937353	0.1836877331856522
33.2625	0.2007338023687903	0.2841551472670401	0.2350307779808177
33.265	0.2391293765418694	0.3494174422283676	0.2905367198907333
33.2675	0.2765812163134885	0.2164012547966889	0.3508529921651606
33.27	0.3129415163823224	0.2891376797600678	0.4162969180202867
33.2725	0.3480667792552463	0.3502401124286264	0.4868283882698493
33.27500000000001	0.3818183815671609	0.2790281096704861	0.5620452792447577
33.2775	0.4140631211631947	0.4218008884508405	0.6412035295148226
33.28	0.4446737427874449	0.6790009448918638	0.7232587666808084
33.2825	0.4735294403010234	0.6188081107517814	0.8069195432130648
33.285	0.5005163334488054	0.6796246690658735	0.8906972713577332
33.2875	0.5255279172925345	0.8821061764828754	0.9729398380568657
33.29	0.5484654825376659	0.9204062912099302	1.051849166245797
33.2925	0.5692385050932238	1.134617280598948	1.125506413125412
33.295	0.5877650033295477	1.154701255117694	1.191946074174816
33.2975	0.6039718616219838	1.380218162610476	1.249302133692525
33.3	0.6177951189050738	1.389030604915117	1.295989561943419
33.30249999999999	0.629180221097617	1.501172999740755	1.330843292085928
33.305	0.6380822364026045	1.556284408482872	1.353174745028506
33.3075	0.6444660326325394	1.651319721781005	1.362777313535094
33.31	0.6483064158602042	1.545543937319706	1.35992909379187
33.3125	0.6495882298474895	1.557245017281427	1.345400873375996
33.315	0.6483064158602021	1.331217456322167	1.320441012160273
33.3175	0.6444660326325444	1.329876547877286	1.286709572809131
33.32	0.6380822364025982	1.29511640656049	1.246158159553707
33.32250000000001	0.629180221097627	1.102113908970079	1.200874979506821
33.325	0.6177951189050633	0.9668639624565063	1.152924643472758
33.3275	0.6039718616219442	0.9364976411784935	1.104208913756124
33.33	0.5877650033295334	0.8424583983138457	1.056363475551553
33.3325	0.5692385050932433	0.9536853108807132	1.010693762190382
33.335	0.5484654825376478	0.968179816095821	0.968144648031479
33.33750000000001	0.5255279172925581	0.7375043811015908	0.9292955292796526
33.34	0.5005163334487368	0.6936302807543921	0.8943726602591456
33.3425	0.4735294403010508	0.6833897756313873	0.8632728294546235
33.345	0.4446737427874203	0.5908622153093883	0.8355950982639722
33.3475	0.4140631211631687	0.7391808711321829	0.8106792815848161
33.35	0.3818183815671337	0.6596813970768822	0.787650385014419
33.35249999999999	0.3480667792552802	0.7885791996130178	0.7654672013485107
33.355	0.3129415163822281	0.8343581700516227	0.7429713940513002
33.35749999999999	0.2765812163135248	0.7690881229786758	0.7189319453654465
33.36	0.239129376541838	0.499813486183817	0.6920799695440418
33.3625	0.2007338023688284	0.5826046331150612	0.6611307967837255
33.365	0.1615460235843492	0.861988251482873	0.6247931274458238
33.3675	0.1217206964482113	0.7638631444439511	0.5817679144331078
33.37	0.08141499333201593	0.6508677463124839	0.5307420759205677
33.3725	0.04078798243225804	0.7902728101195111	0.4703848501582218
33.375	-5.03015495726542e-14	0.6841068255605581	0.3993590326903741
33.3775	-0.04078798243228475	0.3299755785823419	0.316365686185058
33.38	-0.08141499333211574	0.4629966499377749	0.220242961165243
33.38249999999999	-0.121720696448165	0.1701168321099845	0.1101218795766176
33.385	-0.1615460235843752	0.1504988934590625	-0.01440277932166953
33.3875	-0.2007338023687836	-0.09402292711021121	-0.1531642390432381
33.39	-0.2391293765418629	-0.2309086662352507	-0.3054261103459874
33.3925	-0.2765812163134822	-0.2817763530574615	-0.4699627160181795
33.395	-0.3129415163823162	-0.5522368742241887	-0.6451393204104733
33.3975	-0.3480667792553028	-0.7343875989740899	-0.8289388106329987
33.4	-0.3818183815670955	-0.958294246404847	-1.018928164593815
33.4025	-0.4140631211631324	-1.13620139816848	-1.212187741135218
33.405	-0.4446737427874398	-1.153238275189489	-1.405256345376922
33.40749999999999	-0.4735294403010186	-1.522367064080445	-1.594199043641737
33.41	-0.500516333448801	-1.946801628747128	-1.774902022897695
33.4125	-0.5255279172925303	-2.025528269217604	-1.943486332315848
33.415	-0.5484654825376621	-1.909211147507544	-2.096527785417865
33.4175	-0.5692385050932205	-2.298346864366766	-2.231025493196436
33.42	-0.5877650033295447	-2.180903308502584	-2.344388931528506
33.4225	-0.6039718616219812	-2.307007090528464	-2.434568801863493
33.425	-0.6177951189051173	-2.514106185528436	-2.50020151672163
33.4275	-0.6291802210976336	-2.54375672860786	-2.540632265068443
33.43	-0.6380822364026032	-2.442419686267299	-2.555815070877122
33.43249999999999	-0.6444660326325385	-2.430583256563893	-2.546180900124591
33.435	-0.6483064158602038	-2.433717461144712	-2.512566479858643
33.4375	-0.6495882298474895	-2.418695156745525	-2.456237166245031
33.44	-0.6483064158601979	-2.169482309431626	-2.378961578835398
33.4425	-0.6444660326325453	-2.321800688943597	-2.28304356823642
33.44500000000001	-0.6380822364025995	-2.0909281693259	-2.171226188152513
33.4475	-0.6291802210976287	-2.015694654250882	-2.046466714592679
33.45	-0.6177951189050883	-2.006749703697173	-1.911684546314085
33.45249999999999	-0.6039718616220011	-1.900768103803514	-1.769611004531363
33.455	-0.5877650033295363	-1.451295959280682	-1.622805068027079
33.4575	-0.5692385050932465	-1.40413207927565	-1.47380029276888
33.46	-0.5484654825376516	-1.3543052974726	-1.325266674302258
33.4625	-0.5255279172925622	-1.1166471807358	-1.180055685940918
33.465	-0.5005163334487412	-0.8141660973693378	-1.04107225863784
33.4675	-0.4735294403010556	-0.8802037753044953	-0.9110117928574621
33.47000000000001	-0.4446737427874254	-0.7331573540977416	-0.7920394869753299
33.4725	-0.4140631211631741	-0.5339784401040786	-0.6855175099627464
33.47500000000001	-0.3818183815670796	-0.562091848697231	-0.5919096818166296
33.4775	-0.3480667792552237	-0.4843992796828356	-0.5109086833173014
33.48	-0.3129415163822342	-0.3811234824830187	-0.4416823482461595
33.48249999999999	-0.2765812163135312	-0.4676980058515821	-0.3830987015586278
33.485	-0.2391293765418445	-0.1152554099532874	-0.3338637541815489
33.4875	-0.2007338023688351	-0.1222026063697535	-0.2925743150523683
33.49	-0.161546023584356	-0.3106058290225067	-0.257712498898601
33.4925	-0.1217206964482181	-0.2736522319872123	-0.2276141789485437
33.495	-0.08141499333202289	-0.1410525591080391	-0.2004459750218152
33.4975	-0.04078798243226503	-0.3512698686685597	-0.1742204527674683
33.5	2.772885751447521e-16	-0.3378235129195983	-0.1578374391507906
33.5025	-0.000370201563000952	-0.1412487918792902	-0.1496021237509201
33.505	-0.000738942109562689	-0.07082169493033873	-0.1381885484921262
33.50749999999999	-0.001104766389207853	-0.04257777575644275	-0.1241322369878286
33.51	-0.00146623066063522	-0.04849817259466356	-0.1080210140446772
33.5125	-0.00182190838950084	0.008518785745888859	-0.09047230100396565
33.515	-0.002170395878305147	-0.2186238503095825	-0.07211132348058683
33.5175	-0.002510317806136711	0.09847583922878117	-0.05355113392618666
33.52	-0.002840332656443163	-0.03818892526670904	-0.03537511689064168
33.5225	-0.003159138011378596	-0.07870237289604784	-0.01812232445842938
33.52500000000001	-0.003465475691856541	0.2217167091949713	-0.002275658058886548
33.5275	-0.003758136723002902	-0.002488045951366716	0.01174734456524123
33.53	-0.004035966105433476	-0.06867369274633592	0.02360148528861106
33.5325	-0.00429786737350344	0.0249748785663048	0.03301899815531129
33.535	-0.004542806922559458	0.09419774809739487	0.03981298913299814
33.53749999999999	-0.004769818088102362	0.02877997619196579	0.04387928085433251
33.54	-0.00497800496077493	-0.02413773172607386	0.04519656311662526
33.5425	-0.00516654592210108	0.1666096274796917	0.04382466105028283
33.545	-0.005334696887043308	0.07986724892563704	0.03990073747116903
33.5475	-0.00548179424056325	0.05996051185662077	0.03363333760203156
33.55	-0.005607257456609271	0.1150871266737566	0.02529433154434555
33.55249999999999	-0.005710591389186166	0.00862311551360996	0.01520897054403583
33.555	-0.005791388226471334	0.005795075718296822	0.00374441018830041
33.5575	-0.005849329100260077	0.1642947330713289	-0.0087028549017201
33.56	-0.005884185344394427	0.01304495065746136	-0.02172015967684213
33.5625	-0.005895819397202962	0.06833523405889895	-0.03489195751326409
33.565	-0.005884185344394381	0.05576058501316927	-0.04781277653359257
33.5675	-0.005849329100260156	-0.1343206861762983	-0.06009943393297645
33.57000000000001	-0.005791388226471325	-0.04885489019069515	-0.07140214449209094
33.5725	-0.00571059138918632	-0.1235303744042692	-0.08141420335887613
33.575	-0.005607257456609048	0.01742721258518209	-0.08987996757802613
33.5775	-0.005481794240562983	-0.2092733238792701	-0.09660091158862581
33.58	-0.005334696887043287	-0.2782872984025015	-0.101439594648947
33.5825	-0.005166545922101378	-0.1050445327736205	-0.1043214549536715
33.585	-0.004978004960774903	-0.07511204195229412	-0.105234433102279
33.5875	-0.004769818088102725	-0.1544509643063132	-0.1042265193771822
33.59	-0.004542806922558997	-0.2004478710335639	-0.1014014061739374
33.5925	-0.004297867373503404	-0.2395763136048772	-0.09691250117986577
33.59500000000001	-0.004035966105432949	-0.005390788624032444	-0.0909556135353669
33.5975	-0.003758136723002862	-0.1249776193296604	-0.08376066198262423
33.6	-0.003465475691855957	-0.0420958321129752	-0.07558277038344344
33.6025	-0.003159138011378552	-0.1898424006563356	-0.06669311223954495
33.605	-0.002840332656442531	-0.0779438561829398	-0.05736984291956237
33.60749999999999	-0.00251031780613727	0.1376042332570116	-0.047889418475334
33.61	-0.002170395878305098	-0.1919257007503647	-0.03851854754689565
33.6125	-0.001821908389501428	0.007186921292334188	-0.02950696426986484
33.615	-0.001466230660634521	0.1733504191688265	-0.02108115263920797
33.6175	-0.001104766389207802	-0.0201959719127536	-0.01343910303856844
33.62	-0.0007389421095619724	0.06510705295736666	-0.006746143773286262
33.6225	-0.0003702015630015689	0.1333414257529149	-0.001131865256695998
33.625	3.294279836051626e-16	0.08910426721390391	0.003311860453422338
33.6275	0.0003702015630015575	0.06427753524699215	0.006531771407251093
33.63	0.0007389421095626259	0.04895340261145502	0.008513034383519736
33.63249999999999	0.001104766389207791	0.1126249541582184	0.009278018738899071
33.63500000000001	0.001466230660635159	0.3271709693792274	0.008884072651770077
33.6375	0.00182190838950078	0.1202283133468926	0.007420373535124686
33.64	0.002170395878305088	0.3499216775691776	0.005003952589356563
33.6425	0.002510317806136653	0.1441477517038422	0.001775021912267551
33.645	0.002840332656443108	0.2066873284042952	-0.00210824216427884
33.6475	0.003159138011378542	0.007421045661787307	-0.006475286530516719
33.65000000000001	0.003465475691855405	0.1793987449744357	-0.01114895482938181
33.6525	0.003758136723002336	-0.1261345913854637	-0.01595125867468011
33.655	0.00403596610543343	0.2741389779035721	-0.02070896220291559
33.65749999999999	0.004297867373503396	0.0182769132669977	-0.0252588064833507
33.66	0.004542806922559418	0.05426313404634955	-0.02945221703924831
33.6625	0.004769818088102718	0.1831727110402948	-0.03315935937918986
33.665	0.004978004960775256	-0.1274131610314062	-0.03627243318490916
33.6675	0.00516654592210105	-0.4384022012636766	-0.03870812486629991
33.67	0.005334696887043282	-0.1703399148795264	-0.04040916969792678
33.6725	0.005481794240563226	-0.03624953234350012	-0.04134500760711948
33.675	0.005607257456609459	-0.08045924393880353	-0.04151154957205829
33.6775	0.005710591389186483	-0.09658087726194514	-0.04093010301338712
33.68	0.005791388226471323	0.0006250033135820204	-0.0396455329955686
33.6825	0.00584932910026007	-0.2763084654181318	-0.03772376009423454
33.685	0.005884185344394423	0.02881732629430253	-0.03524871432023356
33.6875	0.005895819397202962	-0.1295929488037714	-0.03231887680661055
33.69	0.005884185344394386	-0.1167214552298453	-0.02904354681089321
33.6925	0.005849329100260163	0.09237447308174396	-0.0255389711858767
33.69500000000001	0.005791388226471336	-0.08405361169440406	-0.02192446748626132
33.6975	0.005710591389186335	0.06799818702445587	-0.01831866131824554
33.7	0.005607257456609276	0.1079225265800966	-0.01483594463655967
33.70249999999999	0.005481794240563254	0.06126458938957423	-0.01158324574803591
33.705	0.005334696887043028	-0.1717743983621869	-0.008657184987128008
33.7075	0.005166545922101409	0.08476190498441129	-0.006141673342332762
33.71	0.004978004960774936	0.1609696356902926	-0.004105995358960148
33.7125	0.004769818088102762	0.01822467249768345	-0.002603402710595253
33.715	0.004542806922559038	0.1075617319545397	-0.001670230922660046
33.7175	0.004297867373503448	0.1305863188585686	-0.001325538680684698
33.72000000000001	0.004035966105432996	0.06313608266373477	-0.001571256751277254
33.7225	0.003758136723002911	-0.07999171770119029	-0.00239282164619608
33.72500000000001	0.003465475691855466	0.2240528372043203	-0.003760257772935428
33.7275	0.00315913801137804	0.2117114517297536	-0.005629661109880715
33.73	0.002840332656442586	0.1412261283988321	-0.007945027731515559
33.73249999999999	0.002510317806136721	0.1591000292050851	-0.01064036218207032
33.735	0.002170395878305158	-0.03848434602326534	-0.01364199415817897
33.7375	0.001821908389501488	0.1378703934398157	-0.01687102756064989
33.74	0.001466230660634582	0.1891522064143099	-0.02024584395993649
33.7425	0.001104766389207864	0.1307191875994751	-0.02368458301051307
33.745	0.0007389421095620354	0.1129301144769983	-0.02710752534133037
33.7475	0.0003702015630009634	0.09110394460518945	-0.03043930881855338
33.75	-1.131239320241807e-14	-0.05335555113737021	-0.03099205041823457
33.7525	0.01035550544109795	0.06468954446938147	-0.02862659612479173
33.755	0.02067014243323026	-0.04395426929479778	-0.02558354208600552
33.75749999999999	0.03090320381644978	-0.1656703589035259	-0.02121279937564072
33.76	0.04101430437255489	0.01679509162803838	-0.01494062847716235
33.7625	0.05096354020691873	0.09100324518251146	-0.006291108840499767
33.765	0.06071164623114841	-0.198200460951196	0.005096755178948776
33.7675	0.07022015112419895	-0.06814865460683117	0.01945683952672288
33.77000000000001	0.0794515291613144	-0.169075569897582	0.03688906978886026
33.7725	0.08836934831076441	0.1103866380140118	0.05735827064136294
33.77500000000001	0.09693841401456228	-0.1119846335950913	0.08069879733057686
33.7775	0.1051249080851779	-0.07919832423651335	0.1066247452646519
33.78	0.11289652217057	0.1572486460605222	0.1347451482360098
33.7825	0.1202225852604846	0.2103013729043596	0.1645831609874112
33.785	0.127074184730863	0.1879657071794071	0.1955978673071876
33.7875	0.1334242804487691	0.1574697014532574	0.2272071637423925
33.79	0.1392478114875099	0.1766020420142705	0.2588102120870914
33.7925	0.1445217950305637	0.2591899461904895	0.2898082295297732
33.79500000000001	0.149225417074378	0.3957206825101699	0.3196228136763058
33.7975	0.1533401145715994	0.3130012233937881	0.3477114540573853
33.8	0.1568496486910418	0.3168957795961845	0.373580240912629
33.80249999999999	0.1597401689048848	0.5006497250107116	0.3967939748257497
33.805	0.1620002676504114	0.5033928539654351	0.4169839060326085
33.8075	0.1636210253503999	0.7924354571943396	0.4338532493902857
33.81	0.1645960456146681	0.6670217389081148	0.4471805184403967
33.8125	0.1649214804836738	0.7341440621466798	0.4568206767449612
33.815	0.1645960456146673	0.941342250946744	0.4627041500412815
33.8175	0.1636210253504006	0.7007076363878355	0.4648338577869198
33.82000000000001	0.1620002676504089	0.7849214504167888	0.4632805487425968
33.8225	0.1597401689048908	0.7391024804972045	0.4581768011347518
33.825	0.1568496486910377	0.6160779846152907	0.4497100429633292
33.8275	0.1533401145715945	0.5093386208840428	0.4381148743685849
33.83	0.1492254170743724	0.7100493843120399	0.4236648740866944
33.8325	0.1445217950305754	0.4451470656429675	0.4066639927234647
33.835	0.1392478114875029	0.4381047545627186	0.3874376058106073
33.8375	0.1334242804487724	0.3641838575782279	0.3663233221774065
33.84	0.1270741847308547	0.2135492369277834	0.3436617002370678
33.8425	0.1202225852604884	0.2418011157128759	0.3197870904361773
33.84500000000001	0.1128965221705605	0.1930853686914912	0.2950188741201988
33.8475	0.1051249080851678	0.1753897274978233	0.2696533952060963
33.84999999999999	0.09693841401455168	0.164707409291153	0.2439568791338942
33.8525	0.08836934831076919	-0.05355468224919366	0.2181596075491186
33.855	0.07945152916130294	0.1242315361788857	0.1924515724094259
33.85749999999999	0.07022015112420406	0.04617781247691538	0.166979773604345
33.86	0.06071164623113624	-0.1610496277646182	0.1418472518991593
33.8625	0.05096354020694194	0.02085966492609526	0.1171138663564857
33.86499999999999	0.04101430437254221	-0.1441880124147875	0.09279873691214935
33.8675	0.03090320381645533	-0.09905823149400514	0.06888418626106321
33.87	0.02067014243321727	-0.09928145345934636	0.04532094047299594
33.8725	0.0103555054411036	-0.162694146507631	0.02203429408913045
33.87500000000001	-2.440845651944848e-14	-0.2216699190753782	-0.001069081328513254
33.8775	-0.01035550544111489	-0.1365637465234568	-0.02409400538075247
33.88	-0.0206701424332285	-0.2040755377702562	-0.04714962976054395
33.8825	-0.03090320381644803	-0.1120054069349971	-0.07034250802099713
33.885	-0.04101430437255317	-0.2375307821581236	-0.09377010320320162
33.8875	-0.05096354020693487	-0.102540848980302	-0.1175148955813662
33.89	-0.06071164623114676	-0.02260825497487039	-0.1416392114055633
33.8925	-0.07022015112419734	-0.04679294030334362	-0.1661808598456984
33.895	-0.07945152916131284	-0.1750386796505243	-0.1911496393390701
33.8975	-0.08836934831076292	-0.2272723626187312	-0.2165247546387866
33.9	-0.09693841401454567	0.03854975842210728	-0.2422531699017252
33.9025	-0.1051249080851476	-0.1545979638143757	-0.2682489091690131
33.905	-0.1128965221705687	0.03265414101185815	-0.2943933023258291
33.9075	-0.1202225852604833	-0.1545430825457925	-0.3205361616072683
33.91	-0.1270741847308619	-0.18223604237117	-0.346497861035428
33.9125	-0.1334242804487681	-0.2130150082801986	-0.3720722789762673
33.915	-0.1392478114875089	-0.2756563996913687	-0.3970305520279529
33.9175	-0.1445217950305628	0.08138661050907192	-0.4211255756873978
33.92	-0.1492254170743772	-0.2394591006754327	-0.4440971720789534
33.9225	-0.1533401145715987	-0.2934345275657787	-0.4656778257142
33.925	-0.156849648691047	-0.4668527255434445	-0.4855988637691805
33.9275	-0.1597401689048936	-0.4135222415385348	-0.5035969282598751
33.93	-0.1620002676504145	-0.470647380973606	-0.5194205565200742
33.9325	-0.1636210253503997	-0.4996034847089282	-0.5328366584203454
33.935	-0.164596045614668	-0.4913031713279691	-0.5436366600655104
33.9375	-0.1649214804836738	-0.7539229516243088	-0.5516420803452096
33.94	-0.1645960456146674	-0.3679485723510028	-0.5567093228014023
33.9425	-0.1636210253504008	-0.5985558601758503	-0.5587335014260153
33.945	-0.1620002676504092	-0.7547884336793225	-0.5576511716702245
33.94750000000001	-0.1597401689048913	-0.6698280356501296	-0.5534418999396377
33.95	-0.1568496486910441	-0.4796911922252535	-0.5461286669217073
33.95249999999999	-0.1533401145716021	-0.8906813180782034	-0.5357771531611969
33.955	-0.1492254170743731	-0.6643861064199578	-0.5224939927292604
33.9575	-0.1445217950305763	-0.5211202662625296	-0.506424100166741
33.96	-0.1392478114875038	-0.6413862807924489	-0.4877471795862369
33.96250000000001	-0.1334242804487735	-0.7333648331821943	-0.4666735196736465
33.965	-0.1270741847308558	-0.4781496440526435	-0.4434391733929347
33.9675	-0.1202225852604896	-0.5686624508117804	-0.418300624701734
33.97	-0.1128965221705617	-0.3438849921842847	-0.3915290606582562
33.9725	-0.1051249080851547	-0.5883155875104613	-0.3634043939588492
33.975	-0.09693841401452279	-0.5192835554224533	-0.3342092103718763
33.9775	-0.08836934831075485	-0.2418483858522374	-0.3042228370124568
33.98	-0.07945152916130449	-0.07663263200578205	-0.273715731608288
33.98249999999999	-0.07022015112420567	-0.1620481014832901	-0.2429443757756465
33.985	-0.06071164623113789	-0.1573511844186361	-0.2121468195251867
33.9875	-0.05096354020694363	-0.2856913587159666	-0.1815389779008489
33.99	-0.04101430437254393	-0.1637468535814291	-0.1513117341338139
33.9925	-0.03090320381645708	0.171511532302302	-0.1216288658377696
33.995	-0.02067014243321903	0.003863800815353369	-0.09262578640862816
33.9975	-0.01035550544110537	-0.01838003350130467	-0.06440908290882018
34.0	-2.169169191068141e-15	0.1850511935588863	-0.04112554659268799
34.00249999999999	-0.005787749560713874	0.4627315754365939	-0.02292538234716278
34.005	-0.01155265751810159	-0.02603706132087602	-0.006293576943293185
34.00749999999999	-0.01727197241416212	0.1150741745612567	0.007972372175058895
34.01	-0.02292312272592776	0.318863051847102	0.01918526161502665
34.0125	-0.02848380594486255	0.2827204598720341	0.02677466342237744
34.015	-0.03393207659475592	0.1401990425853288	0.03029204845636019
34.0175	-0.03924643284040166	0.3837153962343581	0.02941569641296395
34.02	-0.04440590134563503	0.2446378537836701	0.0239556072153202
34.0225	-0.04939012004537442	0.2125690576804428	0.01385774403630295
34.02500000000001	-0.05417941850550285	0.2765395591901633	-0.0007936616031083595
34.0275	-0.05875489555300324	0.3120234862287264	-0.01977717085139729
34.03	-0.06309849387030694	0.08932501797825905	-0.04273969028375744
34.03249999999999	-0.06719307125927261	0.1588650128318382	-0.06920700211656189
34.035	-0.07102246829357907	-0.02142791710510013	-0.09859899813414469
34.0375	-0.07457157209260318	-0.03206363514800994	-0.1302486966679116
34.04	-0.07782637596509427	-0.2408655138835551	-0.163423758555571
34.0425	-0.08077403468713432	-0.3026236702524848	-0.1973491974680917
34.045	-0.08340291519641076	-0.513585747920451	-0.2312302392121626
34.0475	-0.08570264250257476	-0.2815509547235899	-0.2642746726997924
34.05	-0.08766414063259434	-0.4631121923840962	-0.2957143796140015
34.05249999999999	-0.08927966844947362	-0.6172294414387536	-0.3248259020543335
34.055	-0.09054285020298576	-0.6939567221183834	-0.3509498633773547
34.05749999999999	-0.09144870069183664	-0.7622808140071722	-0.3735088429430297
34.06	-0.091993644937997	-0.6518636019933447	-0.3920230350869635
34.0625	-0.0921755322954847	-0.5836486298706269	-0.4061228380793205
34.065	-0.09199364493799679	-0.6232986245841838	-0.4155575353661028
34.0675	-0.09144870069183753	-0.6589032917803682	-0.4201994870409399
34.07000000000001	-0.09054285020298317	-0.7849275276074806	-0.4200436813390141
34.0725	-0.08927966844947538	-0.5142597564073578	-0.4152029626179929
34.075	-0.08766414063259331	-0.6594914280007096	-0.4058995983667231
34.0775	-0.08570264250257352	-0.6128361294982392	-0.392453977806247
34.08	-0.08340291519640933	-0.5030946293912755	-0.3752711565798068
34.0825	-0.0807740346871327	-0.5581771105696416	-0.3548257771250599
34.085	-0.07782637596508687	-0.2756316000319173	-0.3316457399601278
34.0875	-0.07457157209260737	-0.2761154043598247	-0.3062949767501055
34.09	-0.07102246829357695	-0.4980532934481139	-0.2793557912257287
34.0925	-0.0671930712592775	-0.05503129946015753	-0.2514114077362781
34.09500000000001	-0.0630984938703045	-0.1582940523411157	-0.2230294790175255
34.0975	-0.05875489555299258	-0.1079982233823344	-0.1947472663666619
34.1	-0.05417941850550015	0.02338323963414563	-0.1670590074446992
34.10249999999999	-0.04939012004538045	0.1284293183625886	-0.1404056959394041
34.105	-0.0444059013456321	0.2493031774950971	-0.1151672136421552
34.10749999999999	-0.03924643284040812	0.0511656848311611	-0.09165656408812257
34.11	-0.03393207659474307	0.2503322857345099	-0.07011589774813091
34.1125	-0.02848380594486934	0.02831361890127895	-0.05071408313629985
34.115	-0.02292312272592452	0.4274771691676986	-0.03354572183157961
34.1175	-0.01727197241416913	0.2136374470312781	-0.01863166703823484
34.12	-0.01155265751809827	0.1911809791660646	-0.005921224648799949
34.1225	-0.005787749560720994	0.1946439311201449	0.004703750442195818
34.12500000000001	1.165460590267929e-14	0.08724721236207766	0.01342271612448073
34.1275	0.005787749560733799	0.2604694792398694	0.02046826407876365
34.13	0.0115526575181006	0.07947262466271399	0.02611608800839345
34.13249999999999	0.01727197241416114	0.2450606701353738	0.03067346359513186
34.135	0.0229231227259268	0.03853390422937147	0.03446673269471526
34.1375	0.02848380594486161	0.1636199030679656	0.03782834757343136
34.14	0.03393207659475499	0.03358814113543136	0.04108403438501469
34.1425	0.03924643284040077	0.2218890396268504	0.04454059586184981
34.145	0.04440590134563416	-0.0671217963954331	0.04847481071372709
34.1475	0.04939012004537358	-0.09626055632264513	0.05312381579796391
34.15	0.05417941850549357	-0.1040364728328256	0.05867728355217244
34.1525	0.05875489555299439	-0.1641819546406917	0.06527163202314144
34.155	0.06309849387031385	-0.1670297754311763	0.07298642543648996
34.1575	0.06719307125927193	-0.1311167442174666	0.08184303692635524
34.16	0.07102246829357843	-0.06328133675895531	0.09180555131922769
34.16249999999999	0.0745715720926026	-0.2393488764519631	0.1027837876179586
34.165	0.07782637596509374	-0.1175990439097019	0.1146382242550784
34.1675	0.08077403468713384	-0.0575735881536264	0.1271865238124293
34.17	0.0834029151964148	0.0894567031835266	0.1402112869659566
34.1725	0.08570264250257438	-0.07140280629557655	0.1534686257478707
34.175	0.08766414063259728	0.05971704047027095	0.1666971382636748
34.17749999999999	0.08927966844947598	0.1169443882425133	0.1796268903765626
34.18	0.09054285020298557	0.1388439826716713	0.1919880591842334
34.1825	0.0914487006918365	0.2063917001716469	0.2035189591195158
34.185	0.09199364493799694	0.326309360875264	0.2139732434164308
34.1875	0.0921755322954847	0.2190228999921928	0.2231261417463268
34.19	0.09199364493799686	0.3150893185167227	0.2307796524111755
34.1925	0.09144870069183765	0.2761666765486819	0.2367666519330077
34.19500000000001	0.09054285020298335	0.334015770066977	0.2409539171168528
34.1975	0.08927966844947303	0.4950878910766727	0.2432440777776872
34.2	0.08766414063259687	0.5184688184816191	0.2435765359129188
34.20249999999999	0.08570264250257774	0.6054562322012639	0.2419274019607785
34.205	0.08340291519640976	0.3988706872041013	0.2383085123507784
34.2075	0.08077403468713319	0.4147790379356353	0.2327656051097461
34.21	0.0778263759650874	0.5662619201208695	0.2253757416085638
34.2125	0.07457157209260797	0.3899126433360077	0.2162440724872828
34.215	0.07102246829357757	0.4563382860953697	0.205500054590293
34.2175	0.06719307125927816	0.5338305293563677	0.1932932337827763
34.22000000000001	0.06309849387030524	0.2912415256973665	0.1797887160189084
34.2225	0.05875489555299335	0.2286442968143987	0.16516245572042
34.225	0.054179418505484	0.2812878899835127	0.1495964955674991
34.2275	0.04939012004537243	0.1300558878476904	0.1332742940328953
34.23	0.04440590134563297	-0.1396546781619206	0.1163762752127625
34.23249999999999	0.03924643284040902	0.04778910159598693	0.09907572885273083
34.235	0.033932076594744	-0.05175335460023632	0.08153517653345704
34.2375	0.02848380594486031	0.006892577449643764	0.06390330289737373
34.24	0.02292312272591534	-0.2063963817368252	0.04631252914818279
34.2425	0.0172719724141701	-0.1681043722212994	0.02887728080604
34.245	0.01155265751809926	-0.1596787503151641	0.01169297411793738
34.2475	0.005787749560721985	-0.2529813994235429	-0.005164282875418799
34.25	-9.53286835712068e-16	-0.2770003557926343	-0.02747691185205128
34.2525	-0.03035649445560783	-0.5114968985864992	-0.055315141187303
34.255	-0.06059318569627114	-0.2409458723388221	-0.08364233072420657
34.25749999999999	-0.09059074331532994	-0.3854648882318402	-0.1139980837102332
34.26000000000001	-0.1202307806575505	-0.2709522495132727	-0.1478372278213595
34.2625	-0.1493963220366809	-0.2716106466461186	-0.1865126030406404
34.265	-0.1779722643854714	-0.403838621540186	-0.2312633866625651
34.2675	-0.2058458315144245	-0.3623665512529176	-0.2831970467429701
34.27	-0.232907019188505	-0.5553143078880101	-0.3432560276292027
34.2725	-0.2590490292628951	-0.4882667474816458	-0.412165969225869
34.27500000000001	-0.2841686911670739	-0.5599458497936358	-0.4903704281766215
34.2775	-0.3081668690714968	-0.3616723181433872	-0.577964552705111
34.28	-0.3309488531317458	-0.4452383960319161	-0.6746417524868475
34.28249999999999	-0.3524247332647963	-0.5254052136323812	-0.7796613255520869
34.285	-0.3725097539832722	-0.7521155171201193	-0.8918366421311014
34.2875	-0.3911246488862582	-0.8983344160334191	-1.009540632330758
34.29	-0.4081959534879758	-1.032399478504174	-1.130730553687551
34.2925	-0.4236562951482375	-0.8772630185842805	-1.253003280970047
34.295	-0.4374446589617245	-1.051403248878577	-1.373696741410785
34.2975	-0.4495066285556988	-1.190873166773525	-1.490040131057915
34.3	-0.4597946008468331	-1.272815918654045	-1.599322687393214
34.30249999999999	-0.4682679739085983	-1.363455470403466	-1.699027573383074
34.305	-0.4748933072086458	-1.354753986461776	-1.786901200423765
34.3075	-0.4796444535832434	-1.394582513198197	-1.860978650947173
34.31	-0.4825026624282598	-1.627517563380139	-1.919603261214572
34.3125	-0.4834566536991649	-1.58084231929742	-1.961454177333277
34.315	-0.4825026624282565	-1.649583422605515	-1.985571780556515
34.3175	-0.4796444535832438	-1.60368207525836	-1.991371735866289
34.32000000000001	-0.4748933072086361	-1.770605705938501	-1.978652613196016
34.3225	-0.4682679739085991	-1.745289599495695	-1.947609253195209
34.325	-0.4597946008468172	-1.678493974980559	-1.89885555653277
34.3275	-0.4495066285557	-1.700044966753053	-1.833441242098911
34.33	-0.4374446589617025	-1.711166020006	-1.752831247313136
34.3325	-0.4236562951482392	-1.780941509017425	-1.658820947240682
34.335	-0.4081959534879481	-1.629993409896124	-1.553393702913903
34.3375	-0.3911246488862924	-1.610510523942582	-1.438571978773161
34.34	-0.3725097539832743	-1.413395744644351	-1.316332949001636
34.3425	-0.3524247332648362	-1.522627023100143	-1.188632780216078
34.34500000000001	-0.3309488531317082	-1.241778483231897	-1.05751655859392
34.3475	-0.308166869071457	-1.173627465886813	-0.9252138547403552
34.35	-0.2841686911670322	-1.109701993573046	-0.7940995421410669
34.35249999999999	-0.2590490292629444	-0.9439508403987193	-0.6664854624922962
34.355	-0.2329070191885079	-0.8012195752611939	-0.5443401948367708
34.35749999999999	-0.2058458315144772	-0.6180452927726816	-0.4290897615409596
34.36	-0.1779722643854234	-0.5897745428822332	-0.3215873700579917
34.3625	-0.1493963220366841	-0.3801859470176288	-0.2222232897912747
34.365	-0.1202307806575005	-0.4566011610894452	-0.1310811692895396
34.3675	-0.09059074331538719	-0.1093444725537751	-0.0480666171909527
34.37	-0.06059318569627441	-0.1515198298478302	0.02701524463391285
34.3725	-0.03035649445566598	0.2424865998121751	0.09442530457930928
34.37500000000001	5.070398940578421e-14	-0.122671307007882	0.1544854800021623
34.3775	0.03035649445571234	0.2140534012416727	0.2075943002570938
34.38	0.06059318569626596	0.421591363189643	0.2542565658609298
34.38249999999999	0.09059074331532482	0.6225056252046473	0.2951168124298137
34.385	0.1202307806575455	0.4729177136743806	0.3309804521557083
34.3875	0.149396322036676	0.6635014504620191	0.3628072157583585
34.39	0.1779722643854665	0.6517641136176325	0.3916724370575863
34.3925	0.2058458315144694	0.7187847004011418	0.4187053717112752
34.39500000000001	0.2329070191885486	0.8126057863075257	0.4450199302054089
34.3975	0.2590490292628908	0.5546058355116397	0.4716501744055121
34.4	0.2841686911670253	0.8854421654694096	0.4994963746454876
34.4025	0.3081668690714504	0.8223867507679055	0.5292826197530891
34.405	0.330948853131742	0.7875215551357907	0.561525266311228
34.4075	0.3524247332647927	0.7535269252763355	0.5965118279003807
34.41	0.3725097539832689	0.9464427221760273	0.6342907789205966
34.4125	0.3911246488862551	0.9538616415552713	0.6746731657499312
34.415	0.4081959534879729	0.8997598666235462	0.7172464312077718
34.4175	0.4236562951482351	0.8623493602160941	0.7613995717093593
34.42000000000001	0.4374446589617222	0.9269407604580426	0.8063572458026853
34.4225	0.4495066285556969	0.7660730050930059	0.851219544022575
34.425	0.4597946008468485	0.7816131450645969	0.8950043824113347
34.4275	0.4682679739086106	0.9003181769070683	0.9366907582846877
34.43	0.4748933072086448	0.8766706144850359	0.9752624340384464
34.4325	0.4796444535832426	0.9841663120357677	1.0097517512024
34.435	0.4825026624282594	0.9183640105812401	1.039281829336147
34.4375	0.4834566536991649	0.9949256618737189	1.063103487789826
34.44	0.4825026624282568	1.015749358161814	1.080622668783985
34.4425	0.4796444535832444	1.025407988035487	1.091415766969291
34.44500000000001	0.4748933072086371	0.9144067788901853	1.095233123873582
34.4475	0.4682679739086004	1.055445087261683	1.091993253905742
34.45	0.4597946008468528	1.151977530849458	1.081771105871751
34.4525	0.4495066285557222	1.089104666191238	1.064783059098746
34.455	0.4374446589617047	1.077377165438807	1.041370201410856
34.4575	0.4236562951482417	1.020674193291687	1.011980325625509
34.46	0.4081959534879509	1.067716566049546	0.9771482845033328
34.4625	0.3911246488862632	1.072718906417336	0.9374740548473712
34.465	0.3725097539832426	0.8209251223376833	0.893598207353641
34.4675	0.3524247332648397	0.8649436632618671	0.846175323686961
34.47000000000001	0.3309488531317119	0.8734404798567349	0.7958468174083386
34.4725	0.308166869071461	0.7021386345991296	0.7432151356330892
34.47500000000001	0.2841686911669919	0.6472097186518846	0.6888212301220986
34.4775	0.2590490292628559	0.6342022494528963	0.6331266005338974
34.48	0.2329070191885124	0.7475498492846295	0.5765004240725033
34.48249999999999	0.2058458315144819	0.4235983078612395	0.5192115867202003
34.485	0.1779722643854282	0.6157914542326922	0.4614249992665162
34.4875	0.149396322036689	0.2477266489899575	0.4032014617941018
34.48999999999999	0.1202307806575055	0.3058176402165972	0.3445004761288541
34.4925	0.0905907433153923	0.196227597488236	0.2851856768090551
34.495	0.06059318569627958	0.07214049518014992	0.2250328138669702
34.4975	0.03035649445567119	-0.04321503411952904	0.1637403557952735
34.5	-4.636286367321602e-15	-0.2029918224579557	0.1112413973371764
34.5025	0.01486083673547691	-0.1377886795234375	0.06772410110286262
34.505	0.02966302453766077	-0.1277570206514706	0.02402204001353917
34.5075	0.04434814593368813	-0.2453695183947905	-0.01737111777036222
34.51	0.05885824545850878	-0.3683822430850713	-0.05412377030751876
34.5125	0.073136058378253	-0.3296695263067562	-0.08412400211255944
34.515	0.08712523668829031	-0.4140079616955271	-0.105539785448996
34.5175	0.1007705714928281	-0.411088155573093	-0.1168858744072629
34.52	0.1140182108894025	-0.5036116033557457	-0.11709350205766
34.5225	0.1268158724975154	-0.3252538888526325	-0.1055716724300826
34.52500000000001	0.1391130497935875	-0.3412810895611644	-0.08224657947660241
34.5275	0.1508612114368091	-0.1818151569241679	-0.04757054684528219
34.53	0.1620139928004216	-0.06562735648623694	-0.002498438901906007
34.5325	0.172527378951604	-0.2805548034950378	0.05156939782313353
34.535	0.182359878358327	-0.1160980864764718	0.1128800914680803
34.5375	0.1914726866374738	-0.1010714048333028	0.1794535556263604
34.54	0.1998298396980273	0.2606794672767905	0.2492223828886627
34.5425	0.2073983556748472	0.5682292082342991	0.3201584333610886
34.545	0.2141483650931265	0.5164695314281016	0.3903623639747063
34.5475	0.2200532287494527	0.7526187324270814	0.4581080813815832
34.55	0.2250896428446546	0.5969379117680134	0.5218518113050281
34.55249999999999	0.2292377309532354	0.8660465946795801	0.5802264347765181
34.555	0.2324811224665068	0.7825238655291102	0.6320407460218902
34.5575	0.234807017199919	0.8189535349049073	0.676292199053577
34.56	0.2362062359095677	0.9695501992314626	0.7121896961280967
34.5625	0.2366732565184431	0.985268991645907	0.7391769812387408
34.565	0.2362062359095667	1.165470937231102	0.7569463501975978
34.5675	0.2348070171999205	1.054699328375164	0.7654348839097921
34.57	0.232481122466504	1.130789402968532	0.7648021710602839
34.57250000000001	0.2292377309532384	1.015280270431488	0.7553970963583294
34.575	0.22508964284465	1.085998802000966	0.737725283852477
34.5775	0.2200532287494373	0.7180972967348018	0.7124253535431087
34.58	0.2141483650931201	0.6442324570369936	0.6802547918991657
34.5825	0.207398355674853	0.8196145798179116	0.6420801654273905
34.585	0.1998298396980192	0.5267343546468541	0.5988644717962184
34.58750000000001	0.1914726866374808	0.3784996224130207	0.5516465577338868
34.59	0.1823598783583174	0.0660582134600396	0.5015117253228947
34.5925	0.1725273789516121	0.04669025182177927	0.4495563684609551
34.595	0.1620139928004106	-0.1361153826769806	0.3968511079902828
34.5975	0.1508612114367975	0.09187601071762438	0.3444063321732642
34.6	0.1391130497935753	-0.2079138057376337	0.2931422760814482
34.60249999999999	0.1268158724975481	-0.1436058375776022	0.243863962858337
34.605	0.1140182108893893	-0.1000772279721348	0.1972402773504328
34.60749999999999	0.1007705714928388	-0.3297905419260963	0.1537864420241849
34.61	0.08712523668827628	-0.269659933300484	0.1138500733526468
34.6125	0.07313605837826424	-0.2197272918443636	0.07760228556947812
34.615	0.05885824545849417	-0.3398182600801701	0.04503617862454098
34.6175	0.04434814593369975	-0.3747945690051236	0.01597478683369646
34.62	0.02966302453761911	-0.4501981841194065	-0.009910943743350588
34.6225	0.01486083673548871	-0.2475750101385402	-0.03307566854243854
34.625	-1.971886667741513e-14	-0.4219071346722323	-0.0540678086756019
34.6275	-0.01486083673550122	0.01881332543207181	-0.07349605359955069
34.63	-0.02966302453765823	-0.2823040096453331	-0.09199733740078334
34.63249999999999	-0.04434814593368563	-0.142063142091249	-0.1102082981701808
34.635	-0.05885824545850631	-0.2335230975212877	-0.1287410709166593
34.6375	-0.07313605837825057	-0.01427146312451667	-0.1481633879816638
34.64	-0.08712523668828794	0.04679776692318311	-0.1689824518056474
34.6425	-0.1007705714928258	-0.05868358513341396	-0.1916318597477886
34.645	-0.1140182108894003	0.2210377360916605	-0.2164609152933359
34.6475	-0.1268158724975132	0.1897779357845883	-0.2437258667922046
34.65	-0.1391130497935637	0.2440977118138606	-0.2735828887611355
34.6525	-0.1508612114367864	-0.07247115700465909	-0.3060828793274818
34.655	-0.1620139928004197	0.2216393035706703	-0.3411683193753874
34.65749999999999	-0.1725273789516023	0.01330991338772496	-0.378672481672568
34.66	-0.1823598783583425	0.04201734317760925	-0.4183211945340782
34.6625	-0.1914726866374723	-0.01222864639338177	-0.4597372061181389
34.665	-0.1998298396980259	-0.1206779189943998	-0.5024470444075656
34.6675	-0.207398355674846	-0.1229182818746932	-0.5458902009400541
34.67	-0.2141483650931255	-0.2981753315909647	-0.5894305176596542
34.6725	-0.2200532287494518	-0.3237201318138631	-0.6323697980412923
34.675	-0.2250896428446705	-0.56219698441459	-0.673963812308766
34.6775	-0.2292377309532415	-0.5419392478295046	-0.7134409110105273
34.68	-0.2324811224665064	-0.6213188803186178	-0.7500233043344499
34.68249999999999	-0.2348070171999187	-0.8852549937008416	-0.7829506693465685
34.685	-0.2362062359095675	-0.8824509614954279	-0.8115051754594889
34.6875	-0.2366732565184431	-1.023693232585502	-0.8350364361373408
34.69	-0.2362062359095669	-1.177090480871533	-0.8529845208904946
34.6925	-0.2348070171999208	-1.270679504079598	-0.8648991637318504
34.69500000000001	-0.2324811224665045	-1.180771790859514	-0.8704537056650011
34.6975	-0.229237730953239	-1.252604777458177	-0.8694529799878644
34.7	-0.2250896428446591	-1.155281012640062	-0.8618350959838866
34.70249999999999	-0.220053228749458	-1.262269463345072	-0.8476677467840735
34.705	-0.2141483650931212	-1.303097743509852	-0.8271401878499691
34.7075	-0.2073983556748542	-1.38833883903085	-0.8005523645336438
34.71	-0.1998298396980206	-1.022294013845896	-0.7683027440873921
34.7125	-0.1914726866374823	-1.064560253644556	-0.7308761340857555
34.715	-0.182359878358319	-0.9781665676050058	-0.688832102102922
34.7175	-0.1725273789516139	-0.9280267910805833	-0.642793676907102
34.72000000000001	-0.1620139928004125	-0.8400215950663363	-0.5934351640473033
34.7225	-0.1508612114367994	-0.7697873617910627	-0.5414676267090779
34.72500000000001	-0.1391130497935556	-0.7617180941761051	-0.4876211782887397
34.7275	-0.1268158724975048	-0.4761118990064584	-0.4326245470929083
34.73	-0.1140182108893679	-0.3157093123822473	-0.3771837536677143
34.73249999999999	-0.1007705714928411	-0.3943247357417581	-0.321962431216517
34.735	-0.08712523668827866	-0.00532162151280946	-0.2675659771399411
34.7375	-0.07313605837826667	0.0695051295635813	-0.2145306147689011
34.74	-0.05885824545849664	0.06376471731712136	-0.163317177604256
34.7425	-0.04434814593370225	0.2037843473976151	-0.1143085275079455
34.745	-0.02966302453762163	0.2567063649673983	-0.06780918602298833
34.7475	-0.01486083673549125	0.355065545705664	-0.0240459157816253
34.75	-6.20695373717583e-15	0.367444229103999	0.01546993859933158
34.7525	0.009471010642420789	0.4414474245580108	0.0506139619397595
34.755	0.01890464353275237	0.4018918499890847	0.08257843270993871
34.75749999999999	0.02826366843173638	0.5152615067395703	0.1112026438693314
34.76	0.03751114954389589	0.5544830628690941	0.1364174741662175
34.7625	0.04661059128600303	0.5833702926539751	0.1582450882297635
34.765	0.05552608231867401	0.2922356930216884	0.176796322541168
34.7675	0.06422243727187107	0.6159203327175415	0.1922649885195739
34.77	0.07266533560561197	0.3635717071354002	0.2049187290372568
34.7725	0.08082145705733627	0.3354285391923347	0.2150866104865963
34.77500000000001	0.08865861314188088	0.2398046349414862	0.2231441217859782
34.7775	0.09614587418459457	0.3590136825381983	0.229496541703463
34.78	0.1032536913867876	0.257216549369789	0.2345616952215402
34.7825	0.1099540134412018	0.1390716979510333	0.2387530109012122
34.785	0.1162203972377853	-0.1459924376396777	0.2424636104089833
34.78749999999999	0.1220281122224988	0.1147139047817988	0.2460519849419815
34.79	0.127354237997632	0.08797198990008148	0.2498296770420338
34.7925	0.1321777547779959	-0.01466550215975532	0.25405129135231
34.795	0.1364796263465309	-0.09289733611777515	0.2589070866405157
34.7975	0.1402428751814786	0.0007787140686202274	0.2645183318353737
34.8	0.1434526494589553	-0.1385105386691524	0.2709355234384407
34.80249999999999	0.1460962816663058	0.05866547218117441	0.2781394522537527
34.805	0.1481633385949652	0.09099570702483151	0.2860449765192641
34.8075	0.1496456625155773	-0.1104950514267352	0.2945072186664667
34.81	0.1505374033728419	0.0040943637175197	0.303329772991549
34.8125	0.15083504187299	-0.00856432518479168	0.3122744116873399
34.815	0.1505374033728406	0.109034837222492	0.3210717227982973
34.8175	0.149645662515579	0.3244051495576863	0.329432112826629
34.82000000000001	0.1481633385949646	0.2156388839886038	0.3370566556471751
34.8225	0.1460962816663093	0.4116491643277491	0.3436473558380781
34.825	0.1434526494589543	0.3076938627434219	0.3489165012184767
34.8275	0.1402428751814711	0.4507964535507062	0.3525948887539261
34.83	0.1364796263465296	0.6801454780314392	0.3544388062547212
34.8325	0.1321777547780027	0.3230117157402232	0.354235731446537
34.835	0.1273542379976304	0.5430105900048112	0.3518087676727973
34.8375	0.122028112222507	0.7397247477813726	0.3470198732403557
34.84	0.1162203972377724	0.5601924946567359	0.3397719625497703
34.8425	0.1099540134411996	0.7158763470215652	0.3300099651397416
34.84500000000001	0.1032536913867853	0.7803387240527802	0.3177209267749465
34.8475	0.09614587418459218	0.7050145986970532	0.3029332279309283
34.85	0.08865861314186449	0.7177011989084883	0.2857149833565127
34.8525	0.08082145705733365	0.4315931866790089	0.2661716765025045
34.855	0.07266533560559423	0.6252341390050248	0.2444430792391455
34.85749999999999	0.06422243727188377	0.3364279873907398	0.220699513925508
34.86	0.05552608231867112	0.3142719949681488	0.1951375324185844
34.8625	0.04661059128601638	0.3738019399246033	0.1679751127200498
34.865	0.03751114954389288	0.115929903603121	0.1394465036720673
34.8675	0.02826366843175017	0.08399068662586957	0.1097968752440547
34.87	0.01890464353273228	0.1086275689832375	0.07927695083590652
34.8725	0.009471010642434802	0.0149093978917626	0.04813780496069073
34.875	-9.314912076335188e-15	-0.2378039880246346	0.01662600342081275
34.8775	-0.00947101064243628	-0.2461971990961619	-0.01502075536084901
34.88	-0.01890464353275076	-0.3124022170276209	-0.04657736751501367
34.88249999999999	-0.02826366843175163	-0.5953641161060049	-0.07783432434408419
34.88500000000001	-0.03751114954391092	-0.3681452781612226	-0.108599930673538
34.8875	-0.04661059128600149	-0.3349564422594594	-0.1387017258885394
34.89	-0.0555260823186725	-0.6413681545263061	-0.1679871319372102
34.8925	-0.0642224372718696	-0.485270708325352	-0.1963233879675519
34.895	-0.07266533560561056	-0.7006308205637823	-0.2235968603164909
34.8975	-0.0808214570573349	-0.6399608379593619	-0.2497118373946502
34.90000000000001	-0.0886586131418518	-0.6831456516178701	-0.2745889306348807
34.9025	-0.09614587418458011	-0.5881941526545011	-0.2981632051892837
34.905	-0.1032536913867864	-0.4938618227827791	-0.3203821586455154
34.90749999999999	-0.1099540134412006	-0.3962988539978035	-0.3412036545980409
34.91	-0.1162203972377843	-0.6235144966565308	-0.360593902704174
34.9125	-0.1220281122224978	-0.4936142357646456	-0.3785255600066039
34.915	-0.1273542379976312	-0.5618405835765439	-0.3949760115379835
34.9175	-0.1321777547779951	-0.1458431175280637	-0.4099258726805645
34.92	-0.1364796263465302	-0.4671228000572936	-0.4233577420410141
34.9225	-0.140242875181478	-0.4371094907620567	-0.4352552218544508
34.925	-0.1434526494589654	-0.3742511713287366	-0.4456022130159006
34.9275	-0.1460962816663139	-0.1427822285954696	-0.4543824834502874
34.93	-0.1481633385949649	-0.4061155853455176	-0.4615795013610908
34.9325	-0.149645662515577	-0.2280023849656401	-0.4671765186622255
34.935	-0.1505374033728418	-0.207065260286013	-0.4711568844150075
34.9375	-0.15083504187299	-0.1514620059617939	-0.4735045632618756
34.94	-0.1505374033728407	-0.131550565675654	-0.4742048296583686
34.9425	-0.1496456625155792	-0.2809950721653165	-0.4732451051954988
34.94500000000001	-0.1481633385949649	-0.02642031301164172	-0.4706159035509231
34.9475	-0.1460962816663096	-0.2789973938527937	-0.4663118456856354
34.95	-0.1434526494589601	-0.1054307303960361	-0.4603327068733727
34.95249999999999	-0.140242875181478	-0.3312197937628591	-0.4526844570372962
34.955	-0.136479626346523	0.02774204133570396	-0.4433802566550797
34.9575	-0.1321777547780035	-0.2205763152483353	-0.4324413721241097
34.96	-0.1273542379976313	-0.2728388124024804	-0.4198979768699778
34.9625	-0.122028112222508	-0.3092950968387619	-0.4057898075511047
34.965	-0.1162203972377734	-0.4225466822425685	-0.3901666483927338
34.9675	-0.1099540134412007	-0.274558122934581	-0.3730886209589378
34.97000000000001	-0.103253691386774	-0.3887582391565138	-0.3546262615626247
34.9725	-0.09614587418459343	-0.2380717841993326	-0.3348603740895872
34.97500000000001	-0.08865861314185193	-0.5417964092774066	-0.3138816523198838
34.9775	-0.08082145705732055	-0.4727617729882501	-0.2917900728699328
34.98	-0.07266533560559565	-0.5635667589431101	-0.2686940675129636
34.98249999999999	-0.06422243727188524	-0.3854077471520196	-0.2447094915853977
34.985	-0.05552608231867263	-0.4593490696478383	-0.2199584129957689
34.9875	-0.04661059128601793	-0.4976898051448429	-0.19456775347425
34.99	-0.03751114954389446	-0.5026783452783747	-0.168667819558702
34.9925	-0.02826366843175177	-0.3963766806433486	-0.142390764943109
34.995	-0.01890464353273389	-0.3720785409537478	-0.1158690279293182
34.9975	-0.009471010642419309	-0.1769750172592916	-0.08923378780625793
35.0	-4.608231183959909e-14	-0.218590148076016	-0.05302824011429113
35.0025	0.04614014248738036	-0.02828276906326821	-0.006716948890344479
35.005	0.09209819091191813	-0.1514774453896865	0.04109519739955931
35.00749999999999	0.1376927698525046	-0.03787757115991444	0.09206228049978567
35.01	0.1827439383364075	0.1160986325951446	0.1476659710645893
35.0125	0.2270738999832995	0.05496580024478565	0.2091196332347565
35.015	0.2705077046873138	0.2841013653449181	0.2772833886318071
35.0175	0.3128739390640635	0.127049870518453	0.3525945550077648
35.02000000000001	0.3540054029419077	0.4693749025666095	0.4350203192564377
35.0225	0.3937397692239505	0.5998730045906733	0.524043669834132
35.02500000000001	0.4319202245195249	0.682683411630622	0.618692030871545
35.0275	0.468396088014368	0.943938733276905	0.7176066717347369
35.03	0.5030234061397051	1.168412729761937	0.8191325577109634
35.0325	0.5356655206905446	1.238225248962025	0.9213899337632738
35.035	0.5661936081535717	1.320896399851866	1.02228088731151
35.0375	0.5944871881144157	1.450128146808357	1.119410043052675
35.04	0.6204345987391805	1.576695123364773	1.209995912834261
35.0425	0.6439334374522404	1.537382650626269	1.290975515268091
35.04500000000001	0.664890965072963	1.759429020074254	1.359418568938806
35.0475	0.6832244718142921	1.524786481226759	1.413011749827173
35.05	0.698861603700943	1.488223325662213	1.450269207474325
35.05249999999999	0.7117406481172639	1.461073109212099	1.470473337416889
35.055	0.7218107773588818	1.574712927844806	1.473603719718041
35.0575	0.7290322492262223	1.353765180261035	1.46039797514417
35.06	0.7333765638690276	1.481062502049105	1.432468901929124
35.0625	0.7348265762621156	1.212838105462347	1.392313792653987
35.065	0.7333765638690234	1.085830828859509	1.34311739538996
35.0675	0.7290322492262348	1.114708439580311	1.288391154341501
35.07000000000001	0.7218107773588849	1.111976779033045	1.23158398915955
35.0725	0.7117406481172888	0.8702005805977547	1.175779270358631
35.075	0.6988616037009222	1.001412499909643	1.123514751303505
35.0775	0.6832244718142675	1.049770282032821	1.076704784181256
35.08	0.6648909650729343	0.8820430067951716	1.036627314875298
35.0825	0.6439334374522886	0.9805965040813404	1.003944692171603
35.085	0.6204345987391446	0.8329763874231937	0.9787404134065745
35.0875	0.5944871881144255	0.947126199471569	0.9605666303948724
35.09	0.5661936081535289	1.082620432350864	0.9485063823256951
35.0925	0.535665520690556	1.270697440208347	0.9412566838946889
35.09500000000001	0.5030234061396561	1.301415349162022	0.9372324269024299
35.0975	0.4683960880143808	1.165840136401058	0.9346804564878946
35.09999999999999	0.4319202245194707	1.131987648054882	0.9317856363776733
35.1025	0.3937397692239644	1.250818316745556	0.9267515681616805
35.105	0.354005402941849	0.9604461337151455	0.917846714214615
35.10749999999999	0.3128739390640784	1.097946946288414	0.9034158278239027
35.11	0.2705077046872514	1.103795177364371	0.8818621701333477
35.1125	0.2270738999833947	1.133650134700584	0.8516086028121036
35.11499999999999	0.1827439383363426	0.9632347734453688	0.8110479564436728
35.1175	0.1376927698525209	0.8907779778257272	0.7584964112826047
35.12	0.09209819091185166	0.8738282213574282	0.6921702908235701
35.1225	0.04614014248739687	0.4951439202076645	0.6102231026019204
35.12500000000001	-1.130760320299321e-13	0.2835019183632406	0.5109047968638274
35.1275	-0.04614014248745583	0.1830311174365137	0.3928915981460416
35.13	-0.09209819091191028	-0.04679256406577449	0.255698246322922
35.1325	-0.1376927698524968	-0.2201109150081146	0.09990438252491388
35.135	-0.1827439383363998	-0.3663747535147467	-0.07299315808481208
35.1375	-0.227073899983292	-0.5645689719072089	-0.2609577697704609
35.14	-0.2705077046873064	-0.8745874326979485	-0.4617264596975595
35.1425	-0.3128739390640563	-0.9002429839445392	-0.6729181647098115
35.145	-0.3540054029419008	-1.113597628091538	-0.8919724488509054
35.1475	-0.3937397692239438	-1.508876879778667	-1.11599837889684
35.15	-0.4319202245194509	-1.81119712468383	-1.341588089718942
35.1525	-0.4683960880142976	-1.654686033972869	-1.564671388239362
35.155	-0.5030234061396992	-1.939343128916363	-1.780601571717645
35.1575	-0.5356655206905392	-2.173550647544101	-1.984628861790882
35.16	-0.5661936081535666	-2.166782814007526	-2.172430654662679
35.1625	-0.594487188114411	-2.27780089208875	-2.34019831532911
35.165	-0.6204345987391763	-2.350617155310977	-2.484526754062219
35.1675	-0.6439334374522365	-2.311533302790692	-2.602572911383131
35.17	-0.6648909650729595	-2.257321522923614	-2.692371915399763
35.1725	-0.6832244718142891	-2.366559699476044	-2.752978601112082
35.175	-0.6988616037009663	-2.562644424134386	-2.784342801639108
35.1775	-0.7117406481173034	-2.385539605704057	-2.787061845385391
35.18	-0.7218107773588803	-2.385617534679133	-2.76219420579085
35.1825	-0.7290322492262212	-2.14855738766833	-2.711228538511156
35.185	-0.7333765638690272	-2.156197704966231	-2.636178914746105
35.1875	-0.7348265762621156	-2.157902541632496	-2.539676111044945
35.19	-0.7333765638690238	-1.786501591532048	-2.424903023466594
35.1925	-0.7290322492262253	-1.961025860986254	-2.295328700577925
35.195	-0.7218107773588708	-1.78394019600588	-2.154366426012171
35.19750000000001	-0.7117406481172907	-1.588953798974996	-2.005146703988352
35.2	-0.6988616037009504	-1.518808169076278	-1.850505768711094
35.20249999999999	-0.6832244718143011	-1.575766941980307	-1.693154993944932
35.205	-0.6648909650729378	-1.339821044299244	-1.535899571372656
35.2075	-0.6439334374522924	-1.165291222631285	-1.381754905702247
35.21	-0.6204345987391489	-1.042713285207157	-1.233892354485453
35.21250000000001	-0.59448718811443	-1.156483609853039	-1.095448756531454
35.215	-0.5661936081535339	-1.060089291354569	-0.9692399343577935
35.2175	-0.5356655206905614	-0.7375280691763155	-0.8574009876696648
35.22	-0.503023406139662	-0.993779053205581	-0.7610720093088291
35.2225	-0.4683960880143869	-0.843788540446881	-0.6803213693398082
35.225	-0.4319202245194095	-0.8140710219338906	-0.6143445739857915
35.2275	-0.3937397692239005	-0.878241932359599	-0.5617723968716619
35.23	-0.354005402941856	-0.9518146737159608	-0.520918107326556
35.23249999999999	-0.3128739390640856	-0.9079386412962667	-0.4899055009572647
35.235	-0.2705077046872588	-0.7159003960083488	-0.4666964294677603
35.2375	-0.2270738999834022	-0.8270966944118578	-0.4490643767493849
35.24	-0.1827439383363502	-1.025277125140424	-0.4345651796122393
35.2425	-0.1376927698525287	-0.7943101579844074	-0.4205483604305658
35.245	-0.09209819091185953	-0.7160181705079689	-0.404233972597742
35.2475	-0.04614014248740479	-0.7873529557762616	-0.3828499314918546
35.25	-7.15607133800905e-14	-0.5210662259315513	-0.3516613497519733
35.25249999999999	0.05331877001391471	-0.3653863004469795	-0.3082525290017731
35.255	0.106427115201781	-0.4097013799043974	-0.252657777583676
35.25749999999999	0.1591154411877737	-0.2236921382355032	-0.1831588992553214
35.26	0.2111758112204228	-0.2003850190689049	-0.09865833409306411
35.2625	0.2624027668031417	-0.01061065390355233	0.001185627728352109
35.265	0.3125941385458003	0.1406184143122056	0.115807728267806
35.2675	0.3615518440341179	0.1608189143507193	0.2436687735779027
35.27	0.409082669571534	0.6149783463358989	0.3823810834137658
35.2725	0.4549990327041594	0.5978739636055088	0.5290321881773774
35.27500000000001	0.4991197225240663	0.7806961315426767	0.6805917853787259
35.2775	0.5412706148252018	0.9134089317663158	0.8342312864204104
35.28	0.5812853592925755	1.166014861941562	0.987310355710896
35.28249999999999	0.6190060360109175	1.348862343601135	1.136642300584967
35.285	0.6542837787021457	1.486334324890831	1.277106822914989
35.2875	0.6869793622325979	1.597476211634252	1.401544026276367
35.29	0.7169637520713885	1.662328113676198	1.503371133085275
35.2925	0.7441186135302338	1.678898504317854	1.578906173514094
35.295	0.7683367787770278	1.692062712047253	1.626934828049948
35.2975	0.7895226697776295	1.515460644752679	1.647152906462863
35.3	0.807592675499219	1.642523667597313	1.639640050712567
35.30249999999999	0.8224754818846136	1.538700312601822	1.60558701892823
35.305	0.8341123532963359	1.323601040705038	1.548394714039068
35.30749999999999	0.8424573643192503	1.13858841763195	1.474030513767535
35.31	0.8474775810073828	1.183460074385836	1.390017480108405
35.3125	0.8491531908589476	1.003030647194481	1.303840123219
35.315	0.8474775810073802	1.001567042951542	1.221890972846876
35.3175	0.8424573643192573	1.055128613158492	1.149152733640473
35.32000000000001	0.8341123532963102	0.9595502359616697	1.089258827780864
35.3225	0.8224754818846275	0.8532047726847399	1.04463806996318
35.325	0.8075926754992064	0.7573664966688187	1.016613326857592
35.3275	0.7895226697776144	0.9538389544765926	1.00541226433746
35.33	0.7683367787770103	1.032313155516696	1.010112949473186
35.3325	0.7441186135302607	1.075496938970969	1.028622190155764
35.335	0.7169637520713666	1.16531879336192	1.057810198296801
35.3375	0.6869793622326307	1.222555232943242	1.093833877930777
35.34	0.6542837787021197	1.266865515640081	1.132545204272924
35.3425	0.6190060360109557	1.4980999055118	1.169855360212158
35.34500000000001	0.5812853592925458	1.361775620725609	1.20202295650132
35.3475	0.541270614825096	1.552236049493627	1.225883099427713
35.35	0.4991197225240332	1.48062179360505	1.238958333120454
35.35249999999999	0.4549990327042065	1.533677024358525	1.23937888641286
35.355	0.4090826695714982	1.439957825607422	1.2256454878568
35.35749999999999	0.3615518440341683	1.458828121045517	1.196342705618103
35.36	0.3125941385456726	1.138224255845449	1.149919956207187
35.3625	0.2624027668031948	1.024038238339807	1.084632353808271
35.365	0.2111758112203833	0.8434100819528689	0.9986800267490772
35.3675	0.1591154411878285	0.7296365238635862	0.8905421023451362
35.37	0.1064271152017405	0.4305521863820233	0.7594720010603253
35.3725	0.05331877001397035	0.2513565024565774	0.6059777719927942
35.37500000000001	-1.123599828964546e-13	0.05863447147561471	0.4319078442654513
35.3775	-0.05331877001409828	-0.273281621900819	0.2399580973869966
35.38	-0.1064271152017719	-0.4075651366122195	0.0329617508759607
35.38249999999999	-0.1591154411877647	-0.7035521383295789	-0.1865517106138241
35.385	-0.2111758112204139	-0.8640760169672691	-0.4163998688778651
35.3875	-0.2624027668031331	-1.134744133123539	-0.6545413109271863
35.39	-0.3125941385457918	-1.351076492548051	-0.8987919732468886
35.3925	-0.3615518440341096	-1.732660403714191	-1.146551262123126
35.395	-0.4090826695715259	-1.882378694309478	-1.394551280020201
35.3975	-0.4549990327041517	-2.062827696899587	-1.6386678898164
35.4	-0.4991197225239807	-2.226042294646555	-1.874022178996897
35.4025	-0.541270614825046	-2.159685768849767	-2.095606471171657
35.405	-0.5812853592925689	-2.203946261105788	-2.298948202414863
35.4075	-0.6190060360109113	-2.403736925313156	-2.4801334075615
35.41	-0.6542837787021398	-2.511293634717791	-2.63566175737911
35.41249999999999	-0.6869793622325926	-2.340987725729699	-2.762703153442619
35.415	-0.7169637520713836	-2.6022839735863	-2.859460014676047
35.4175	-0.7441186135302758	-2.362325924530682	-2.925233979852486
35.42	-0.768336778777065	-2.369668112727022	-2.960207253730957
35.4225	-0.7895226697776261	-2.250831016196535	-2.965170200821939
35.425	-0.807592675499246	-2.252214702011057	-2.941373355535466
35.42749999999999	-0.8224754818846354	-2.238488408488241	-2.890551420144702
35.43	-0.8341123532963342	-2.159731604880285	-2.815050754472627
35.4325	-0.8424573643192492	-2.202450687877986	-2.717900188317876
35.435	-0.8474775810073821	-1.865527251106944	-2.602668514675068
35.4375	-0.8491531908589476	-1.895155311484433	-2.473114277570456
35.44	-0.8474775810073808	-1.785574830810063	-2.332820042525814
35.4425	-0.8424573643192584	-1.709326025079741	-2.185006558044972
35.44500000000001	-0.8341123532963118	-1.62162198489584	-2.032575922772951
35.4475	-0.8224754818846297	-1.548703014656018	-1.878301624677622
35.45	-0.807592675499239	-1.503218551867532	-1.725027706988638
35.45249999999999	-0.7895226697776533	-1.657271304901616	-1.575763961206667
35.455	-0.7683367787770142	-1.268941361339456	-1.433650383736434
35.4575	-0.744118613530265	-1.4035673572117	-1.30182090552582
35.46	-0.7169637520713198	-1.357036452216575	-1.183170325654127
35.4625	-0.686979362232636	-1.475020907630821	-1.080017481665172
35.465	-0.6542837787021255	-1.486667540478303	-0.9937513044273548
35.4675	-0.6190060360109619	-1.380536154227246	-0.9246373642384313
35.47000000000001	-0.5812853592925524	-1.556735130982355	-0.8718861023292511
35.4725	-0.541270614825103	-1.657059851011556	-0.833905629067238
35.475	-0.4991197225238845	-1.528656018301973	-0.8085838571704483
35.4775	-0.4549990327041327	-1.482002441516755	-0.7934962847312738
35.48	-0.4090826695715062	-1.457175846585779	-0.7860156503704625
35.48249999999999	-0.3615518440341766	-1.375062143844078	-0.783343492575978
35.485	-0.3125941385456811	-1.323275324363227	-0.7824952813749088
35.4875	-0.2624027668031117	-1.365888203301941	-0.7802856085450117
35.49	-0.2111758112203921	-1.178576867760704	-0.7733780703655885
35.4925	-0.1591154411878375	-1.261147736875694	-0.7584445486807804
35.495	-0.1064271152017496	-1.113167472130681	-0.7324082302283271
35.4975	-0.05331877001397948	-0.8532136608248567	-0.6926761893139975
35.5	1.164575209514963e-15	-0.8120992703044126	-0.6516911681088295
35.5025	0.009312116819001934	-0.8328146996529857	-0.608310105851547
35.505	0.01858748296725322	-0.4387273715626018	-0.5490743411435872
35.50749999999999	0.0277894928120292	-0.2882171638107449	-0.4759729084074282
35.51000000000001	0.03688183022450414	0.01124548181303098	-0.3913129748541975
35.5125	0.04582861190277199	0.05099871010184912	-0.2977710858795839
35.515	0.05459452898697661	0.2760836890158926	-0.1983296568192347
35.5175	0.06314498640710632	0.4828761690706023	-0.09604879079248331
35.52	0.07144623941411803	0.4904441970310179	0.006217468760669698
35.5225	0.07946552675482914	0.6296967811743296	0.1060108777055731
35.52500000000001	0.08717119996579868	0.6183509675365623	0.2013032844191811
35.5275	0.09453284827522235	0.7971711571693061	0.2904158576384327
35.53	0.1015214186204543	0.9652375239378336	0.3719111510378296
35.53249999999999	0.1081093303071044	1.122309228239303	0.4445285179807223
35.535	0.1142705838575107	1.067824028618365	0.5071727503679642
35.5375	0.1199808636186842	0.8210643751968993	0.5589258995888892
35.54	0.1252176337252067	0.9085244953943411	0.5990699510321034
35.5425	0.1299602270379016	0.8393649209086855	0.627137156832312
35.545	0.1341899267076655	1.076299770930105	0.64298751374714
35.5475	0.1378900400422464	0.7700102647973337	0.646866674683475
35.55	0.1410459643847553	0.6944719760097506	0.6393955733558278
35.55249999999999	0.1436452447436096	0.29877991779887	0.6214997041841428
35.555	0.1456776229467345	0.4054295386418665	0.5943284777047655
35.5575	0.147135078125858	0.1797404437390436	0.5592002148516194
35.56	0.1480118583712466	0.1394059909635739	0.5175710097519488
35.5625	0.1483045034318282	-0.001348820930926531	0.4710074084790808
35.565	0.1480118583712466	-0.1306762137980685	0.4211483617223747
35.5675	0.14713507812586	-0.408305247205651	0.369655405081583
35.57000000000001	0.1456776229467312	-0.3703012664401946	0.3181583974286039
35.5725	0.1436452447436094	-0.4418600668886446	0.2682044993419965
35.575	0.1410459643847498	-0.5355494467133516	0.2212139522217442
35.5775	0.1378900400422462	-0.5675544275109723	0.1784418680109907
35.58	0.134189926707658	-0.5059858565721599	0.1409429786915461
35.5825	0.1299602270379012	-0.564369586042858	0.1095368068833263
35.585	0.1252176337251973	-0.3949190435059718	0.08477378718589909
35.5875	0.1199808636186936	-0.3598904307803288	0.06690723720161341
35.59	0.1142705838575103	-0.4031408674900416	0.05587919738160334
35.5925	0.1081093303071155	-0.3145147030952569	0.05132740152579168
35.59500000000001	0.1015214186204415	0.04188214054985728	0.052615729976111
35.5975	0.09453284827520879	0.01419583356997967	0.05888426632694586
35.6	0.08717119996578446	0.1120546955254058	0.06911098277482108
35.60249999999999	0.07946552675484277	0.2802646065413257	0.08217634010597222
35.605	0.07144623941411739	0.2741647180234835	0.09692364443836511
35.60749999999999	0.0631449864071209	0.485565744107713	0.1122103719394019
35.61	0.05459452898696026	0.5319342590949713	0.1269480812294486
35.6125	0.04582861190277129	0.6337502035746233	0.1401307251757479
35.615	0.03688183022448711	0.549975450867899	0.1508529417465443
35.6175	0.02778949281204504	0.6923525223418732	0.1583210027850337
35.62	0.0185874829672525	0.7026258272854412	0.1618594040783537
35.6225	0.009312116819018033	0.5785284205630549	0.1609156727717648
35.62500000000001	-1.642603284710146e-14	0.839291637490035	0.1550650869662895
35.6275	-0.009312116819033992	0.646024083736084	0.1440159347487504
35.63	-0.01858748296725163	0.5906851903149168	0.1276149460572891
35.63249999999999	-0.02778949281202763	0.5082359049454728	0.1058518010646513
35.635	-0.03688183022450259	0.4601331454461489	0.07886125364244811
35.6375	-0.04582861190277046	0.1919357977252418	0.046921429732573
35.64	-0.05459452898697513	0.3346655406291107	0.01044724469355753
35.6425	-0.06314498640712013	0.05796624897636309	-0.03002143117190952
35.64500000000001	-0.07144623941411662	-0.1188310904719886	-0.073836384270487
35.6475	-0.07946552675482779	-0.2437631575273085	-0.1202612054667093
35.65	-0.08717119996578375	-0.6648673561129026	-0.1684933085077462
35.6525	-0.09453284827520814	-0.5754830104093052	-0.2176862176871665
35.655	-0.1015214186204531	-0.6922972394974894	-0.2669710154432468
35.6575	-0.1081093303071033	-1.036259592349087	-0.3154765309470065
35.66	-0.1142705838575097	-0.9864846331174445	-0.3623484632953689
35.6625	-0.1199808636186832	-1.151541845017865	-0.4067679609420308
35.665	-0.1252176337252058	-1.131168410708835	-0.4479701362896112
35.6675	-0.1299602270379008	-1.131597524862863	-0.4852626122581595
35.67000000000001	-0.1341899267076648	-1.083818285606601	-0.5180436038083065
35.6725	-0.1378900400422459	-1.019202259699398	-0.5458184316839781
35.675	-0.14104596438476	-1.388521780524695	-0.5682129785281108
35.6775	-0.1436452447436134	-1.132326224107057	-0.5849826140296598
35.68	-0.1456776229467342	-1.242515973274161	-0.5960155844158643
35.6825	-0.1471350781258599	-1.024432452144122	-0.6013306476395883
35.685	-0.1480118583712476	-1.018573945921796	-0.6010695692370942
35.6875	-0.1483045034318282	-0.9643453570275023	-0.5954856965807093
35.69	-0.1480118583712467	-0.802848558788563	-0.584930038796184
35.6925	-0.1471350781258602	-0.707772356150083	-0.5698361004798445
35.69500000000001	-0.1456776229467315	-0.6534706324579419	-0.5507042888736906
35.6975	-0.1436452447436098	-0.4729391503237259	-0.5280862364734289
35.7	-0.1410459643847607	-0.504280689617319	-0.502569039466565
35.7025	-0.137890040042253	-0.1552851784561425	-0.4747593173248438
35.705	-0.1341899267076587	-0.08175792172520957	-0.4452671496785597
35.7075	-0.129960227037902	-0.09828314263089549	-0.4146902346437944
35.71	-0.1252176337251981	0.03567354585577318	-0.3835988733677204
35.7125	-0.1199808636186946	0.110781689759545	-0.3525224802663909
35.715	-0.1142705838575113	0.2365162036572411	-0.3219382014095628
35.7175	-0.1081093303071165	0.2255416999575334	-0.2922619524008423
35.72000000000001	-0.1015214186204426	0.359365528750064	-0.2638418783213375
35.7225	-0.09453284827521002	0.2985624286750562	-0.2369540031209216
35.72500000000001	-0.08717119996577212	0.368932770110368	-0.2117997361204649
35.7275	-0.07946552675481565	0.1880754215006948	-0.1885049419410826
35.73	-0.07144623941411879	0.3879428601680343	-0.1671204162368817
35.73249999999999	-0.06314498640712236	0.05295497367986382	-0.1476237809844918
35.735	-0.05459452898696174	0.2296268333696474	-0.1299229562300116
35.7375	-0.04582861190277281	0.1660463122428158	-0.113861430241661
35.73999999999999	-0.03688183022448865	-0.1037611995219335	-0.0992255121803397
35.7425	-0.02778949281204661	0.014860597140799	-0.08575361724059181
35.745	-0.01858748296725408	-0.1427319755013499	-0.07314743879255589
35.7475	-0.009312116819019627	-0.1164246881169333	-0.06108465589710341
35.75	-5.321206854662385e-15	-0.4517416176490883	-0.04544246322502091
35.7525	0.02437309014977834	-0.3696660358895807	-0.02572419704862164
35.755	0.04864999084779039	-0.2612809137529214	-0.004948433203846855
35.7575	0.07273489225790562	-0.4287716420126743	0.01796364089270638
35.76	0.09653274227777708	-0.5762197590724147	0.04396193303257967
35.7625	0.1199496216654501	-0.4957379535165425	0.07382023179210773
35.765	0.1428931146962204	-0.515288025070586	0.1080984761426878
35.7675	0.1652726738848977	-0.2940093683702077	0.1471156839147449
35.77	0.186999977335693	-0.4237732775746583	0.1909348146484841
35.7725	0.2079892773080308	-0.1271429543519492	0.239361043462477
35.77500000000001	0.2281577386241712	-0.3062779272618733	0.2919545330586797
35.7775	0.2474257655812812	-0.01615740882483459	0.3480574125986116
35.78	0.2657173160797225	0.1043815923846717	0.4068325088688063
35.7825	0.2829602017262624	0.3980682023022849	0.467309251946103
35.785	0.2990863727288694	0.226075445620983	0.5284311247722144
35.7875	0.3140321864578526	0.4662274616680663	0.5890996900341526
35.79	0.3277386586145706	0.6774855780884012	0.6482125127967057
35.7925	0.3401516960152625	0.816220463122412	0.7046953278557107
35.795	0.3512223100723301	0.9674408245456925	0.7575311163144284
35.7975	0.3609068101297324	1.001935700668322	0.8057889263400713
35.8	0.3691669758901779	1.06135644093288	0.8486529938105154
35.80249999999999	0.3759702082531507	1.236436059700586	0.8854494535570512
35.805	0.3812896579686074	1.204964773726135	0.9156660112998851
35.8075	0.3851043315987273	1.546690631491282	0.938960747860622
35.81	0.3873991743694647	1.497620528290682	0.9551592301751769
35.8125	0.3881651295848092	1.419781620461311	0.9642424651566981
35.815	0.3873991743694629	1.34917290231167	0.9663301333744907
35.8175	0.3851043315987292	1.243618347877266	0.9616632994364301
35.82	0.3812896579686019	1.163872229681862	0.9505890420216675
35.82250000000001	0.3759702082531544	0.9844344655283246	0.9335473534451858
35.825	0.3691669758901688	0.9231369930510511	0.9110591022174799
35.8275	0.3609068101297216	0.758106346666313	0.8837131647346301
35.83	0.3512223100723176	0.6092495551207101	0.8521510017277395
35.8325	0.3401516960152697	0.3724176784748289	0.8170477897852559
35.835	0.3277386586145549	0.3232358636832873	0.7790903714467392
35.83750000000001	0.3140321864578614	0.1669842593417222	0.7389533233163805
35.84	0.2990863727288507	0.1340958071229201	0.697275010657628
35.8425	0.2829602017263027	0.1056143729779396	0.6546354886250763
35.845	0.2657173160797012	0.008669149270942417	0.611537661148433
35.8475	0.2474257655812586	-0.2099283232101348	0.5683924825105582
35.85	0.2281577386241475	-0.1309716831409563	0.5255084331321204
35.85249999999999	0.2079892773080806	-0.2579440809708606	0.4830851671406426
35.855	0.1869999773356673	0.01174085694824244	0.4412111383428608
35.85749999999999	0.1652726738849111	-0.2585631613640214	0.3998650838986213
35.86	0.1428931146961932	0.1428062113775309	0.3589213437485463
35.8625	0.1199496216654642	-0.05372255249681436	0.3181589843271727
35.865	0.0965327422777487	0.03911626810938079	0.2772745117140795
35.8675	0.07273489225796353	0.1310285926266596	0.2358976442562009
35.87	0.04864999084776131	0.237795238851928	0.1936092980202705
35.8725	0.02437309014979313	0.228649334900343	0.1499607637860492
35.875	-3.462340402675925e-14	0.1428212820482405	0.1044930962029732
35.8775	-0.0243730901498182	0.2092864913573942	0.05675596486994608
35.88	-0.04864999084778623	0.4230005792921357	0.006325528742330562
35.88249999999999	-0.0727348922579015	0.3059720542557199	-0.04717882765625105
35.885	-0.09653274227777303	0.4046857401281794	-0.1040788892892265
35.8875	-0.1199496216654461	0.4119622309227577	-0.1646230767577757
35.89	-0.1428931146962165	0.3171574754190246	-0.2289729330090106
35.8925	-0.1652726738848939	0.1090217367980927	-0.2971905748386384
35.895	-0.1869999773356893	-0.07053945009157775	-0.3692269792029304
35.8975	-0.2079892773080273	0.1377701400754467	-0.4449108491399637
35.9	-0.2281577386241321	-0.1873461073759342	-0.5239377408197795
35.9025	-0.2474257655812439	-0.178979252352465	-0.6058593119114208
35.905	-0.2657173160797194	-0.2450740294325079	-0.6900731423845091
35.90749999999999	-0.2829602017262897	-0.5037921656734508	-0.7758146505322026
35.91	-0.2990863727288948	-0.6602570335748151	-0.8621540685688043
35.9125	-0.3140321864578502	-0.803067188848318	-0.9480028713433488
35.915	-0.3277386586145684	-0.9376777622350123	-1.032134663689834
35.9175	-0.3401516960152605	-1.082636694482014	-1.113224065063708
35.92	-0.3512223100723283	-1.144601034963757	-1.189902543066084
35.9225	-0.3609068101297309	-1.353520385396346	-1.260823346062992
35.925	-0.3691669758902038	-1.653101044475698	-1.324722681111508
35.9275	-0.3759702082531606	-1.598156682147028	-1.380465688815976
35.93	-0.3812896579686066	-1.771902756369179	-1.4270735396062
35.93249999999999	-0.3851043315987268	-1.855039582192267	-1.463736353685277
35.935	-0.3873991743694645	-1.859500673743792	-1.489819996199609
35.9375	-0.3881651295848092	-2.045524559348607	-1.504872777983894
35.94	-0.3873991743694631	-1.854173400605059	-1.508634102328916
35.9425	-0.3851043315987297	-2.002216294545221	-1.501043936856875
35.94500000000001	-0.3812896579686027	-1.83221887459761	-1.482250217144924
35.9475	-0.3759702082531554	-1.828708366600824	-1.452610407309878
35.95	-0.3691669758901838	-1.725081430987764	-1.412683356582611
35.95249999999999	-0.3609068101297394	-1.706396123598487	-1.363208923875852
35.955	-0.3512223100723194	-1.567715954068292	-1.305076119857726
35.9575	-0.3401516960152717	-1.467479994099648	-1.239285008175462
35.96	-0.3277386586145571	-1.32560265159441	-1.166911021163763
35.9625	-0.3140321864578638	-1.02520478695551	-1.089079980464672
35.965	-0.2990863727288534	-1.026828650435575	-1.006956705068273
35.9675	-0.2829602017263055	-0.6652922597138263	-0.9217411825397608
35.97000000000001	-0.2657173160797042	-0.7987119940994539	-0.8346586677738862
35.9725	-0.2474257655812618	-0.3368199298612012	-0.7469301774534669
35.97500000000001	-0.2281577386241151	-0.5268439557920461	-0.6597205363268301
35.9775	-0.2079892773080096	-0.1818386729435696	-0.5740764965783245
35.98	-0.1869999773356709	-0.1218599105196834	-0.4908757436463919
35.98249999999999	-0.1652726738849149	0.01830694247870769	-0.4108023415823907
35.985	-0.1428931146961971	0.1598523036296698	-0.3343506007181695
35.9875	-0.1199496216654682	-0.005309315733923459	-0.2618481045288943
35.99	-0.09653274227775276	0.322024890276136	-0.1934854303403052
35.9925	-0.07273489225792429	0.3545294933815213	-0.1293432002599291
35.995	-0.04864999084772169	0.3448696352525495	-0.06941197617214481
35.9975	-0.02437309014979731	0.3628726160172392	-0.01360424780471745
36.0	7.604401664571686e-15	0.4537460813020487	0.02868598292279605
36.0025	-0.01353803975812136	0.3833948743452634	0.05752068114977132
36.005	-0.02702265105829143	0.397473872737199	0.0814659320986188
36.00749999999999	-0.0404006163001609	0.4132853455973379	0.09930011370227004
36.01	-0.05361913876682775	0.4403197358361568	0.109975661029319
36.0125	-0.06662605098901239	0.3719660304296369	0.1126017985746006
36.015	-0.07937002062651374	0.2279902350103946	0.1064466950243797
36.0175	-0.09180075305329244	0.3707983964394336	0.09096108241712396
36.02	-0.1038691898475663	0.2925502706538412	0.06581857303171385
36.0225	-0.1155277024027882	0.06659027095418042	0.03096148883282852
36.02500000000001	-0.1267302798962547	-0.2802080242924844	-0.01336241559820259
36.0275	-0.1374327108725081	-0.3552558652736181	-0.06658562914337873
36.03	-0.1475927577259813	-0.492905980706524	-0.1278359851158412
36.0325	-0.1571703233934275	-0.4629038494294848	-0.1959786728280759
36.035	-0.1661276095987467	-0.7898761772434468	-0.2696737806257106
36.03749999999999	-0.1744292660254344	-0.7763212575969188	-0.3474344122586451
36.04	-0.1820425298283005	-0.7586005625140487	-0.4276737201211761
36.0425	-0.1889373549332414	-0.9831142732308134	-0.5087366527524116
36.045	-0.1950865306155386	-0.7996593016331727	-0.5889196060512075
36.0475	-0.2004657888880431	-1.067279287568536	-0.6664860857535188
36.05	-0.2050539002759069	-1.106678717778536	-0.7396887219120393
36.05249999999999	-0.2088327575996074	-1.168261059107354	-0.8068076723081674
36.055	-0.2117874474356792	-1.231521514991492	-0.8662116243066458
36.0575	-0.2139063089731981	-1.070037743058104	-0.916439058801219
36.06	-0.2151809800336988	-1.205298684882848	-0.9562860931584934
36.0625	-0.2156064300728429	-1.134530170677604	-0.9848797921683881
36.065	-0.2151809800336968	-1.27616924358499	-1.001718852398474
36.0675	-0.2139063089732003	-1.081297771115934	-1.006675546135053
36.07000000000001	-0.2117874474356779	-0.9753630389833059	-0.999965050529294
36.0725	-0.2088327575996118	-0.9298126671931924	-0.9820942186265703
36.075	-0.2050539002759048	-1.020652224105941	-0.9538020224028761
36.0775	-0.2004657888880315	-0.8798408326703191	-0.9160020727880911
36.08	-0.1950865306155357	-0.5234723739180223	-0.869735673692098
36.0825	-0.1889373549332498	-0.6296128100198979	-0.8161409129335278
36.085	-0.1820425298282968	-0.5184246700024493	-0.7564377977338357
36.0875	-0.1744292660254447	-0.5493718359601668	-0.6919217640463674
36.09	-0.1661276095987266	-0.408775392801964	-0.6239517483181423
36.0925	-0.1571703233934396	-0.2151743309652276	-0.5539200141592887
36.09500000000001	-0.1475927577259762	-0.1710776088787144	-0.4832011571524444
36.0975	-0.1374327108725027	0.06956738964931888	-0.4130911895918538
36.1	-0.1267302798962491	-0.1044281280252095	-0.3447542437650564
36.1025	-0.115527702402803	0.09377939053262907	-0.2791899153439024
36.105	-0.1038691898475387	-0.08730177571444131	-0.2172236551617572
36.10749999999999	-0.0918007530533083	0.08344080010459959	-0.1595139289233143
36.11	-0.07937002062650725	0.02086795082114248	-0.1065669062737504
36.1125	-0.06662605098902906	0.1288538701817212	-0.0587509796088449
36.115	-0.05361913876682099	0.1519948649104936	-0.01630650988399183
36.1175	-0.04040061630017813	0.1451731281980037	0.02065104565377256
36.12	-0.02702265105826018	0.3138823244485096	0.05213436084372348
36.1225	-0.01353803975813886	0.4206328121242707	0.07829165703100967
36.125	1.458284365033873e-14	-0.01968489921970673	0.09941430431465736
36.1275	0.0135380397581435	0.1624402015975216	0.1159394842790741
36.13	0.02702265105828912	0.001359275050230715	0.1284433550192402
36.13249999999999	0.0404006163001827	0.02212176047609119	0.1376225973261471
36.13500000000001	0.0536191387668255	0.003633941819147106	0.1442654374715094
36.1375	0.06662605098901017	-0.02287670353168974	0.1492156330500547
36.14	0.07937002062651159	-0.01647306070436308	0.1533336138214886
36.1425	0.09180075305329033	-0.04322445657645108	0.1574582832426738
36.145	0.1038691898475642	-0.0400031484458068	0.1623717717574418
36.1475	0.1155277024028069	-0.07725968195004274	0.1687683962175781
36.15000000000001	0.126730279896233	0.05887709953967488	0.1772284965515225
36.1525	0.1374327108724874	-0.04254296673102019	0.188197641769857
36.155	0.1475927577259795	-0.07022989056538594	0.2019717395520959
36.15749999999999	0.157170323393426	0.004866760578382839	0.2186886526320956
36.16	0.1661276095987452	0.1608919956415001	0.2383268677694404
36.1625	0.174429266025433	0.22178680820871	0.260711490210388
36.165	0.1820425298282993	0.08898486887498452	0.2855273393660007
36.1675	0.1889373549332403	0.2090550836634066	0.3123382784127368
36.17	0.1950865306155376	0.1849111073312512	0.340611272551515
36.1725	0.2004657888880423	0.438513384412965	0.3697432156188729
36.175	0.2050539002759213	0.3944156750262008	0.399088430569323
36.1775	0.208832757599619	0.5405141288725186	0.4279849743655133
36.18	0.2117874474356788	0.6882580225463945	0.4557783809996643
36.1825	0.2139063089731978	0.6024827637744782	0.4818420903112797
36.185	0.2151809800336987	0.6350982521321695	0.5055943514039657
36.1875	0.2156064300728429	0.8235170098951645	0.52651173178497
36.19	0.215180980033697	0.9243608820787381	0.5441394820340354
36.1925	0.2139063089732005	0.9225833031986143	0.5580989717751551
36.19500000000001	0.2117874474356783	0.8095950816502749	0.5680923433749261
36.1975	0.2088327575996123	0.8154124434074546	0.5739045233258461
36.2	0.205053900275913	0.990921027713074	0.5754028193805087
36.20249999999999	0.2004657888880504	0.5624122701533609	0.5725344724401752
36.205	0.1950865306155366	0.7208314943351496	0.5653226436840899
36.2075	0.188937354933251	0.6007824486069125	0.553861327870331
36.21	0.182042529828298	0.4808279030885638	0.5383095725581521
36.2125	0.1744292660254461	0.5722341846447703	0.5188851894893795
36.215	0.1661276095987281	0.5573365932351325	0.4958579449224557
36.2175	0.1571703233934243	0.3867866321355573	0.4695420861069516
36.22000000000001	0.14759275772596	0.3040806521243869	0.4402880442658765
36.2225	0.1374327108725045	0.1228826516701989	0.4084732472022015
36.22500000000001	0.1267302798962311	0.1104769248838641	0.3744921352280657
36.2275	0.1155277024027843	0.1161097185065466	0.3387456442421623
36.23	0.1038691898475407	0.07480093369875762	0.3016305491796004
36.23249999999999	0.0918007530533104	-0.008519363833816867	0.263529124011
36.235	0.07937002062650943	0.08428243138364783	0.2247995726563842
36.2375	0.06662605098903128	-0.1576291142020173	0.1857676387500748
36.24	0.05361913876682324	-0.08268204218617142	0.1467197353877565
36.2425	0.04040061630018042	-0.1594333735726038	0.107897865018192
36.245	0.02702265105826249	-0.3303902766966822	0.06949652757069383
36.2475	0.01353803975814118	-0.3207249422564033	0.03166173474068344
36.25	-2.005461140116394e-14	-0.5549420225593444	0.002907959362686858
36.2525	0.02215760059109879	-0.1677268803990457	-0.01636436735771272
36.255	0.04422775525556925	-0.3528108804212184	-0.03346600025528676
36.25749999999999	0.06612336317574545	-0.0964958990778148	-0.04621969361592328
36.26	0.08775801239039718	-0.2831050106986303	-0.05268442278149488
36.2625	0.1090463208228889	-0.08023193950879481	-0.05122371060083949
36.265	0.1299042732456943	-0.07126281928585426	-0.04056739147160431
36.2675	0.1502495528495785	0.02343708737237235	-0.01986658629670786
36.27000000000001	0.1700018661108923	0.1715557809875001	0.01126202430128503
36.2725	0.1890832596730956	0.1852308736001215	0.05270877703702183
36.27500000000001	0.2074184279933265	0.2230379545270505	0.1038683395132547
36.2775	0.2249350105386697	0.2811146000632508	0.1636708927736025
36.28	0.2415638773604813	0.4115863713724762	0.2306536978493273
36.2825	0.2572394019183897	0.417482288293568	0.303069489059846
36.285	0.2718997200784566	0.6445009747239083	0.3790138836986511
36.2875	0.2854869742625135	0.5756639096866547	0.4565452553172245
36.29	0.2979475417857492	0.8535377391243053	0.5337739263003559
36.2925	0.3092322464808415	1.0022429990327	0.6089115096310412
36.29500000000001	0.3192965527738671	0.7228489740580096	0.6802895291412631
36.2975	0.3281007414457953	0.9433715416403179	0.7463703533437682
36.3	0.3356100663862085	1.035253519944766	0.8057726585261277
36.30249999999999	0.3417948917202412	1.324999592608779	0.857316509927068
36.305	0.3466308087679077	1.12524517691553	0.900074147099058
36.3075	0.3500987323739116	1.164481958477058	0.9334064386654038
36.31	0.3521849762281358	1.152127210937741	0.9569714018052399
36.3125	0.3528813068791945	1.182739841763247	0.9707029225950493
36.315	0.3521849762281336	1.213573579639203	0.974769585403046
36.3175	0.3500987323739171	0.7733521987019079	0.9695296727174645
36.32000000000001	0.3466308087679085	1.030955483206347	0.9554954812157891
36.3225	0.3417948917202521	0.9863845946935528	0.9333116535600537
36.325	0.3356100663861973	0.8447605440868704	0.9037444069053442
36.3275	0.3281007414457819	0.665990933901033	0.8676742153191442
36.33	0.3192965527738516	0.5682142357662505	0.8260837983445735
36.3325	0.3092322464808626	0.4125764097648598	0.7800357904850754
36.335	0.2979475417857512	0.4287012215029099	0.730639098382609
36.3375	0.2854869742625157	0.5855929545493552	0.6790074764026935
36.34	0.2718997200784335	0.4947285252692382	0.6262162002031499
36.3425	0.2572394019183923	0.1422337926452112	0.573262348163592
36.34500000000001	0.2415638773604548	0.301511142104505	0.5210320598312095
36.3475	0.2249350105386727	0.2782195433616282	0.4702756442164988
36.34999999999999	0.2074184279932972	0.1113695177620201	0.4215895925625013
36.3525	0.1890832596730988	0.169214412511699	0.3754038529351705
36.355	0.1700018661108605	0.2724278896715581	0.3319731489887905
36.35749999999999	0.1502495528496182	0.2355432784483764	0.291372353443809
36.36	0.1299042732456979	0.1065757599085525	0.2534973252294233
36.3625	0.1090463208229307	0.2877225327550313	0.2180733454381593
36.36499999999999	0.087758012390362	0.05403067975418663	0.184672697852848
36.3675	0.06612336317574918	0.2857658365053605	0.1527411184819575
36.37	0.04422775525553321	0.2549360339630571	0.1216306911274967
36.3725	0.02215760059110258	0.4431838449062059	0.09063542309110237
36.37500000000001	-5.637703410504661e-14	0.2421147181283236	0.05902576335918752
36.3775	-0.02215760059113503	0.1811110381474635	0.0260794684568116
36.38	-0.04422775525556547	0.2156396406665151	-0.008892231371939611
36.3825	-0.06612336317574172	0.2280701825099354	-0.04652290724888249
36.385	-0.08775801239039349	0.3458276507854471	-0.08737265093584891
36.3875	-0.1090463208228853	0.1634433317384713	-0.1319120961839023
36.39	-0.1299042732456908	-0.05201750030026282	-0.1805079016388704
36.3925	-0.1502495528495751	-0.2275004227905554	-0.2334093816789569
36.395	-0.170001866110889	-0.1508310731370665	-0.2907364822227172
36.3975	-0.1890832596730924	-0.07824461261840648	-0.3524695789245123
36.4	-0.2074184279932586	-0.3627872508938051	-0.4184415110791517
36.4025	-0.2249350105386359	-0.4055114691251832	-0.4883319188373889
36.405	-0.2415638773604785	-0.5138284528352965	-0.5616635790270736
36.4075	-0.2572394019183872	-0.6421718632320649	-0.6378003828009364
36.41	-0.2718997200784542	-0.6144827381255329	-0.7159471235757525
36.4125	-0.2854869742625112	-0.9079423663860712	-0.795152379753198
36.415	-0.2979475417857687	-1.148086772910762	-0.8743171967478464
36.4175	-0.3092322464808396	-0.9915768314230644	-0.9522134011199895
36.42	-0.3192965527738655	-1.200203078618409	-1.027515306228921
36.4225	-0.3281007414457939	-1.36012096850635	-1.098846291226764
36.425	-0.3356100663862197	-1.061965252538931	-1.164837036528953
36.4275	-0.3417948917202602	-1.317396768284394	-1.224186902666925
36.43	-0.3466308087679071	-1.296880203649067	-1.275717708015627
36.4325	-0.3500987323739111	-1.564281239730863	-1.318412432271289
36.435	-0.3521849762281356	-1.440980457176825	-1.35143820517838
36.4375	-0.3528813068791945	-1.65366961672391	-1.37415842372352
36.44	-0.3521849762281338	-1.582304077836177	-1.386139899433437
36.4425	-0.3500987323739125	-1.416466710699571	-1.387158457409459
36.445	-0.3466308087679092	-1.514820546052146	-1.377203042847504
36.44750000000001	-0.3417948917202531	-1.528186861394278	-1.356475938075256
36.45	-0.3356100663862108	-1.404549227383623	-1.325385706049023
36.45249999999999	-0.3281007414457981	-1.213531931925673	-1.284530122512157
36.455	-0.3192965527738533	-1.382719747882278	-1.234668783614479
36.4575	-0.3092322464808645	-1.01296947708156	-1.176688847335034
36.46	-0.2979475417857532	-0.9073493085718236	-1.111570885610268
36.46250000000001	-0.2854869742625179	-0.812956904119815	-1.04036271904573
36.465	-0.2718997200784359	-0.8699055373689348	-0.964165624246901
36.4675	-0.2572394019183949	-0.8171283333449536	-0.8841298288105754
36.47	-0.2415638773604576	-0.7202100629219079	-0.8014482239234842
36.4725	-0.2249350105386756	-0.4774890333946183	-0.7173346582285833
36.475	-0.2074184279932678	-0.4976489793410149	-0.6329803569466914
36.4775	-0.1890832596730681	-0.4117037915068499	-0.5494959432015711
36.48	-0.1700018661108638	-0.188977805367101	-0.4678570308311677
36.48249999999999	-0.1502495528495854	-0.3387385238057445	-0.3888701781242186
36.485	-0.1299042732456641	-0.2056087085339581	-0.3131651101130551
36.4875	-0.1090463208229343	-0.1299703430523158	-0.2412076704499018
36.49	-0.08775801239036568	0.1022680416765284	-0.17332277338826
36.4925	-0.06612336317575292	0.1584700117445795	-0.1097178222304925
36.495	-0.04422775525553698	0.1023696236948792	-0.05050102558568046
36.4975	-0.02215760059110638	0.1122491596287972	0.004307307291093819
36.5	-7.811192950355649e-14	0.1207559558123857	0.06530261570956397
36.50249999999999	0.06256598824970735	0.189805239372982	0.1336193392817697
36.505	0.1248850571276649	0.113690614708921	0.200206919260711
36.50749999999999	0.1867112617395824	0.3129736477422442	0.2670352804838062
36.51	0.2478006023017857	0.3499454329865434	0.3360791066119295
36.5125	0.3079119870958121	0.3525329339965957	0.4092046472678779
36.515	0.3668081839485935	0.5152108770954614	0.488016872190854
36.5175	0.424256756477942	0.4012322698113817	0.5736950645710371
36.52	0.4800309814140479	0.458490509004858	0.6668440873299393
36.5225	0.5339107433717064	0.7056376368734878	0.7674014860036424
36.52500000000001	0.5856834035459866	0.6223707568464368	0.8746465506811336
36.5275	0.6351446388996721	0.801270285845128	0.9873181930575895
36.53	0.6820992485335241	1.138220633190477	1.103715288131691
36.53249999999999	0.7263619240550085	1.025583632422652	1.221421234871675
36.535	0.76775798090552	1.148521393527675	1.336478555869161
36.5375	0.8061240477605794	1.362615672718847	1.443119507133137
36.54	0.8413087112822368	1.546139049068191	1.535147280839952
36.5425	0.8731731136777343	1.645826142646685	1.607606212756079
36.545	0.9015915007085077	1.713898447905406	1.657328273622905
36.5475	0.9264517179839094	1.78630819373462	1.682675377232994
36.55	0.9476556535839606	1.681538228058959	1.683243925158342
36.55249999999999	0.9651196252620049	1.836549308254003	1.659986799305729
36.555	0.9787747107003801	1.714806120993588	1.615731368000134
36.55749999999999	0.9885670195152125	1.642493305164441	1.555521514883513
36.56	0.9944579059373609	1.476424053146201	1.486124545600339
36.5625	0.9964241213293648	1.388828207841959	1.414798960994377
36.565	0.9944579059373572	1.352436951720562	1.34810546512213
36.5675	0.9885670195152192	1.380610881008564	1.291270139816756
36.57000000000001	0.9787747107003477	1.294859071474225	1.24800133035414
36.5725	0.9651196252620183	1.224947414754222	1.2204753718936
36.575	0.9476556535839422	1.054363305266143	1.209332079663995
36.5775	0.9264517179838875	1.139912756021347	1.21367264733766
36.58	0.9015915007084824	0.9402502916548514	1.231137091708449
36.5825	0.8731731136778147	1.178891613256	1.258142113695347
36.585	0.8413087112822049	1.131093719227131	1.290295911814357
36.5875	0.806124047760611	1.363515988247221	1.32292897409074
36.59	0.7677579809054821	1.095304678559089	1.35163432631437
36.5925	0.7263619240550452	1.446977609083446	1.372693444443256
36.59500000000001	0.6820992485334807	1.574809305677054	1.383284086219275
36.5975	0.6351446388995389	1.505914480827248	1.381461136246574
36.6	0.5856834035459383	1.468550293157641	1.36600418733031
36.60249999999999	0.5339107433717516	1.378277708932975	1.336205568098674
36.605	0.4800309814139957	1.371214056479141	1.29161608212392
36.60749999999999	0.4242567564779906	1.349584465761802	1.231813420899604
36.61	0.366808183948538	1.347591703313582	1.156295365202473
36.6125	0.307911987095971	1.138065794203029	1.064517283812776
36.615	0.247800602301728	1.128095158761741	0.9559989787258383
36.6175	0.1867112617396352	0.8625314374694741	0.8304184951432667
36.62	0.1248850571276058	0.7092879475457413	0.6876674163057074
36.6225	0.06256598824976094	0.5146348948516084	0.5278961324633122
36.62500000000001	-1.377066296851154e-13	0.381891412677073	0.3515667521856623
36.6275	-0.06256598824980969	0.10293217093387	0.1594743154119513
36.63	-0.1248850571276543	-0.4130829220848964	-0.04729586503420338
36.63249999999999	-0.1867112617395719	-0.4339414567052172	-0.2674246073925161
36.635	-0.2478006023017753	-0.7169903914041872	-0.4993503484103412
36.6375	-0.3079119870959097	-0.8986642684437274	-0.741183213730988
36.64	-0.3668081839486888	-1.107005323687911	-0.9905979799081002
36.6425	-0.4242567564779323	-1.150312424352911	-1.244754099520697
36.645	-0.4800309814140385	-1.626158527606639	-1.500228762717668
36.6475	-0.5339107433716973	-1.946190025470639	-1.752971371866899
36.65	-0.5856834035458862	-1.888441836143693	-1.998456606173652
36.6525	-0.6351446388994892	-2.270326387001723	-2.23217055797819
36.655	-0.6820992485335163	-2.521271989911586	-2.450017873107049
36.6575	-0.7263619240550012	-2.377533444501066	-2.648208045443659
36.66	-0.7677579809055132	-2.547057956803981	-2.823033091567345
36.66249999999999	-0.8061240477605731	-2.721173113943869	-2.971024870475631
36.665	-0.8413087112822311	-2.905306198506047	-3.089335160467826
36.6675	-0.8731731136777291	-2.933083801666148	-3.175995350263774
36.67	-0.9015915007085032	-2.9405275249734	-3.229957617996579
36.6725	-0.9264517179839054	-2.985731817924497	-3.251024084029739
36.675	-0.9476556535839923	-2.938823049483627	-3.239795012462771
36.67749999999999	-0.9651196252620304	-2.842901498264284	-3.197705486516459
36.68	-0.9787747107003781	-2.712922062921805	-3.127127927335962
36.6825	-0.9885670195152112	-2.623798750076427	-3.0313968458762
36.685	-0.9944579059373603	-2.507800363215614	-2.914573016836767
36.6875	-0.9964241213293648	-2.47874470355048	-2.780951941246736
36.69	-0.9944579059373578	-2.151430826076826	-2.634569242693108
36.6925	-0.9885670195152205	-2.210189315270048	-2.478948496094275
36.69500000000001	-0.9787747107003497	-2.147224460072712	-2.317136850140251
36.6975	-0.9651196252620209	-1.851857702952014	-2.151924558696799
36.7	-0.9476556535839805	-1.89846667989806	-1.986097980632247
36.70249999999999	-0.926451717983933	-1.87171264320271	-1.822601503672592
36.705	-0.9015915007084869	-1.631592108345585	-1.664569616724852
36.7075	-0.8731731136777654	-1.53154728086111	-1.515261164657388
36.71	-0.84130871128215	-1.517982249426501	-1.377908969925195
36.7125	-0.8061240477606173	-1.384410997539832	-1.25545410425243
36.715	-0.7677579809054889	-1.400572497278893	-1.150166937307045
36.7175	-0.7263619240550526	-1.638963084330503	-1.063259268713837
36.72000000000001	-0.6820992485334886	-1.363304997712286	-0.9946688276995043
36.7225	-0.6351446388995472	-1.389642582144073	-0.943135049155951
36.725	-0.5856834035457638	-1.325599767587212	-0.9065081825153544
36.7275	-0.5339107433716651	-1.28548340819061	-0.8821128283101319
36.73	-0.4800309814140051	-1.121790562174596	-0.8670131131081088
36.73249999999999	-0.4242567564780003	-1.347036626666078	-0.8581340446384109
36.735	-0.3668081839485481	-1.364478378106955	-0.8522680499822566
36.7375	-0.3079119870959812	-1.289670353674055	-0.8460243148802015
36.74	-0.2478006023017384	-1.351587944612834	-0.8358098333507306
36.7425	-0.1867112617396457	-1.278748382404709	-0.8179393636333067
36.745	-0.1248850571276165	-1.117034599430677	-0.7888944835437925
36.7475	-0.06256598824977165	-0.9272740181419905	-0.7456235231378668
36.75	1.209586873553194e-14	-0.9233962647404963	-0.6881547833114883
36.7525	0.05530365612393867	-0.9025584241929834	-0.6147724245525095
36.755	0.1103890539831809	-0.8412650728963063	-0.5220981697040811
36.75749999999999	0.1650387966782135	-0.4285676996130264	-0.4098539901672177
36.76000000000001	0.2190372066419088	-0.2495354159478295	-0.2784703702256098
36.7625	0.2721711768194719	-0.2848746984915518	-0.1294030942099917
36.765	0.3242310117054055	0.1047552306143233	0.03467755578813123
36.7675	0.3750112549150122	0.2887948343932676	0.210105661738493
36.77	0.4243115000279969	0.354190157569611	0.3928377432854219
36.7725	0.4719371814997671	0.689801493692947	0.5791770961319833
36.77500000000001	0.5177003425238293	1.043523321257685	0.7662806821921719
36.7775	0.5614203768106562	1.295133804050592	0.9520020034375982
36.78	0.6029247413587125	1.463170270645012	1.133298764503012
36.78249999999999	0.6420496374028183	1.654523466834622	1.30340514917613
36.785	0.6786406568527389	1.61509282689421	1.451911555170226
36.7875	0.7125533916714198	1.826850280645759	1.5700485760229
36.79	0.7436540037879089	1.770275154351541	1.654406997780364
36.7925	0.7718197532945881	2.015523503397205	1.705132513919931
36.795	0.7969394828459629	1.757853241156108	1.722466652335715
36.7975	0.8189140563454794	1.690431171467942	1.706146722734348
36.8	0.8376567501908905	1.374212626534802	1.657288458645879
36.80249999999999	0.8530935955322678	1.4067672893274	1.58054489318334
36.805	0.865163670193492	1.395504690851281	1.484510321304969
36.8075	0.8738193391041111	0.8721416516873246	1.379505463488061
36.81	0.8790264422933969	0.9515592337120236	1.274976261668253
36.8125	0.8807644297039225	0.9185424844277894	1.178415836236996
36.815	0.8790264422933959	0.7579052627734562	1.095422160738406
36.8175	0.8738193391041219	0.7789232119531078	1.030049585337756
36.82000000000001	0.8651636701934704	0.7263147743558201	0.9850870127856551
36.8225	0.8530935955322891	0.7435789422724423	0.9621578809366619
36.825	0.8376567501908859	0.7445188413944928	0.9616049112962515
36.8275	0.818914056345474	1.064196001075531	0.9822207296851653
36.83	0.7969394828459141	1.097954092403041	1.0210626725373
36.8325	0.771819753294581	1.315315195196264	1.073635317905495
36.835	0.7436540037878474	1.333912511721889	1.134430678016453
36.8375	0.71255339167147	1.384430161618098	1.197496850716029
36.84	0.6786406568527296	1.645674790708336	1.256883076720929
36.8425	0.6420496374028768	1.476507647481804	1.307211945518848
36.84500000000001	0.6029247413587018	1.66387586884261	1.344345745728492
36.8475	0.5614203768105677	1.546057022444381	1.36558823557752
36.85	0.5177003425238175	1.536944839452171	1.369310975871808
36.85249999999999	0.4719371814998392	1.484660913897632	1.354434588013613
36.855	0.4243115000279841	1.502907184623179	1.320024151723907
36.85749999999999	0.3750112549150895	1.135033762468313	1.265059754711624
36.86	0.3242310117052987	0.9595547857448109	1.188465309156933
36.8625	0.2721711768194579	0.9243603251513383	1.089409291624493
36.865	0.2190372066417976	0.6400811622217355	0.9677453311247192
36.8675	0.1650387966782974	0.3289525593597494	0.8243729103939267
36.87	0.1103890539831663	0.1004745791221789	0.6612672173974515
36.8725	0.05530365612402394	-0.1556079386008312	0.4810768536952158
36.87500000000001	-1.027320174806594e-13	-0.08947864416086315	0.2865177906771167
36.8775	-0.05530365612412906	-0.392929118528525	0.0799270527627432
36.88	-0.1103890539831714	-0.7950527549065004	-0.1368566310750685
36.88249999999999	-0.1650387966782041	-1.090378774554413	-0.3623483736434316
36.885	-0.2190372066418996	-1.221724892021954	-0.5951446939122262
36.8875	-0.2721711768194628	-1.37809582114476	-0.8336265479240003
36.89	-0.3242310117053966	-1.413339512676469	-1.075688620245523
36.8925	-0.3750112549150036	-1.724769379622937	-1.318506760643126
36.89500000000001	-0.4243115000279886	-2.091448463080301	-1.558372415843798
36.8975	-0.4719371814997591	-1.894164149356661	-1.790767885925197
36.9	-0.5177003425237406	-2.137598329775652	-2.010927069010415
36.9025	-0.5614203768105717	-2.183932176583201	-2.214571353800778
36.905	-0.6029247413587787	-1.955408895216826	-2.398088294372881
36.9075	-0.6420496374028118	-2.234565011758277	-2.558334237561584
36.91	-0.6786406568527329	-2.128869373884716	-2.692691619365956
36.9125	-0.7125533916714143	-2.371679383900543	-2.799317386872854
36.915	-0.7436540037879038	-2.170378868096188	-2.877241682538187
36.9175	-0.7718197532945834	-2.160584266672784	-2.926251913163652
36.92000000000001	-0.7969394828459588	-2.324868409605438	-2.946708198354202
36.9225	-0.818914056345476	-2.113633428481254	-2.939428452856725
36.925	-0.8376567501909185	-2.132761691637262	-2.905694691351205
36.9275	-0.8530935955322905	-2.093752832721169	-2.847352969804041
36.93	-0.8651636701934902	-1.95439784501487	-2.76690660519253
36.9325	-0.8738193391041226	-1.823899429086404	-2.667467395347593
36.935	-0.8790264422933963	-1.774389244227752	-2.552507832729174
36.9375	-0.8807644297039225	-1.801873256012505	-2.425518970636746
36.94	-0.8790264422933967	-1.847079800533452	-2.289754257947591
36.9425	-0.8738193391041231	-1.708325767745706	-2.148160120336791
36.94500000000001	-0.8651636701934723	-1.620893512715352	-2.003470727401206
36.9475	-0.8530935955322666	-1.767798338469637	-1.85837153986583
36.95	-0.8376567501909198	-1.634140820318193	-1.715626274532684
36.9525	-0.8189140563455144	-1.626718322365358	-1.578106104733441
36.955	-0.7969394828459181	-1.765724468018095	-1.448718704670999
36.9575	-0.7718197532945855	-1.675378344306438	-1.330250783643154
36.96	-0.7436540037878525	-1.784789627277834	-1.225124212441931
36.9625	-0.7125533916714756	-1.83071455232191	-1.135094601754862
36.965	-0.6786406568527356	-1.8929418552654	-1.060994068121498
36.9675	-0.6420496374028833	-1.850230202471983	-1.002640055334977
36.97000000000001	-0.6029247413587088	-1.83383416584207	-0.9589437923022367
36.9725	-0.561420376810575	-1.981744308884032	-0.9281388909131184
36.97500000000001	-0.5177003425236631	-1.809903231597295	-0.9080171342684552
36.9775	-0.4719371814996781	-1.789379558322694	-0.8961008174322123
36.98	-0.4243115000279924	-1.852203247724727	-0.8897340133297319
36.98249999999999	-0.3750112549150981	-1.773969224749369	-0.8861040160202281
36.985	-0.3242310117053075	-1.501013761033698	-0.8822239493790516
36.9875	-0.2721711768194669	-1.548157855906606	-0.8749338860393513
36.98999999999999	-0.2190372066418068	-1.42628485046355	-0.8609872326814646
36.9925	-0.1650387966783067	-1.172637395629704	-0.8372469642810221
36.995	-0.1103890539831757	-1.096071048228726	-0.8009351279390685
36.9975	-0.05530365612403342	-0.7184598975288262	-0.7498253585528327
37.0	5.616674736002443e-15	-0.770622956324986	-0.7153268442764761
37.0025	-0.04505382236077752	-0.3934762845009381	-0.6964090598459121
37.005	-0.08992983786799885	-0.3981672594606701	-0.6643950968685248
37.0075	-0.1344509413901089	-0.1379185815084016	-0.6245649848630163
37.01	-0.178441428471424	0.1118995649196926	-0.5817190644634764
37.0125	-0.2217276887566169	0.1297239195279783	-0.5401742209599162
37.015	-0.2641388911521094	0.2644964282622604	-0.503671998476846
37.0175	-0.3055076580177285	0.4902878656309623	-0.475381586842215
37.02	-0.3456707257303966	0.5059399397551761	-0.4581435765604158
37.0225	-0.3844695890103981	0.5267985786815756	-0.4549075198195007
37.02500000000001	-0.4217511264701617	0.3189846763885145	-0.46913242545093
37.0275	-0.4573682049134416	0.1550246869461865	-0.5047071833384813
37.03	-0.4911802600035867	0.2860350083851307	-0.5650153243575524
37.0325	-0.5230538510063588	0.08660731399460073	-0.6516656630824629
37.035	-0.5528631874198964	-0.0438560400985484	-0.7640304087742537
37.0375	-0.5804906254117982	-0.1803498266799694	-0.8997398248169266
37.04	-0.6058271321061854	-0.482655582478798	-1.055396962179913
37.0425	-0.6287727158861929	-0.7537421385716013	-1.227060182336527
37.045	-0.6492368210155638	-1.067365007489472	-1.410470354866752
37.0475	-0.6671386850204086	-1.344016809152833	-1.601122458663606
37.05	-0.6824076574221881	-1.731111731137561	-1.794284643828304
37.05249999999999	-0.6949834785625278	-2.153336713405813	-1.985054901768519
37.055	-0.7048165174207482	-2.437951124029778	-2.168451289824274
37.0575	-0.7118679674847287	-2.853522264079486	-2.339411944622259
37.06	-0.716109999902593	-3.049041238302014	-2.492709415199416
37.0625	-0.7175258733103729	-3.263069049257235	-2.623065652116715
37.065	-0.7161099999025891	-3.501925653697117	-2.72568381422887
37.0675	-0.711867967484731	-3.717661278655545	-2.796985918436239
37.07	-0.7048165174207366	-3.794787039809433	-2.835059737723625
37.07250000000001	-0.6949834785625326	-3.736917625621734	-2.839513386867556
37.075	-0.6824076574221688	-3.633965525884238	-2.810957313379206
37.0775	-0.6671386850204156	-3.635948312518862	-2.750619860165668
37.08	-0.649236821015537	-3.555684564057258	-2.660358669692785
37.0825	-0.6287727158862021	-3.373578498848518	-2.542885093755519
37.085	-0.6058271321061519	-3.030745716041954	-2.401819473158983
37.08750000000001	-0.5804906254118093	-2.806232448605898	-2.241346680961264
37.09	-0.5528631874199085	-2.474198942825675	-2.0655873726005
37.0925	-0.5230538510064277	-2.21914255339867	-1.878058459281465
37.095	-0.491180260003541	-1.770753153494572	-1.681546904537883
37.0975	-0.4573682049133933	-1.461998202027472	-1.478484216533934
37.1	-0.421751126470111	-1.050726762728559	-1.27159528662555
37.10249999999999	-0.384469589010483	-0.9752869159474364	-1.064284217427097
37.105	-0.3456707257303418	-0.2768062439711576	-0.8604127004758795
37.10749999999999	-0.3055076580177457	-0.07246676039854386	-0.6637703289430776
37.11	-0.2641388911520512	0.2292414048323693	-0.4776641746135823
37.1125	-0.2217276887566349	0.4589449214519623	-0.3046340076754868
37.115	-0.1784414284713633	0.5315006221220907	-0.1462102287301678
37.1175	-0.1344509413902077	0.907765231518711	-0.00290321712713959
37.12	-0.08992983786801767	0.9982775806493819	0.1254953229927565
37.1225	-0.04505382236087786	0.9506066161235381	0.2395357858923765
37.125	6.822120925268014e-14	0.9966881811196995	0.3398562356394176
37.1275	0.04505382236093263	0.9999362306466402	0.427068611809673
37.13	0.08992983786807211	1.005042878307093	0.5017482249918469
37.13249999999999	0.1344509413901013	0.9660856597594197	0.5645105850625867
37.135	0.1784414284714165	0.999219829167023	0.6161694299257849
37.1375	0.2217276887566095	0.832812499290745	0.6579148517283753
37.14	0.2641388911521022	0.7211504700221252	0.6913817523785747
37.1425	0.3055076580177215	0.5648357483189828	0.7185422892009695
37.145	0.3456707257303899	0.3976842250237429	0.7415068280680013
37.1475	0.3844695890103916	0.4004125154113177	0.7623517556848136
37.15	0.4217511264700894	-0.05850939628434593	0.7830123519014875
37.1525	0.4573682049133728	0.108392744792691	0.8052183084309197
37.155	0.491180260003581	0.3614869205848374	0.8304426429601037
37.15749999999999	0.5230538510063536	-0.120665535260782	0.8598485602983452
37.16	0.5528631874198915	0.08402621731547624	0.8942318357757367
37.1625	0.5804906254117936	0.3610688361685704	0.933965357015993
37.165	0.6058271321061813	0.2797763615503556	0.9789577124018083
37.1675	0.6287727158861892	0.5324979294006839	1.028636726860101
37.17	0.6492368210155605	0.5700237540947206	1.081959764890939
37.1725	0.6671386850204357	0.7701013605780157	1.137441037557502
37.175	0.6824076574222362	0.8551640303598462	1.19318776932661
37.1775	0.6949834785625462	1.249648362673416	1.246963739875512
37.18	0.7048165174207469	1.122473130561905	1.296326719872983
37.18249999999999	0.7118679674847277	1.27075000450426	1.338860289712596
37.185	0.7161099999025925	1.684472293393267	1.372441215706332
37.1875	0.7175258733103729	1.884596599696507	1.395444991712816
37.19	0.7161099999025896	1.603060506037497	1.406846896060477
37.1925	0.711867967484732	1.813332543045573	1.406250919237967
37.19500000000001	0.704816517420738	1.671678334234666	1.393890371823067
37.1975	0.6949834785625345	1.629355847722188	1.370601730832895
37.2	0.6824076574221964	1.617977636559223	1.337743091884202
37.20249999999999	0.6671386850204485	1.547143228661617	1.297045430061078
37.205	0.6492368210155405	1.459150995798127	1.250423184421159
37.2075	0.6287727158862059	1.078484610682037	1.199788339848023
37.21	0.605827132106156	0.9686003611462618	1.146900606886174
37.2125	0.5804906254118138	0.6692977817927384	1.093265209846433
37.215	0.5528631874198614	0.6073019845006474	1.04007515446593
37.2175	0.523053851006433	0.3375581722357732	0.9881888250821854
37.22000000000001	0.4911802600035466	0.2995594115391346	0.9381328160927416
37.2225	0.4573682049133993	0.05035444107050494	0.8901210711369782
37.22500000000001	0.4217511264700513	0.04836137011305571	0.8440832613418154
37.2275	0.3844695890103518	0.1572678307260184	0.7996972947305567
37.23	0.3456707257303486	-0.004542930856014302	0.7564226176115377
37.23249999999999	0.3055076580177527	0.04141204530844307	0.7135323213641996
37.235	0.2641388911520584	0.126364404974895	0.6701428246468023
37.2375	0.2217276887566423	0.2286839119597347	0.625240012487843
37.24	0.1784414284713708	0.1180987826092723	0.5777003883643945
37.2425	0.1344509413901352	0.0831935771672293	0.5263055180195055
37.245	0.08992983786802536	0.1581446360327221	0.4697484201898541
37.2475	0.04505382236088558	0.3490290827513576	0.4066322702440079
37.25	-2.575469889545738e-14	0.2784026061692501	0.3575097418633262
37.2525	0.05502563284288716	0.3976222183609531	0.3220748444059423
37.255	0.1098341046518886	0.5164406584527049	0.2807052089986628
37.25749999999999	0.1642091114280615	0.4402682839410037	0.239051601100379
37.26	0.2179360598616307	0.5760586206693101	0.2023743062758121
37.2625	0.2708029142323438	0.5682780187566048	0.1754567642415893
37.265	0.3226010332187585	0.6567069524695269	0.1626525373149683
37.2675	0.373125993309358	0.6671201547490944	0.1679732405511428
37.27	0.4221783955695053	0.7066257280996102	0.1950493547494006
37.2725	0.4695646525771293	0.8587606224985131	0.2467537196327087
37.27500000000001	0.5150977524248848	0.7073733039904628	0.324430536189678
37.2775	0.5585979967695152	1.059735817811071	0.4271110056625355
37.28	0.5998937100200478	1.056815873858771	0.5514028837751236
37.2825	0.6388219168624999	1.031060776696477	0.6923138691766996
37.285	0.6752289854491338	1.09653234422297	0.8445829693808549
37.28749999999999	0.7089712337128555	1.354062799247349	1.003863351380664
37.29	0.7399154964153787	1.253055079033274	1.166471999221649
37.2925	0.7679396506887302	1.349656872801278	1.326048338794509
37.295	0.792933097999112	1.548368157746413	1.471653860706851
37.2975	0.8147972006283202	1.530945956389938	1.592423882644475
37.3	0.8334456709520524	1.640547410830853	1.681991850811215
37.30249999999999	0.8488049119776844	1.661900124075319	1.738356929979407
37.305	0.8608143077978397	1.566375994814728	1.761192693766923
37.3075	0.8694264628137437	1.795148804623218	1.750105010966938
37.31	0.8746073887840994	1.526539075556578	1.705411894359184
37.3125	0.8763366389610225	1.602987671353873	1.630394443546365
37.315	0.8746073887840969	1.617906697050419	1.532692387181819
37.3175	0.8694264628137515	1.44913234949099	1.422657856853485
37.32000000000001	0.8608143077978324	1.472496822152599	1.310231282988639
37.3225	0.8488049119776995	1.318182815812953	1.203275852052684
37.325	0.8334456709520405	1.26104427419704	1.107468409108207
37.3275	0.8147972006282692	1.372498896775342	1.026675581827565
37.33	0.7929330979990956	1.224710374817587	0.9633081158503497
37.3325	0.7679396506887595	1.162837051260051	0.9185722030886434
37.335	0.739915496415358	1.072229393009301	0.8926111258011554
37.3375	0.7089712337128914	1.08088652641376	0.8845217747517975
37.34	0.6752289854490456	1.104342728780145	0.8922930399829282
37.3425	0.6388219168625416	1.104259869773747	0.9128282359757454
37.34500000000001	0.5998937100200197	1.24928450442785	0.9422111340226612
37.3475	0.5585979967694853	1.196654277609775	0.9761822817419895
37.35	0.5150977524248533	1.295504888925858	1.010602769419791
37.3525	0.4695646525771808	1.295080288693804	1.041717771877207
37.355	0.4221783955693841	1.184108883282237	1.06624345883879
37.35749999999999	0.3731259933094132	1.344688721903781	1.081376960303549
37.36	0.3226010332187226	1.095832227857776	1.084706069229408
37.3625	0.2708029142324017	1.071018673871177	1.073961317083825
37.365	0.2179360598615932	1.029135525417262	1.046635841517583
37.3675	0.1642091114281214	0.8763084054743253	0.9995522061648733
37.37	0.1098341046517514	0.8083300030902678	0.9285283163320608
37.3725	0.055025632842948	0.5827830540419188	0.8286021319427598
37.375	-6.442580258821024e-14	0.5654087570056789	0.6956875635651183
37.3775	-0.05502563284297717	0.1996459325715513	0.5292671947192352
37.38	-0.1098341046518793	0.2454546801003752	0.3331018172409563
37.38249999999999	-0.1642091114280522	-0.1898561681556922	0.1130183497414086
37.38500000000001	-0.2179360598616215	-0.449380773644575	-0.1254334549637557
37.3875	-0.2708029142323348	-0.4549010254232513	-0.3778277384579238
37.39	-0.3226010332187498	-0.6002409763735828	-0.6406751412128882
37.3925	-0.3731259933093494	-0.86438715045529	-0.9109529971894958
37.395	-0.422178395569497	-1.179385801599864	-1.185678412242465
37.3975	-0.4695646525772054	-1.381070991234071	-1.461523160996256
37.40000000000001	-0.5150977524247965	-1.624498162782789	-1.734412586641495
37.4025	-0.558597996769431	-1.85660845547349	-1.999294721216816
37.405	-0.599893710020041	-2.041803432020026	-2.250527715986149
37.40749999999999	-0.6388219168624935	-2.370577674258115	-2.482626988174697
37.41	-0.6752289854491278	-2.307353278759066	-2.690305985498535
37.4125	-0.70897123371285	-2.621593520625315	-2.868249178036641
37.415	-0.7399154964153737	-2.714395847566077	-3.011742643345275
37.4175	-0.7679396506887255	-2.86458405855934	-3.117696018344849
37.42	-0.792933097999108	-2.850663755983902	-3.185032520698817
37.4225	-0.8147972006283166	-2.787897746935683	-3.214295047889703
37.425	-0.8334456709521111	-3.02411314010854	-3.207013412313901
37.4275	-0.8488049119777068	-2.869315748137039	-3.165312532537982
37.43	-0.860814307797838	-2.866282385765749	-3.091900676130725
37.4325	-0.8694264628137426	-2.697820387774428	-2.990275504730958
37.435	-0.8746073887840987	-2.605821590873842	-2.864778624686945
37.4375	-0.8763366389610225	-2.848570509513715	-2.720223046045736
37.44	-0.8746073887840913	-2.459682885615612	-2.561255744315062
37.4425	-0.8694264628137526	-2.173025546342637	-2.391895054328008
37.44500000000001	-0.8608143077978342	-2.018077621148954	-2.215483531957137
37.4475	-0.8488049119777018	-2.113483887673154	-2.034985008961708
37.45	-0.8334456709520742	-1.702216441786552	-1.853393950455129
37.45249999999999	-0.814797200628346	-1.739852602894202	-1.674004534998905
37.455	-0.7929330979990996	-1.55872344026088	-1.500441732422387
37.4575	-0.767939650688764	-1.435007414192681	-1.336557971948939
37.46	-0.739915496415363	-1.302004189513486	-1.186261941321588
37.4625	-0.7089712337128969	-1.286443836695339	-1.053171486052459
37.465	-0.6752289854490517	-1.027175586484083	-0.940043117679807
37.4675	-0.6388219168625481	-1.01013184008284	-0.84822998104481
37.47000000000001	-0.5998937100200264	-0.8220112162516304	-0.7775375506203781
37.4725	-0.5585979967694925	-0.6639065350663318	-0.726513720308736
37.47500000000001	-0.5150977524247804	-0.9226798049910349	-0.6928945691148128
37.4775	-0.4695646525771046	-1.048413171000596	-0.6739850174746677
37.48	-0.4221783955693924	-0.961491927788271	-0.6668844065143632
37.48249999999999	-0.3731259933094217	-0.820803577676849	-0.668551259969106
37.485	-0.3226010332187313	-0.6793440514128114	-0.6757655583694147
37.4875	-0.2708029142324107	-0.9612729900336987	-0.6850529231755965
37.49	-0.2179360598616024	-0.6891832873146223	-0.6926447398391553
37.4925	-0.1642091114281307	-0.8548703492277719	-0.6945673415091356
37.495	-0.1098341046517608	-0.6870847130012434	-0.6868969084372412
37.4975	-0.05502563284295743	-0.9047626250726662	-0.6660993760175762
