design_series	aggregate_state_id	composition_fraction	wavelength_nm	relative_emission_au
series_A	state_1	0.091	900.0	0.02175
series_A	state_2	0.062	900.0	0.01859
series_A	state_3	0.052	900.0	0.01745
series_A	state_4	0.0415	900.0	0.01557
series_A	state_5	0.027	900.0	0.01395
series_A	state_1	0.091	901.0	0.02248
series_A	state_2	0.062	901.0	0.01911
series_A	state_3	0.052	901.0	0.01786
series_A	state_4	0.0415	901.0	0.01587
series_A	state_5	0.027	901.0	0.01417
series_A	state_1	0.091	902.0	0.0232
series_A	state_2	0.062	902.0	0.01961
series_A	state_3	0.052	902.0	0.01829
series_A	state_4	0.0415	902.0	0.01617
series_A	state_5	0.027	902.0	0.0144
series_A	state_1	0.091	903.0	0.0239
series_A	state_2	0.062	903.0	0.0201
series_A	state_3	0.052	903.0	0.0187
series_A	state_4	0.0415	903.0	0.01648
series_A	state_5	0.027	903.0	0.01459
series_A	state_1	0.091	904.0	0.02459
series_A	state_2	0.062	904.0	0.02059
series_A	state_3	0.052	904.0	0.0191
series_A	state_4	0.0415	904.0	0.01679
series_A	state_5	0.027	904.0	0.01481
series_A	state_1	0.091	905.0	0.02529
series_A	state_2	0.062	905.0	0.02107
series_A	state_3	0.052	905.0	0.01949
series_A	state_4	0.0415	905.0	0.01711
series_A	state_5	0.027	905.0	0.015
series_A	state_1	0.091	906.0	0.026
series_A	state_2	0.062	906.0	0.02155
series_A	state_3	0.052	906.0	0.0199
series_A	state_4	0.0415	906.0	0.01743
series_A	state_5	0.027	906.0	0.01523
series_A	state_1	0.091	907.0	0.02671
series_A	state_2	0.062	907.0	0.02205
series_A	state_3	0.052	907.0	0.02029
series_A	state_4	0.0415	907.0	0.01772
series_A	state_5	0.027	907.0	0.01545
series_A	state_1	0.091	908.0	0.02737
series_A	state_2	0.062	908.0	0.02255
series_A	state_3	0.052	908.0	0.02071
series_A	state_4	0.0415	908.0	0.01798
series_A	state_5	0.027	908.0	0.01566
series_A	state_1	0.091	909.0	0.02799
series_A	state_2	0.062	909.0	0.02305
series_A	state_3	0.052	909.0	0.02113
series_A	state_4	0.0415	909.0	0.01818
series_A	state_5	0.027	909.0	0.0159
series_A	state_1	0.091	910.0	0.02868
series_A	state_2	0.062	910.0	0.0236
series_A	state_3	0.052	910.0	0.02155
series_A	state_4	0.0415	910.0	0.01837
series_A	state_5	0.027	910.0	0.01613
series_A	state_1	0.091	911.0	0.02932
series_A	state_2	0.062	911.0	0.02412
series_A	state_3	0.052	911.0	0.02198
series_A	state_4	0.0415	911.0	0.01857
series_A	state_5	0.027	911.0	0.01636
series_A	state_1	0.091	912.0	0.02995
series_A	state_2	0.062	912.0	0.02462
series_A	state_3	0.052	912.0	0.02239
series_A	state_4	0.0415	912.0	0.01874
series_A	state_5	0.027	912.0	0.01657
series_A	state_1	0.091	913.0	0.03057
series_A	state_2	0.062	913.0	0.02506
series_A	state_3	0.052	913.0	0.0228
series_A	state_4	0.0415	913.0	0.01888
series_A	state_5	0.027	913.0	0.0168
series_A	state_1	0.091	914.0	0.03114
series_A	state_2	0.062	914.0	0.02547
series_A	state_3	0.052	914.0	0.02321
series_A	state_4	0.0415	914.0	0.01901
series_A	state_5	0.027	914.0	0.01699
series_A	state_1	0.091	915.0	0.03169
series_A	state_2	0.062	915.0	0.02587
series_A	state_3	0.052	915.0	0.02359
series_A	state_4	0.0415	915.0	0.01921
series_A	state_5	0.027	915.0	0.01716
series_A	state_1	0.091	916.0	0.03225
series_A	state_2	0.062	916.0	0.0263
series_A	state_3	0.052	916.0	0.0239
series_A	state_4	0.0415	916.0	0.01938
series_A	state_5	0.027	916.0	0.01732
series_A	state_1	0.091	917.0	0.03278
series_A	state_2	0.062	917.0	0.02668
series_A	state_3	0.052	917.0	0.02418
series_A	state_4	0.0415	917.0	0.01958
series_A	state_5	0.027	917.0	0.01749
series_A	state_1	0.091	918.0	0.03328
series_A	state_2	0.062	918.0	0.02703
series_A	state_3	0.052	918.0	0.02444
series_A	state_4	0.0415	918.0	0.01978
series_A	state_5	0.027	918.0	0.01763
series_A	state_1	0.091	919.0	0.03375
series_A	state_2	0.062	919.0	0.0273
series_A	state_3	0.052	919.0	0.02472
series_A	state_4	0.0415	919.0	0.02
series_A	state_5	0.027	919.0	0.01774
series_A	state_1	0.091	920.0	0.0342
series_A	state_2	0.062	920.0	0.0276
series_A	state_3	0.052	920.0	0.02502
series_A	state_4	0.0415	920.0	0.02021
series_A	state_5	0.027	920.0	0.01787
series_A	state_1	0.091	921.0	0.03464
series_A	state_2	0.062	921.0	0.02787
series_A	state_3	0.052	921.0	0.02531
series_A	state_4	0.0415	921.0	0.02042
series_A	state_5	0.027	921.0	0.01798
series_A	state_1	0.091	922.0	0.03503
series_A	state_2	0.062	922.0	0.02812
series_A	state_3	0.052	922.0	0.0256
series_A	state_4	0.0415	922.0	0.02065
series_A	state_5	0.027	922.0	0.01806
series_A	state_1	0.091	923.0	0.03545
series_A	state_2	0.062	923.0	0.02837
series_A	state_3	0.052	923.0	0.02589
series_A	state_4	0.0415	923.0	0.02091
series_A	state_5	0.027	923.0	0.01814
series_A	state_1	0.091	924.0	0.03592
series_A	state_2	0.062	924.0	0.02866
series_A	state_3	0.052	924.0	0.02616
series_A	state_4	0.0415	924.0	0.02117
series_A	state_5	0.027	924.0	0.01824
series_A	state_1	0.091	925.0	0.03643
series_A	state_2	0.062	925.0	0.02893
series_A	state_3	0.052	925.0	0.02646
series_A	state_4	0.0415	925.0	0.02146
series_A	state_5	0.027	925.0	0.01835
series_A	state_1	0.091	926.0	0.03694
series_A	state_2	0.062	926.0	0.02926
series_A	state_3	0.052	926.0	0.02674
series_A	state_4	0.0415	926.0	0.02173
series_A	state_5	0.027	926.0	0.01847
series_A	state_1	0.091	927.0	0.03748
series_A	state_2	0.062	927.0	0.02963
series_A	state_3	0.052	927.0	0.02696
series_A	state_4	0.0415	927.0	0.02199
series_A	state_5	0.027	927.0	0.01856
series_A	state_1	0.091	928.0	0.03801
series_A	state_2	0.062	928.0	0.02999
series_A	state_3	0.052	928.0	0.02721
series_A	state_4	0.0415	928.0	0.02222
series_A	state_5	0.027	928.0	0.01866
series_A	state_1	0.091	929.0	0.03857
series_A	state_2	0.062	929.0	0.03039
series_A	state_3	0.052	929.0	0.02743
series_A	state_4	0.0415	929.0	0.02242
series_A	state_5	0.027	929.0	0.01871
series_A	state_1	0.091	930.0	0.03917
series_A	state_2	0.062	930.0	0.0308
series_A	state_3	0.052	930.0	0.02771
series_A	state_4	0.0415	930.0	0.02267
series_A	state_5	0.027	930.0	0.01878
series_A	state_1	0.091	931.0	0.03974
series_A	state_2	0.062	931.0	0.03123
series_A	state_3	0.052	931.0	0.02804
series_A	state_4	0.0415	931.0	0.02289
series_A	state_5	0.027	931.0	0.01886
series_A	state_1	0.091	932.0	0.04035
series_A	state_2	0.062	932.0	0.03169
series_A	state_3	0.052	932.0	0.02835
series_A	state_4	0.0415	932.0	0.02309
series_A	state_5	0.027	932.0	0.01897
series_A	state_1	0.091	933.0	0.04097
series_A	state_2	0.062	933.0	0.03213
series_A	state_3	0.052	933.0	0.02871
series_A	state_4	0.0415	933.0	0.02332
series_A	state_5	0.027	933.0	0.01913
series_A	state_1	0.091	934.0	0.04159
series_A	state_2	0.062	934.0	0.03259
series_A	state_3	0.052	934.0	0.02909
series_A	state_4	0.0415	934.0	0.02354
series_A	state_5	0.027	934.0	0.01927
series_A	state_1	0.091	935.0	0.04225
series_A	state_2	0.062	935.0	0.03306
series_A	state_3	0.052	935.0	0.02944
series_A	state_4	0.0415	935.0	0.02381
series_A	state_5	0.027	935.0	0.01941
series_A	state_1	0.091	936.0	0.0429
series_A	state_2	0.062	936.0	0.03355
series_A	state_3	0.052	936.0	0.02982
series_A	state_4	0.0415	936.0	0.02406
series_A	state_5	0.027	936.0	0.0196
series_A	state_1	0.091	937.0	0.04353
series_A	state_2	0.062	937.0	0.034
series_A	state_3	0.052	937.0	0.03023
series_A	state_4	0.0415	937.0	0.02433
series_A	state_5	0.027	937.0	0.0198
series_A	state_1	0.091	938.0	0.04412
series_A	state_2	0.062	938.0	0.03443
series_A	state_3	0.052	938.0	0.03063
series_A	state_4	0.0415	938.0	0.02459
series_A	state_5	0.027	938.0	0.01998
series_A	state_1	0.091	939.0	0.04467
series_A	state_2	0.062	939.0	0.03484
series_A	state_3	0.052	939.0	0.03102
series_A	state_4	0.0415	939.0	0.02484
series_A	state_5	0.027	939.0	0.0202
series_A	state_1	0.091	940.0	0.04518
series_A	state_2	0.062	940.0	0.03529
series_A	state_3	0.052	940.0	0.03144
series_A	state_4	0.0415	940.0	0.0251
series_A	state_5	0.027	940.0	0.02045
series_A	state_1	0.091	941.0	0.0457
series_A	state_2	0.062	941.0	0.03571
series_A	state_3	0.052	941.0	0.03183
series_A	state_4	0.0415	941.0	0.02534
series_A	state_5	0.027	941.0	0.02067
series_A	state_1	0.091	942.0	0.04625
series_A	state_2	0.062	942.0	0.03614
series_A	state_3	0.052	942.0	0.03223
series_A	state_4	0.0415	942.0	0.02557
series_A	state_5	0.027	942.0	0.02093
series_A	state_1	0.091	943.0	0.04679
series_A	state_2	0.062	943.0	0.03656
series_A	state_3	0.052	943.0	0.03263
series_A	state_4	0.0415	943.0	0.02585
series_A	state_5	0.027	943.0	0.02119
series_A	state_1	0.091	944.0	0.04736
series_A	state_2	0.062	944.0	0.037
series_A	state_3	0.052	944.0	0.03302
series_A	state_4	0.0415	944.0	0.02609
series_A	state_5	0.027	944.0	0.02142
series_A	state_1	0.091	945.0	0.04795
series_A	state_2	0.062	945.0	0.03742
series_A	state_3	0.052	945.0	0.03339
series_A	state_4	0.0415	945.0	0.02634
series_A	state_5	0.027	945.0	0.02164
series_A	state_1	0.091	946.0	0.04849
series_A	state_2	0.062	946.0	0.03784
series_A	state_3	0.052	946.0	0.03373
series_A	state_4	0.0415	946.0	0.02655
series_A	state_5	0.027	946.0	0.02182
series_A	state_1	0.091	947.0	0.04903
series_A	state_2	0.062	947.0	0.03822
series_A	state_3	0.052	947.0	0.03404
series_A	state_4	0.0415	947.0	0.0268
series_A	state_5	0.027	947.0	0.02199
series_A	state_1	0.091	948.0	0.04955
series_A	state_2	0.062	948.0	0.03859
series_A	state_3	0.052	948.0	0.03437
series_A	state_4	0.0415	948.0	0.02702
series_A	state_5	0.027	948.0	0.02213
series_A	state_1	0.091	949.0	0.0501
series_A	state_2	0.062	949.0	0.03899
series_A	state_3	0.052	949.0	0.03469
series_A	state_4	0.0415	949.0	0.02724
series_A	state_5	0.027	949.0	0.02223
series_A	state_1	0.091	950.0	0.05064
series_A	state_2	0.062	950.0	0.03935
series_A	state_3	0.052	950.0	0.03504
series_A	state_4	0.0415	950.0	0.02748
series_A	state_5	0.027	950.0	0.02236
series_A	state_1	0.091	951.0	0.05118
series_A	state_2	0.062	951.0	0.03973
series_A	state_3	0.052	951.0	0.03538
series_A	state_4	0.0415	951.0	0.02767
series_A	state_5	0.027	951.0	0.02249
series_A	state_1	0.091	952.0	0.05174
series_A	state_2	0.062	952.0	0.04008
series_A	state_3	0.052	952.0	0.03573
series_A	state_4	0.0415	952.0	0.02789
series_A	state_5	0.027	952.0	0.02261
series_A	state_1	0.091	953.0	0.05232
series_A	state_2	0.062	953.0	0.04043
series_A	state_3	0.052	953.0	0.03606
series_A	state_4	0.0415	953.0	0.02811
series_A	state_5	0.027	953.0	0.02274
series_A	state_1	0.091	954.0	0.0529
series_A	state_2	0.062	954.0	0.04076
series_A	state_3	0.052	954.0	0.03637
series_A	state_4	0.0415	954.0	0.02822
series_A	state_5	0.027	954.0	0.02284
series_A	state_1	0.091	955.0	0.05347
series_A	state_2	0.062	955.0	0.04112
series_A	state_3	0.052	955.0	0.03665
series_A	state_4	0.0415	955.0	0.02836
series_A	state_5	0.027	955.0	0.02296
series_A	state_1	0.091	956.0	0.05405
series_A	state_2	0.062	956.0	0.0415
series_A	state_3	0.052	956.0	0.03697
series_A	state_4	0.0415	956.0	0.02851
series_A	state_5	0.027	956.0	0.02311
series_A	state_1	0.091	957.0	0.05458
series_A	state_2	0.062	957.0	0.04185
series_A	state_3	0.052	957.0	0.03725
series_A	state_4	0.0415	957.0	0.02869
series_A	state_5	0.027	957.0	0.02325
series_A	state_1	0.091	958.0	0.05509
series_A	state_2	0.062	958.0	0.04221
series_A	state_3	0.052	958.0	0.03752
series_A	state_4	0.0415	958.0	0.0288
series_A	state_5	0.027	958.0	0.02339
series_A	state_1	0.091	959.0	0.05549
series_A	state_2	0.062	959.0	0.04256
series_A	state_3	0.052	959.0	0.03782
series_A	state_4	0.0415	959.0	0.02898
series_A	state_5	0.027	959.0	0.02353
series_A	state_1	0.091	960.0	0.05592
series_A	state_2	0.062	960.0	0.04291
series_A	state_3	0.052	960.0	0.03811
series_A	state_4	0.0415	960.0	0.02918
series_A	state_5	0.027	960.0	0.02369
series_A	state_1	0.091	961.0	0.0564
series_A	state_2	0.062	961.0	0.04326
series_A	state_3	0.052	961.0	0.03839
series_A	state_4	0.0415	961.0	0.02934
series_A	state_5	0.027	961.0	0.02382
series_A	state_1	0.091	962.0	0.0569
series_A	state_2	0.062	962.0	0.04362
series_A	state_3	0.052	962.0	0.03872
series_A	state_4	0.0415	962.0	0.02954
series_A	state_5	0.027	962.0	0.02397
series_A	state_1	0.091	963.0	0.05736
series_A	state_2	0.062	963.0	0.04401
series_A	state_3	0.052	963.0	0.03904
series_A	state_4	0.0415	963.0	0.02979
series_A	state_5	0.027	963.0	0.0241
series_A	state_1	0.091	964.0	0.05785
series_A	state_2	0.062	964.0	0.04437
series_A	state_3	0.052	964.0	0.03933
series_A	state_4	0.0415	964.0	0.02999
series_A	state_5	0.027	964.0	0.02423
series_A	state_1	0.091	965.0	0.05835
series_A	state_2	0.062	965.0	0.04474
series_A	state_3	0.052	965.0	0.03965
series_A	state_4	0.0415	965.0	0.03024
series_A	state_5	0.027	965.0	0.02435
series_A	state_1	0.091	966.0	0.0588
series_A	state_2	0.062	966.0	0.04509
series_A	state_3	0.052	966.0	0.03996
series_A	state_4	0.0415	966.0	0.03048
series_A	state_5	0.027	966.0	0.02449
series_A	state_1	0.091	967.0	0.05926
series_A	state_2	0.062	967.0	0.04545
series_A	state_3	0.052	967.0	0.04026
series_A	state_4	0.0415	967.0	0.03076
series_A	state_5	0.027	967.0	0.02463
series_A	state_1	0.091	968.0	0.05974
series_A	state_2	0.062	968.0	0.0458
series_A	state_3	0.052	968.0	0.04053
series_A	state_4	0.0415	968.0	0.03101
series_A	state_5	0.027	968.0	0.02475
series_A	state_1	0.091	969.0	0.06018
series_A	state_2	0.062	969.0	0.04612
series_A	state_3	0.052	969.0	0.0408
series_A	state_4	0.0415	969.0	0.03125
series_A	state_5	0.027	969.0	0.02489
series_A	state_1	0.091	970.0	0.06059
series_A	state_2	0.062	970.0	0.04642
series_A	state_3	0.052	970.0	0.04106
series_A	state_4	0.0415	970.0	0.03148
series_A	state_5	0.027	970.0	0.02502
series_A	state_1	0.091	971.0	0.06102
series_A	state_2	0.062	971.0	0.04672
series_A	state_3	0.052	971.0	0.04132
series_A	state_4	0.0415	971.0	0.03169
series_A	state_5	0.027	971.0	0.02514
series_A	state_1	0.091	972.0	0.06145
series_A	state_2	0.062	972.0	0.04696
series_A	state_3	0.052	972.0	0.04155
series_A	state_4	0.0415	972.0	0.03186
series_A	state_5	0.027	972.0	0.02526
series_A	state_1	0.091	973.0	0.0619
series_A	state_2	0.062	973.0	0.04722
series_A	state_3	0.052	973.0	0.04177
series_A	state_4	0.0415	973.0	0.03201
series_A	state_5	0.027	973.0	0.0254
series_A	state_1	0.091	974.0	0.06232
series_A	state_2	0.062	974.0	0.04739
series_A	state_3	0.052	974.0	0.04201
series_A	state_4	0.0415	974.0	0.03208
series_A	state_5	0.027	974.0	0.02552
series_A	state_1	0.091	975.0	0.06272
series_A	state_2	0.062	975.0	0.0476
series_A	state_3	0.052	975.0	0.04219
series_A	state_4	0.0415	975.0	0.03225
series_A	state_5	0.027	975.0	0.02565
series_A	state_1	0.091	976.0	0.06312
series_A	state_2	0.062	976.0	0.0478
series_A	state_3	0.052	976.0	0.04243
series_A	state_4	0.0415	976.0	0.03242
series_A	state_5	0.027	976.0	0.02576
series_A	state_1	0.091	977.0	0.06345
series_A	state_2	0.062	977.0	0.04802
series_A	state_3	0.052	977.0	0.04259
series_A	state_4	0.0415	977.0	0.03255
series_A	state_5	0.027	977.0	0.02589
series_A	state_1	0.091	978.0	0.06382
series_A	state_2	0.062	978.0	0.04822
series_A	state_3	0.052	978.0	0.04277
series_A	state_4	0.0415	978.0	0.03263
series_A	state_5	0.027	978.0	0.02602
series_A	state_1	0.091	979.0	0.06408
series_A	state_2	0.062	979.0	0.04844
series_A	state_3	0.052	979.0	0.04297
series_A	state_4	0.0415	979.0	0.03279
series_A	state_5	0.027	979.0	0.02612
series_A	state_1	0.091	980.0	0.06443
series_A	state_2	0.062	980.0	0.04867
series_A	state_3	0.052	980.0	0.04314
series_A	state_4	0.0415	980.0	0.03292
series_A	state_5	0.027	980.0	0.02624
series_A	state_1	0.091	981.0	0.06478
series_A	state_2	0.062	981.0	0.04892
series_A	state_3	0.052	981.0	0.04334
series_A	state_4	0.0415	981.0	0.03305
series_A	state_5	0.027	981.0	0.02634
series_A	state_1	0.091	982.0	0.06511
series_A	state_2	0.062	982.0	0.04919
series_A	state_3	0.052	982.0	0.04353
series_A	state_4	0.0415	982.0	0.03318
series_A	state_5	0.027	982.0	0.02646
series_A	state_1	0.091	983.0	0.06546
series_A	state_2	0.062	983.0	0.04948
series_A	state_3	0.052	983.0	0.04373
series_A	state_4	0.0415	983.0	0.03332
series_A	state_5	0.027	983.0	0.02656
series_A	state_1	0.091	984.0	0.0658
series_A	state_2	0.062	984.0	0.04971
series_A	state_3	0.052	984.0	0.04393
series_A	state_4	0.0415	984.0	0.03343
series_A	state_5	0.027	984.0	0.02663
series_A	state_1	0.091	985.0	0.0661
series_A	state_2	0.062	985.0	0.05001
series_A	state_3	0.052	985.0	0.04411
series_A	state_4	0.0415	985.0	0.03356
series_A	state_5	0.027	985.0	0.02675
series_A	state_1	0.091	986.0	0.06639
series_A	state_2	0.062	986.0	0.05028
series_A	state_3	0.052	986.0	0.0443
series_A	state_4	0.0415	986.0	0.03368
series_A	state_5	0.027	986.0	0.02685
series_A	state_1	0.091	987.0	0.06667
series_A	state_2	0.062	987.0	0.05056
series_A	state_3	0.052	987.0	0.04451
series_A	state_4	0.0415	987.0	0.03378
series_A	state_5	0.027	987.0	0.02692
series_A	state_1	0.091	988.0	0.06692
series_A	state_2	0.062	988.0	0.05081
series_A	state_3	0.052	988.0	0.04471
series_A	state_4	0.0415	988.0	0.03391
series_A	state_5	0.027	988.0	0.02699
series_A	state_1	0.091	989.0	0.06715
series_A	state_2	0.062	989.0	0.05104
series_A	state_3	0.052	989.0	0.04494
series_A	state_4	0.0415	989.0	0.03406
series_A	state_5	0.027	989.0	0.02709
series_A	state_1	0.091	990.0	0.0674
series_A	state_2	0.062	990.0	0.05129
series_A	state_3	0.052	990.0	0.04516
series_A	state_4	0.0415	990.0	0.03418
series_A	state_5	0.027	990.0	0.02719
series_A	state_1	0.091	991.0	0.06766
series_A	state_2	0.062	991.0	0.05149
series_A	state_3	0.052	991.0	0.04536
series_A	state_4	0.0415	991.0	0.03431
series_A	state_5	0.027	991.0	0.02724
series_A	state_1	0.091	992.0	0.06794
series_A	state_2	0.062	992.0	0.05165
series_A	state_3	0.052	992.0	0.04558
series_A	state_4	0.0415	992.0	0.03441
series_A	state_5	0.027	992.0	0.02733
series_A	state_1	0.091	993.0	0.06824
series_A	state_2	0.062	993.0	0.05183
series_A	state_3	0.052	993.0	0.04578
series_A	state_4	0.0415	993.0	0.03455
series_A	state_5	0.027	993.0	0.0274
series_A	state_1	0.091	994.0	0.06853
series_A	state_2	0.062	994.0	0.05198
series_A	state_3	0.052	994.0	0.04595
series_A	state_4	0.0415	994.0	0.03469
series_A	state_5	0.027	994.0	0.02748
series_A	state_1	0.091	995.0	0.06886
series_A	state_2	0.062	995.0	0.05216
series_A	state_3	0.052	995.0	0.04609
series_A	state_4	0.0415	995.0	0.03487
series_A	state_5	0.027	995.0	0.02757
series_A	state_1	0.091	996.0	0.0692
series_A	state_2	0.062	996.0	0.05234
series_A	state_3	0.052	996.0	0.04628
series_A	state_4	0.0415	996.0	0.03501
series_A	state_5	0.027	996.0	0.02763
series_A	state_1	0.091	997.0	0.06948
series_A	state_2	0.062	997.0	0.05253
series_A	state_3	0.052	997.0	0.04643
series_A	state_4	0.0415	997.0	0.03513
series_A	state_5	0.027	997.0	0.02769
series_A	state_1	0.091	998.0	0.06979
series_A	state_2	0.062	998.0	0.0527
series_A	state_3	0.052	998.0	0.0466
series_A	state_4	0.0415	998.0	0.03525
series_A	state_5	0.027	998.0	0.02776
series_A	state_1	0.091	999.0	0.07009
series_A	state_2	0.062	999.0	0.05293
series_A	state_3	0.052	999.0	0.04678
series_A	state_4	0.0415	999.0	0.03542
series_A	state_5	0.027	999.0	0.02784
series_A	state_1	0.091	1000.0	0.0704
series_A	state_2	0.062	1000.0	0.05315
series_A	state_3	0.052	1000.0	0.04691
series_A	state_4	0.0415	1000.0	0.03556
series_A	state_5	0.027	1000.0	0.02791
series_A	state_1	0.091	1001.0	0.07069
series_A	state_2	0.062	1001.0	0.05336
series_A	state_3	0.052	1001.0	0.04708
series_A	state_4	0.0415	1001.0	0.03568
series_A	state_5	0.027	1001.0	0.02798
series_A	state_1	0.091	1002.0	0.07098
series_A	state_2	0.062	1002.0	0.05358
series_A	state_3	0.052	1002.0	0.04724
series_A	state_4	0.0415	1002.0	0.03577
series_A	state_5	0.027	1002.0	0.02807
series_A	state_1	0.091	1003.0	0.07124
series_A	state_2	0.062	1003.0	0.05379
series_A	state_3	0.052	1003.0	0.04741
series_A	state_4	0.0415	1003.0	0.0359
series_A	state_5	0.027	1003.0	0.02812
series_A	state_1	0.091	1004.0	0.07144
series_A	state_2	0.062	1004.0	0.05397
series_A	state_3	0.052	1004.0	0.04755
series_A	state_4	0.0415	1004.0	0.036
series_A	state_5	0.027	1004.0	0.02818
series_A	state_1	0.091	1005.0	0.07165
series_A	state_2	0.062	1005.0	0.0542
series_A	state_3	0.052	1005.0	0.04768
series_A	state_4	0.0415	1005.0	0.03611
series_A	state_5	0.027	1005.0	0.02826
series_A	state_1	0.091	1006.0	0.07185
series_A	state_2	0.062	1006.0	0.0544
series_A	state_3	0.052	1006.0	0.04784
series_A	state_4	0.0415	1006.0	0.03622
series_A	state_5	0.027	1006.0	0.02829
series_A	state_1	0.091	1007.0	0.07205
series_A	state_2	0.062	1007.0	0.05461
series_A	state_3	0.052	1007.0	0.04797
series_A	state_4	0.0415	1007.0	0.03631
series_A	state_5	0.027	1007.0	0.02834
series_A	state_1	0.091	1008.0	0.07228
series_A	state_2	0.062	1008.0	0.0548
series_A	state_3	0.052	1008.0	0.04809
series_A	state_4	0.0415	1008.0	0.03644
series_A	state_5	0.027	1008.0	0.02841
series_A	state_1	0.091	1009.0	0.0725
series_A	state_2	0.062	1009.0	0.05499
series_A	state_3	0.052	1009.0	0.04822
series_A	state_4	0.0415	1009.0	0.03654
series_A	state_5	0.027	1009.0	0.02848
series_A	state_1	0.091	1010.0	0.07273
series_A	state_2	0.062	1010.0	0.05516
series_A	state_3	0.052	1010.0	0.04832
series_A	state_4	0.0415	1010.0	0.03659
series_A	state_5	0.027	1010.0	0.02854
series_A	state_1	0.091	1011.0	0.07297
series_A	state_2	0.062	1011.0	0.0553
series_A	state_3	0.052	1011.0	0.04839
series_A	state_4	0.0415	1011.0	0.03665
series_A	state_5	0.027	1011.0	0.0286
series_A	state_1	0.091	1012.0	0.07321
series_A	state_2	0.062	1012.0	0.05545
series_A	state_3	0.052	1012.0	0.04847
series_A	state_4	0.0415	1012.0	0.03673
series_A	state_5	0.027	1012.0	0.02866
series_A	state_1	0.091	1013.0	0.07345
series_A	state_2	0.062	1013.0	0.05561
series_A	state_3	0.052	1013.0	0.04849
series_A	state_4	0.0415	1013.0	0.03681
series_A	state_5	0.027	1013.0	0.02871
series_A	state_1	0.091	1014.0	0.07369
series_A	state_2	0.062	1014.0	0.05578
series_A	state_3	0.052	1014.0	0.0485
series_A	state_4	0.0415	1014.0	0.03687
series_A	state_5	0.027	1014.0	0.02877
series_A	state_1	0.091	1015.0	0.07389
series_A	state_2	0.062	1015.0	0.05585
series_A	state_3	0.052	1015.0	0.04856
series_A	state_4	0.0415	1015.0	0.03694
series_A	state_5	0.027	1015.0	0.0288
series_A	state_1	0.091	1016.0	0.07407
series_A	state_2	0.062	1016.0	0.05596
series_A	state_3	0.052	1016.0	0.0486
series_A	state_4	0.0415	1016.0	0.03697
series_A	state_5	0.027	1016.0	0.02879
series_A	state_1	0.091	1017.0	0.07426
series_A	state_2	0.062	1017.0	0.05606
series_A	state_3	0.052	1017.0	0.0486
series_A	state_4	0.0415	1017.0	0.037
series_A	state_5	0.027	1017.0	0.0288
series_A	state_1	0.091	1018.0	0.07443
series_A	state_2	0.062	1018.0	0.05616
series_A	state_3	0.052	1018.0	0.04863
series_A	state_4	0.0415	1018.0	0.03704
series_A	state_5	0.027	1018.0	0.02884
series_A	state_1	0.091	1019.0	0.07458
series_A	state_2	0.062	1019.0	0.05627
series_A	state_3	0.052	1019.0	0.04864
series_A	state_4	0.0415	1019.0	0.03708
series_A	state_5	0.027	1019.0	0.02889
series_A	state_1	0.091	1020.0	0.07474
series_A	state_2	0.062	1020.0	0.05636
series_A	state_3	0.052	1020.0	0.04868
series_A	state_4	0.0415	1020.0	0.03712
series_A	state_5	0.027	1020.0	0.0289
series_A	state_1	0.091	1021.0	0.07486
series_A	state_2	0.062	1021.0	0.0564
series_A	state_3	0.052	1021.0	0.04874
series_A	state_4	0.0415	1021.0	0.03716
series_A	state_5	0.027	1021.0	0.0289
series_A	state_1	0.091	1022.0	0.07493
series_A	state_2	0.062	1022.0	0.05647
series_A	state_3	0.052	1022.0	0.04877
series_A	state_4	0.0415	1022.0	0.03716
series_A	state_5	0.027	1022.0	0.0289
series_A	state_1	0.091	1023.0	0.07498
series_A	state_2	0.062	1023.0	0.05648
series_A	state_3	0.052	1023.0	0.04883
series_A	state_4	0.0415	1023.0	0.0372
series_A	state_5	0.027	1023.0	0.02887
series_A	state_1	0.091	1024.0	0.07503
series_A	state_2	0.062	1024.0	0.0565
series_A	state_3	0.052	1024.0	0.04886
series_A	state_4	0.0415	1024.0	0.0372
series_A	state_5	0.027	1024.0	0.02886
series_A	state_1	0.091	1025.0	0.07508
series_A	state_2	0.062	1025.0	0.05651
series_A	state_3	0.052	1025.0	0.04888
series_A	state_4	0.0415	1025.0	0.03724
series_A	state_5	0.027	1025.0	0.02885
series_A	state_1	0.091	1026.0	0.07512
series_A	state_2	0.062	1026.0	0.05655
series_A	state_3	0.052	1026.0	0.0489
series_A	state_4	0.0415	1026.0	0.03725
series_A	state_5	0.027	1026.0	0.02884
series_A	state_1	0.091	1027.0	0.07516
series_A	state_2	0.062	1027.0	0.05655
series_A	state_3	0.052	1027.0	0.0489
series_A	state_4	0.0415	1027.0	0.03725
series_A	state_5	0.027	1027.0	0.02884
series_A	state_1	0.091	1028.0	0.07519
series_A	state_2	0.062	1028.0	0.05654
series_A	state_3	0.052	1028.0	0.04886
series_A	state_4	0.0415	1028.0	0.03726
series_A	state_5	0.027	1028.0	0.02882
series_A	state_1	0.091	1029.0	0.07517
series_A	state_2	0.062	1029.0	0.05652
series_A	state_3	0.052	1029.0	0.04887
series_A	state_4	0.0415	1029.0	0.03725
series_A	state_5	0.027	1029.0	0.0288
series_A	state_1	0.091	1030.0	0.07517
series_A	state_2	0.062	1030.0	0.05648
series_A	state_3	0.052	1030.0	0.04887
series_A	state_4	0.0415	1030.0	0.03723
series_A	state_5	0.027	1030.0	0.0288
series_A	state_1	0.091	1031.0	0.07515
series_A	state_2	0.062	1031.0	0.05647
series_A	state_3	0.052	1031.0	0.04884
series_A	state_4	0.0415	1031.0	0.03722
series_A	state_5	0.027	1031.0	0.0288
series_A	state_1	0.091	1032.0	0.0751
series_A	state_2	0.062	1032.0	0.05646
series_A	state_3	0.052	1032.0	0.04883
series_A	state_4	0.0415	1032.0	0.0372
series_A	state_5	0.027	1032.0	0.02878
series_A	state_1	0.091	1033.0	0.07506
series_A	state_2	0.062	1033.0	0.05645
series_A	state_3	0.052	1033.0	0.04878
series_A	state_4	0.0415	1033.0	0.03719
series_A	state_5	0.027	1033.0	0.02878
series_A	state_1	0.091	1034.0	0.075
series_A	state_2	0.062	1034.0	0.05641
series_A	state_3	0.052	1034.0	0.04876
series_A	state_4	0.0415	1034.0	0.03717
series_A	state_5	0.027	1034.0	0.02878
series_A	state_1	0.091	1035.0	0.07491
series_A	state_2	0.062	1035.0	0.05636
series_A	state_3	0.052	1035.0	0.04875
series_A	state_4	0.0415	1035.0	0.03718
series_A	state_5	0.027	1035.0	0.02878
series_A	state_1	0.091	1036.0	0.07486
series_A	state_2	0.062	1036.0	0.05635
series_A	state_3	0.052	1036.0	0.04869
series_A	state_4	0.0415	1036.0	0.03713
series_A	state_5	0.027	1036.0	0.02878
series_A	state_1	0.091	1037.0	0.07483
series_A	state_2	0.062	1037.0	0.05631
series_A	state_3	0.052	1037.0	0.04864
series_A	state_4	0.0415	1037.0	0.0371
series_A	state_5	0.027	1037.0	0.02878
series_A	state_1	0.091	1038.0	0.07474
series_A	state_2	0.062	1038.0	0.05627
series_A	state_3	0.052	1038.0	0.04862
series_A	state_4	0.0415	1038.0	0.03708
series_A	state_5	0.027	1038.0	0.02878
series_A	state_1	0.091	1039.0	0.07468
series_A	state_2	0.062	1039.0	0.05626
series_A	state_3	0.052	1039.0	0.04859
series_A	state_4	0.0415	1039.0	0.03707
series_A	state_5	0.027	1039.0	0.02875
series_A	state_1	0.091	1040.0	0.07462
series_A	state_2	0.062	1040.0	0.05624
series_A	state_3	0.052	1040.0	0.04861
series_A	state_4	0.0415	1040.0	0.03706
series_A	state_5	0.027	1040.0	0.02873
series_A	state_1	0.091	1041.0	0.07457
series_A	state_2	0.062	1041.0	0.05622
series_A	state_3	0.052	1041.0	0.04859
series_A	state_4	0.0415	1041.0	0.037
series_A	state_5	0.027	1041.0	0.02872
series_A	state_1	0.091	1042.0	0.07448
series_A	state_2	0.062	1042.0	0.05617
series_A	state_3	0.052	1042.0	0.04858
series_A	state_4	0.0415	1042.0	0.03695
series_A	state_5	0.027	1042.0	0.02869
series_A	state_1	0.091	1043.0	0.07445
series_A	state_2	0.062	1043.0	0.05612
series_A	state_3	0.052	1043.0	0.04858
series_A	state_4	0.0415	1043.0	0.03696
series_A	state_5	0.027	1043.0	0.02868
series_A	state_1	0.091	1044.0	0.07439
series_A	state_2	0.062	1044.0	0.05608
series_A	state_3	0.052	1044.0	0.04855
series_A	state_4	0.0415	1044.0	0.0369
series_A	state_5	0.027	1044.0	0.02869
series_A	state_1	0.091	1045.0	0.07434
series_A	state_2	0.062	1045.0	0.05602
series_A	state_3	0.052	1045.0	0.04855
series_A	state_4	0.0415	1045.0	0.03691
series_A	state_5	0.027	1045.0	0.02867
series_A	state_1	0.091	1046.0	0.07428
series_A	state_2	0.062	1046.0	0.05597
series_A	state_3	0.052	1046.0	0.04851
series_A	state_4	0.0415	1046.0	0.03688
series_A	state_5	0.027	1046.0	0.02866
series_A	state_1	0.091	1047.0	0.07422
series_A	state_2	0.062	1047.0	0.05591
series_A	state_3	0.052	1047.0	0.04849
series_A	state_4	0.0415	1047.0	0.03686
series_A	state_5	0.027	1047.0	0.02865
series_A	state_1	0.091	1048.0	0.07414
series_A	state_2	0.062	1048.0	0.05585
series_A	state_3	0.052	1048.0	0.04844
series_A	state_4	0.0415	1048.0	0.03684
series_A	state_5	0.027	1048.0	0.02864
series_A	state_1	0.091	1049.0	0.07404
series_A	state_2	0.062	1049.0	0.05578
series_A	state_3	0.052	1049.0	0.04846
series_A	state_4	0.0415	1049.0	0.03681
series_A	state_5	0.027	1049.0	0.02862
series_A	state_1	0.091	1050.0	0.07395
series_A	state_2	0.062	1050.0	0.05574
series_A	state_3	0.052	1050.0	0.04846
series_A	state_4	0.0415	1050.0	0.03679
series_A	state_5	0.027	1050.0	0.02863
series_A	state_1	0.091	1051.0	0.07385
series_A	state_2	0.062	1051.0	0.05569
series_A	state_3	0.052	1051.0	0.04846
series_A	state_4	0.0415	1051.0	0.03675
series_A	state_5	0.027	1051.0	0.02859
series_A	state_1	0.091	1052.0	0.07373
series_A	state_2	0.062	1052.0	0.05566
series_A	state_3	0.052	1052.0	0.04846
series_A	state_4	0.0415	1052.0	0.03675
series_A	state_5	0.027	1052.0	0.02856
series_A	state_1	0.091	1053.0	0.07362
series_A	state_2	0.062	1053.0	0.05561
series_A	state_3	0.052	1053.0	0.04843
series_A	state_4	0.0415	1053.0	0.03677
series_A	state_5	0.027	1053.0	0.02856
series_A	state_1	0.091	1054.0	0.0735
series_A	state_2	0.062	1054.0	0.05553
series_A	state_3	0.052	1054.0	0.0484
series_A	state_4	0.0415	1054.0	0.03678
series_A	state_5	0.027	1054.0	0.02853
series_A	state_1	0.091	1055.0	0.07337
series_A	state_2	0.062	1055.0	0.05548
series_A	state_3	0.052	1055.0	0.04837
series_A	state_4	0.0415	1055.0	0.03673
series_A	state_5	0.027	1055.0	0.02852
series_A	state_1	0.091	1056.0	0.07323
series_A	state_2	0.062	1056.0	0.05544
series_A	state_3	0.052	1056.0	0.04834
series_A	state_4	0.0415	1056.0	0.03669
series_A	state_5	0.027	1056.0	0.02847
series_A	state_1	0.091	1057.0	0.07312
series_A	state_2	0.062	1057.0	0.05537
series_A	state_3	0.052	1057.0	0.04831
series_A	state_4	0.0415	1057.0	0.03666
series_A	state_5	0.027	1057.0	0.02845
series_A	state_1	0.091	1058.0	0.07298
series_A	state_2	0.062	1058.0	0.05532
series_A	state_3	0.052	1058.0	0.04828
series_A	state_4	0.0415	1058.0	0.03663
series_A	state_5	0.027	1058.0	0.02843
series_A	state_1	0.091	1059.0	0.07288
series_A	state_2	0.062	1059.0	0.05527
series_A	state_3	0.052	1059.0	0.04824
series_A	state_4	0.0415	1059.0	0.03659
series_A	state_5	0.027	1059.0	0.02839
series_A	state_1	0.091	1060.0	0.0728
series_A	state_2	0.062	1060.0	0.05519
series_A	state_3	0.052	1060.0	0.04821
series_A	state_4	0.0415	1060.0	0.03652
series_A	state_5	0.027	1060.0	0.02836
series_A	state_1	0.091	1061.0	0.07273
series_A	state_2	0.062	1061.0	0.05511
series_A	state_3	0.052	1061.0	0.04817
series_A	state_4	0.0415	1061.0	0.03644
series_A	state_5	0.027	1061.0	0.02833
series_A	state_1	0.091	1062.0	0.07258
series_A	state_2	0.062	1062.0	0.05501
series_A	state_3	0.052	1062.0	0.04815
series_A	state_4	0.0415	1062.0	0.03638
series_A	state_5	0.027	1062.0	0.02832
series_A	state_1	0.091	1063.0	0.07251
series_A	state_2	0.062	1063.0	0.05495
series_A	state_3	0.052	1063.0	0.04809
series_A	state_4	0.0415	1063.0	0.03631
series_A	state_5	0.027	1063.0	0.02833
series_A	state_1	0.091	1064.0	0.07242
series_A	state_2	0.062	1064.0	0.05485
series_A	state_3	0.052	1064.0	0.04801
series_A	state_4	0.0415	1064.0	0.03622
series_A	state_5	0.027	1064.0	0.02831
series_A	state_1	0.091	1065.0	0.07233
series_A	state_2	0.062	1065.0	0.05472
series_A	state_3	0.052	1065.0	0.04796
series_A	state_4	0.0415	1065.0	0.03617
series_A	state_5	0.027	1065.0	0.02828
series_A	state_1	0.091	1066.0	0.07218
series_A	state_2	0.062	1066.0	0.05462
series_A	state_3	0.052	1066.0	0.04787
series_A	state_4	0.0415	1066.0	0.03608
series_A	state_5	0.027	1066.0	0.02826
series_A	state_1	0.091	1067.0	0.07208
series_A	state_2	0.062	1067.0	0.05451
series_A	state_3	0.052	1067.0	0.04783
series_A	state_4	0.0415	1067.0	0.036
series_A	state_5	0.027	1067.0	0.02823
series_A	state_1	0.091	1068.0	0.07195
series_A	state_2	0.062	1068.0	0.05437
series_A	state_3	0.052	1068.0	0.04775
series_A	state_4	0.0415	1068.0	0.03593
series_A	state_5	0.027	1068.0	0.02819
series_A	state_1	0.091	1069.0	0.07182
series_A	state_2	0.062	1069.0	0.05423
series_A	state_3	0.052	1069.0	0.04768
series_A	state_4	0.0415	1069.0	0.03588
series_A	state_5	0.027	1069.0	0.02816
series_A	state_1	0.091	1070.0	0.07169
series_A	state_2	0.062	1070.0	0.05409
series_A	state_3	0.052	1070.0	0.04759
series_A	state_4	0.0415	1070.0	0.03582
series_A	state_5	0.027	1070.0	0.02812
series_A	state_1	0.091	1071.0	0.07157
series_A	state_2	0.062	1071.0	0.05395
series_A	state_3	0.052	1071.0	0.04751
series_A	state_4	0.0415	1071.0	0.03577
series_A	state_5	0.027	1071.0	0.02809
series_A	state_1	0.091	1072.0	0.07146
series_A	state_2	0.062	1072.0	0.05384
series_A	state_3	0.052	1072.0	0.0474
series_A	state_4	0.0415	1072.0	0.03574
series_A	state_5	0.027	1072.0	0.02804
series_A	state_1	0.091	1073.0	0.07136
series_A	state_2	0.062	1073.0	0.0537
series_A	state_3	0.052	1073.0	0.0473
series_A	state_4	0.0415	1073.0	0.03571
series_A	state_5	0.027	1073.0	0.02802
series_A	state_1	0.091	1074.0	0.07123
series_A	state_2	0.062	1074.0	0.0536
series_A	state_3	0.052	1074.0	0.04722
series_A	state_4	0.0415	1074.0	0.03568
series_A	state_5	0.027	1074.0	0.02798
series_A	state_1	0.091	1075.0	0.07112
series_A	state_2	0.062	1075.0	0.05352
series_A	state_3	0.052	1075.0	0.04714
series_A	state_4	0.0415	1075.0	0.03564
series_A	state_5	0.027	1075.0	0.02792
series_A	state_1	0.091	1076.0	0.07099
series_A	state_2	0.062	1076.0	0.05344
series_A	state_3	0.052	1076.0	0.04704
series_A	state_4	0.0415	1076.0	0.03565
series_A	state_5	0.027	1076.0	0.02787
series_A	state_1	0.091	1077.0	0.07094
series_A	state_2	0.062	1077.0	0.05335
series_A	state_3	0.052	1077.0	0.04699
series_A	state_4	0.0415	1077.0	0.03564
series_A	state_5	0.027	1077.0	0.02784
series_A	state_1	0.091	1078.0	0.07083
series_A	state_2	0.062	1078.0	0.05331
series_A	state_3	0.052	1078.0	0.04695
series_A	state_4	0.0415	1078.0	0.03557
series_A	state_5	0.027	1078.0	0.02779
series_A	state_1	0.091	1079.0	0.07073
series_A	state_2	0.062	1079.0	0.05323
series_A	state_3	0.052	1079.0	0.04688
series_A	state_4	0.0415	1079.0	0.03551
series_A	state_5	0.027	1079.0	0.02772
series_A	state_1	0.091	1080.0	0.07058
series_A	state_2	0.062	1080.0	0.05316
series_A	state_3	0.052	1080.0	0.04683
series_A	state_4	0.0415	1080.0	0.03543
series_A	state_5	0.027	1080.0	0.02767
series_A	state_1	0.091	1081.0	0.07036
series_A	state_2	0.062	1081.0	0.05313
series_A	state_3	0.052	1081.0	0.04674
series_A	state_4	0.0415	1081.0	0.03533
series_A	state_5	0.027	1081.0	0.02764
series_A	state_1	0.091	1082.0	0.07012
series_A	state_2	0.062	1082.0	0.05306
series_A	state_3	0.052	1082.0	0.04667
series_A	state_4	0.0415	1082.0	0.03528
series_A	state_5	0.027	1082.0	0.02763
series_A	state_1	0.091	1083.0	0.06992
series_A	state_2	0.062	1083.0	0.05297
series_A	state_3	0.052	1083.0	0.04654
series_A	state_4	0.0415	1083.0	0.03521
series_A	state_5	0.027	1083.0	0.02755
series_A	state_1	0.091	1084.0	0.0697
series_A	state_2	0.062	1084.0	0.05287
series_A	state_3	0.052	1084.0	0.04642
series_A	state_4	0.0415	1084.0	0.03512
series_A	state_5	0.027	1084.0	0.02748
series_A	state_1	0.091	1085.0	0.06943
series_A	state_2	0.062	1085.0	0.05276
series_A	state_3	0.052	1085.0	0.0463
series_A	state_4	0.0415	1085.0	0.03506
series_A	state_5	0.027	1085.0	0.0274
series_A	state_1	0.091	1086.0	0.06916
series_A	state_2	0.062	1086.0	0.05263
series_A	state_3	0.052	1086.0	0.04618
series_A	state_4	0.0415	1086.0	0.03497
series_A	state_5	0.027	1086.0	0.02736
series_A	state_1	0.091	1087.0	0.06891
series_A	state_2	0.062	1087.0	0.05247
series_A	state_3	0.052	1087.0	0.04605
series_A	state_4	0.0415	1087.0	0.03488
series_A	state_5	0.027	1087.0	0.02731
series_A	state_1	0.091	1088.0	0.06866
series_A	state_2	0.062	1088.0	0.05229
series_A	state_3	0.052	1088.0	0.04588
series_A	state_4	0.0415	1088.0	0.03478
series_A	state_5	0.027	1088.0	0.02728
series_A	state_1	0.091	1089.0	0.06838
series_A	state_2	0.062	1089.0	0.05209
series_A	state_3	0.052	1089.0	0.04573
series_A	state_4	0.0415	1089.0	0.03468
series_A	state_5	0.027	1089.0	0.02726
series_A	state_1	0.091	1090.0	0.06811
series_A	state_2	0.062	1090.0	0.05188
series_A	state_3	0.052	1090.0	0.04556
series_A	state_4	0.0415	1090.0	0.03456
series_A	state_5	0.027	1090.0	0.02719
series_A	state_1	0.091	1091.0	0.0679
series_A	state_2	0.062	1091.0	0.05169
series_A	state_3	0.052	1091.0	0.04538
series_A	state_4	0.0415	1091.0	0.03444
series_A	state_5	0.027	1091.0	0.02715
series_A	state_1	0.091	1092.0	0.06767
series_A	state_2	0.062	1092.0	0.05143
series_A	state_3	0.052	1092.0	0.04519
series_A	state_4	0.0415	1092.0	0.03433
series_A	state_5	0.027	1092.0	0.02712
series_A	state_1	0.091	1093.0	0.06745
series_A	state_2	0.062	1093.0	0.05122
series_A	state_3	0.052	1093.0	0.04501
series_A	state_4	0.0415	1093.0	0.03423
series_A	state_5	0.027	1093.0	0.02706
series_A	state_1	0.091	1094.0	0.06723
series_A	state_2	0.062	1094.0	0.05099
series_A	state_3	0.052	1094.0	0.04482
series_A	state_4	0.0415	1094.0	0.03412
series_A	state_5	0.027	1094.0	0.02701
series_A	state_1	0.091	1095.0	0.06702
series_A	state_2	0.062	1095.0	0.05075
series_A	state_3	0.052	1095.0	0.04464
series_A	state_4	0.0415	1095.0	0.03403
series_A	state_5	0.027	1095.0	0.02691
series_A	state_1	0.091	1096.0	0.06679
series_A	state_2	0.062	1096.0	0.0505
series_A	state_3	0.052	1096.0	0.04448
series_A	state_4	0.0415	1096.0	0.03391
series_A	state_5	0.027	1096.0	0.02685
series_A	state_1	0.091	1097.0	0.06665
series_A	state_2	0.062	1097.0	0.05024
series_A	state_3	0.052	1097.0	0.04434
series_A	state_4	0.0415	1097.0	0.03379
series_A	state_5	0.027	1097.0	0.02678
series_A	state_1	0.091	1098.0	0.0664
series_A	state_2	0.062	1098.0	0.05001
series_A	state_3	0.052	1098.0	0.04417
series_A	state_4	0.0415	1098.0	0.03365
series_A	state_5	0.027	1098.0	0.02671
series_A	state_1	0.091	1099.0	0.06616
series_A	state_2	0.062	1099.0	0.04975
series_A	state_3	0.052	1099.0	0.04401
series_A	state_4	0.0415	1099.0	0.03354
series_A	state_5	0.027	1099.0	0.02662
series_A	state_1	0.091	1100.0	0.06589
series_A	state_2	0.062	1100.0	0.04954
series_A	state_3	0.052	1100.0	0.04387
series_A	state_4	0.0415	1100.0	0.03343
series_A	state_5	0.027	1100.0	0.02653
series_A	state_1	0.091	1101.0	0.06561
series_A	state_2	0.062	1101.0	0.04935
series_A	state_3	0.052	1101.0	0.04372
series_A	state_4	0.0415	1101.0	0.03333
series_A	state_5	0.027	1101.0	0.02645
series_A	state_1	0.091	1102.0	0.06533
series_A	state_2	0.062	1102.0	0.04915
series_A	state_3	0.052	1102.0	0.04358
series_A	state_4	0.0415	1102.0	0.03327
series_A	state_5	0.027	1102.0	0.02638
series_A	state_1	0.091	1103.0	0.06506
series_A	state_2	0.062	1103.0	0.04898
series_A	state_3	0.052	1103.0	0.04338
series_A	state_4	0.0415	1103.0	0.03317
series_A	state_5	0.027	1103.0	0.02626
series_A	state_1	0.091	1104.0	0.0648
series_A	state_2	0.062	1104.0	0.04882
series_A	state_3	0.052	1104.0	0.04322
series_A	state_4	0.0415	1104.0	0.03306
series_A	state_5	0.027	1104.0	0.02616
series_A	state_1	0.091	1105.0	0.0645
series_A	state_2	0.062	1105.0	0.04867
series_A	state_3	0.052	1105.0	0.04304
series_A	state_4	0.0415	1105.0	0.03297
series_A	state_5	0.027	1105.0	0.02605
series_A	state_1	0.091	1106.0	0.0642
series_A	state_2	0.062	1106.0	0.04852
series_A	state_3	0.052	1106.0	0.04289
series_A	state_4	0.0415	1106.0	0.03285
series_A	state_5	0.027	1106.0	0.02596
series_A	state_1	0.091	1107.0	0.06389
series_A	state_2	0.062	1107.0	0.04836
series_A	state_3	0.052	1107.0	0.04271
series_A	state_4	0.0415	1107.0	0.03273
series_A	state_5	0.027	1107.0	0.0259
series_A	state_1	0.091	1108.0	0.06361
series_A	state_2	0.062	1108.0	0.04819
series_A	state_3	0.052	1108.0	0.04257
series_A	state_4	0.0415	1108.0	0.03263
series_A	state_5	0.027	1108.0	0.0258
series_A	state_1	0.091	1109.0	0.06331
series_A	state_2	0.062	1109.0	0.04805
series_A	state_3	0.052	1109.0	0.04243
series_A	state_4	0.0415	1109.0	0.03256
series_A	state_5	0.027	1109.0	0.02571
series_A	state_1	0.091	1110.0	0.06301
series_A	state_2	0.062	1110.0	0.04785
series_A	state_3	0.052	1110.0	0.04226
series_A	state_4	0.0415	1110.0	0.03244
series_A	state_5	0.027	1110.0	0.02561
series_A	state_1	0.091	1111.0	0.06273
series_A	state_2	0.062	1111.0	0.04769
series_A	state_3	0.052	1111.0	0.04209
series_A	state_4	0.0415	1111.0	0.03233
series_A	state_5	0.027	1111.0	0.02552
series_A	state_1	0.091	1112.0	0.06242
series_A	state_2	0.062	1112.0	0.04748
series_A	state_3	0.052	1112.0	0.04192
series_A	state_4	0.0415	1112.0	0.03221
series_A	state_5	0.027	1112.0	0.02543
series_A	state_1	0.091	1113.0	0.06211
series_A	state_2	0.062	1113.0	0.04734
series_A	state_3	0.052	1113.0	0.04174
series_A	state_4	0.0415	1113.0	0.03209
series_A	state_5	0.027	1113.0	0.0253
series_A	state_1	0.091	1114.0	0.06176
series_A	state_2	0.062	1114.0	0.04711
series_A	state_3	0.052	1114.0	0.04157
series_A	state_4	0.0415	1114.0	0.03198
series_A	state_5	0.027	1114.0	0.0252
series_A	state_1	0.091	1115.0	0.06139
series_A	state_2	0.062	1115.0	0.04691
series_A	state_3	0.052	1115.0	0.0414
series_A	state_4	0.0415	1115.0	0.03183
series_A	state_5	0.027	1115.0	0.02505
series_A	state_1	0.091	1116.0	0.06103
series_A	state_2	0.062	1116.0	0.04668
series_A	state_3	0.052	1116.0	0.04122
series_A	state_4	0.0415	1116.0	0.03168
series_A	state_5	0.027	1116.0	0.02494
series_A	state_1	0.091	1117.0	0.06069
series_A	state_2	0.062	1117.0	0.04648
series_A	state_3	0.052	1117.0	0.04103
series_A	state_4	0.0415	1117.0	0.03156
series_A	state_5	0.027	1117.0	0.02484
series_A	state_1	0.091	1118.0	0.06032
series_A	state_2	0.062	1118.0	0.04628
series_A	state_3	0.052	1118.0	0.04088
series_A	state_4	0.0415	1118.0	0.03145
series_A	state_5	0.027	1118.0	0.02474
series_A	state_1	0.091	1119.0	0.05998
series_A	state_2	0.062	1119.0	0.04608
series_A	state_3	0.052	1119.0	0.04074
series_A	state_4	0.0415	1119.0	0.0313
series_A	state_5	0.027	1119.0	0.02462
series_A	state_1	0.091	1120.0	0.05965
series_A	state_2	0.062	1120.0	0.0459
series_A	state_3	0.052	1120.0	0.04062
series_A	state_4	0.0415	1120.0	0.03112
series_A	state_5	0.027	1120.0	0.02454
series_A	state_1	0.091	1121.0	0.05934
series_A	state_2	0.062	1121.0	0.04572
series_A	state_3	0.052	1121.0	0.04046
series_A	state_4	0.0415	1121.0	0.03098
series_A	state_5	0.027	1121.0	0.02448
series_A	state_1	0.091	1122.0	0.05902
series_A	state_2	0.062	1122.0	0.04554
series_A	state_3	0.052	1122.0	0.04026
series_A	state_4	0.0415	1122.0	0.03079
series_A	state_5	0.027	1122.0	0.02442
series_A	state_1	0.091	1123.0	0.05876
series_A	state_2	0.062	1123.0	0.04536
series_A	state_3	0.052	1123.0	0.04007
series_A	state_4	0.0415	1123.0	0.03063
series_A	state_5	0.027	1123.0	0.02433
series_A	state_1	0.091	1124.0	0.05852
series_A	state_2	0.062	1124.0	0.04515
series_A	state_3	0.052	1124.0	0.03991
series_A	state_4	0.0415	1124.0	0.03046
series_A	state_5	0.027	1124.0	0.02425
series_A	state_1	0.091	1125.0	0.0583
series_A	state_2	0.062	1125.0	0.04498
series_A	state_3	0.052	1125.0	0.03974
series_A	state_4	0.0415	1125.0	0.03027
series_A	state_5	0.027	1125.0	0.02417
series_A	state_1	0.091	1126.0	0.05811
series_A	state_2	0.062	1126.0	0.04477
series_A	state_3	0.052	1126.0	0.03958
series_A	state_4	0.0415	1126.0	0.03012
series_A	state_5	0.027	1126.0	0.02415
series_A	state_1	0.091	1127.0	0.05796
series_A	state_2	0.062	1127.0	0.04454
series_A	state_3	0.052	1127.0	0.03941
series_A	state_4	0.0415	1127.0	0.02996
series_A	state_5	0.027	1127.0	0.02415
series_A	state_1	0.091	1128.0	0.05783
series_A	state_2	0.062	1128.0	0.04435
series_A	state_3	0.052	1128.0	0.03927
series_A	state_4	0.0415	1128.0	0.02984
series_A	state_5	0.027	1128.0	0.0241
series_A	state_1	0.091	1129.0	0.05767
series_A	state_2	0.062	1129.0	0.04415
series_A	state_3	0.052	1129.0	0.03913
series_A	state_4	0.0415	1129.0	0.0297
series_A	state_5	0.027	1129.0	0.02407
series_A	state_1	0.091	1130.0	0.05751
series_A	state_2	0.062	1130.0	0.04397
series_A	state_3	0.052	1130.0	0.03898
series_A	state_4	0.0415	1130.0	0.02955
series_A	state_5	0.027	1130.0	0.02404
series_A	state_1	0.091	1131.0	0.05738
series_A	state_2	0.062	1131.0	0.04383
series_A	state_3	0.052	1131.0	0.03885
series_A	state_4	0.0415	1131.0	0.02944
series_A	state_5	0.027	1131.0	0.02399
series_A	state_1	0.091	1132.0	0.05726
series_A	state_2	0.062	1132.0	0.04367
series_A	state_3	0.052	1132.0	0.03875
series_A	state_4	0.0415	1132.0	0.02932
series_A	state_5	0.027	1132.0	0.02393
series_A	state_1	0.091	1133.0	0.05713
series_A	state_2	0.062	1133.0	0.04357
series_A	state_3	0.052	1133.0	0.0386
series_A	state_4	0.0415	1133.0	0.02924
series_A	state_5	0.027	1133.0	0.02385
series_A	state_1	0.091	1134.0	0.05695
series_A	state_2	0.062	1134.0	0.04343
series_A	state_3	0.052	1134.0	0.03848
series_A	state_4	0.0415	1134.0	0.02917
series_A	state_5	0.027	1134.0	0.02376
series_A	state_1	0.091	1135.0	0.05676
series_A	state_2	0.062	1135.0	0.04332
series_A	state_3	0.052	1135.0	0.03833
series_A	state_4	0.0415	1135.0	0.02909
series_A	state_5	0.027	1135.0	0.02368
series_A	state_1	0.091	1136.0	0.05656
series_A	state_2	0.062	1136.0	0.04318
series_A	state_3	0.052	1136.0	0.0382
series_A	state_4	0.0415	1136.0	0.02904
series_A	state_5	0.027	1136.0	0.02365
series_A	state_1	0.091	1137.0	0.0564
series_A	state_2	0.062	1137.0	0.04309
series_A	state_3	0.052	1137.0	0.03811
series_A	state_4	0.0415	1137.0	0.02905
series_A	state_5	0.027	1137.0	0.02356
series_A	state_1	0.091	1138.0	0.05621
series_A	state_2	0.062	1138.0	0.04296
series_A	state_3	0.052	1138.0	0.03803
series_A	state_4	0.0415	1138.0	0.02901
series_A	state_5	0.027	1138.0	0.0235
series_A	state_1	0.091	1139.0	0.05604
series_A	state_2	0.062	1139.0	0.04284
series_A	state_3	0.052	1139.0	0.03792
series_A	state_4	0.0415	1139.0	0.02895
series_A	state_5	0.027	1139.0	0.02342
series_A	state_1	0.091	1140.0	0.05584
series_A	state_2	0.062	1140.0	0.04272
series_A	state_3	0.052	1140.0	0.03781
series_A	state_4	0.0415	1140.0	0.02891
series_A	state_5	0.027	1140.0	0.02337
series_A	state_1	0.091	1141.0	0.05562
series_A	state_2	0.062	1141.0	0.0426
series_A	state_3	0.052	1141.0	0.03769
series_A	state_4	0.0415	1141.0	0.02891
series_A	state_5	0.027	1141.0	0.02331
series_A	state_1	0.091	1142.0	0.05537
series_A	state_2	0.062	1142.0	0.04247
series_A	state_3	0.052	1142.0	0.03757
series_A	state_4	0.0415	1142.0	0.02886
series_A	state_5	0.027	1142.0	0.02324
series_A	state_1	0.091	1143.0	0.05517
series_A	state_2	0.062	1143.0	0.04233
series_A	state_3	0.052	1143.0	0.03747
series_A	state_4	0.0415	1143.0	0.02884
series_A	state_5	0.027	1143.0	0.02318
series_A	state_1	0.091	1144.0	0.05495
series_A	state_2	0.062	1144.0	0.04218
series_A	state_3	0.052	1144.0	0.03735
series_A	state_4	0.0415	1144.0	0.02879
series_A	state_5	0.027	1144.0	0.02312
series_A	state_1	0.091	1145.0	0.05474
series_A	state_2	0.062	1145.0	0.04203
series_A	state_3	0.052	1145.0	0.03727
series_A	state_4	0.0415	1145.0	0.02875
series_A	state_5	0.027	1145.0	0.02308
series_A	state_1	0.091	1146.0	0.05452
series_A	state_2	0.062	1146.0	0.04185
series_A	state_3	0.052	1146.0	0.03714
series_A	state_4	0.0415	1146.0	0.02871
series_A	state_5	0.027	1146.0	0.02306
series_A	state_1	0.091	1147.0	0.0543
series_A	state_2	0.062	1147.0	0.04171
series_A	state_3	0.052	1147.0	0.03702
series_A	state_4	0.0415	1147.0	0.02863
series_A	state_5	0.027	1147.0	0.02301
series_A	state_1	0.091	1148.0	0.05405
series_A	state_2	0.062	1148.0	0.04156
series_A	state_3	0.052	1148.0	0.03692
series_A	state_4	0.0415	1148.0	0.02855
series_A	state_5	0.027	1148.0	0.02296
series_A	state_1	0.091	1149.0	0.05381
series_A	state_2	0.062	1149.0	0.04141
series_A	state_3	0.052	1149.0	0.03681
series_A	state_4	0.0415	1149.0	0.0285
series_A	state_5	0.027	1149.0	0.02289
series_A	state_1	0.091	1150.0	0.05357
series_A	state_2	0.062	1150.0	0.04127
series_A	state_3	0.052	1150.0	0.0367
series_A	state_4	0.0415	1150.0	0.02842
series_A	state_5	0.027	1150.0	0.02286
series_A	state_1	0.091	1151.0	0.05337
series_A	state_2	0.062	1151.0	0.04113
series_A	state_3	0.052	1151.0	0.03657
series_A	state_4	0.0415	1151.0	0.02834
series_A	state_5	0.027	1151.0	0.02278
series_A	state_1	0.091	1152.0	0.05318
series_A	state_2	0.062	1152.0	0.041
series_A	state_3	0.052	1152.0	0.03645
series_A	state_4	0.0415	1152.0	0.02826
series_A	state_5	0.027	1152.0	0.0227
series_A	state_1	0.091	1153.0	0.05296
series_A	state_2	0.062	1153.0	0.04086
series_A	state_3	0.052	1153.0	0.03624
series_A	state_4	0.0415	1153.0	0.02817
series_A	state_5	0.027	1153.0	0.02263
series_A	state_1	0.091	1154.0	0.05276
series_A	state_2	0.062	1154.0	0.04072
series_A	state_3	0.052	1154.0	0.03611
series_A	state_4	0.0415	1154.0	0.02809
series_A	state_5	0.027	1154.0	0.02259
series_A	state_1	0.091	1155.0	0.05257
series_A	state_2	0.062	1155.0	0.04059
series_A	state_3	0.052	1155.0	0.03593
series_A	state_4	0.0415	1155.0	0.02799
series_A	state_5	0.027	1155.0	0.02255
series_A	state_1	0.091	1156.0	0.05238
series_A	state_2	0.062	1156.0	0.04046
series_A	state_3	0.052	1156.0	0.03582
series_A	state_4	0.0415	1156.0	0.0279
series_A	state_5	0.027	1156.0	0.02253
series_A	state_1	0.091	1157.0	0.05219
series_A	state_2	0.062	1157.0	0.04032
series_A	state_3	0.052	1157.0	0.0357
series_A	state_4	0.0415	1157.0	0.02783
series_A	state_5	0.027	1157.0	0.02246
series_A	state_1	0.091	1158.0	0.05202
series_A	state_2	0.062	1158.0	0.04017
series_A	state_3	0.052	1158.0	0.03556
series_A	state_4	0.0415	1158.0	0.02772
series_A	state_5	0.027	1158.0	0.02239
series_A	state_1	0.091	1159.0	0.05185
series_A	state_2	0.062	1159.0	0.03998
series_A	state_3	0.052	1159.0	0.03537
series_A	state_4	0.0415	1159.0	0.02764
series_A	state_5	0.027	1159.0	0.02235
series_A	state_1	0.091	1160.0	0.05161
series_A	state_2	0.062	1160.0	0.0398
series_A	state_3	0.052	1160.0	0.03523
series_A	state_4	0.0415	1160.0	0.02758
series_A	state_5	0.027	1160.0	0.02233
series_A	state_1	0.091	1161.0	0.05136
series_A	state_2	0.062	1161.0	0.03961
series_A	state_3	0.052	1161.0	0.03509
series_A	state_4	0.0415	1161.0	0.0275
series_A	state_5	0.027	1161.0	0.02226
series_A	state_1	0.091	1162.0	0.05109
series_A	state_2	0.062	1162.0	0.03941
series_A	state_3	0.052	1162.0	0.03495
series_A	state_4	0.0415	1162.0	0.02742
series_A	state_5	0.027	1162.0	0.0222
series_A	state_1	0.091	1163.0	0.05081
series_A	state_2	0.062	1163.0	0.03924
series_A	state_3	0.052	1163.0	0.0348
series_A	state_4	0.0415	1163.0	0.02734
series_A	state_5	0.027	1163.0	0.02216
series_A	state_1	0.091	1164.0	0.05053
series_A	state_2	0.062	1164.0	0.03905
series_A	state_3	0.052	1164.0	0.03467
series_A	state_4	0.0415	1164.0	0.02726
series_A	state_5	0.027	1164.0	0.0221
series_A	state_1	0.091	1165.0	0.05024
series_A	state_2	0.062	1165.0	0.03885
series_A	state_3	0.052	1165.0	0.03455
series_A	state_4	0.0415	1165.0	0.02722
series_A	state_5	0.027	1165.0	0.02203
series_A	state_1	0.091	1166.0	0.04999
series_A	state_2	0.062	1166.0	0.03867
series_A	state_3	0.052	1166.0	0.03441
series_A	state_4	0.0415	1166.0	0.02717
series_A	state_5	0.027	1166.0	0.02199
series_A	state_1	0.091	1167.0	0.0497
series_A	state_2	0.062	1167.0	0.0385
series_A	state_3	0.052	1167.0	0.0343
series_A	state_4	0.0415	1167.0	0.02709
series_A	state_5	0.027	1167.0	0.02194
series_A	state_1	0.091	1168.0	0.04942
series_A	state_2	0.062	1168.0	0.03833
series_A	state_3	0.052	1168.0	0.03416
series_A	state_4	0.0415	1168.0	0.02706
series_A	state_5	0.027	1168.0	0.0219
series_A	state_1	0.091	1169.0	0.04918
series_A	state_2	0.062	1169.0	0.03815
series_A	state_3	0.052	1169.0	0.03401
series_A	state_4	0.0415	1169.0	0.02701
series_A	state_5	0.027	1169.0	0.02182
series_A	state_1	0.091	1170.0	0.04893
series_A	state_2	0.062	1170.0	0.03799
series_A	state_3	0.052	1170.0	0.03385
series_A	state_4	0.0415	1170.0	0.02694
series_A	state_5	0.027	1170.0	0.02179
series_A	state_1	0.091	1171.0	0.04874
series_A	state_2	0.062	1171.0	0.03787
series_A	state_3	0.052	1171.0	0.03368
series_A	state_4	0.0415	1171.0	0.02687
series_A	state_5	0.027	1171.0	0.02172
series_A	state_1	0.091	1172.0	0.04854
series_A	state_2	0.062	1172.0	0.03773
series_A	state_3	0.052	1172.0	0.03355
series_A	state_4	0.0415	1172.0	0.0268
series_A	state_5	0.027	1172.0	0.02161
series_A	state_1	0.091	1173.0	0.04834
series_A	state_2	0.062	1173.0	0.0376
series_A	state_3	0.052	1173.0	0.03342
series_A	state_4	0.0415	1173.0	0.0267
series_A	state_5	0.027	1173.0	0.02153
series_A	state_1	0.091	1174.0	0.04816
series_A	state_2	0.062	1174.0	0.0375
series_A	state_3	0.052	1174.0	0.03332
series_A	state_4	0.0415	1174.0	0.02663
series_A	state_5	0.027	1174.0	0.02143
series_A	state_1	0.091	1175.0	0.04798
series_A	state_2	0.062	1175.0	0.03735
series_A	state_3	0.052	1175.0	0.0332
series_A	state_4	0.0415	1175.0	0.02656
series_A	state_5	0.027	1175.0	0.02138
series_A	state_1	0.091	1176.0	0.04782
series_A	state_2	0.062	1176.0	0.03721
series_A	state_3	0.052	1176.0	0.0331
series_A	state_4	0.0415	1176.0	0.02647
series_A	state_5	0.027	1176.0	0.02125
series_A	state_1	0.091	1177.0	0.04769
series_A	state_2	0.062	1177.0	0.03706
series_A	state_3	0.052	1177.0	0.03298
series_A	state_4	0.0415	1177.0	0.02635
series_A	state_5	0.027	1177.0	0.02115
series_A	state_1	0.091	1178.0	0.04759
series_A	state_2	0.062	1178.0	0.03691
series_A	state_3	0.052	1178.0	0.03286
series_A	state_4	0.0415	1178.0	0.02626
series_A	state_5	0.027	1178.0	0.02103
series_A	state_1	0.091	1179.0	0.04744
series_A	state_2	0.062	1179.0	0.03675
series_A	state_3	0.052	1179.0	0.03274
series_A	state_4	0.0415	1179.0	0.02617
series_A	state_5	0.027	1179.0	0.02096
series_A	state_1	0.091	1180.0	0.04723
series_A	state_2	0.062	1180.0	0.03663
series_A	state_3	0.052	1180.0	0.03266
series_A	state_4	0.0415	1180.0	0.02606
series_A	state_5	0.027	1180.0	0.02086
series_A	state_1	0.091	1181.0	0.04702
series_A	state_2	0.062	1181.0	0.03646
series_A	state_3	0.052	1181.0	0.03252
series_A	state_4	0.0415	1181.0	0.02592
series_A	state_5	0.027	1181.0	0.02069
series_A	state_1	0.091	1182.0	0.04682
series_A	state_2	0.062	1182.0	0.03632
series_A	state_3	0.052	1182.0	0.03242
series_A	state_4	0.0415	1182.0	0.02578
series_A	state_5	0.027	1182.0	0.0206
series_A	state_1	0.091	1183.0	0.04661
series_A	state_2	0.062	1183.0	0.0362
series_A	state_3	0.052	1183.0	0.03232
series_A	state_4	0.0415	1183.0	0.02566
series_A	state_5	0.027	1183.0	0.02047
series_A	state_1	0.091	1184.0	0.0464
series_A	state_2	0.062	1184.0	0.03603
series_A	state_3	0.052	1184.0	0.03225
series_A	state_4	0.0415	1184.0	0.02551
series_A	state_5	0.027	1184.0	0.02038
series_A	state_1	0.091	1185.0	0.04614
series_A	state_2	0.062	1185.0	0.03592
series_A	state_3	0.052	1185.0	0.03213
series_A	state_4	0.0415	1185.0	0.02539
series_A	state_5	0.027	1185.0	0.0203
series_A	state_1	0.091	1186.0	0.04592
series_A	state_2	0.062	1186.0	0.03579
series_A	state_3	0.052	1186.0	0.03203
series_A	state_4	0.0415	1186.0	0.02529
series_A	state_5	0.027	1186.0	0.02024
series_A	state_1	0.091	1187.0	0.04566
series_A	state_2	0.062	1187.0	0.03562
series_A	state_3	0.052	1187.0	0.03194
series_A	state_4	0.0415	1187.0	0.02515
series_A	state_5	0.027	1187.0	0.02016
series_A	state_1	0.091	1188.0	0.04542
series_A	state_2	0.062	1188.0	0.03548
series_A	state_3	0.052	1188.0	0.0318
series_A	state_4	0.0415	1188.0	0.02507
series_A	state_5	0.027	1188.0	0.02007
series_A	state_1	0.091	1189.0	0.04519
series_A	state_2	0.062	1189.0	0.03534
series_A	state_3	0.052	1189.0	0.03168
series_A	state_4	0.0415	1189.0	0.02495
series_A	state_5	0.027	1189.0	0.01998
series_A	state_1	0.091	1190.0	0.04495
series_A	state_2	0.062	1190.0	0.03521
series_A	state_3	0.052	1190.0	0.03159
series_A	state_4	0.0415	1190.0	0.02487
series_A	state_5	0.027	1190.0	0.01991
series_A	state_1	0.091	1191.0	0.04474
series_A	state_2	0.062	1191.0	0.03507
series_A	state_3	0.052	1191.0	0.03146
series_A	state_4	0.0415	1191.0	0.02476
series_A	state_5	0.027	1191.0	0.01979
series_A	state_1	0.091	1192.0	0.04452
series_A	state_2	0.062	1192.0	0.03492
series_A	state_3	0.052	1192.0	0.03133
series_A	state_4	0.0415	1192.0	0.02466
series_A	state_5	0.027	1192.0	0.01968
series_A	state_1	0.091	1193.0	0.04431
series_A	state_2	0.062	1193.0	0.03475
series_A	state_3	0.052	1193.0	0.03116
series_A	state_4	0.0415	1193.0	0.02459
series_A	state_5	0.027	1193.0	0.01962
series_A	state_1	0.091	1194.0	0.04414
series_A	state_2	0.062	1194.0	0.0346
series_A	state_3	0.052	1194.0	0.03102
series_A	state_4	0.0415	1194.0	0.02452
series_A	state_5	0.027	1194.0	0.01955
series_A	state_1	0.091	1195.0	0.04394
series_A	state_2	0.062	1195.0	0.03443
series_A	state_3	0.052	1195.0	0.03085
series_A	state_4	0.0415	1195.0	0.02446
series_A	state_5	0.027	1195.0	0.0195
series_A	state_1	0.091	1196.0	0.0438
series_A	state_2	0.062	1196.0	0.03427
series_A	state_3	0.052	1196.0	0.03067
series_A	state_4	0.0415	1196.0	0.02437
series_A	state_5	0.027	1196.0	0.01941
series_A	state_1	0.091	1197.0	0.04365
series_A	state_2	0.062	1197.0	0.03413
series_A	state_3	0.052	1197.0	0.03048
series_A	state_4	0.0415	1197.0	0.02429
series_A	state_5	0.027	1197.0	0.01938
series_A	state_1	0.091	1198.0	0.04348
series_A	state_2	0.062	1198.0	0.03399
series_A	state_3	0.052	1198.0	0.0303
series_A	state_4	0.0415	1198.0	0.02425
series_A	state_5	0.027	1198.0	0.01933
series_A	state_1	0.091	1199.0	0.04331
series_A	state_2	0.062	1199.0	0.03387
series_A	state_3	0.052	1199.0	0.0301
series_A	state_4	0.0415	1199.0	0.02419
series_A	state_5	0.027	1199.0	0.0193
series_A	state_1	0.091	1200.0	0.04312
series_A	state_2	0.062	1200.0	0.03374
series_A	state_3	0.052	1200.0	0.0299
series_A	state_4	0.0415	1200.0	0.0241
series_A	state_5	0.027	1200.0	0.01928
series_A	state_1	0.091	1201.0	0.043
series_A	state_2	0.062	1201.0	0.0336
series_A	state_3	0.052	1201.0	0.02971
series_A	state_4	0.0415	1201.0	0.02404
series_A	state_5	0.027	1201.0	0.01923
series_A	state_1	0.091	1202.0	0.04285
series_A	state_2	0.062	1202.0	0.03346
series_A	state_3	0.052	1202.0	0.02957
series_A	state_4	0.0415	1202.0	0.02399
series_A	state_5	0.027	1202.0	0.01924
series_A	state_1	0.091	1203.0	0.04267
series_A	state_2	0.062	1203.0	0.03333
series_A	state_3	0.052	1203.0	0.02943
series_A	state_4	0.0415	1203.0	0.02393
series_A	state_5	0.027	1203.0	0.01923
series_A	state_1	0.091	1204.0	0.04252
series_A	state_2	0.062	1204.0	0.03321
series_A	state_3	0.052	1204.0	0.02931
series_A	state_4	0.0415	1204.0	0.02384
series_A	state_5	0.027	1204.0	0.01924
series_A	state_1	0.091	1205.0	0.04231
series_A	state_2	0.062	1205.0	0.03311
series_A	state_3	0.052	1205.0	0.02919
series_A	state_4	0.0415	1205.0	0.02378
series_A	state_5	0.027	1205.0	0.01923
series_A	state_1	0.091	1206.0	0.04216
series_A	state_2	0.062	1206.0	0.03299
series_A	state_3	0.052	1206.0	0.02911
series_A	state_4	0.0415	1206.0	0.02377
series_A	state_5	0.027	1206.0	0.01922
series_A	state_1	0.091	1207.0	0.04199
series_A	state_2	0.062	1207.0	0.03287
series_A	state_3	0.052	1207.0	0.02906
series_A	state_4	0.0415	1207.0	0.0237
series_A	state_5	0.027	1207.0	0.01921
series_A	state_1	0.091	1208.0	0.04183
series_A	state_2	0.062	1208.0	0.03277
series_A	state_3	0.052	1208.0	0.02899
series_A	state_4	0.0415	1208.0	0.02365
series_A	state_5	0.027	1208.0	0.0192
series_A	state_1	0.091	1209.0	0.04166
series_A	state_2	0.062	1209.0	0.0327
series_A	state_3	0.052	1209.0	0.02897
series_A	state_4	0.0415	1209.0	0.02359
series_A	state_5	0.027	1209.0	0.01921
series_A	state_1	0.091	1210.0	0.04152
series_A	state_2	0.062	1210.0	0.03259
series_A	state_3	0.052	1210.0	0.02896
series_A	state_4	0.0415	1210.0	0.02355
series_A	state_5	0.027	1210.0	0.01921
series_A	state_1	0.091	1211.0	0.04139
series_A	state_2	0.062	1211.0	0.03249
series_A	state_3	0.052	1211.0	0.02887
series_A	state_4	0.0415	1211.0	0.02348
series_A	state_5	0.027	1211.0	0.0192
series_A	state_1	0.091	1212.0	0.04125
series_A	state_2	0.062	1212.0	0.03244
series_A	state_3	0.052	1212.0	0.02883
series_A	state_4	0.0415	1212.0	0.02344
series_A	state_5	0.027	1212.0	0.01919
series_A	state_1	0.091	1213.0	0.04111
series_A	state_2	0.062	1213.0	0.03236
series_A	state_3	0.052	1213.0	0.02879
series_A	state_4	0.0415	1213.0	0.02338
series_A	state_5	0.027	1213.0	0.01918
series_A	state_1	0.091	1214.0	0.04096
series_A	state_2	0.062	1214.0	0.03226
series_A	state_3	0.052	1214.0	0.02877
series_A	state_4	0.0415	1214.0	0.02332
series_A	state_5	0.027	1214.0	0.01917
series_A	state_1	0.091	1215.0	0.04078
series_A	state_2	0.062	1215.0	0.03217
series_A	state_3	0.052	1215.0	0.02872
series_A	state_4	0.0415	1215.0	0.02328
series_A	state_5	0.027	1215.0	0.01917
series_A	state_1	0.091	1216.0	0.04065
series_A	state_2	0.062	1216.0	0.03209
series_A	state_3	0.052	1216.0	0.02864
series_A	state_4	0.0415	1216.0	0.02319
series_A	state_5	0.027	1216.0	0.01915
series_A	state_1	0.091	1217.0	0.04048
series_A	state_2	0.062	1217.0	0.032
series_A	state_3	0.052	1217.0	0.02859
series_A	state_4	0.0415	1217.0	0.02313
series_A	state_5	0.027	1217.0	0.01911
series_A	state_1	0.091	1218.0	0.0403
series_A	state_2	0.062	1218.0	0.03192
series_A	state_3	0.052	1218.0	0.0285
series_A	state_4	0.0415	1218.0	0.02305
series_A	state_5	0.027	1218.0	0.01909
series_A	state_1	0.091	1219.0	0.04016
series_A	state_2	0.062	1219.0	0.03186
series_A	state_3	0.052	1219.0	0.02843
series_A	state_4	0.0415	1219.0	0.02296
series_A	state_5	0.027	1219.0	0.01905
series_A	state_1	0.091	1220.0	0.04
series_A	state_2	0.062	1220.0	0.03176
series_A	state_3	0.052	1220.0	0.02835
series_A	state_4	0.0415	1220.0	0.02291
series_A	state_5	0.027	1220.0	0.01903
series_A	state_1	0.091	1221.0	0.03986
series_A	state_2	0.062	1221.0	0.03163
series_A	state_3	0.052	1221.0	0.02826
series_A	state_4	0.0415	1221.0	0.02286
series_A	state_5	0.027	1221.0	0.01897
series_A	state_1	0.091	1222.0	0.03969
series_A	state_2	0.062	1222.0	0.0315
series_A	state_3	0.052	1222.0	0.02821
series_A	state_4	0.0415	1222.0	0.0228
series_A	state_5	0.027	1222.0	0.01893
series_A	state_1	0.091	1223.0	0.03951
series_A	state_2	0.062	1223.0	0.03139
series_A	state_3	0.052	1223.0	0.02815
series_A	state_4	0.0415	1223.0	0.02272
series_A	state_5	0.027	1223.0	0.01888
series_A	state_1	0.091	1224.0	0.03937
series_A	state_2	0.062	1224.0	0.03128
series_A	state_3	0.052	1224.0	0.02808
series_A	state_4	0.0415	1224.0	0.02265
series_A	state_5	0.027	1224.0	0.01882
series_A	state_1	0.091	1225.0	0.0392
series_A	state_2	0.062	1225.0	0.03111
series_A	state_3	0.052	1225.0	0.02799
series_A	state_4	0.0415	1225.0	0.02261
series_A	state_5	0.027	1225.0	0.01877
series_A	state_1	0.091	1226.0	0.03908
series_A	state_2	0.062	1226.0	0.03095
series_A	state_3	0.052	1226.0	0.02789
series_A	state_4	0.0415	1226.0	0.02254
series_A	state_5	0.027	1226.0	0.01873
series_A	state_1	0.091	1227.0	0.03893
series_A	state_2	0.062	1227.0	0.03076
series_A	state_3	0.052	1227.0	0.02782
series_A	state_4	0.0415	1227.0	0.02245
series_A	state_5	0.027	1227.0	0.01868
series_A	state_1	0.091	1228.0	0.03881
series_A	state_2	0.062	1228.0	0.03055
series_A	state_3	0.052	1228.0	0.02775
series_A	state_4	0.0415	1228.0	0.0224
series_A	state_5	0.027	1228.0	0.01863
series_A	state_1	0.091	1229.0	0.03867
series_A	state_2	0.062	1229.0	0.03036
series_A	state_3	0.052	1229.0	0.02768
series_A	state_4	0.0415	1229.0	0.02237
series_A	state_5	0.027	1229.0	0.01859
series_A	state_1	0.091	1230.0	0.03853
series_A	state_2	0.062	1230.0	0.03014
series_A	state_3	0.052	1230.0	0.02758
series_A	state_4	0.0415	1230.0	0.02232
series_A	state_5	0.027	1230.0	0.01855
series_A	state_1	0.091	1231.0	0.03837
series_A	state_2	0.062	1231.0	0.02994
series_A	state_3	0.052	1231.0	0.0275
series_A	state_4	0.0415	1231.0	0.02227
series_A	state_5	0.027	1231.0	0.01849
series_A	state_1	0.091	1232.0	0.03822
series_A	state_2	0.062	1232.0	0.02978
series_A	state_3	0.052	1232.0	0.02746
series_A	state_4	0.0415	1232.0	0.02224
series_A	state_5	0.027	1232.0	0.01846
series_A	state_1	0.091	1233.0	0.03808
series_A	state_2	0.062	1233.0	0.02958
series_A	state_3	0.052	1233.0	0.02737
series_A	state_4	0.0415	1233.0	0.02219
series_A	state_5	0.027	1233.0	0.01845
series_A	state_1	0.091	1234.0	0.03791
series_A	state_2	0.062	1234.0	0.0294
series_A	state_3	0.052	1234.0	0.0273
series_A	state_4	0.0415	1234.0	0.02215
series_A	state_5	0.027	1234.0	0.01842
series_A	state_1	0.091	1235.0	0.03777
series_A	state_2	0.062	1235.0	0.02928
series_A	state_3	0.052	1235.0	0.02721
series_A	state_4	0.0415	1235.0	0.0221
series_A	state_5	0.027	1235.0	0.01839
series_A	state_1	0.091	1236.0	0.03764
series_A	state_2	0.062	1236.0	0.02916
series_A	state_3	0.052	1236.0	0.02712
series_A	state_4	0.0415	1236.0	0.02203
series_A	state_5	0.027	1236.0	0.01836
series_A	state_1	0.091	1237.0	0.03747
series_A	state_2	0.062	1237.0	0.02907
series_A	state_3	0.052	1237.0	0.02705
series_A	state_4	0.0415	1237.0	0.02195
series_A	state_5	0.027	1237.0	0.01833
series_A	state_1	0.091	1238.0	0.03732
series_A	state_2	0.062	1238.0	0.029
series_A	state_3	0.052	1238.0	0.02694
series_A	state_4	0.0415	1238.0	0.02186
series_A	state_5	0.027	1238.0	0.01829
series_A	state_1	0.091	1239.0	0.03718
series_A	state_2	0.062	1239.0	0.02893
series_A	state_3	0.052	1239.0	0.02685
series_A	state_4	0.0415	1239.0	0.0218
series_A	state_5	0.027	1239.0	0.01827
series_A	state_1	0.091	1240.0	0.037
series_A	state_2	0.062	1240.0	0.02886
series_A	state_3	0.052	1240.0	0.02674
series_A	state_4	0.0415	1240.0	0.02173
series_A	state_5	0.027	1240.0	0.01823
series_A	state_1	0.091	1241.0	0.03682
series_A	state_2	0.062	1241.0	0.02882
series_A	state_3	0.052	1241.0	0.02662
series_A	state_4	0.0415	1241.0	0.02167
series_A	state_5	0.027	1241.0	0.01818
series_A	state_1	0.091	1242.0	0.03667
series_A	state_2	0.062	1242.0	0.02878
series_A	state_3	0.052	1242.0	0.0265
series_A	state_4	0.0415	1242.0	0.02163
series_A	state_5	0.027	1242.0	0.01816
series_A	state_1	0.091	1243.0	0.03648
series_A	state_2	0.062	1243.0	0.02876
series_A	state_3	0.052	1243.0	0.02639
series_A	state_4	0.0415	1243.0	0.02153
series_A	state_5	0.027	1243.0	0.01814
series_A	state_1	0.091	1244.0	0.03631
series_A	state_2	0.062	1244.0	0.02867
series_A	state_3	0.052	1244.0	0.02626
series_A	state_4	0.0415	1244.0	0.02144
series_A	state_5	0.027	1244.0	0.0181
series_A	state_1	0.091	1245.0	0.03613
series_A	state_2	0.062	1245.0	0.0286
series_A	state_3	0.052	1245.0	0.02614
series_A	state_4	0.0415	1245.0	0.02132
series_A	state_5	0.027	1245.0	0.01807
series_A	state_1	0.091	1246.0	0.03595
series_A	state_2	0.062	1246.0	0.02853
series_A	state_3	0.052	1246.0	0.02603
series_A	state_4	0.0415	1246.0	0.02117
series_A	state_5	0.027	1246.0	0.01802
series_A	state_1	0.091	1247.0	0.03573
series_A	state_2	0.062	1247.0	0.02843
series_A	state_3	0.052	1247.0	0.02594
series_A	state_4	0.0415	1247.0	0.02108
series_A	state_5	0.027	1247.0	0.01795
series_A	state_1	0.091	1248.0	0.03552
series_A	state_2	0.062	1248.0	0.0283
series_A	state_3	0.052	1248.0	0.02582
series_A	state_4	0.0415	1248.0	0.02097
series_A	state_5	0.027	1248.0	0.01789
series_A	state_1	0.091	1249.0	0.03529
series_A	state_2	0.062	1249.0	0.02818
series_A	state_3	0.052	1249.0	0.0257
series_A	state_4	0.0415	1249.0	0.02082
series_A	state_5	0.027	1249.0	0.01785
series_A	state_1	0.091	1250.0	0.03508
series_A	state_2	0.062	1250.0	0.02807
series_A	state_3	0.052	1250.0	0.02555
series_A	state_4	0.0415	1250.0	0.02066
series_A	state_5	0.027	1250.0	0.01778
series_A	state_1	0.091	1251.0	0.03486
series_A	state_2	0.062	1251.0	0.02794
series_A	state_3	0.052	1251.0	0.02544
series_A	state_4	0.0415	1251.0	0.02052
series_A	state_5	0.027	1251.0	0.01773
series_A	state_1	0.091	1252.0	0.03463
series_A	state_2	0.062	1252.0	0.02783
series_A	state_3	0.052	1252.0	0.0253
series_A	state_4	0.0415	1252.0	0.02038
series_A	state_5	0.027	1252.0	0.01769
series_A	state_1	0.091	1253.0	0.0344
series_A	state_2	0.062	1253.0	0.02771
series_A	state_3	0.052	1253.0	0.02514
series_A	state_4	0.0415	1253.0	0.02023
series_A	state_5	0.027	1253.0	0.01764
series_A	state_1	0.091	1254.0	0.03418
series_A	state_2	0.062	1254.0	0.02761
series_A	state_3	0.052	1254.0	0.02501
series_A	state_4	0.0415	1254.0	0.02007
series_A	state_5	0.027	1254.0	0.01758
series_A	state_1	0.091	1255.0	0.03397
series_A	state_2	0.062	1255.0	0.02748
series_A	state_3	0.052	1255.0	0.02485
series_A	state_4	0.0415	1255.0	0.01992
series_A	state_5	0.027	1255.0	0.01754
series_A	state_1	0.091	1256.0	0.03377
series_A	state_2	0.062	1256.0	0.02734
series_A	state_3	0.052	1256.0	0.02471
series_A	state_4	0.0415	1256.0	0.01976
series_A	state_5	0.027	1256.0	0.01748
series_A	state_1	0.091	1257.0	0.03359
series_A	state_2	0.062	1257.0	0.02721
series_A	state_3	0.052	1257.0	0.02455
series_A	state_4	0.0415	1257.0	0.01962
series_A	state_5	0.027	1257.0	0.01743
series_A	state_1	0.091	1258.0	0.03338
series_A	state_2	0.062	1258.0	0.02703
series_A	state_3	0.052	1258.0	0.02437
series_A	state_4	0.0415	1258.0	0.0195
series_A	state_5	0.027	1258.0	0.01738
series_A	state_1	0.091	1259.0	0.03318
series_A	state_2	0.062	1259.0	0.02688
series_A	state_3	0.052	1259.0	0.02422
series_A	state_4	0.0415	1259.0	0.01943
series_A	state_5	0.027	1259.0	0.01734
series_A	state_1	0.091	1260.0	0.03299
series_A	state_2	0.062	1260.0	0.02675
series_A	state_3	0.052	1260.0	0.02409
series_A	state_4	0.0415	1260.0	0.01936
series_A	state_5	0.027	1260.0	0.01731
series_A	state_1	0.091	1261.0	0.03285
series_A	state_2	0.062	1261.0	0.02659
series_A	state_3	0.052	1261.0	0.02392
series_A	state_4	0.0415	1261.0	0.01934
series_A	state_5	0.027	1261.0	0.01727
series_A	state_1	0.091	1262.0	0.03268
series_A	state_2	0.062	1262.0	0.02645
series_A	state_3	0.052	1262.0	0.02378
series_A	state_4	0.0415	1262.0	0.01931
series_A	state_5	0.027	1262.0	0.0172
series_A	state_1	0.091	1263.0	0.03248
series_A	state_2	0.062	1263.0	0.02629
series_A	state_3	0.052	1263.0	0.02368
series_A	state_4	0.0415	1263.0	0.01924
series_A	state_5	0.027	1263.0	0.01716
series_A	state_1	0.091	1264.0	0.03228
series_A	state_2	0.062	1264.0	0.02614
series_A	state_3	0.052	1264.0	0.02356
series_A	state_4	0.0415	1264.0	0.01919
series_A	state_5	0.027	1264.0	0.01708
series_A	state_1	0.091	1265.0	0.03206
series_A	state_2	0.062	1265.0	0.02601
series_A	state_3	0.052	1265.0	0.02345
series_A	state_4	0.0415	1265.0	0.01916
series_A	state_5	0.027	1265.0	0.01699
series_A	state_1	0.091	1266.0	0.03179
series_A	state_2	0.062	1266.0	0.02583
series_A	state_3	0.052	1266.0	0.02334
series_A	state_4	0.0415	1266.0	0.01913
series_A	state_5	0.027	1266.0	0.01689
series_A	state_1	0.091	1267.0	0.03149
series_A	state_2	0.062	1267.0	0.02565
series_A	state_3	0.052	1267.0	0.02324
series_A	state_4	0.0415	1267.0	0.01913
series_A	state_5	0.027	1267.0	0.01681
series_A	state_1	0.091	1268.0	0.03119
series_A	state_2	0.062	1268.0	0.02545
series_A	state_3	0.052	1268.0	0.02311
series_A	state_4	0.0415	1268.0	0.01909
series_A	state_5	0.027	1268.0	0.01674
series_A	state_1	0.091	1269.0	0.03089
series_A	state_2	0.062	1269.0	0.02528
series_A	state_3	0.052	1269.0	0.02298
series_A	state_4	0.0415	1269.0	0.01904
series_A	state_5	0.027	1269.0	0.01666
series_A	state_1	0.091	1270.0	0.03062
series_A	state_2	0.062	1270.0	0.02512
series_A	state_3	0.052	1270.0	0.02285
series_A	state_4	0.0415	1270.0	0.01899
series_A	state_5	0.027	1270.0	0.01653
series_A	state_1	0.091	1271.0	0.03031
series_A	state_2	0.062	1271.0	0.02494
series_A	state_3	0.052	1271.0	0.02275
series_A	state_4	0.0415	1271.0	0.01894
series_A	state_5	0.027	1271.0	0.01645
series_A	state_1	0.091	1272.0	0.03001
series_A	state_2	0.062	1272.0	0.02476
series_A	state_3	0.052	1272.0	0.02266
series_A	state_4	0.0415	1272.0	0.01889
series_A	state_5	0.027	1272.0	0.01637
series_A	state_1	0.091	1273.0	0.02976
series_A	state_2	0.062	1273.0	0.02459
series_A	state_3	0.052	1273.0	0.02257
series_A	state_4	0.0415	1273.0	0.01883
series_A	state_5	0.027	1273.0	0.01628
series_A	state_1	0.091	1274.0	0.02951
series_A	state_2	0.062	1274.0	0.02441
series_A	state_3	0.052	1274.0	0.02245
series_A	state_4	0.0415	1274.0	0.01879
series_A	state_5	0.027	1274.0	0.01624
series_A	state_1	0.091	1275.0	0.02931
series_A	state_2	0.062	1275.0	0.02425
series_A	state_3	0.052	1275.0	0.02234
series_A	state_4	0.0415	1275.0	0.01871
series_A	state_5	0.027	1275.0	0.01617
series_A	state_1	0.091	1276.0	0.02915
series_A	state_2	0.062	1276.0	0.02409
series_A	state_3	0.052	1276.0	0.02222
series_A	state_4	0.0415	1276.0	0.01865
series_A	state_5	0.027	1276.0	0.01609
series_A	state_1	0.091	1277.0	0.02899
series_A	state_2	0.062	1277.0	0.02393
series_A	state_3	0.052	1277.0	0.0221
series_A	state_4	0.0415	1277.0	0.01859
series_A	state_5	0.027	1277.0	0.01606
series_A	state_1	0.091	1278.0	0.02879
series_A	state_2	0.062	1278.0	0.02376
series_A	state_3	0.052	1278.0	0.02198
series_A	state_4	0.0415	1278.0	0.01853
series_A	state_5	0.027	1278.0	0.01601
series_A	state_1	0.091	1279.0	0.02865
series_A	state_2	0.062	1279.0	0.02361
series_A	state_3	0.052	1279.0	0.02186
series_A	state_4	0.0415	1279.0	0.01849
series_A	state_5	0.027	1279.0	0.01597
series_A	state_1	0.091	1280.0	0.02853
series_A	state_2	0.062	1280.0	0.02347
series_A	state_3	0.052	1280.0	0.02173
series_A	state_4	0.0415	1280.0	0.01841
series_A	state_5	0.027	1280.0	0.01594
series_A	state_1	0.091	1281.0	0.02843
series_A	state_2	0.062	1281.0	0.02331
series_A	state_3	0.052	1281.0	0.02158
series_A	state_4	0.0415	1281.0	0.01832
series_A	state_5	0.027	1281.0	0.01586
series_A	state_1	0.091	1282.0	0.02827
series_A	state_2	0.062	1282.0	0.0232
series_A	state_3	0.052	1282.0	0.02145
series_A	state_4	0.0415	1282.0	0.01824
series_A	state_5	0.027	1282.0	0.01578
series_A	state_1	0.091	1283.0	0.02816
series_A	state_2	0.062	1283.0	0.02307
series_A	state_3	0.052	1283.0	0.02129
series_A	state_4	0.0415	1283.0	0.01814
series_A	state_5	0.027	1283.0	0.01574
series_A	state_1	0.091	1284.0	0.02801
series_A	state_2	0.062	1284.0	0.02295
series_A	state_3	0.052	1284.0	0.02108
series_A	state_4	0.0415	1284.0	0.01805
series_A	state_5	0.027	1284.0	0.01567
series_A	state_1	0.091	1285.0	0.02784
series_A	state_2	0.062	1285.0	0.02283
series_A	state_3	0.052	1285.0	0.02088
series_A	state_4	0.0415	1285.0	0.01796
series_A	state_5	0.027	1285.0	0.01558
series_A	state_1	0.091	1286.0	0.02764
series_A	state_2	0.062	1286.0	0.02268
series_A	state_3	0.052	1286.0	0.02067
series_A	state_4	0.0415	1286.0	0.01785
series_A	state_5	0.027	1286.0	0.01552
series_A	state_1	0.091	1287.0	0.02743
series_A	state_2	0.062	1287.0	0.02255
series_A	state_3	0.052	1287.0	0.02047
series_A	state_4	0.0415	1287.0	0.01777
series_A	state_5	0.027	1287.0	0.01546
series_A	state_1	0.091	1288.0	0.02724
series_A	state_2	0.062	1288.0	0.02242
series_A	state_3	0.052	1288.0	0.02025
series_A	state_4	0.0415	1288.0	0.01769
series_A	state_5	0.027	1288.0	0.01536
series_A	state_1	0.091	1289.0	0.02703
series_A	state_2	0.062	1289.0	0.02229
series_A	state_3	0.052	1289.0	0.02006
series_A	state_4	0.0415	1289.0	0.01761
series_A	state_5	0.027	1289.0	0.0153
series_A	state_1	0.091	1290.0	0.02681
series_A	state_2	0.062	1290.0	0.02216
series_A	state_3	0.052	1290.0	0.01988
series_A	state_4	0.0415	1290.0	0.01753
series_A	state_5	0.027	1290.0	0.01516
series_A	state_1	0.091	1291.0	0.0266
series_A	state_2	0.062	1291.0	0.022
series_A	state_3	0.052	1291.0	0.01974
series_A	state_4	0.0415	1291.0	0.01743
series_A	state_5	0.027	1291.0	0.0151
series_A	state_1	0.091	1292.0	0.0264
series_A	state_2	0.062	1292.0	0.0218
series_A	state_3	0.052	1292.0	0.01962
series_A	state_4	0.0415	1292.0	0.01738
series_A	state_5	0.027	1292.0	0.01505
series_A	state_1	0.091	1293.0	0.02619
series_A	state_2	0.062	1293.0	0.02166
series_A	state_3	0.052	1293.0	0.0195
series_A	state_4	0.0415	1293.0	0.01732
series_A	state_5	0.027	1293.0	0.01501
series_A	state_1	0.091	1294.0	0.02597
series_A	state_2	0.062	1294.0	0.02152
series_A	state_3	0.052	1294.0	0.01937
series_A	state_4	0.0415	1294.0	0.01726
series_A	state_5	0.027	1294.0	0.01495
series_A	state_1	0.091	1295.0	0.02579
series_A	state_2	0.062	1295.0	0.02139
series_A	state_3	0.052	1295.0	0.0193
series_A	state_4	0.0415	1295.0	0.01716
series_A	state_5	0.027	1295.0	0.01488
series_A	state_1	0.091	1296.0	0.02559
series_A	state_2	0.062	1296.0	0.02122
series_A	state_3	0.052	1296.0	0.01923
series_A	state_4	0.0415	1296.0	0.0171
series_A	state_5	0.027	1296.0	0.01481
series_A	state_1	0.091	1297.0	0.02537
series_A	state_2	0.062	1297.0	0.02107
series_A	state_3	0.052	1297.0	0.01918
series_A	state_4	0.0415	1297.0	0.01703
series_A	state_5	0.027	1297.0	0.01479
series_A	state_1	0.091	1298.0	0.02516
series_A	state_2	0.062	1298.0	0.02089
series_A	state_3	0.052	1298.0	0.01914
series_A	state_4	0.0415	1298.0	0.01694
series_A	state_5	0.027	1298.0	0.01475
series_A	state_1	0.091	1299.0	0.02496
series_A	state_2	0.062	1299.0	0.02072
series_A	state_3	0.052	1299.0	0.0191
series_A	state_4	0.0415	1299.0	0.01685
series_A	state_5	0.027	1299.0	0.01471
series_A	state_1	0.091	1300.0	0.02477
series_A	state_2	0.062	1300.0	0.02055
series_A	state_3	0.052	1300.0	0.0191
series_A	state_4	0.0415	1300.0	0.01675
series_A	state_5	0.027	1300.0	0.01466
series_A	state_1	0.091	1301.0	0.02461
series_A	state_2	0.062	1301.0	0.02038
series_A	state_3	0.052	1301.0	0.01909
series_A	state_4	0.0415	1301.0	0.01667
series_A	state_5	0.027	1301.0	0.01465
series_A	state_1	0.091	1302.0	0.02447
series_A	state_2	0.062	1302.0	0.02022
series_A	state_3	0.052	1302.0	0.01906
series_A	state_4	0.0415	1302.0	0.01657
series_A	state_5	0.027	1302.0	0.01462
series_A	state_1	0.091	1303.0	0.02435
series_A	state_2	0.062	1303.0	0.02006
series_A	state_3	0.052	1303.0	0.01899
series_A	state_4	0.0415	1303.0	0.01651
series_A	state_5	0.027	1303.0	0.0146
series_A	state_1	0.091	1304.0	0.02422
series_A	state_2	0.062	1304.0	0.01991
series_A	state_3	0.052	1304.0	0.01893
series_A	state_4	0.0415	1304.0	0.01645
series_A	state_5	0.027	1304.0	0.01457
series_A	state_1	0.091	1305.0	0.02412
series_A	state_2	0.062	1305.0	0.01979
series_A	state_3	0.052	1305.0	0.01889
series_A	state_4	0.0415	1305.0	0.01638
series_A	state_5	0.027	1305.0	0.01452
series_A	state_1	0.091	1306.0	0.02401
series_A	state_2	0.062	1306.0	0.01965
series_A	state_3	0.052	1306.0	0.01884
series_A	state_4	0.0415	1306.0	0.01635
series_A	state_5	0.027	1306.0	0.01451
series_A	state_1	0.091	1307.0	0.02392
series_A	state_2	0.062	1307.0	0.01957
series_A	state_3	0.052	1307.0	0.01881
series_A	state_4	0.0415	1307.0	0.01634
series_A	state_5	0.027	1307.0	0.01448
series_A	state_1	0.091	1308.0	0.02387
series_A	state_2	0.062	1308.0	0.01948
series_A	state_3	0.052	1308.0	0.01879
series_A	state_4	0.0415	1308.0	0.01631
series_A	state_5	0.027	1308.0	0.01444
series_A	state_1	0.091	1309.0	0.0238
series_A	state_2	0.062	1309.0	0.01941
series_A	state_3	0.052	1309.0	0.01876
series_A	state_4	0.0415	1309.0	0.01627
series_A	state_5	0.027	1309.0	0.01441
series_A	state_1	0.091	1310.0	0.02375
series_A	state_2	0.062	1310.0	0.01933
series_A	state_3	0.052	1310.0	0.01872
series_A	state_4	0.0415	1310.0	0.01623
series_A	state_5	0.027	1310.0	0.01435
series_A	state_1	0.091	1311.0	0.0237
series_A	state_2	0.062	1311.0	0.01925
series_A	state_3	0.052	1311.0	0.01867
series_A	state_4	0.0415	1311.0	0.01623
series_A	state_5	0.027	1311.0	0.01434
series_A	state_1	0.091	1312.0	0.02366
series_A	state_2	0.062	1312.0	0.01919
series_A	state_3	0.052	1312.0	0.01864
series_A	state_4	0.0415	1312.0	0.01623
series_A	state_5	0.027	1312.0	0.01432
series_A	state_1	0.091	1313.0	0.02358
series_A	state_2	0.062	1313.0	0.0192
series_A	state_3	0.052	1313.0	0.01861
series_A	state_4	0.0415	1313.0	0.01619
series_A	state_5	0.027	1313.0	0.01429
series_A	state_1	0.091	1314.0	0.02355
series_A	state_2	0.062	1314.0	0.0192
series_A	state_3	0.052	1314.0	0.01858
series_A	state_4	0.0415	1314.0	0.01616
series_A	state_5	0.027	1314.0	0.01425
series_A	state_1	0.091	1315.0	0.02351
series_A	state_2	0.062	1315.0	0.0192
series_A	state_3	0.052	1315.0	0.01855
series_A	state_4	0.0415	1315.0	0.01614
series_A	state_5	0.027	1315.0	0.01424
series_A	state_1	0.091	1316.0	0.02345
series_A	state_2	0.062	1316.0	0.01919
series_A	state_3	0.052	1316.0	0.01853
series_A	state_4	0.0415	1316.0	0.01613
series_A	state_5	0.027	1316.0	0.01422
series_A	state_1	0.091	1317.0	0.02339
series_A	state_2	0.062	1317.0	0.0192
series_A	state_3	0.052	1317.0	0.01847
series_A	state_4	0.0415	1317.0	0.01609
series_A	state_5	0.027	1317.0	0.01422
series_A	state_1	0.091	1318.0	0.02331
series_A	state_2	0.062	1318.0	0.01917
series_A	state_3	0.052	1318.0	0.01842
series_A	state_4	0.0415	1318.0	0.01603
series_A	state_5	0.027	1318.0	0.01419
series_A	state_1	0.091	1319.0	0.02324
series_A	state_2	0.062	1319.0	0.01917
series_A	state_3	0.052	1319.0	0.01837
series_A	state_4	0.0415	1319.0	0.01601
series_A	state_5	0.027	1319.0	0.0142
series_A	state_1	0.091	1320.0	0.02316
series_A	state_2	0.062	1320.0	0.01915
series_A	state_3	0.052	1320.0	0.01834
series_A	state_4	0.0415	1320.0	0.01598
series_A	state_5	0.027	1320.0	0.0142
series_A	state_1	0.091	1321.0	0.02306
series_A	state_2	0.062	1321.0	0.01914
series_A	state_3	0.052	1321.0	0.01826
series_A	state_4	0.0415	1321.0	0.01594
series_A	state_5	0.027	1321.0	0.01422
series_A	state_1	0.091	1322.0	0.02299
series_A	state_2	0.062	1322.0	0.01912
series_A	state_3	0.052	1322.0	0.01818
series_A	state_4	0.0415	1322.0	0.0159
series_A	state_5	0.027	1322.0	0.01422
series_A	state_1	0.091	1323.0	0.02288
series_A	state_2	0.062	1323.0	0.01912
series_A	state_3	0.052	1323.0	0.0181
series_A	state_4	0.0415	1323.0	0.01589
series_A	state_5	0.027	1323.0	0.01424
series_A	state_1	0.091	1324.0	0.02279
series_A	state_2	0.062	1324.0	0.01911
series_A	state_3	0.052	1324.0	0.01805
series_A	state_4	0.0415	1324.0	0.01586
series_A	state_5	0.027	1324.0	0.01425
series_A	state_1	0.091	1325.0	0.02271
series_A	state_2	0.062	1325.0	0.01908
series_A	state_3	0.052	1325.0	0.018
series_A	state_4	0.0415	1325.0	0.01583
series_A	state_5	0.027	1325.0	0.01427
series_A	state_1	0.091	1326.0	0.02261
series_A	state_2	0.062	1326.0	0.01907
series_A	state_3	0.052	1326.0	0.01797
series_A	state_4	0.0415	1326.0	0.01583
series_A	state_5	0.027	1326.0	0.01426
series_A	state_1	0.091	1327.0	0.02253
series_A	state_2	0.062	1327.0	0.01904
series_A	state_3	0.052	1327.0	0.01796
series_A	state_4	0.0415	1327.0	0.01581
series_A	state_5	0.027	1327.0	0.01426
series_A	state_1	0.091	1328.0	0.02248
series_A	state_2	0.062	1328.0	0.01899
series_A	state_3	0.052	1328.0	0.01795
series_A	state_4	0.0415	1328.0	0.01576
series_A	state_5	0.027	1328.0	0.01424
series_A	state_1	0.091	1329.0	0.02242
series_A	state_2	0.062	1329.0	0.01897
series_A	state_3	0.052	1329.0	0.01789
series_A	state_4	0.0415	1329.0	0.01575
series_A	state_5	0.027	1329.0	0.01422
series_A	state_1	0.091	1330.0	0.02232
series_A	state_2	0.062	1330.0	0.01891
series_A	state_3	0.052	1330.0	0.01783
series_A	state_4	0.0415	1330.0	0.01571
series_A	state_5	0.027	1330.0	0.01421
series_A	state_1	0.091	1331.0	0.02227
series_A	state_2	0.062	1331.0	0.01887
series_A	state_3	0.052	1331.0	0.01779
series_A	state_4	0.0415	1331.0	0.01569
series_A	state_5	0.027	1331.0	0.01417
series_A	state_1	0.091	1332.0	0.02222
series_A	state_2	0.062	1332.0	0.01884
series_A	state_3	0.052	1332.0	0.01778
series_A	state_4	0.0415	1332.0	0.01563
series_A	state_5	0.027	1332.0	0.01413
series_A	state_1	0.091	1333.0	0.02216
series_A	state_2	0.062	1333.0	0.0188
series_A	state_3	0.052	1333.0	0.01775
series_A	state_4	0.0415	1333.0	0.01556
series_A	state_5	0.027	1333.0	0.01409
series_A	state_1	0.091	1334.0	0.02213
series_A	state_2	0.062	1334.0	0.01875
series_A	state_3	0.052	1334.0	0.01773
series_A	state_4	0.0415	1334.0	0.01556
series_A	state_5	0.027	1334.0	0.01405
series_A	state_1	0.091	1335.0	0.02207
series_A	state_2	0.062	1335.0	0.01868
series_A	state_3	0.052	1335.0	0.01769
series_A	state_4	0.0415	1335.0	0.01554
series_A	state_5	0.027	1335.0	0.01401
series_A	state_1	0.091	1336.0	0.02201
series_A	state_2	0.062	1336.0	0.01862
series_A	state_3	0.052	1336.0	0.01763
series_A	state_4	0.0415	1336.0	0.01548
series_A	state_5	0.027	1336.0	0.01396
series_A	state_1	0.091	1337.0	0.02193
series_A	state_2	0.062	1337.0	0.01855
series_A	state_3	0.052	1337.0	0.0176
series_A	state_4	0.0415	1337.0	0.01542
series_A	state_5	0.027	1337.0	0.0139
series_A	state_1	0.091	1338.0	0.02186
series_A	state_2	0.062	1338.0	0.0185
series_A	state_3	0.052	1338.0	0.01755
series_A	state_4	0.0415	1338.0	0.01532
series_A	state_5	0.027	1338.0	0.01386
series_A	state_1	0.091	1339.0	0.02176
series_A	state_2	0.062	1339.0	0.01845
series_A	state_3	0.052	1339.0	0.01747
series_A	state_4	0.0415	1339.0	0.01527
series_A	state_5	0.027	1339.0	0.01383
series_A	state_1	0.091	1340.0	0.02161
series_A	state_2	0.062	1340.0	0.0184
series_A	state_3	0.052	1340.0	0.01742
series_A	state_4	0.0415	1340.0	0.01522
series_A	state_5	0.027	1340.0	0.0138
series_A	state_1	0.091	1341.0	0.02148
series_A	state_2	0.062	1341.0	0.01835
series_A	state_3	0.052	1341.0	0.01735
series_A	state_4	0.0415	1341.0	0.01517
series_A	state_5	0.027	1341.0	0.01379
series_A	state_1	0.091	1342.0	0.02134
series_A	state_2	0.062	1342.0	0.01829
series_A	state_3	0.052	1342.0	0.0173
series_A	state_4	0.0415	1342.0	0.01511
series_A	state_5	0.027	1342.0	0.01382
series_A	state_1	0.091	1343.0	0.0212
series_A	state_2	0.062	1343.0	0.01823
series_A	state_3	0.052	1343.0	0.01725
series_A	state_4	0.0415	1343.0	0.01504
series_A	state_5	0.027	1343.0	0.01381
series_A	state_1	0.091	1344.0	0.02104
series_A	state_2	0.062	1344.0	0.01816
series_A	state_3	0.052	1344.0	0.01723
series_A	state_4	0.0415	1344.0	0.01499
series_A	state_5	0.027	1344.0	0.0138
series_A	state_1	0.091	1345.0	0.02087
series_A	state_2	0.062	1345.0	0.01807
series_A	state_3	0.052	1345.0	0.01717
series_A	state_4	0.0415	1345.0	0.01493
series_A	state_5	0.027	1345.0	0.0138
series_A	state_1	0.091	1346.0	0.02067
series_A	state_2	0.062	1346.0	0.01802
series_A	state_3	0.052	1346.0	0.01712
series_A	state_4	0.0415	1346.0	0.01489
series_A	state_5	0.027	1346.0	0.01379
series_A	state_1	0.091	1347.0	0.0205
series_A	state_2	0.062	1347.0	0.01794
series_A	state_3	0.052	1347.0	0.01706
series_A	state_4	0.0415	1347.0	0.01484
series_A	state_5	0.027	1347.0	0.0138
series_A	state_1	0.091	1348.0	0.0203
series_A	state_2	0.062	1348.0	0.01785
series_A	state_3	0.052	1348.0	0.017
series_A	state_4	0.0415	1348.0	0.01481
series_A	state_5	0.027	1348.0	0.01376
series_A	state_1	0.091	1349.0	0.0201
series_A	state_2	0.062	1349.0	0.0178
series_A	state_3	0.052	1349.0	0.0169
series_A	state_4	0.0415	1349.0	0.01478
series_A	state_5	0.027	1349.0	0.01375
series_A	state_1	0.091	1350.0	0.0199
series_A	state_2	0.062	1350.0	0.01773
series_A	state_3	0.052	1350.0	0.01683
series_A	state_4	0.0415	1350.0	0.0147
series_A	state_5	0.027	1350.0	0.01373
series_A	state_1	0.091	1351.0	0.01976
series_A	state_2	0.062	1351.0	0.01764
series_A	state_3	0.052	1351.0	0.01676
series_A	state_4	0.0415	1351.0	0.01465
series_A	state_5	0.027	1351.0	0.01369
series_A	state_1	0.091	1352.0	0.0196
series_A	state_2	0.062	1352.0	0.01756
series_A	state_3	0.052	1352.0	0.0167
series_A	state_4	0.0415	1352.0	0.01458
series_A	state_5	0.027	1352.0	0.01366
series_A	state_1	0.091	1353.0	0.01951
series_A	state_2	0.062	1353.0	0.01747
series_A	state_3	0.052	1353.0	0.01662
series_A	state_4	0.0415	1353.0	0.01453
series_A	state_5	0.027	1353.0	0.01359
series_A	state_1	0.091	1354.0	0.01939
series_A	state_2	0.062	1354.0	0.01737
series_A	state_3	0.052	1354.0	0.01653
series_A	state_4	0.0415	1354.0	0.01451
series_A	state_5	0.027	1354.0	0.01354
series_A	state_1	0.091	1355.0	0.01931
series_A	state_2	0.062	1355.0	0.01728
series_A	state_3	0.052	1355.0	0.01642
series_A	state_4	0.0415	1355.0	0.01444
series_A	state_5	0.027	1355.0	0.01352
series_A	state_1	0.091	1356.0	0.01923
series_A	state_2	0.062	1356.0	0.01721
series_A	state_3	0.052	1356.0	0.0163
series_A	state_4	0.0415	1356.0	0.01438
series_A	state_5	0.027	1356.0	0.01347
series_A	state_1	0.091	1357.0	0.01915
series_A	state_2	0.062	1357.0	0.01713
series_A	state_3	0.052	1357.0	0.01622
series_A	state_4	0.0415	1357.0	0.01431
series_A	state_5	0.027	1357.0	0.01344
series_A	state_1	0.091	1358.0	0.01912
series_A	state_2	0.062	1358.0	0.01704
series_A	state_3	0.052	1358.0	0.0161
series_A	state_4	0.0415	1358.0	0.01427
series_A	state_5	0.027	1358.0	0.0134
series_A	state_1	0.091	1359.0	0.01903
series_A	state_2	0.062	1359.0	0.01696
series_A	state_3	0.052	1359.0	0.01599
series_A	state_4	0.0415	1359.0	0.01426
series_A	state_5	0.027	1359.0	0.01336
series_A	state_1	0.091	1360.0	0.01899
series_A	state_2	0.062	1360.0	0.0169
series_A	state_3	0.052	1360.0	0.01595
series_A	state_4	0.0415	1360.0	0.01425
series_A	state_5	0.027	1360.0	0.01335
series_A	state_1	0.091	1361.0	0.01899
series_A	state_2	0.062	1361.0	0.01686
series_A	state_3	0.052	1361.0	0.01586
series_A	state_4	0.0415	1361.0	0.01425
series_A	state_5	0.027	1361.0	0.01332
series_A	state_1	0.091	1362.0	0.01895
series_A	state_2	0.062	1362.0	0.01677
series_A	state_3	0.052	1362.0	0.01583
series_A	state_4	0.0415	1362.0	0.01422
series_A	state_5	0.027	1362.0	0.01333
series_A	state_1	0.091	1363.0	0.01894
series_A	state_2	0.062	1363.0	0.01672
series_A	state_3	0.052	1363.0	0.0158
series_A	state_4	0.0415	1363.0	0.0142
series_A	state_5	0.027	1363.0	0.0133
series_A	state_1	0.091	1364.0	0.0189
series_A	state_2	0.062	1364.0	0.01669
series_A	state_3	0.052	1364.0	0.01575
series_A	state_4	0.0415	1364.0	0.01419
series_A	state_5	0.027	1364.0	0.01327
series_A	state_1	0.091	1365.0	0.01888
series_A	state_2	0.062	1365.0	0.01664
series_A	state_3	0.052	1365.0	0.01569
series_A	state_4	0.0415	1365.0	0.01417
series_A	state_5	0.027	1365.0	0.01326
series_A	state_1	0.091	1366.0	0.01885
series_A	state_2	0.062	1366.0	0.01664
series_A	state_3	0.052	1366.0	0.01567
series_A	state_4	0.0415	1366.0	0.01418
series_A	state_5	0.027	1366.0	0.01323
series_A	state_1	0.091	1367.0	0.0188
series_A	state_2	0.062	1367.0	0.0166
series_A	state_3	0.052	1367.0	0.01564
series_A	state_4	0.0415	1367.0	0.01418
series_A	state_5	0.027	1367.0	0.01321
series_A	state_1	0.091	1368.0	0.01873
series_A	state_2	0.062	1368.0	0.01655
series_A	state_3	0.052	1368.0	0.01563
series_A	state_4	0.0415	1368.0	0.01416
series_A	state_5	0.027	1368.0	0.01315
series_A	state_1	0.091	1369.0	0.01867
series_A	state_2	0.062	1369.0	0.01654
series_A	state_3	0.052	1369.0	0.01562
series_A	state_4	0.0415	1369.0	0.01412
series_A	state_5	0.027	1369.0	0.01313
series_A	state_1	0.091	1370.0	0.0186
series_A	state_2	0.062	1370.0	0.01647
series_A	state_3	0.052	1370.0	0.0156
series_A	state_4	0.0415	1370.0	0.01409
series_A	state_5	0.027	1370.0	0.0131
series_A	state_1	0.091	1371.0	0.01854
series_A	state_2	0.062	1371.0	0.01639
series_A	state_3	0.052	1371.0	0.01558
series_A	state_4	0.0415	1371.0	0.01405
series_A	state_5	0.027	1371.0	0.01309
series_A	state_1	0.091	1372.0	0.01847
series_A	state_2	0.062	1372.0	0.01638
series_A	state_3	0.052	1372.0	0.01554
series_A	state_4	0.0415	1372.0	0.01401
series_A	state_5	0.027	1372.0	0.01306
series_A	state_1	0.091	1373.0	0.0184
series_A	state_2	0.062	1373.0	0.01629
series_A	state_3	0.052	1373.0	0.01548
series_A	state_4	0.0415	1373.0	0.01397
series_A	state_5	0.027	1373.0	0.01303
series_A	state_1	0.091	1374.0	0.01828
series_A	state_2	0.062	1374.0	0.01619
series_A	state_3	0.052	1374.0	0.01539
series_A	state_4	0.0415	1374.0	0.01392
series_A	state_5	0.027	1374.0	0.01301
series_A	state_1	0.091	1375.0	0.01817
series_A	state_2	0.062	1375.0	0.0161
series_A	state_3	0.052	1375.0	0.01531
series_A	state_4	0.0415	1375.0	0.01387
series_A	state_5	0.027	1375.0	0.01299
series_A	state_1	0.091	1376.0	0.01804
series_A	state_2	0.062	1376.0	0.01601
series_A	state_3	0.052	1376.0	0.01519
series_A	state_4	0.0415	1376.0	0.0138
series_A	state_5	0.027	1376.0	0.01295
series_A	state_1	0.091	1377.0	0.01794
series_A	state_2	0.062	1377.0	0.01589
series_A	state_3	0.052	1377.0	0.01511
series_A	state_4	0.0415	1377.0	0.01378
series_A	state_5	0.027	1377.0	0.01291
series_A	state_1	0.091	1378.0	0.01783
series_A	state_2	0.062	1378.0	0.01578
series_A	state_3	0.052	1378.0	0.01497
series_A	state_4	0.0415	1378.0	0.01374
series_A	state_5	0.027	1378.0	0.01287
series_A	state_1	0.091	1379.0	0.01771
series_A	state_2	0.062	1379.0	0.01571
series_A	state_3	0.052	1379.0	0.01489
series_A	state_4	0.0415	1379.0	0.01371
series_A	state_5	0.027	1379.0	0.01286
series_A	state_1	0.091	1380.0	0.01764
series_A	state_2	0.062	1380.0	0.01563
series_A	state_3	0.052	1380.0	0.0148
series_A	state_4	0.0415	1380.0	0.01368
series_A	state_5	0.027	1380.0	0.01285
series_A	state_1	0.091	1381.0	0.01756
series_A	state_2	0.062	1381.0	0.01556
series_A	state_3	0.052	1381.0	0.0147
series_A	state_4	0.0415	1381.0	0.01364
series_A	state_5	0.027	1381.0	0.01282
series_A	state_1	0.091	1382.0	0.0175
series_A	state_2	0.062	1382.0	0.01547
series_A	state_3	0.052	1382.0	0.01465
series_A	state_4	0.0415	1382.0	0.01362
series_A	state_5	0.027	1382.0	0.01282
series_A	state_1	0.091	1383.0	0.01745
series_A	state_2	0.062	1383.0	0.01542
series_A	state_3	0.052	1383.0	0.01461
series_A	state_4	0.0415	1383.0	0.0136
series_A	state_5	0.027	1383.0	0.01281
series_A	state_1	0.091	1384.0	0.01743
series_A	state_2	0.062	1384.0	0.01539
series_A	state_3	0.052	1384.0	0.01456
series_A	state_4	0.0415	1384.0	0.01361
series_A	state_5	0.027	1384.0	0.01279
series_A	state_1	0.091	1385.0	0.01742
series_A	state_2	0.062	1385.0	0.01536
series_A	state_3	0.052	1385.0	0.01456
series_A	state_4	0.0415	1385.0	0.0136
series_A	state_5	0.027	1385.0	0.0128
series_A	state_1	0.091	1386.0	0.0174
series_A	state_2	0.062	1386.0	0.01536
series_A	state_3	0.052	1386.0	0.01454
series_A	state_4	0.0415	1386.0	0.0136
series_A	state_5	0.027	1386.0	0.01277
series_A	state_1	0.091	1387.0	0.01742
series_A	state_2	0.062	1387.0	0.01534
series_A	state_3	0.052	1387.0	0.01455
series_A	state_4	0.0415	1387.0	0.0136
series_A	state_5	0.027	1387.0	0.01276
series_A	state_1	0.091	1388.0	0.0174
series_A	state_2	0.062	1388.0	0.01531
series_A	state_3	0.052	1388.0	0.01456
series_A	state_4	0.0415	1388.0	0.01358
series_A	state_5	0.027	1388.0	0.01273
series_A	state_1	0.091	1389.0	0.01739
series_A	state_2	0.062	1389.0	0.01528
series_A	state_3	0.052	1389.0	0.01458
series_A	state_4	0.0415	1389.0	0.01359
series_A	state_5	0.027	1389.0	0.01273
series_A	state_1	0.091	1390.0	0.01737
series_A	state_2	0.062	1390.0	0.01527
series_A	state_3	0.052	1390.0	0.01459
series_A	state_4	0.0415	1390.0	0.0136
series_A	state_5	0.027	1390.0	0.01272
series_A	state_1	0.091	1391.0	0.01738
series_A	state_2	0.062	1391.0	0.01528
series_A	state_3	0.052	1391.0	0.01462
series_A	state_4	0.0415	1391.0	0.0136
series_A	state_5	0.027	1391.0	0.01275
series_A	state_1	0.091	1392.0	0.01737
series_A	state_2	0.062	1392.0	0.01529
series_A	state_3	0.052	1392.0	0.01462
series_A	state_4	0.0415	1392.0	0.01358
series_A	state_5	0.027	1392.0	0.01273
series_A	state_1	0.091	1393.0	0.01735
series_A	state_2	0.062	1393.0	0.01524
series_A	state_3	0.052	1393.0	0.01461
series_A	state_4	0.0415	1393.0	0.01358
series_A	state_5	0.027	1393.0	0.01271
series_A	state_1	0.091	1394.0	0.01734
series_A	state_2	0.062	1394.0	0.01521
series_A	state_3	0.052	1394.0	0.01461
series_A	state_4	0.0415	1394.0	0.01355
series_A	state_5	0.027	1394.0	0.01267
series_A	state_1	0.091	1395.0	0.01729
series_A	state_2	0.062	1395.0	0.0152
series_A	state_3	0.052	1395.0	0.01458
series_A	state_4	0.0415	1395.0	0.01354
series_A	state_5	0.027	1395.0	0.01266
series_A	state_1	0.091	1396.0	0.01725
series_A	state_2	0.062	1396.0	0.01518
series_A	state_3	0.052	1396.0	0.01455
series_A	state_4	0.0415	1396.0	0.01349
series_A	state_5	0.027	1396.0	0.01266
series_A	state_1	0.091	1397.0	0.01723
series_A	state_2	0.062	1397.0	0.01514
series_A	state_3	0.052	1397.0	0.01451
series_A	state_4	0.0415	1397.0	0.01349
series_A	state_5	0.027	1397.0	0.01264
series_A	state_1	0.091	1398.0	0.01719
series_A	state_2	0.062	1398.0	0.01508
series_A	state_3	0.052	1398.0	0.01448
series_A	state_4	0.0415	1398.0	0.01345
series_A	state_5	0.027	1398.0	0.01266
series_A	state_1	0.091	1399.0	0.01718
series_A	state_2	0.062	1399.0	0.01503
series_A	state_3	0.052	1399.0	0.01448
series_A	state_4	0.0415	1399.0	0.01343
series_A	state_5	0.027	1399.0	0.01269
series_A	state_1	0.091	1400.0	0.01713
series_A	state_2	0.062	1400.0	0.015
series_A	state_3	0.052	1400.0	0.01445
series_A	state_4	0.0415	1400.0	0.0134
series_A	state_5	0.027	1400.0	0.01268
series_A	state_1	0.091	1401.0	0.01711
series_A	state_2	0.062	1401.0	0.01498
series_A	state_3	0.052	1401.0	0.01443
series_A	state_4	0.0415	1401.0	0.01339
series_A	state_5	0.027	1401.0	0.01268
series_A	state_1	0.091	1402.0	0.01706
series_A	state_2	0.062	1402.0	0.01498
series_A	state_3	0.052	1402.0	0.01443
series_A	state_4	0.0415	1402.0	0.01335
series_A	state_5	0.027	1402.0	0.01266
series_A	state_1	0.091	1403.0	0.01699
series_A	state_2	0.062	1403.0	0.01497
series_A	state_3	0.052	1403.0	0.01443
series_A	state_4	0.0415	1403.0	0.01335
series_A	state_5	0.027	1403.0	0.01266
series_A	state_1	0.091	1404.0	0.01695
series_A	state_2	0.062	1404.0	0.01496
series_A	state_3	0.052	1404.0	0.01441
series_A	state_4	0.0415	1404.0	0.01333
series_A	state_5	0.027	1404.0	0.01267
series_A	state_1	0.091	1405.0	0.0169
series_A	state_2	0.062	1405.0	0.01493
series_A	state_3	0.052	1405.0	0.01441
series_A	state_4	0.0415	1405.0	0.01332
series_A	state_5	0.027	1405.0	0.01267
series_A	state_1	0.091	1406.0	0.01692
series_A	state_2	0.062	1406.0	0.01492
series_A	state_3	0.052	1406.0	0.01438
series_A	state_4	0.0415	1406.0	0.01331
series_A	state_5	0.027	1406.0	0.01265
series_A	state_1	0.091	1407.0	0.01688
series_A	state_2	0.062	1407.0	0.01489
series_A	state_3	0.052	1407.0	0.01439
series_A	state_4	0.0415	1407.0	0.01332
series_A	state_5	0.027	1407.0	0.01265
series_A	state_1	0.091	1408.0	0.01685
series_A	state_2	0.062	1408.0	0.01484
series_A	state_3	0.052	1408.0	0.01436
series_A	state_4	0.0415	1408.0	0.01331
series_A	state_5	0.027	1408.0	0.01264
series_A	state_1	0.091	1409.0	0.01679
series_A	state_2	0.062	1409.0	0.01479
series_A	state_3	0.052	1409.0	0.01435
series_A	state_4	0.0415	1409.0	0.01333
series_A	state_5	0.027	1409.0	0.01265
series_A	state_1	0.091	1410.0	0.01677
series_A	state_2	0.062	1410.0	0.01478
series_A	state_3	0.052	1410.0	0.01435
series_A	state_4	0.0415	1410.0	0.01331
series_A	state_5	0.027	1410.0	0.01266
series_A	state_1	0.091	1411.0	0.01676
series_A	state_2	0.062	1411.0	0.01478
series_A	state_3	0.052	1411.0	0.01435
series_A	state_4	0.0415	1411.0	0.01332
series_A	state_5	0.027	1411.0	0.01267
series_A	state_1	0.091	1412.0	0.01674
series_A	state_2	0.062	1412.0	0.01473
series_A	state_3	0.052	1412.0	0.01434
series_A	state_4	0.0415	1412.0	0.01333
series_A	state_5	0.027	1412.0	0.01266
series_A	state_1	0.091	1413.0	0.01671
series_A	state_2	0.062	1413.0	0.01471
series_A	state_3	0.052	1413.0	0.01431
series_A	state_4	0.0415	1413.0	0.01332
series_A	state_5	0.027	1413.0	0.01263
series_A	state_1	0.091	1414.0	0.01668
series_A	state_2	0.062	1414.0	0.01465
series_A	state_3	0.052	1414.0	0.0143
series_A	state_4	0.0415	1414.0	0.01329
series_A	state_5	0.027	1414.0	0.01263
series_A	state_1	0.091	1415.0	0.01665
series_A	state_2	0.062	1415.0	0.01466
series_A	state_3	0.052	1415.0	0.01427
series_A	state_4	0.0415	1415.0	0.01331
series_A	state_5	0.027	1415.0	0.01262
series_A	state_1	0.091	1416.0	0.01663
series_A	state_2	0.062	1416.0	0.01462
series_A	state_3	0.052	1416.0	0.01426
series_A	state_4	0.0415	1416.0	0.0133
series_A	state_5	0.027	1416.0	0.01262
series_A	state_1	0.091	1417.0	0.01662
series_A	state_2	0.062	1417.0	0.01459
series_A	state_3	0.052	1417.0	0.01423
series_A	state_4	0.0415	1417.0	0.01334
series_A	state_5	0.027	1417.0	0.0126
series_A	state_1	0.091	1418.0	0.01659
series_A	state_2	0.062	1418.0	0.01455
series_A	state_3	0.052	1418.0	0.01424
series_A	state_4	0.0415	1418.0	0.01336
series_A	state_5	0.027	1418.0	0.0126
series_A	state_1	0.091	1419.0	0.01656
series_A	state_2	0.062	1419.0	0.01453
series_A	state_3	0.052	1419.0	0.01422
series_A	state_4	0.0415	1419.0	0.01336
series_A	state_5	0.027	1419.0	0.01257
series_A	state_1	0.091	1420.0	0.01652
series_A	state_2	0.062	1420.0	0.01457
series_A	state_3	0.052	1420.0	0.01419
series_A	state_4	0.0415	1420.0	0.01336
series_A	state_5	0.027	1420.0	0.01253
series_A	state_1	0.091	1421.0	0.01648
series_A	state_2	0.062	1421.0	0.01457
series_A	state_3	0.052	1421.0	0.01415
series_A	state_4	0.0415	1421.0	0.01335
series_A	state_5	0.027	1421.0	0.01252
series_A	state_1	0.091	1422.0	0.01639
series_A	state_2	0.062	1422.0	0.01456
series_A	state_3	0.052	1422.0	0.01411
series_A	state_4	0.0415	1422.0	0.0133
series_A	state_5	0.027	1422.0	0.01247
series_A	state_1	0.091	1423.0	0.01634
series_A	state_2	0.062	1423.0	0.01453
series_A	state_3	0.052	1423.0	0.01409
series_A	state_4	0.0415	1423.0	0.01327
series_A	state_5	0.027	1423.0	0.01247
series_A	state_1	0.091	1424.0	0.01629
series_A	state_2	0.062	1424.0	0.0145
series_A	state_3	0.052	1424.0	0.01406
series_A	state_4	0.0415	1424.0	0.01323
series_A	state_5	0.027	1424.0	0.01248
series_A	state_1	0.091	1425.0	0.01625
series_A	state_2	0.062	1425.0	0.01449
series_A	state_3	0.052	1425.0	0.01404
series_A	state_4	0.0415	1425.0	0.01323
series_A	state_5	0.027	1425.0	0.01245
series_A	state_1	0.091	1426.0	0.01623
series_A	state_2	0.062	1426.0	0.01449
series_A	state_3	0.052	1426.0	0.01401
series_A	state_4	0.0415	1426.0	0.01322
series_A	state_5	0.027	1426.0	0.01242
series_A	state_1	0.091	1427.0	0.01615
series_A	state_2	0.062	1427.0	0.01446
series_A	state_3	0.052	1427.0	0.014
series_A	state_4	0.0415	1427.0	0.01322
series_A	state_5	0.027	1427.0	0.01243
series_A	state_1	0.091	1428.0	0.0161
series_A	state_2	0.062	1428.0	0.01441
series_A	state_3	0.052	1428.0	0.01398
series_A	state_4	0.0415	1428.0	0.01315
series_A	state_5	0.027	1428.0	0.01246
series_A	state_1	0.091	1429.0	0.01602
series_A	state_2	0.062	1429.0	0.01437
series_A	state_3	0.052	1429.0	0.01398
series_A	state_4	0.0415	1429.0	0.01314
series_A	state_5	0.027	1429.0	0.01247
series_A	state_1	0.091	1430.0	0.01596
series_A	state_2	0.062	1430.0	0.01435
series_A	state_3	0.052	1430.0	0.01396
series_A	state_4	0.0415	1430.0	0.01313
series_A	state_5	0.027	1430.0	0.01248
series_A	state_1	0.091	1431.0	0.01591
series_A	state_2	0.062	1431.0	0.01433
series_A	state_3	0.052	1431.0	0.01396
series_A	state_4	0.0415	1431.0	0.01313
series_A	state_5	0.027	1431.0	0.01246
series_A	state_1	0.091	1432.0	0.0159
series_A	state_2	0.062	1432.0	0.01428
series_A	state_3	0.052	1432.0	0.01396
series_A	state_4	0.0415	1432.0	0.01307
series_A	state_5	0.027	1432.0	0.01243
series_A	state_1	0.091	1433.0	0.01583
series_A	state_2	0.062	1433.0	0.01424
series_A	state_3	0.052	1433.0	0.01394
series_A	state_4	0.0415	1433.0	0.01303
series_A	state_5	0.027	1433.0	0.01241
series_A	state_1	0.091	1434.0	0.01578
series_A	state_2	0.062	1434.0	0.01421
series_A	state_3	0.052	1434.0	0.01394
series_A	state_4	0.0415	1434.0	0.01303
series_A	state_5	0.027	1434.0	0.01241
series_A	state_1	0.091	1435.0	0.01577
series_A	state_2	0.062	1435.0	0.01421
series_A	state_3	0.052	1435.0	0.01393
series_A	state_4	0.0415	1435.0	0.01304
series_A	state_5	0.027	1435.0	0.01239
series_A	state_1	0.091	1436.0	0.01576
series_A	state_2	0.062	1436.0	0.01418
series_A	state_3	0.052	1436.0	0.01392
series_A	state_4	0.0415	1436.0	0.01302
series_A	state_5	0.027	1436.0	0.01238
series_A	state_1	0.091	1437.0	0.01572
series_A	state_2	0.062	1437.0	0.01418
series_A	state_3	0.052	1437.0	0.0139
series_A	state_4	0.0415	1437.0	0.01302
series_A	state_5	0.027	1437.0	0.01238
series_A	state_1	0.091	1438.0	0.01569
series_A	state_2	0.062	1438.0	0.01414
series_A	state_3	0.052	1438.0	0.01387
series_A	state_4	0.0415	1438.0	0.01301
series_A	state_5	0.027	1438.0	0.01236
series_A	state_1	0.091	1439.0	0.01565
series_A	state_2	0.062	1439.0	0.01414
series_A	state_3	0.052	1439.0	0.01386
series_A	state_4	0.0415	1439.0	0.01299
series_A	state_5	0.027	1439.0	0.01236
series_A	state_1	0.091	1440.0	0.01562
series_A	state_2	0.062	1440.0	0.01414
series_A	state_3	0.052	1440.0	0.01382
series_A	state_4	0.0415	1440.0	0.01295
series_A	state_5	0.027	1440.0	0.01236
series_A	state_1	0.091	1441.0	0.01557
series_A	state_2	0.062	1441.0	0.0141
series_A	state_3	0.052	1441.0	0.01379
series_A	state_4	0.0415	1441.0	0.01292
series_A	state_5	0.027	1441.0	0.01237
series_A	state_1	0.091	1442.0	0.01553
series_A	state_2	0.062	1442.0	0.01409
series_A	state_3	0.052	1442.0	0.01379
series_A	state_4	0.0415	1442.0	0.01287
series_A	state_5	0.027	1442.0	0.01237
series_A	state_1	0.091	1443.0	0.0155
series_A	state_2	0.062	1443.0	0.01407
series_A	state_3	0.052	1443.0	0.01378
series_A	state_4	0.0415	1443.0	0.01282
series_A	state_5	0.027	1443.0	0.01238
series_A	state_1	0.091	1444.0	0.01546
series_A	state_2	0.062	1444.0	0.01406
series_A	state_3	0.052	1444.0	0.01375
series_A	state_4	0.0415	1444.0	0.0128
series_A	state_5	0.027	1444.0	0.01235
series_A	state_1	0.091	1445.0	0.01538
series_A	state_2	0.062	1445.0	0.01407
series_A	state_3	0.052	1445.0	0.01373
series_A	state_4	0.0415	1445.0	0.01279
series_A	state_5	0.027	1445.0	0.01235
series_A	state_1	0.091	1446.0	0.01534
series_A	state_2	0.062	1446.0	0.01404
series_A	state_3	0.052	1446.0	0.01371
series_A	state_4	0.0415	1446.0	0.01277
series_A	state_5	0.027	1446.0	0.01236
series_A	state_1	0.091	1447.0	0.01526
series_A	state_2	0.062	1447.0	0.01403
series_A	state_3	0.052	1447.0	0.01368
series_A	state_4	0.0415	1447.0	0.01276
series_A	state_5	0.027	1447.0	0.01237
series_A	state_1	0.091	1448.0	0.01522
series_A	state_2	0.062	1448.0	0.01399
series_A	state_3	0.052	1448.0	0.01368
series_A	state_4	0.0415	1448.0	0.01275
series_A	state_5	0.027	1448.0	0.01238
series_A	state_1	0.091	1449.0	0.01515
series_A	state_2	0.062	1449.0	0.01397
series_A	state_3	0.052	1449.0	0.01366
series_A	state_4	0.0415	1449.0	0.01274
series_A	state_5	0.027	1449.0	0.01233
series_A	state_1	0.091	1450.0	0.01509
series_A	state_2	0.062	1450.0	0.01395
series_A	state_3	0.052	1450.0	0.01361
series_A	state_4	0.0415	1450.0	0.01274
series_A	state_5	0.027	1450.0	0.0123
series_A	state_1	0.091	1451.0	0.01505
series_A	state_2	0.062	1451.0	0.01391
series_A	state_3	0.052	1451.0	0.0136
series_A	state_4	0.0415	1451.0	0.0127
series_A	state_5	0.027	1451.0	0.01225
series_A	state_1	0.091	1452.0	0.01502
series_A	state_2	0.062	1452.0	0.01389
series_A	state_3	0.052	1452.0	0.01358
series_A	state_4	0.0415	1452.0	0.01266
series_A	state_5	0.027	1452.0	0.01223
series_A	state_1	0.091	1453.0	0.01497
series_A	state_2	0.062	1453.0	0.01386
series_A	state_3	0.052	1453.0	0.01356
series_A	state_4	0.0415	1453.0	0.01266
series_A	state_5	0.027	1453.0	0.01223
series_A	state_1	0.091	1454.0	0.01494
series_A	state_2	0.062	1454.0	0.01386
series_A	state_3	0.052	1454.0	0.01352
series_A	state_4	0.0415	1454.0	0.01265
series_A	state_5	0.027	1454.0	0.01222
series_A	state_1	0.091	1455.0	0.01492
series_A	state_2	0.062	1455.0	0.01383
series_A	state_3	0.052	1455.0	0.0135
series_A	state_4	0.0415	1455.0	0.01264
series_A	state_5	0.027	1455.0	0.01221
series_A	state_1	0.091	1456.0	0.0149
series_A	state_2	0.062	1456.0	0.01381
series_A	state_3	0.052	1456.0	0.01349
series_A	state_4	0.0415	1456.0	0.01265
series_A	state_5	0.027	1456.0	0.01221
series_A	state_1	0.091	1457.0	0.01483
series_A	state_2	0.062	1457.0	0.01378
series_A	state_3	0.052	1457.0	0.01347
series_A	state_4	0.0415	1457.0	0.01265
series_A	state_5	0.027	1457.0	0.01223
series_A	state_1	0.091	1458.0	0.01481
series_A	state_2	0.062	1458.0	0.01377
series_A	state_3	0.052	1458.0	0.01343
series_A	state_4	0.0415	1458.0	0.01266
series_A	state_5	0.027	1458.0	0.01223
series_A	state_1	0.091	1459.0	0.01476
series_A	state_2	0.062	1459.0	0.01375
series_A	state_3	0.052	1459.0	0.01342
series_A	state_4	0.0415	1459.0	0.01265
series_A	state_5	0.027	1459.0	0.01225
series_A	state_1	0.091	1460.0	0.0147
series_A	state_2	0.062	1460.0	0.0137
series_A	state_3	0.052	1460.0	0.01338
series_A	state_4	0.0415	1460.0	0.01265
series_A	state_5	0.027	1460.0	0.01222
series_A	state_1	0.091	1461.0	0.01469
series_A	state_2	0.062	1461.0	0.01364
series_A	state_3	0.052	1461.0	0.01335
series_A	state_4	0.0415	1461.0	0.01265
series_A	state_5	0.027	1461.0	0.01221
series_A	state_1	0.091	1462.0	0.01464
series_A	state_2	0.062	1462.0	0.01361
series_A	state_3	0.052	1462.0	0.01332
series_A	state_4	0.0415	1462.0	0.01264
series_A	state_5	0.027	1462.0	0.01221
series_A	state_1	0.091	1463.0	0.01458
series_A	state_2	0.062	1463.0	0.01357
series_A	state_3	0.052	1463.0	0.01331
series_A	state_4	0.0415	1463.0	0.01263
series_A	state_5	0.027	1463.0	0.01219
series_A	state_1	0.091	1464.0	0.01454
series_A	state_2	0.062	1464.0	0.01355
series_A	state_3	0.052	1464.0	0.01329
series_A	state_4	0.0415	1464.0	0.0126
series_A	state_5	0.027	1464.0	0.0122
series_A	state_1	0.091	1465.0	0.01447
series_A	state_2	0.062	1465.0	0.01353
series_A	state_3	0.052	1465.0	0.01326
series_A	state_4	0.0415	1465.0	0.01259
series_A	state_5	0.027	1465.0	0.01222
series_A	state_1	0.091	1466.0	0.01446
series_A	state_2	0.062	1466.0	0.01352
series_A	state_3	0.052	1466.0	0.01325
series_A	state_4	0.0415	1466.0	0.01259
series_A	state_5	0.027	1466.0	0.01222
series_A	state_1	0.091	1467.0	0.01444
series_A	state_2	0.062	1467.0	0.01356
series_A	state_3	0.052	1467.0	0.01324
series_A	state_4	0.0415	1467.0	0.01258
series_A	state_5	0.027	1467.0	0.01222
series_A	state_1	0.091	1468.0	0.01443
series_A	state_2	0.062	1468.0	0.01351
series_A	state_3	0.052	1468.0	0.01325
series_A	state_4	0.0415	1468.0	0.01257
series_A	state_5	0.027	1468.0	0.01221
series_A	state_1	0.091	1469.0	0.01438
series_A	state_2	0.062	1469.0	0.01348
series_A	state_3	0.052	1469.0	0.01321
series_A	state_4	0.0415	1469.0	0.01253
series_A	state_5	0.027	1469.0	0.01216
series_A	state_1	0.091	1470.0	0.01435
series_A	state_2	0.062	1470.0	0.01345
series_A	state_3	0.052	1470.0	0.01319
series_A	state_4	0.0415	1470.0	0.01251
series_A	state_5	0.027	1470.0	0.01214
series_A	state_1	0.091	1471.0	0.01435
series_A	state_2	0.062	1471.0	0.01345
series_A	state_3	0.052	1471.0	0.01319
series_A	state_4	0.0415	1471.0	0.01249
series_A	state_5	0.027	1471.0	0.01212
series_A	state_1	0.091	1472.0	0.01434
series_A	state_2	0.062	1472.0	0.01345
series_A	state_3	0.052	1472.0	0.0132
series_A	state_4	0.0415	1472.0	0.01246
series_A	state_5	0.027	1472.0	0.01212
series_A	state_1	0.091	1473.0	0.01433
series_A	state_2	0.062	1473.0	0.01342
series_A	state_3	0.052	1473.0	0.01319
series_A	state_4	0.0415	1473.0	0.01244
series_A	state_5	0.027	1473.0	0.0121
series_A	state_1	0.091	1474.0	0.0143
series_A	state_2	0.062	1474.0	0.01341
series_A	state_3	0.052	1474.0	0.01319
series_A	state_4	0.0415	1474.0	0.01243
series_A	state_5	0.027	1474.0	0.01209
series_A	state_1	0.091	1475.0	0.01427
series_A	state_2	0.062	1475.0	0.01339
series_A	state_3	0.052	1475.0	0.0132
series_A	state_4	0.0415	1475.0	0.01244
series_A	state_5	0.027	1475.0	0.01211
series_A	state_1	0.091	1476.0	0.01425
series_A	state_2	0.062	1476.0	0.01337
series_A	state_3	0.052	1476.0	0.01315
series_A	state_4	0.0415	1476.0	0.01244
series_A	state_5	0.027	1476.0	0.01211
series_A	state_1	0.091	1477.0	0.01425
series_A	state_2	0.062	1477.0	0.01335
series_A	state_3	0.052	1477.0	0.01314
series_A	state_4	0.0415	1477.0	0.01245
series_A	state_5	0.027	1477.0	0.01213
series_A	state_1	0.091	1478.0	0.01425
series_A	state_2	0.062	1478.0	0.01332
series_A	state_3	0.052	1478.0	0.01308
series_A	state_4	0.0415	1478.0	0.01243
series_A	state_5	0.027	1478.0	0.01214
series_A	state_1	0.091	1479.0	0.0142
series_A	state_2	0.062	1479.0	0.01328
series_A	state_3	0.052	1479.0	0.01302
series_A	state_4	0.0415	1479.0	0.01243
series_A	state_5	0.027	1479.0	0.01211
series_A	state_1	0.091	1480.0	0.01415
series_A	state_2	0.062	1480.0	0.01324
series_A	state_3	0.052	1480.0	0.01297
series_A	state_4	0.0415	1480.0	0.01244
series_A	state_5	0.027	1480.0	0.01208
series_A	state_1	0.091	1481.0	0.01412
series_A	state_2	0.062	1481.0	0.0132
series_A	state_3	0.052	1481.0	0.01293
series_A	state_4	0.0415	1481.0	0.01243
series_A	state_5	0.027	1481.0	0.01207
series_A	state_1	0.091	1482.0	0.01408
series_A	state_2	0.062	1482.0	0.0132
series_A	state_3	0.052	1482.0	0.01289
series_A	state_4	0.0415	1482.0	0.01239
series_A	state_5	0.027	1482.0	0.01206
series_A	state_1	0.091	1483.0	0.01405
series_A	state_2	0.062	1483.0	0.01317
series_A	state_3	0.052	1483.0	0.01288
series_A	state_4	0.0415	1483.0	0.01238
series_A	state_5	0.027	1483.0	0.01206
series_A	state_1	0.091	1484.0	0.01403
series_A	state_2	0.062	1484.0	0.01313
series_A	state_3	0.052	1484.0	0.01283
series_A	state_4	0.0415	1484.0	0.01237
series_A	state_5	0.027	1484.0	0.01209
series_A	state_1	0.091	1485.0	0.01402
series_A	state_2	0.062	1485.0	0.01315
series_A	state_3	0.052	1485.0	0.01279
series_A	state_4	0.0415	1485.0	0.01237
series_A	state_5	0.027	1485.0	0.01207
series_A	state_1	0.091	1486.0	0.014
series_A	state_2	0.062	1486.0	0.01316
series_A	state_3	0.052	1486.0	0.01277
series_A	state_4	0.0415	1486.0	0.01238
series_A	state_5	0.027	1486.0	0.01204
series_A	state_1	0.091	1487.0	0.01398
series_A	state_2	0.062	1487.0	0.01314
series_A	state_3	0.052	1487.0	0.01274
series_A	state_4	0.0415	1487.0	0.01236
series_A	state_5	0.027	1487.0	0.012
series_A	state_1	0.091	1488.0	0.01394
series_A	state_2	0.062	1488.0	0.01306
series_A	state_3	0.052	1488.0	0.0127
series_A	state_4	0.0415	1488.0	0.01238
series_A	state_5	0.027	1488.0	0.01196
series_A	state_1	0.091	1489.0	0.01391
series_A	state_2	0.062	1489.0	0.01301
series_A	state_3	0.052	1489.0	0.01267
series_A	state_4	0.0415	1489.0	0.01237
series_A	state_5	0.027	1489.0	0.0119
series_A	state_1	0.091	1490.0	0.01386
series_A	state_2	0.062	1490.0	0.01299
series_A	state_3	0.052	1490.0	0.01268
series_A	state_4	0.0415	1490.0	0.01236
series_A	state_5	0.027	1490.0	0.01188
series_A	state_1	0.091	1491.0	0.01383
series_A	state_2	0.062	1491.0	0.01298
series_A	state_3	0.052	1491.0	0.01267
series_A	state_4	0.0415	1491.0	0.01234
series_A	state_5	0.027	1491.0	0.01186
series_A	state_1	0.091	1492.0	0.0138
series_A	state_2	0.062	1492.0	0.01295
series_A	state_3	0.052	1492.0	0.01268
series_A	state_4	0.0415	1492.0	0.01233
series_A	state_5	0.027	1492.0	0.01183
series_A	state_1	0.091	1493.0	0.01376
series_A	state_2	0.062	1493.0	0.01289
series_A	state_3	0.052	1493.0	0.0127
series_A	state_4	0.0415	1493.0	0.01232
series_A	state_5	0.027	1493.0	0.01181
series_A	state_1	0.091	1494.0	0.01374
series_A	state_2	0.062	1494.0	0.0129
series_A	state_3	0.052	1494.0	0.0127
series_A	state_4	0.0415	1494.0	0.01232
series_A	state_5	0.027	1494.0	0.01181
series_A	state_1	0.091	1495.0	0.01373
series_A	state_2	0.062	1495.0	0.01287
series_A	state_3	0.052	1495.0	0.01265
series_A	state_4	0.0415	1495.0	0.01233
series_A	state_5	0.027	1495.0	0.01183
series_A	state_1	0.091	1496.0	0.01371
series_A	state_2	0.062	1496.0	0.01283
series_A	state_3	0.052	1496.0	0.01262
series_A	state_4	0.0415	1496.0	0.01232
series_A	state_5	0.027	1496.0	0.01182
series_A	state_1	0.091	1497.0	0.01372
series_A	state_2	0.062	1497.0	0.01281
series_A	state_3	0.052	1497.0	0.01265
series_A	state_4	0.0415	1497.0	0.01233
series_A	state_5	0.027	1497.0	0.01184
series_A	state_1	0.091	1498.0	0.01366
series_A	state_2	0.062	1498.0	0.01279
series_A	state_3	0.052	1498.0	0.01261
series_A	state_4	0.0415	1498.0	0.0123
series_A	state_5	0.027	1498.0	0.01183
series_A	state_1	0.091	1499.0	0.01361
series_A	state_2	0.062	1499.0	0.01279
series_A	state_3	0.052	1499.0	0.01259
series_A	state_4	0.0415	1499.0	0.01231
series_A	state_5	0.027	1499.0	0.01182
series_A	state_1	0.091	1500.0	0.0136
series_A	state_2	0.062	1500.0	0.0128
series_A	state_3	0.052	1500.0	0.01257
series_A	state_4	0.0415	1500.0	0.0123
series_A	state_5	0.027	1500.0	0.01183
series_A	state_1	0.091	1501.0	0.01355
series_A	state_2	0.062	1501.0	0.01278
series_A	state_3	0.052	1501.0	0.01256
series_A	state_4	0.0415	1501.0	0.01229
series_A	state_5	0.027	1501.0	0.01182
series_A	state_1	0.091	1502.0	0.01354
series_A	state_2	0.062	1502.0	0.01278
series_A	state_3	0.052	1502.0	0.01255
series_A	state_4	0.0415	1502.0	0.01227
series_A	state_5	0.027	1502.0	0.01183
series_A	state_1	0.091	1503.0	0.01351
series_A	state_2	0.062	1503.0	0.01275
series_A	state_3	0.052	1503.0	0.01254
series_A	state_4	0.0415	1503.0	0.01228
series_A	state_5	0.027	1503.0	0.01187
series_A	state_1	0.091	1504.0	0.01349
series_A	state_2	0.062	1504.0	0.01274
series_A	state_3	0.052	1504.0	0.01249
series_A	state_4	0.0415	1504.0	0.01231
series_A	state_5	0.027	1504.0	0.01186
series_A	state_1	0.091	1505.0	0.01346
series_A	state_2	0.062	1505.0	0.01277
series_A	state_3	0.052	1505.0	0.01248
series_A	state_4	0.0415	1505.0	0.01228
series_A	state_5	0.027	1505.0	0.01182
series_A	state_1	0.091	1506.0	0.01341
series_A	state_2	0.062	1506.0	0.01276
series_A	state_3	0.052	1506.0	0.01246
series_A	state_4	0.0415	1506.0	0.01227
series_A	state_5	0.027	1506.0	0.0118
series_A	state_1	0.091	1507.0	0.01337
series_A	state_2	0.062	1507.0	0.01274
series_A	state_3	0.052	1507.0	0.01243
series_A	state_4	0.0415	1507.0	0.0122
series_A	state_5	0.027	1507.0	0.01178
series_A	state_1	0.091	1508.0	0.01333
series_A	state_2	0.062	1508.0	0.0127
series_A	state_3	0.052	1508.0	0.01241
series_A	state_4	0.0415	1508.0	0.01219
series_A	state_5	0.027	1508.0	0.01179
series_A	state_1	0.091	1509.0	0.01332
series_A	state_2	0.062	1509.0	0.01268
series_A	state_3	0.052	1509.0	0.01242
series_A	state_4	0.0415	1509.0	0.01218
series_A	state_5	0.027	1509.0	0.01179
series_A	state_1	0.091	1510.0	0.01328
series_A	state_2	0.062	1510.0	0.01268
series_A	state_3	0.052	1510.0	0.01243
series_A	state_4	0.0415	1510.0	0.01214
series_A	state_5	0.027	1510.0	0.01175
series_A	state_1	0.091	1511.0	0.01326
series_A	state_2	0.062	1511.0	0.01264
series_A	state_3	0.052	1511.0	0.01244
series_A	state_4	0.0415	1511.0	0.01215
series_A	state_5	0.027	1511.0	0.01173
series_A	state_1	0.091	1512.0	0.01325
series_A	state_2	0.062	1512.0	0.01261
series_A	state_3	0.052	1512.0	0.01246
series_A	state_4	0.0415	1512.0	0.01212
series_A	state_5	0.027	1512.0	0.01169
series_A	state_1	0.091	1513.0	0.01324
series_A	state_2	0.062	1513.0	0.01259
series_A	state_3	0.052	1513.0	0.01246
series_A	state_4	0.0415	1513.0	0.0121
series_A	state_5	0.027	1513.0	0.0117
series_A	state_1	0.091	1514.0	0.01326
series_A	state_2	0.062	1514.0	0.01257
series_A	state_3	0.052	1514.0	0.01244
series_A	state_4	0.0415	1514.0	0.01209
series_A	state_5	0.027	1514.0	0.01168
series_A	state_1	0.091	1515.0	0.01327
series_A	state_2	0.062	1515.0	0.01255
series_A	state_3	0.052	1515.0	0.01244
series_A	state_4	0.0415	1515.0	0.01208
series_A	state_5	0.027	1515.0	0.0117
series_A	state_1	0.091	1516.0	0.01325
series_A	state_2	0.062	1516.0	0.01254
series_A	state_3	0.052	1516.0	0.01245
series_A	state_4	0.0415	1516.0	0.0121
series_A	state_5	0.027	1516.0	0.01169
series_A	state_1	0.091	1517.0	0.01325
series_A	state_2	0.062	1517.0	0.01254
series_A	state_3	0.052	1517.0	0.01248
series_A	state_4	0.0415	1517.0	0.01214
series_A	state_5	0.027	1517.0	0.0117
series_A	state_1	0.091	1518.0	0.01326
series_A	state_2	0.062	1518.0	0.01256
series_A	state_3	0.052	1518.0	0.01247
series_A	state_4	0.0415	1518.0	0.01216
series_A	state_5	0.027	1518.0	0.01172
series_A	state_1	0.091	1519.0	0.01327
series_A	state_2	0.062	1519.0	0.01259
series_A	state_3	0.052	1519.0	0.01247
series_A	state_4	0.0415	1519.0	0.01219
series_A	state_5	0.027	1519.0	0.01176
series_A	state_1	0.091	1520.0	0.0133
series_A	state_2	0.062	1520.0	0.01264
series_A	state_3	0.052	1520.0	0.01249
series_A	state_4	0.0415	1520.0	0.01222
series_A	state_5	0.027	1520.0	0.01182
series_A	state_1	0.091	1521.0	0.01329
series_A	state_2	0.062	1521.0	0.01266
series_A	state_3	0.052	1521.0	0.01252
series_A	state_4	0.0415	1521.0	0.01225
series_A	state_5	0.027	1521.0	0.01189
series_A	state_1	0.091	1522.0	0.01333
series_A	state_2	0.062	1522.0	0.01271
series_A	state_3	0.052	1522.0	0.01254
series_A	state_4	0.0415	1522.0	0.01231
series_A	state_5	0.027	1522.0	0.01196
series_A	state_1	0.091	1523.0	0.01335
series_A	state_2	0.062	1523.0	0.01274
series_A	state_3	0.052	1523.0	0.01254
series_A	state_4	0.0415	1523.0	0.01234
series_A	state_5	0.027	1523.0	0.01201
series_A	state_1	0.091	1524.0	0.01338
series_A	state_2	0.062	1524.0	0.01278
series_A	state_3	0.052	1524.0	0.01255
series_A	state_4	0.0415	1524.0	0.01238
series_A	state_5	0.027	1524.0	0.01204
series_A	state_1	0.091	1525.0	0.0134
series_A	state_2	0.062	1525.0	0.01284
series_A	state_3	0.052	1525.0	0.01257
series_A	state_4	0.0415	1525.0	0.0124
series_A	state_5	0.027	1525.0	0.01207
series_A	state_1	0.091	1526.0	0.01341
series_A	state_2	0.062	1526.0	0.01287
series_A	state_3	0.052	1526.0	0.01261
series_A	state_4	0.0415	1526.0	0.01241
series_A	state_5	0.027	1526.0	0.01212
series_A	state_1	0.091	1527.0	0.01339
series_A	state_2	0.062	1527.0	0.01288
series_A	state_3	0.052	1527.0	0.01262
series_A	state_4	0.0415	1527.0	0.01242
series_A	state_5	0.027	1527.0	0.01217
series_A	state_1	0.091	1528.0	0.01338
series_A	state_2	0.062	1528.0	0.01289
series_A	state_3	0.052	1528.0	0.01262
series_A	state_4	0.0415	1528.0	0.01246
series_A	state_5	0.027	1528.0	0.01219
series_A	state_1	0.091	1529.0	0.01337
series_A	state_2	0.062	1529.0	0.01289
series_A	state_3	0.052	1529.0	0.01264
series_A	state_4	0.0415	1529.0	0.01244
series_A	state_5	0.027	1529.0	0.01219
series_A	state_1	0.091	1530.0	0.01332
series_A	state_2	0.062	1530.0	0.01285
series_A	state_3	0.052	1530.0	0.01264
series_A	state_4	0.0415	1530.0	0.01242
series_A	state_5	0.027	1530.0	0.01213
series_A	state_1	0.091	1531.0	0.01325
series_A	state_2	0.062	1531.0	0.01279
series_A	state_3	0.052	1531.0	0.01262
series_A	state_4	0.0415	1531.0	0.01241
series_A	state_5	0.027	1531.0	0.01211
series_A	state_1	0.091	1532.0	0.0132
series_A	state_2	0.062	1532.0	0.01275
series_A	state_3	0.052	1532.0	0.01259
series_A	state_4	0.0415	1532.0	0.01234
series_A	state_5	0.027	1532.0	0.01206
series_A	state_1	0.091	1533.0	0.01312
series_A	state_2	0.062	1533.0	0.01268
series_A	state_3	0.052	1533.0	0.01252
series_A	state_4	0.0415	1533.0	0.01226
series_A	state_5	0.027	1533.0	0.01202
series_A	state_1	0.091	1534.0	0.01304
series_A	state_2	0.062	1534.0	0.01259
series_A	state_3	0.052	1534.0	0.01249
series_A	state_4	0.0415	1534.0	0.01218
series_A	state_5	0.027	1534.0	0.01193
series_A	state_1	0.091	1535.0	0.01295
series_A	state_2	0.062	1535.0	0.01253
series_A	state_3	0.052	1535.0	0.01241
series_A	state_4	0.0415	1535.0	0.01212
series_A	state_5	0.027	1535.0	0.01187
series_A	state_1	0.091	1536.0	0.01285
series_A	state_2	0.062	1536.0	0.01244
series_A	state_3	0.052	1536.0	0.01235
series_A	state_4	0.0415	1536.0	0.01204
series_A	state_5	0.027	1536.0	0.01181
series_A	state_1	0.091	1537.0	0.01278
series_A	state_2	0.062	1537.0	0.0124
series_A	state_3	0.052	1537.0	0.01231
series_A	state_4	0.0415	1537.0	0.01198
series_A	state_5	0.027	1537.0	0.01174
series_A	state_1	0.091	1538.0	0.01271
series_A	state_2	0.062	1538.0	0.01235
series_A	state_3	0.052	1538.0	0.01224
series_A	state_4	0.0415	1538.0	0.01188
series_A	state_5	0.027	1538.0	0.01172
series_A	state_1	0.091	1539.0	0.01262
series_A	state_2	0.062	1539.0	0.0123
series_A	state_3	0.052	1539.0	0.01221
series_A	state_4	0.0415	1539.0	0.01182
series_A	state_5	0.027	1539.0	0.01165
series_A	state_1	0.091	1540.0	0.01257
series_A	state_2	0.062	1540.0	0.01227
series_A	state_3	0.052	1540.0	0.0122
series_A	state_4	0.0415	1540.0	0.01179
series_A	state_5	0.027	1540.0	0.01162
series_A	state_1	0.091	1541.0	0.01253
series_A	state_2	0.062	1541.0	0.01223
series_A	state_3	0.052	1541.0	0.01215
series_A	state_4	0.0415	1541.0	0.01176
series_A	state_5	0.027	1541.0	0.01157
series_A	state_1	0.091	1542.0	0.01252
series_A	state_2	0.062	1542.0	0.01222
series_A	state_3	0.052	1542.0	0.01212
series_A	state_4	0.0415	1542.0	0.01172
series_A	state_5	0.027	1542.0	0.0115
series_A	state_1	0.091	1543.0	0.01249
series_A	state_2	0.062	1543.0	0.0122
series_A	state_3	0.052	1543.0	0.01207
series_A	state_4	0.0415	1543.0	0.0117
series_A	state_5	0.027	1543.0	0.01146
series_A	state_1	0.091	1544.0	0.01249
series_A	state_2	0.062	1544.0	0.01219
series_A	state_3	0.052	1544.0	0.01205
series_A	state_4	0.0415	1544.0	0.01167
series_A	state_5	0.027	1544.0	0.01147
series_A	state_1	0.091	1545.0	0.0125
series_A	state_2	0.062	1545.0	0.01215
series_A	state_3	0.052	1545.0	0.01205
series_A	state_4	0.0415	1545.0	0.01167
series_A	state_5	0.027	1545.0	0.01148
series_A	state_1	0.091	1546.0	0.01249
series_A	state_2	0.062	1546.0	0.0121
series_A	state_3	0.052	1546.0	0.01206
series_A	state_4	0.0415	1546.0	0.01168
series_A	state_5	0.027	1546.0	0.01149
series_A	state_1	0.091	1547.0	0.01249
series_A	state_2	0.062	1547.0	0.01205
series_A	state_3	0.052	1547.0	0.01205
series_A	state_4	0.0415	1547.0	0.0117
series_A	state_5	0.027	1547.0	0.01149
series_A	state_1	0.091	1548.0	0.01249
series_A	state_2	0.062	1548.0	0.01206
series_A	state_3	0.052	1548.0	0.01205
series_A	state_4	0.0415	1548.0	0.01171
series_A	state_5	0.027	1548.0	0.01145
series_A	state_1	0.091	1549.0	0.0125
series_A	state_2	0.062	1549.0	0.012
series_A	state_3	0.052	1549.0	0.01206
series_A	state_4	0.0415	1549.0	0.01169
series_A	state_5	0.027	1549.0	0.01143
series_A	state_1	0.091	1550.0	0.01248
series_A	state_2	0.062	1550.0	0.01195
series_A	state_3	0.052	1550.0	0.01204
series_A	state_4	0.0415	1550.0	0.01171
series_A	state_5	0.027	1550.0	0.01143
series_A	state_1	0.091	1551.0	0.01246
series_A	state_2	0.062	1551.0	0.01193
series_A	state_3	0.052	1551.0	0.01202
series_A	state_4	0.0415	1551.0	0.01171
series_A	state_5	0.027	1551.0	0.0114
series_A	state_1	0.091	1552.0	0.01247
series_A	state_2	0.062	1552.0	0.01192
series_A	state_3	0.052	1552.0	0.01199
series_A	state_4	0.0415	1552.0	0.01171
series_A	state_5	0.027	1552.0	0.0114
series_A	state_1	0.091	1553.0	0.01245
series_A	state_2	0.062	1553.0	0.01189
series_A	state_3	0.052	1553.0	0.01191
series_A	state_4	0.0415	1553.0	0.01173
series_A	state_5	0.027	1553.0	0.01138
series_A	state_1	0.091	1554.0	0.01243
series_A	state_2	0.062	1554.0	0.01187
series_A	state_3	0.052	1554.0	0.01191
series_A	state_4	0.0415	1554.0	0.01173
series_A	state_5	0.027	1554.0	0.01136
series_A	state_1	0.091	1555.0	0.01241
series_A	state_2	0.062	1555.0	0.01187
series_A	state_3	0.052	1555.0	0.01184
series_A	state_4	0.0415	1555.0	0.01169
series_A	state_5	0.027	1555.0	0.01138
series_A	state_1	0.091	1556.0	0.01238
series_A	state_2	0.062	1556.0	0.01189
series_A	state_3	0.052	1556.0	0.01183
series_A	state_4	0.0415	1556.0	0.01163
series_A	state_5	0.027	1556.0	0.0114
series_A	state_1	0.091	1557.0	0.01235
series_A	state_2	0.062	1557.0	0.0119
series_A	state_3	0.052	1557.0	0.01179
series_A	state_4	0.0415	1557.0	0.01162
series_A	state_5	0.027	1557.0	0.01137
series_A	state_1	0.091	1558.0	0.01232
series_A	state_2	0.062	1558.0	0.01192
series_A	state_3	0.052	1558.0	0.01177
series_A	state_4	0.0415	1558.0	0.01159
series_A	state_5	0.027	1558.0	0.01135
series_A	state_1	0.091	1559.0	0.0123
series_A	state_2	0.062	1559.0	0.01193
series_A	state_3	0.052	1559.0	0.01176
series_A	state_4	0.0415	1559.0	0.01162
series_A	state_5	0.027	1559.0	0.01133
series_A	state_1	0.091	1560.0	0.01229
series_A	state_2	0.062	1560.0	0.01196
series_A	state_3	0.052	1560.0	0.01174
series_A	state_4	0.0415	1560.0	0.01162
series_A	state_5	0.027	1560.0	0.01131
series_A	state_1	0.091	1561.0	0.01227
series_A	state_2	0.062	1561.0	0.01194
series_A	state_3	0.052	1561.0	0.01169
series_A	state_4	0.0415	1561.0	0.01158
series_A	state_5	0.027	1561.0	0.01129
series_A	state_1	0.091	1562.0	0.01225
series_A	state_2	0.062	1562.0	0.01196
series_A	state_3	0.052	1562.0	0.01169
series_A	state_4	0.0415	1562.0	0.01156
series_A	state_5	0.027	1562.0	0.0113
series_A	state_1	0.091	1563.0	0.01223
series_A	state_2	0.062	1563.0	0.01194
series_A	state_3	0.052	1563.0	0.01165
series_A	state_4	0.0415	1563.0	0.01156
series_A	state_5	0.027	1563.0	0.0113
series_A	state_1	0.091	1564.0	0.01221
series_A	state_2	0.062	1564.0	0.01192
series_A	state_3	0.052	1564.0	0.01165
series_A	state_4	0.0415	1564.0	0.01154
series_A	state_5	0.027	1564.0	0.0113
series_A	state_1	0.091	1565.0	0.01221
series_A	state_2	0.062	1565.0	0.01184
series_A	state_3	0.052	1565.0	0.01168
series_A	state_4	0.0415	1565.0	0.01156
series_A	state_5	0.027	1565.0	0.01125
series_A	state_1	0.091	1566.0	0.01221
series_A	state_2	0.062	1566.0	0.01181
series_A	state_3	0.052	1566.0	0.01167
series_A	state_4	0.0415	1566.0	0.01157
series_A	state_5	0.027	1566.0	0.01121
series_A	state_1	0.091	1567.0	0.01218
series_A	state_2	0.062	1567.0	0.01177
series_A	state_3	0.052	1567.0	0.0117
series_A	state_4	0.0415	1567.0	0.01156
series_A	state_5	0.027	1567.0	0.01117
series_A	state_1	0.091	1568.0	0.01215
series_A	state_2	0.062	1568.0	0.01175
series_A	state_3	0.052	1568.0	0.0117
series_A	state_4	0.0415	1568.0	0.01157
series_A	state_5	0.027	1568.0	0.01117
series_A	state_1	0.091	1569.0	0.01215
series_A	state_2	0.062	1569.0	0.01169
series_A	state_3	0.052	1569.0	0.01167
series_A	state_4	0.0415	1569.0	0.01158
series_A	state_5	0.027	1569.0	0.01116
series_A	state_1	0.091	1570.0	0.01215
series_A	state_2	0.062	1570.0	0.01169
series_A	state_3	0.052	1570.0	0.01168
series_A	state_4	0.0415	1570.0	0.0116
series_A	state_5	0.027	1570.0	0.01116
series_A	state_1	0.091	1571.0	0.01214
series_A	state_2	0.062	1571.0	0.0117
series_A	state_3	0.052	1571.0	0.0117
series_A	state_4	0.0415	1571.0	0.01161
series_A	state_5	0.027	1571.0	0.01115
series_A	state_1	0.091	1572.0	0.01214
series_A	state_2	0.062	1572.0	0.01171
series_A	state_3	0.052	1572.0	0.0117
series_A	state_4	0.0415	1572.0	0.01161
series_A	state_5	0.027	1572.0	0.01117
series_A	state_1	0.091	1573.0	0.01211
series_A	state_2	0.062	1573.0	0.01169
series_A	state_3	0.052	1573.0	0.01168
series_A	state_4	0.0415	1573.0	0.0116
series_A	state_5	0.027	1573.0	0.01118
series_A	state_1	0.091	1574.0	0.0121
series_A	state_2	0.062	1574.0	0.01173
series_A	state_3	0.052	1574.0	0.01169
series_A	state_4	0.0415	1574.0	0.01153
series_A	state_5	0.027	1574.0	0.01122
series_A	state_1	0.091	1575.0	0.01207
series_A	state_2	0.062	1575.0	0.01174
series_A	state_3	0.052	1575.0	0.01165
series_A	state_4	0.0415	1575.0	0.01152
series_A	state_5	0.027	1575.0	0.01127
series_A	state_1	0.091	1576.0	0.01205
series_A	state_2	0.062	1576.0	0.01174
series_A	state_3	0.052	1576.0	0.01166
series_A	state_4	0.0415	1576.0	0.0115
series_A	state_5	0.027	1576.0	0.01129
series_A	state_1	0.091	1577.0	0.01205
series_A	state_2	0.062	1577.0	0.01173
series_A	state_3	0.052	1577.0	0.01165
series_A	state_4	0.0415	1577.0	0.01148
series_A	state_5	0.027	1577.0	0.01131
series_A	state_1	0.091	1578.0	0.01204
series_A	state_2	0.062	1578.0	0.01174
series_A	state_3	0.052	1578.0	0.01164
series_A	state_4	0.0415	1578.0	0.01147
series_A	state_5	0.027	1578.0	0.01132
series_A	state_1	0.091	1579.0	0.01203
series_A	state_2	0.062	1579.0	0.01173
series_A	state_3	0.052	1579.0	0.01162
series_A	state_4	0.0415	1579.0	0.01148
series_A	state_5	0.027	1579.0	0.01133
series_A	state_1	0.091	1580.0	0.01203
series_A	state_2	0.062	1580.0	0.01173
series_A	state_3	0.052	1580.0	0.01164
series_A	state_4	0.0415	1580.0	0.01144
series_A	state_5	0.027	1580.0	0.01132
series_A	state_1	0.091	1581.0	0.01203
series_A	state_2	0.062	1581.0	0.0117
series_A	state_3	0.052	1581.0	0.0116
series_A	state_4	0.0415	1581.0	0.0114
series_A	state_5	0.027	1581.0	0.01131
series_A	state_1	0.091	1582.0	0.01202
series_A	state_2	0.062	1582.0	0.01169
series_A	state_3	0.052	1582.0	0.01159
series_A	state_4	0.0415	1582.0	0.01142
series_A	state_5	0.027	1582.0	0.01132
series_A	state_1	0.091	1583.0	0.01202
series_A	state_2	0.062	1583.0	0.01166
series_A	state_3	0.052	1583.0	0.01156
series_A	state_4	0.0415	1583.0	0.01139
series_A	state_5	0.027	1583.0	0.01128
series_A	state_1	0.091	1584.0	0.012
series_A	state_2	0.062	1584.0	0.01165
series_A	state_3	0.052	1584.0	0.01155
series_A	state_4	0.0415	1584.0	0.0114
series_A	state_5	0.027	1584.0	0.01127
series_A	state_1	0.091	1585.0	0.01201
series_A	state_2	0.062	1585.0	0.01162
series_A	state_3	0.052	1585.0	0.01158
series_A	state_4	0.0415	1585.0	0.01139
series_A	state_5	0.027	1585.0	0.01125
series_A	state_1	0.091	1586.0	0.01199
series_A	state_2	0.062	1586.0	0.01163
series_A	state_3	0.052	1586.0	0.01157
series_A	state_4	0.0415	1586.0	0.01141
series_A	state_5	0.027	1586.0	0.01125
series_A	state_1	0.091	1587.0	0.01195
series_A	state_2	0.062	1587.0	0.0116
series_A	state_3	0.052	1587.0	0.01153
series_A	state_4	0.0415	1587.0	0.01141
series_A	state_5	0.027	1587.0	0.01126
series_A	state_1	0.091	1588.0	0.01194
series_A	state_2	0.062	1588.0	0.01159
series_A	state_3	0.052	1588.0	0.01149
series_A	state_4	0.0415	1588.0	0.01141
series_A	state_5	0.027	1588.0	0.01127
series_A	state_1	0.091	1589.0	0.01195
series_A	state_2	0.062	1589.0	0.0116
series_A	state_3	0.052	1589.0	0.01147
series_A	state_4	0.0415	1589.0	0.01138
series_A	state_5	0.027	1589.0	0.01122
series_A	state_1	0.091	1590.0	0.01195
series_A	state_2	0.062	1590.0	0.01159
series_A	state_3	0.052	1590.0	0.01152
series_A	state_4	0.0415	1590.0	0.01138
series_A	state_5	0.027	1590.0	0.0112
series_A	state_1	0.091	1591.0	0.01195
series_A	state_2	0.062	1591.0	0.01159
series_A	state_3	0.052	1591.0	0.01151
series_A	state_4	0.0415	1591.0	0.01138
series_A	state_5	0.027	1591.0	0.01119
series_A	state_1	0.091	1592.0	0.01195
series_A	state_2	0.062	1592.0	0.01159
series_A	state_3	0.052	1592.0	0.0115
series_A	state_4	0.0415	1592.0	0.01139
series_A	state_5	0.027	1592.0	0.01119
series_A	state_1	0.091	1593.0	0.01195
series_A	state_2	0.062	1593.0	0.01158
series_A	state_3	0.052	1593.0	0.01148
series_A	state_4	0.0415	1593.0	0.01139
series_A	state_5	0.027	1593.0	0.01119
series_A	state_1	0.091	1594.0	0.01194
series_A	state_2	0.062	1594.0	0.01158
series_A	state_3	0.052	1594.0	0.01146
series_A	state_4	0.0415	1594.0	0.01139
series_A	state_5	0.027	1594.0	0.01119
series_A	state_1	0.091	1595.0	0.01194
series_A	state_2	0.062	1595.0	0.01158
series_A	state_3	0.052	1595.0	0.01144
series_A	state_4	0.0415	1595.0	0.0114
series_A	state_5	0.027	1595.0	0.0112
series_A	state_1	0.091	1596.0	0.01194
series_A	state_2	0.062	1596.0	0.01158
series_A	state_3	0.052	1596.0	0.01141
series_A	state_4	0.0415	1596.0	0.01141
series_A	state_5	0.027	1596.0	0.0112
series_A	state_1	0.091	1597.0	0.01193
series_A	state_2	0.062	1597.0	0.01158
series_A	state_3	0.052	1597.0	0.01138
series_A	state_4	0.0415	1597.0	0.01142
series_A	state_5	0.027	1597.0	0.01122
series_A	state_1	0.091	1598.0	0.01193
series_A	state_2	0.062	1598.0	0.01158
series_A	state_3	0.052	1598.0	0.01135
series_A	state_4	0.0415	1598.0	0.01143
series_A	state_5	0.027	1598.0	0.01123
series_A	state_1	0.091	1599.0	0.01193
series_A	state_2	0.062	1599.0	0.01158
series_A	state_3	0.052	1599.0	0.01132
series_A	state_4	0.0415	1599.0	0.01144
series_A	state_5	0.027	1599.0	0.01125
series_A	state_1	0.091	1600.0	0.01193
series_A	state_2	0.062	1600.0	0.01159
series_A	state_3	0.052	1600.0	0.01128
series_A	state_4	0.0415	1600.0	0.01145
series_A	state_5	0.027	1600.0	0.01127
series_B	state_1	0.091	900.0	0.01952
series_B	state_2	0.078	900.0	0.01861
series_B	state_3	0.06	900.0	0.01711
series_B	state_4	0.043	900.0	0.01546
series_B	state_5	0.017	900.0	0.01293
series_B	state_1	0.091	901.0	0.02009
series_B	state_2	0.078	901.0	0.01911
series_B	state_3	0.06	901.0	0.01743
series_B	state_4	0.043	901.0	0.01582
series_B	state_5	0.017	901.0	0.01306
series_B	state_1	0.091	902.0	0.02065
series_B	state_2	0.078	902.0	0.01964
series_B	state_3	0.06	902.0	0.01777
series_B	state_4	0.043	902.0	0.01614
series_B	state_5	0.017	902.0	0.01322
series_B	state_1	0.091	903.0	0.02117
series_B	state_2	0.078	903.0	0.02012
series_B	state_3	0.06	903.0	0.01809
series_B	state_4	0.043	903.0	0.01643
series_B	state_5	0.017	903.0	0.01333
series_B	state_1	0.091	904.0	0.02171
series_B	state_2	0.078	904.0	0.0206
series_B	state_3	0.06	904.0	0.0184
series_B	state_4	0.043	904.0	0.01674
series_B	state_5	0.017	904.0	0.01343
series_B	state_1	0.091	905.0	0.02226
series_B	state_2	0.078	905.0	0.02107
series_B	state_3	0.06	905.0	0.01875
series_B	state_4	0.043	905.0	0.01706
series_B	state_5	0.017	905.0	0.01357
series_B	state_1	0.091	906.0	0.0228
series_B	state_2	0.078	906.0	0.02157
series_B	state_3	0.06	906.0	0.01904
series_B	state_4	0.043	906.0	0.01736
series_B	state_5	0.017	906.0	0.01368
series_B	state_1	0.091	907.0	0.02339
series_B	state_2	0.078	907.0	0.02207
series_B	state_3	0.06	907.0	0.01939
series_B	state_4	0.043	907.0	0.01766
series_B	state_5	0.017	907.0	0.01377
series_B	state_1	0.091	908.0	0.02398
series_B	state_2	0.078	908.0	0.02258
series_B	state_3	0.06	908.0	0.01975
series_B	state_4	0.043	908.0	0.01791
series_B	state_5	0.017	908.0	0.01386
series_B	state_1	0.091	909.0	0.02459
series_B	state_2	0.078	909.0	0.02309
series_B	state_3	0.06	909.0	0.02011
series_B	state_4	0.043	909.0	0.01813
series_B	state_5	0.017	909.0	0.01394
series_B	state_1	0.091	910.0	0.02518
series_B	state_2	0.078	910.0	0.02361
series_B	state_3	0.06	910.0	0.02048
series_B	state_4	0.043	910.0	0.01834
series_B	state_5	0.017	910.0	0.01402
series_B	state_1	0.091	911.0	0.0257
series_B	state_2	0.078	911.0	0.02411
series_B	state_3	0.06	911.0	0.02088
series_B	state_4	0.043	911.0	0.01847
series_B	state_5	0.017	911.0	0.01408
series_B	state_1	0.091	912.0	0.02616
series_B	state_2	0.078	912.0	0.02458
series_B	state_3	0.06	912.0	0.02128
series_B	state_4	0.043	912.0	0.01866
series_B	state_5	0.017	912.0	0.01418
series_B	state_1	0.091	913.0	0.0266
series_B	state_2	0.078	913.0	0.02501
series_B	state_3	0.06	913.0	0.02165
series_B	state_4	0.043	913.0	0.0188
series_B	state_5	0.017	913.0	0.01429
series_B	state_1	0.091	914.0	0.02705
series_B	state_2	0.078	914.0	0.02538
series_B	state_3	0.06	914.0	0.02202
series_B	state_4	0.043	914.0	0.01891
series_B	state_5	0.017	914.0	0.01438
series_B	state_1	0.091	915.0	0.02748
series_B	state_2	0.078	915.0	0.02579
series_B	state_3	0.06	915.0	0.02238
series_B	state_4	0.043	915.0	0.01914
series_B	state_5	0.017	915.0	0.01446
series_B	state_1	0.091	916.0	0.02788
series_B	state_2	0.078	916.0	0.02617
series_B	state_3	0.06	916.0	0.0227
series_B	state_4	0.043	916.0	0.01933
series_B	state_5	0.017	916.0	0.01454
series_B	state_1	0.091	917.0	0.02832
series_B	state_2	0.078	917.0	0.02658
series_B	state_3	0.06	917.0	0.02301
series_B	state_4	0.043	917.0	0.0195
series_B	state_5	0.017	917.0	0.01463
series_B	state_1	0.091	918.0	0.02873
series_B	state_2	0.078	918.0	0.02694
series_B	state_3	0.06	918.0	0.0233
series_B	state_4	0.043	918.0	0.01973
series_B	state_5	0.017	918.0	0.01467
series_B	state_1	0.091	919.0	0.02912
series_B	state_2	0.078	919.0	0.0272
series_B	state_3	0.06	919.0	0.02356
series_B	state_4	0.043	919.0	0.01995
series_B	state_5	0.017	919.0	0.01474
series_B	state_1	0.091	920.0	0.02946
series_B	state_2	0.078	920.0	0.02746
series_B	state_3	0.06	920.0	0.02382
series_B	state_4	0.043	920.0	0.02018
series_B	state_5	0.017	920.0	0.01486
series_B	state_1	0.091	921.0	0.02983
series_B	state_2	0.078	921.0	0.02774
series_B	state_3	0.06	921.0	0.02397
series_B	state_4	0.043	921.0	0.02041
series_B	state_5	0.017	921.0	0.01497
series_B	state_1	0.091	922.0	0.03023
series_B	state_2	0.078	922.0	0.028
series_B	state_3	0.06	922.0	0.02424
series_B	state_4	0.043	922.0	0.02061
series_B	state_5	0.017	922.0	0.01509
series_B	state_1	0.091	923.0	0.0306
series_B	state_2	0.078	923.0	0.02824
series_B	state_3	0.06	923.0	0.02447
series_B	state_4	0.043	923.0	0.02084
series_B	state_5	0.017	923.0	0.0152
series_B	state_1	0.091	924.0	0.03101
series_B	state_2	0.078	924.0	0.02854
series_B	state_3	0.06	924.0	0.02471
series_B	state_4	0.043	924.0	0.02111
series_B	state_5	0.017	924.0	0.01532
series_B	state_1	0.091	925.0	0.03141
series_B	state_2	0.078	925.0	0.02887
series_B	state_3	0.06	925.0	0.025
series_B	state_4	0.043	925.0	0.02139
series_B	state_5	0.017	925.0	0.01545
series_B	state_1	0.091	926.0	0.03188
series_B	state_2	0.078	926.0	0.02924
series_B	state_3	0.06	926.0	0.02529
series_B	state_4	0.043	926.0	0.02164
series_B	state_5	0.017	926.0	0.01553
series_B	state_1	0.091	927.0	0.03234
series_B	state_2	0.078	927.0	0.02962
series_B	state_3	0.06	927.0	0.02564
series_B	state_4	0.043	927.0	0.02191
series_B	state_5	0.017	927.0	0.01562
series_B	state_1	0.091	928.0	0.03284
series_B	state_2	0.078	928.0	0.03002
series_B	state_3	0.06	928.0	0.02598
series_B	state_4	0.043	928.0	0.02215
series_B	state_5	0.017	928.0	0.01571
series_B	state_1	0.091	929.0	0.03334
series_B	state_2	0.078	929.0	0.03041
series_B	state_3	0.06	929.0	0.02632
series_B	state_4	0.043	929.0	0.02236
series_B	state_5	0.017	929.0	0.01582
series_B	state_1	0.091	930.0	0.03383
series_B	state_2	0.078	930.0	0.03086
series_B	state_3	0.06	930.0	0.02669
series_B	state_4	0.043	930.0	0.02258
series_B	state_5	0.017	930.0	0.01594
series_B	state_1	0.091	931.0	0.0343
series_B	state_2	0.078	931.0	0.03135
series_B	state_3	0.06	931.0	0.02703
series_B	state_4	0.043	931.0	0.02276
series_B	state_5	0.017	931.0	0.0161
series_B	state_1	0.091	932.0	0.03477
series_B	state_2	0.078	932.0	0.03184
series_B	state_3	0.06	932.0	0.02734
series_B	state_4	0.043	932.0	0.02304
series_B	state_5	0.017	932.0	0.01622
series_B	state_1	0.091	933.0	0.03524
series_B	state_2	0.078	933.0	0.03234
series_B	state_3	0.06	933.0	0.02767
series_B	state_4	0.043	933.0	0.02328
series_B	state_5	0.017	933.0	0.01634
series_B	state_1	0.091	934.0	0.03576
series_B	state_2	0.078	934.0	0.03287
series_B	state_3	0.06	934.0	0.02797
series_B	state_4	0.043	934.0	0.02356
series_B	state_5	0.017	934.0	0.01643
series_B	state_1	0.091	935.0	0.03626
series_B	state_2	0.078	935.0	0.03341
series_B	state_3	0.06	935.0	0.02826
series_B	state_4	0.043	935.0	0.02386
series_B	state_5	0.017	935.0	0.01654
series_B	state_1	0.091	936.0	0.0368
series_B	state_2	0.078	936.0	0.03392
series_B	state_3	0.06	936.0	0.02858
series_B	state_4	0.043	936.0	0.02409
series_B	state_5	0.017	936.0	0.01663
series_B	state_1	0.091	937.0	0.03736
series_B	state_2	0.078	937.0	0.03438
series_B	state_3	0.06	937.0	0.02892
series_B	state_4	0.043	937.0	0.02439
series_B	state_5	0.017	937.0	0.0167
series_B	state_1	0.091	938.0	0.03785
series_B	state_2	0.078	938.0	0.0348
series_B	state_3	0.06	938.0	0.02925
series_B	state_4	0.043	938.0	0.02469
series_B	state_5	0.017	938.0	0.01679
series_B	state_1	0.091	939.0	0.03835
series_B	state_2	0.078	939.0	0.03514
series_B	state_3	0.06	939.0	0.0296
series_B	state_4	0.043	939.0	0.02495
series_B	state_5	0.017	939.0	0.01692
series_B	state_1	0.091	940.0	0.03887
series_B	state_2	0.078	940.0	0.03555
series_B	state_3	0.06	940.0	0.02992
series_B	state_4	0.043	940.0	0.02522
series_B	state_5	0.017	940.0	0.01708
series_B	state_1	0.091	941.0	0.03936
series_B	state_2	0.078	941.0	0.03595
series_B	state_3	0.06	941.0	0.03027
series_B	state_4	0.043	941.0	0.02545
series_B	state_5	0.017	941.0	0.0172
series_B	state_1	0.091	942.0	0.03987
series_B	state_2	0.078	942.0	0.03635
series_B	state_3	0.06	942.0	0.03064
series_B	state_4	0.043	942.0	0.02567
series_B	state_5	0.017	942.0	0.01735
series_B	state_1	0.091	943.0	0.04032
series_B	state_2	0.078	943.0	0.03676
series_B	state_3	0.06	943.0	0.03096
series_B	state_4	0.043	943.0	0.02589
series_B	state_5	0.017	943.0	0.01747
series_B	state_1	0.091	944.0	0.04076
series_B	state_2	0.078	944.0	0.03719
series_B	state_3	0.06	944.0	0.03131
series_B	state_4	0.043	944.0	0.02614
series_B	state_5	0.017	944.0	0.01757
series_B	state_1	0.091	945.0	0.04118
series_B	state_2	0.078	945.0	0.0376
series_B	state_3	0.06	945.0	0.03165
series_B	state_4	0.043	945.0	0.02637
series_B	state_5	0.017	945.0	0.01766
series_B	state_1	0.091	946.0	0.04162
series_B	state_2	0.078	946.0	0.03801
series_B	state_3	0.06	946.0	0.03197
series_B	state_4	0.043	946.0	0.0266
series_B	state_5	0.017	946.0	0.01771
series_B	state_1	0.091	947.0	0.04205
series_B	state_2	0.078	947.0	0.0384
series_B	state_3	0.06	947.0	0.03231
series_B	state_4	0.043	947.0	0.02682
series_B	state_5	0.017	947.0	0.0178
series_B	state_1	0.091	948.0	0.0425
series_B	state_2	0.078	948.0	0.03879
series_B	state_3	0.06	948.0	0.03263
series_B	state_4	0.043	948.0	0.02704
series_B	state_5	0.017	948.0	0.01791
series_B	state_1	0.091	949.0	0.04293
series_B	state_2	0.078	949.0	0.0392
series_B	state_3	0.06	949.0	0.03294
series_B	state_4	0.043	949.0	0.02726
series_B	state_5	0.017	949.0	0.01801
series_B	state_1	0.091	950.0	0.04335
series_B	state_2	0.078	950.0	0.03964
series_B	state_3	0.06	950.0	0.03324
series_B	state_4	0.043	950.0	0.02749
series_B	state_5	0.017	950.0	0.0181
series_B	state_1	0.091	951.0	0.04379
series_B	state_2	0.078	951.0	0.04007
series_B	state_3	0.06	951.0	0.03352
series_B	state_4	0.043	951.0	0.02771
series_B	state_5	0.017	951.0	0.0182
series_B	state_1	0.091	952.0	0.04425
series_B	state_2	0.078	952.0	0.04044
series_B	state_3	0.06	952.0	0.03381
series_B	state_4	0.043	952.0	0.02793
series_B	state_5	0.017	952.0	0.01824
series_B	state_1	0.091	953.0	0.04474
series_B	state_2	0.078	953.0	0.04084
series_B	state_3	0.06	953.0	0.03413
series_B	state_4	0.043	953.0	0.0281
series_B	state_5	0.017	953.0	0.01831
series_B	state_1	0.091	954.0	0.04521
series_B	state_2	0.078	954.0	0.04127
series_B	state_3	0.06	954.0	0.03443
series_B	state_4	0.043	954.0	0.02827
series_B	state_5	0.017	954.0	0.01839
series_B	state_1	0.091	955.0	0.04562
series_B	state_2	0.078	955.0	0.04169
series_B	state_3	0.06	955.0	0.03476
series_B	state_4	0.043	955.0	0.0284
series_B	state_5	0.017	955.0	0.01846
series_B	state_1	0.091	956.0	0.04606
series_B	state_2	0.078	956.0	0.04205
series_B	state_3	0.06	956.0	0.0351
series_B	state_4	0.043	956.0	0.02857
series_B	state_5	0.017	956.0	0.01853
series_B	state_1	0.091	957.0	0.04646
series_B	state_2	0.078	957.0	0.04238
series_B	state_3	0.06	957.0	0.03546
series_B	state_4	0.043	957.0	0.02874
series_B	state_5	0.017	957.0	0.01862
series_B	state_1	0.091	958.0	0.04688
series_B	state_2	0.078	958.0	0.04276
series_B	state_3	0.06	958.0	0.03576
series_B	state_4	0.043	958.0	0.02893
series_B	state_5	0.017	958.0	0.01871
series_B	state_1	0.091	959.0	0.04731
series_B	state_2	0.078	959.0	0.04312
series_B	state_3	0.06	959.0	0.03613
series_B	state_4	0.043	959.0	0.02913
series_B	state_5	0.017	959.0	0.0188
series_B	state_1	0.091	960.0	0.04775
series_B	state_2	0.078	960.0	0.0435
series_B	state_3	0.06	960.0	0.03644
series_B	state_4	0.043	960.0	0.02932
series_B	state_5	0.017	960.0	0.01889
series_B	state_1	0.091	961.0	0.0482
series_B	state_2	0.078	961.0	0.0439
series_B	state_3	0.06	961.0	0.03676
series_B	state_4	0.043	961.0	0.02953
series_B	state_5	0.017	961.0	0.01896
series_B	state_1	0.091	962.0	0.04859
series_B	state_2	0.078	962.0	0.04428
series_B	state_3	0.06	962.0	0.03707
series_B	state_4	0.043	962.0	0.02975
series_B	state_5	0.017	962.0	0.01904
series_B	state_1	0.091	963.0	0.04898
series_B	state_2	0.078	963.0	0.04466
series_B	state_3	0.06	963.0	0.03736
series_B	state_4	0.043	963.0	0.03001
series_B	state_5	0.017	963.0	0.0191
series_B	state_1	0.091	964.0	0.04936
series_B	state_2	0.078	964.0	0.04503
series_B	state_3	0.06	964.0	0.03764
series_B	state_4	0.043	964.0	0.03028
series_B	state_5	0.017	964.0	0.01914
series_B	state_1	0.091	965.0	0.04976
series_B	state_2	0.078	965.0	0.04539
series_B	state_3	0.06	965.0	0.0379
series_B	state_4	0.043	965.0	0.03057
series_B	state_5	0.017	965.0	0.01917
series_B	state_1	0.091	966.0	0.05018
series_B	state_2	0.078	966.0	0.04577
series_B	state_3	0.06	966.0	0.03817
series_B	state_4	0.043	966.0	0.03088
series_B	state_5	0.017	966.0	0.0192
series_B	state_1	0.091	967.0	0.05056
series_B	state_2	0.078	967.0	0.04612
series_B	state_3	0.06	967.0	0.03845
series_B	state_4	0.043	967.0	0.03114
series_B	state_5	0.017	967.0	0.01923
series_B	state_1	0.091	968.0	0.05096
series_B	state_2	0.078	968.0	0.04649
series_B	state_3	0.06	968.0	0.03872
series_B	state_4	0.043	968.0	0.03139
series_B	state_5	0.017	968.0	0.01925
series_B	state_1	0.091	969.0	0.05134
series_B	state_2	0.078	969.0	0.04679
series_B	state_3	0.06	969.0	0.03897
series_B	state_4	0.043	969.0	0.03163
series_B	state_5	0.017	969.0	0.01923
series_B	state_1	0.091	970.0	0.0517
series_B	state_2	0.078	970.0	0.04704
series_B	state_3	0.06	970.0	0.03923
series_B	state_4	0.043	970.0	0.03187
series_B	state_5	0.017	970.0	0.01923
series_B	state_1	0.091	971.0	0.05209
series_B	state_2	0.078	971.0	0.0473
series_B	state_3	0.06	971.0	0.0395
series_B	state_4	0.043	971.0	0.03205
series_B	state_5	0.017	971.0	0.01925
series_B	state_1	0.091	972.0	0.05249
series_B	state_2	0.078	972.0	0.04754
series_B	state_3	0.06	972.0	0.03977
series_B	state_4	0.043	972.0	0.03222
series_B	state_5	0.017	972.0	0.01924
series_B	state_1	0.091	973.0	0.05284
series_B	state_2	0.078	973.0	0.04781
series_B	state_3	0.06	973.0	0.04
series_B	state_4	0.043	973.0	0.03235
series_B	state_5	0.017	973.0	0.01927
series_B	state_1	0.091	974.0	0.05317
series_B	state_2	0.078	974.0	0.04809
series_B	state_3	0.06	974.0	0.04024
series_B	state_4	0.043	974.0	0.03249
series_B	state_5	0.017	974.0	0.0193
series_B	state_1	0.091	975.0	0.05346
series_B	state_2	0.078	975.0	0.04835
series_B	state_3	0.06	975.0	0.04046
series_B	state_4	0.043	975.0	0.03262
series_B	state_5	0.017	975.0	0.0193
series_B	state_1	0.091	976.0	0.05378
series_B	state_2	0.078	976.0	0.04859
series_B	state_3	0.06	976.0	0.04066
series_B	state_4	0.043	976.0	0.03275
series_B	state_5	0.017	976.0	0.01932
series_B	state_1	0.091	977.0	0.05408
series_B	state_2	0.078	977.0	0.04885
series_B	state_3	0.06	977.0	0.04089
series_B	state_4	0.043	977.0	0.03288
series_B	state_5	0.017	977.0	0.0194
series_B	state_1	0.091	978.0	0.05439
series_B	state_2	0.078	978.0	0.04917
series_B	state_3	0.06	978.0	0.04108
series_B	state_4	0.043	978.0	0.033
series_B	state_5	0.017	978.0	0.01949
series_B	state_1	0.091	979.0	0.05468
series_B	state_2	0.078	979.0	0.04944
series_B	state_3	0.06	979.0	0.0413
series_B	state_4	0.043	979.0	0.03312
series_B	state_5	0.017	979.0	0.0196
series_B	state_1	0.091	980.0	0.05499
series_B	state_2	0.078	980.0	0.04971
series_B	state_3	0.06	980.0	0.04148
series_B	state_4	0.043	980.0	0.03323
series_B	state_5	0.017	980.0	0.01972
series_B	state_1	0.091	981.0	0.05532
series_B	state_2	0.078	981.0	0.04998
series_B	state_3	0.06	981.0	0.04168
series_B	state_4	0.043	981.0	0.03333
series_B	state_5	0.017	981.0	0.01988
series_B	state_1	0.091	982.0	0.05559
series_B	state_2	0.078	982.0	0.05027
series_B	state_3	0.06	982.0	0.04187
series_B	state_4	0.043	982.0	0.0335
series_B	state_5	0.017	982.0	0.02004
series_B	state_1	0.091	983.0	0.05591
series_B	state_2	0.078	983.0	0.05057
series_B	state_3	0.06	983.0	0.04206
series_B	state_4	0.043	983.0	0.03363
series_B	state_5	0.017	983.0	0.02018
series_B	state_1	0.091	984.0	0.0562
series_B	state_2	0.078	984.0	0.05088
series_B	state_3	0.06	984.0	0.04222
series_B	state_4	0.043	984.0	0.0338
series_B	state_5	0.017	984.0	0.02032
series_B	state_1	0.091	985.0	0.05651
series_B	state_2	0.078	985.0	0.05117
series_B	state_3	0.06	985.0	0.04242
series_B	state_4	0.043	985.0	0.03399
series_B	state_5	0.017	985.0	0.02046
series_B	state_1	0.091	986.0	0.05678
series_B	state_2	0.078	986.0	0.05147
series_B	state_3	0.06	986.0	0.0426
series_B	state_4	0.043	986.0	0.03411
series_B	state_5	0.017	986.0	0.02061
series_B	state_1	0.091	987.0	0.057
series_B	state_2	0.078	987.0	0.05173
series_B	state_3	0.06	987.0	0.04276
series_B	state_4	0.043	987.0	0.03424
series_B	state_5	0.017	987.0	0.02075
series_B	state_1	0.091	988.0	0.05722
series_B	state_2	0.078	988.0	0.05195
series_B	state_3	0.06	988.0	0.04289
series_B	state_4	0.043	988.0	0.03437
series_B	state_5	0.017	988.0	0.02087
series_B	state_1	0.091	989.0	0.05739
series_B	state_2	0.078	989.0	0.05214
series_B	state_3	0.06	989.0	0.04305
series_B	state_4	0.043	989.0	0.03455
series_B	state_5	0.017	989.0	0.02097
series_B	state_1	0.091	990.0	0.05759
series_B	state_2	0.078	990.0	0.05233
series_B	state_3	0.06	990.0	0.04321
series_B	state_4	0.043	990.0	0.03471
series_B	state_5	0.017	990.0	0.02108
series_B	state_1	0.091	991.0	0.05779
series_B	state_2	0.078	991.0	0.05253
series_B	state_3	0.06	991.0	0.04335
series_B	state_4	0.043	991.0	0.03483
series_B	state_5	0.017	991.0	0.02119
series_B	state_1	0.091	992.0	0.05793
series_B	state_2	0.078	992.0	0.05272
series_B	state_3	0.06	992.0	0.04351
series_B	state_4	0.043	992.0	0.03498
series_B	state_5	0.017	992.0	0.02129
series_B	state_1	0.091	993.0	0.05812
series_B	state_2	0.078	993.0	0.05292
series_B	state_3	0.06	993.0	0.04366
series_B	state_4	0.043	993.0	0.03512
series_B	state_5	0.017	993.0	0.02134
series_B	state_1	0.091	994.0	0.05832
series_B	state_2	0.078	994.0	0.05313
series_B	state_3	0.06	994.0	0.04378
series_B	state_4	0.043	994.0	0.03526
series_B	state_5	0.017	994.0	0.02137
series_B	state_1	0.091	995.0	0.05854
series_B	state_2	0.078	995.0	0.05333
series_B	state_3	0.06	995.0	0.04392
series_B	state_4	0.043	995.0	0.0354
series_B	state_5	0.017	995.0	0.0214
series_B	state_1	0.091	996.0	0.05876
series_B	state_2	0.078	996.0	0.05353
series_B	state_3	0.06	996.0	0.04409
series_B	state_4	0.043	996.0	0.03553
series_B	state_5	0.017	996.0	0.02147
series_B	state_1	0.091	997.0	0.05903
series_B	state_2	0.078	997.0	0.05374
series_B	state_3	0.06	997.0	0.04426
series_B	state_4	0.043	997.0	0.03564
series_B	state_5	0.017	997.0	0.02156
series_B	state_1	0.091	998.0	0.05926
series_B	state_2	0.078	998.0	0.05395
series_B	state_3	0.06	998.0	0.04443
series_B	state_4	0.043	998.0	0.03578
series_B	state_5	0.017	998.0	0.02162
series_B	state_1	0.091	999.0	0.05952
series_B	state_2	0.078	999.0	0.05414
series_B	state_3	0.06	999.0	0.04458
series_B	state_4	0.043	999.0	0.03591
series_B	state_5	0.017	999.0	0.02169
series_B	state_1	0.091	1000.0	0.05982
series_B	state_2	0.078	1000.0	0.05433
series_B	state_3	0.06	1000.0	0.04478
series_B	state_4	0.043	1000.0	0.036
series_B	state_5	0.017	1000.0	0.02176
series_B	state_1	0.091	1001.0	0.06011
series_B	state_2	0.078	1001.0	0.05454
series_B	state_3	0.06	1001.0	0.04496
series_B	state_4	0.043	1001.0	0.03611
series_B	state_5	0.017	1001.0	0.02184
series_B	state_1	0.091	1002.0	0.0604
series_B	state_2	0.078	1002.0	0.05476
series_B	state_3	0.06	1002.0	0.04515
series_B	state_4	0.043	1002.0	0.03625
series_B	state_5	0.017	1002.0	0.02189
series_B	state_1	0.091	1003.0	0.06069
series_B	state_2	0.078	1003.0	0.05498
series_B	state_3	0.06	1003.0	0.04533
series_B	state_4	0.043	1003.0	0.03636
series_B	state_5	0.017	1003.0	0.02192
series_B	state_1	0.091	1004.0	0.06099
series_B	state_2	0.078	1004.0	0.05518
series_B	state_3	0.06	1004.0	0.04549
series_B	state_4	0.043	1004.0	0.0365
series_B	state_5	0.017	1004.0	0.02197
series_B	state_1	0.091	1005.0	0.06127
series_B	state_2	0.078	1005.0	0.05539
series_B	state_3	0.06	1005.0	0.0457
series_B	state_4	0.043	1005.0	0.03661
series_B	state_5	0.017	1005.0	0.02201
series_B	state_1	0.091	1006.0	0.06151
series_B	state_2	0.078	1006.0	0.0556
series_B	state_3	0.06	1006.0	0.04589
series_B	state_4	0.043	1006.0	0.03669
series_B	state_5	0.017	1006.0	0.02207
series_B	state_1	0.091	1007.0	0.06171
series_B	state_2	0.078	1007.0	0.0558
series_B	state_3	0.06	1007.0	0.04605
series_B	state_4	0.043	1007.0	0.03679
series_B	state_5	0.017	1007.0	0.02209
series_B	state_1	0.091	1008.0	0.06191
series_B	state_2	0.078	1008.0	0.05602
series_B	state_3	0.06	1008.0	0.04621
series_B	state_4	0.043	1008.0	0.03688
series_B	state_5	0.017	1008.0	0.02213
series_B	state_1	0.091	1009.0	0.0621
series_B	state_2	0.078	1009.0	0.05619
series_B	state_3	0.06	1009.0	0.04637
series_B	state_4	0.043	1009.0	0.03698
series_B	state_5	0.017	1009.0	0.02217
series_B	state_1	0.091	1010.0	0.06228
series_B	state_2	0.078	1010.0	0.05638
series_B	state_3	0.06	1010.0	0.04649
series_B	state_4	0.043	1010.0	0.03704
series_B	state_5	0.017	1010.0	0.02219
series_B	state_1	0.091	1011.0	0.06242
series_B	state_2	0.078	1011.0	0.05653
series_B	state_3	0.06	1011.0	0.04663
series_B	state_4	0.043	1011.0	0.03711
series_B	state_5	0.017	1011.0	0.02223
series_B	state_1	0.091	1012.0	0.06255
series_B	state_2	0.078	1012.0	0.05669
series_B	state_3	0.06	1012.0	0.04677
series_B	state_4	0.043	1012.0	0.03719
series_B	state_5	0.017	1012.0	0.02226
series_B	state_1	0.091	1013.0	0.06272
series_B	state_2	0.078	1013.0	0.05685
series_B	state_3	0.06	1013.0	0.04687
series_B	state_4	0.043	1013.0	0.03727
series_B	state_5	0.017	1013.0	0.02224
series_B	state_1	0.091	1014.0	0.06289
series_B	state_2	0.078	1014.0	0.057
series_B	state_3	0.06	1014.0	0.04698
series_B	state_4	0.043	1014.0	0.03736
series_B	state_5	0.017	1014.0	0.02227
series_B	state_1	0.091	1015.0	0.06304
series_B	state_2	0.078	1015.0	0.05715
series_B	state_3	0.06	1015.0	0.04712
series_B	state_4	0.043	1015.0	0.03743
series_B	state_5	0.017	1015.0	0.02229
series_B	state_1	0.091	1016.0	0.06317
series_B	state_2	0.078	1016.0	0.05727
series_B	state_3	0.06	1016.0	0.04721
series_B	state_4	0.043	1016.0	0.03749
series_B	state_5	0.017	1016.0	0.0223
series_B	state_1	0.091	1017.0	0.06331
series_B	state_2	0.078	1017.0	0.05737
series_B	state_3	0.06	1017.0	0.04728
series_B	state_4	0.043	1017.0	0.03758
series_B	state_5	0.017	1017.0	0.0223
series_B	state_1	0.091	1018.0	0.06342
series_B	state_2	0.078	1018.0	0.05747
series_B	state_3	0.06	1018.0	0.04738
series_B	state_4	0.043	1018.0	0.03765
series_B	state_5	0.017	1018.0	0.02231
series_B	state_1	0.091	1019.0	0.06355
series_B	state_2	0.078	1019.0	0.05754
series_B	state_3	0.06	1019.0	0.04744
series_B	state_4	0.043	1019.0	0.0377
series_B	state_5	0.017	1019.0	0.0223
series_B	state_1	0.091	1020.0	0.06369
series_B	state_2	0.078	1020.0	0.0576
series_B	state_3	0.06	1020.0	0.04753
series_B	state_4	0.043	1020.0	0.03776
series_B	state_5	0.017	1020.0	0.02231
series_B	state_1	0.091	1021.0	0.06382
series_B	state_2	0.078	1021.0	0.05765
series_B	state_3	0.06	1021.0	0.04757
series_B	state_4	0.043	1021.0	0.03782
series_B	state_5	0.017	1021.0	0.02233
series_B	state_1	0.091	1022.0	0.06393
series_B	state_2	0.078	1022.0	0.05768
series_B	state_3	0.06	1022.0	0.04763
series_B	state_4	0.043	1022.0	0.03787
series_B	state_5	0.017	1022.0	0.02236
series_B	state_1	0.091	1023.0	0.06403
series_B	state_2	0.078	1023.0	0.05772
series_B	state_3	0.06	1023.0	0.04766
series_B	state_4	0.043	1023.0	0.03793
series_B	state_5	0.017	1023.0	0.02239
series_B	state_1	0.091	1024.0	0.06413
series_B	state_2	0.078	1024.0	0.05777
series_B	state_3	0.06	1024.0	0.04768
series_B	state_4	0.043	1024.0	0.03797
series_B	state_5	0.017	1024.0	0.02241
series_B	state_1	0.091	1025.0	0.06419
series_B	state_2	0.078	1025.0	0.0578
series_B	state_3	0.06	1025.0	0.04772
series_B	state_4	0.043	1025.0	0.038
series_B	state_5	0.017	1025.0	0.02245
series_B	state_1	0.091	1026.0	0.06427
series_B	state_2	0.078	1026.0	0.05779
series_B	state_3	0.06	1026.0	0.04774
series_B	state_4	0.043	1026.0	0.03802
series_B	state_5	0.017	1026.0	0.02246
series_B	state_1	0.091	1027.0	0.06431
series_B	state_2	0.078	1027.0	0.05783
series_B	state_3	0.06	1027.0	0.04772
series_B	state_4	0.043	1027.0	0.03806
series_B	state_5	0.017	1027.0	0.02245
series_B	state_1	0.091	1028.0	0.06433
series_B	state_2	0.078	1028.0	0.05783
series_B	state_3	0.06	1028.0	0.04772
series_B	state_4	0.043	1028.0	0.03805
series_B	state_5	0.017	1028.0	0.02249
series_B	state_1	0.091	1029.0	0.06438
series_B	state_2	0.078	1029.0	0.05783
series_B	state_3	0.06	1029.0	0.04771
series_B	state_4	0.043	1029.0	0.03805
series_B	state_5	0.017	1029.0	0.02249
series_B	state_1	0.091	1030.0	0.06439
series_B	state_2	0.078	1030.0	0.05785
series_B	state_3	0.06	1030.0	0.0477
series_B	state_4	0.043	1030.0	0.03803
series_B	state_5	0.017	1030.0	0.02249
series_B	state_1	0.091	1031.0	0.06436
series_B	state_2	0.078	1031.0	0.05782
series_B	state_3	0.06	1031.0	0.04769
series_B	state_4	0.043	1031.0	0.03803
series_B	state_5	0.017	1031.0	0.02249
series_B	state_1	0.091	1032.0	0.0643
series_B	state_2	0.078	1032.0	0.05782
series_B	state_3	0.06	1032.0	0.04769
series_B	state_4	0.043	1032.0	0.03801
series_B	state_5	0.017	1032.0	0.02248
series_B	state_1	0.091	1033.0	0.06427
series_B	state_2	0.078	1033.0	0.05782
series_B	state_3	0.06	1033.0	0.04771
series_B	state_4	0.043	1033.0	0.03803
series_B	state_5	0.017	1033.0	0.02248
series_B	state_1	0.091	1034.0	0.06423
series_B	state_2	0.078	1034.0	0.05783
series_B	state_3	0.06	1034.0	0.04772
series_B	state_4	0.043	1034.0	0.03801
series_B	state_5	0.017	1034.0	0.02249
series_B	state_1	0.091	1035.0	0.06416
series_B	state_2	0.078	1035.0	0.05784
series_B	state_3	0.06	1035.0	0.04774
series_B	state_4	0.043	1035.0	0.03798
series_B	state_5	0.017	1035.0	0.02245
series_B	state_1	0.091	1036.0	0.06408
series_B	state_2	0.078	1036.0	0.05781
series_B	state_3	0.06	1036.0	0.04769
series_B	state_4	0.043	1036.0	0.03794
series_B	state_5	0.017	1036.0	0.02244
series_B	state_1	0.091	1037.0	0.06404
series_B	state_2	0.078	1037.0	0.0578
series_B	state_3	0.06	1037.0	0.04767
series_B	state_4	0.043	1037.0	0.03795
series_B	state_5	0.017	1037.0	0.02241
series_B	state_1	0.091	1038.0	0.06395
series_B	state_2	0.078	1038.0	0.05777
series_B	state_3	0.06	1038.0	0.04764
series_B	state_4	0.043	1038.0	0.03793
series_B	state_5	0.017	1038.0	0.02239
series_B	state_1	0.091	1039.0	0.06394
series_B	state_2	0.078	1039.0	0.05774
series_B	state_3	0.06	1039.0	0.04761
series_B	state_4	0.043	1039.0	0.03793
series_B	state_5	0.017	1039.0	0.02237
series_B	state_1	0.091	1040.0	0.06391
series_B	state_2	0.078	1040.0	0.05773
series_B	state_3	0.06	1040.0	0.04758
series_B	state_4	0.043	1040.0	0.03792
series_B	state_5	0.017	1040.0	0.02237
series_B	state_1	0.091	1041.0	0.06384
series_B	state_2	0.078	1041.0	0.0577
series_B	state_3	0.06	1041.0	0.04754
series_B	state_4	0.043	1041.0	0.0379
series_B	state_5	0.017	1041.0	0.02238
series_B	state_1	0.091	1042.0	0.06378
series_B	state_2	0.078	1042.0	0.05767
series_B	state_3	0.06	1042.0	0.04751
series_B	state_4	0.043	1042.0	0.03788
series_B	state_5	0.017	1042.0	0.02237
series_B	state_1	0.091	1043.0	0.06376
series_B	state_2	0.078	1043.0	0.05766
series_B	state_3	0.06	1043.0	0.04748
series_B	state_4	0.043	1043.0	0.03788
series_B	state_5	0.017	1043.0	0.02236
series_B	state_1	0.091	1044.0	0.0637
series_B	state_2	0.078	1044.0	0.05765
series_B	state_3	0.06	1044.0	0.04742
series_B	state_4	0.043	1044.0	0.03786
series_B	state_5	0.017	1044.0	0.02235
series_B	state_1	0.091	1045.0	0.06366
series_B	state_2	0.078	1045.0	0.0576
series_B	state_3	0.06	1045.0	0.0474
series_B	state_4	0.043	1045.0	0.03787
series_B	state_5	0.017	1045.0	0.02233
series_B	state_1	0.091	1046.0	0.06363
series_B	state_2	0.078	1046.0	0.05759
series_B	state_3	0.06	1046.0	0.04738
series_B	state_4	0.043	1046.0	0.03784
series_B	state_5	0.017	1046.0	0.0223
series_B	state_1	0.091	1047.0	0.06357
series_B	state_2	0.078	1047.0	0.05759
series_B	state_3	0.06	1047.0	0.04736
series_B	state_4	0.043	1047.0	0.03781
series_B	state_5	0.017	1047.0	0.02229
series_B	state_1	0.091	1048.0	0.06352
series_B	state_2	0.078	1048.0	0.05755
series_B	state_3	0.06	1048.0	0.04734
series_B	state_4	0.043	1048.0	0.03776
series_B	state_5	0.017	1048.0	0.0223
series_B	state_1	0.091	1049.0	0.06351
series_B	state_2	0.078	1049.0	0.05755
series_B	state_3	0.06	1049.0	0.04732
series_B	state_4	0.043	1049.0	0.03772
series_B	state_5	0.017	1049.0	0.02227
series_B	state_1	0.091	1050.0	0.06343
series_B	state_2	0.078	1050.0	0.05749
series_B	state_3	0.06	1050.0	0.0473
series_B	state_4	0.043	1050.0	0.03771
series_B	state_5	0.017	1050.0	0.02228
series_B	state_1	0.091	1051.0	0.06338
series_B	state_2	0.078	1051.0	0.05744
series_B	state_3	0.06	1051.0	0.04727
series_B	state_4	0.043	1051.0	0.03769
series_B	state_5	0.017	1051.0	0.02226
series_B	state_1	0.091	1052.0	0.06332
series_B	state_2	0.078	1052.0	0.05737
series_B	state_3	0.06	1052.0	0.04729
series_B	state_4	0.043	1052.0	0.03765
series_B	state_5	0.017	1052.0	0.02224
series_B	state_1	0.091	1053.0	0.0633
series_B	state_2	0.078	1053.0	0.0573
series_B	state_3	0.06	1053.0	0.04727
series_B	state_4	0.043	1053.0	0.03764
series_B	state_5	0.017	1053.0	0.02224
series_B	state_1	0.091	1054.0	0.06324
series_B	state_2	0.078	1054.0	0.05724
series_B	state_3	0.06	1054.0	0.04721
series_B	state_4	0.043	1054.0	0.03762
series_B	state_5	0.017	1054.0	0.0222
series_B	state_1	0.091	1055.0	0.06318
series_B	state_2	0.078	1055.0	0.05714
series_B	state_3	0.06	1055.0	0.04718
series_B	state_4	0.043	1055.0	0.03758
series_B	state_5	0.017	1055.0	0.02219
series_B	state_1	0.091	1056.0	0.0631
series_B	state_2	0.078	1056.0	0.05706
series_B	state_3	0.06	1056.0	0.04711
series_B	state_4	0.043	1056.0	0.03754
series_B	state_5	0.017	1056.0	0.02219
series_B	state_1	0.091	1057.0	0.06306
series_B	state_2	0.078	1057.0	0.05698
series_B	state_3	0.06	1057.0	0.04706
series_B	state_4	0.043	1057.0	0.03753
series_B	state_5	0.017	1057.0	0.02216
series_B	state_1	0.091	1058.0	0.06298
series_B	state_2	0.078	1058.0	0.05691
series_B	state_3	0.06	1058.0	0.04701
series_B	state_4	0.043	1058.0	0.03748
series_B	state_5	0.017	1058.0	0.02216
series_B	state_1	0.091	1059.0	0.06296
series_B	state_2	0.078	1059.0	0.05685
series_B	state_3	0.06	1059.0	0.04695
series_B	state_4	0.043	1059.0	0.03744
series_B	state_5	0.017	1059.0	0.02213
series_B	state_1	0.091	1060.0	0.06288
series_B	state_2	0.078	1060.0	0.05678
series_B	state_3	0.06	1060.0	0.04688
series_B	state_4	0.043	1060.0	0.03738
series_B	state_5	0.017	1060.0	0.02213
series_B	state_1	0.091	1061.0	0.06279
series_B	state_2	0.078	1061.0	0.05671
series_B	state_3	0.06	1061.0	0.04684
series_B	state_4	0.043	1061.0	0.03734
series_B	state_5	0.017	1061.0	0.0221
series_B	state_1	0.091	1062.0	0.06274
series_B	state_2	0.078	1062.0	0.05664
series_B	state_3	0.06	1062.0	0.0468
series_B	state_4	0.043	1062.0	0.03729
series_B	state_5	0.017	1062.0	0.02208
series_B	state_1	0.091	1063.0	0.06267
series_B	state_2	0.078	1063.0	0.0566
series_B	state_3	0.06	1063.0	0.04676
series_B	state_4	0.043	1063.0	0.03724
series_B	state_5	0.017	1063.0	0.02207
series_B	state_1	0.091	1064.0	0.06256
series_B	state_2	0.078	1064.0	0.05655
series_B	state_3	0.06	1064.0	0.04671
series_B	state_4	0.043	1064.0	0.03719
series_B	state_5	0.017	1064.0	0.02207
series_B	state_1	0.091	1065.0	0.06246
series_B	state_2	0.078	1065.0	0.05652
series_B	state_3	0.06	1065.0	0.04668
series_B	state_4	0.043	1065.0	0.03716
series_B	state_5	0.017	1065.0	0.02205
series_B	state_1	0.091	1066.0	0.06238
series_B	state_2	0.078	1066.0	0.05645
series_B	state_3	0.06	1066.0	0.04664
series_B	state_4	0.043	1066.0	0.03707
series_B	state_5	0.017	1066.0	0.02207
series_B	state_1	0.091	1067.0	0.06229
series_B	state_2	0.078	1067.0	0.05635
series_B	state_3	0.06	1067.0	0.04658
series_B	state_4	0.043	1067.0	0.03703
series_B	state_5	0.017	1067.0	0.02208
series_B	state_1	0.091	1068.0	0.06219
series_B	state_2	0.078	1068.0	0.05628
series_B	state_3	0.06	1068.0	0.04649
series_B	state_4	0.043	1068.0	0.03699
series_B	state_5	0.017	1068.0	0.02206
series_B	state_1	0.091	1069.0	0.0621
series_B	state_2	0.078	1069.0	0.05622
series_B	state_3	0.06	1069.0	0.0464
series_B	state_4	0.043	1069.0	0.03695
series_B	state_5	0.017	1069.0	0.02201
series_B	state_1	0.091	1070.0	0.06201
series_B	state_2	0.078	1070.0	0.05612
series_B	state_3	0.06	1070.0	0.04629
series_B	state_4	0.043	1070.0	0.03693
series_B	state_5	0.017	1070.0	0.02201
series_B	state_1	0.091	1071.0	0.06194
series_B	state_2	0.078	1071.0	0.05599
series_B	state_3	0.06	1071.0	0.04618
series_B	state_4	0.043	1071.0	0.0369
series_B	state_5	0.017	1071.0	0.02199
series_B	state_1	0.091	1072.0	0.06184
series_B	state_2	0.078	1072.0	0.05588
series_B	state_3	0.06	1072.0	0.04608
series_B	state_4	0.043	1072.0	0.0369
series_B	state_5	0.017	1072.0	0.02198
series_B	state_1	0.091	1073.0	0.06176
series_B	state_2	0.078	1073.0	0.05578
series_B	state_3	0.06	1073.0	0.04597
series_B	state_4	0.043	1073.0	0.0369
series_B	state_5	0.017	1073.0	0.02193
series_B	state_1	0.091	1074.0	0.06167
series_B	state_2	0.078	1074.0	0.05568
series_B	state_3	0.06	1074.0	0.04589
series_B	state_4	0.043	1074.0	0.03686
series_B	state_5	0.017	1074.0	0.0219
series_B	state_1	0.091	1075.0	0.06161
series_B	state_2	0.078	1075.0	0.05558
series_B	state_3	0.06	1075.0	0.04584
series_B	state_4	0.043	1075.0	0.03682
series_B	state_5	0.017	1075.0	0.02187
series_B	state_1	0.091	1076.0	0.06157
series_B	state_2	0.078	1076.0	0.0555
series_B	state_3	0.06	1076.0	0.04576
series_B	state_4	0.043	1076.0	0.03681
series_B	state_5	0.017	1076.0	0.02184
series_B	state_1	0.091	1077.0	0.06148
series_B	state_2	0.078	1077.0	0.05539
series_B	state_3	0.06	1077.0	0.0457
series_B	state_4	0.043	1077.0	0.03677
series_B	state_5	0.017	1077.0	0.0218
series_B	state_1	0.091	1078.0	0.0614
series_B	state_2	0.078	1078.0	0.05533
series_B	state_3	0.06	1078.0	0.04565
series_B	state_4	0.043	1078.0	0.03672
series_B	state_5	0.017	1078.0	0.02177
series_B	state_1	0.091	1079.0	0.06132
series_B	state_2	0.078	1079.0	0.05524
series_B	state_3	0.06	1079.0	0.0456
series_B	state_4	0.043	1079.0	0.03666
series_B	state_5	0.017	1079.0	0.0217
series_B	state_1	0.091	1080.0	0.06123
series_B	state_2	0.078	1080.0	0.05516
series_B	state_3	0.06	1080.0	0.04555
series_B	state_4	0.043	1080.0	0.03659
series_B	state_5	0.017	1080.0	0.0217
series_B	state_1	0.091	1081.0	0.06114
series_B	state_2	0.078	1081.0	0.05505
series_B	state_3	0.06	1081.0	0.04551
series_B	state_4	0.043	1081.0	0.03652
series_B	state_5	0.017	1081.0	0.02167
series_B	state_1	0.091	1082.0	0.061
series_B	state_2	0.078	1082.0	0.05494
series_B	state_3	0.06	1082.0	0.04543
series_B	state_4	0.043	1082.0	0.03645
series_B	state_5	0.017	1082.0	0.02166
series_B	state_1	0.091	1083.0	0.0608
series_B	state_2	0.078	1083.0	0.05482
series_B	state_3	0.06	1083.0	0.04539
series_B	state_4	0.043	1083.0	0.03636
series_B	state_5	0.017	1083.0	0.02168
series_B	state_1	0.091	1084.0	0.06057
series_B	state_2	0.078	1084.0	0.05467
series_B	state_3	0.06	1084.0	0.0453
series_B	state_4	0.043	1084.0	0.03625
series_B	state_5	0.017	1084.0	0.02165
series_B	state_1	0.091	1085.0	0.06036
series_B	state_2	0.078	1085.0	0.05451
series_B	state_3	0.06	1085.0	0.04521
series_B	state_4	0.043	1085.0	0.03616
series_B	state_5	0.017	1085.0	0.0216
series_B	state_1	0.091	1086.0	0.06011
series_B	state_2	0.078	1086.0	0.05433
series_B	state_3	0.06	1086.0	0.04508
series_B	state_4	0.043	1086.0	0.03604
series_B	state_5	0.017	1086.0	0.02159
series_B	state_1	0.091	1087.0	0.05986
series_B	state_2	0.078	1087.0	0.05416
series_B	state_3	0.06	1087.0	0.04493
series_B	state_4	0.043	1087.0	0.03594
series_B	state_5	0.017	1087.0	0.02151
series_B	state_1	0.091	1088.0	0.0596
series_B	state_2	0.078	1088.0	0.05404
series_B	state_3	0.06	1088.0	0.04476
series_B	state_4	0.043	1088.0	0.03583
series_B	state_5	0.017	1088.0	0.02143
series_B	state_1	0.091	1089.0	0.05935
series_B	state_2	0.078	1089.0	0.05385
series_B	state_3	0.06	1089.0	0.04458
series_B	state_4	0.043	1089.0	0.03573
series_B	state_5	0.017	1089.0	0.02138
series_B	state_1	0.091	1090.0	0.05911
series_B	state_2	0.078	1090.0	0.05368
series_B	state_3	0.06	1090.0	0.0444
series_B	state_4	0.043	1090.0	0.03561
series_B	state_5	0.017	1090.0	0.02135
series_B	state_1	0.091	1091.0	0.0589
series_B	state_2	0.078	1091.0	0.0535
series_B	state_3	0.06	1091.0	0.04425
series_B	state_4	0.043	1091.0	0.03551
series_B	state_5	0.017	1091.0	0.02131
series_B	state_1	0.091	1092.0	0.05869
series_B	state_2	0.078	1092.0	0.05333
series_B	state_3	0.06	1092.0	0.04409
series_B	state_4	0.043	1092.0	0.03543
series_B	state_5	0.017	1092.0	0.02126
series_B	state_1	0.091	1093.0	0.05851
series_B	state_2	0.078	1093.0	0.05315
series_B	state_3	0.06	1093.0	0.04394
series_B	state_4	0.043	1093.0	0.0353
series_B	state_5	0.017	1093.0	0.02116
series_B	state_1	0.091	1094.0	0.05835
series_B	state_2	0.078	1094.0	0.05298
series_B	state_3	0.06	1094.0	0.04379
series_B	state_4	0.043	1094.0	0.03517
series_B	state_5	0.017	1094.0	0.02107
series_B	state_1	0.091	1095.0	0.0582
series_B	state_2	0.078	1095.0	0.0528
series_B	state_3	0.06	1095.0	0.04366
series_B	state_4	0.043	1095.0	0.03507
series_B	state_5	0.017	1095.0	0.02099
series_B	state_1	0.091	1096.0	0.05805
series_B	state_2	0.078	1096.0	0.05265
series_B	state_3	0.06	1096.0	0.0435
series_B	state_4	0.043	1096.0	0.03494
series_B	state_5	0.017	1096.0	0.02093
series_B	state_1	0.091	1097.0	0.05789
series_B	state_2	0.078	1097.0	0.05249
series_B	state_3	0.06	1097.0	0.04339
series_B	state_4	0.043	1097.0	0.0348
series_B	state_5	0.017	1097.0	0.02085
series_B	state_1	0.091	1098.0	0.05777
series_B	state_2	0.078	1098.0	0.05234
series_B	state_3	0.06	1098.0	0.04328
series_B	state_4	0.043	1098.0	0.03469
series_B	state_5	0.017	1098.0	0.02077
series_B	state_1	0.091	1099.0	0.05762
series_B	state_2	0.078	1099.0	0.05217
series_B	state_3	0.06	1099.0	0.04315
series_B	state_4	0.043	1099.0	0.03456
series_B	state_5	0.017	1099.0	0.02068
series_B	state_1	0.091	1100.0	0.05747
series_B	state_2	0.078	1100.0	0.05197
series_B	state_3	0.06	1100.0	0.04302
series_B	state_4	0.043	1100.0	0.03445
series_B	state_5	0.017	1100.0	0.02062
series_B	state_1	0.091	1101.0	0.05732
series_B	state_2	0.078	1101.0	0.05177
series_B	state_3	0.06	1101.0	0.04289
series_B	state_4	0.043	1101.0	0.03436
series_B	state_5	0.017	1101.0	0.02058
series_B	state_1	0.091	1102.0	0.05711
series_B	state_2	0.078	1102.0	0.05157
series_B	state_3	0.06	1102.0	0.04275
series_B	state_4	0.043	1102.0	0.03425
series_B	state_5	0.017	1102.0	0.02049
series_B	state_1	0.091	1103.0	0.05687
series_B	state_2	0.078	1103.0	0.05134
series_B	state_3	0.06	1103.0	0.04265
series_B	state_4	0.043	1103.0	0.03412
series_B	state_5	0.017	1103.0	0.02045
series_B	state_1	0.091	1104.0	0.05665
series_B	state_2	0.078	1104.0	0.05109
series_B	state_3	0.06	1104.0	0.04251
series_B	state_4	0.043	1104.0	0.03401
series_B	state_5	0.017	1104.0	0.02033
series_B	state_1	0.091	1105.0	0.05645
series_B	state_2	0.078	1105.0	0.05082
series_B	state_3	0.06	1105.0	0.04237
series_B	state_4	0.043	1105.0	0.03392
series_B	state_5	0.017	1105.0	0.02024
series_B	state_1	0.091	1106.0	0.05621
series_B	state_2	0.078	1106.0	0.05055
series_B	state_3	0.06	1106.0	0.04217
series_B	state_4	0.043	1106.0	0.03379
series_B	state_5	0.017	1106.0	0.02016
series_B	state_1	0.091	1107.0	0.05596
series_B	state_2	0.078	1107.0	0.05028
series_B	state_3	0.06	1107.0	0.04202
series_B	state_4	0.043	1107.0	0.03368
series_B	state_5	0.017	1107.0	0.02003
series_B	state_1	0.091	1108.0	0.05571
series_B	state_2	0.078	1108.0	0.05004
series_B	state_3	0.06	1108.0	0.04189
series_B	state_4	0.043	1108.0	0.03355
series_B	state_5	0.017	1108.0	0.01995
series_B	state_1	0.091	1109.0	0.05547
series_B	state_2	0.078	1109.0	0.04976
series_B	state_3	0.06	1109.0	0.04172
series_B	state_4	0.043	1109.0	0.03344
series_B	state_5	0.017	1109.0	0.01988
series_B	state_1	0.091	1110.0	0.05522
series_B	state_2	0.078	1110.0	0.04952
series_B	state_3	0.06	1110.0	0.04156
series_B	state_4	0.043	1110.0	0.03333
series_B	state_5	0.017	1110.0	0.01979
series_B	state_1	0.091	1111.0	0.05495
series_B	state_2	0.078	1111.0	0.04926
series_B	state_3	0.06	1111.0	0.04139
series_B	state_4	0.043	1111.0	0.03322
series_B	state_5	0.017	1111.0	0.01972
series_B	state_1	0.091	1112.0	0.05468
series_B	state_2	0.078	1112.0	0.04904
series_B	state_3	0.06	1112.0	0.04122
series_B	state_4	0.043	1112.0	0.03311
series_B	state_5	0.017	1112.0	0.01965
series_B	state_1	0.091	1113.0	0.05441
series_B	state_2	0.078	1113.0	0.04879
series_B	state_3	0.06	1113.0	0.04104
series_B	state_4	0.043	1113.0	0.03297
series_B	state_5	0.017	1113.0	0.01954
series_B	state_1	0.091	1114.0	0.05414
series_B	state_2	0.078	1114.0	0.04859
series_B	state_3	0.06	1114.0	0.04084
series_B	state_4	0.043	1114.0	0.03285
series_B	state_5	0.017	1114.0	0.01948
series_B	state_1	0.091	1115.0	0.05389
series_B	state_2	0.078	1115.0	0.04838
series_B	state_3	0.06	1115.0	0.04064
series_B	state_4	0.043	1115.0	0.03274
series_B	state_5	0.017	1115.0	0.01943
series_B	state_1	0.091	1116.0	0.05366
series_B	state_2	0.078	1116.0	0.04822
series_B	state_3	0.06	1116.0	0.04045
series_B	state_4	0.043	1116.0	0.0326
series_B	state_5	0.017	1116.0	0.01939
series_B	state_1	0.091	1117.0	0.05341
series_B	state_2	0.078	1117.0	0.04804
series_B	state_3	0.06	1117.0	0.04029
series_B	state_4	0.043	1117.0	0.0325
series_B	state_5	0.017	1117.0	0.01933
series_B	state_1	0.091	1118.0	0.05316
series_B	state_2	0.078	1118.0	0.0479
series_B	state_3	0.06	1118.0	0.0401
series_B	state_4	0.043	1118.0	0.03242
series_B	state_5	0.017	1118.0	0.01929
series_B	state_1	0.091	1119.0	0.05292
series_B	state_2	0.078	1119.0	0.04773
series_B	state_3	0.06	1119.0	0.03991
series_B	state_4	0.043	1119.0	0.03229
series_B	state_5	0.017	1119.0	0.01926
series_B	state_1	0.091	1120.0	0.05273
series_B	state_2	0.078	1120.0	0.04761
series_B	state_3	0.06	1120.0	0.0397
series_B	state_4	0.043	1120.0	0.03221
series_B	state_5	0.017	1120.0	0.01926
series_B	state_1	0.091	1121.0	0.05255
series_B	state_2	0.078	1121.0	0.0475
series_B	state_3	0.06	1121.0	0.0395
series_B	state_4	0.043	1121.0	0.03211
series_B	state_5	0.017	1121.0	0.01926
series_B	state_1	0.091	1122.0	0.05233
series_B	state_2	0.078	1122.0	0.04737
series_B	state_3	0.06	1122.0	0.03935
series_B	state_4	0.043	1122.0	0.03198
series_B	state_5	0.017	1122.0	0.01925
series_B	state_1	0.091	1123.0	0.05216
series_B	state_2	0.078	1123.0	0.04725
series_B	state_3	0.06	1123.0	0.03923
series_B	state_4	0.043	1123.0	0.03185
series_B	state_5	0.017	1123.0	0.01926
series_B	state_1	0.091	1124.0	0.05202
series_B	state_2	0.078	1124.0	0.0471
series_B	state_3	0.06	1124.0	0.03908
series_B	state_4	0.043	1124.0	0.03178
series_B	state_5	0.017	1124.0	0.01923
series_B	state_1	0.091	1125.0	0.05186
series_B	state_2	0.078	1125.0	0.04694
series_B	state_3	0.06	1125.0	0.03896
series_B	state_4	0.043	1125.0	0.03166
series_B	state_5	0.017	1125.0	0.01923
series_B	state_1	0.091	1126.0	0.05163
series_B	state_2	0.078	1126.0	0.0468
series_B	state_3	0.06	1126.0	0.0388
series_B	state_4	0.043	1126.0	0.03156
series_B	state_5	0.017	1126.0	0.01922
series_B	state_1	0.091	1127.0	0.05152
series_B	state_2	0.078	1127.0	0.04666
series_B	state_3	0.06	1127.0	0.03869
series_B	state_4	0.043	1127.0	0.03144
series_B	state_5	0.017	1127.0	0.0192
series_B	state_1	0.091	1128.0	0.05136
series_B	state_2	0.078	1128.0	0.04651
series_B	state_3	0.06	1128.0	0.03861
series_B	state_4	0.043	1128.0	0.03139
series_B	state_5	0.017	1128.0	0.01919
series_B	state_1	0.091	1129.0	0.05118
series_B	state_2	0.078	1129.0	0.04637
series_B	state_3	0.06	1129.0	0.03849
series_B	state_4	0.043	1129.0	0.03129
series_B	state_5	0.017	1129.0	0.01918
series_B	state_1	0.091	1130.0	0.05097
series_B	state_2	0.078	1130.0	0.04624
series_B	state_3	0.06	1130.0	0.03839
series_B	state_4	0.043	1130.0	0.03119
series_B	state_5	0.017	1130.0	0.01919
series_B	state_1	0.091	1131.0	0.05072
series_B	state_2	0.078	1131.0	0.0461
series_B	state_3	0.06	1131.0	0.0383
series_B	state_4	0.043	1131.0	0.03108
series_B	state_5	0.017	1131.0	0.01917
series_B	state_1	0.091	1132.0	0.05048
series_B	state_2	0.078	1132.0	0.04596
series_B	state_3	0.06	1132.0	0.03821
series_B	state_4	0.043	1132.0	0.03098
series_B	state_5	0.017	1132.0	0.01915
series_B	state_1	0.091	1133.0	0.05025
series_B	state_2	0.078	1133.0	0.0458
series_B	state_3	0.06	1133.0	0.0381
series_B	state_4	0.043	1133.0	0.03085
series_B	state_5	0.017	1133.0	0.01911
series_B	state_1	0.091	1134.0	0.05
series_B	state_2	0.078	1134.0	0.04563
series_B	state_3	0.06	1134.0	0.03799
series_B	state_4	0.043	1134.0	0.03072
series_B	state_5	0.017	1134.0	0.01911
series_B	state_1	0.091	1135.0	0.04979
series_B	state_2	0.078	1135.0	0.04543
series_B	state_3	0.06	1135.0	0.03788
series_B	state_4	0.043	1135.0	0.03061
series_B	state_5	0.017	1135.0	0.01909
series_B	state_1	0.091	1136.0	0.04954
series_B	state_2	0.078	1136.0	0.04525
series_B	state_3	0.06	1136.0	0.03775
series_B	state_4	0.043	1136.0	0.03047
series_B	state_5	0.017	1136.0	0.01907
series_B	state_1	0.091	1137.0	0.04933
series_B	state_2	0.078	1137.0	0.04504
series_B	state_3	0.06	1137.0	0.03763
series_B	state_4	0.043	1137.0	0.03033
series_B	state_5	0.017	1137.0	0.01905
series_B	state_1	0.091	1138.0	0.04912
series_B	state_2	0.078	1138.0	0.04485
series_B	state_3	0.06	1138.0	0.03751
series_B	state_4	0.043	1138.0	0.0302
series_B	state_5	0.017	1138.0	0.01903
series_B	state_1	0.091	1139.0	0.04893
series_B	state_2	0.078	1139.0	0.04465
series_B	state_3	0.06	1139.0	0.03739
series_B	state_4	0.043	1139.0	0.03002
series_B	state_5	0.017	1139.0	0.01902
series_B	state_1	0.091	1140.0	0.04877
series_B	state_2	0.078	1140.0	0.04448
series_B	state_3	0.06	1140.0	0.03725
series_B	state_4	0.043	1140.0	0.02986
series_B	state_5	0.017	1140.0	0.019
series_B	state_1	0.091	1141.0	0.0486
series_B	state_2	0.078	1141.0	0.04431
series_B	state_3	0.06	1141.0	0.03714
series_B	state_4	0.043	1141.0	0.0297
series_B	state_5	0.017	1141.0	0.01897
series_B	state_1	0.091	1142.0	0.04844
series_B	state_2	0.078	1142.0	0.04414
series_B	state_3	0.06	1142.0	0.03707
series_B	state_4	0.043	1142.0	0.02955
series_B	state_5	0.017	1142.0	0.01896
series_B	state_1	0.091	1143.0	0.04834
series_B	state_2	0.078	1143.0	0.04398
series_B	state_3	0.06	1143.0	0.03694
series_B	state_4	0.043	1143.0	0.02941
series_B	state_5	0.017	1143.0	0.01893
series_B	state_1	0.091	1144.0	0.04822
series_B	state_2	0.078	1144.0	0.0438
series_B	state_3	0.06	1144.0	0.03684
series_B	state_4	0.043	1144.0	0.02932
series_B	state_5	0.017	1144.0	0.01889
series_B	state_1	0.091	1145.0	0.04808
series_B	state_2	0.078	1145.0	0.04364
series_B	state_3	0.06	1145.0	0.03673
series_B	state_4	0.043	1145.0	0.02922
series_B	state_5	0.017	1145.0	0.01889
series_B	state_1	0.091	1146.0	0.04796
series_B	state_2	0.078	1146.0	0.04346
series_B	state_3	0.06	1146.0	0.03659
series_B	state_4	0.043	1146.0	0.02915
series_B	state_5	0.017	1146.0	0.01886
series_B	state_1	0.091	1147.0	0.04792
series_B	state_2	0.078	1147.0	0.04333
series_B	state_3	0.06	1147.0	0.03648
series_B	state_4	0.043	1147.0	0.02909
series_B	state_5	0.017	1147.0	0.01883
series_B	state_1	0.091	1148.0	0.04776
series_B	state_2	0.078	1148.0	0.04322
series_B	state_3	0.06	1148.0	0.03639
series_B	state_4	0.043	1148.0	0.02906
series_B	state_5	0.017	1148.0	0.01881
series_B	state_1	0.091	1149.0	0.04761
series_B	state_2	0.078	1149.0	0.04309
series_B	state_3	0.06	1149.0	0.03627
series_B	state_4	0.043	1149.0	0.02899
series_B	state_5	0.017	1149.0	0.01877
series_B	state_1	0.091	1150.0	0.04748
series_B	state_2	0.078	1150.0	0.04296
series_B	state_3	0.06	1150.0	0.03615
series_B	state_4	0.043	1150.0	0.02898
series_B	state_5	0.017	1150.0	0.01875
series_B	state_1	0.091	1151.0	0.04734
series_B	state_2	0.078	1151.0	0.04283
series_B	state_3	0.06	1151.0	0.03605
series_B	state_4	0.043	1151.0	0.02896
series_B	state_5	0.017	1151.0	0.01872
series_B	state_1	0.091	1152.0	0.04717
series_B	state_2	0.078	1152.0	0.04271
series_B	state_3	0.06	1152.0	0.03596
series_B	state_4	0.043	1152.0	0.02894
series_B	state_5	0.017	1152.0	0.01871
series_B	state_1	0.091	1153.0	0.04701
series_B	state_2	0.078	1153.0	0.04258
series_B	state_3	0.06	1153.0	0.03586
series_B	state_4	0.043	1153.0	0.02891
series_B	state_5	0.017	1153.0	0.01869
series_B	state_1	0.091	1154.0	0.04683
series_B	state_2	0.078	1154.0	0.04245
series_B	state_3	0.06	1154.0	0.0357
series_B	state_4	0.043	1154.0	0.02889
series_B	state_5	0.017	1154.0	0.01869
series_B	state_1	0.091	1155.0	0.04668
series_B	state_2	0.078	1155.0	0.04232
series_B	state_3	0.06	1155.0	0.03557
series_B	state_4	0.043	1155.0	0.02886
series_B	state_5	0.017	1155.0	0.01865
series_B	state_1	0.091	1156.0	0.04652
series_B	state_2	0.078	1156.0	0.0422
series_B	state_3	0.06	1156.0	0.0354
series_B	state_4	0.043	1156.0	0.02883
series_B	state_5	0.017	1156.0	0.01862
series_B	state_1	0.091	1157.0	0.04639
series_B	state_2	0.078	1157.0	0.04206
series_B	state_3	0.06	1157.0	0.03528
series_B	state_4	0.043	1157.0	0.02879
series_B	state_5	0.017	1157.0	0.01859
series_B	state_1	0.091	1158.0	0.0462
series_B	state_2	0.078	1158.0	0.04193
series_B	state_3	0.06	1158.0	0.03516
series_B	state_4	0.043	1158.0	0.02875
series_B	state_5	0.017	1158.0	0.01853
series_B	state_1	0.091	1159.0	0.04604
series_B	state_2	0.078	1159.0	0.04179
series_B	state_3	0.06	1159.0	0.03501
series_B	state_4	0.043	1159.0	0.02868
series_B	state_5	0.017	1159.0	0.0185
series_B	state_1	0.091	1160.0	0.04586
series_B	state_2	0.078	1160.0	0.04164
series_B	state_3	0.06	1160.0	0.03486
series_B	state_4	0.043	1160.0	0.02861
series_B	state_5	0.017	1160.0	0.01845
series_B	state_1	0.091	1161.0	0.04566
series_B	state_2	0.078	1161.0	0.0415
series_B	state_3	0.06	1161.0	0.03471
series_B	state_4	0.043	1161.0	0.02854
series_B	state_5	0.017	1161.0	0.01845
series_B	state_1	0.091	1162.0	0.04546
series_B	state_2	0.078	1162.0	0.04133
series_B	state_3	0.06	1162.0	0.03456
series_B	state_4	0.043	1162.0	0.02846
series_B	state_5	0.017	1162.0	0.01841
series_B	state_1	0.091	1163.0	0.04523
series_B	state_2	0.078	1163.0	0.04118
series_B	state_3	0.06	1163.0	0.0344
series_B	state_4	0.043	1163.0	0.02838
series_B	state_5	0.017	1163.0	0.01834
series_B	state_1	0.091	1164.0	0.04498
series_B	state_2	0.078	1164.0	0.04104
series_B	state_3	0.06	1164.0	0.03426
series_B	state_4	0.043	1164.0	0.02829
series_B	state_5	0.017	1164.0	0.01828
series_B	state_1	0.091	1165.0	0.04475
series_B	state_2	0.078	1165.0	0.04087
series_B	state_3	0.06	1165.0	0.03411
series_B	state_4	0.043	1165.0	0.02817
series_B	state_5	0.017	1165.0	0.01824
series_B	state_1	0.091	1166.0	0.04453
series_B	state_2	0.078	1166.0	0.04069
series_B	state_3	0.06	1166.0	0.03397
series_B	state_4	0.043	1166.0	0.02807
series_B	state_5	0.017	1166.0	0.01819
series_B	state_1	0.091	1167.0	0.04433
series_B	state_2	0.078	1167.0	0.0406
series_B	state_3	0.06	1167.0	0.03387
series_B	state_4	0.043	1167.0	0.02796
series_B	state_5	0.017	1167.0	0.01814
series_B	state_1	0.091	1168.0	0.0441
series_B	state_2	0.078	1168.0	0.04044
series_B	state_3	0.06	1168.0	0.03374
series_B	state_4	0.043	1168.0	0.02785
series_B	state_5	0.017	1168.0	0.0181
series_B	state_1	0.091	1169.0	0.04391
series_B	state_2	0.078	1169.0	0.04025
series_B	state_3	0.06	1169.0	0.03363
series_B	state_4	0.043	1169.0	0.02776
series_B	state_5	0.017	1169.0	0.01803
series_B	state_1	0.091	1170.0	0.04375
series_B	state_2	0.078	1170.0	0.0401
series_B	state_3	0.06	1170.0	0.03353
series_B	state_4	0.043	1170.0	0.0277
series_B	state_5	0.017	1170.0	0.01801
series_B	state_1	0.091	1171.0	0.0436
series_B	state_2	0.078	1171.0	0.03994
series_B	state_3	0.06	1171.0	0.03344
series_B	state_4	0.043	1171.0	0.02763
series_B	state_5	0.017	1171.0	0.01799
series_B	state_1	0.091	1172.0	0.04342
series_B	state_2	0.078	1172.0	0.03978
series_B	state_3	0.06	1172.0	0.03336
series_B	state_4	0.043	1172.0	0.02755
series_B	state_5	0.017	1172.0	0.01792
series_B	state_1	0.091	1173.0	0.04324
series_B	state_2	0.078	1173.0	0.03963
series_B	state_3	0.06	1173.0	0.03323
series_B	state_4	0.043	1173.0	0.02747
series_B	state_5	0.017	1173.0	0.01785
series_B	state_1	0.091	1174.0	0.04309
series_B	state_2	0.078	1174.0	0.0395
series_B	state_3	0.06	1174.0	0.0331
series_B	state_4	0.043	1174.0	0.02738
series_B	state_5	0.017	1174.0	0.01779
series_B	state_1	0.091	1175.0	0.04293
series_B	state_2	0.078	1175.0	0.03934
series_B	state_3	0.06	1175.0	0.03301
series_B	state_4	0.043	1175.0	0.02727
series_B	state_5	0.017	1175.0	0.01773
series_B	state_1	0.091	1176.0	0.0428
series_B	state_2	0.078	1176.0	0.03917
series_B	state_3	0.06	1176.0	0.03286
series_B	state_4	0.043	1176.0	0.02723
series_B	state_5	0.017	1176.0	0.01769
series_B	state_1	0.091	1177.0	0.04267
series_B	state_2	0.078	1177.0	0.03901
series_B	state_3	0.06	1177.0	0.03277
series_B	state_4	0.043	1177.0	0.02717
series_B	state_5	0.017	1177.0	0.01764
series_B	state_1	0.091	1178.0	0.04251
series_B	state_2	0.078	1178.0	0.03881
series_B	state_3	0.06	1178.0	0.03266
series_B	state_4	0.043	1178.0	0.02709
series_B	state_5	0.017	1178.0	0.01762
series_B	state_1	0.091	1179.0	0.04237
series_B	state_2	0.078	1179.0	0.03861
series_B	state_3	0.06	1179.0	0.03257
series_B	state_4	0.043	1179.0	0.02699
series_B	state_5	0.017	1179.0	0.01759
series_B	state_1	0.091	1180.0	0.04222
series_B	state_2	0.078	1180.0	0.03841
series_B	state_3	0.06	1180.0	0.03249
series_B	state_4	0.043	1180.0	0.02689
series_B	state_5	0.017	1180.0	0.01757
series_B	state_1	0.091	1181.0	0.04204
series_B	state_2	0.078	1181.0	0.03823
series_B	state_3	0.06	1181.0	0.0324
series_B	state_4	0.043	1181.0	0.02681
series_B	state_5	0.017	1181.0	0.01758
series_B	state_1	0.091	1182.0	0.04186
series_B	state_2	0.078	1182.0	0.03803
series_B	state_3	0.06	1182.0	0.03231
series_B	state_4	0.043	1182.0	0.02673
series_B	state_5	0.017	1182.0	0.01757
series_B	state_1	0.091	1183.0	0.04167
series_B	state_2	0.078	1183.0	0.03786
series_B	state_3	0.06	1183.0	0.03219
series_B	state_4	0.043	1183.0	0.02662
series_B	state_5	0.017	1183.0	0.01753
series_B	state_1	0.091	1184.0	0.04149
series_B	state_2	0.078	1184.0	0.0377
series_B	state_3	0.06	1184.0	0.03207
series_B	state_4	0.043	1184.0	0.02651
series_B	state_5	0.017	1184.0	0.01752
series_B	state_1	0.091	1185.0	0.04133
series_B	state_2	0.078	1185.0	0.03752
series_B	state_3	0.06	1185.0	0.03192
series_B	state_4	0.043	1185.0	0.02639
series_B	state_5	0.017	1185.0	0.01751
series_B	state_1	0.091	1186.0	0.04118
series_B	state_2	0.078	1186.0	0.03742
series_B	state_3	0.06	1186.0	0.0318
series_B	state_4	0.043	1186.0	0.0263
series_B	state_5	0.017	1186.0	0.01751
series_B	state_1	0.091	1187.0	0.04101
series_B	state_2	0.078	1187.0	0.0373
series_B	state_3	0.06	1187.0	0.03169
series_B	state_4	0.043	1187.0	0.0262
series_B	state_5	0.017	1187.0	0.01749
series_B	state_1	0.091	1188.0	0.04089
series_B	state_2	0.078	1188.0	0.03714
series_B	state_3	0.06	1188.0	0.03154
series_B	state_4	0.043	1188.0	0.0261
series_B	state_5	0.017	1188.0	0.01747
series_B	state_1	0.091	1189.0	0.04074
series_B	state_2	0.078	1189.0	0.03702
series_B	state_3	0.06	1189.0	0.03141
series_B	state_4	0.043	1189.0	0.02602
series_B	state_5	0.017	1189.0	0.01744
series_B	state_1	0.091	1190.0	0.0406
series_B	state_2	0.078	1190.0	0.0369
series_B	state_3	0.06	1190.0	0.03128
series_B	state_4	0.043	1190.0	0.02593
series_B	state_5	0.017	1190.0	0.01745
series_B	state_1	0.091	1191.0	0.04047
series_B	state_2	0.078	1191.0	0.03677
series_B	state_3	0.06	1191.0	0.03115
series_B	state_4	0.043	1191.0	0.02587
series_B	state_5	0.017	1191.0	0.0174
series_B	state_1	0.091	1192.0	0.04027
series_B	state_2	0.078	1192.0	0.03665
series_B	state_3	0.06	1192.0	0.03103
series_B	state_4	0.043	1192.0	0.02577
series_B	state_5	0.017	1192.0	0.01736
series_B	state_1	0.091	1193.0	0.0401
series_B	state_2	0.078	1193.0	0.03654
series_B	state_3	0.06	1193.0	0.03085
series_B	state_4	0.043	1193.0	0.02571
series_B	state_5	0.017	1193.0	0.01735
series_B	state_1	0.091	1194.0	0.03993
series_B	state_2	0.078	1194.0	0.03643
series_B	state_3	0.06	1194.0	0.03067
series_B	state_4	0.043	1194.0	0.02563
series_B	state_5	0.017	1194.0	0.01735
series_B	state_1	0.091	1195.0	0.03974
series_B	state_2	0.078	1195.0	0.03629
series_B	state_3	0.06	1195.0	0.03049
series_B	state_4	0.043	1195.0	0.02556
series_B	state_5	0.017	1195.0	0.01732
series_B	state_1	0.091	1196.0	0.03958
series_B	state_2	0.078	1196.0	0.03617
series_B	state_3	0.06	1196.0	0.0303
series_B	state_4	0.043	1196.0	0.0255
series_B	state_5	0.017	1196.0	0.01731
series_B	state_1	0.091	1197.0	0.0394
series_B	state_2	0.078	1197.0	0.03605
series_B	state_3	0.06	1197.0	0.03013
series_B	state_4	0.043	1197.0	0.02541
series_B	state_5	0.017	1197.0	0.01728
series_B	state_1	0.091	1198.0	0.03922
series_B	state_2	0.078	1198.0	0.03591
series_B	state_3	0.06	1198.0	0.02997
series_B	state_4	0.043	1198.0	0.02531
series_B	state_5	0.017	1198.0	0.01727
series_B	state_1	0.091	1199.0	0.03904
series_B	state_2	0.078	1199.0	0.03575
series_B	state_3	0.06	1199.0	0.02983
series_B	state_4	0.043	1199.0	0.02525
series_B	state_5	0.017	1199.0	0.01722
series_B	state_1	0.091	1200.0	0.03884
series_B	state_2	0.078	1200.0	0.03563
series_B	state_3	0.06	1200.0	0.02967
series_B	state_4	0.043	1200.0	0.02516
series_B	state_5	0.017	1200.0	0.01719
series_B	state_1	0.091	1201.0	0.03865
series_B	state_2	0.078	1201.0	0.03549
series_B	state_3	0.06	1201.0	0.02955
series_B	state_4	0.043	1201.0	0.02511
series_B	state_5	0.017	1201.0	0.01716
series_B	state_1	0.091	1202.0	0.03849
series_B	state_2	0.078	1202.0	0.03533
series_B	state_3	0.06	1202.0	0.02938
series_B	state_4	0.043	1202.0	0.02506
series_B	state_5	0.017	1202.0	0.01716
series_B	state_1	0.091	1203.0	0.03834
series_B	state_2	0.078	1203.0	0.03519
series_B	state_3	0.06	1203.0	0.02924
series_B	state_4	0.043	1203.0	0.02496
series_B	state_5	0.017	1203.0	0.01712
series_B	state_1	0.091	1204.0	0.03821
series_B	state_2	0.078	1204.0	0.03503
series_B	state_3	0.06	1204.0	0.02914
series_B	state_4	0.043	1204.0	0.02487
series_B	state_5	0.017	1204.0	0.01705
series_B	state_1	0.091	1205.0	0.03811
series_B	state_2	0.078	1205.0	0.03489
series_B	state_3	0.06	1205.0	0.02902
series_B	state_4	0.043	1205.0	0.02478
series_B	state_5	0.017	1205.0	0.01698
series_B	state_1	0.091	1206.0	0.038
series_B	state_2	0.078	1206.0	0.03476
series_B	state_3	0.06	1206.0	0.02897
series_B	state_4	0.043	1206.0	0.02469
series_B	state_5	0.017	1206.0	0.01695
series_B	state_1	0.091	1207.0	0.0379
series_B	state_2	0.078	1207.0	0.03458
series_B	state_3	0.06	1207.0	0.02895
series_B	state_4	0.043	1207.0	0.02461
series_B	state_5	0.017	1207.0	0.01689
series_B	state_1	0.091	1208.0	0.0378
series_B	state_2	0.078	1208.0	0.03442
series_B	state_3	0.06	1208.0	0.02892
series_B	state_4	0.043	1208.0	0.02449
series_B	state_5	0.017	1208.0	0.01682
series_B	state_1	0.091	1209.0	0.03766
series_B	state_2	0.078	1209.0	0.0343
series_B	state_3	0.06	1209.0	0.0289
series_B	state_4	0.043	1209.0	0.02441
series_B	state_5	0.017	1209.0	0.01679
series_B	state_1	0.091	1210.0	0.03754
series_B	state_2	0.078	1210.0	0.03419
series_B	state_3	0.06	1210.0	0.02892
series_B	state_4	0.043	1210.0	0.02433
series_B	state_5	0.017	1210.0	0.01676
series_B	state_1	0.091	1211.0	0.03746
series_B	state_2	0.078	1211.0	0.03406
series_B	state_3	0.06	1211.0	0.02891
series_B	state_4	0.043	1211.0	0.02427
series_B	state_5	0.017	1211.0	0.0167
series_B	state_1	0.091	1212.0	0.03735
series_B	state_2	0.078	1212.0	0.03395
series_B	state_3	0.06	1212.0	0.0289
series_B	state_4	0.043	1212.0	0.02415
series_B	state_5	0.017	1212.0	0.0167
series_B	state_1	0.091	1213.0	0.03725
series_B	state_2	0.078	1213.0	0.03385
series_B	state_3	0.06	1213.0	0.02885
series_B	state_4	0.043	1213.0	0.02409
series_B	state_5	0.017	1213.0	0.01665
series_B	state_1	0.091	1214.0	0.03713
series_B	state_2	0.078	1214.0	0.03375
series_B	state_3	0.06	1214.0	0.02881
series_B	state_4	0.043	1214.0	0.02401
series_B	state_5	0.017	1214.0	0.01663
series_B	state_1	0.091	1215.0	0.037
series_B	state_2	0.078	1215.0	0.03362
series_B	state_3	0.06	1215.0	0.02879
series_B	state_4	0.043	1215.0	0.02393
series_B	state_5	0.017	1215.0	0.01659
series_B	state_1	0.091	1216.0	0.03691
series_B	state_2	0.078	1216.0	0.03352
series_B	state_3	0.06	1216.0	0.02871
series_B	state_4	0.043	1216.0	0.02388
series_B	state_5	0.017	1216.0	0.01657
series_B	state_1	0.091	1217.0	0.03675
series_B	state_2	0.078	1217.0	0.03345
series_B	state_3	0.06	1217.0	0.02862
series_B	state_4	0.043	1217.0	0.02383
series_B	state_5	0.017	1217.0	0.01651
series_B	state_1	0.091	1218.0	0.03661
series_B	state_2	0.078	1218.0	0.03332
series_B	state_3	0.06	1218.0	0.02855
series_B	state_4	0.043	1218.0	0.02378
series_B	state_5	0.017	1218.0	0.01649
series_B	state_1	0.091	1219.0	0.03647
series_B	state_2	0.078	1219.0	0.03322
series_B	state_3	0.06	1219.0	0.02846
series_B	state_4	0.043	1219.0	0.02373
series_B	state_5	0.017	1219.0	0.01646
series_B	state_1	0.091	1220.0	0.03634
series_B	state_2	0.078	1220.0	0.03313
series_B	state_3	0.06	1220.0	0.02836
series_B	state_4	0.043	1220.0	0.0237
series_B	state_5	0.017	1220.0	0.01644
series_B	state_1	0.091	1221.0	0.03622
series_B	state_2	0.078	1221.0	0.03303
series_B	state_3	0.06	1221.0	0.02828
series_B	state_4	0.043	1221.0	0.02366
series_B	state_5	0.017	1221.0	0.01644
series_B	state_1	0.091	1222.0	0.03611
series_B	state_2	0.078	1222.0	0.03294
series_B	state_3	0.06	1222.0	0.02818
series_B	state_4	0.043	1222.0	0.02361
series_B	state_5	0.017	1222.0	0.01645
series_B	state_1	0.091	1223.0	0.036
series_B	state_2	0.078	1223.0	0.03286
series_B	state_3	0.06	1223.0	0.02812
series_B	state_4	0.043	1223.0	0.02355
series_B	state_5	0.017	1223.0	0.0164
series_B	state_1	0.091	1224.0	0.0359
series_B	state_2	0.078	1224.0	0.03275
series_B	state_3	0.06	1224.0	0.02805
series_B	state_4	0.043	1224.0	0.0235
series_B	state_5	0.017	1224.0	0.01634
series_B	state_1	0.091	1225.0	0.03577
series_B	state_2	0.078	1225.0	0.03269
series_B	state_3	0.06	1225.0	0.02796
series_B	state_4	0.043	1225.0	0.02348
series_B	state_5	0.017	1225.0	0.01631
series_B	state_1	0.091	1226.0	0.03564
series_B	state_2	0.078	1226.0	0.03259
series_B	state_3	0.06	1226.0	0.0279
series_B	state_4	0.043	1226.0	0.02343
series_B	state_5	0.017	1226.0	0.01628
series_B	state_1	0.091	1227.0	0.0355
series_B	state_2	0.078	1227.0	0.03247
series_B	state_3	0.06	1227.0	0.02783
series_B	state_4	0.043	1227.0	0.02337
series_B	state_5	0.017	1227.0	0.01624
series_B	state_1	0.091	1228.0	0.03537
series_B	state_2	0.078	1228.0	0.0324
series_B	state_3	0.06	1228.0	0.02776
series_B	state_4	0.043	1228.0	0.02329
series_B	state_5	0.017	1228.0	0.0162
series_B	state_1	0.091	1229.0	0.03522
series_B	state_2	0.078	1229.0	0.03233
series_B	state_3	0.06	1229.0	0.02771
series_B	state_4	0.043	1229.0	0.02324
series_B	state_5	0.017	1229.0	0.0162
series_B	state_1	0.091	1230.0	0.03509
series_B	state_2	0.078	1230.0	0.03223
series_B	state_3	0.06	1230.0	0.02765
series_B	state_4	0.043	1230.0	0.02319
series_B	state_5	0.017	1230.0	0.01617
series_B	state_1	0.091	1231.0	0.03498
series_B	state_2	0.078	1231.0	0.0321
series_B	state_3	0.06	1231.0	0.02756
series_B	state_4	0.043	1231.0	0.02311
series_B	state_5	0.017	1231.0	0.01614
series_B	state_1	0.091	1232.0	0.03483
series_B	state_2	0.078	1232.0	0.03199
series_B	state_3	0.06	1232.0	0.02747
series_B	state_4	0.043	1232.0	0.02305
series_B	state_5	0.017	1232.0	0.01612
series_B	state_1	0.091	1233.0	0.03468
series_B	state_2	0.078	1233.0	0.03189
series_B	state_3	0.06	1233.0	0.02738
series_B	state_4	0.043	1233.0	0.02302
series_B	state_5	0.017	1233.0	0.0161
series_B	state_1	0.091	1234.0	0.03455
series_B	state_2	0.078	1234.0	0.03178
series_B	state_3	0.06	1234.0	0.02728
series_B	state_4	0.043	1234.0	0.02296
series_B	state_5	0.017	1234.0	0.01609
series_B	state_1	0.091	1235.0	0.0344
series_B	state_2	0.078	1235.0	0.03163
series_B	state_3	0.06	1235.0	0.02721
series_B	state_4	0.043	1235.0	0.0229
series_B	state_5	0.017	1235.0	0.01606
series_B	state_1	0.091	1236.0	0.03426
series_B	state_2	0.078	1236.0	0.03152
series_B	state_3	0.06	1236.0	0.02711
series_B	state_4	0.043	1236.0	0.02288
series_B	state_5	0.017	1236.0	0.01601
series_B	state_1	0.091	1237.0	0.0341
series_B	state_2	0.078	1237.0	0.03143
series_B	state_3	0.06	1237.0	0.02703
series_B	state_4	0.043	1237.0	0.02279
series_B	state_5	0.017	1237.0	0.01597
series_B	state_1	0.091	1238.0	0.03395
series_B	state_2	0.078	1238.0	0.03128
series_B	state_3	0.06	1238.0	0.02695
series_B	state_4	0.043	1238.0	0.0227
series_B	state_5	0.017	1238.0	0.01595
series_B	state_1	0.091	1239.0	0.03382
series_B	state_2	0.078	1239.0	0.03115
series_B	state_3	0.06	1239.0	0.02685
series_B	state_4	0.043	1239.0	0.02262
series_B	state_5	0.017	1239.0	0.01594
series_B	state_1	0.091	1240.0	0.03371
series_B	state_2	0.078	1240.0	0.03097
series_B	state_3	0.06	1240.0	0.02678
series_B	state_4	0.043	1240.0	0.02259
series_B	state_5	0.017	1240.0	0.01592
series_B	state_1	0.091	1241.0	0.03356
series_B	state_2	0.078	1241.0	0.0308
series_B	state_3	0.06	1241.0	0.02672
series_B	state_4	0.043	1241.0	0.02252
series_B	state_5	0.017	1241.0	0.01591
series_B	state_1	0.091	1242.0	0.03342
series_B	state_2	0.078	1242.0	0.03061
series_B	state_3	0.06	1242.0	0.02663
series_B	state_4	0.043	1242.0	0.02245
series_B	state_5	0.017	1242.0	0.01587
series_B	state_1	0.091	1243.0	0.03327
series_B	state_2	0.078	1243.0	0.03041
series_B	state_3	0.06	1243.0	0.02655
series_B	state_4	0.043	1243.0	0.0224
series_B	state_5	0.017	1243.0	0.01587
series_B	state_1	0.091	1244.0	0.03313
series_B	state_2	0.078	1244.0	0.03023
series_B	state_3	0.06	1244.0	0.02643
series_B	state_4	0.043	1244.0	0.02233
series_B	state_5	0.017	1244.0	0.01581
series_B	state_1	0.091	1245.0	0.03299
series_B	state_2	0.078	1245.0	0.03004
series_B	state_3	0.06	1245.0	0.02635
series_B	state_4	0.043	1245.0	0.02232
series_B	state_5	0.017	1245.0	0.01575
series_B	state_1	0.091	1246.0	0.03283
series_B	state_2	0.078	1246.0	0.02985
series_B	state_3	0.06	1246.0	0.02622
series_B	state_4	0.043	1246.0	0.02222
series_B	state_5	0.017	1246.0	0.01571
series_B	state_1	0.091	1247.0	0.03271
series_B	state_2	0.078	1247.0	0.02968
series_B	state_3	0.06	1247.0	0.02612
series_B	state_4	0.043	1247.0	0.02213
series_B	state_5	0.017	1247.0	0.0157
series_B	state_1	0.091	1248.0	0.0326
series_B	state_2	0.078	1248.0	0.02951
series_B	state_3	0.06	1248.0	0.026
series_B	state_4	0.043	1248.0	0.02207
series_B	state_5	0.017	1248.0	0.01566
series_B	state_1	0.091	1249.0	0.03245
series_B	state_2	0.078	1249.0	0.02931
series_B	state_3	0.06	1249.0	0.02588
series_B	state_4	0.043	1249.0	0.02198
series_B	state_5	0.017	1249.0	0.01562
series_B	state_1	0.091	1250.0	0.03231
series_B	state_2	0.078	1250.0	0.02915
series_B	state_3	0.06	1250.0	0.02574
series_B	state_4	0.043	1250.0	0.02188
series_B	state_5	0.017	1250.0	0.01552
series_B	state_1	0.091	1251.0	0.03217
series_B	state_2	0.078	1251.0	0.02899
series_B	state_3	0.06	1251.0	0.02557
series_B	state_4	0.043	1251.0	0.02178
series_B	state_5	0.017	1251.0	0.01548
series_B	state_1	0.091	1252.0	0.03199
series_B	state_2	0.078	1252.0	0.02888
series_B	state_3	0.06	1252.0	0.02541
series_B	state_4	0.043	1252.0	0.02173
series_B	state_5	0.017	1252.0	0.01542
series_B	state_1	0.091	1253.0	0.03184
series_B	state_2	0.078	1253.0	0.02878
series_B	state_3	0.06	1253.0	0.02526
series_B	state_4	0.043	1253.0	0.02159
series_B	state_5	0.017	1253.0	0.01538
series_B	state_1	0.091	1254.0	0.03164
series_B	state_2	0.078	1254.0	0.02867
series_B	state_3	0.06	1254.0	0.0251
series_B	state_4	0.043	1254.0	0.02148
series_B	state_5	0.017	1254.0	0.01531
series_B	state_1	0.091	1255.0	0.03141
series_B	state_2	0.078	1255.0	0.02858
series_B	state_3	0.06	1255.0	0.02497
series_B	state_4	0.043	1255.0	0.02135
series_B	state_5	0.017	1255.0	0.01525
series_B	state_1	0.091	1256.0	0.03116
series_B	state_2	0.078	1256.0	0.02853
series_B	state_3	0.06	1256.0	0.02483
series_B	state_4	0.043	1256.0	0.02117
series_B	state_5	0.017	1256.0	0.01517
series_B	state_1	0.091	1257.0	0.0309
series_B	state_2	0.078	1257.0	0.02847
series_B	state_3	0.06	1257.0	0.02468
series_B	state_4	0.043	1257.0	0.021
series_B	state_5	0.017	1257.0	0.01512
series_B	state_1	0.091	1258.0	0.03063
series_B	state_2	0.078	1258.0	0.02835
series_B	state_3	0.06	1258.0	0.02452
series_B	state_4	0.043	1258.0	0.02084
series_B	state_5	0.017	1258.0	0.01506
series_B	state_1	0.091	1259.0	0.03039
series_B	state_2	0.078	1259.0	0.02823
series_B	state_3	0.06	1259.0	0.0244
series_B	state_4	0.043	1259.0	0.02068
series_B	state_5	0.017	1259.0	0.01504
series_B	state_1	0.091	1260.0	0.03014
series_B	state_2	0.078	1260.0	0.02808
series_B	state_3	0.06	1260.0	0.02429
series_B	state_4	0.043	1260.0	0.02051
series_B	state_5	0.017	1260.0	0.01501
series_B	state_1	0.091	1261.0	0.02988
series_B	state_2	0.078	1261.0	0.02793
series_B	state_3	0.06	1261.0	0.02416
series_B	state_4	0.043	1261.0	0.02033
series_B	state_5	0.017	1261.0	0.01497
series_B	state_1	0.091	1262.0	0.02963
series_B	state_2	0.078	1262.0	0.02781
series_B	state_3	0.06	1262.0	0.02402
series_B	state_4	0.043	1262.0	0.02016
series_B	state_5	0.017	1262.0	0.01494
series_B	state_1	0.091	1263.0	0.0294
series_B	state_2	0.078	1263.0	0.02767
series_B	state_3	0.06	1263.0	0.02388
series_B	state_4	0.043	1263.0	0.02001
series_B	state_5	0.017	1263.0	0.01489
series_B	state_1	0.091	1264.0	0.02922
series_B	state_2	0.078	1264.0	0.02753
series_B	state_3	0.06	1264.0	0.02376
series_B	state_4	0.043	1264.0	0.01987
series_B	state_5	0.017	1264.0	0.0148
series_B	state_1	0.091	1265.0	0.02905
series_B	state_2	0.078	1265.0	0.02738
series_B	state_3	0.06	1265.0	0.02365
series_B	state_4	0.043	1265.0	0.01977
series_B	state_5	0.017	1265.0	0.01478
series_B	state_1	0.091	1266.0	0.02892
series_B	state_2	0.078	1266.0	0.02724
series_B	state_3	0.06	1266.0	0.02352
series_B	state_4	0.043	1266.0	0.01961
series_B	state_5	0.017	1266.0	0.01475
series_B	state_1	0.091	1267.0	0.02883
series_B	state_2	0.078	1267.0	0.02707
series_B	state_3	0.06	1267.0	0.02342
series_B	state_4	0.043	1267.0	0.01951
series_B	state_5	0.017	1267.0	0.0147
series_B	state_1	0.091	1268.0	0.02872
series_B	state_2	0.078	1268.0	0.02689
series_B	state_3	0.06	1268.0	0.02332
series_B	state_4	0.043	1268.0	0.01941
series_B	state_5	0.017	1268.0	0.01466
series_B	state_1	0.091	1269.0	0.02858
series_B	state_2	0.078	1269.0	0.02673
series_B	state_3	0.06	1269.0	0.0232
series_B	state_4	0.043	1269.0	0.01933
series_B	state_5	0.017	1269.0	0.01461
series_B	state_1	0.091	1270.0	0.02848
series_B	state_2	0.078	1270.0	0.02655
series_B	state_3	0.06	1270.0	0.0231
series_B	state_4	0.043	1270.0	0.0193
series_B	state_5	0.017	1270.0	0.01458
series_B	state_1	0.091	1271.0	0.02838
series_B	state_2	0.078	1271.0	0.02638
series_B	state_3	0.06	1271.0	0.02298
series_B	state_4	0.043	1271.0	0.01928
series_B	state_5	0.017	1271.0	0.01458
series_B	state_1	0.091	1272.0	0.02824
series_B	state_2	0.078	1272.0	0.02621
series_B	state_3	0.06	1272.0	0.02284
series_B	state_4	0.043	1272.0	0.01927
series_B	state_5	0.017	1272.0	0.01453
series_B	state_1	0.091	1273.0	0.02812
series_B	state_2	0.078	1273.0	0.026
series_B	state_3	0.06	1273.0	0.02275
series_B	state_4	0.043	1273.0	0.01919
series_B	state_5	0.017	1273.0	0.01449
series_B	state_1	0.091	1274.0	0.02798
series_B	state_2	0.078	1274.0	0.02582
series_B	state_3	0.06	1274.0	0.02261
series_B	state_4	0.043	1274.0	0.01916
series_B	state_5	0.017	1274.0	0.01446
series_B	state_1	0.091	1275.0	0.02783
series_B	state_2	0.078	1275.0	0.02566
series_B	state_3	0.06	1275.0	0.0225
series_B	state_4	0.043	1275.0	0.01914
series_B	state_5	0.017	1275.0	0.0144
series_B	state_1	0.091	1276.0	0.02766
series_B	state_2	0.078	1276.0	0.02548
series_B	state_3	0.06	1276.0	0.02239
series_B	state_4	0.043	1276.0	0.01908
series_B	state_5	0.017	1276.0	0.01437
series_B	state_1	0.091	1277.0	0.02747
series_B	state_2	0.078	1277.0	0.02531
series_B	state_3	0.06	1277.0	0.02226
series_B	state_4	0.043	1277.0	0.01907
series_B	state_5	0.017	1277.0	0.01432
series_B	state_1	0.091	1278.0	0.02729
series_B	state_2	0.078	1278.0	0.02512
series_B	state_3	0.06	1278.0	0.02212
series_B	state_4	0.043	1278.0	0.01901
series_B	state_5	0.017	1278.0	0.0143
series_B	state_1	0.091	1279.0	0.02708
series_B	state_2	0.078	1279.0	0.02495
series_B	state_3	0.06	1279.0	0.02202
series_B	state_4	0.043	1279.0	0.01894
series_B	state_5	0.017	1279.0	0.01428
series_B	state_1	0.091	1280.0	0.0269
series_B	state_2	0.078	1280.0	0.0248
series_B	state_3	0.06	1280.0	0.02187
series_B	state_4	0.043	1280.0	0.01888
series_B	state_5	0.017	1280.0	0.01425
series_B	state_1	0.091	1281.0	0.02673
series_B	state_2	0.078	1281.0	0.02463
series_B	state_3	0.06	1281.0	0.02173
series_B	state_4	0.043	1281.0	0.01882
series_B	state_5	0.017	1281.0	0.01422
series_B	state_1	0.091	1282.0	0.02655
series_B	state_2	0.078	1282.0	0.02447
series_B	state_3	0.06	1282.0	0.02154
series_B	state_4	0.043	1282.0	0.01873
series_B	state_5	0.017	1282.0	0.01421
series_B	state_1	0.091	1283.0	0.02637
series_B	state_2	0.078	1283.0	0.0243
series_B	state_3	0.06	1283.0	0.02137
series_B	state_4	0.043	1283.0	0.01867
series_B	state_5	0.017	1283.0	0.01417
series_B	state_1	0.091	1284.0	0.02617
series_B	state_2	0.078	1284.0	0.02415
series_B	state_3	0.06	1284.0	0.02118
series_B	state_4	0.043	1284.0	0.0186
series_B	state_5	0.017	1284.0	0.01411
series_B	state_1	0.091	1285.0	0.02596
series_B	state_2	0.078	1285.0	0.02399
series_B	state_3	0.06	1285.0	0.02098
series_B	state_4	0.043	1285.0	0.0185
series_B	state_5	0.017	1285.0	0.01409
series_B	state_1	0.091	1286.0	0.02577
series_B	state_2	0.078	1286.0	0.02384
series_B	state_3	0.06	1286.0	0.02077
series_B	state_4	0.043	1286.0	0.01841
series_B	state_5	0.017	1286.0	0.01403
series_B	state_1	0.091	1287.0	0.02553
series_B	state_2	0.078	1287.0	0.02369
series_B	state_3	0.06	1287.0	0.02055
series_B	state_4	0.043	1287.0	0.01835
series_B	state_5	0.017	1287.0	0.01401
series_B	state_1	0.091	1288.0	0.0253
series_B	state_2	0.078	1288.0	0.02351
series_B	state_3	0.06	1288.0	0.02035
series_B	state_4	0.043	1288.0	0.01825
series_B	state_5	0.017	1288.0	0.01396
series_B	state_1	0.091	1289.0	0.02507
series_B	state_2	0.078	1289.0	0.02335
series_B	state_3	0.06	1289.0	0.02015
series_B	state_4	0.043	1289.0	0.01819
series_B	state_5	0.017	1289.0	0.01394
series_B	state_1	0.091	1290.0	0.02486
series_B	state_2	0.078	1290.0	0.02316
series_B	state_3	0.06	1290.0	0.01997
series_B	state_4	0.043	1290.0	0.01811
series_B	state_5	0.017	1290.0	0.01391
series_B	state_1	0.091	1291.0	0.02463
series_B	state_2	0.078	1291.0	0.02301
series_B	state_3	0.06	1291.0	0.01979
series_B	state_4	0.043	1291.0	0.01801
series_B	state_5	0.017	1291.0	0.01387
series_B	state_1	0.091	1292.0	0.02442
series_B	state_2	0.078	1292.0	0.02287
series_B	state_3	0.06	1292.0	0.01963
series_B	state_4	0.043	1292.0	0.01795
series_B	state_5	0.017	1292.0	0.01381
series_B	state_1	0.091	1293.0	0.02425
series_B	state_2	0.078	1293.0	0.02272
series_B	state_3	0.06	1293.0	0.01953
series_B	state_4	0.043	1293.0	0.01786
series_B	state_5	0.017	1293.0	0.01375
series_B	state_1	0.091	1294.0	0.02408
series_B	state_2	0.078	1294.0	0.02261
series_B	state_3	0.06	1294.0	0.01941
series_B	state_4	0.043	1294.0	0.0178
series_B	state_5	0.017	1294.0	0.01374
series_B	state_1	0.091	1295.0	0.02392
series_B	state_2	0.078	1295.0	0.02246
series_B	state_3	0.06	1295.0	0.01933
series_B	state_4	0.043	1295.0	0.01776
series_B	state_5	0.017	1295.0	0.0137
series_B	state_1	0.091	1296.0	0.02374
series_B	state_2	0.078	1296.0	0.02232
series_B	state_3	0.06	1296.0	0.01926
series_B	state_4	0.043	1296.0	0.01769
series_B	state_5	0.017	1296.0	0.0137
series_B	state_1	0.091	1297.0	0.02356
series_B	state_2	0.078	1297.0	0.02219
series_B	state_3	0.06	1297.0	0.01919
series_B	state_4	0.043	1297.0	0.01765
series_B	state_5	0.017	1297.0	0.01368
series_B	state_1	0.091	1298.0	0.02341
series_B	state_2	0.078	1298.0	0.02207
series_B	state_3	0.06	1298.0	0.01917
series_B	state_4	0.043	1298.0	0.01758
series_B	state_5	0.017	1298.0	0.01369
series_B	state_1	0.091	1299.0	0.02329
series_B	state_2	0.078	1299.0	0.02196
series_B	state_3	0.06	1299.0	0.01916
series_B	state_4	0.043	1299.0	0.01754
series_B	state_5	0.017	1299.0	0.01371
series_B	state_1	0.091	1300.0	0.02322
series_B	state_2	0.078	1300.0	0.02185
series_B	state_3	0.06	1300.0	0.01915
series_B	state_4	0.043	1300.0	0.01748
series_B	state_5	0.017	1300.0	0.01371
series_B	state_1	0.091	1301.0	0.02316
series_B	state_2	0.078	1301.0	0.02179
series_B	state_3	0.06	1301.0	0.01916
series_B	state_4	0.043	1301.0	0.01745
series_B	state_5	0.017	1301.0	0.01374
series_B	state_1	0.091	1302.0	0.02308
series_B	state_2	0.078	1302.0	0.0217
series_B	state_3	0.06	1302.0	0.01915
series_B	state_4	0.043	1302.0	0.01737
series_B	state_5	0.017	1302.0	0.01375
series_B	state_1	0.091	1303.0	0.02301
series_B	state_2	0.078	1303.0	0.02162
series_B	state_3	0.06	1303.0	0.01915
series_B	state_4	0.043	1303.0	0.01734
series_B	state_5	0.017	1303.0	0.01371
series_B	state_1	0.091	1304.0	0.02294
series_B	state_2	0.078	1304.0	0.0215
series_B	state_3	0.06	1304.0	0.01913
series_B	state_4	0.043	1304.0	0.01726
series_B	state_5	0.017	1304.0	0.01368
series_B	state_1	0.091	1305.0	0.02289
series_B	state_2	0.078	1305.0	0.02142
series_B	state_3	0.06	1305.0	0.01913
series_B	state_4	0.043	1305.0	0.01719
series_B	state_5	0.017	1305.0	0.01366
series_B	state_1	0.091	1306.0	0.02282
series_B	state_2	0.078	1306.0	0.02132
series_B	state_3	0.06	1306.0	0.01911
series_B	state_4	0.043	1306.0	0.01718
series_B	state_5	0.017	1306.0	0.01364
series_B	state_1	0.091	1307.0	0.02277
series_B	state_2	0.078	1307.0	0.02124
series_B	state_3	0.06	1307.0	0.01908
series_B	state_4	0.043	1307.0	0.01713
series_B	state_5	0.017	1307.0	0.01363
series_B	state_1	0.091	1308.0	0.02272
series_B	state_2	0.078	1308.0	0.02115
series_B	state_3	0.06	1308.0	0.01904
series_B	state_4	0.043	1308.0	0.01707
series_B	state_5	0.017	1308.0	0.01358
series_B	state_1	0.091	1309.0	0.02267
series_B	state_2	0.078	1309.0	0.02109
series_B	state_3	0.06	1309.0	0.01899
series_B	state_4	0.043	1309.0	0.01708
series_B	state_5	0.017	1309.0	0.01357
series_B	state_1	0.091	1310.0	0.0226
series_B	state_2	0.078	1310.0	0.02098
series_B	state_3	0.06	1310.0	0.01895
series_B	state_4	0.043	1310.0	0.01704
series_B	state_5	0.017	1310.0	0.01354
series_B	state_1	0.091	1311.0	0.02255
series_B	state_2	0.078	1311.0	0.02091
series_B	state_3	0.06	1311.0	0.01891
series_B	state_4	0.043	1311.0	0.01704
series_B	state_5	0.017	1311.0	0.01351
series_B	state_1	0.091	1312.0	0.02253
series_B	state_2	0.078	1312.0	0.02082
series_B	state_3	0.06	1312.0	0.01888
series_B	state_4	0.043	1312.0	0.01703
series_B	state_5	0.017	1312.0	0.01346
series_B	state_1	0.091	1313.0	0.02248
series_B	state_2	0.078	1313.0	0.02069
series_B	state_3	0.06	1313.0	0.01882
series_B	state_4	0.043	1313.0	0.01697
series_B	state_5	0.017	1313.0	0.01342
series_B	state_1	0.091	1314.0	0.02242
series_B	state_2	0.078	1314.0	0.02061
series_B	state_3	0.06	1314.0	0.01879
series_B	state_4	0.043	1314.0	0.01693
series_B	state_5	0.017	1314.0	0.0134
series_B	state_1	0.091	1315.0	0.02236
series_B	state_2	0.078	1315.0	0.02049
series_B	state_3	0.06	1315.0	0.01873
series_B	state_4	0.043	1315.0	0.01687
series_B	state_5	0.017	1315.0	0.01338
series_B	state_1	0.091	1316.0	0.02229
series_B	state_2	0.078	1316.0	0.02037
series_B	state_3	0.06	1316.0	0.01869
series_B	state_4	0.043	1316.0	0.01685
series_B	state_5	0.017	1316.0	0.01336
series_B	state_1	0.091	1317.0	0.02218
series_B	state_2	0.078	1317.0	0.02026
series_B	state_3	0.06	1317.0	0.01865
series_B	state_4	0.043	1317.0	0.0168
series_B	state_5	0.017	1317.0	0.01336
series_B	state_1	0.091	1318.0	0.02211
series_B	state_2	0.078	1318.0	0.02013
series_B	state_3	0.06	1318.0	0.01859
series_B	state_4	0.043	1318.0	0.01678
series_B	state_5	0.017	1318.0	0.01334
series_B	state_1	0.091	1319.0	0.02206
series_B	state_2	0.078	1319.0	0.02003
series_B	state_3	0.06	1319.0	0.01855
series_B	state_4	0.043	1319.0	0.01673
series_B	state_5	0.017	1319.0	0.01336
series_B	state_1	0.091	1320.0	0.022
series_B	state_2	0.078	1320.0	0.01992
series_B	state_3	0.06	1320.0	0.01851
series_B	state_4	0.043	1320.0	0.01664
series_B	state_5	0.017	1320.0	0.01336
series_B	state_1	0.091	1321.0	0.02193
series_B	state_2	0.078	1321.0	0.01983
series_B	state_3	0.06	1321.0	0.01846
series_B	state_4	0.043	1321.0	0.01657
series_B	state_5	0.017	1321.0	0.01335
series_B	state_1	0.091	1322.0	0.02186
series_B	state_2	0.078	1322.0	0.01969
series_B	state_3	0.06	1322.0	0.01841
series_B	state_4	0.043	1322.0	0.01648
series_B	state_5	0.017	1322.0	0.01331
series_B	state_1	0.091	1323.0	0.02181
series_B	state_2	0.078	1323.0	0.01958
series_B	state_3	0.06	1323.0	0.01839
series_B	state_4	0.043	1323.0	0.01643
series_B	state_5	0.017	1323.0	0.01329
series_B	state_1	0.091	1324.0	0.0217
series_B	state_2	0.078	1324.0	0.01947
series_B	state_3	0.06	1324.0	0.01837
series_B	state_4	0.043	1324.0	0.01635
series_B	state_5	0.017	1324.0	0.01331
series_B	state_1	0.091	1325.0	0.02163
series_B	state_2	0.078	1325.0	0.01943
series_B	state_3	0.06	1325.0	0.01834
series_B	state_4	0.043	1325.0	0.01631
series_B	state_5	0.017	1325.0	0.01332
series_B	state_1	0.091	1326.0	0.02153
series_B	state_2	0.078	1326.0	0.01937
series_B	state_3	0.06	1326.0	0.01827
series_B	state_4	0.043	1326.0	0.01627
series_B	state_5	0.017	1326.0	0.01336
series_B	state_1	0.091	1327.0	0.02144
series_B	state_2	0.078	1327.0	0.01935
series_B	state_3	0.06	1327.0	0.01823
series_B	state_4	0.043	1327.0	0.01621
series_B	state_5	0.017	1327.0	0.01337
series_B	state_1	0.091	1328.0	0.02136
series_B	state_2	0.078	1328.0	0.01932
series_B	state_3	0.06	1328.0	0.01817
series_B	state_4	0.043	1328.0	0.01619
series_B	state_5	0.017	1328.0	0.01336
series_B	state_1	0.091	1329.0	0.02124
series_B	state_2	0.078	1329.0	0.01928
series_B	state_3	0.06	1329.0	0.01812
series_B	state_4	0.043	1329.0	0.01621
series_B	state_5	0.017	1329.0	0.01332
series_B	state_1	0.091	1330.0	0.02118
series_B	state_2	0.078	1330.0	0.01925
series_B	state_3	0.06	1330.0	0.01807
series_B	state_4	0.043	1330.0	0.01617
series_B	state_5	0.017	1330.0	0.0133
series_B	state_1	0.091	1331.0	0.02111
series_B	state_2	0.078	1331.0	0.01923
series_B	state_3	0.06	1331.0	0.01801
series_B	state_4	0.043	1331.0	0.01613
series_B	state_5	0.017	1331.0	0.01325
series_B	state_1	0.091	1332.0	0.02103
series_B	state_2	0.078	1332.0	0.01921
series_B	state_3	0.06	1332.0	0.01796
series_B	state_4	0.043	1332.0	0.01609
series_B	state_5	0.017	1332.0	0.0132
series_B	state_1	0.091	1333.0	0.02091
series_B	state_2	0.078	1333.0	0.0192
series_B	state_3	0.06	1333.0	0.01791
series_B	state_4	0.043	1333.0	0.01605
series_B	state_5	0.017	1333.0	0.01316
series_B	state_1	0.091	1334.0	0.02078
series_B	state_2	0.078	1334.0	0.01923
series_B	state_3	0.06	1334.0	0.01788
series_B	state_4	0.043	1334.0	0.01601
series_B	state_5	0.017	1334.0	0.01311
series_B	state_1	0.091	1335.0	0.02064
series_B	state_2	0.078	1335.0	0.01923
series_B	state_3	0.06	1335.0	0.01783
series_B	state_4	0.043	1335.0	0.01599
series_B	state_5	0.017	1335.0	0.01307
series_B	state_1	0.091	1336.0	0.0205
series_B	state_2	0.078	1336.0	0.01921
series_B	state_3	0.06	1336.0	0.01778
series_B	state_4	0.043	1336.0	0.016
series_B	state_5	0.017	1336.0	0.01304
series_B	state_1	0.091	1337.0	0.02033
series_B	state_2	0.078	1337.0	0.01921
series_B	state_3	0.06	1337.0	0.01771
series_B	state_4	0.043	1337.0	0.01596
series_B	state_5	0.017	1337.0	0.01303
series_B	state_1	0.091	1338.0	0.02019
series_B	state_2	0.078	1338.0	0.01919
series_B	state_3	0.06	1338.0	0.01764
series_B	state_4	0.043	1338.0	0.01595
series_B	state_5	0.017	1338.0	0.01301
series_B	state_1	0.091	1339.0	0.02005
series_B	state_2	0.078	1339.0	0.01918
series_B	state_3	0.06	1339.0	0.01761
series_B	state_4	0.043	1339.0	0.01588
series_B	state_5	0.017	1339.0	0.013
series_B	state_1	0.091	1340.0	0.0199
series_B	state_2	0.078	1340.0	0.01914
series_B	state_3	0.06	1340.0	0.01757
series_B	state_4	0.043	1340.0	0.0158
series_B	state_5	0.017	1340.0	0.01297
series_B	state_1	0.091	1341.0	0.01976
series_B	state_2	0.078	1341.0	0.01911
series_B	state_3	0.06	1341.0	0.01751
series_B	state_4	0.043	1341.0	0.01577
series_B	state_5	0.017	1341.0	0.01294
series_B	state_1	0.091	1342.0	0.01965
series_B	state_2	0.078	1342.0	0.0191
series_B	state_3	0.06	1342.0	0.01749
series_B	state_4	0.043	1342.0	0.01573
series_B	state_5	0.017	1342.0	0.01293
series_B	state_1	0.091	1343.0	0.01953
series_B	state_2	0.078	1343.0	0.01906
series_B	state_3	0.06	1343.0	0.0175
series_B	state_4	0.043	1343.0	0.01568
series_B	state_5	0.017	1343.0	0.01295
series_B	state_1	0.091	1344.0	0.01939
series_B	state_2	0.078	1344.0	0.01902
series_B	state_3	0.06	1344.0	0.01748
series_B	state_4	0.043	1344.0	0.01565
series_B	state_5	0.017	1344.0	0.01298
series_B	state_1	0.091	1345.0	0.01933
series_B	state_2	0.078	1345.0	0.01895
series_B	state_3	0.06	1345.0	0.01743
series_B	state_4	0.043	1345.0	0.0156
series_B	state_5	0.017	1345.0	0.013
series_B	state_1	0.091	1346.0	0.01926
series_B	state_2	0.078	1346.0	0.01888
series_B	state_3	0.06	1346.0	0.01738
series_B	state_4	0.043	1346.0	0.01555
series_B	state_5	0.017	1346.0	0.01298
series_B	state_1	0.091	1347.0	0.01922
series_B	state_2	0.078	1347.0	0.01882
series_B	state_3	0.06	1347.0	0.01735
series_B	state_4	0.043	1347.0	0.01551
series_B	state_5	0.017	1347.0	0.01297
series_B	state_1	0.091	1348.0	0.0192
series_B	state_2	0.078	1348.0	0.01875
series_B	state_3	0.06	1348.0	0.01728
series_B	state_4	0.043	1348.0	0.01547
series_B	state_5	0.017	1348.0	0.01295
series_B	state_1	0.091	1349.0	0.0192
series_B	state_2	0.078	1349.0	0.01866
series_B	state_3	0.06	1349.0	0.01718
series_B	state_4	0.043	1349.0	0.01538
series_B	state_5	0.017	1349.0	0.01288
series_B	state_1	0.091	1350.0	0.01923
series_B	state_2	0.078	1350.0	0.01856
series_B	state_3	0.06	1350.0	0.01711
series_B	state_4	0.043	1350.0	0.0153
series_B	state_5	0.017	1350.0	0.01287
series_B	state_1	0.091	1351.0	0.01922
series_B	state_2	0.078	1351.0	0.01845
series_B	state_3	0.06	1351.0	0.01703
series_B	state_4	0.043	1351.0	0.01522
series_B	state_5	0.017	1351.0	0.01283
series_B	state_1	0.091	1352.0	0.01921
series_B	state_2	0.078	1352.0	0.01834
series_B	state_3	0.06	1352.0	0.01694
series_B	state_4	0.043	1352.0	0.01519
series_B	state_5	0.017	1352.0	0.01282
series_B	state_1	0.091	1353.0	0.01916
series_B	state_2	0.078	1353.0	0.01824
series_B	state_3	0.06	1353.0	0.01686
series_B	state_4	0.043	1353.0	0.0151
series_B	state_5	0.017	1353.0	0.0128
series_B	state_1	0.091	1354.0	0.01909
series_B	state_2	0.078	1354.0	0.01816
series_B	state_3	0.06	1354.0	0.01675
series_B	state_4	0.043	1354.0	0.01503
series_B	state_5	0.017	1354.0	0.01276
series_B	state_1	0.091	1355.0	0.01904
series_B	state_2	0.078	1355.0	0.01805
series_B	state_3	0.06	1355.0	0.01664
series_B	state_4	0.043	1355.0	0.01495
series_B	state_5	0.017	1355.0	0.01275
series_B	state_1	0.091	1356.0	0.019
series_B	state_2	0.078	1356.0	0.01797
series_B	state_3	0.06	1356.0	0.01654
series_B	state_4	0.043	1356.0	0.01488
series_B	state_5	0.017	1356.0	0.01272
series_B	state_1	0.091	1357.0	0.01894
series_B	state_2	0.078	1357.0	0.01792
series_B	state_3	0.06	1357.0	0.01643
series_B	state_4	0.043	1357.0	0.01481
series_B	state_5	0.017	1357.0	0.01272
series_B	state_1	0.091	1358.0	0.01884
series_B	state_2	0.078	1358.0	0.01781
series_B	state_3	0.06	1358.0	0.01632
series_B	state_4	0.043	1358.0	0.01473
series_B	state_5	0.017	1358.0	0.01271
series_B	state_1	0.091	1359.0	0.01877
series_B	state_2	0.078	1359.0	0.01775
series_B	state_3	0.06	1359.0	0.01625
series_B	state_4	0.043	1359.0	0.01467
series_B	state_5	0.017	1359.0	0.01268
series_B	state_1	0.091	1360.0	0.01871
series_B	state_2	0.078	1360.0	0.01768
series_B	state_3	0.06	1360.0	0.01618
series_B	state_4	0.043	1360.0	0.01462
series_B	state_5	0.017	1360.0	0.0127
series_B	state_1	0.091	1361.0	0.01863
series_B	state_2	0.078	1361.0	0.01762
series_B	state_3	0.06	1361.0	0.01614
series_B	state_4	0.043	1361.0	0.01459
series_B	state_5	0.017	1361.0	0.01269
series_B	state_1	0.091	1362.0	0.01857
series_B	state_2	0.078	1362.0	0.01759
series_B	state_3	0.06	1362.0	0.01611
series_B	state_4	0.043	1362.0	0.01454
series_B	state_5	0.017	1362.0	0.01268
series_B	state_1	0.091	1363.0	0.01851
series_B	state_2	0.078	1363.0	0.01753
series_B	state_3	0.06	1363.0	0.0161
series_B	state_4	0.043	1363.0	0.01449
series_B	state_5	0.017	1363.0	0.01269
series_B	state_1	0.091	1364.0	0.01844
series_B	state_2	0.078	1364.0	0.01751
series_B	state_3	0.06	1364.0	0.01606
series_B	state_4	0.043	1364.0	0.01447
series_B	state_5	0.017	1364.0	0.01268
series_B	state_1	0.091	1365.0	0.01836
series_B	state_2	0.078	1365.0	0.01748
series_B	state_3	0.06	1365.0	0.01603
series_B	state_4	0.043	1365.0	0.01444
series_B	state_5	0.017	1365.0	0.01267
series_B	state_1	0.091	1366.0	0.01832
series_B	state_2	0.078	1366.0	0.01747
series_B	state_3	0.06	1366.0	0.01601
series_B	state_4	0.043	1366.0	0.0144
series_B	state_5	0.017	1366.0	0.01265
series_B	state_1	0.091	1367.0	0.01826
series_B	state_2	0.078	1367.0	0.01747
series_B	state_3	0.06	1367.0	0.01598
series_B	state_4	0.043	1367.0	0.01439
series_B	state_5	0.017	1367.0	0.01266
series_B	state_1	0.091	1368.0	0.01825
series_B	state_2	0.078	1368.0	0.01744
series_B	state_3	0.06	1368.0	0.01594
series_B	state_4	0.043	1368.0	0.01436
series_B	state_5	0.017	1368.0	0.01265
series_B	state_1	0.091	1369.0	0.0182
series_B	state_2	0.078	1369.0	0.0174
series_B	state_3	0.06	1369.0	0.01591
series_B	state_4	0.043	1369.0	0.01433
series_B	state_5	0.017	1369.0	0.01262
series_B	state_1	0.091	1370.0	0.0181
series_B	state_2	0.078	1370.0	0.01734
series_B	state_3	0.06	1370.0	0.01589
series_B	state_4	0.043	1370.0	0.01432
series_B	state_5	0.017	1370.0	0.01262
series_B	state_1	0.091	1371.0	0.01806
series_B	state_2	0.078	1371.0	0.01727
series_B	state_3	0.06	1371.0	0.01585
series_B	state_4	0.043	1371.0	0.01432
series_B	state_5	0.017	1371.0	0.01259
series_B	state_1	0.091	1372.0	0.01798
series_B	state_2	0.078	1372.0	0.0172
series_B	state_3	0.06	1372.0	0.01581
series_B	state_4	0.043	1372.0	0.01428
series_B	state_5	0.017	1372.0	0.01259
series_B	state_1	0.091	1373.0	0.01787
series_B	state_2	0.078	1373.0	0.0171
series_B	state_3	0.06	1373.0	0.01578
series_B	state_4	0.043	1373.0	0.01424
series_B	state_5	0.017	1373.0	0.01255
series_B	state_1	0.091	1374.0	0.01776
series_B	state_2	0.078	1374.0	0.01703
series_B	state_3	0.06	1374.0	0.01567
series_B	state_4	0.043	1374.0	0.01422
series_B	state_5	0.017	1374.0	0.0125
series_B	state_1	0.091	1375.0	0.01767
series_B	state_2	0.078	1375.0	0.01691
series_B	state_3	0.06	1375.0	0.01558
series_B	state_4	0.043	1375.0	0.01418
series_B	state_5	0.017	1375.0	0.01248
series_B	state_1	0.091	1376.0	0.01758
series_B	state_2	0.078	1376.0	0.01682
series_B	state_3	0.06	1376.0	0.01551
series_B	state_4	0.043	1376.0	0.01418
series_B	state_5	0.017	1376.0	0.01247
series_B	state_1	0.091	1377.0	0.01747
series_B	state_2	0.078	1377.0	0.01668
series_B	state_3	0.06	1377.0	0.0154
series_B	state_4	0.043	1377.0	0.01414
series_B	state_5	0.017	1377.0	0.01246
series_B	state_1	0.091	1378.0	0.01736
series_B	state_2	0.078	1378.0	0.01654
series_B	state_3	0.06	1378.0	0.01529
series_B	state_4	0.043	1378.0	0.01411
series_B	state_5	0.017	1378.0	0.01244
series_B	state_1	0.091	1379.0	0.01727
series_B	state_2	0.078	1379.0	0.01643
series_B	state_3	0.06	1379.0	0.01522
series_B	state_4	0.043	1379.0	0.01412
series_B	state_5	0.017	1379.0	0.01244
series_B	state_1	0.091	1380.0	0.0172
series_B	state_2	0.078	1380.0	0.01633
series_B	state_3	0.06	1380.0	0.01517
series_B	state_4	0.043	1380.0	0.0141
series_B	state_5	0.017	1380.0	0.01246
series_B	state_1	0.091	1381.0	0.01714
series_B	state_2	0.078	1381.0	0.01623
series_B	state_3	0.06	1381.0	0.01512
series_B	state_4	0.043	1381.0	0.01407
series_B	state_5	0.017	1381.0	0.01244
series_B	state_1	0.091	1382.0	0.01708
series_B	state_2	0.078	1382.0	0.01618
series_B	state_3	0.06	1382.0	0.01503
series_B	state_4	0.043	1382.0	0.01405
series_B	state_5	0.017	1382.0	0.01245
series_B	state_1	0.091	1383.0	0.01706
series_B	state_2	0.078	1383.0	0.01611
series_B	state_3	0.06	1383.0	0.01497
series_B	state_4	0.043	1383.0	0.01402
series_B	state_5	0.017	1383.0	0.01246
series_B	state_1	0.091	1384.0	0.01701
series_B	state_2	0.078	1384.0	0.01606
series_B	state_3	0.06	1384.0	0.01492
series_B	state_4	0.043	1384.0	0.01401
series_B	state_5	0.017	1384.0	0.01245
series_B	state_1	0.091	1385.0	0.01695
series_B	state_2	0.078	1385.0	0.01602
series_B	state_3	0.06	1385.0	0.01488
series_B	state_4	0.043	1385.0	0.01398
series_B	state_5	0.017	1385.0	0.01246
series_B	state_1	0.091	1386.0	0.01694
series_B	state_2	0.078	1386.0	0.016
series_B	state_3	0.06	1386.0	0.01482
series_B	state_4	0.043	1386.0	0.01398
series_B	state_5	0.017	1386.0	0.01246
series_B	state_1	0.091	1387.0	0.01692
series_B	state_2	0.078	1387.0	0.01601
series_B	state_3	0.06	1387.0	0.01481
series_B	state_4	0.043	1387.0	0.01399
series_B	state_5	0.017	1387.0	0.01247
series_B	state_1	0.091	1388.0	0.01697
series_B	state_2	0.078	1388.0	0.016
series_B	state_3	0.06	1388.0	0.01476
series_B	state_4	0.043	1388.0	0.014
series_B	state_5	0.017	1388.0	0.01246
series_B	state_1	0.091	1389.0	0.01693
series_B	state_2	0.078	1389.0	0.01601
series_B	state_3	0.06	1389.0	0.01477
series_B	state_4	0.043	1389.0	0.01399
series_B	state_5	0.017	1389.0	0.01246
series_B	state_1	0.091	1390.0	0.01694
series_B	state_2	0.078	1390.0	0.01599
series_B	state_3	0.06	1390.0	0.01474
series_B	state_4	0.043	1390.0	0.01397
series_B	state_5	0.017	1390.0	0.01243
series_B	state_1	0.091	1391.0	0.01695
series_B	state_2	0.078	1391.0	0.01599
series_B	state_3	0.06	1391.0	0.01474
series_B	state_4	0.043	1391.0	0.01394
series_B	state_5	0.017	1391.0	0.01242
series_B	state_1	0.091	1392.0	0.01691
series_B	state_2	0.078	1392.0	0.01598
series_B	state_3	0.06	1392.0	0.01472
series_B	state_4	0.043	1392.0	0.01387
series_B	state_5	0.017	1392.0	0.01242
series_B	state_1	0.091	1393.0	0.01685
series_B	state_2	0.078	1393.0	0.01598
series_B	state_3	0.06	1393.0	0.01472
series_B	state_4	0.043	1393.0	0.01387
series_B	state_5	0.017	1393.0	0.0124
series_B	state_1	0.091	1394.0	0.01676
series_B	state_2	0.078	1394.0	0.01598
series_B	state_3	0.06	1394.0	0.01466
series_B	state_4	0.043	1394.0	0.01382
series_B	state_5	0.017	1394.0	0.01239
series_B	state_1	0.091	1395.0	0.01673
series_B	state_2	0.078	1395.0	0.01595
series_B	state_3	0.06	1395.0	0.01465
series_B	state_4	0.043	1395.0	0.01381
series_B	state_5	0.017	1395.0	0.01241
series_B	state_1	0.091	1396.0	0.01669
series_B	state_2	0.078	1396.0	0.01593
series_B	state_3	0.06	1396.0	0.01465
series_B	state_4	0.043	1396.0	0.0138
series_B	state_5	0.017	1396.0	0.01243
series_B	state_1	0.091	1397.0	0.01667
series_B	state_2	0.078	1397.0	0.01589
series_B	state_3	0.06	1397.0	0.01463
series_B	state_4	0.043	1397.0	0.01378
series_B	state_5	0.017	1397.0	0.01241
series_B	state_1	0.091	1398.0	0.01661
series_B	state_2	0.078	1398.0	0.01587
series_B	state_3	0.06	1398.0	0.01461
series_B	state_4	0.043	1398.0	0.01377
series_B	state_5	0.017	1398.0	0.01242
series_B	state_1	0.091	1399.0	0.0166
series_B	state_2	0.078	1399.0	0.01585
series_B	state_3	0.06	1399.0	0.01461
series_B	state_4	0.043	1399.0	0.01377
series_B	state_5	0.017	1399.0	0.01244
series_B	state_1	0.091	1400.0	0.01658
series_B	state_2	0.078	1400.0	0.01583
series_B	state_3	0.06	1400.0	0.01463
series_B	state_4	0.043	1400.0	0.01375
series_B	state_5	0.017	1400.0	0.01242
series_B	state_1	0.091	1401.0	0.01654
series_B	state_2	0.078	1401.0	0.01579
series_B	state_3	0.06	1401.0	0.01462
series_B	state_4	0.043	1401.0	0.01373
series_B	state_5	0.017	1401.0	0.01242
series_B	state_1	0.091	1402.0	0.01654
series_B	state_2	0.078	1402.0	0.01574
series_B	state_3	0.06	1402.0	0.01461
series_B	state_4	0.043	1402.0	0.01373
series_B	state_5	0.017	1402.0	0.0124
series_B	state_1	0.091	1403.0	0.01656
series_B	state_2	0.078	1403.0	0.01572
series_B	state_3	0.06	1403.0	0.0146
series_B	state_4	0.043	1403.0	0.01373
series_B	state_5	0.017	1403.0	0.01238
series_B	state_1	0.091	1404.0	0.01651
series_B	state_2	0.078	1404.0	0.01567
series_B	state_3	0.06	1404.0	0.01458
series_B	state_4	0.043	1404.0	0.01371
series_B	state_5	0.017	1404.0	0.01235
series_B	state_1	0.091	1405.0	0.0165
series_B	state_2	0.078	1405.0	0.01568
series_B	state_3	0.06	1405.0	0.01456
series_B	state_4	0.043	1405.0	0.01373
series_B	state_5	0.017	1405.0	0.01233
series_B	state_1	0.091	1406.0	0.0165
series_B	state_2	0.078	1406.0	0.01568
series_B	state_3	0.06	1406.0	0.01455
series_B	state_4	0.043	1406.0	0.01376
series_B	state_5	0.017	1406.0	0.01231
series_B	state_1	0.091	1407.0	0.01651
series_B	state_2	0.078	1407.0	0.0157
series_B	state_3	0.06	1407.0	0.01456
series_B	state_4	0.043	1407.0	0.01374
series_B	state_5	0.017	1407.0	0.0123
series_B	state_1	0.091	1408.0	0.01647
series_B	state_2	0.078	1408.0	0.01569
series_B	state_3	0.06	1408.0	0.01453
series_B	state_4	0.043	1408.0	0.01371
series_B	state_5	0.017	1408.0	0.01227
series_B	state_1	0.091	1409.0	0.01643
series_B	state_2	0.078	1409.0	0.0157
series_B	state_3	0.06	1409.0	0.01453
series_B	state_4	0.043	1409.0	0.01368
series_B	state_5	0.017	1409.0	0.01228
series_B	state_1	0.091	1410.0	0.01644
series_B	state_2	0.078	1410.0	0.01569
series_B	state_3	0.06	1410.0	0.0145
series_B	state_4	0.043	1410.0	0.01364
series_B	state_5	0.017	1410.0	0.01226
series_B	state_1	0.091	1411.0	0.01638
series_B	state_2	0.078	1411.0	0.01572
series_B	state_3	0.06	1411.0	0.01448
series_B	state_4	0.043	1411.0	0.01361
series_B	state_5	0.017	1411.0	0.01226
series_B	state_1	0.091	1412.0	0.01633
series_B	state_2	0.078	1412.0	0.0157
series_B	state_3	0.06	1412.0	0.01446
series_B	state_4	0.043	1412.0	0.01359
series_B	state_5	0.017	1412.0	0.01228
series_B	state_1	0.091	1413.0	0.01628
series_B	state_2	0.078	1413.0	0.01567
series_B	state_3	0.06	1413.0	0.01446
series_B	state_4	0.043	1413.0	0.01361
series_B	state_5	0.017	1413.0	0.01228
series_B	state_1	0.091	1414.0	0.01623
series_B	state_2	0.078	1414.0	0.01567
series_B	state_3	0.06	1414.0	0.01445
series_B	state_4	0.043	1414.0	0.01358
series_B	state_5	0.017	1414.0	0.01229
series_B	state_1	0.091	1415.0	0.01623
series_B	state_2	0.078	1415.0	0.01563
series_B	state_3	0.06	1415.0	0.01443
series_B	state_4	0.043	1415.0	0.01358
series_B	state_5	0.017	1415.0	0.0123
series_B	state_1	0.091	1416.0	0.01618
series_B	state_2	0.078	1416.0	0.01563
series_B	state_3	0.06	1416.0	0.01441
series_B	state_4	0.043	1416.0	0.01356
series_B	state_5	0.017	1416.0	0.01233
series_B	state_1	0.091	1417.0	0.01615
series_B	state_2	0.078	1417.0	0.0156
series_B	state_3	0.06	1417.0	0.01438
series_B	state_4	0.043	1417.0	0.01355
series_B	state_5	0.017	1417.0	0.01231
series_B	state_1	0.091	1418.0	0.0161
series_B	state_2	0.078	1418.0	0.01553
series_B	state_3	0.06	1418.0	0.01437
series_B	state_4	0.043	1418.0	0.01354
series_B	state_5	0.017	1418.0	0.0123
series_B	state_1	0.091	1419.0	0.01612
series_B	state_2	0.078	1419.0	0.01546
series_B	state_3	0.06	1419.0	0.01436
series_B	state_4	0.043	1419.0	0.01353
series_B	state_5	0.017	1419.0	0.0123
series_B	state_1	0.091	1420.0	0.01609
series_B	state_2	0.078	1420.0	0.01537
series_B	state_3	0.06	1420.0	0.01436
series_B	state_4	0.043	1420.0	0.01352
series_B	state_5	0.017	1420.0	0.01229
series_B	state_1	0.091	1421.0	0.01608
series_B	state_2	0.078	1421.0	0.0153
series_B	state_3	0.06	1421.0	0.01434
series_B	state_4	0.043	1421.0	0.01351
series_B	state_5	0.017	1421.0	0.0123
series_B	state_1	0.091	1422.0	0.01609
series_B	state_2	0.078	1422.0	0.01527
series_B	state_3	0.06	1422.0	0.01431
series_B	state_4	0.043	1422.0	0.01352
series_B	state_5	0.017	1422.0	0.01228
series_B	state_1	0.091	1423.0	0.01606
series_B	state_2	0.078	1423.0	0.01525
series_B	state_3	0.06	1423.0	0.01428
series_B	state_4	0.043	1423.0	0.01352
series_B	state_5	0.017	1423.0	0.01228
series_B	state_1	0.091	1424.0	0.01603
series_B	state_2	0.078	1424.0	0.01518
series_B	state_3	0.06	1424.0	0.01425
series_B	state_4	0.043	1424.0	0.01353
series_B	state_5	0.017	1424.0	0.01228
series_B	state_1	0.091	1425.0	0.016
series_B	state_2	0.078	1425.0	0.01516
series_B	state_3	0.06	1425.0	0.01422
series_B	state_4	0.043	1425.0	0.01354
series_B	state_5	0.017	1425.0	0.01226
series_B	state_1	0.091	1426.0	0.01593
series_B	state_2	0.078	1426.0	0.01515
series_B	state_3	0.06	1426.0	0.01421
series_B	state_4	0.043	1426.0	0.01353
series_B	state_5	0.017	1426.0	0.01226
series_B	state_1	0.091	1427.0	0.01587
series_B	state_2	0.078	1427.0	0.01514
series_B	state_3	0.06	1427.0	0.01419
series_B	state_4	0.043	1427.0	0.01347
series_B	state_5	0.017	1427.0	0.01225
series_B	state_1	0.091	1428.0	0.01582
series_B	state_2	0.078	1428.0	0.01513
series_B	state_3	0.06	1428.0	0.01418
series_B	state_4	0.043	1428.0	0.01346
series_B	state_5	0.017	1428.0	0.01224
series_B	state_1	0.091	1429.0	0.01581
series_B	state_2	0.078	1429.0	0.01509
series_B	state_3	0.06	1429.0	0.01417
series_B	state_4	0.043	1429.0	0.01346
series_B	state_5	0.017	1429.0	0.01222
series_B	state_1	0.091	1430.0	0.01578
series_B	state_2	0.078	1430.0	0.01509
series_B	state_3	0.06	1430.0	0.01414
series_B	state_4	0.043	1430.0	0.01346
series_B	state_5	0.017	1430.0	0.0122
series_B	state_1	0.091	1431.0	0.01571
series_B	state_2	0.078	1431.0	0.01507
series_B	state_3	0.06	1431.0	0.01411
series_B	state_4	0.043	1431.0	0.01349
series_B	state_5	0.017	1431.0	0.01221
series_B	state_1	0.091	1432.0	0.01565
series_B	state_2	0.078	1432.0	0.01501
series_B	state_3	0.06	1432.0	0.0141
series_B	state_4	0.043	1432.0	0.01349
series_B	state_5	0.017	1432.0	0.01221
series_B	state_1	0.091	1433.0	0.01559
series_B	state_2	0.078	1433.0	0.01496
series_B	state_3	0.06	1433.0	0.01409
series_B	state_4	0.043	1433.0	0.0135
series_B	state_5	0.017	1433.0	0.01216
series_B	state_1	0.091	1434.0	0.01552
series_B	state_2	0.078	1434.0	0.01494
series_B	state_3	0.06	1434.0	0.0141
series_B	state_4	0.043	1434.0	0.01348
series_B	state_5	0.017	1434.0	0.01216
series_B	state_1	0.091	1435.0	0.01548
series_B	state_2	0.078	1435.0	0.01491
series_B	state_3	0.06	1435.0	0.0141
series_B	state_4	0.043	1435.0	0.01344
series_B	state_5	0.017	1435.0	0.01214
series_B	state_1	0.091	1436.0	0.0154
series_B	state_2	0.078	1436.0	0.01487
series_B	state_3	0.06	1436.0	0.01409
series_B	state_4	0.043	1436.0	0.01339
series_B	state_5	0.017	1436.0	0.01213
series_B	state_1	0.091	1437.0	0.01535
series_B	state_2	0.078	1437.0	0.01478
series_B	state_3	0.06	1437.0	0.01409
series_B	state_4	0.043	1437.0	0.01336
series_B	state_5	0.017	1437.0	0.01208
series_B	state_1	0.091	1438.0	0.01536
series_B	state_2	0.078	1438.0	0.0147
series_B	state_3	0.06	1438.0	0.01406
series_B	state_4	0.043	1438.0	0.01333
series_B	state_5	0.017	1438.0	0.01206
series_B	state_1	0.091	1439.0	0.01534
series_B	state_2	0.078	1439.0	0.01465
series_B	state_3	0.06	1439.0	0.01406
series_B	state_4	0.043	1439.0	0.01328
series_B	state_5	0.017	1439.0	0.01204
series_B	state_1	0.091	1440.0	0.01532
series_B	state_2	0.078	1440.0	0.01459
series_B	state_3	0.06	1440.0	0.01404
series_B	state_4	0.043	1440.0	0.01324
series_B	state_5	0.017	1440.0	0.01201
series_B	state_1	0.091	1441.0	0.01534
series_B	state_2	0.078	1441.0	0.01455
series_B	state_3	0.06	1441.0	0.01401
series_B	state_4	0.043	1441.0	0.01322
series_B	state_5	0.017	1441.0	0.01201
series_B	state_1	0.091	1442.0	0.0153
series_B	state_2	0.078	1442.0	0.01452
series_B	state_3	0.06	1442.0	0.014
series_B	state_4	0.043	1442.0	0.01321
series_B	state_5	0.017	1442.0	0.012
series_B	state_1	0.091	1443.0	0.0153
series_B	state_2	0.078	1443.0	0.01448
series_B	state_3	0.06	1443.0	0.01398
series_B	state_4	0.043	1443.0	0.0132
series_B	state_5	0.017	1443.0	0.012
series_B	state_1	0.091	1444.0	0.01526
series_B	state_2	0.078	1444.0	0.01444
series_B	state_3	0.06	1444.0	0.01394
series_B	state_4	0.043	1444.0	0.01319
series_B	state_5	0.017	1444.0	0.01199
series_B	state_1	0.091	1445.0	0.01522
series_B	state_2	0.078	1445.0	0.01444
series_B	state_3	0.06	1445.0	0.0139
series_B	state_4	0.043	1445.0	0.01315
series_B	state_5	0.017	1445.0	0.01199
series_B	state_1	0.091	1446.0	0.01518
series_B	state_2	0.078	1446.0	0.01444
series_B	state_3	0.06	1446.0	0.01386
series_B	state_4	0.043	1446.0	0.01315
series_B	state_5	0.017	1446.0	0.01201
series_B	state_1	0.091	1447.0	0.01513
series_B	state_2	0.078	1447.0	0.01441
series_B	state_3	0.06	1447.0	0.01382
series_B	state_4	0.043	1447.0	0.01314
series_B	state_5	0.017	1447.0	0.01204
series_B	state_1	0.091	1448.0	0.01512
series_B	state_2	0.078	1448.0	0.01438
series_B	state_3	0.06	1448.0	0.01381
series_B	state_4	0.043	1448.0	0.01312
series_B	state_5	0.017	1448.0	0.01204
series_B	state_1	0.091	1449.0	0.01506
series_B	state_2	0.078	1449.0	0.01435
series_B	state_3	0.06	1449.0	0.01378
series_B	state_4	0.043	1449.0	0.0131
series_B	state_5	0.017	1449.0	0.01204
series_B	state_1	0.091	1450.0	0.01499
series_B	state_2	0.078	1450.0	0.01438
series_B	state_3	0.06	1450.0	0.01375
series_B	state_4	0.043	1450.0	0.01311
series_B	state_5	0.017	1450.0	0.01206
series_B	state_1	0.091	1451.0	0.01491
series_B	state_2	0.078	1451.0	0.01434
series_B	state_3	0.06	1451.0	0.01372
series_B	state_4	0.043	1451.0	0.01312
series_B	state_5	0.017	1451.0	0.01209
series_B	state_1	0.091	1452.0	0.01483
series_B	state_2	0.078	1452.0	0.01432
series_B	state_3	0.06	1452.0	0.01369
series_B	state_4	0.043	1452.0	0.01307
series_B	state_5	0.017	1452.0	0.01207
series_B	state_1	0.091	1453.0	0.01477
series_B	state_2	0.078	1453.0	0.01432
series_B	state_3	0.06	1453.0	0.01369
series_B	state_4	0.043	1453.0	0.01304
series_B	state_5	0.017	1453.0	0.01203
series_B	state_1	0.091	1454.0	0.01473
series_B	state_2	0.078	1454.0	0.0143
series_B	state_3	0.06	1454.0	0.01369
series_B	state_4	0.043	1454.0	0.01298
series_B	state_5	0.017	1454.0	0.01207
series_B	state_1	0.091	1455.0	0.01467
series_B	state_2	0.078	1455.0	0.01429
series_B	state_3	0.06	1455.0	0.01365
series_B	state_4	0.043	1455.0	0.01292
series_B	state_5	0.017	1455.0	0.01206
series_B	state_1	0.091	1456.0	0.0146
series_B	state_2	0.078	1456.0	0.01427
series_B	state_3	0.06	1456.0	0.01362
series_B	state_4	0.043	1456.0	0.01287
series_B	state_5	0.017	1456.0	0.01205
series_B	state_1	0.091	1457.0	0.01456
series_B	state_2	0.078	1457.0	0.01423
series_B	state_3	0.06	1457.0	0.01359
series_B	state_4	0.043	1457.0	0.01284
series_B	state_5	0.017	1457.0	0.01204
series_B	state_1	0.091	1458.0	0.01454
series_B	state_2	0.078	1458.0	0.01421
series_B	state_3	0.06	1458.0	0.01354
series_B	state_4	0.043	1458.0	0.01284
series_B	state_5	0.017	1458.0	0.012
series_B	state_1	0.091	1459.0	0.0145
series_B	state_2	0.078	1459.0	0.01417
series_B	state_3	0.06	1459.0	0.01356
series_B	state_4	0.043	1459.0	0.01282
series_B	state_5	0.017	1459.0	0.01198
series_B	state_1	0.091	1460.0	0.0145
series_B	state_2	0.078	1460.0	0.01414
series_B	state_3	0.06	1460.0	0.01352
series_B	state_4	0.043	1460.0	0.01281
series_B	state_5	0.017	1460.0	0.01195
series_B	state_1	0.091	1461.0	0.01448
series_B	state_2	0.078	1461.0	0.01412
series_B	state_3	0.06	1461.0	0.01351
series_B	state_4	0.043	1461.0	0.01282
series_B	state_5	0.017	1461.0	0.01194
series_B	state_1	0.091	1462.0	0.01446
series_B	state_2	0.078	1462.0	0.0141
series_B	state_3	0.06	1462.0	0.0135
series_B	state_4	0.043	1462.0	0.0128
series_B	state_5	0.017	1462.0	0.01188
series_B	state_1	0.091	1463.0	0.01444
series_B	state_2	0.078	1463.0	0.0141
series_B	state_3	0.06	1463.0	0.01346
series_B	state_4	0.043	1463.0	0.0128
series_B	state_5	0.017	1463.0	0.01188
series_B	state_1	0.091	1464.0	0.0144
series_B	state_2	0.078	1464.0	0.01406
series_B	state_3	0.06	1464.0	0.01341
series_B	state_4	0.043	1464.0	0.0128
series_B	state_5	0.017	1464.0	0.01187
series_B	state_1	0.091	1465.0	0.01439
series_B	state_2	0.078	1465.0	0.01403
series_B	state_3	0.06	1465.0	0.01339
series_B	state_4	0.043	1465.0	0.01278
series_B	state_5	0.017	1465.0	0.01186
series_B	state_1	0.091	1466.0	0.01434
series_B	state_2	0.078	1466.0	0.01399
series_B	state_3	0.06	1466.0	0.01337
series_B	state_4	0.043	1466.0	0.01277
series_B	state_5	0.017	1466.0	0.01184
series_B	state_1	0.091	1467.0	0.01429
series_B	state_2	0.078	1467.0	0.01395
series_B	state_3	0.06	1467.0	0.01338
series_B	state_4	0.043	1467.0	0.01278
series_B	state_5	0.017	1467.0	0.01183
series_B	state_1	0.091	1468.0	0.01428
series_B	state_2	0.078	1468.0	0.01392
series_B	state_3	0.06	1468.0	0.0134
series_B	state_4	0.043	1468.0	0.01276
series_B	state_5	0.017	1468.0	0.0118
series_B	state_1	0.091	1469.0	0.01425
series_B	state_2	0.078	1469.0	0.0139
series_B	state_3	0.06	1469.0	0.01336
series_B	state_4	0.043	1469.0	0.01277
series_B	state_5	0.017	1469.0	0.0118
series_B	state_1	0.091	1470.0	0.01422
series_B	state_2	0.078	1470.0	0.01391
series_B	state_3	0.06	1470.0	0.01336
series_B	state_4	0.043	1470.0	0.01276
series_B	state_5	0.017	1470.0	0.0118
series_B	state_1	0.091	1471.0	0.01419
series_B	state_2	0.078	1471.0	0.01387
series_B	state_3	0.06	1471.0	0.01334
series_B	state_4	0.043	1471.0	0.01273
series_B	state_5	0.017	1471.0	0.0118
series_B	state_1	0.091	1472.0	0.01418
series_B	state_2	0.078	1472.0	0.01386
series_B	state_3	0.06	1472.0	0.01333
series_B	state_4	0.043	1472.0	0.01272
series_B	state_5	0.017	1472.0	0.01177
series_B	state_1	0.091	1473.0	0.0142
series_B	state_2	0.078	1473.0	0.01384
series_B	state_3	0.06	1473.0	0.01331
series_B	state_4	0.043	1473.0	0.0127
series_B	state_5	0.017	1473.0	0.01176
series_B	state_1	0.091	1474.0	0.0142
series_B	state_2	0.078	1474.0	0.01383
series_B	state_3	0.06	1474.0	0.01329
series_B	state_4	0.043	1474.0	0.01266
series_B	state_5	0.017	1474.0	0.01176
series_B	state_1	0.091	1475.0	0.01419
series_B	state_2	0.078	1475.0	0.01383
series_B	state_3	0.06	1475.0	0.01324
series_B	state_4	0.043	1475.0	0.01264
series_B	state_5	0.017	1475.0	0.01176
series_B	state_1	0.091	1476.0	0.01416
series_B	state_2	0.078	1476.0	0.01377
series_B	state_3	0.06	1476.0	0.01322
series_B	state_4	0.043	1476.0	0.01262
series_B	state_5	0.017	1476.0	0.01175
series_B	state_1	0.091	1477.0	0.01413
series_B	state_2	0.078	1477.0	0.01373
series_B	state_3	0.06	1477.0	0.01316
series_B	state_4	0.043	1477.0	0.01261
series_B	state_5	0.017	1477.0	0.01174
series_B	state_1	0.091	1478.0	0.01412
series_B	state_2	0.078	1478.0	0.01372
series_B	state_3	0.06	1478.0	0.01316
series_B	state_4	0.043	1478.0	0.01262
series_B	state_5	0.017	1478.0	0.01172
series_B	state_1	0.091	1479.0	0.01409
series_B	state_2	0.078	1479.0	0.01371
series_B	state_3	0.06	1479.0	0.01315
series_B	state_4	0.043	1479.0	0.0126
series_B	state_5	0.017	1479.0	0.01173
series_B	state_1	0.091	1480.0	0.01407
series_B	state_2	0.078	1480.0	0.01368
series_B	state_3	0.06	1480.0	0.01312
series_B	state_4	0.043	1480.0	0.01259
series_B	state_5	0.017	1480.0	0.01171
series_B	state_1	0.091	1481.0	0.01403
series_B	state_2	0.078	1481.0	0.01365
series_B	state_3	0.06	1481.0	0.01311
series_B	state_4	0.043	1481.0	0.01256
series_B	state_5	0.017	1481.0	0.0117
series_B	state_1	0.091	1482.0	0.01403
series_B	state_2	0.078	1482.0	0.01362
series_B	state_3	0.06	1482.0	0.0131
series_B	state_4	0.043	1482.0	0.01253
series_B	state_5	0.017	1482.0	0.01168
series_B	state_1	0.091	1483.0	0.01399
series_B	state_2	0.078	1483.0	0.01362
series_B	state_3	0.06	1483.0	0.01306
series_B	state_4	0.043	1483.0	0.01255
series_B	state_5	0.017	1483.0	0.0117
series_B	state_1	0.091	1484.0	0.01399
series_B	state_2	0.078	1484.0	0.01357
series_B	state_3	0.06	1484.0	0.01302
series_B	state_4	0.043	1484.0	0.01253
series_B	state_5	0.017	1484.0	0.01167
series_B	state_1	0.091	1485.0	0.01394
series_B	state_2	0.078	1485.0	0.01356
series_B	state_3	0.06	1485.0	0.01302
series_B	state_4	0.043	1485.0	0.01253
series_B	state_5	0.017	1485.0	0.01166
series_B	state_1	0.091	1486.0	0.01389
series_B	state_2	0.078	1486.0	0.01353
series_B	state_3	0.06	1486.0	0.01301
series_B	state_4	0.043	1486.0	0.01251
series_B	state_5	0.017	1486.0	0.01164
series_B	state_1	0.091	1487.0	0.01384
series_B	state_2	0.078	1487.0	0.01349
series_B	state_3	0.06	1487.0	0.01301
series_B	state_4	0.043	1487.0	0.01253
series_B	state_5	0.017	1487.0	0.01164
series_B	state_1	0.091	1488.0	0.01381
series_B	state_2	0.078	1488.0	0.01347
series_B	state_3	0.06	1488.0	0.01298
series_B	state_4	0.043	1488.0	0.01249
series_B	state_5	0.017	1488.0	0.01167
series_B	state_1	0.091	1489.0	0.01377
series_B	state_2	0.078	1489.0	0.01346
series_B	state_3	0.06	1489.0	0.01296
series_B	state_4	0.043	1489.0	0.01249
series_B	state_5	0.017	1489.0	0.01169
series_B	state_1	0.091	1490.0	0.01373
series_B	state_2	0.078	1490.0	0.01345
series_B	state_3	0.06	1490.0	0.01295
series_B	state_4	0.043	1490.0	0.01247
series_B	state_5	0.017	1490.0	0.01167
series_B	state_1	0.091	1491.0	0.01372
series_B	state_2	0.078	1491.0	0.01342
series_B	state_3	0.06	1491.0	0.01295
series_B	state_4	0.043	1491.0	0.01246
series_B	state_5	0.017	1491.0	0.01168
series_B	state_1	0.091	1492.0	0.01372
series_B	state_2	0.078	1492.0	0.01341
series_B	state_3	0.06	1492.0	0.01291
series_B	state_4	0.043	1492.0	0.01245
series_B	state_5	0.017	1492.0	0.01166
series_B	state_1	0.091	1493.0	0.0137
series_B	state_2	0.078	1493.0	0.01339
series_B	state_3	0.06	1493.0	0.01286
series_B	state_4	0.043	1493.0	0.01241
series_B	state_5	0.017	1493.0	0.01164
series_B	state_1	0.091	1494.0	0.01367
series_B	state_2	0.078	1494.0	0.01337
series_B	state_3	0.06	1494.0	0.01286
series_B	state_4	0.043	1494.0	0.01237
series_B	state_5	0.017	1494.0	0.01161
series_B	state_1	0.091	1495.0	0.01363
series_B	state_2	0.078	1495.0	0.01331
series_B	state_3	0.06	1495.0	0.01284
series_B	state_4	0.043	1495.0	0.01237
series_B	state_5	0.017	1495.0	0.01161
series_B	state_1	0.091	1496.0	0.01359
series_B	state_2	0.078	1496.0	0.01325
series_B	state_3	0.06	1496.0	0.01282
series_B	state_4	0.043	1496.0	0.01237
series_B	state_5	0.017	1496.0	0.01159
series_B	state_1	0.091	1497.0	0.01358
series_B	state_2	0.078	1497.0	0.01325
series_B	state_3	0.06	1497.0	0.01279
series_B	state_4	0.043	1497.0	0.01239
series_B	state_5	0.017	1497.0	0.0116
series_B	state_1	0.091	1498.0	0.01358
series_B	state_2	0.078	1498.0	0.01325
series_B	state_3	0.06	1498.0	0.0128
series_B	state_4	0.043	1498.0	0.0124
series_B	state_5	0.017	1498.0	0.01158
series_B	state_1	0.091	1499.0	0.01356
series_B	state_2	0.078	1499.0	0.01323
series_B	state_3	0.06	1499.0	0.01279
series_B	state_4	0.043	1499.0	0.01241
series_B	state_5	0.017	1499.0	0.01157
series_B	state_1	0.091	1500.0	0.01353
series_B	state_2	0.078	1500.0	0.01318
series_B	state_3	0.06	1500.0	0.01277
series_B	state_4	0.043	1500.0	0.0124
series_B	state_5	0.017	1500.0	0.01156
series_B	state_1	0.091	1501.0	0.01351
series_B	state_2	0.078	1501.0	0.01318
series_B	state_3	0.06	1501.0	0.01277
series_B	state_4	0.043	1501.0	0.01242
series_B	state_5	0.017	1501.0	0.01155
series_B	state_1	0.091	1502.0	0.01353
series_B	state_2	0.078	1502.0	0.01317
series_B	state_3	0.06	1502.0	0.01276
series_B	state_4	0.043	1502.0	0.01244
series_B	state_5	0.017	1502.0	0.01154
series_B	state_1	0.091	1503.0	0.01353
series_B	state_2	0.078	1503.0	0.01313
series_B	state_3	0.06	1503.0	0.01274
series_B	state_4	0.043	1503.0	0.01246
series_B	state_5	0.017	1503.0	0.01153
series_B	state_1	0.091	1504.0	0.01352
series_B	state_2	0.078	1504.0	0.01309
series_B	state_3	0.06	1504.0	0.01273
series_B	state_4	0.043	1504.0	0.01246
series_B	state_5	0.017	1504.0	0.01152
series_B	state_1	0.091	1505.0	0.01347
series_B	state_2	0.078	1505.0	0.01309
series_B	state_3	0.06	1505.0	0.01273
series_B	state_4	0.043	1505.0	0.01245
series_B	state_5	0.017	1505.0	0.01152
series_B	state_1	0.091	1506.0	0.01346
series_B	state_2	0.078	1506.0	0.01306
series_B	state_3	0.06	1506.0	0.01274
series_B	state_4	0.043	1506.0	0.01241
series_B	state_5	0.017	1506.0	0.01153
series_B	state_1	0.091	1507.0	0.01345
series_B	state_2	0.078	1507.0	0.01309
series_B	state_3	0.06	1507.0	0.01274
series_B	state_4	0.043	1507.0	0.0124
series_B	state_5	0.017	1507.0	0.01152
series_B	state_1	0.091	1508.0	0.01345
series_B	state_2	0.078	1508.0	0.01307
series_B	state_3	0.06	1508.0	0.01273
series_B	state_4	0.043	1508.0	0.01238
series_B	state_5	0.017	1508.0	0.01152
series_B	state_1	0.091	1509.0	0.01343
series_B	state_2	0.078	1509.0	0.01306
series_B	state_3	0.06	1509.0	0.01271
series_B	state_4	0.043	1509.0	0.01238
series_B	state_5	0.017	1509.0	0.01149
series_B	state_1	0.091	1510.0	0.01341
series_B	state_2	0.078	1510.0	0.01304
series_B	state_3	0.06	1510.0	0.01267
series_B	state_4	0.043	1510.0	0.01236
series_B	state_5	0.017	1510.0	0.01146
series_B	state_1	0.091	1511.0	0.01336
series_B	state_2	0.078	1511.0	0.01304
series_B	state_3	0.06	1511.0	0.01265
series_B	state_4	0.043	1511.0	0.01233
series_B	state_5	0.017	1511.0	0.01145
series_B	state_1	0.091	1512.0	0.0133
series_B	state_2	0.078	1512.0	0.01301
series_B	state_3	0.06	1512.0	0.01262
series_B	state_4	0.043	1512.0	0.01231
series_B	state_5	0.017	1512.0	0.01139
series_B	state_1	0.091	1513.0	0.01325
series_B	state_2	0.078	1513.0	0.01301
series_B	state_3	0.06	1513.0	0.01261
series_B	state_4	0.043	1513.0	0.01228
series_B	state_5	0.017	1513.0	0.01137
series_B	state_1	0.091	1514.0	0.01321
series_B	state_2	0.078	1514.0	0.01295
series_B	state_3	0.06	1514.0	0.0126
series_B	state_4	0.043	1514.0	0.01229
series_B	state_5	0.017	1514.0	0.01138
series_B	state_1	0.091	1515.0	0.01319
series_B	state_2	0.078	1515.0	0.01295
series_B	state_3	0.06	1515.0	0.01259
series_B	state_4	0.043	1515.0	0.0123
series_B	state_5	0.017	1515.0	0.01139
series_B	state_1	0.091	1516.0	0.01319
series_B	state_2	0.078	1516.0	0.01294
series_B	state_3	0.06	1516.0	0.01257
series_B	state_4	0.043	1516.0	0.01231
series_B	state_5	0.017	1516.0	0.01141
series_B	state_1	0.091	1517.0	0.01318
series_B	state_2	0.078	1517.0	0.01296
series_B	state_3	0.06	1517.0	0.01258
series_B	state_4	0.043	1517.0	0.01231
series_B	state_5	0.017	1517.0	0.01142
series_B	state_1	0.091	1518.0	0.01318
series_B	state_2	0.078	1518.0	0.01296
series_B	state_3	0.06	1518.0	0.01258
series_B	state_4	0.043	1518.0	0.0123
series_B	state_5	0.017	1518.0	0.01144
series_B	state_1	0.091	1519.0	0.01317
series_B	state_2	0.078	1519.0	0.01298
series_B	state_3	0.06	1519.0	0.0126
series_B	state_4	0.043	1519.0	0.01234
series_B	state_5	0.017	1519.0	0.01148
series_B	state_1	0.091	1520.0	0.01316
series_B	state_2	0.078	1520.0	0.013
series_B	state_3	0.06	1520.0	0.01261
series_B	state_4	0.043	1520.0	0.01238
series_B	state_5	0.017	1520.0	0.01156
series_B	state_1	0.091	1521.0	0.01319
series_B	state_2	0.078	1521.0	0.01305
series_B	state_3	0.06	1521.0	0.01266
series_B	state_4	0.043	1521.0	0.01242
series_B	state_5	0.017	1521.0	0.01166
series_B	state_1	0.091	1522.0	0.01324
series_B	state_2	0.078	1522.0	0.01306
series_B	state_3	0.06	1522.0	0.01271
series_B	state_4	0.043	1522.0	0.01245
series_B	state_5	0.017	1522.0	0.01173
series_B	state_1	0.091	1523.0	0.01329
series_B	state_2	0.078	1523.0	0.01311
series_B	state_3	0.06	1523.0	0.01275
series_B	state_4	0.043	1523.0	0.01248
series_B	state_5	0.017	1523.0	0.01181
series_B	state_1	0.091	1524.0	0.01332
series_B	state_2	0.078	1524.0	0.01316
series_B	state_3	0.06	1524.0	0.01278
series_B	state_4	0.043	1524.0	0.01252
series_B	state_5	0.017	1524.0	0.01188
series_B	state_1	0.091	1525.0	0.01337
series_B	state_2	0.078	1525.0	0.01323
series_B	state_3	0.06	1525.0	0.01279
series_B	state_4	0.043	1525.0	0.01255
series_B	state_5	0.017	1525.0	0.01194
series_B	state_1	0.091	1526.0	0.01343
series_B	state_2	0.078	1526.0	0.01323
series_B	state_3	0.06	1526.0	0.01282
series_B	state_4	0.043	1526.0	0.01256
series_B	state_5	0.017	1526.0	0.01199
series_B	state_1	0.091	1527.0	0.01345
series_B	state_2	0.078	1527.0	0.01327
series_B	state_3	0.06	1527.0	0.01282
series_B	state_4	0.043	1527.0	0.0126
series_B	state_5	0.017	1527.0	0.01203
series_B	state_1	0.091	1528.0	0.01344
series_B	state_2	0.078	1528.0	0.01323
series_B	state_3	0.06	1528.0	0.01281
series_B	state_4	0.043	1528.0	0.01256
series_B	state_5	0.017	1528.0	0.01207
series_B	state_1	0.091	1529.0	0.01342
series_B	state_2	0.078	1529.0	0.01321
series_B	state_3	0.06	1529.0	0.01279
series_B	state_4	0.043	1529.0	0.01256
series_B	state_5	0.017	1529.0	0.01206
series_B	state_1	0.091	1530.0	0.01336
series_B	state_2	0.078	1530.0	0.01318
series_B	state_3	0.06	1530.0	0.01277
series_B	state_4	0.043	1530.0	0.01253
series_B	state_5	0.017	1530.0	0.01205
series_B	state_1	0.091	1531.0	0.0133
series_B	state_2	0.078	1531.0	0.01311
series_B	state_3	0.06	1531.0	0.01271
series_B	state_4	0.043	1531.0	0.01249
series_B	state_5	0.017	1531.0	0.012
series_B	state_1	0.091	1532.0	0.01324
series_B	state_2	0.078	1532.0	0.01303
series_B	state_3	0.06	1532.0	0.01268
series_B	state_4	0.043	1532.0	0.01245
series_B	state_5	0.017	1532.0	0.01196
series_B	state_1	0.091	1533.0	0.01316
series_B	state_2	0.078	1533.0	0.01296
series_B	state_3	0.06	1533.0	0.01262
series_B	state_4	0.043	1533.0	0.01239
series_B	state_5	0.017	1533.0	0.01189
series_B	state_1	0.091	1534.0	0.0131
series_B	state_2	0.078	1534.0	0.01287
series_B	state_3	0.06	1534.0	0.01255
series_B	state_4	0.043	1534.0	0.01231
series_B	state_5	0.017	1534.0	0.0118
series_B	state_1	0.091	1535.0	0.01304
series_B	state_2	0.078	1535.0	0.01281
series_B	state_3	0.06	1535.0	0.01251
series_B	state_4	0.043	1535.0	0.01224
series_B	state_5	0.017	1535.0	0.01172
series_B	state_1	0.091	1536.0	0.01295
series_B	state_2	0.078	1536.0	0.01272
series_B	state_3	0.06	1536.0	0.01246
series_B	state_4	0.043	1536.0	0.01218
series_B	state_5	0.017	1536.0	0.01165
series_B	state_1	0.091	1537.0	0.01288
series_B	state_2	0.078	1537.0	0.01265
series_B	state_3	0.06	1537.0	0.01239
series_B	state_4	0.043	1537.0	0.0121
series_B	state_5	0.017	1537.0	0.01157
series_B	state_1	0.091	1538.0	0.0128
series_B	state_2	0.078	1538.0	0.01258
series_B	state_3	0.06	1538.0	0.01231
series_B	state_4	0.043	1538.0	0.01204
series_B	state_5	0.017	1538.0	0.01152
series_B	state_1	0.091	1539.0	0.01273
series_B	state_2	0.078	1539.0	0.01254
series_B	state_3	0.06	1539.0	0.01226
series_B	state_4	0.043	1539.0	0.01204
series_B	state_5	0.017	1539.0	0.01144
series_B	state_1	0.091	1540.0	0.01267
series_B	state_2	0.078	1540.0	0.01248
series_B	state_3	0.06	1540.0	0.01223
series_B	state_4	0.043	1540.0	0.01198
series_B	state_5	0.017	1540.0	0.0114
series_B	state_1	0.091	1541.0	0.01265
series_B	state_2	0.078	1541.0	0.01244
series_B	state_3	0.06	1541.0	0.0122
series_B	state_4	0.043	1541.0	0.01195
series_B	state_5	0.017	1541.0	0.01138
series_B	state_1	0.091	1542.0	0.01262
series_B	state_2	0.078	1542.0	0.0124
series_B	state_3	0.06	1542.0	0.01219
series_B	state_4	0.043	1542.0	0.0119
series_B	state_5	0.017	1542.0	0.01134
series_B	state_1	0.091	1543.0	0.0126
series_B	state_2	0.078	1543.0	0.01243
series_B	state_3	0.06	1543.0	0.01212
series_B	state_4	0.043	1543.0	0.01186
series_B	state_5	0.017	1543.0	0.01131
series_B	state_1	0.091	1544.0	0.01258
series_B	state_2	0.078	1544.0	0.01238
series_B	state_3	0.06	1544.0	0.0121
series_B	state_4	0.043	1544.0	0.01183
series_B	state_5	0.017	1544.0	0.0113
series_B	state_1	0.091	1545.0	0.01259
series_B	state_2	0.078	1545.0	0.01235
series_B	state_3	0.06	1545.0	0.01205
series_B	state_4	0.043	1545.0	0.01182
series_B	state_5	0.017	1545.0	0.01132
series_B	state_1	0.091	1546.0	0.01256
series_B	state_2	0.078	1546.0	0.01229
series_B	state_3	0.06	1546.0	0.01205
series_B	state_4	0.043	1546.0	0.01181
series_B	state_5	0.017	1546.0	0.01138
series_B	state_1	0.091	1547.0	0.01255
series_B	state_2	0.078	1547.0	0.01227
series_B	state_3	0.06	1547.0	0.01204
series_B	state_4	0.043	1547.0	0.01182
series_B	state_5	0.017	1547.0	0.01139
series_B	state_1	0.091	1548.0	0.01252
series_B	state_2	0.078	1548.0	0.01226
series_B	state_3	0.06	1548.0	0.01203
series_B	state_4	0.043	1548.0	0.01178
series_B	state_5	0.017	1548.0	0.01139
series_B	state_1	0.091	1549.0	0.01252
series_B	state_2	0.078	1549.0	0.01224
series_B	state_3	0.06	1549.0	0.012
series_B	state_4	0.043	1549.0	0.01182
series_B	state_5	0.017	1549.0	0.01137
series_B	state_1	0.091	1550.0	0.01249
series_B	state_2	0.078	1550.0	0.01221
series_B	state_3	0.06	1550.0	0.01198
series_B	state_4	0.043	1550.0	0.01181
series_B	state_5	0.017	1550.0	0.01138
series_B	state_1	0.091	1551.0	0.01246
series_B	state_2	0.078	1551.0	0.0122
series_B	state_3	0.06	1551.0	0.01198
series_B	state_4	0.043	1551.0	0.01184
series_B	state_5	0.017	1551.0	0.01135
series_B	state_1	0.091	1552.0	0.01242
series_B	state_2	0.078	1552.0	0.0122
series_B	state_3	0.06	1552.0	0.01201
series_B	state_4	0.043	1552.0	0.0118
series_B	state_5	0.017	1552.0	0.01134
series_B	state_1	0.091	1553.0	0.01239
series_B	state_2	0.078	1553.0	0.01221
series_B	state_3	0.06	1553.0	0.01199
series_B	state_4	0.043	1553.0	0.01178
series_B	state_5	0.017	1553.0	0.01133
series_B	state_1	0.091	1554.0	0.01239
series_B	state_2	0.078	1554.0	0.0122
series_B	state_3	0.06	1554.0	0.01199
series_B	state_4	0.043	1554.0	0.01175
series_B	state_5	0.017	1554.0	0.0113
series_B	state_1	0.091	1555.0	0.01235
series_B	state_2	0.078	1555.0	0.0122
series_B	state_3	0.06	1555.0	0.012
series_B	state_4	0.043	1555.0	0.01176
series_B	state_5	0.017	1555.0	0.0113
series_B	state_1	0.091	1556.0	0.01233
series_B	state_2	0.078	1556.0	0.01222
series_B	state_3	0.06	1556.0	0.012
series_B	state_4	0.043	1556.0	0.01172
series_B	state_5	0.017	1556.0	0.0113
series_B	state_1	0.091	1557.0	0.01231
series_B	state_2	0.078	1557.0	0.01219
series_B	state_3	0.06	1557.0	0.01199
series_B	state_4	0.043	1557.0	0.01169
series_B	state_5	0.017	1557.0	0.01125
series_B	state_1	0.091	1558.0	0.01227
series_B	state_2	0.078	1558.0	0.01218
series_B	state_3	0.06	1558.0	0.01196
series_B	state_4	0.043	1558.0	0.01166
series_B	state_5	0.017	1558.0	0.01127
series_B	state_1	0.091	1559.0	0.01226
series_B	state_2	0.078	1559.0	0.01216
series_B	state_3	0.06	1559.0	0.01194
series_B	state_4	0.043	1559.0	0.01165
series_B	state_5	0.017	1559.0	0.01121
series_B	state_1	0.091	1560.0	0.01225
series_B	state_2	0.078	1560.0	0.01213
series_B	state_3	0.06	1560.0	0.01192
series_B	state_4	0.043	1560.0	0.01161
series_B	state_5	0.017	1560.0	0.01125
series_B	state_1	0.091	1561.0	0.01223
series_B	state_2	0.078	1561.0	0.01212
series_B	state_3	0.06	1561.0	0.01188
series_B	state_4	0.043	1561.0	0.01158
series_B	state_5	0.017	1561.0	0.01127
series_B	state_1	0.091	1562.0	0.01223
series_B	state_2	0.078	1562.0	0.01212
series_B	state_3	0.06	1562.0	0.01187
series_B	state_4	0.043	1562.0	0.01155
series_B	state_5	0.017	1562.0	0.01128
series_B	state_1	0.091	1563.0	0.01226
series_B	state_2	0.078	1563.0	0.0121
series_B	state_3	0.06	1563.0	0.01185
series_B	state_4	0.043	1563.0	0.01157
series_B	state_5	0.017	1563.0	0.01126
series_B	state_1	0.091	1564.0	0.01227
series_B	state_2	0.078	1564.0	0.01207
series_B	state_3	0.06	1564.0	0.01186
series_B	state_4	0.043	1564.0	0.0116
series_B	state_5	0.017	1564.0	0.01129
series_B	state_1	0.091	1565.0	0.01229
series_B	state_2	0.078	1565.0	0.01205
series_B	state_3	0.06	1565.0	0.01183
series_B	state_4	0.043	1565.0	0.01164
series_B	state_5	0.017	1565.0	0.01131
series_B	state_1	0.091	1566.0	0.01228
series_B	state_2	0.078	1566.0	0.01201
series_B	state_3	0.06	1566.0	0.01182
series_B	state_4	0.043	1566.0	0.01165
series_B	state_5	0.017	1566.0	0.01132
series_B	state_1	0.091	1567.0	0.01228
series_B	state_2	0.078	1567.0	0.012
series_B	state_3	0.06	1567.0	0.01181
series_B	state_4	0.043	1567.0	0.01165
series_B	state_5	0.017	1567.0	0.01126
series_B	state_1	0.091	1568.0	0.01224
series_B	state_2	0.078	1568.0	0.01206
series_B	state_3	0.06	1568.0	0.01179
series_B	state_4	0.043	1568.0	0.01167
series_B	state_5	0.017	1568.0	0.01124
series_B	state_1	0.091	1569.0	0.01222
series_B	state_2	0.078	1569.0	0.01204
series_B	state_3	0.06	1569.0	0.01176
series_B	state_4	0.043	1569.0	0.01169
series_B	state_5	0.017	1569.0	0.0112
series_B	state_1	0.091	1570.0	0.01219
series_B	state_2	0.078	1570.0	0.01205
series_B	state_3	0.06	1570.0	0.01177
series_B	state_4	0.043	1570.0	0.0117
series_B	state_5	0.017	1570.0	0.01119
series_B	state_1	0.091	1571.0	0.01217
series_B	state_2	0.078	1571.0	0.01204
series_B	state_3	0.06	1571.0	0.01179
series_B	state_4	0.043	1571.0	0.01169
series_B	state_5	0.017	1571.0	0.01113
series_B	state_1	0.091	1572.0	0.01215
series_B	state_2	0.078	1572.0	0.01204
series_B	state_3	0.06	1572.0	0.01178
series_B	state_4	0.043	1572.0	0.01168
series_B	state_5	0.017	1572.0	0.01113
series_B	state_1	0.091	1573.0	0.01214
series_B	state_2	0.078	1573.0	0.01205
series_B	state_3	0.06	1573.0	0.01173
series_B	state_4	0.043	1573.0	0.01167
series_B	state_5	0.017	1573.0	0.0111
series_B	state_1	0.091	1574.0	0.01211
series_B	state_2	0.078	1574.0	0.01203
series_B	state_3	0.06	1574.0	0.0117
series_B	state_4	0.043	1574.0	0.01166
series_B	state_5	0.017	1574.0	0.01105
series_B	state_1	0.091	1575.0	0.01208
series_B	state_2	0.078	1575.0	0.01204
series_B	state_3	0.06	1575.0	0.01175
series_B	state_4	0.043	1575.0	0.01166
series_B	state_5	0.017	1575.0	0.01107
series_B	state_1	0.091	1576.0	0.01206
series_B	state_2	0.078	1576.0	0.01202
series_B	state_3	0.06	1576.0	0.01175
series_B	state_4	0.043	1576.0	0.01164
series_B	state_5	0.017	1576.0	0.01106
series_B	state_1	0.091	1577.0	0.01204
series_B	state_2	0.078	1577.0	0.01198
series_B	state_3	0.06	1577.0	0.01175
series_B	state_4	0.043	1577.0	0.01164
series_B	state_5	0.017	1577.0	0.01105
series_B	state_1	0.091	1578.0	0.01203
series_B	state_2	0.078	1578.0	0.01196
series_B	state_3	0.06	1578.0	0.01168
series_B	state_4	0.043	1578.0	0.01161
series_B	state_5	0.017	1578.0	0.01107
series_B	state_1	0.091	1579.0	0.01204
series_B	state_2	0.078	1579.0	0.01192
series_B	state_3	0.06	1579.0	0.01164
series_B	state_4	0.043	1579.0	0.01162
series_B	state_5	0.017	1579.0	0.01108
series_B	state_1	0.091	1580.0	0.01203
series_B	state_2	0.078	1580.0	0.01188
series_B	state_3	0.06	1580.0	0.01164
series_B	state_4	0.043	1580.0	0.01163
series_B	state_5	0.017	1580.0	0.01112
series_B	state_1	0.091	1581.0	0.01205
series_B	state_2	0.078	1581.0	0.01189
series_B	state_3	0.06	1581.0	0.01164
series_B	state_4	0.043	1581.0	0.01161
series_B	state_5	0.017	1581.0	0.01114
series_B	state_1	0.091	1582.0	0.01206
series_B	state_2	0.078	1582.0	0.01185
series_B	state_3	0.06	1582.0	0.01165
series_B	state_4	0.043	1582.0	0.01159
series_B	state_5	0.017	1582.0	0.01117
series_B	state_1	0.091	1583.0	0.01206
series_B	state_2	0.078	1583.0	0.01183
series_B	state_3	0.06	1583.0	0.01163
series_B	state_4	0.043	1583.0	0.01159
series_B	state_5	0.017	1583.0	0.01116
series_B	state_1	0.091	1584.0	0.01203
series_B	state_2	0.078	1584.0	0.01187
series_B	state_3	0.06	1584.0	0.01164
series_B	state_4	0.043	1584.0	0.01158
series_B	state_5	0.017	1584.0	0.01118
series_B	state_1	0.091	1585.0	0.01206
series_B	state_2	0.078	1585.0	0.01184
series_B	state_3	0.06	1585.0	0.01161
series_B	state_4	0.043	1585.0	0.01159
series_B	state_5	0.017	1585.0	0.01118
series_B	state_1	0.091	1586.0	0.012
series_B	state_2	0.078	1586.0	0.01183
series_B	state_3	0.06	1586.0	0.01165
series_B	state_4	0.043	1586.0	0.01157
series_B	state_5	0.017	1586.0	0.01117
series_B	state_1	0.091	1587.0	0.01197
series_B	state_2	0.078	1587.0	0.01185
series_B	state_3	0.06	1587.0	0.01168
series_B	state_4	0.043	1587.0	0.01155
series_B	state_5	0.017	1587.0	0.01115
series_B	state_1	0.091	1588.0	0.01191
series_B	state_2	0.078	1588.0	0.01186
series_B	state_3	0.06	1588.0	0.01169
series_B	state_4	0.043	1588.0	0.01153
series_B	state_5	0.017	1588.0	0.01112
series_B	state_1	0.091	1589.0	0.01191
series_B	state_2	0.078	1589.0	0.01183
series_B	state_3	0.06	1589.0	0.0117
series_B	state_4	0.043	1589.0	0.0115
series_B	state_5	0.017	1589.0	0.01112
series_B	state_1	0.091	1590.0	0.01189
series_B	state_2	0.078	1590.0	0.01183
series_B	state_3	0.06	1590.0	0.01174
series_B	state_4	0.043	1590.0	0.01148
series_B	state_5	0.017	1590.0	0.01113
series_B	state_1	0.091	1591.0	0.01188
series_B	state_2	0.078	1591.0	0.01182
series_B	state_3	0.06	1591.0	0.01174
series_B	state_4	0.043	1591.0	0.01148
series_B	state_5	0.017	1591.0	0.01114
series_B	state_1	0.091	1592.0	0.01188
series_B	state_2	0.078	1592.0	0.01181
series_B	state_3	0.06	1592.0	0.01173
series_B	state_4	0.043	1592.0	0.01148
series_B	state_5	0.017	1592.0	0.01115
series_B	state_1	0.091	1593.0	0.01189
series_B	state_2	0.078	1593.0	0.0118
series_B	state_3	0.06	1593.0	0.01172
series_B	state_4	0.043	1593.0	0.01148
series_B	state_5	0.017	1593.0	0.01116
series_B	state_1	0.091	1594.0	0.01189
series_B	state_2	0.078	1594.0	0.01179
series_B	state_3	0.06	1594.0	0.01171
series_B	state_4	0.043	1594.0	0.01149
series_B	state_5	0.017	1594.0	0.01118
series_B	state_1	0.091	1595.0	0.0119
series_B	state_2	0.078	1595.0	0.01178
series_B	state_3	0.06	1595.0	0.0117
series_B	state_4	0.043	1595.0	0.0115
series_B	state_5	0.017	1595.0	0.0112
series_B	state_1	0.091	1596.0	0.01192
series_B	state_2	0.078	1596.0	0.01176
series_B	state_3	0.06	1596.0	0.01168
series_B	state_4	0.043	1596.0	0.01151
series_B	state_5	0.017	1596.0	0.01122
series_B	state_1	0.091	1597.0	0.01193
series_B	state_2	0.078	1597.0	0.01175
series_B	state_3	0.06	1597.0	0.01165
series_B	state_4	0.043	1597.0	0.01153
series_B	state_5	0.017	1597.0	0.01124
series_B	state_1	0.091	1598.0	0.01195
series_B	state_2	0.078	1598.0	0.01173
series_B	state_3	0.06	1598.0	0.01163
series_B	state_4	0.043	1598.0	0.01155
series_B	state_5	0.017	1598.0	0.01126
series_B	state_1	0.091	1599.0	0.01197
series_B	state_2	0.078	1599.0	0.01172
series_B	state_3	0.06	1599.0	0.0116
series_B	state_4	0.043	1599.0	0.01157
series_B	state_5	0.017	1599.0	0.01129
series_B	state_1	0.091	1600.0	0.012
series_B	state_2	0.078	1600.0	0.0117
series_B	state_3	0.06	1600.0	0.01157
series_B	state_4	0.043	1600.0	0.0116
series_B	state_5	0.017	1600.0	0.01132
series_C	state_1	0.084	900.0	0.01708
series_C	state_2	0.067	900.0	0.01616
series_C	state_3	0.053	900.0	0.01501
series_C	state_4	0.039	900.0	0.0139
series_C	state_5	0.025	900.0	0.01291
series_C	state_1	0.084	901.0	0.01748
series_C	state_2	0.067	901.0	0.01656
series_C	state_3	0.053	901.0	0.0153
series_C	state_4	0.039	901.0	0.01409
series_C	state_5	0.025	901.0	0.01301
series_C	state_1	0.084	902.0	0.01783
series_C	state_2	0.067	902.0	0.01694
series_C	state_3	0.053	902.0	0.01558
series_C	state_4	0.039	902.0	0.01428
series_C	state_5	0.025	902.0	0.01316
series_C	state_1	0.084	903.0	0.0182
series_C	state_2	0.067	903.0	0.01729
series_C	state_3	0.053	903.0	0.0159
series_C	state_4	0.039	903.0	0.01449
series_C	state_5	0.025	903.0	0.01327
series_C	state_1	0.084	904.0	0.01857
series_C	state_2	0.067	904.0	0.01754
series_C	state_3	0.053	904.0	0.01618
series_C	state_4	0.039	904.0	0.01467
series_C	state_5	0.025	904.0	0.0134
series_C	state_1	0.084	905.0	0.01895
series_C	state_2	0.067	905.0	0.01784
series_C	state_3	0.053	905.0	0.01648
series_C	state_4	0.039	905.0	0.01488
series_C	state_5	0.025	905.0	0.01349
series_C	state_1	0.084	906.0	0.01929
series_C	state_2	0.067	906.0	0.01815
series_C	state_3	0.053	906.0	0.01678
series_C	state_4	0.039	906.0	0.01511
series_C	state_5	0.025	906.0	0.0136
series_C	state_1	0.084	907.0	0.01964
series_C	state_2	0.067	907.0	0.01843
series_C	state_3	0.053	907.0	0.01708
series_C	state_4	0.039	907.0	0.01532
series_C	state_5	0.025	907.0	0.01371
series_C	state_1	0.084	908.0	0.02004
series_C	state_2	0.067	908.0	0.01872
series_C	state_3	0.053	908.0	0.01739
series_C	state_4	0.039	908.0	0.01554
series_C	state_5	0.025	908.0	0.01382
series_C	state_1	0.084	909.0	0.02042
series_C	state_2	0.067	909.0	0.01903
series_C	state_3	0.053	909.0	0.01767
series_C	state_4	0.039	909.0	0.01577
series_C	state_5	0.025	909.0	0.01391
series_C	state_1	0.084	910.0	0.02081
series_C	state_2	0.067	910.0	0.01936
series_C	state_3	0.053	910.0	0.01794
series_C	state_4	0.039	910.0	0.01598
series_C	state_5	0.025	910.0	0.01399
series_C	state_1	0.084	911.0	0.02118
series_C	state_2	0.067	911.0	0.01969
series_C	state_3	0.053	911.0	0.0182
series_C	state_4	0.039	911.0	0.01622
series_C	state_5	0.025	911.0	0.01407
series_C	state_1	0.084	912.0	0.02156
series_C	state_2	0.067	912.0	0.02003
series_C	state_3	0.053	912.0	0.01841
series_C	state_4	0.039	912.0	0.01646
series_C	state_5	0.025	912.0	0.01413
series_C	state_1	0.084	913.0	0.02197
series_C	state_2	0.067	913.0	0.02037
series_C	state_3	0.053	913.0	0.01856
series_C	state_4	0.039	913.0	0.01667
series_C	state_5	0.025	913.0	0.01417
series_C	state_1	0.084	914.0	0.02237
series_C	state_2	0.067	914.0	0.0207
series_C	state_3	0.053	914.0	0.01865
series_C	state_4	0.039	914.0	0.01688
series_C	state_5	0.025	914.0	0.0142
series_C	state_1	0.084	915.0	0.02276
series_C	state_2	0.067	915.0	0.02103
series_C	state_3	0.053	915.0	0.0188
series_C	state_4	0.039	915.0	0.01708
series_C	state_5	0.025	915.0	0.01425
series_C	state_1	0.084	916.0	0.02316
series_C	state_2	0.067	916.0	0.02137
series_C	state_3	0.053	916.0	0.01894
series_C	state_4	0.039	916.0	0.01728
series_C	state_5	0.025	916.0	0.01431
series_C	state_1	0.084	917.0	0.02352
series_C	state_2	0.067	917.0	0.02166
series_C	state_3	0.053	917.0	0.01909
series_C	state_4	0.039	917.0	0.01746
series_C	state_5	0.025	917.0	0.01439
series_C	state_1	0.084	918.0	0.02383
series_C	state_2	0.067	918.0	0.02199
series_C	state_3	0.053	918.0	0.01925
series_C	state_4	0.039	918.0	0.01759
series_C	state_5	0.025	918.0	0.0145
series_C	state_1	0.084	919.0	0.02412
series_C	state_2	0.067	919.0	0.02227
series_C	state_3	0.053	919.0	0.01941
series_C	state_4	0.039	919.0	0.0177
series_C	state_5	0.025	919.0	0.01459
series_C	state_1	0.084	920.0	0.02443
series_C	state_2	0.067	920.0	0.02256
series_C	state_3	0.053	920.0	0.01961
series_C	state_4	0.039	920.0	0.01781
series_C	state_5	0.025	920.0	0.01473
series_C	state_1	0.084	921.0	0.02471
series_C	state_2	0.067	921.0	0.02283
series_C	state_3	0.053	921.0	0.01981
series_C	state_4	0.039	921.0	0.01796
series_C	state_5	0.025	921.0	0.01482
series_C	state_1	0.084	922.0	0.02497
series_C	state_2	0.067	922.0	0.02304
series_C	state_3	0.053	922.0	0.02
series_C	state_4	0.039	922.0	0.01807
series_C	state_5	0.025	922.0	0.01495
series_C	state_1	0.084	923.0	0.02528
series_C	state_2	0.067	923.0	0.02325
series_C	state_3	0.053	923.0	0.02023
series_C	state_4	0.039	923.0	0.01819
series_C	state_5	0.025	923.0	0.01504
series_C	state_1	0.084	924.0	0.0256
series_C	state_2	0.067	924.0	0.02339
series_C	state_3	0.053	924.0	0.02049
series_C	state_4	0.039	924.0	0.01832
series_C	state_5	0.025	924.0	0.01518
series_C	state_1	0.084	925.0	0.02595
series_C	state_2	0.067	925.0	0.02364
series_C	state_3	0.053	925.0	0.02076
series_C	state_4	0.039	925.0	0.01844
series_C	state_5	0.025	925.0	0.01534
series_C	state_1	0.084	926.0	0.02632
series_C	state_2	0.067	926.0	0.02391
series_C	state_3	0.053	926.0	0.02106
series_C	state_4	0.039	926.0	0.01857
series_C	state_5	0.025	926.0	0.01545
series_C	state_1	0.084	927.0	0.02662
series_C	state_2	0.067	927.0	0.02418
series_C	state_3	0.053	927.0	0.02136
series_C	state_4	0.039	927.0	0.01867
series_C	state_5	0.025	927.0	0.01558
series_C	state_1	0.084	928.0	0.02694
series_C	state_2	0.067	928.0	0.02448
series_C	state_3	0.053	928.0	0.02167
series_C	state_4	0.039	928.0	0.01873
series_C	state_5	0.025	928.0	0.01567
series_C	state_1	0.084	929.0	0.02724
series_C	state_2	0.067	929.0	0.02482
series_C	state_3	0.053	929.0	0.02197
series_C	state_4	0.039	929.0	0.01881
series_C	state_5	0.025	929.0	0.01578
series_C	state_1	0.084	930.0	0.02757
series_C	state_2	0.067	930.0	0.02518
series_C	state_3	0.053	930.0	0.02226
series_C	state_4	0.039	930.0	0.01891
series_C	state_5	0.025	930.0	0.01589
series_C	state_1	0.084	931.0	0.0279
series_C	state_2	0.067	931.0	0.02553
series_C	state_3	0.053	931.0	0.02256
series_C	state_4	0.039	931.0	0.01906
series_C	state_5	0.025	931.0	0.01597
series_C	state_1	0.084	932.0	0.02828
series_C	state_2	0.067	932.0	0.02591
series_C	state_3	0.053	932.0	0.02282
series_C	state_4	0.039	932.0	0.01919
series_C	state_5	0.025	932.0	0.01607
series_C	state_1	0.084	933.0	0.02866
series_C	state_2	0.067	933.0	0.0263
series_C	state_3	0.053	933.0	0.02306
series_C	state_4	0.039	933.0	0.01937
series_C	state_5	0.025	933.0	0.01618
series_C	state_1	0.084	934.0	0.02906
series_C	state_2	0.067	934.0	0.02667
series_C	state_3	0.053	934.0	0.02331
series_C	state_4	0.039	934.0	0.01959
series_C	state_5	0.025	934.0	0.01627
series_C	state_1	0.084	935.0	0.02946
series_C	state_2	0.067	935.0	0.027
series_C	state_3	0.053	935.0	0.02362
series_C	state_4	0.039	935.0	0.01982
series_C	state_5	0.025	935.0	0.01642
series_C	state_1	0.084	936.0	0.02986
series_C	state_2	0.067	936.0	0.02732
series_C	state_3	0.053	936.0	0.02386
series_C	state_4	0.039	936.0	0.02008
series_C	state_5	0.025	936.0	0.01654
series_C	state_1	0.084	937.0	0.03026
series_C	state_2	0.067	937.0	0.02759
series_C	state_3	0.053	937.0	0.02411
series_C	state_4	0.039	937.0	0.02033
series_C	state_5	0.025	937.0	0.01666
series_C	state_1	0.084	938.0	0.03066
series_C	state_2	0.067	938.0	0.02791
series_C	state_3	0.053	938.0	0.02436
series_C	state_4	0.039	938.0	0.02057
series_C	state_5	0.025	938.0	0.01682
series_C	state_1	0.084	939.0	0.03107
series_C	state_2	0.067	939.0	0.02818
series_C	state_3	0.053	939.0	0.02462
series_C	state_4	0.039	939.0	0.02083
series_C	state_5	0.025	939.0	0.01699
series_C	state_1	0.084	940.0	0.0315
series_C	state_2	0.067	940.0	0.0285
series_C	state_3	0.053	940.0	0.02489
series_C	state_4	0.039	940.0	0.0211
series_C	state_5	0.025	940.0	0.01716
series_C	state_1	0.084	941.0	0.03188
series_C	state_2	0.067	941.0	0.02882
series_C	state_3	0.053	941.0	0.02514
series_C	state_4	0.039	941.0	0.02136
series_C	state_5	0.025	941.0	0.01723
series_C	state_1	0.084	942.0	0.03227
series_C	state_2	0.067	942.0	0.02913
series_C	state_3	0.053	942.0	0.0254
series_C	state_4	0.039	942.0	0.02162
series_C	state_5	0.025	942.0	0.01734
series_C	state_1	0.084	943.0	0.03269
series_C	state_2	0.067	943.0	0.02948
series_C	state_3	0.053	943.0	0.02564
series_C	state_4	0.039	943.0	0.02187
series_C	state_5	0.025	943.0	0.01745
series_C	state_1	0.084	944.0	0.03313
series_C	state_2	0.067	944.0	0.02979
series_C	state_3	0.053	944.0	0.0259
series_C	state_4	0.039	944.0	0.02211
series_C	state_5	0.025	944.0	0.01759
series_C	state_1	0.084	945.0	0.03353
series_C	state_2	0.067	945.0	0.03016
series_C	state_3	0.053	945.0	0.02616
series_C	state_4	0.039	945.0	0.02228
series_C	state_5	0.025	945.0	0.0177
series_C	state_1	0.084	946.0	0.03389
series_C	state_2	0.067	946.0	0.03053
series_C	state_3	0.053	946.0	0.02639
series_C	state_4	0.039	946.0	0.02246
series_C	state_5	0.025	946.0	0.01775
series_C	state_1	0.084	947.0	0.03418
series_C	state_2	0.067	947.0	0.03088
series_C	state_3	0.053	947.0	0.02663
series_C	state_4	0.039	947.0	0.0226
series_C	state_5	0.025	947.0	0.01784
series_C	state_1	0.084	948.0	0.03455
series_C	state_2	0.067	948.0	0.03124
series_C	state_3	0.053	948.0	0.02689
series_C	state_4	0.039	948.0	0.0227
series_C	state_5	0.025	948.0	0.01788
series_C	state_1	0.084	949.0	0.03491
series_C	state_2	0.067	949.0	0.0316
series_C	state_3	0.053	949.0	0.02713
series_C	state_4	0.039	949.0	0.02285
series_C	state_5	0.025	949.0	0.01796
series_C	state_1	0.084	950.0	0.03529
series_C	state_2	0.067	950.0	0.03191
series_C	state_3	0.053	950.0	0.02739
series_C	state_4	0.039	950.0	0.02299
series_C	state_5	0.025	950.0	0.01802
series_C	state_1	0.084	951.0	0.03566
series_C	state_2	0.067	951.0	0.03224
series_C	state_3	0.053	951.0	0.02765
series_C	state_4	0.039	951.0	0.02311
series_C	state_5	0.025	951.0	0.01809
series_C	state_1	0.084	952.0	0.03602
series_C	state_2	0.067	952.0	0.03257
series_C	state_3	0.053	952.0	0.02785
series_C	state_4	0.039	952.0	0.02326
series_C	state_5	0.025	952.0	0.01819
series_C	state_1	0.084	953.0	0.03638
series_C	state_2	0.067	953.0	0.03288
series_C	state_3	0.053	953.0	0.02804
series_C	state_4	0.039	953.0	0.02342
series_C	state_5	0.025	953.0	0.01828
series_C	state_1	0.084	954.0	0.03675
series_C	state_2	0.067	954.0	0.03315
series_C	state_3	0.053	954.0	0.02819
series_C	state_4	0.039	954.0	0.02358
series_C	state_5	0.025	954.0	0.01837
series_C	state_1	0.084	955.0	0.03714
series_C	state_2	0.067	955.0	0.03339
series_C	state_3	0.053	955.0	0.02834
series_C	state_4	0.039	955.0	0.02374
series_C	state_5	0.025	955.0	0.01848
series_C	state_1	0.084	956.0	0.03754
series_C	state_2	0.067	956.0	0.03368
series_C	state_3	0.053	956.0	0.02847
series_C	state_4	0.039	956.0	0.02393
series_C	state_5	0.025	956.0	0.01856
series_C	state_1	0.084	957.0	0.03791
series_C	state_2	0.067	957.0	0.03394
series_C	state_3	0.053	957.0	0.02865
series_C	state_4	0.039	957.0	0.02411
series_C	state_5	0.025	957.0	0.01869
series_C	state_1	0.084	958.0	0.03827
series_C	state_2	0.067	958.0	0.03427
series_C	state_3	0.053	958.0	0.02886
series_C	state_4	0.039	958.0	0.02428
series_C	state_5	0.025	958.0	0.01881
series_C	state_1	0.084	959.0	0.03867
series_C	state_2	0.067	959.0	0.03457
series_C	state_3	0.053	959.0	0.02908
series_C	state_4	0.039	959.0	0.02447
series_C	state_5	0.025	959.0	0.0189
series_C	state_1	0.084	960.0	0.03907
series_C	state_2	0.067	960.0	0.0349
series_C	state_3	0.053	960.0	0.02932
series_C	state_4	0.039	960.0	0.02464
series_C	state_5	0.025	960.0	0.01896
series_C	state_1	0.084	961.0	0.03943
series_C	state_2	0.067	961.0	0.03521
series_C	state_3	0.053	961.0	0.02957
series_C	state_4	0.039	961.0	0.02483
series_C	state_5	0.025	961.0	0.019
series_C	state_1	0.084	962.0	0.03979
series_C	state_2	0.067	962.0	0.03553
series_C	state_3	0.053	962.0	0.02984
series_C	state_4	0.039	962.0	0.02504
series_C	state_5	0.025	962.0	0.01907
series_C	state_1	0.084	963.0	0.04017
series_C	state_2	0.067	963.0	0.03586
series_C	state_3	0.053	963.0	0.03008
series_C	state_4	0.039	963.0	0.02525
series_C	state_5	0.025	963.0	0.01912
series_C	state_1	0.084	964.0	0.04052
series_C	state_2	0.067	964.0	0.03617
series_C	state_3	0.053	964.0	0.03037
series_C	state_4	0.039	964.0	0.02546
series_C	state_5	0.025	964.0	0.01917
series_C	state_1	0.084	965.0	0.04088
series_C	state_2	0.067	965.0	0.03649
series_C	state_3	0.053	965.0	0.03067
series_C	state_4	0.039	965.0	0.02564
series_C	state_5	0.025	965.0	0.01919
series_C	state_1	0.084	966.0	0.04118
series_C	state_2	0.067	966.0	0.03677
series_C	state_3	0.053	966.0	0.03093
series_C	state_4	0.039	966.0	0.02585
series_C	state_5	0.025	966.0	0.01914
series_C	state_1	0.084	967.0	0.04147
series_C	state_2	0.067	967.0	0.03705
series_C	state_3	0.053	967.0	0.03126
series_C	state_4	0.039	967.0	0.02605
series_C	state_5	0.025	967.0	0.01911
series_C	state_1	0.084	968.0	0.04177
series_C	state_2	0.067	968.0	0.0373
series_C	state_3	0.053	968.0	0.03155
series_C	state_4	0.039	968.0	0.02623
series_C	state_5	0.025	968.0	0.01914
series_C	state_1	0.084	969.0	0.04207
series_C	state_2	0.067	969.0	0.03754
series_C	state_3	0.053	969.0	0.03182
series_C	state_4	0.039	969.0	0.02642
series_C	state_5	0.025	969.0	0.0192
series_C	state_1	0.084	970.0	0.04234
series_C	state_2	0.067	970.0	0.03777
series_C	state_3	0.053	970.0	0.03208
series_C	state_4	0.039	970.0	0.02654
series_C	state_5	0.025	970.0	0.01926
series_C	state_1	0.084	971.0	0.04259
series_C	state_2	0.067	971.0	0.03805
series_C	state_3	0.053	971.0	0.03228
series_C	state_4	0.039	971.0	0.02669
series_C	state_5	0.025	971.0	0.01936
series_C	state_1	0.084	972.0	0.04285
series_C	state_2	0.067	972.0	0.03832
series_C	state_3	0.053	972.0	0.03244
series_C	state_4	0.039	972.0	0.02681
series_C	state_5	0.025	972.0	0.01944
series_C	state_1	0.084	973.0	0.04311
series_C	state_2	0.067	973.0	0.03861
series_C	state_3	0.053	973.0	0.0326
series_C	state_4	0.039	973.0	0.02692
series_C	state_5	0.025	973.0	0.01956
series_C	state_1	0.084	974.0	0.04337
series_C	state_2	0.067	974.0	0.03885
series_C	state_3	0.053	974.0	0.03271
series_C	state_4	0.039	974.0	0.02704
series_C	state_5	0.025	974.0	0.01968
series_C	state_1	0.084	975.0	0.04368
series_C	state_2	0.067	975.0	0.0391
series_C	state_3	0.053	975.0	0.03284
series_C	state_4	0.039	975.0	0.02718
series_C	state_5	0.025	975.0	0.01981
series_C	state_1	0.084	976.0	0.04398
series_C	state_2	0.067	976.0	0.03937
series_C	state_3	0.053	976.0	0.03302
series_C	state_4	0.039	976.0	0.02731
series_C	state_5	0.025	976.0	0.01994
series_C	state_1	0.084	977.0	0.04425
series_C	state_2	0.067	977.0	0.03962
series_C	state_3	0.053	977.0	0.0332
series_C	state_4	0.039	977.0	0.02743
series_C	state_5	0.025	977.0	0.0201
series_C	state_1	0.084	978.0	0.04456
series_C	state_2	0.067	978.0	0.03988
series_C	state_3	0.053	978.0	0.03333
series_C	state_4	0.039	978.0	0.02756
series_C	state_5	0.025	978.0	0.02022
series_C	state_1	0.084	979.0	0.04486
series_C	state_2	0.067	979.0	0.04014
series_C	state_3	0.053	979.0	0.03349
series_C	state_4	0.039	979.0	0.02766
series_C	state_5	0.025	979.0	0.02039
series_C	state_1	0.084	980.0	0.04515
series_C	state_2	0.067	980.0	0.04036
series_C	state_3	0.053	980.0	0.03366
series_C	state_4	0.039	980.0	0.02778
series_C	state_5	0.025	980.0	0.02055
series_C	state_1	0.084	981.0	0.04545
series_C	state_2	0.067	981.0	0.04059
series_C	state_3	0.053	981.0	0.03382
series_C	state_4	0.039	981.0	0.02791
series_C	state_5	0.025	981.0	0.02071
series_C	state_1	0.084	982.0	0.04572
series_C	state_2	0.067	982.0	0.04084
series_C	state_3	0.053	982.0	0.03398
series_C	state_4	0.039	982.0	0.02804
series_C	state_5	0.025	982.0	0.02081
series_C	state_1	0.084	983.0	0.04601
series_C	state_2	0.067	983.0	0.04105
series_C	state_3	0.053	983.0	0.03415
series_C	state_4	0.039	983.0	0.02816
series_C	state_5	0.025	983.0	0.02091
series_C	state_1	0.084	984.0	0.04626
series_C	state_2	0.067	984.0	0.04127
series_C	state_3	0.053	984.0	0.03434
series_C	state_4	0.039	984.0	0.02828
series_C	state_5	0.025	984.0	0.021
series_C	state_1	0.084	985.0	0.0465
series_C	state_2	0.067	985.0	0.04146
series_C	state_3	0.053	985.0	0.0345
series_C	state_4	0.039	985.0	0.02839
series_C	state_5	0.025	985.0	0.02105
series_C	state_1	0.084	986.0	0.0467
series_C	state_2	0.067	986.0	0.04165
series_C	state_3	0.053	986.0	0.03466
series_C	state_4	0.039	986.0	0.0285
series_C	state_5	0.025	986.0	0.0211
series_C	state_1	0.084	987.0	0.04692
series_C	state_2	0.067	987.0	0.04182
series_C	state_3	0.053	987.0	0.03486
series_C	state_4	0.039	987.0	0.02861
series_C	state_5	0.025	987.0	0.02119
series_C	state_1	0.084	988.0	0.04714
series_C	state_2	0.067	988.0	0.04197
series_C	state_3	0.053	988.0	0.03502
series_C	state_4	0.039	988.0	0.02868
series_C	state_5	0.025	988.0	0.02128
series_C	state_1	0.084	989.0	0.04733
series_C	state_2	0.067	989.0	0.04216
series_C	state_3	0.053	989.0	0.03518
series_C	state_4	0.039	989.0	0.02874
series_C	state_5	0.025	989.0	0.02136
series_C	state_1	0.084	990.0	0.04751
series_C	state_2	0.067	990.0	0.04236
series_C	state_3	0.053	990.0	0.03535
series_C	state_4	0.039	990.0	0.02881
series_C	state_5	0.025	990.0	0.02146
series_C	state_1	0.084	991.0	0.0476
series_C	state_2	0.067	991.0	0.04253
series_C	state_3	0.053	991.0	0.03549
series_C	state_4	0.039	991.0	0.02887
series_C	state_5	0.025	991.0	0.02153
series_C	state_1	0.084	992.0	0.04777
series_C	state_2	0.067	992.0	0.04267
series_C	state_3	0.053	992.0	0.03564
series_C	state_4	0.039	992.0	0.02888
series_C	state_5	0.025	992.0	0.02158
series_C	state_1	0.084	993.0	0.0479
series_C	state_2	0.067	993.0	0.0428
series_C	state_3	0.053	993.0	0.03579
series_C	state_4	0.039	993.0	0.02894
series_C	state_5	0.025	993.0	0.02167
series_C	state_1	0.084	994.0	0.04804
series_C	state_2	0.067	994.0	0.04297
series_C	state_3	0.053	994.0	0.03594
series_C	state_4	0.039	994.0	0.02896
series_C	state_5	0.025	994.0	0.02173
series_C	state_1	0.084	995.0	0.04824
series_C	state_2	0.067	995.0	0.04315
series_C	state_3	0.053	995.0	0.03609
series_C	state_4	0.039	995.0	0.02902
series_C	state_5	0.025	995.0	0.02181
series_C	state_1	0.084	996.0	0.04841
series_C	state_2	0.067	996.0	0.04333
series_C	state_3	0.053	996.0	0.03625
series_C	state_4	0.039	996.0	0.02908
series_C	state_5	0.025	996.0	0.02186
series_C	state_1	0.084	997.0	0.04859
series_C	state_2	0.067	997.0	0.0435
series_C	state_3	0.053	997.0	0.03636
series_C	state_4	0.039	997.0	0.02917
series_C	state_5	0.025	997.0	0.02194
series_C	state_1	0.084	998.0	0.0488
series_C	state_2	0.067	998.0	0.04369
series_C	state_3	0.053	998.0	0.0365
series_C	state_4	0.039	998.0	0.0293
series_C	state_5	0.025	998.0	0.02198
series_C	state_1	0.084	999.0	0.04903
series_C	state_2	0.067	999.0	0.04389
series_C	state_3	0.053	999.0	0.03665
series_C	state_4	0.039	999.0	0.02937
series_C	state_5	0.025	999.0	0.02207
series_C	state_1	0.084	1000.0	0.04927
series_C	state_2	0.067	1000.0	0.04408
series_C	state_3	0.053	1000.0	0.03678
series_C	state_4	0.039	1000.0	0.02951
series_C	state_5	0.025	1000.0	0.02212
series_C	state_1	0.084	1001.0	0.04952
series_C	state_2	0.067	1001.0	0.04428
series_C	state_3	0.053	1001.0	0.0369
series_C	state_4	0.039	1001.0	0.02965
series_C	state_5	0.025	1001.0	0.02219
series_C	state_1	0.084	1002.0	0.04975
series_C	state_2	0.067	1002.0	0.04445
series_C	state_3	0.053	1002.0	0.03703
series_C	state_4	0.039	1002.0	0.02982
series_C	state_5	0.025	1002.0	0.02222
series_C	state_1	0.084	1003.0	0.05003
series_C	state_2	0.067	1003.0	0.04462
series_C	state_3	0.053	1003.0	0.03715
series_C	state_4	0.039	1003.0	0.02998
series_C	state_5	0.025	1003.0	0.02227
series_C	state_1	0.084	1004.0	0.05026
series_C	state_2	0.067	1004.0	0.04481
series_C	state_3	0.053	1004.0	0.03728
series_C	state_4	0.039	1004.0	0.03013
series_C	state_5	0.025	1004.0	0.02232
series_C	state_1	0.084	1005.0	0.05053
series_C	state_2	0.067	1005.0	0.04502
series_C	state_3	0.053	1005.0	0.03738
series_C	state_4	0.039	1005.0	0.03029
series_C	state_5	0.025	1005.0	0.02237
series_C	state_1	0.084	1006.0	0.0508
series_C	state_2	0.067	1006.0	0.04522
series_C	state_3	0.053	1006.0	0.03749
series_C	state_4	0.039	1006.0	0.03045
series_C	state_5	0.025	1006.0	0.02241
series_C	state_1	0.084	1007.0	0.05104
series_C	state_2	0.067	1007.0	0.04539
series_C	state_3	0.053	1007.0	0.03761
series_C	state_4	0.039	1007.0	0.03064
series_C	state_5	0.025	1007.0	0.02242
series_C	state_1	0.084	1008.0	0.05129
series_C	state_2	0.067	1008.0	0.04558
series_C	state_3	0.053	1008.0	0.03774
series_C	state_4	0.039	1008.0	0.0308
series_C	state_5	0.025	1008.0	0.02244
series_C	state_1	0.084	1009.0	0.05152
series_C	state_2	0.067	1009.0	0.04576
series_C	state_3	0.053	1009.0	0.03787
series_C	state_4	0.039	1009.0	0.03094
series_C	state_5	0.025	1009.0	0.02251
series_C	state_1	0.084	1010.0	0.05171
series_C	state_2	0.067	1010.0	0.04593
series_C	state_3	0.053	1010.0	0.03803
series_C	state_4	0.039	1010.0	0.03109
series_C	state_5	0.025	1010.0	0.02258
series_C	state_1	0.084	1011.0	0.05184
series_C	state_2	0.067	1011.0	0.04608
series_C	state_3	0.053	1011.0	0.03813
series_C	state_4	0.039	1011.0	0.03117
series_C	state_5	0.025	1011.0	0.02264
series_C	state_1	0.084	1012.0	0.05202
series_C	state_2	0.067	1012.0	0.04619
series_C	state_3	0.053	1012.0	0.03825
series_C	state_4	0.039	1012.0	0.03127
series_C	state_5	0.025	1012.0	0.0227
series_C	state_1	0.084	1013.0	0.05216
series_C	state_2	0.067	1013.0	0.04633
series_C	state_3	0.053	1013.0	0.03837
series_C	state_4	0.039	1013.0	0.03136
series_C	state_5	0.025	1013.0	0.02276
series_C	state_1	0.084	1014.0	0.05229
series_C	state_2	0.067	1014.0	0.04649
series_C	state_3	0.053	1014.0	0.03852
series_C	state_4	0.039	1014.0	0.03142
series_C	state_5	0.025	1014.0	0.0228
series_C	state_1	0.084	1015.0	0.05242
series_C	state_2	0.067	1015.0	0.04661
series_C	state_3	0.053	1015.0	0.0386
series_C	state_4	0.039	1015.0	0.03151
series_C	state_5	0.025	1015.0	0.02285
series_C	state_1	0.084	1016.0	0.05253
series_C	state_2	0.067	1016.0	0.04675
series_C	state_3	0.053	1016.0	0.03866
series_C	state_4	0.039	1016.0	0.03159
series_C	state_5	0.025	1016.0	0.02287
series_C	state_1	0.084	1017.0	0.05263
series_C	state_2	0.067	1017.0	0.04684
series_C	state_3	0.053	1017.0	0.03877
series_C	state_4	0.039	1017.0	0.03167
series_C	state_5	0.025	1017.0	0.02292
series_C	state_1	0.084	1018.0	0.05273
series_C	state_2	0.067	1018.0	0.04695
series_C	state_3	0.053	1018.0	0.03886
series_C	state_4	0.039	1018.0	0.03173
series_C	state_5	0.025	1018.0	0.02292
series_C	state_1	0.084	1019.0	0.05281
series_C	state_2	0.067	1019.0	0.04703
series_C	state_3	0.053	1019.0	0.03892
series_C	state_4	0.039	1019.0	0.03176
series_C	state_5	0.025	1019.0	0.02296
series_C	state_1	0.084	1020.0	0.05288
series_C	state_2	0.067	1020.0	0.0471
series_C	state_3	0.053	1020.0	0.03901
series_C	state_4	0.039	1020.0	0.03181
series_C	state_5	0.025	1020.0	0.02298
series_C	state_1	0.084	1021.0	0.05294
series_C	state_2	0.067	1021.0	0.04712
series_C	state_3	0.053	1021.0	0.03905
series_C	state_4	0.039	1021.0	0.03186
series_C	state_5	0.025	1021.0	0.02303
series_C	state_1	0.084	1022.0	0.053
series_C	state_2	0.067	1022.0	0.04714
series_C	state_3	0.053	1022.0	0.03909
series_C	state_4	0.039	1022.0	0.0319
series_C	state_5	0.025	1022.0	0.02304
series_C	state_1	0.084	1023.0	0.05309
series_C	state_2	0.067	1023.0	0.04722
series_C	state_3	0.053	1023.0	0.03912
series_C	state_4	0.039	1023.0	0.03193
series_C	state_5	0.025	1023.0	0.02305
series_C	state_1	0.084	1024.0	0.05311
series_C	state_2	0.067	1024.0	0.04728
series_C	state_3	0.053	1024.0	0.03916
series_C	state_4	0.039	1024.0	0.03194
series_C	state_5	0.025	1024.0	0.02304
series_C	state_1	0.084	1025.0	0.05319
series_C	state_2	0.067	1025.0	0.04732
series_C	state_3	0.053	1025.0	0.03918
series_C	state_4	0.039	1025.0	0.03196
series_C	state_5	0.025	1025.0	0.02304
series_C	state_1	0.084	1026.0	0.05322
series_C	state_2	0.067	1026.0	0.04735
series_C	state_3	0.053	1026.0	0.03922
series_C	state_4	0.039	1026.0	0.03199
series_C	state_5	0.025	1026.0	0.02302
series_C	state_1	0.084	1027.0	0.05326
series_C	state_2	0.067	1027.0	0.04736
series_C	state_3	0.053	1027.0	0.03924
series_C	state_4	0.039	1027.0	0.032
series_C	state_5	0.025	1027.0	0.02302
series_C	state_1	0.084	1028.0	0.05332
series_C	state_2	0.067	1028.0	0.04736
series_C	state_3	0.053	1028.0	0.0393
series_C	state_4	0.039	1028.0	0.03201
series_C	state_5	0.025	1028.0	0.02302
series_C	state_1	0.084	1029.0	0.05334
series_C	state_2	0.067	1029.0	0.04734
series_C	state_3	0.053	1029.0	0.03932
series_C	state_4	0.039	1029.0	0.032
series_C	state_5	0.025	1029.0	0.02304
series_C	state_1	0.084	1030.0	0.05332
series_C	state_2	0.067	1030.0	0.04734
series_C	state_3	0.053	1030.0	0.03933
series_C	state_4	0.039	1030.0	0.03201
series_C	state_5	0.025	1030.0	0.02304
series_C	state_1	0.084	1031.0	0.05332
series_C	state_2	0.067	1031.0	0.04734
series_C	state_3	0.053	1031.0	0.03933
series_C	state_4	0.039	1031.0	0.03199
series_C	state_5	0.025	1031.0	0.02305
series_C	state_1	0.084	1032.0	0.05332
series_C	state_2	0.067	1032.0	0.04729
series_C	state_3	0.053	1032.0	0.03937
series_C	state_4	0.039	1032.0	0.03199
series_C	state_5	0.025	1032.0	0.02305
series_C	state_1	0.084	1033.0	0.05331
series_C	state_2	0.067	1033.0	0.04728
series_C	state_3	0.053	1033.0	0.03939
series_C	state_4	0.039	1033.0	0.03198
series_C	state_5	0.025	1033.0	0.02302
series_C	state_1	0.084	1034.0	0.05331
series_C	state_2	0.067	1034.0	0.04727
series_C	state_3	0.053	1034.0	0.03943
series_C	state_4	0.039	1034.0	0.03196
series_C	state_5	0.025	1034.0	0.02297
series_C	state_1	0.084	1035.0	0.0533
series_C	state_2	0.067	1035.0	0.04726
series_C	state_3	0.053	1035.0	0.03938
series_C	state_4	0.039	1035.0	0.03197
series_C	state_5	0.025	1035.0	0.02299
series_C	state_1	0.084	1036.0	0.05328
series_C	state_2	0.067	1036.0	0.04727
series_C	state_3	0.053	1036.0	0.03937
series_C	state_4	0.039	1036.0	0.03196
series_C	state_5	0.025	1036.0	0.02298
series_C	state_1	0.084	1037.0	0.05327
series_C	state_2	0.067	1037.0	0.04725
series_C	state_3	0.053	1037.0	0.03938
series_C	state_4	0.039	1037.0	0.03195
series_C	state_5	0.025	1037.0	0.02297
series_C	state_1	0.084	1038.0	0.05329
series_C	state_2	0.067	1038.0	0.04727
series_C	state_3	0.053	1038.0	0.03937
series_C	state_4	0.039	1038.0	0.03191
series_C	state_5	0.025	1038.0	0.02295
series_C	state_1	0.084	1039.0	0.05327
series_C	state_2	0.067	1039.0	0.04726
series_C	state_3	0.053	1039.0	0.03936
series_C	state_4	0.039	1039.0	0.03189
series_C	state_5	0.025	1039.0	0.02296
series_C	state_1	0.084	1040.0	0.05326
series_C	state_2	0.067	1040.0	0.04725
series_C	state_3	0.053	1040.0	0.03937
series_C	state_4	0.039	1040.0	0.03185
series_C	state_5	0.025	1040.0	0.02299
series_C	state_1	0.084	1041.0	0.05327
series_C	state_2	0.067	1041.0	0.04725
series_C	state_3	0.053	1041.0	0.03934
series_C	state_4	0.039	1041.0	0.03186
series_C	state_5	0.025	1041.0	0.02298
series_C	state_1	0.084	1042.0	0.05325
series_C	state_2	0.067	1042.0	0.04726
series_C	state_3	0.053	1042.0	0.0393
series_C	state_4	0.039	1042.0	0.03185
series_C	state_5	0.025	1042.0	0.02295
series_C	state_1	0.084	1043.0	0.05325
series_C	state_2	0.067	1043.0	0.04729
series_C	state_3	0.053	1043.0	0.03928
series_C	state_4	0.039	1043.0	0.03184
series_C	state_5	0.025	1043.0	0.02295
series_C	state_1	0.084	1044.0	0.05323
series_C	state_2	0.067	1044.0	0.04727
series_C	state_3	0.053	1044.0	0.03926
series_C	state_4	0.039	1044.0	0.03179
series_C	state_5	0.025	1044.0	0.02294
series_C	state_1	0.084	1045.0	0.05323
series_C	state_2	0.067	1045.0	0.04723
series_C	state_3	0.053	1045.0	0.03925
series_C	state_4	0.039	1045.0	0.03176
series_C	state_5	0.025	1045.0	0.02295
series_C	state_1	0.084	1046.0	0.05318
series_C	state_2	0.067	1046.0	0.04722
series_C	state_3	0.053	1046.0	0.03921
series_C	state_4	0.039	1046.0	0.03178
series_C	state_5	0.025	1046.0	0.02292
series_C	state_1	0.084	1047.0	0.05316
series_C	state_2	0.067	1047.0	0.04718
series_C	state_3	0.053	1047.0	0.03914
series_C	state_4	0.039	1047.0	0.03178
series_C	state_5	0.025	1047.0	0.0229
series_C	state_1	0.084	1048.0	0.05314
series_C	state_2	0.067	1048.0	0.04714
series_C	state_3	0.053	1048.0	0.03911
series_C	state_4	0.039	1048.0	0.03178
series_C	state_5	0.025	1048.0	0.0229
series_C	state_1	0.084	1049.0	0.05307
series_C	state_2	0.067	1049.0	0.04707
series_C	state_3	0.053	1049.0	0.03906
series_C	state_4	0.039	1049.0	0.03176
series_C	state_5	0.025	1049.0	0.02288
series_C	state_1	0.084	1050.0	0.05303
series_C	state_2	0.067	1050.0	0.04706
series_C	state_3	0.053	1050.0	0.039
series_C	state_4	0.039	1050.0	0.03176
series_C	state_5	0.025	1050.0	0.02287
series_C	state_1	0.084	1051.0	0.053
series_C	state_2	0.067	1051.0	0.04702
series_C	state_3	0.053	1051.0	0.03899
series_C	state_4	0.039	1051.0	0.03176
series_C	state_5	0.025	1051.0	0.02287
series_C	state_1	0.084	1052.0	0.05296
series_C	state_2	0.067	1052.0	0.04697
series_C	state_3	0.053	1052.0	0.03894
series_C	state_4	0.039	1052.0	0.03174
series_C	state_5	0.025	1052.0	0.02283
series_C	state_1	0.084	1053.0	0.05295
series_C	state_2	0.067	1053.0	0.04692
series_C	state_3	0.053	1053.0	0.0389
series_C	state_4	0.039	1053.0	0.03172
series_C	state_5	0.025	1053.0	0.0228
series_C	state_1	0.084	1054.0	0.05294
series_C	state_2	0.067	1054.0	0.04688
series_C	state_3	0.053	1054.0	0.03886
series_C	state_4	0.039	1054.0	0.0317
series_C	state_5	0.025	1054.0	0.0228
series_C	state_1	0.084	1055.0	0.05289
series_C	state_2	0.067	1055.0	0.04685
series_C	state_3	0.053	1055.0	0.03879
series_C	state_4	0.039	1055.0	0.0317
series_C	state_5	0.025	1055.0	0.02281
series_C	state_1	0.084	1056.0	0.05286
series_C	state_2	0.067	1056.0	0.04684
series_C	state_3	0.053	1056.0	0.03876
series_C	state_4	0.039	1056.0	0.03164
series_C	state_5	0.025	1056.0	0.02283
series_C	state_1	0.084	1057.0	0.05282
series_C	state_2	0.067	1057.0	0.04684
series_C	state_3	0.053	1057.0	0.03875
series_C	state_4	0.039	1057.0	0.0316
series_C	state_5	0.025	1057.0	0.02284
series_C	state_1	0.084	1058.0	0.05278
series_C	state_2	0.067	1058.0	0.04683
series_C	state_3	0.053	1058.0	0.03872
series_C	state_4	0.039	1058.0	0.03154
series_C	state_5	0.025	1058.0	0.02282
series_C	state_1	0.084	1059.0	0.05271
series_C	state_2	0.067	1059.0	0.04677
series_C	state_3	0.053	1059.0	0.03867
series_C	state_4	0.039	1059.0	0.03152
series_C	state_5	0.025	1059.0	0.02284
series_C	state_1	0.084	1060.0	0.05263
series_C	state_2	0.067	1060.0	0.04674
series_C	state_3	0.053	1060.0	0.03865
series_C	state_4	0.039	1060.0	0.0315
series_C	state_5	0.025	1060.0	0.02283
series_C	state_1	0.084	1061.0	0.05261
series_C	state_2	0.067	1061.0	0.04673
series_C	state_3	0.053	1061.0	0.03861
series_C	state_4	0.039	1061.0	0.03145
series_C	state_5	0.025	1061.0	0.02282
series_C	state_1	0.084	1062.0	0.05255
series_C	state_2	0.067	1062.0	0.0467
series_C	state_3	0.053	1062.0	0.03857
series_C	state_4	0.039	1062.0	0.03144
series_C	state_5	0.025	1062.0	0.02281
series_C	state_1	0.084	1063.0	0.05247
series_C	state_2	0.067	1063.0	0.04666
series_C	state_3	0.053	1063.0	0.03855
series_C	state_4	0.039	1063.0	0.03135
series_C	state_5	0.025	1063.0	0.02282
series_C	state_1	0.084	1064.0	0.05241
series_C	state_2	0.067	1064.0	0.04657
series_C	state_3	0.053	1064.0	0.03853
series_C	state_4	0.039	1064.0	0.0313
series_C	state_5	0.025	1064.0	0.02277
series_C	state_1	0.084	1065.0	0.05234
series_C	state_2	0.067	1065.0	0.04653
series_C	state_3	0.053	1065.0	0.0385
series_C	state_4	0.039	1065.0	0.03127
series_C	state_5	0.025	1065.0	0.02273
series_C	state_1	0.084	1066.0	0.05226
series_C	state_2	0.067	1066.0	0.0465
series_C	state_3	0.053	1066.0	0.03844
series_C	state_4	0.039	1066.0	0.03121
series_C	state_5	0.025	1066.0	0.0227
series_C	state_1	0.084	1067.0	0.0522
series_C	state_2	0.067	1067.0	0.04642
series_C	state_3	0.053	1067.0	0.03836
series_C	state_4	0.039	1067.0	0.03115
series_C	state_5	0.025	1067.0	0.02265
series_C	state_1	0.084	1068.0	0.05213
series_C	state_2	0.067	1068.0	0.04636
series_C	state_3	0.053	1068.0	0.0383
series_C	state_4	0.039	1068.0	0.03108
series_C	state_5	0.025	1068.0	0.02262
series_C	state_1	0.084	1069.0	0.05205
series_C	state_2	0.067	1069.0	0.04628
series_C	state_3	0.053	1069.0	0.03824
series_C	state_4	0.039	1069.0	0.031
series_C	state_5	0.025	1069.0	0.02258
series_C	state_1	0.084	1070.0	0.05201
series_C	state_2	0.067	1070.0	0.04622
series_C	state_3	0.053	1070.0	0.0382
series_C	state_4	0.039	1070.0	0.03091
series_C	state_5	0.025	1070.0	0.02254
series_C	state_1	0.084	1071.0	0.05192
series_C	state_2	0.067	1071.0	0.04615
series_C	state_3	0.053	1071.0	0.03815
series_C	state_4	0.039	1071.0	0.0309
series_C	state_5	0.025	1071.0	0.02251
series_C	state_1	0.084	1072.0	0.05189
series_C	state_2	0.067	1072.0	0.04606
series_C	state_3	0.053	1072.0	0.0381
series_C	state_4	0.039	1072.0	0.03083
series_C	state_5	0.025	1072.0	0.02248
series_C	state_1	0.084	1073.0	0.05185
series_C	state_2	0.067	1073.0	0.04598
series_C	state_3	0.053	1073.0	0.03804
series_C	state_4	0.039	1073.0	0.0308
series_C	state_5	0.025	1073.0	0.02248
series_C	state_1	0.084	1074.0	0.05178
series_C	state_2	0.067	1074.0	0.04592
series_C	state_3	0.053	1074.0	0.03801
series_C	state_4	0.039	1074.0	0.03077
series_C	state_5	0.025	1074.0	0.02247
series_C	state_1	0.084	1075.0	0.05169
series_C	state_2	0.067	1075.0	0.04586
series_C	state_3	0.053	1075.0	0.03793
series_C	state_4	0.039	1075.0	0.03075
series_C	state_5	0.025	1075.0	0.02247
series_C	state_1	0.084	1076.0	0.05161
series_C	state_2	0.067	1076.0	0.0458
series_C	state_3	0.053	1076.0	0.03791
series_C	state_4	0.039	1076.0	0.03068
series_C	state_5	0.025	1076.0	0.02248
series_C	state_1	0.084	1077.0	0.05153
series_C	state_2	0.067	1077.0	0.04574
series_C	state_3	0.053	1077.0	0.03786
series_C	state_4	0.039	1077.0	0.03065
series_C	state_5	0.025	1077.0	0.02247
series_C	state_1	0.084	1078.0	0.05147
series_C	state_2	0.067	1078.0	0.04568
series_C	state_3	0.053	1078.0	0.03779
series_C	state_4	0.039	1078.0	0.03063
series_C	state_5	0.025	1078.0	0.02244
series_C	state_1	0.084	1079.0	0.05143
series_C	state_2	0.067	1079.0	0.04555
series_C	state_3	0.053	1079.0	0.03773
series_C	state_4	0.039	1079.0	0.03062
series_C	state_5	0.025	1079.0	0.02243
series_C	state_1	0.084	1080.0	0.05136
series_C	state_2	0.067	1080.0	0.04546
series_C	state_3	0.053	1080.0	0.0377
series_C	state_4	0.039	1080.0	0.03058
series_C	state_5	0.025	1080.0	0.0224
series_C	state_1	0.084	1081.0	0.0513
series_C	state_2	0.067	1081.0	0.0454
series_C	state_3	0.053	1081.0	0.03766
series_C	state_4	0.039	1081.0	0.03053
series_C	state_5	0.025	1081.0	0.02239
series_C	state_1	0.084	1082.0	0.05123
series_C	state_2	0.067	1082.0	0.04531
series_C	state_3	0.053	1082.0	0.03763
series_C	state_4	0.039	1082.0	0.03053
series_C	state_5	0.025	1082.0	0.02236
series_C	state_1	0.084	1083.0	0.05114
series_C	state_2	0.067	1083.0	0.04524
series_C	state_3	0.053	1083.0	0.03759
series_C	state_4	0.039	1083.0	0.03045
series_C	state_5	0.025	1083.0	0.02232
series_C	state_1	0.084	1084.0	0.05109
series_C	state_2	0.067	1084.0	0.04516
series_C	state_3	0.053	1084.0	0.03756
series_C	state_4	0.039	1084.0	0.03037
series_C	state_5	0.025	1084.0	0.02228
series_C	state_1	0.084	1085.0	0.05096
series_C	state_2	0.067	1085.0	0.04507
series_C	state_3	0.053	1085.0	0.03749
series_C	state_4	0.039	1085.0	0.03028
series_C	state_5	0.025	1085.0	0.02227
series_C	state_1	0.084	1086.0	0.05081
series_C	state_2	0.067	1086.0	0.04497
series_C	state_3	0.053	1086.0	0.03743
series_C	state_4	0.039	1086.0	0.03013
series_C	state_5	0.025	1086.0	0.02222
series_C	state_1	0.084	1087.0	0.05063
series_C	state_2	0.067	1087.0	0.04482
series_C	state_3	0.053	1087.0	0.03735
series_C	state_4	0.039	1087.0	0.03
series_C	state_5	0.025	1087.0	0.02216
series_C	state_1	0.084	1088.0	0.05044
series_C	state_2	0.067	1088.0	0.04471
series_C	state_3	0.053	1088.0	0.03727
series_C	state_4	0.039	1088.0	0.02986
series_C	state_5	0.025	1088.0	0.02211
series_C	state_1	0.084	1089.0	0.05023
series_C	state_2	0.067	1089.0	0.04459
series_C	state_3	0.053	1089.0	0.03719
series_C	state_4	0.039	1089.0	0.02972
series_C	state_5	0.025	1089.0	0.02211
series_C	state_1	0.084	1090.0	0.05001
series_C	state_2	0.067	1090.0	0.04445
series_C	state_3	0.053	1090.0	0.03715
series_C	state_4	0.039	1090.0	0.0296
series_C	state_5	0.025	1090.0	0.02206
series_C	state_1	0.084	1091.0	0.04977
series_C	state_2	0.067	1091.0	0.0443
series_C	state_3	0.053	1091.0	0.03707
series_C	state_4	0.039	1091.0	0.02953
series_C	state_5	0.025	1091.0	0.02206
series_C	state_1	0.084	1092.0	0.04956
series_C	state_2	0.067	1092.0	0.04415
series_C	state_3	0.053	1092.0	0.03696
series_C	state_4	0.039	1092.0	0.0294
series_C	state_5	0.025	1092.0	0.02202
series_C	state_1	0.084	1093.0	0.04933
series_C	state_2	0.067	1093.0	0.044
series_C	state_3	0.053	1093.0	0.03684
series_C	state_4	0.039	1093.0	0.0293
series_C	state_5	0.025	1093.0	0.02199
series_C	state_1	0.084	1094.0	0.0491
series_C	state_2	0.067	1094.0	0.04389
series_C	state_3	0.053	1094.0	0.03676
series_C	state_4	0.039	1094.0	0.02922
series_C	state_5	0.025	1094.0	0.02196
series_C	state_1	0.084	1095.0	0.0489
series_C	state_2	0.067	1095.0	0.04374
series_C	state_3	0.053	1095.0	0.03661
series_C	state_4	0.039	1095.0	0.02913
series_C	state_5	0.025	1095.0	0.02192
series_C	state_1	0.084	1096.0	0.04871
series_C	state_2	0.067	1096.0	0.04358
series_C	state_3	0.053	1096.0	0.03652
series_C	state_4	0.039	1096.0	0.02905
series_C	state_5	0.025	1096.0	0.02186
series_C	state_1	0.084	1097.0	0.04859
series_C	state_2	0.067	1097.0	0.04348
series_C	state_3	0.053	1097.0	0.03639
series_C	state_4	0.039	1097.0	0.02902
series_C	state_5	0.025	1097.0	0.02183
series_C	state_1	0.084	1098.0	0.04847
series_C	state_2	0.067	1098.0	0.04335
series_C	state_3	0.053	1098.0	0.0363
series_C	state_4	0.039	1098.0	0.02902
series_C	state_5	0.025	1098.0	0.02174
series_C	state_1	0.084	1099.0	0.04835
series_C	state_2	0.067	1099.0	0.04319
series_C	state_3	0.053	1099.0	0.03617
series_C	state_4	0.039	1099.0	0.02897
series_C	state_5	0.025	1099.0	0.02174
series_C	state_1	0.084	1100.0	0.04822
series_C	state_2	0.067	1100.0	0.04308
series_C	state_3	0.053	1100.0	0.03605
series_C	state_4	0.039	1100.0	0.02894
series_C	state_5	0.025	1100.0	0.02168
series_C	state_1	0.084	1101.0	0.04812
series_C	state_2	0.067	1101.0	0.04299
series_C	state_3	0.053	1101.0	0.03594
series_C	state_4	0.039	1101.0	0.02894
series_C	state_5	0.025	1101.0	0.02161
series_C	state_1	0.084	1102.0	0.04804
series_C	state_2	0.067	1102.0	0.04287
series_C	state_3	0.053	1102.0	0.0358
series_C	state_4	0.039	1102.0	0.02891
series_C	state_5	0.025	1102.0	0.0216
series_C	state_1	0.084	1103.0	0.04795
series_C	state_2	0.067	1103.0	0.04276
series_C	state_3	0.053	1103.0	0.03571
series_C	state_4	0.039	1103.0	0.02886
series_C	state_5	0.025	1103.0	0.02156
series_C	state_1	0.084	1104.0	0.04784
series_C	state_2	0.067	1104.0	0.04261
series_C	state_3	0.053	1104.0	0.03559
series_C	state_4	0.039	1104.0	0.0288
series_C	state_5	0.025	1104.0	0.02153
series_C	state_1	0.084	1105.0	0.04771
series_C	state_2	0.067	1105.0	0.04248
series_C	state_3	0.053	1105.0	0.03544
series_C	state_4	0.039	1105.0	0.02875
series_C	state_5	0.025	1105.0	0.0215
series_C	state_1	0.084	1106.0	0.04755
series_C	state_2	0.067	1106.0	0.04235
series_C	state_3	0.053	1106.0	0.03534
series_C	state_4	0.039	1106.0	0.02869
series_C	state_5	0.025	1106.0	0.0214
series_C	state_1	0.084	1107.0	0.04739
series_C	state_2	0.067	1107.0	0.04222
series_C	state_3	0.053	1107.0	0.03519
series_C	state_4	0.039	1107.0	0.02863
series_C	state_5	0.025	1107.0	0.02126
series_C	state_1	0.084	1108.0	0.0472
series_C	state_2	0.067	1108.0	0.04209
series_C	state_3	0.053	1108.0	0.03505
series_C	state_4	0.039	1108.0	0.02857
series_C	state_5	0.025	1108.0	0.02122
series_C	state_1	0.084	1109.0	0.04703
series_C	state_2	0.067	1109.0	0.04193
series_C	state_3	0.053	1109.0	0.03493
series_C	state_4	0.039	1109.0	0.02847
series_C	state_5	0.025	1109.0	0.02117
series_C	state_1	0.084	1110.0	0.04684
series_C	state_2	0.067	1110.0	0.04176
series_C	state_3	0.053	1110.0	0.03482
series_C	state_4	0.039	1110.0	0.0284
series_C	state_5	0.025	1110.0	0.02099
series_C	state_1	0.084	1111.0	0.04662
series_C	state_2	0.067	1111.0	0.04159
series_C	state_3	0.053	1111.0	0.03463
series_C	state_4	0.039	1111.0	0.02831
series_C	state_5	0.025	1111.0	0.02092
series_C	state_1	0.084	1112.0	0.0464
series_C	state_2	0.067	1112.0	0.04143
series_C	state_3	0.053	1112.0	0.03448
series_C	state_4	0.039	1112.0	0.02821
series_C	state_5	0.025	1112.0	0.02077
series_C	state_1	0.084	1113.0	0.04618
series_C	state_2	0.067	1113.0	0.04124
series_C	state_3	0.053	1113.0	0.03436
series_C	state_4	0.039	1113.0	0.02814
series_C	state_5	0.025	1113.0	0.02064
series_C	state_1	0.084	1114.0	0.04593
series_C	state_2	0.067	1114.0	0.0411
series_C	state_3	0.053	1114.0	0.03425
series_C	state_4	0.039	1114.0	0.02803
series_C	state_5	0.025	1114.0	0.0205
series_C	state_1	0.084	1115.0	0.04574
series_C	state_2	0.067	1115.0	0.04091
series_C	state_3	0.053	1115.0	0.03408
series_C	state_4	0.039	1115.0	0.02794
series_C	state_5	0.025	1115.0	0.02036
series_C	state_1	0.084	1116.0	0.04554
series_C	state_2	0.067	1116.0	0.04074
series_C	state_3	0.053	1116.0	0.03395
series_C	state_4	0.039	1116.0	0.02787
series_C	state_5	0.025	1116.0	0.02021
series_C	state_1	0.084	1117.0	0.04531
series_C	state_2	0.067	1117.0	0.04063
series_C	state_3	0.053	1117.0	0.03383
series_C	state_4	0.039	1117.0	0.0278
series_C	state_5	0.025	1117.0	0.0201
series_C	state_1	0.084	1118.0	0.04509
series_C	state_2	0.067	1118.0	0.04046
series_C	state_3	0.053	1118.0	0.03373
series_C	state_4	0.039	1118.0	0.02772
series_C	state_5	0.025	1118.0	0.01997
series_C	state_1	0.084	1119.0	0.04487
series_C	state_2	0.067	1119.0	0.0403
series_C	state_3	0.053	1119.0	0.03357
series_C	state_4	0.039	1119.0	0.02761
series_C	state_5	0.025	1119.0	0.0199
series_C	state_1	0.084	1120.0	0.04465
series_C	state_2	0.067	1120.0	0.04015
series_C	state_3	0.053	1120.0	0.03346
series_C	state_4	0.039	1120.0	0.02753
series_C	state_5	0.025	1120.0	0.01977
series_C	state_1	0.084	1121.0	0.04443
series_C	state_2	0.067	1121.0	0.03998
series_C	state_3	0.053	1121.0	0.03337
series_C	state_4	0.039	1121.0	0.02746
series_C	state_5	0.025	1121.0	0.01969
series_C	state_1	0.084	1122.0	0.04425
series_C	state_2	0.067	1122.0	0.03982
series_C	state_3	0.053	1122.0	0.03325
series_C	state_4	0.039	1122.0	0.02738
series_C	state_5	0.025	1122.0	0.01965
series_C	state_1	0.084	1123.0	0.0441
series_C	state_2	0.067	1123.0	0.03967
series_C	state_3	0.053	1123.0	0.03319
series_C	state_4	0.039	1123.0	0.02731
series_C	state_5	0.025	1123.0	0.01956
series_C	state_1	0.084	1124.0	0.04392
series_C	state_2	0.067	1124.0	0.0395
series_C	state_3	0.053	1124.0	0.03308
series_C	state_4	0.039	1124.0	0.02727
series_C	state_5	0.025	1124.0	0.01953
series_C	state_1	0.084	1125.0	0.04379
series_C	state_2	0.067	1125.0	0.03939
series_C	state_3	0.053	1125.0	0.03298
series_C	state_4	0.039	1125.0	0.02722
series_C	state_5	0.025	1125.0	0.01946
series_C	state_1	0.084	1126.0	0.04364
series_C	state_2	0.067	1126.0	0.03925
series_C	state_3	0.053	1126.0	0.0329
series_C	state_4	0.039	1126.0	0.02714
series_C	state_5	0.025	1126.0	0.01937
series_C	state_1	0.084	1127.0	0.04352
series_C	state_2	0.067	1127.0	0.0391
series_C	state_3	0.053	1127.0	0.0328
series_C	state_4	0.039	1127.0	0.02709
series_C	state_5	0.025	1127.0	0.01933
series_C	state_1	0.084	1128.0	0.04341
series_C	state_2	0.067	1128.0	0.03896
series_C	state_3	0.053	1128.0	0.03272
series_C	state_4	0.039	1128.0	0.02702
series_C	state_5	0.025	1128.0	0.01936
series_C	state_1	0.084	1129.0	0.04334
series_C	state_2	0.067	1129.0	0.0388
series_C	state_3	0.053	1129.0	0.03264
series_C	state_4	0.039	1129.0	0.02696
series_C	state_5	0.025	1129.0	0.01931
series_C	state_1	0.084	1130.0	0.04324
series_C	state_2	0.067	1130.0	0.03866
series_C	state_3	0.053	1130.0	0.03255
series_C	state_4	0.039	1130.0	0.02691
series_C	state_5	0.025	1130.0	0.01926
series_C	state_1	0.084	1131.0	0.04312
series_C	state_2	0.067	1131.0	0.03852
series_C	state_3	0.053	1131.0	0.03249
series_C	state_4	0.039	1131.0	0.02686
series_C	state_5	0.025	1131.0	0.01928
series_C	state_1	0.084	1132.0	0.04302
series_C	state_2	0.067	1132.0	0.03839
series_C	state_3	0.053	1132.0	0.03243
series_C	state_4	0.039	1132.0	0.02679
series_C	state_5	0.025	1132.0	0.01925
series_C	state_1	0.084	1133.0	0.04294
series_C	state_2	0.067	1133.0	0.03824
series_C	state_3	0.053	1133.0	0.03238
series_C	state_4	0.039	1133.0	0.02672
series_C	state_5	0.025	1133.0	0.01924
series_C	state_1	0.084	1134.0	0.04282
series_C	state_2	0.067	1134.0	0.03814
series_C	state_3	0.053	1134.0	0.03229
series_C	state_4	0.039	1134.0	0.02663
series_C	state_5	0.025	1134.0	0.01925
series_C	state_1	0.084	1135.0	0.04271
series_C	state_2	0.067	1135.0	0.03801
series_C	state_3	0.053	1135.0	0.03223
series_C	state_4	0.039	1135.0	0.02659
series_C	state_5	0.025	1135.0	0.01925
series_C	state_1	0.084	1136.0	0.04257
series_C	state_2	0.067	1136.0	0.03791
series_C	state_3	0.053	1136.0	0.03216
series_C	state_4	0.039	1136.0	0.02652
series_C	state_5	0.025	1136.0	0.01925
series_C	state_1	0.084	1137.0	0.04244
series_C	state_2	0.067	1137.0	0.03782
series_C	state_3	0.053	1137.0	0.03211
series_C	state_4	0.039	1137.0	0.02644
series_C	state_5	0.025	1137.0	0.01924
series_C	state_1	0.084	1138.0	0.04231
series_C	state_2	0.067	1138.0	0.03769
series_C	state_3	0.053	1138.0	0.032
series_C	state_4	0.039	1138.0	0.02637
series_C	state_5	0.025	1138.0	0.01924
series_C	state_1	0.084	1139.0	0.04219
series_C	state_2	0.067	1139.0	0.03761
series_C	state_3	0.053	1139.0	0.03187
series_C	state_4	0.039	1139.0	0.0263
series_C	state_5	0.025	1139.0	0.01924
series_C	state_1	0.084	1140.0	0.04204
series_C	state_2	0.067	1140.0	0.03748
series_C	state_3	0.053	1140.0	0.03183
series_C	state_4	0.039	1140.0	0.02623
series_C	state_5	0.025	1140.0	0.01923
series_C	state_1	0.084	1141.0	0.0419
series_C	state_2	0.067	1141.0	0.03739
series_C	state_3	0.053	1141.0	0.03172
series_C	state_4	0.039	1141.0	0.02617
series_C	state_5	0.025	1141.0	0.01925
series_C	state_1	0.084	1142.0	0.04177
series_C	state_2	0.067	1142.0	0.03732
series_C	state_3	0.053	1142.0	0.03159
series_C	state_4	0.039	1142.0	0.02608
series_C	state_5	0.025	1142.0	0.01924
series_C	state_1	0.084	1143.0	0.04165
series_C	state_2	0.067	1143.0	0.03721
series_C	state_3	0.053	1143.0	0.03146
series_C	state_4	0.039	1143.0	0.02601
series_C	state_5	0.025	1143.0	0.01922
series_C	state_1	0.084	1144.0	0.04148
series_C	state_2	0.067	1144.0	0.03709
series_C	state_3	0.053	1144.0	0.03133
series_C	state_4	0.039	1144.0	0.02594
series_C	state_5	0.025	1144.0	0.01923
series_C	state_1	0.084	1145.0	0.04135
series_C	state_2	0.067	1145.0	0.037
series_C	state_3	0.053	1145.0	0.03122
series_C	state_4	0.039	1145.0	0.02588
series_C	state_5	0.025	1145.0	0.01923
series_C	state_1	0.084	1146.0	0.04121
series_C	state_2	0.067	1146.0	0.03688
series_C	state_3	0.053	1146.0	0.03109
series_C	state_4	0.039	1146.0	0.0258
series_C	state_5	0.025	1146.0	0.01921
series_C	state_1	0.084	1147.0	0.04108
series_C	state_2	0.067	1147.0	0.03673
series_C	state_3	0.053	1147.0	0.03095
series_C	state_4	0.039	1147.0	0.02575
series_C	state_5	0.025	1147.0	0.01918
series_C	state_1	0.084	1148.0	0.04097
series_C	state_2	0.067	1148.0	0.03661
series_C	state_3	0.053	1148.0	0.03083
series_C	state_4	0.039	1148.0	0.02571
series_C	state_5	0.025	1148.0	0.01916
series_C	state_1	0.084	1149.0	0.04082
series_C	state_2	0.067	1149.0	0.03651
series_C	state_3	0.053	1149.0	0.03068
series_C	state_4	0.039	1149.0	0.02562
series_C	state_5	0.025	1149.0	0.01915
series_C	state_1	0.084	1150.0	0.04066
series_C	state_2	0.067	1150.0	0.03638
series_C	state_3	0.053	1150.0	0.03053
series_C	state_4	0.039	1150.0	0.02558
series_C	state_5	0.025	1150.0	0.01913
series_C	state_1	0.084	1151.0	0.04055
series_C	state_2	0.067	1151.0	0.03627
series_C	state_3	0.053	1151.0	0.03038
series_C	state_4	0.039	1151.0	0.02553
series_C	state_5	0.025	1151.0	0.01912
series_C	state_1	0.084	1152.0	0.04043
series_C	state_2	0.067	1152.0	0.03618
series_C	state_3	0.053	1152.0	0.03019
series_C	state_4	0.039	1152.0	0.02544
series_C	state_5	0.025	1152.0	0.01907
series_C	state_1	0.084	1153.0	0.04031
series_C	state_2	0.067	1153.0	0.03605
series_C	state_3	0.053	1153.0	0.03004
series_C	state_4	0.039	1153.0	0.02534
series_C	state_5	0.025	1153.0	0.01904
series_C	state_1	0.084	1154.0	0.04014
series_C	state_2	0.067	1154.0	0.03594
series_C	state_3	0.053	1154.0	0.02987
series_C	state_4	0.039	1154.0	0.02526
series_C	state_5	0.025	1154.0	0.01903
series_C	state_1	0.084	1155.0	0.03997
series_C	state_2	0.067	1155.0	0.03583
series_C	state_3	0.053	1155.0	0.02973
series_C	state_4	0.039	1155.0	0.0252
series_C	state_5	0.025	1155.0	0.01899
series_C	state_1	0.084	1156.0	0.03981
series_C	state_2	0.067	1156.0	0.03572
series_C	state_3	0.053	1156.0	0.02957
series_C	state_4	0.039	1156.0	0.02513
series_C	state_5	0.025	1156.0	0.01896
series_C	state_1	0.084	1157.0	0.03963
series_C	state_2	0.067	1157.0	0.03558
series_C	state_3	0.053	1157.0	0.02941
series_C	state_4	0.039	1157.0	0.02506
series_C	state_5	0.025	1157.0	0.01893
series_C	state_1	0.084	1158.0	0.03946
series_C	state_2	0.067	1158.0	0.03546
series_C	state_3	0.053	1158.0	0.02927
series_C	state_4	0.039	1158.0	0.02497
series_C	state_5	0.025	1158.0	0.01889
series_C	state_1	0.084	1159.0	0.03929
series_C	state_2	0.067	1159.0	0.03533
series_C	state_3	0.053	1159.0	0.02918
series_C	state_4	0.039	1159.0	0.02491
series_C	state_5	0.025	1159.0	0.01886
series_C	state_1	0.084	1160.0	0.0391
series_C	state_2	0.067	1160.0	0.03521
series_C	state_3	0.053	1160.0	0.02912
series_C	state_4	0.039	1160.0	0.0248
series_C	state_5	0.025	1160.0	0.01884
series_C	state_1	0.084	1161.0	0.03895
series_C	state_2	0.067	1161.0	0.03511
series_C	state_3	0.053	1161.0	0.029
series_C	state_4	0.039	1161.0	0.02471
series_C	state_5	0.025	1161.0	0.01885
series_C	state_1	0.084	1162.0	0.0388
series_C	state_2	0.067	1162.0	0.03496
series_C	state_3	0.053	1162.0	0.02897
series_C	state_4	0.039	1162.0	0.0246
series_C	state_5	0.025	1162.0	0.01883
series_C	state_1	0.084	1163.0	0.03865
series_C	state_2	0.067	1163.0	0.03479
series_C	state_3	0.053	1163.0	0.02893
series_C	state_4	0.039	1163.0	0.02454
series_C	state_5	0.025	1163.0	0.01882
series_C	state_1	0.084	1164.0	0.03848
series_C	state_2	0.067	1164.0	0.03463
series_C	state_3	0.053	1164.0	0.02892
series_C	state_4	0.039	1164.0	0.02447
series_C	state_5	0.025	1164.0	0.0188
series_C	state_1	0.084	1165.0	0.03832
series_C	state_2	0.067	1165.0	0.03448
series_C	state_3	0.053	1165.0	0.02893
series_C	state_4	0.039	1165.0	0.02439
series_C	state_5	0.025	1165.0	0.01874
series_C	state_1	0.084	1166.0	0.03817
series_C	state_2	0.067	1166.0	0.03432
series_C	state_3	0.053	1166.0	0.02891
series_C	state_4	0.039	1166.0	0.0243
series_C	state_5	0.025	1166.0	0.01868
series_C	state_1	0.084	1167.0	0.03801
series_C	state_2	0.067	1167.0	0.03417
series_C	state_3	0.053	1167.0	0.02889
series_C	state_4	0.039	1167.0	0.02421
series_C	state_5	0.025	1167.0	0.01865
series_C	state_1	0.084	1168.0	0.03789
series_C	state_2	0.067	1168.0	0.03405
series_C	state_3	0.053	1168.0	0.02887
series_C	state_4	0.039	1168.0	0.02414
series_C	state_5	0.025	1168.0	0.01862
series_C	state_1	0.084	1169.0	0.03777
series_C	state_2	0.067	1169.0	0.03394
series_C	state_3	0.053	1169.0	0.02884
series_C	state_4	0.039	1169.0	0.02403
series_C	state_5	0.025	1169.0	0.01858
series_C	state_1	0.084	1170.0	0.03765
series_C	state_2	0.067	1170.0	0.03381
series_C	state_3	0.053	1170.0	0.02879
series_C	state_4	0.039	1170.0	0.02398
series_C	state_5	0.025	1170.0	0.01854
series_C	state_1	0.084	1171.0	0.03759
series_C	state_2	0.067	1171.0	0.03371
series_C	state_3	0.053	1171.0	0.02871
series_C	state_4	0.039	1171.0	0.02388
series_C	state_5	0.025	1171.0	0.01849
series_C	state_1	0.084	1172.0	0.03746
series_C	state_2	0.067	1172.0	0.03365
series_C	state_3	0.053	1172.0	0.02864
series_C	state_4	0.039	1172.0	0.02378
series_C	state_5	0.025	1172.0	0.01843
series_C	state_1	0.084	1173.0	0.03734
series_C	state_2	0.067	1173.0	0.0335
series_C	state_3	0.053	1173.0	0.02854
series_C	state_4	0.039	1173.0	0.02372
series_C	state_5	0.025	1173.0	0.01842
series_C	state_1	0.084	1174.0	0.0372
series_C	state_2	0.067	1174.0	0.03341
series_C	state_3	0.053	1174.0	0.02844
series_C	state_4	0.039	1174.0	0.02365
series_C	state_5	0.025	1174.0	0.01837
series_C	state_1	0.084	1175.0	0.03706
series_C	state_2	0.067	1175.0	0.03332
series_C	state_3	0.053	1175.0	0.02833
series_C	state_4	0.039	1175.0	0.02359
series_C	state_5	0.025	1175.0	0.01834
series_C	state_1	0.084	1176.0	0.0369
series_C	state_2	0.067	1176.0	0.03321
series_C	state_3	0.053	1176.0	0.02822
series_C	state_4	0.039	1176.0	0.02354
series_C	state_5	0.025	1176.0	0.01831
series_C	state_1	0.084	1177.0	0.03675
series_C	state_2	0.067	1177.0	0.03309
series_C	state_3	0.053	1177.0	0.02811
series_C	state_4	0.039	1177.0	0.02347
series_C	state_5	0.025	1177.0	0.01827
series_C	state_1	0.084	1178.0	0.03662
series_C	state_2	0.067	1178.0	0.033
series_C	state_3	0.053	1178.0	0.028
series_C	state_4	0.039	1178.0	0.02338
series_C	state_5	0.025	1178.0	0.01824
series_C	state_1	0.084	1179.0	0.03647
series_C	state_2	0.067	1179.0	0.03288
series_C	state_3	0.053	1179.0	0.02791
series_C	state_4	0.039	1179.0	0.02333
series_C	state_5	0.025	1179.0	0.01822
series_C	state_1	0.084	1180.0	0.03632
series_C	state_2	0.067	1180.0	0.03278
series_C	state_3	0.053	1180.0	0.02782
series_C	state_4	0.039	1180.0	0.02324
series_C	state_5	0.025	1180.0	0.01822
series_C	state_1	0.084	1181.0	0.0362
series_C	state_2	0.067	1181.0	0.03267
series_C	state_3	0.053	1181.0	0.02774
series_C	state_4	0.039	1181.0	0.02317
series_C	state_5	0.025	1181.0	0.01824
series_C	state_1	0.084	1182.0	0.03606
series_C	state_2	0.067	1182.0	0.03254
series_C	state_3	0.053	1182.0	0.02766
series_C	state_4	0.039	1182.0	0.02314
series_C	state_5	0.025	1182.0	0.01821
series_C	state_1	0.084	1183.0	0.03591
series_C	state_2	0.067	1183.0	0.03245
series_C	state_3	0.053	1183.0	0.02754
series_C	state_4	0.039	1183.0	0.02309
series_C	state_5	0.025	1183.0	0.01817
series_C	state_1	0.084	1184.0	0.03575
series_C	state_2	0.067	1184.0	0.03237
series_C	state_3	0.053	1184.0	0.02748
series_C	state_4	0.039	1184.0	0.02302
series_C	state_5	0.025	1184.0	0.01812
series_C	state_1	0.084	1185.0	0.03562
series_C	state_2	0.067	1185.0	0.03226
series_C	state_3	0.053	1185.0	0.02743
series_C	state_4	0.039	1185.0	0.02297
series_C	state_5	0.025	1185.0	0.01807
series_C	state_1	0.084	1186.0	0.03547
series_C	state_2	0.067	1186.0	0.03217
series_C	state_3	0.053	1186.0	0.02736
series_C	state_4	0.039	1186.0	0.02291
series_C	state_5	0.025	1186.0	0.01803
series_C	state_1	0.084	1187.0	0.03532
series_C	state_2	0.067	1187.0	0.03207
series_C	state_3	0.053	1187.0	0.02728
series_C	state_4	0.039	1187.0	0.02287
series_C	state_5	0.025	1187.0	0.01802
series_C	state_1	0.084	1188.0	0.03517
series_C	state_2	0.067	1188.0	0.03196
series_C	state_3	0.053	1188.0	0.02721
series_C	state_4	0.039	1188.0	0.02284
series_C	state_5	0.025	1188.0	0.01797
series_C	state_1	0.084	1189.0	0.03502
series_C	state_2	0.067	1189.0	0.03183
series_C	state_3	0.053	1189.0	0.02717
series_C	state_4	0.039	1189.0	0.02278
series_C	state_5	0.025	1189.0	0.01791
series_C	state_1	0.084	1190.0	0.03486
series_C	state_2	0.067	1190.0	0.03167
series_C	state_3	0.053	1190.0	0.0271
series_C	state_4	0.039	1190.0	0.02274
series_C	state_5	0.025	1190.0	0.01787
series_C	state_1	0.084	1191.0	0.03474
series_C	state_2	0.067	1191.0	0.03153
series_C	state_3	0.053	1191.0	0.02702
series_C	state_4	0.039	1191.0	0.02267
series_C	state_5	0.025	1191.0	0.01782
series_C	state_1	0.084	1192.0	0.03456
series_C	state_2	0.067	1192.0	0.03135
series_C	state_3	0.053	1192.0	0.02694
series_C	state_4	0.039	1192.0	0.02263
series_C	state_5	0.025	1192.0	0.01778
series_C	state_1	0.084	1193.0	0.03443
series_C	state_2	0.067	1193.0	0.03118
series_C	state_3	0.053	1193.0	0.02687
series_C	state_4	0.039	1193.0	0.02259
series_C	state_5	0.025	1193.0	0.01774
series_C	state_1	0.084	1194.0	0.03428
series_C	state_2	0.067	1194.0	0.03102
series_C	state_3	0.053	1194.0	0.02678
series_C	state_4	0.039	1194.0	0.02253
series_C	state_5	0.025	1194.0	0.01771
series_C	state_1	0.084	1195.0	0.03412
series_C	state_2	0.067	1195.0	0.03085
series_C	state_3	0.053	1195.0	0.02669
series_C	state_4	0.039	1195.0	0.02247
series_C	state_5	0.025	1195.0	0.01768
series_C	state_1	0.084	1196.0	0.03398
series_C	state_2	0.067	1196.0	0.03068
series_C	state_3	0.053	1196.0	0.02662
series_C	state_4	0.039	1196.0	0.02243
series_C	state_5	0.025	1196.0	0.01763
series_C	state_1	0.084	1197.0	0.03384
series_C	state_2	0.067	1197.0	0.03054
series_C	state_3	0.053	1197.0	0.02654
series_C	state_4	0.039	1197.0	0.02238
series_C	state_5	0.025	1197.0	0.01756
series_C	state_1	0.084	1198.0	0.03375
series_C	state_2	0.067	1198.0	0.03038
series_C	state_3	0.053	1198.0	0.02646
series_C	state_4	0.039	1198.0	0.02231
series_C	state_5	0.025	1198.0	0.01753
series_C	state_1	0.084	1199.0	0.03364
series_C	state_2	0.067	1199.0	0.03021
series_C	state_3	0.053	1199.0	0.02638
series_C	state_4	0.039	1199.0	0.02225
series_C	state_5	0.025	1199.0	0.0175
series_C	state_1	0.084	1200.0	0.03353
series_C	state_2	0.067	1200.0	0.03006
series_C	state_3	0.053	1200.0	0.02627
series_C	state_4	0.039	1200.0	0.02223
series_C	state_5	0.025	1200.0	0.01747
series_C	state_1	0.084	1201.0	0.03345
series_C	state_2	0.067	1201.0	0.02991
series_C	state_3	0.053	1201.0	0.02617
series_C	state_4	0.039	1201.0	0.02219
series_C	state_5	0.025	1201.0	0.01746
series_C	state_1	0.084	1202.0	0.03335
series_C	state_2	0.067	1202.0	0.02978
series_C	state_3	0.053	1202.0	0.02606
series_C	state_4	0.039	1202.0	0.02215
series_C	state_5	0.025	1202.0	0.01742
series_C	state_1	0.084	1203.0	0.03323
series_C	state_2	0.067	1203.0	0.02967
series_C	state_3	0.053	1203.0	0.02598
series_C	state_4	0.039	1203.0	0.02205
series_C	state_5	0.025	1203.0	0.01739
series_C	state_1	0.084	1204.0	0.03314
series_C	state_2	0.067	1204.0	0.02957
series_C	state_3	0.053	1204.0	0.02594
series_C	state_4	0.039	1204.0	0.02199
series_C	state_5	0.025	1204.0	0.01738
series_C	state_1	0.084	1205.0	0.03307
series_C	state_2	0.067	1205.0	0.02946
series_C	state_3	0.053	1205.0	0.02585
series_C	state_4	0.039	1205.0	0.02195
series_C	state_5	0.025	1205.0	0.01736
series_C	state_1	0.084	1206.0	0.03298
series_C	state_2	0.067	1206.0	0.02937
series_C	state_3	0.053	1206.0	0.02578
series_C	state_4	0.039	1206.0	0.0219
series_C	state_5	0.025	1206.0	0.01734
series_C	state_1	0.084	1207.0	0.0329
series_C	state_2	0.067	1207.0	0.02928
series_C	state_3	0.053	1207.0	0.0257
series_C	state_4	0.039	1207.0	0.02183
series_C	state_5	0.025	1207.0	0.01731
series_C	state_1	0.084	1208.0	0.03278
series_C	state_2	0.067	1208.0	0.02919
series_C	state_3	0.053	1208.0	0.02563
series_C	state_4	0.039	1208.0	0.02175
series_C	state_5	0.025	1208.0	0.01725
series_C	state_1	0.084	1209.0	0.03267
series_C	state_2	0.067	1209.0	0.02911
series_C	state_3	0.053	1209.0	0.02557
series_C	state_4	0.039	1209.0	0.02168
series_C	state_5	0.025	1209.0	0.01723
series_C	state_1	0.084	1210.0	0.03255
series_C	state_2	0.067	1210.0	0.02901
series_C	state_3	0.053	1210.0	0.02549
series_C	state_4	0.039	1210.0	0.02161
series_C	state_5	0.025	1210.0	0.01721
series_C	state_1	0.084	1211.0	0.03247
series_C	state_2	0.067	1211.0	0.02898
series_C	state_3	0.053	1211.0	0.02542
series_C	state_4	0.039	1211.0	0.02154
series_C	state_5	0.025	1211.0	0.01716
series_C	state_1	0.084	1212.0	0.03237
series_C	state_2	0.067	1212.0	0.02889
series_C	state_3	0.053	1212.0	0.02533
series_C	state_4	0.039	1212.0	0.02152
series_C	state_5	0.025	1212.0	0.01714
series_C	state_1	0.084	1213.0	0.03226
series_C	state_2	0.067	1213.0	0.02886
series_C	state_3	0.053	1213.0	0.02524
series_C	state_4	0.039	1213.0	0.02144
series_C	state_5	0.025	1213.0	0.01712
series_C	state_1	0.084	1214.0	0.03213
series_C	state_2	0.067	1214.0	0.02884
series_C	state_3	0.053	1214.0	0.02513
series_C	state_4	0.039	1214.0	0.02136
series_C	state_5	0.025	1214.0	0.01709
series_C	state_1	0.084	1215.0	0.03204
series_C	state_2	0.067	1215.0	0.0288
series_C	state_3	0.053	1215.0	0.02504
series_C	state_4	0.039	1215.0	0.02129
series_C	state_5	0.025	1215.0	0.01704
series_C	state_1	0.084	1216.0	0.03194
series_C	state_2	0.067	1216.0	0.02876
series_C	state_3	0.053	1216.0	0.02495
series_C	state_4	0.039	1216.0	0.02121
series_C	state_5	0.025	1216.0	0.017
series_C	state_1	0.084	1217.0	0.03184
series_C	state_2	0.067	1217.0	0.02873
series_C	state_3	0.053	1217.0	0.02484
series_C	state_4	0.039	1217.0	0.02118
series_C	state_5	0.025	1217.0	0.01699
series_C	state_1	0.084	1218.0	0.03177
series_C	state_2	0.067	1218.0	0.02868
series_C	state_3	0.053	1218.0	0.02473
series_C	state_4	0.039	1218.0	0.02107
series_C	state_5	0.025	1218.0	0.01698
series_C	state_1	0.084	1219.0	0.03168
series_C	state_2	0.067	1219.0	0.02862
series_C	state_3	0.053	1219.0	0.02462
series_C	state_4	0.039	1219.0	0.02102
series_C	state_5	0.025	1219.0	0.01696
series_C	state_1	0.084	1220.0	0.03159
series_C	state_2	0.067	1220.0	0.02854
series_C	state_3	0.053	1220.0	0.02451
series_C	state_4	0.039	1220.0	0.02102
series_C	state_5	0.025	1220.0	0.01698
series_C	state_1	0.084	1221.0	0.03144
series_C	state_2	0.067	1221.0	0.02849
series_C	state_3	0.053	1221.0	0.02444
series_C	state_4	0.039	1221.0	0.02092
series_C	state_5	0.025	1221.0	0.01698
series_C	state_1	0.084	1222.0	0.03132
series_C	state_2	0.067	1222.0	0.02842
series_C	state_3	0.053	1222.0	0.02437
series_C	state_4	0.039	1222.0	0.02082
series_C	state_5	0.025	1222.0	0.01693
series_C	state_1	0.084	1223.0	0.03122
series_C	state_2	0.067	1223.0	0.02835
series_C	state_3	0.053	1223.0	0.0243
series_C	state_4	0.039	1223.0	0.02071
series_C	state_5	0.025	1223.0	0.01692
series_C	state_1	0.084	1224.0	0.03116
series_C	state_2	0.067	1224.0	0.02828
series_C	state_3	0.053	1224.0	0.02425
series_C	state_4	0.039	1224.0	0.02062
series_C	state_5	0.025	1224.0	0.0169
series_C	state_1	0.084	1225.0	0.03109
series_C	state_2	0.067	1225.0	0.0282
series_C	state_3	0.053	1225.0	0.02418
series_C	state_4	0.039	1225.0	0.02053
series_C	state_5	0.025	1225.0	0.01689
series_C	state_1	0.084	1226.0	0.03097
series_C	state_2	0.067	1226.0	0.02811
series_C	state_3	0.053	1226.0	0.02414
series_C	state_4	0.039	1226.0	0.02038
series_C	state_5	0.025	1226.0	0.01686
series_C	state_1	0.084	1227.0	0.03084
series_C	state_2	0.067	1227.0	0.02803
series_C	state_3	0.053	1227.0	0.02409
series_C	state_4	0.039	1227.0	0.0203
series_C	state_5	0.025	1227.0	0.01681
series_C	state_1	0.084	1228.0	0.03067
series_C	state_2	0.067	1228.0	0.02792
series_C	state_3	0.053	1228.0	0.02407
series_C	state_4	0.039	1228.0	0.02021
series_C	state_5	0.025	1228.0	0.01678
series_C	state_1	0.084	1229.0	0.0305
series_C	state_2	0.067	1229.0	0.02784
series_C	state_3	0.053	1229.0	0.02403
series_C	state_4	0.039	1229.0	0.02016
series_C	state_5	0.025	1229.0	0.01676
series_C	state_1	0.084	1230.0	0.03035
series_C	state_2	0.067	1230.0	0.02774
series_C	state_3	0.053	1230.0	0.02401
series_C	state_4	0.039	1230.0	0.02008
series_C	state_5	0.025	1230.0	0.0167
series_C	state_1	0.084	1231.0	0.03019
series_C	state_2	0.067	1231.0	0.02765
series_C	state_3	0.053	1231.0	0.02396
series_C	state_4	0.039	1231.0	0.02
series_C	state_5	0.025	1231.0	0.01667
series_C	state_1	0.084	1232.0	0.03
series_C	state_2	0.067	1232.0	0.02756
series_C	state_3	0.053	1232.0	0.02391
series_C	state_4	0.039	1232.0	0.01994
series_C	state_5	0.025	1232.0	0.01663
series_C	state_1	0.084	1233.0	0.0298
series_C	state_2	0.067	1233.0	0.02749
series_C	state_3	0.053	1233.0	0.02386
series_C	state_4	0.039	1233.0	0.01981
series_C	state_5	0.025	1233.0	0.01658
series_C	state_1	0.084	1234.0	0.02965
series_C	state_2	0.067	1234.0	0.02743
series_C	state_3	0.053	1234.0	0.0238
series_C	state_4	0.039	1234.0	0.01972
series_C	state_5	0.025	1234.0	0.01651
series_C	state_1	0.084	1235.0	0.0295
series_C	state_2	0.067	1235.0	0.02737
series_C	state_3	0.053	1235.0	0.02372
series_C	state_4	0.039	1235.0	0.01964
series_C	state_5	0.025	1235.0	0.01648
series_C	state_1	0.084	1236.0	0.02936
series_C	state_2	0.067	1236.0	0.02728
series_C	state_3	0.053	1236.0	0.02366
series_C	state_4	0.039	1236.0	0.01957
series_C	state_5	0.025	1236.0	0.01647
series_C	state_1	0.084	1237.0	0.02924
series_C	state_2	0.067	1237.0	0.02723
series_C	state_3	0.053	1237.0	0.02357
series_C	state_4	0.039	1237.0	0.01953
series_C	state_5	0.025	1237.0	0.01643
series_C	state_1	0.084	1238.0	0.02913
series_C	state_2	0.067	1238.0	0.02719
series_C	state_3	0.053	1238.0	0.02349
series_C	state_4	0.039	1238.0	0.01944
series_C	state_5	0.025	1238.0	0.01639
series_C	state_1	0.084	1239.0	0.02904
series_C	state_2	0.067	1239.0	0.02714
series_C	state_3	0.053	1239.0	0.02339
series_C	state_4	0.039	1239.0	0.01943
series_C	state_5	0.025	1239.0	0.01636
series_C	state_1	0.084	1240.0	0.02894
series_C	state_2	0.067	1240.0	0.02705
series_C	state_3	0.053	1240.0	0.02333
series_C	state_4	0.039	1240.0	0.0194
series_C	state_5	0.025	1240.0	0.01631
series_C	state_1	0.084	1241.0	0.02884
series_C	state_2	0.067	1241.0	0.02701
series_C	state_3	0.053	1241.0	0.02324
series_C	state_4	0.039	1241.0	0.01932
series_C	state_5	0.025	1241.0	0.01624
series_C	state_1	0.084	1242.0	0.0288
series_C	state_2	0.067	1242.0	0.02692
series_C	state_3	0.053	1242.0	0.02314
series_C	state_4	0.039	1242.0	0.0193
series_C	state_5	0.025	1242.0	0.01617
series_C	state_1	0.084	1243.0	0.02877
series_C	state_2	0.067	1243.0	0.02684
series_C	state_3	0.053	1243.0	0.02304
series_C	state_4	0.039	1243.0	0.01926
series_C	state_5	0.025	1243.0	0.01617
series_C	state_1	0.084	1244.0	0.02875
series_C	state_2	0.067	1244.0	0.02674
series_C	state_3	0.053	1244.0	0.02293
series_C	state_4	0.039	1244.0	0.01923
series_C	state_5	0.025	1244.0	0.01614
series_C	state_1	0.084	1245.0	0.02872
series_C	state_2	0.067	1245.0	0.02665
series_C	state_3	0.053	1245.0	0.02284
series_C	state_4	0.039	1245.0	0.01918
series_C	state_5	0.025	1245.0	0.01611
series_C	state_1	0.084	1246.0	0.02866
series_C	state_2	0.067	1246.0	0.0265
series_C	state_3	0.053	1246.0	0.02276
series_C	state_4	0.039	1246.0	0.01918
series_C	state_5	0.025	1246.0	0.01605
series_C	state_1	0.084	1247.0	0.02862
series_C	state_2	0.067	1247.0	0.02638
series_C	state_3	0.053	1247.0	0.02269
series_C	state_4	0.039	1247.0	0.01921
series_C	state_5	0.025	1247.0	0.01601
series_C	state_1	0.084	1248.0	0.02854
series_C	state_2	0.067	1248.0	0.02624
series_C	state_3	0.053	1248.0	0.0226
series_C	state_4	0.039	1248.0	0.01918
series_C	state_5	0.025	1248.0	0.01596
series_C	state_1	0.084	1249.0	0.02845
series_C	state_2	0.067	1249.0	0.0261
series_C	state_3	0.053	1249.0	0.02254
series_C	state_4	0.039	1249.0	0.01918
series_C	state_5	0.025	1249.0	0.0159
series_C	state_1	0.084	1250.0	0.02833
series_C	state_2	0.067	1250.0	0.02598
series_C	state_3	0.053	1250.0	0.02248
series_C	state_4	0.039	1250.0	0.01917
series_C	state_5	0.025	1250.0	0.01584
series_C	state_1	0.084	1251.0	0.02821
series_C	state_2	0.067	1251.0	0.02585
series_C	state_3	0.053	1251.0	0.0224
series_C	state_4	0.039	1251.0	0.01913
series_C	state_5	0.025	1251.0	0.0158
series_C	state_1	0.084	1252.0	0.02811
series_C	state_2	0.067	1252.0	0.02571
series_C	state_3	0.053	1252.0	0.02235
series_C	state_4	0.039	1252.0	0.0191
series_C	state_5	0.025	1252.0	0.01574
series_C	state_1	0.084	1253.0	0.02798
series_C	state_2	0.067	1253.0	0.02556
series_C	state_3	0.053	1253.0	0.02226
series_C	state_4	0.039	1253.0	0.01905
series_C	state_5	0.025	1253.0	0.01571
series_C	state_1	0.084	1254.0	0.02784
series_C	state_2	0.067	1254.0	0.0254
series_C	state_3	0.053	1254.0	0.02217
series_C	state_4	0.039	1254.0	0.01902
series_C	state_5	0.025	1254.0	0.01566
series_C	state_1	0.084	1255.0	0.02769
series_C	state_2	0.067	1255.0	0.02525
series_C	state_3	0.053	1255.0	0.02217
series_C	state_4	0.039	1255.0	0.01898
series_C	state_5	0.025	1255.0	0.01563
series_C	state_1	0.084	1256.0	0.02754
series_C	state_2	0.067	1256.0	0.02508
series_C	state_3	0.053	1256.0	0.02206
series_C	state_4	0.039	1256.0	0.01894
series_C	state_5	0.025	1256.0	0.0156
series_C	state_1	0.084	1257.0	0.02739
series_C	state_2	0.067	1257.0	0.02495
series_C	state_3	0.053	1257.0	0.02196
series_C	state_4	0.039	1257.0	0.01888
series_C	state_5	0.025	1257.0	0.01554
series_C	state_1	0.084	1258.0	0.02724
series_C	state_2	0.067	1258.0	0.02481
series_C	state_3	0.053	1258.0	0.02184
series_C	state_4	0.039	1258.0	0.01884
series_C	state_5	0.025	1258.0	0.01549
series_C	state_1	0.084	1259.0	0.02707
series_C	state_2	0.067	1259.0	0.02467
series_C	state_3	0.053	1259.0	0.02174
series_C	state_4	0.039	1259.0	0.01879
series_C	state_5	0.025	1259.0	0.01543
series_C	state_1	0.084	1260.0	0.02685
series_C	state_2	0.067	1260.0	0.02447
series_C	state_3	0.053	1260.0	0.02165
series_C	state_4	0.039	1260.0	0.01873
series_C	state_5	0.025	1260.0	0.01535
series_C	state_1	0.084	1261.0	0.02669
series_C	state_2	0.067	1261.0	0.02434
series_C	state_3	0.053	1261.0	0.02156
series_C	state_4	0.039	1261.0	0.01867
series_C	state_5	0.025	1261.0	0.01533
series_C	state_1	0.084	1262.0	0.0265
series_C	state_2	0.067	1262.0	0.02418
series_C	state_3	0.053	1262.0	0.02142
series_C	state_4	0.039	1262.0	0.01862
series_C	state_5	0.025	1262.0	0.01532
series_C	state_1	0.084	1263.0	0.02634
series_C	state_2	0.067	1263.0	0.02405
series_C	state_3	0.053	1263.0	0.02128
series_C	state_4	0.039	1263.0	0.01856
series_C	state_5	0.025	1263.0	0.01529
series_C	state_1	0.084	1264.0	0.02619
series_C	state_2	0.067	1264.0	0.02392
series_C	state_3	0.053	1264.0	0.02111
series_C	state_4	0.039	1264.0	0.0185
series_C	state_5	0.025	1264.0	0.01524
series_C	state_1	0.084	1265.0	0.02602
series_C	state_2	0.067	1265.0	0.02378
series_C	state_3	0.053	1265.0	0.02094
series_C	state_4	0.039	1265.0	0.01841
series_C	state_5	0.025	1265.0	0.01519
series_C	state_1	0.084	1266.0	0.02587
series_C	state_2	0.067	1266.0	0.02365
series_C	state_3	0.053	1266.0	0.02075
series_C	state_4	0.039	1266.0	0.01835
series_C	state_5	0.025	1266.0	0.01514
series_C	state_1	0.084	1267.0	0.0257
series_C	state_2	0.067	1267.0	0.02354
series_C	state_3	0.053	1267.0	0.02057
series_C	state_4	0.039	1267.0	0.0183
series_C	state_5	0.025	1267.0	0.01508
series_C	state_1	0.084	1268.0	0.02554
series_C	state_2	0.067	1268.0	0.02343
series_C	state_3	0.053	1268.0	0.02039
series_C	state_4	0.039	1268.0	0.01824
series_C	state_5	0.025	1268.0	0.015
series_C	state_1	0.084	1269.0	0.02535
series_C	state_2	0.067	1269.0	0.0233
series_C	state_3	0.053	1269.0	0.02023
series_C	state_4	0.039	1269.0	0.01819
series_C	state_5	0.025	1269.0	0.01494
series_C	state_1	0.084	1270.0	0.0252
series_C	state_2	0.067	1270.0	0.02319
series_C	state_3	0.053	1270.0	0.02004
series_C	state_4	0.039	1270.0	0.01813
series_C	state_5	0.025	1270.0	0.0149
series_C	state_1	0.084	1271.0	0.02506
series_C	state_2	0.067	1271.0	0.0231
series_C	state_3	0.053	1271.0	0.01987
series_C	state_4	0.039	1271.0	0.01803
series_C	state_5	0.025	1271.0	0.01487
series_C	state_1	0.084	1272.0	0.02487
series_C	state_2	0.067	1272.0	0.02298
series_C	state_3	0.053	1272.0	0.01973
series_C	state_4	0.039	1272.0	0.01795
series_C	state_5	0.025	1272.0	0.01485
series_C	state_1	0.084	1273.0	0.0247
series_C	state_2	0.067	1273.0	0.02287
series_C	state_3	0.053	1273.0	0.01959
series_C	state_4	0.039	1273.0	0.0179
series_C	state_5	0.025	1273.0	0.01479
series_C	state_1	0.084	1274.0	0.02454
series_C	state_2	0.067	1274.0	0.02276
series_C	state_3	0.053	1274.0	0.01951
series_C	state_4	0.039	1274.0	0.01785
series_C	state_5	0.025	1274.0	0.01472
series_C	state_1	0.084	1275.0	0.02438
series_C	state_2	0.067	1275.0	0.02264
series_C	state_3	0.053	1275.0	0.01943
series_C	state_4	0.039	1275.0	0.01778
series_C	state_5	0.025	1275.0	0.01469
series_C	state_1	0.084	1276.0	0.02425
series_C	state_2	0.067	1276.0	0.02251
series_C	state_3	0.053	1276.0	0.01929
series_C	state_4	0.039	1276.0	0.0177
series_C	state_5	0.025	1276.0	0.01465
series_C	state_1	0.084	1277.0	0.02412
series_C	state_2	0.067	1277.0	0.0224
series_C	state_3	0.053	1277.0	0.01924
series_C	state_4	0.039	1277.0	0.01764
series_C	state_5	0.025	1277.0	0.0146
series_C	state_1	0.084	1278.0	0.02398
series_C	state_2	0.067	1278.0	0.02226
series_C	state_3	0.053	1278.0	0.01919
series_C	state_4	0.039	1278.0	0.01757
series_C	state_5	0.025	1278.0	0.01455
series_C	state_1	0.084	1279.0	0.0238
series_C	state_2	0.067	1279.0	0.02214
series_C	state_3	0.053	1279.0	0.01919
series_C	state_4	0.039	1279.0	0.0175
series_C	state_5	0.025	1279.0	0.01449
series_C	state_1	0.084	1280.0	0.02365
series_C	state_2	0.067	1280.0	0.02203
series_C	state_3	0.053	1280.0	0.01921
series_C	state_4	0.039	1280.0	0.01745
series_C	state_5	0.025	1280.0	0.01445
series_C	state_1	0.084	1281.0	0.02355
series_C	state_2	0.067	1281.0	0.02192
series_C	state_3	0.053	1281.0	0.01919
series_C	state_4	0.039	1281.0	0.01741
series_C	state_5	0.025	1281.0	0.01445
series_C	state_1	0.084	1282.0	0.02339
series_C	state_2	0.067	1282.0	0.02179
series_C	state_3	0.053	1282.0	0.01915
series_C	state_4	0.039	1282.0	0.01732
series_C	state_5	0.025	1282.0	0.01442
series_C	state_1	0.084	1283.0	0.02328
series_C	state_2	0.067	1283.0	0.02161
series_C	state_3	0.053	1283.0	0.01913
series_C	state_4	0.039	1283.0	0.01725
series_C	state_5	0.025	1283.0	0.01438
series_C	state_1	0.084	1284.0	0.02314
series_C	state_2	0.067	1284.0	0.02145
series_C	state_3	0.053	1284.0	0.01906
series_C	state_4	0.039	1284.0	0.01717
series_C	state_5	0.025	1284.0	0.01436
series_C	state_1	0.084	1285.0	0.023
series_C	state_2	0.067	1285.0	0.02128
series_C	state_3	0.053	1285.0	0.01901
series_C	state_4	0.039	1285.0	0.01708
series_C	state_5	0.025	1285.0	0.01432
series_C	state_1	0.084	1286.0	0.02289
series_C	state_2	0.067	1286.0	0.02111
series_C	state_3	0.053	1286.0	0.01894
series_C	state_4	0.039	1286.0	0.017
series_C	state_5	0.025	1286.0	0.01427
series_C	state_1	0.084	1287.0	0.02275
series_C	state_2	0.067	1287.0	0.0209
series_C	state_3	0.053	1287.0	0.01887
series_C	state_4	0.039	1287.0	0.01692
series_C	state_5	0.025	1287.0	0.01421
series_C	state_1	0.084	1288.0	0.02261
series_C	state_2	0.067	1288.0	0.02068
series_C	state_3	0.053	1288.0	0.01879
series_C	state_4	0.039	1288.0	0.01681
series_C	state_5	0.025	1288.0	0.01419
series_C	state_1	0.084	1289.0	0.02247
series_C	state_2	0.067	1289.0	0.02046
series_C	state_3	0.053	1289.0	0.01871
series_C	state_4	0.039	1289.0	0.01672
series_C	state_5	0.025	1289.0	0.01417
series_C	state_1	0.084	1290.0	0.02231
series_C	state_2	0.067	1290.0	0.02026
series_C	state_3	0.053	1290.0	0.0186
series_C	state_4	0.039	1290.0	0.01664
series_C	state_5	0.025	1290.0	0.01414
series_C	state_1	0.084	1291.0	0.02215
series_C	state_2	0.067	1291.0	0.02008
series_C	state_3	0.053	1291.0	0.0185
series_C	state_4	0.039	1291.0	0.01653
series_C	state_5	0.025	1291.0	0.01411
series_C	state_1	0.084	1292.0	0.02199
series_C	state_2	0.067	1292.0	0.0199
series_C	state_3	0.053	1292.0	0.01839
series_C	state_4	0.039	1292.0	0.01645
series_C	state_5	0.025	1292.0	0.01407
series_C	state_1	0.084	1293.0	0.02191
series_C	state_2	0.067	1293.0	0.01974
series_C	state_3	0.053	1293.0	0.01829
series_C	state_4	0.039	1293.0	0.01637
series_C	state_5	0.025	1293.0	0.01401
series_C	state_1	0.084	1294.0	0.02173
series_C	state_2	0.067	1294.0	0.01958
series_C	state_3	0.053	1294.0	0.01819
series_C	state_4	0.039	1294.0	0.01625
series_C	state_5	0.025	1294.0	0.01399
series_C	state_1	0.084	1295.0	0.02155
series_C	state_2	0.067	1295.0	0.01942
series_C	state_3	0.053	1295.0	0.01807
series_C	state_4	0.039	1295.0	0.01617
series_C	state_5	0.025	1295.0	0.01397
series_C	state_1	0.084	1296.0	0.02139
series_C	state_2	0.067	1296.0	0.01932
series_C	state_3	0.053	1296.0	0.018
series_C	state_4	0.039	1296.0	0.01613
series_C	state_5	0.025	1296.0	0.01395
series_C	state_1	0.084	1297.0	0.02125
series_C	state_2	0.067	1297.0	0.01924
series_C	state_3	0.053	1297.0	0.01794
series_C	state_4	0.039	1297.0	0.01609
series_C	state_5	0.025	1297.0	0.01394
series_C	state_1	0.084	1298.0	0.02099
series_C	state_2	0.067	1298.0	0.01918
series_C	state_3	0.053	1298.0	0.01788
series_C	state_4	0.039	1298.0	0.01602
series_C	state_5	0.025	1298.0	0.01389
series_C	state_1	0.084	1299.0	0.02082
series_C	state_2	0.067	1299.0	0.01916
series_C	state_3	0.053	1299.0	0.01781
series_C	state_4	0.039	1299.0	0.01601
series_C	state_5	0.025	1299.0	0.01386
series_C	state_1	0.084	1300.0	0.02067
series_C	state_2	0.067	1300.0	0.01914
series_C	state_3	0.053	1300.0	0.01776
series_C	state_4	0.039	1300.0	0.01599
series_C	state_5	0.025	1300.0	0.01384
series_C	state_1	0.084	1301.0	0.02054
series_C	state_2	0.067	1301.0	0.01911
series_C	state_3	0.053	1301.0	0.01768
series_C	state_4	0.039	1301.0	0.01594
series_C	state_5	0.025	1301.0	0.01382
series_C	state_1	0.084	1302.0	0.0204
series_C	state_2	0.067	1302.0	0.01909
series_C	state_3	0.053	1302.0	0.01766
series_C	state_4	0.039	1302.0	0.01587
series_C	state_5	0.025	1302.0	0.0138
series_C	state_1	0.084	1303.0	0.02026
series_C	state_2	0.067	1303.0	0.01905
series_C	state_3	0.053	1303.0	0.01759
series_C	state_4	0.039	1303.0	0.01583
series_C	state_5	0.025	1303.0	0.01379
series_C	state_1	0.084	1304.0	0.0201
series_C	state_2	0.067	1304.0	0.01906
series_C	state_3	0.053	1304.0	0.01753
series_C	state_4	0.039	1304.0	0.0158
series_C	state_5	0.025	1304.0	0.01376
series_C	state_1	0.084	1305.0	0.02002
series_C	state_2	0.067	1305.0	0.01906
series_C	state_3	0.053	1305.0	0.01751
series_C	state_4	0.039	1305.0	0.01576
series_C	state_5	0.025	1305.0	0.01374
series_C	state_1	0.084	1306.0	0.01994
series_C	state_2	0.067	1306.0	0.01905
series_C	state_3	0.053	1306.0	0.01747
series_C	state_4	0.039	1306.0	0.01572
series_C	state_5	0.025	1306.0	0.01373
series_C	state_1	0.084	1307.0	0.01984
series_C	state_2	0.067	1307.0	0.01904
series_C	state_3	0.053	1307.0	0.01746
series_C	state_4	0.039	1307.0	0.01568
series_C	state_5	0.025	1307.0	0.01371
series_C	state_1	0.084	1308.0	0.01975
series_C	state_2	0.067	1308.0	0.01901
series_C	state_3	0.053	1308.0	0.01743
series_C	state_4	0.039	1308.0	0.01563
series_C	state_5	0.025	1308.0	0.01371
series_C	state_1	0.084	1309.0	0.0197
series_C	state_2	0.067	1309.0	0.01898
series_C	state_3	0.053	1309.0	0.01741
series_C	state_4	0.039	1309.0	0.01558
series_C	state_5	0.025	1309.0	0.0137
series_C	state_1	0.084	1310.0	0.01962
series_C	state_2	0.067	1310.0	0.01896
series_C	state_3	0.053	1310.0	0.01737
series_C	state_4	0.039	1310.0	0.01554
series_C	state_5	0.025	1310.0	0.01368
series_C	state_1	0.084	1311.0	0.01958
series_C	state_2	0.067	1311.0	0.01892
series_C	state_3	0.053	1311.0	0.01736
series_C	state_4	0.039	1311.0	0.0155
series_C	state_5	0.025	1311.0	0.01367
series_C	state_1	0.084	1312.0	0.01956
series_C	state_2	0.067	1312.0	0.01892
series_C	state_3	0.053	1312.0	0.01732
series_C	state_4	0.039	1312.0	0.01549
series_C	state_5	0.025	1312.0	0.01364
series_C	state_1	0.084	1313.0	0.01954
series_C	state_2	0.067	1313.0	0.01885
series_C	state_3	0.053	1313.0	0.01734
series_C	state_4	0.039	1313.0	0.01543
series_C	state_5	0.025	1313.0	0.01363
series_C	state_1	0.084	1314.0	0.01945
series_C	state_2	0.067	1314.0	0.01882
series_C	state_3	0.053	1314.0	0.01734
series_C	state_4	0.039	1314.0	0.01536
series_C	state_5	0.025	1314.0	0.01364
series_C	state_1	0.084	1315.0	0.01939
series_C	state_2	0.067	1315.0	0.01879
series_C	state_3	0.053	1315.0	0.01734
series_C	state_4	0.039	1315.0	0.01535
series_C	state_5	0.025	1315.0	0.01362
series_C	state_1	0.084	1316.0	0.01935
series_C	state_2	0.067	1316.0	0.01874
series_C	state_3	0.053	1316.0	0.01733
series_C	state_4	0.039	1316.0	0.01537
series_C	state_5	0.025	1316.0	0.01361
series_C	state_1	0.084	1317.0	0.0193
series_C	state_2	0.067	1317.0	0.01869
series_C	state_3	0.053	1317.0	0.0173
series_C	state_4	0.039	1317.0	0.01533
series_C	state_5	0.025	1317.0	0.01363
series_C	state_1	0.084	1318.0	0.01921
series_C	state_2	0.067	1318.0	0.01864
series_C	state_3	0.053	1318.0	0.01726
series_C	state_4	0.039	1318.0	0.0153
series_C	state_5	0.025	1318.0	0.0136
series_C	state_1	0.084	1319.0	0.01924
series_C	state_2	0.067	1319.0	0.01861
series_C	state_3	0.053	1319.0	0.01725
series_C	state_4	0.039	1319.0	0.0153
series_C	state_5	0.025	1319.0	0.01358
series_C	state_1	0.084	1320.0	0.01923
series_C	state_2	0.067	1320.0	0.01857
series_C	state_3	0.053	1320.0	0.01721
series_C	state_4	0.039	1320.0	0.01526
series_C	state_5	0.025	1320.0	0.01358
series_C	state_1	0.084	1321.0	0.01923
series_C	state_2	0.067	1321.0	0.0185
series_C	state_3	0.053	1321.0	0.01716
series_C	state_4	0.039	1321.0	0.0152
series_C	state_5	0.025	1321.0	0.01356
series_C	state_1	0.084	1322.0	0.0192
series_C	state_2	0.067	1322.0	0.01846
series_C	state_3	0.053	1322.0	0.01711
series_C	state_4	0.039	1322.0	0.01515
series_C	state_5	0.025	1322.0	0.01354
series_C	state_1	0.084	1323.0	0.01918
series_C	state_2	0.067	1323.0	0.01839
series_C	state_3	0.053	1323.0	0.01704
series_C	state_4	0.039	1323.0	0.01511
series_C	state_5	0.025	1323.0	0.01352
series_C	state_1	0.084	1324.0	0.01917
series_C	state_2	0.067	1324.0	0.01834
series_C	state_3	0.053	1324.0	0.01699
series_C	state_4	0.039	1324.0	0.01512
series_C	state_5	0.025	1324.0	0.0135
series_C	state_1	0.084	1325.0	0.01921
series_C	state_2	0.067	1325.0	0.01833
series_C	state_3	0.053	1325.0	0.01693
series_C	state_4	0.039	1325.0	0.01508
series_C	state_5	0.025	1325.0	0.0135
series_C	state_1	0.084	1326.0	0.01922
series_C	state_2	0.067	1326.0	0.0183
series_C	state_3	0.053	1326.0	0.01684
series_C	state_4	0.039	1326.0	0.01504
series_C	state_5	0.025	1326.0	0.01349
series_C	state_1	0.084	1327.0	0.01922
series_C	state_2	0.067	1327.0	0.01826
series_C	state_3	0.053	1327.0	0.0168
series_C	state_4	0.039	1327.0	0.015
series_C	state_5	0.025	1327.0	0.01344
series_C	state_1	0.084	1328.0	0.01922
series_C	state_2	0.067	1328.0	0.01819
series_C	state_3	0.053	1328.0	0.01672
series_C	state_4	0.039	1328.0	0.01496
series_C	state_5	0.025	1328.0	0.01342
series_C	state_1	0.084	1329.0	0.01918
series_C	state_2	0.067	1329.0	0.01813
series_C	state_3	0.053	1329.0	0.01666
series_C	state_4	0.039	1329.0	0.01492
series_C	state_5	0.025	1329.0	0.01339
series_C	state_1	0.084	1330.0	0.01916
series_C	state_2	0.067	1330.0	0.0181
series_C	state_3	0.053	1330.0	0.01658
series_C	state_4	0.039	1330.0	0.01491
series_C	state_5	0.025	1330.0	0.01336
series_C	state_1	0.084	1331.0	0.01914
series_C	state_2	0.067	1331.0	0.01804
series_C	state_3	0.053	1331.0	0.01652
series_C	state_4	0.039	1331.0	0.01488
series_C	state_5	0.025	1331.0	0.01335
series_C	state_1	0.084	1332.0	0.01909
series_C	state_2	0.067	1332.0	0.018
series_C	state_3	0.053	1332.0	0.01649
series_C	state_4	0.039	1332.0	0.01484
series_C	state_5	0.025	1332.0	0.01334
series_C	state_1	0.084	1333.0	0.01906
series_C	state_2	0.067	1333.0	0.01793
series_C	state_3	0.053	1333.0	0.01647
series_C	state_4	0.039	1333.0	0.01478
series_C	state_5	0.025	1333.0	0.01333
series_C	state_1	0.084	1334.0	0.01901
series_C	state_2	0.067	1334.0	0.0179
series_C	state_3	0.053	1334.0	0.01642
series_C	state_4	0.039	1334.0	0.01474
series_C	state_5	0.025	1334.0	0.0133
series_C	state_1	0.084	1335.0	0.01895
series_C	state_2	0.067	1335.0	0.01784
series_C	state_3	0.053	1335.0	0.01637
series_C	state_4	0.039	1335.0	0.01471
series_C	state_5	0.025	1335.0	0.01331
series_C	state_1	0.084	1336.0	0.01889
series_C	state_2	0.067	1336.0	0.01779
series_C	state_3	0.053	1336.0	0.01632
series_C	state_4	0.039	1336.0	0.0147
series_C	state_5	0.025	1336.0	0.01332
series_C	state_1	0.084	1337.0	0.01882
series_C	state_2	0.067	1337.0	0.01773
series_C	state_3	0.053	1337.0	0.01627
series_C	state_4	0.039	1337.0	0.01467
series_C	state_5	0.025	1337.0	0.01334
series_C	state_1	0.084	1338.0	0.01878
series_C	state_2	0.067	1338.0	0.0177
series_C	state_3	0.053	1338.0	0.01625
series_C	state_4	0.039	1338.0	0.01464
series_C	state_5	0.025	1338.0	0.01332
series_C	state_1	0.084	1339.0	0.0187
series_C	state_2	0.067	1339.0	0.01766
series_C	state_3	0.053	1339.0	0.01622
series_C	state_4	0.039	1339.0	0.01462
series_C	state_5	0.025	1339.0	0.01333
series_C	state_1	0.084	1340.0	0.01863
series_C	state_2	0.067	1340.0	0.01759
series_C	state_3	0.053	1340.0	0.01616
series_C	state_4	0.039	1340.0	0.01455
series_C	state_5	0.025	1340.0	0.01333
series_C	state_1	0.084	1341.0	0.01855
series_C	state_2	0.067	1341.0	0.01751
series_C	state_3	0.053	1341.0	0.01611
series_C	state_4	0.039	1341.0	0.01451
series_C	state_5	0.025	1341.0	0.01328
series_C	state_1	0.084	1342.0	0.0185
series_C	state_2	0.067	1342.0	0.01751
series_C	state_3	0.053	1342.0	0.01607
series_C	state_4	0.039	1342.0	0.01448
series_C	state_5	0.025	1342.0	0.01328
series_C	state_1	0.084	1343.0	0.01845
series_C	state_2	0.067	1343.0	0.01744
series_C	state_3	0.053	1343.0	0.01605
series_C	state_4	0.039	1343.0	0.01448
series_C	state_5	0.025	1343.0	0.01329
series_C	state_1	0.084	1344.0	0.01838
series_C	state_2	0.067	1344.0	0.01742
series_C	state_3	0.053	1344.0	0.01602
series_C	state_4	0.039	1344.0	0.01445
series_C	state_5	0.025	1344.0	0.01328
series_C	state_1	0.084	1345.0	0.01834
series_C	state_2	0.067	1345.0	0.01739
series_C	state_3	0.053	1345.0	0.01597
series_C	state_4	0.039	1345.0	0.01439
series_C	state_5	0.025	1345.0	0.01327
series_C	state_1	0.084	1346.0	0.01829
series_C	state_2	0.067	1346.0	0.01732
series_C	state_3	0.053	1346.0	0.01591
series_C	state_4	0.039	1346.0	0.01438
series_C	state_5	0.025	1346.0	0.01323
series_C	state_1	0.084	1347.0	0.01822
series_C	state_2	0.067	1347.0	0.01723
series_C	state_3	0.053	1347.0	0.01591
series_C	state_4	0.039	1347.0	0.01437
series_C	state_5	0.025	1347.0	0.01316
series_C	state_1	0.084	1348.0	0.01813
series_C	state_2	0.067	1348.0	0.01717
series_C	state_3	0.053	1348.0	0.01583
series_C	state_4	0.039	1348.0	0.01434
series_C	state_5	0.025	1348.0	0.01308
series_C	state_1	0.084	1349.0	0.01805
series_C	state_2	0.067	1349.0	0.0171
series_C	state_3	0.053	1349.0	0.01577
series_C	state_4	0.039	1349.0	0.01431
series_C	state_5	0.025	1349.0	0.01303
series_C	state_1	0.084	1350.0	0.01801
series_C	state_2	0.067	1350.0	0.01702
series_C	state_3	0.053	1350.0	0.01566
series_C	state_4	0.039	1350.0	0.0143
series_C	state_5	0.025	1350.0	0.01299
series_C	state_1	0.084	1351.0	0.01792
series_C	state_2	0.067	1351.0	0.01694
series_C	state_3	0.053	1351.0	0.01558
series_C	state_4	0.039	1351.0	0.01428
series_C	state_5	0.025	1351.0	0.01295
series_C	state_1	0.084	1352.0	0.01783
series_C	state_2	0.067	1352.0	0.01684
series_C	state_3	0.053	1352.0	0.01553
series_C	state_4	0.039	1352.0	0.01425
series_C	state_5	0.025	1352.0	0.01293
series_C	state_1	0.084	1353.0	0.01778
series_C	state_2	0.067	1353.0	0.01676
series_C	state_3	0.053	1353.0	0.01548
series_C	state_4	0.039	1353.0	0.01421
series_C	state_5	0.025	1353.0	0.0129
series_C	state_1	0.084	1354.0	0.01771
series_C	state_2	0.067	1354.0	0.01667
series_C	state_3	0.053	1354.0	0.01537
series_C	state_4	0.039	1354.0	0.01416
series_C	state_5	0.025	1354.0	0.01289
series_C	state_1	0.084	1355.0	0.01761
series_C	state_2	0.067	1355.0	0.01658
series_C	state_3	0.053	1355.0	0.01531
series_C	state_4	0.039	1355.0	0.01412
series_C	state_5	0.025	1355.0	0.0129
series_C	state_1	0.084	1356.0	0.01756
series_C	state_2	0.067	1356.0	0.01648
series_C	state_3	0.053	1356.0	0.01523
series_C	state_4	0.039	1356.0	0.0141
series_C	state_5	0.025	1356.0	0.01287
series_C	state_1	0.084	1357.0	0.01748
series_C	state_2	0.067	1357.0	0.01637
series_C	state_3	0.053	1357.0	0.01515
series_C	state_4	0.039	1357.0	0.01407
series_C	state_5	0.025	1357.0	0.01285
series_C	state_1	0.084	1358.0	0.01743
series_C	state_2	0.067	1358.0	0.01631
series_C	state_3	0.053	1358.0	0.01507
series_C	state_4	0.039	1358.0	0.01405
series_C	state_5	0.025	1358.0	0.01283
series_C	state_1	0.084	1359.0	0.01736
series_C	state_2	0.067	1359.0	0.01623
series_C	state_3	0.053	1359.0	0.01499
series_C	state_4	0.039	1359.0	0.01404
series_C	state_5	0.025	1359.0	0.01281
series_C	state_1	0.084	1360.0	0.0173
series_C	state_2	0.067	1360.0	0.01618
series_C	state_3	0.053	1360.0	0.01493
series_C	state_4	0.039	1360.0	0.01399
series_C	state_5	0.025	1360.0	0.01279
series_C	state_1	0.084	1361.0	0.01726
series_C	state_2	0.067	1361.0	0.01613
series_C	state_3	0.053	1361.0	0.01484
series_C	state_4	0.039	1361.0	0.01396
series_C	state_5	0.025	1361.0	0.01278
series_C	state_1	0.084	1362.0	0.01722
series_C	state_2	0.067	1362.0	0.01611
series_C	state_3	0.053	1362.0	0.01481
series_C	state_4	0.039	1362.0	0.01397
series_C	state_5	0.025	1362.0	0.0128
series_C	state_1	0.084	1363.0	0.01718
series_C	state_2	0.067	1363.0	0.01604
series_C	state_3	0.053	1363.0	0.01479
series_C	state_4	0.039	1363.0	0.01395
series_C	state_5	0.025	1363.0	0.01279
series_C	state_1	0.084	1364.0	0.01712
series_C	state_2	0.067	1364.0	0.01599
series_C	state_3	0.053	1364.0	0.01477
series_C	state_4	0.039	1364.0	0.01392
series_C	state_5	0.025	1364.0	0.01278
series_C	state_1	0.084	1365.0	0.01708
series_C	state_2	0.067	1365.0	0.01594
series_C	state_3	0.053	1365.0	0.01473
series_C	state_4	0.039	1365.0	0.01392
series_C	state_5	0.025	1365.0	0.01273
series_C	state_1	0.084	1366.0	0.01705
series_C	state_2	0.067	1366.0	0.0159
series_C	state_3	0.053	1366.0	0.01471
series_C	state_4	0.039	1366.0	0.01391
series_C	state_5	0.025	1366.0	0.0127
series_C	state_1	0.084	1367.0	0.01698
series_C	state_2	0.067	1367.0	0.01585
series_C	state_3	0.053	1367.0	0.01469
series_C	state_4	0.039	1367.0	0.01389
series_C	state_5	0.025	1367.0	0.01265
series_C	state_1	0.084	1368.0	0.01694
series_C	state_2	0.067	1368.0	0.01585
series_C	state_3	0.053	1368.0	0.01462
series_C	state_4	0.039	1368.0	0.01385
series_C	state_5	0.025	1368.0	0.0126
series_C	state_1	0.084	1369.0	0.01689
series_C	state_2	0.067	1369.0	0.01582
series_C	state_3	0.053	1369.0	0.01459
series_C	state_4	0.039	1369.0	0.01384
series_C	state_5	0.025	1369.0	0.01262
series_C	state_1	0.084	1370.0	0.01681
series_C	state_2	0.067	1370.0	0.0158
series_C	state_3	0.053	1370.0	0.01455
series_C	state_4	0.039	1370.0	0.01383
series_C	state_5	0.025	1370.0	0.0126
series_C	state_1	0.084	1371.0	0.0167
series_C	state_2	0.067	1371.0	0.01578
series_C	state_3	0.053	1371.0	0.01453
series_C	state_4	0.039	1371.0	0.0138
series_C	state_5	0.025	1371.0	0.0126
series_C	state_1	0.084	1372.0	0.01662
series_C	state_2	0.067	1372.0	0.01573
series_C	state_3	0.053	1372.0	0.01451
series_C	state_4	0.039	1372.0	0.01374
series_C	state_5	0.025	1372.0	0.0126
series_C	state_1	0.084	1373.0	0.01655
series_C	state_2	0.067	1373.0	0.01567
series_C	state_3	0.053	1373.0	0.01447
series_C	state_4	0.039	1373.0	0.0137
series_C	state_5	0.025	1373.0	0.01262
series_C	state_1	0.084	1374.0	0.01643
series_C	state_2	0.067	1374.0	0.0156
series_C	state_3	0.053	1374.0	0.01442
series_C	state_4	0.039	1374.0	0.01366
series_C	state_5	0.025	1374.0	0.01262
series_C	state_1	0.084	1375.0	0.01628
series_C	state_2	0.067	1375.0	0.01547
series_C	state_3	0.053	1375.0	0.01438
series_C	state_4	0.039	1375.0	0.01361
series_C	state_5	0.025	1375.0	0.01261
series_C	state_1	0.084	1376.0	0.01619
series_C	state_2	0.067	1376.0	0.01536
series_C	state_3	0.053	1376.0	0.01433
series_C	state_4	0.039	1376.0	0.01357
series_C	state_5	0.025	1376.0	0.0126
series_C	state_1	0.084	1377.0	0.01609
series_C	state_2	0.067	1377.0	0.0153
series_C	state_3	0.053	1377.0	0.0143
series_C	state_4	0.039	1377.0	0.01354
series_C	state_5	0.025	1377.0	0.01259
series_C	state_1	0.084	1378.0	0.01602
series_C	state_2	0.067	1378.0	0.01521
series_C	state_3	0.053	1378.0	0.01424
series_C	state_4	0.039	1378.0	0.01352
series_C	state_5	0.025	1378.0	0.01259
series_C	state_1	0.084	1379.0	0.01596
series_C	state_2	0.067	1379.0	0.01513
series_C	state_3	0.053	1379.0	0.01421
series_C	state_4	0.039	1379.0	0.01349
series_C	state_5	0.025	1379.0	0.01257
series_C	state_1	0.084	1380.0	0.01591
series_C	state_2	0.067	1380.0	0.01505
series_C	state_3	0.053	1380.0	0.01418
series_C	state_4	0.039	1380.0	0.01346
series_C	state_5	0.025	1380.0	0.01256
series_C	state_1	0.084	1381.0	0.01586
series_C	state_2	0.067	1381.0	0.015
series_C	state_3	0.053	1381.0	0.01413
series_C	state_4	0.039	1381.0	0.01345
series_C	state_5	0.025	1381.0	0.01255
series_C	state_1	0.084	1382.0	0.01581
series_C	state_2	0.067	1382.0	0.01492
series_C	state_3	0.053	1382.0	0.01415
series_C	state_4	0.039	1382.0	0.01345
series_C	state_5	0.025	1382.0	0.01254
series_C	state_1	0.084	1383.0	0.01578
series_C	state_2	0.067	1383.0	0.01486
series_C	state_3	0.053	1383.0	0.01417
series_C	state_4	0.039	1383.0	0.01343
series_C	state_5	0.025	1383.0	0.01252
series_C	state_1	0.084	1384.0	0.01576
series_C	state_2	0.067	1384.0	0.01481
series_C	state_3	0.053	1384.0	0.01415
series_C	state_4	0.039	1384.0	0.01344
series_C	state_5	0.025	1384.0	0.01249
series_C	state_1	0.084	1385.0	0.01575
series_C	state_2	0.067	1385.0	0.01479
series_C	state_3	0.053	1385.0	0.01413
series_C	state_4	0.039	1385.0	0.01343
series_C	state_5	0.025	1385.0	0.01248
series_C	state_1	0.084	1386.0	0.01576
series_C	state_2	0.067	1386.0	0.01479
series_C	state_3	0.053	1386.0	0.01412
series_C	state_4	0.039	1386.0	0.0134
series_C	state_5	0.025	1386.0	0.01247
series_C	state_1	0.084	1387.0	0.01574
series_C	state_2	0.067	1387.0	0.01477
series_C	state_3	0.053	1387.0	0.01412
series_C	state_4	0.039	1387.0	0.0134
series_C	state_5	0.025	1387.0	0.01245
series_C	state_1	0.084	1388.0	0.01574
series_C	state_2	0.067	1388.0	0.01478
series_C	state_3	0.053	1388.0	0.01412
series_C	state_4	0.039	1388.0	0.01336
series_C	state_5	0.025	1388.0	0.01243
series_C	state_1	0.084	1389.0	0.0157
series_C	state_2	0.067	1389.0	0.01481
series_C	state_3	0.053	1389.0	0.01415
series_C	state_4	0.039	1389.0	0.01338
series_C	state_5	0.025	1389.0	0.01243
series_C	state_1	0.084	1390.0	0.01566
series_C	state_2	0.067	1390.0	0.01478
series_C	state_3	0.053	1390.0	0.01413
series_C	state_4	0.039	1390.0	0.01333
series_C	state_5	0.025	1390.0	0.01242
series_C	state_1	0.084	1391.0	0.01564
series_C	state_2	0.067	1391.0	0.01477
series_C	state_3	0.053	1391.0	0.01414
series_C	state_4	0.039	1391.0	0.0133
series_C	state_5	0.025	1391.0	0.01242
series_C	state_1	0.084	1392.0	0.01562
series_C	state_2	0.067	1392.0	0.01475
series_C	state_3	0.053	1392.0	0.01412
series_C	state_4	0.039	1392.0	0.01327
series_C	state_5	0.025	1392.0	0.01242
series_C	state_1	0.084	1393.0	0.01559
series_C	state_2	0.067	1393.0	0.01472
series_C	state_3	0.053	1393.0	0.01413
series_C	state_4	0.039	1393.0	0.01326
series_C	state_5	0.025	1393.0	0.01242
series_C	state_1	0.084	1394.0	0.01552
series_C	state_2	0.067	1394.0	0.01467
series_C	state_3	0.053	1394.0	0.01411
series_C	state_4	0.039	1394.0	0.01323
series_C	state_5	0.025	1394.0	0.01241
series_C	state_1	0.084	1395.0	0.01548
series_C	state_2	0.067	1395.0	0.01462
series_C	state_3	0.053	1395.0	0.01407
series_C	state_4	0.039	1395.0	0.01321
series_C	state_5	0.025	1395.0	0.01242
series_C	state_1	0.084	1396.0	0.01547
series_C	state_2	0.067	1396.0	0.01463
series_C	state_3	0.053	1396.0	0.01405
series_C	state_4	0.039	1396.0	0.01321
series_C	state_5	0.025	1396.0	0.01242
series_C	state_1	0.084	1397.0	0.01547
series_C	state_2	0.067	1397.0	0.01465
series_C	state_3	0.053	1397.0	0.01404
series_C	state_4	0.039	1397.0	0.0132
series_C	state_5	0.025	1397.0	0.01242
series_C	state_1	0.084	1398.0	0.01546
series_C	state_2	0.067	1398.0	0.01463
series_C	state_3	0.053	1398.0	0.01401
series_C	state_4	0.039	1398.0	0.0132
series_C	state_5	0.025	1398.0	0.01243
series_C	state_1	0.084	1399.0	0.01543
series_C	state_2	0.067	1399.0	0.01463
series_C	state_3	0.053	1399.0	0.01401
series_C	state_4	0.039	1399.0	0.01319
series_C	state_5	0.025	1399.0	0.01243
series_C	state_1	0.084	1400.0	0.01543
series_C	state_2	0.067	1400.0	0.01462
series_C	state_3	0.053	1400.0	0.01398
series_C	state_4	0.039	1400.0	0.01321
series_C	state_5	0.025	1400.0	0.01242
series_C	state_1	0.084	1401.0	0.0154
series_C	state_2	0.067	1401.0	0.01463
series_C	state_3	0.053	1401.0	0.01397
series_C	state_4	0.039	1401.0	0.01319
series_C	state_5	0.025	1401.0	0.01242
series_C	state_1	0.084	1402.0	0.01539
series_C	state_2	0.067	1402.0	0.01462
series_C	state_3	0.053	1402.0	0.01395
series_C	state_4	0.039	1402.0	0.0132
series_C	state_5	0.025	1402.0	0.01241
series_C	state_1	0.084	1403.0	0.01537
series_C	state_2	0.067	1403.0	0.01463
series_C	state_3	0.053	1403.0	0.01392
series_C	state_4	0.039	1403.0	0.01322
series_C	state_5	0.025	1403.0	0.01238
series_C	state_1	0.084	1404.0	0.01537
series_C	state_2	0.067	1404.0	0.01462
series_C	state_3	0.053	1404.0	0.01386
series_C	state_4	0.039	1404.0	0.01325
series_C	state_5	0.025	1404.0	0.01239
series_C	state_1	0.084	1405.0	0.01536
series_C	state_2	0.067	1405.0	0.01461
series_C	state_3	0.053	1405.0	0.01385
series_C	state_4	0.039	1405.0	0.01326
series_C	state_5	0.025	1405.0	0.01237
series_C	state_1	0.084	1406.0	0.01535
series_C	state_2	0.067	1406.0	0.0146
series_C	state_3	0.053	1406.0	0.01384
series_C	state_4	0.039	1406.0	0.01328
series_C	state_5	0.025	1406.0	0.01234
series_C	state_1	0.084	1407.0	0.01531
series_C	state_2	0.067	1407.0	0.01455
series_C	state_3	0.053	1407.0	0.01385
series_C	state_4	0.039	1407.0	0.01327
series_C	state_5	0.025	1407.0	0.01234
series_C	state_1	0.084	1408.0	0.01528
series_C	state_2	0.067	1408.0	0.01452
series_C	state_3	0.053	1408.0	0.01387
series_C	state_4	0.039	1408.0	0.01325
series_C	state_5	0.025	1408.0	0.01232
series_C	state_1	0.084	1409.0	0.01523
series_C	state_2	0.067	1409.0	0.0145
series_C	state_3	0.053	1409.0	0.01384
series_C	state_4	0.039	1409.0	0.01324
series_C	state_5	0.025	1409.0	0.01232
series_C	state_1	0.084	1410.0	0.01523
series_C	state_2	0.067	1410.0	0.01446
series_C	state_3	0.053	1410.0	0.01385
series_C	state_4	0.039	1410.0	0.0132
series_C	state_5	0.025	1410.0	0.01233
series_C	state_1	0.084	1411.0	0.01521
series_C	state_2	0.067	1411.0	0.01445
series_C	state_3	0.053	1411.0	0.01389
series_C	state_4	0.039	1411.0	0.01319
series_C	state_5	0.025	1411.0	0.01232
series_C	state_1	0.084	1412.0	0.01518
series_C	state_2	0.067	1412.0	0.01441
series_C	state_3	0.053	1412.0	0.01389
series_C	state_4	0.039	1412.0	0.01319
series_C	state_5	0.025	1412.0	0.01235
series_C	state_1	0.084	1413.0	0.01517
series_C	state_2	0.067	1413.0	0.01438
series_C	state_3	0.053	1413.0	0.01391
series_C	state_4	0.039	1413.0	0.01319
series_C	state_5	0.025	1413.0	0.01234
series_C	state_1	0.084	1414.0	0.01513
series_C	state_2	0.067	1414.0	0.01436
series_C	state_3	0.053	1414.0	0.0139
series_C	state_4	0.039	1414.0	0.01317
series_C	state_5	0.025	1414.0	0.01234
series_C	state_1	0.084	1415.0	0.01514
series_C	state_2	0.067	1415.0	0.01435
series_C	state_3	0.053	1415.0	0.01389
series_C	state_4	0.039	1415.0	0.01316
series_C	state_5	0.025	1415.0	0.01235
series_C	state_1	0.084	1416.0	0.01512
series_C	state_2	0.067	1416.0	0.01436
series_C	state_3	0.053	1416.0	0.01389
series_C	state_4	0.039	1416.0	0.01314
series_C	state_5	0.025	1416.0	0.01235
series_C	state_1	0.084	1417.0	0.01512
series_C	state_2	0.067	1417.0	0.01435
series_C	state_3	0.053	1417.0	0.01391
series_C	state_4	0.039	1417.0	0.01311
series_C	state_5	0.025	1417.0	0.01237
series_C	state_1	0.084	1418.0	0.01508
series_C	state_2	0.067	1418.0	0.01434
series_C	state_3	0.053	1418.0	0.01389
series_C	state_4	0.039	1418.0	0.01309
series_C	state_5	0.025	1418.0	0.01239
series_C	state_1	0.084	1419.0	0.01506
series_C	state_2	0.067	1419.0	0.01432
series_C	state_3	0.053	1419.0	0.01387
series_C	state_4	0.039	1419.0	0.01309
series_C	state_5	0.025	1419.0	0.01238
series_C	state_1	0.084	1420.0	0.01504
series_C	state_2	0.067	1420.0	0.01433
series_C	state_3	0.053	1420.0	0.01383
series_C	state_4	0.039	1420.0	0.01304
series_C	state_5	0.025	1420.0	0.01237
series_C	state_1	0.084	1421.0	0.01499
series_C	state_2	0.067	1421.0	0.01434
series_C	state_3	0.053	1421.0	0.01381
series_C	state_4	0.039	1421.0	0.01302
series_C	state_5	0.025	1421.0	0.01237
series_C	state_1	0.084	1422.0	0.01498
series_C	state_2	0.067	1422.0	0.01432
series_C	state_3	0.053	1422.0	0.01377
series_C	state_4	0.039	1422.0	0.013
series_C	state_5	0.025	1422.0	0.01235
series_C	state_1	0.084	1423.0	0.01493
series_C	state_2	0.067	1423.0	0.0143
series_C	state_3	0.053	1423.0	0.01372
series_C	state_4	0.039	1423.0	0.01297
series_C	state_5	0.025	1423.0	0.01233
series_C	state_1	0.084	1424.0	0.0149
series_C	state_2	0.067	1424.0	0.01431
series_C	state_3	0.053	1424.0	0.01367
series_C	state_4	0.039	1424.0	0.01294
series_C	state_5	0.025	1424.0	0.01234
series_C	state_1	0.084	1425.0	0.01484
series_C	state_2	0.067	1425.0	0.01428
series_C	state_3	0.053	1425.0	0.01368
series_C	state_4	0.039	1425.0	0.01293
series_C	state_5	0.025	1425.0	0.0123
series_C	state_1	0.084	1426.0	0.01479
series_C	state_2	0.067	1426.0	0.01426
series_C	state_3	0.053	1426.0	0.01363
series_C	state_4	0.039	1426.0	0.01293
series_C	state_5	0.025	1426.0	0.01229
series_C	state_1	0.084	1427.0	0.01475
series_C	state_2	0.067	1427.0	0.01422
series_C	state_3	0.053	1427.0	0.01362
series_C	state_4	0.039	1427.0	0.01289
series_C	state_5	0.025	1427.0	0.01229
series_C	state_1	0.084	1428.0	0.01472
series_C	state_2	0.067	1428.0	0.0142
series_C	state_3	0.053	1428.0	0.01358
series_C	state_4	0.039	1428.0	0.01287
series_C	state_5	0.025	1428.0	0.01228
series_C	state_1	0.084	1429.0	0.01469
series_C	state_2	0.067	1429.0	0.01419
series_C	state_3	0.053	1429.0	0.01356
series_C	state_4	0.039	1429.0	0.01284
series_C	state_5	0.025	1429.0	0.01229
series_C	state_1	0.084	1430.0	0.01467
series_C	state_2	0.067	1430.0	0.01416
series_C	state_3	0.053	1430.0	0.01356
series_C	state_4	0.039	1430.0	0.01285
series_C	state_5	0.025	1430.0	0.01227
series_C	state_1	0.084	1431.0	0.01462
series_C	state_2	0.067	1431.0	0.01413
series_C	state_3	0.053	1431.0	0.01356
series_C	state_4	0.039	1431.0	0.01285
series_C	state_5	0.025	1431.0	0.01224
series_C	state_1	0.084	1432.0	0.01461
series_C	state_2	0.067	1432.0	0.01409
series_C	state_3	0.053	1432.0	0.01354
series_C	state_4	0.039	1432.0	0.01287
series_C	state_5	0.025	1432.0	0.01223
series_C	state_1	0.084	1433.0	0.01461
series_C	state_2	0.067	1433.0	0.01407
series_C	state_3	0.053	1433.0	0.01352
series_C	state_4	0.039	1433.0	0.01288
series_C	state_5	0.025	1433.0	0.01221
series_C	state_1	0.084	1434.0	0.01456
series_C	state_2	0.067	1434.0	0.01403
series_C	state_3	0.053	1434.0	0.01352
series_C	state_4	0.039	1434.0	0.01287
series_C	state_5	0.025	1434.0	0.01221
series_C	state_1	0.084	1435.0	0.01456
series_C	state_2	0.067	1435.0	0.014
series_C	state_3	0.053	1435.0	0.01351
series_C	state_4	0.039	1435.0	0.01286
series_C	state_5	0.025	1435.0	0.0122
series_C	state_1	0.084	1436.0	0.01452
series_C	state_2	0.067	1436.0	0.01399
series_C	state_3	0.053	1436.0	0.01349
series_C	state_4	0.039	1436.0	0.01284
series_C	state_5	0.025	1436.0	0.0122
series_C	state_1	0.084	1437.0	0.01451
series_C	state_2	0.067	1437.0	0.01397
series_C	state_3	0.053	1437.0	0.01348
series_C	state_4	0.039	1437.0	0.01283
series_C	state_5	0.025	1437.0	0.0122
series_C	state_1	0.084	1438.0	0.01447
series_C	state_2	0.067	1438.0	0.01397
series_C	state_3	0.053	1438.0	0.01346
series_C	state_4	0.039	1438.0	0.01283
series_C	state_5	0.025	1438.0	0.0122
series_C	state_1	0.084	1439.0	0.01446
series_C	state_2	0.067	1439.0	0.01394
series_C	state_3	0.053	1439.0	0.01347
series_C	state_4	0.039	1439.0	0.01281
series_C	state_5	0.025	1439.0	0.01219
series_C	state_1	0.084	1440.0	0.01441
series_C	state_2	0.067	1440.0	0.01394
series_C	state_3	0.053	1440.0	0.01343
series_C	state_4	0.039	1440.0	0.01276
series_C	state_5	0.025	1440.0	0.01217
series_C	state_1	0.084	1441.0	0.01439
series_C	state_2	0.067	1441.0	0.01391
series_C	state_3	0.053	1441.0	0.01342
series_C	state_4	0.039	1441.0	0.01275
series_C	state_5	0.025	1441.0	0.01218
series_C	state_1	0.084	1442.0	0.01437
series_C	state_2	0.067	1442.0	0.01388
series_C	state_3	0.053	1442.0	0.01342
series_C	state_4	0.039	1442.0	0.01273
series_C	state_5	0.025	1442.0	0.0122
series_C	state_1	0.084	1443.0	0.01432
series_C	state_2	0.067	1443.0	0.01385
series_C	state_3	0.053	1443.0	0.0134
series_C	state_4	0.039	1443.0	0.01272
series_C	state_5	0.025	1443.0	0.01219
series_C	state_1	0.084	1444.0	0.01431
series_C	state_2	0.067	1444.0	0.01385
series_C	state_3	0.053	1444.0	0.01341
series_C	state_4	0.039	1444.0	0.0127
series_C	state_5	0.025	1444.0	0.01221
series_C	state_1	0.084	1445.0	0.01429
series_C	state_2	0.067	1445.0	0.01381
series_C	state_3	0.053	1445.0	0.01338
series_C	state_4	0.039	1445.0	0.0127
series_C	state_5	0.025	1445.0	0.0122
series_C	state_1	0.084	1446.0	0.01428
series_C	state_2	0.067	1446.0	0.01378
series_C	state_3	0.053	1446.0	0.01333
series_C	state_4	0.039	1446.0	0.0127
series_C	state_5	0.025	1446.0	0.0122
series_C	state_1	0.084	1447.0	0.01428
series_C	state_2	0.067	1447.0	0.01377
series_C	state_3	0.053	1447.0	0.0133
series_C	state_4	0.039	1447.0	0.01268
series_C	state_5	0.025	1447.0	0.01219
series_C	state_1	0.084	1448.0	0.01423
series_C	state_2	0.067	1448.0	0.01376
series_C	state_3	0.053	1448.0	0.01326
series_C	state_4	0.039	1448.0	0.01266
series_C	state_5	0.025	1448.0	0.01216
series_C	state_1	0.084	1449.0	0.0142
series_C	state_2	0.067	1449.0	0.01376
series_C	state_3	0.053	1449.0	0.01323
series_C	state_4	0.039	1449.0	0.01266
series_C	state_5	0.025	1449.0	0.01212
series_C	state_1	0.084	1450.0	0.01416
series_C	state_2	0.067	1450.0	0.01374
series_C	state_3	0.053	1450.0	0.0132
series_C	state_4	0.039	1450.0	0.01265
series_C	state_5	0.025	1450.0	0.01205
series_C	state_1	0.084	1451.0	0.01416
series_C	state_2	0.067	1451.0	0.01372
series_C	state_3	0.053	1451.0	0.01318
series_C	state_4	0.039	1451.0	0.01263
series_C	state_5	0.025	1451.0	0.01201
series_C	state_1	0.084	1452.0	0.01414
series_C	state_2	0.067	1452.0	0.01372
series_C	state_3	0.053	1452.0	0.01315
series_C	state_4	0.039	1452.0	0.01262
series_C	state_5	0.025	1452.0	0.012
series_C	state_1	0.084	1453.0	0.01409
series_C	state_2	0.067	1453.0	0.01371
series_C	state_3	0.053	1453.0	0.01314
series_C	state_4	0.039	1453.0	0.01259
series_C	state_5	0.025	1453.0	0.012
series_C	state_1	0.084	1454.0	0.01405
series_C	state_2	0.067	1454.0	0.01369
series_C	state_3	0.053	1454.0	0.01312
series_C	state_4	0.039	1454.0	0.01257
series_C	state_5	0.025	1454.0	0.01198
series_C	state_1	0.084	1455.0	0.01403
series_C	state_2	0.067	1455.0	0.01367
series_C	state_3	0.053	1455.0	0.01307
series_C	state_4	0.039	1455.0	0.01255
series_C	state_5	0.025	1455.0	0.01197
series_C	state_1	0.084	1456.0	0.01401
series_C	state_2	0.067	1456.0	0.01365
series_C	state_3	0.053	1456.0	0.01304
series_C	state_4	0.039	1456.0	0.01254
series_C	state_5	0.025	1456.0	0.01197
series_C	state_1	0.084	1457.0	0.01398
series_C	state_2	0.067	1457.0	0.01362
series_C	state_3	0.053	1457.0	0.01302
series_C	state_4	0.039	1457.0	0.01253
series_C	state_5	0.025	1457.0	0.01196
series_C	state_1	0.084	1458.0	0.01397
series_C	state_2	0.067	1458.0	0.01361
series_C	state_3	0.053	1458.0	0.013
series_C	state_4	0.039	1458.0	0.01253
series_C	state_5	0.025	1458.0	0.01196
series_C	state_1	0.084	1459.0	0.01393
series_C	state_2	0.067	1459.0	0.01357
series_C	state_3	0.053	1459.0	0.01297
series_C	state_4	0.039	1459.0	0.01249
series_C	state_5	0.025	1459.0	0.01196
series_C	state_1	0.084	1460.0	0.0139
series_C	state_2	0.067	1460.0	0.01356
series_C	state_3	0.053	1460.0	0.01294
series_C	state_4	0.039	1460.0	0.01248
series_C	state_5	0.025	1460.0	0.01195
series_C	state_1	0.084	1461.0	0.01389
series_C	state_2	0.067	1461.0	0.01348
series_C	state_3	0.053	1461.0	0.01295
series_C	state_4	0.039	1461.0	0.01248
series_C	state_5	0.025	1461.0	0.01197
series_C	state_1	0.084	1462.0	0.01385
series_C	state_2	0.067	1462.0	0.01344
series_C	state_3	0.053	1462.0	0.01295
series_C	state_4	0.039	1462.0	0.01246
series_C	state_5	0.025	1462.0	0.01201
series_C	state_1	0.084	1463.0	0.01382
series_C	state_2	0.067	1463.0	0.01343
series_C	state_3	0.053	1463.0	0.01292
series_C	state_4	0.039	1463.0	0.01245
series_C	state_5	0.025	1463.0	0.01199
series_C	state_1	0.084	1464.0	0.0138
series_C	state_2	0.067	1464.0	0.01341
series_C	state_3	0.053	1464.0	0.0129
series_C	state_4	0.039	1464.0	0.01244
series_C	state_5	0.025	1464.0	0.01201
series_C	state_1	0.084	1465.0	0.0138
series_C	state_2	0.067	1465.0	0.01339
series_C	state_3	0.053	1465.0	0.01286
series_C	state_4	0.039	1465.0	0.01246
series_C	state_5	0.025	1465.0	0.01202
series_C	state_1	0.084	1466.0	0.01376
series_C	state_2	0.067	1466.0	0.01337
series_C	state_3	0.053	1466.0	0.01284
series_C	state_4	0.039	1466.0	0.01245
series_C	state_5	0.025	1466.0	0.01201
series_C	state_1	0.084	1467.0	0.01373
series_C	state_2	0.067	1467.0	0.01337
series_C	state_3	0.053	1467.0	0.01285
series_C	state_4	0.039	1467.0	0.01246
series_C	state_5	0.025	1467.0	0.01198
series_C	state_1	0.084	1468.0	0.01368
series_C	state_2	0.067	1468.0	0.01338
series_C	state_3	0.053	1468.0	0.01282
series_C	state_4	0.039	1468.0	0.01245
series_C	state_5	0.025	1468.0	0.01199
series_C	state_1	0.084	1469.0	0.01366
series_C	state_2	0.067	1469.0	0.01336
series_C	state_3	0.053	1469.0	0.0128
series_C	state_4	0.039	1469.0	0.01243
series_C	state_5	0.025	1469.0	0.01199
series_C	state_1	0.084	1470.0	0.01364
series_C	state_2	0.067	1470.0	0.01334
series_C	state_3	0.053	1470.0	0.0128
series_C	state_4	0.039	1470.0	0.01241
series_C	state_5	0.025	1470.0	0.01199
series_C	state_1	0.084	1471.0	0.01364
series_C	state_2	0.067	1471.0	0.01331
series_C	state_3	0.053	1471.0	0.0128
series_C	state_4	0.039	1471.0	0.01239
series_C	state_5	0.025	1471.0	0.012
series_C	state_1	0.084	1472.0	0.01361
series_C	state_2	0.067	1472.0	0.01331
series_C	state_3	0.053	1472.0	0.0128
series_C	state_4	0.039	1472.0	0.0124
series_C	state_5	0.025	1472.0	0.01203
series_C	state_1	0.084	1473.0	0.0136
series_C	state_2	0.067	1473.0	0.01329
series_C	state_3	0.053	1473.0	0.01279
series_C	state_4	0.039	1473.0	0.01241
series_C	state_5	0.025	1473.0	0.01202
series_C	state_1	0.084	1474.0	0.01361
series_C	state_2	0.067	1474.0	0.01328
series_C	state_3	0.053	1474.0	0.01277
series_C	state_4	0.039	1474.0	0.0124
series_C	state_5	0.025	1474.0	0.012
series_C	state_1	0.084	1475.0	0.01361
series_C	state_2	0.067	1475.0	0.01326
series_C	state_3	0.053	1475.0	0.01275
series_C	state_4	0.039	1475.0	0.01239
series_C	state_5	0.025	1475.0	0.01198
series_C	state_1	0.084	1476.0	0.0136
series_C	state_2	0.067	1476.0	0.01324
series_C	state_3	0.053	1476.0	0.01274
series_C	state_4	0.039	1476.0	0.01237
series_C	state_5	0.025	1476.0	0.01196
series_C	state_1	0.084	1477.0	0.01359
series_C	state_2	0.067	1477.0	0.01321
series_C	state_3	0.053	1477.0	0.01273
series_C	state_4	0.039	1477.0	0.01236
series_C	state_5	0.025	1477.0	0.01192
series_C	state_1	0.084	1478.0	0.01357
series_C	state_2	0.067	1478.0	0.01319
series_C	state_3	0.053	1478.0	0.01267
series_C	state_4	0.039	1478.0	0.01236
series_C	state_5	0.025	1478.0	0.0119
series_C	state_1	0.084	1479.0	0.01356
series_C	state_2	0.067	1479.0	0.01316
series_C	state_3	0.053	1479.0	0.01266
series_C	state_4	0.039	1479.0	0.01235
series_C	state_5	0.025	1479.0	0.0119
series_C	state_1	0.084	1480.0	0.01355
series_C	state_2	0.067	1480.0	0.01314
series_C	state_3	0.053	1480.0	0.01266
series_C	state_4	0.039	1480.0	0.01236
series_C	state_5	0.025	1480.0	0.01187
series_C	state_1	0.084	1481.0	0.01354
series_C	state_2	0.067	1481.0	0.01311
series_C	state_3	0.053	1481.0	0.01266
series_C	state_4	0.039	1481.0	0.01235
series_C	state_5	0.025	1481.0	0.01186
series_C	state_1	0.084	1482.0	0.0135
series_C	state_2	0.067	1482.0	0.01309
series_C	state_3	0.053	1482.0	0.01264
series_C	state_4	0.039	1482.0	0.01231
series_C	state_5	0.025	1482.0	0.01187
series_C	state_1	0.084	1483.0	0.01348
series_C	state_2	0.067	1483.0	0.01308
series_C	state_3	0.053	1483.0	0.01263
series_C	state_4	0.039	1483.0	0.01235
series_C	state_5	0.025	1483.0	0.01185
series_C	state_1	0.084	1484.0	0.01348
series_C	state_2	0.067	1484.0	0.01306
series_C	state_3	0.053	1484.0	0.01263
series_C	state_4	0.039	1484.0	0.01233
series_C	state_5	0.025	1484.0	0.01185
series_C	state_1	0.084	1485.0	0.01348
series_C	state_2	0.067	1485.0	0.01303
series_C	state_3	0.053	1485.0	0.01262
series_C	state_4	0.039	1485.0	0.01233
series_C	state_5	0.025	1485.0	0.01184
series_C	state_1	0.084	1486.0	0.01342
series_C	state_2	0.067	1486.0	0.01299
series_C	state_3	0.053	1486.0	0.01262
series_C	state_4	0.039	1486.0	0.01231
series_C	state_5	0.025	1486.0	0.01181
series_C	state_1	0.084	1487.0	0.0134
series_C	state_2	0.067	1487.0	0.01298
series_C	state_3	0.053	1487.0	0.01261
series_C	state_4	0.039	1487.0	0.0123
series_C	state_5	0.025	1487.0	0.01182
series_C	state_1	0.084	1488.0	0.01333
series_C	state_2	0.067	1488.0	0.01295
series_C	state_3	0.053	1488.0	0.01254
series_C	state_4	0.039	1488.0	0.01226
series_C	state_5	0.025	1488.0	0.01183
series_C	state_1	0.084	1489.0	0.01328
series_C	state_2	0.067	1489.0	0.01288
series_C	state_3	0.053	1489.0	0.01253
series_C	state_4	0.039	1489.0	0.01224
series_C	state_5	0.025	1489.0	0.01182
series_C	state_1	0.084	1490.0	0.01326
series_C	state_2	0.067	1490.0	0.01288
series_C	state_3	0.053	1490.0	0.01251
series_C	state_4	0.039	1490.0	0.01223
series_C	state_5	0.025	1490.0	0.01184
series_C	state_1	0.084	1491.0	0.01325
series_C	state_2	0.067	1491.0	0.01287
series_C	state_3	0.053	1491.0	0.0125
series_C	state_4	0.039	1491.0	0.01221
series_C	state_5	0.025	1491.0	0.01186
series_C	state_1	0.084	1492.0	0.0132
series_C	state_2	0.067	1492.0	0.01287
series_C	state_3	0.053	1492.0	0.01248
series_C	state_4	0.039	1492.0	0.01223
series_C	state_5	0.025	1492.0	0.01184
series_C	state_1	0.084	1493.0	0.01317
series_C	state_2	0.067	1493.0	0.01288
series_C	state_3	0.053	1493.0	0.01245
series_C	state_4	0.039	1493.0	0.01224
series_C	state_5	0.025	1493.0	0.01182
series_C	state_1	0.084	1494.0	0.01315
series_C	state_2	0.067	1494.0	0.01286
series_C	state_3	0.053	1494.0	0.01245
series_C	state_4	0.039	1494.0	0.01224
series_C	state_5	0.025	1494.0	0.01181
series_C	state_1	0.084	1495.0	0.01314
series_C	state_2	0.067	1495.0	0.01287
series_C	state_3	0.053	1495.0	0.01242
series_C	state_4	0.039	1495.0	0.01224
series_C	state_5	0.025	1495.0	0.01179
series_C	state_1	0.084	1496.0	0.01313
series_C	state_2	0.067	1496.0	0.01285
series_C	state_3	0.053	1496.0	0.01239
series_C	state_4	0.039	1496.0	0.01224
series_C	state_5	0.025	1496.0	0.01176
series_C	state_1	0.084	1497.0	0.01312
series_C	state_2	0.067	1497.0	0.01284
series_C	state_3	0.053	1497.0	0.01237
series_C	state_4	0.039	1497.0	0.01227
series_C	state_5	0.025	1497.0	0.01171
series_C	state_1	0.084	1498.0	0.01311
series_C	state_2	0.067	1498.0	0.01284
series_C	state_3	0.053	1498.0	0.01236
series_C	state_4	0.039	1498.0	0.01232
series_C	state_5	0.025	1498.0	0.01172
series_C	state_1	0.084	1499.0	0.01313
series_C	state_2	0.067	1499.0	0.01285
series_C	state_3	0.053	1499.0	0.01239
series_C	state_4	0.039	1499.0	0.01233
series_C	state_5	0.025	1499.0	0.01171
series_C	state_1	0.084	1500.0	0.01312
series_C	state_2	0.067	1500.0	0.01284
series_C	state_3	0.053	1500.0	0.01241
series_C	state_4	0.039	1500.0	0.01234
series_C	state_5	0.025	1500.0	0.01167
series_C	state_1	0.084	1501.0	0.01311
series_C	state_2	0.067	1501.0	0.01282
series_C	state_3	0.053	1501.0	0.01245
series_C	state_4	0.039	1501.0	0.0123
series_C	state_5	0.025	1501.0	0.01166
series_C	state_1	0.084	1502.0	0.01308
series_C	state_2	0.067	1502.0	0.0128
series_C	state_3	0.053	1502.0	0.01244
series_C	state_4	0.039	1502.0	0.0123
series_C	state_5	0.025	1502.0	0.01166
series_C	state_1	0.084	1503.0	0.01309
series_C	state_2	0.067	1503.0	0.01279
series_C	state_3	0.053	1503.0	0.01247
series_C	state_4	0.039	1503.0	0.01229
series_C	state_5	0.025	1503.0	0.01165
series_C	state_1	0.084	1504.0	0.01307
series_C	state_2	0.067	1504.0	0.01274
series_C	state_3	0.053	1504.0	0.01247
series_C	state_4	0.039	1504.0	0.01223
series_C	state_5	0.025	1504.0	0.01165
series_C	state_1	0.084	1505.0	0.01305
series_C	state_2	0.067	1505.0	0.01271
series_C	state_3	0.053	1505.0	0.01245
series_C	state_4	0.039	1505.0	0.01224
series_C	state_5	0.025	1505.0	0.01165
series_C	state_1	0.084	1506.0	0.01302
series_C	state_2	0.067	1506.0	0.01269
series_C	state_3	0.053	1506.0	0.01246
series_C	state_4	0.039	1506.0	0.01219
series_C	state_5	0.025	1506.0	0.01165
series_C	state_1	0.084	1507.0	0.01303
series_C	state_2	0.067	1507.0	0.01268
series_C	state_3	0.053	1507.0	0.01243
series_C	state_4	0.039	1507.0	0.01215
series_C	state_5	0.025	1507.0	0.01167
series_C	state_1	0.084	1508.0	0.01298
series_C	state_2	0.067	1508.0	0.01263
series_C	state_3	0.053	1508.0	0.01243
series_C	state_4	0.039	1508.0	0.01213
series_C	state_5	0.025	1508.0	0.01167
series_C	state_1	0.084	1509.0	0.01295
series_C	state_2	0.067	1509.0	0.01261
series_C	state_3	0.053	1509.0	0.01243
series_C	state_4	0.039	1509.0	0.01211
series_C	state_5	0.025	1509.0	0.01171
series_C	state_1	0.084	1510.0	0.01294
series_C	state_2	0.067	1510.0	0.0126
series_C	state_3	0.053	1510.0	0.01241
series_C	state_4	0.039	1510.0	0.01207
series_C	state_5	0.025	1510.0	0.01172
series_C	state_1	0.084	1511.0	0.01288
series_C	state_2	0.067	1511.0	0.01257
series_C	state_3	0.053	1511.0	0.0124
series_C	state_4	0.039	1511.0	0.01205
series_C	state_5	0.025	1511.0	0.01172
series_C	state_1	0.084	1512.0	0.01283
series_C	state_2	0.067	1512.0	0.01253
series_C	state_3	0.053	1512.0	0.01236
series_C	state_4	0.039	1512.0	0.01204
series_C	state_5	0.025	1512.0	0.01169
series_C	state_1	0.084	1513.0	0.01281
series_C	state_2	0.067	1513.0	0.01251
series_C	state_3	0.053	1513.0	0.01235
series_C	state_4	0.039	1513.0	0.01203
series_C	state_5	0.025	1513.0	0.01172
series_C	state_1	0.084	1514.0	0.01279
series_C	state_2	0.067	1514.0	0.01249
series_C	state_3	0.053	1514.0	0.01233
series_C	state_4	0.039	1514.0	0.01202
series_C	state_5	0.025	1514.0	0.01171
series_C	state_1	0.084	1515.0	0.01275
series_C	state_2	0.067	1515.0	0.01251
series_C	state_3	0.053	1515.0	0.0123
series_C	state_4	0.039	1515.0	0.01202
series_C	state_5	0.025	1515.0	0.01171
series_C	state_1	0.084	1516.0	0.01274
series_C	state_2	0.067	1516.0	0.0125
series_C	state_3	0.053	1516.0	0.01229
series_C	state_4	0.039	1516.0	0.01205
series_C	state_5	0.025	1516.0	0.01168
series_C	state_1	0.084	1517.0	0.01271
series_C	state_2	0.067	1517.0	0.0125
series_C	state_3	0.053	1517.0	0.01228
series_C	state_4	0.039	1517.0	0.01209
series_C	state_5	0.025	1517.0	0.01169
series_C	state_1	0.084	1518.0	0.0127
series_C	state_2	0.067	1518.0	0.0125
series_C	state_3	0.053	1518.0	0.01228
series_C	state_4	0.039	1518.0	0.01214
series_C	state_5	0.025	1518.0	0.01173
series_C	state_1	0.084	1519.0	0.0127
series_C	state_2	0.067	1519.0	0.01253
series_C	state_3	0.053	1519.0	0.0123
series_C	state_4	0.039	1519.0	0.01216
series_C	state_5	0.025	1519.0	0.01173
series_C	state_1	0.084	1520.0	0.0127
series_C	state_2	0.067	1520.0	0.01256
series_C	state_3	0.053	1520.0	0.01232
series_C	state_4	0.039	1520.0	0.01219
series_C	state_5	0.025	1520.0	0.01176
series_C	state_1	0.084	1521.0	0.01271
series_C	state_2	0.067	1521.0	0.01258
series_C	state_3	0.053	1521.0	0.01236
series_C	state_4	0.039	1521.0	0.01221
series_C	state_5	0.025	1521.0	0.0118
series_C	state_1	0.084	1522.0	0.01276
series_C	state_2	0.067	1522.0	0.01261
series_C	state_3	0.053	1522.0	0.01237
series_C	state_4	0.039	1522.0	0.01229
series_C	state_5	0.025	1522.0	0.01186
series_C	state_1	0.084	1523.0	0.0128
series_C	state_2	0.067	1523.0	0.01264
series_C	state_3	0.053	1523.0	0.01241
series_C	state_4	0.039	1523.0	0.01232
series_C	state_5	0.025	1523.0	0.01194
series_C	state_1	0.084	1524.0	0.01283
series_C	state_2	0.067	1524.0	0.01267
series_C	state_3	0.053	1524.0	0.01243
series_C	state_4	0.039	1524.0	0.01237
series_C	state_5	0.025	1524.0	0.01201
series_C	state_1	0.084	1525.0	0.01287
series_C	state_2	0.067	1525.0	0.01273
series_C	state_3	0.053	1525.0	0.01249
series_C	state_4	0.039	1525.0	0.01243
series_C	state_5	0.025	1525.0	0.01205
series_C	state_1	0.084	1526.0	0.0129
series_C	state_2	0.067	1526.0	0.01277
series_C	state_3	0.053	1526.0	0.01253
series_C	state_4	0.039	1526.0	0.0124
series_C	state_5	0.025	1526.0	0.0121
series_C	state_1	0.084	1527.0	0.0129
series_C	state_2	0.067	1527.0	0.01279
series_C	state_3	0.053	1527.0	0.01257
series_C	state_4	0.039	1527.0	0.01242
series_C	state_5	0.025	1527.0	0.01215
series_C	state_1	0.084	1528.0	0.01291
series_C	state_2	0.067	1528.0	0.01279
series_C	state_3	0.053	1528.0	0.01263
series_C	state_4	0.039	1528.0	0.01242
series_C	state_5	0.025	1528.0	0.01218
series_C	state_1	0.084	1529.0	0.0129
series_C	state_2	0.067	1529.0	0.01279
series_C	state_3	0.053	1529.0	0.01264
series_C	state_4	0.039	1529.0	0.01241
series_C	state_5	0.025	1529.0	0.01218
series_C	state_1	0.084	1530.0	0.01288
series_C	state_2	0.067	1530.0	0.01277
series_C	state_3	0.053	1530.0	0.01265
series_C	state_4	0.039	1530.0	0.01239
series_C	state_5	0.025	1530.0	0.01215
series_C	state_1	0.084	1531.0	0.01283
series_C	state_2	0.067	1531.0	0.01271
series_C	state_3	0.053	1531.0	0.01261
series_C	state_4	0.039	1531.0	0.01235
series_C	state_5	0.025	1531.0	0.01212
series_C	state_1	0.084	1532.0	0.01277
series_C	state_2	0.067	1532.0	0.01266
series_C	state_3	0.053	1532.0	0.01256
series_C	state_4	0.039	1532.0	0.01228
series_C	state_5	0.025	1532.0	0.01207
series_C	state_1	0.084	1533.0	0.01272
series_C	state_2	0.067	1533.0	0.0126
series_C	state_3	0.053	1533.0	0.01252
series_C	state_4	0.039	1533.0	0.01219
series_C	state_5	0.025	1533.0	0.01202
series_C	state_1	0.084	1534.0	0.01265
series_C	state_2	0.067	1534.0	0.01254
series_C	state_3	0.053	1534.0	0.01245
series_C	state_4	0.039	1534.0	0.01214
series_C	state_5	0.025	1534.0	0.01196
series_C	state_1	0.084	1535.0	0.0126
series_C	state_2	0.067	1535.0	0.01249
series_C	state_3	0.053	1535.0	0.01236
series_C	state_4	0.039	1535.0	0.01208
series_C	state_5	0.025	1535.0	0.01188
series_C	state_1	0.084	1536.0	0.01253
series_C	state_2	0.067	1536.0	0.01242
series_C	state_3	0.053	1536.0	0.01226
series_C	state_4	0.039	1536.0	0.01205
series_C	state_5	0.025	1536.0	0.01184
series_C	state_1	0.084	1537.0	0.01245
series_C	state_2	0.067	1537.0	0.01235
series_C	state_3	0.053	1537.0	0.01218
series_C	state_4	0.039	1537.0	0.01201
series_C	state_5	0.025	1537.0	0.01178
series_C	state_1	0.084	1538.0	0.01238
series_C	state_2	0.067	1538.0	0.01228
series_C	state_3	0.053	1538.0	0.01208
series_C	state_4	0.039	1538.0	0.01195
series_C	state_5	0.025	1538.0	0.01168
series_C	state_1	0.084	1539.0	0.01235
series_C	state_2	0.067	1539.0	0.01224
series_C	state_3	0.053	1539.0	0.01201
series_C	state_4	0.039	1539.0	0.01192
series_C	state_5	0.025	1539.0	0.01163
series_C	state_1	0.084	1540.0	0.01233
series_C	state_2	0.067	1540.0	0.01218
series_C	state_3	0.053	1540.0	0.01195
series_C	state_4	0.039	1540.0	0.01187
series_C	state_5	0.025	1540.0	0.01157
series_C	state_1	0.084	1541.0	0.01232
series_C	state_2	0.067	1541.0	0.01215
series_C	state_3	0.053	1541.0	0.01191
series_C	state_4	0.039	1541.0	0.01187
series_C	state_5	0.025	1541.0	0.01151
series_C	state_1	0.084	1542.0	0.0123
series_C	state_2	0.067	1542.0	0.01212
series_C	state_3	0.053	1542.0	0.01186
series_C	state_4	0.039	1542.0	0.01184
series_C	state_5	0.025	1542.0	0.01151
series_C	state_1	0.084	1543.0	0.0123
series_C	state_2	0.067	1543.0	0.01211
series_C	state_3	0.053	1543.0	0.01184
series_C	state_4	0.039	1543.0	0.0118
series_C	state_5	0.025	1543.0	0.01147
series_C	state_1	0.084	1544.0	0.01228
series_C	state_2	0.067	1544.0	0.01209
series_C	state_3	0.053	1544.0	0.01182
series_C	state_4	0.039	1544.0	0.01178
series_C	state_5	0.025	1544.0	0.01143
series_C	state_1	0.084	1545.0	0.01225
series_C	state_2	0.067	1545.0	0.01208
series_C	state_3	0.053	1545.0	0.01181
series_C	state_4	0.039	1545.0	0.01174
series_C	state_5	0.025	1545.0	0.01141
series_C	state_1	0.084	1546.0	0.01225
series_C	state_2	0.067	1546.0	0.01209
series_C	state_3	0.053	1546.0	0.0118
series_C	state_4	0.039	1546.0	0.01169
series_C	state_5	0.025	1546.0	0.01143
series_C	state_1	0.084	1547.0	0.01224
series_C	state_2	0.067	1547.0	0.01208
series_C	state_3	0.053	1547.0	0.01182
series_C	state_4	0.039	1547.0	0.01171
series_C	state_5	0.025	1547.0	0.01145
series_C	state_1	0.084	1548.0	0.01225
series_C	state_2	0.067	1548.0	0.01208
series_C	state_3	0.053	1548.0	0.01183
series_C	state_4	0.039	1548.0	0.01171
series_C	state_5	0.025	1548.0	0.01144
series_C	state_1	0.084	1549.0	0.01225
series_C	state_2	0.067	1549.0	0.01207
series_C	state_3	0.053	1549.0	0.01183
series_C	state_4	0.039	1549.0	0.0117
series_C	state_5	0.025	1549.0	0.01143
series_C	state_1	0.084	1550.0	0.01224
series_C	state_2	0.067	1550.0	0.01205
series_C	state_3	0.053	1550.0	0.01178
series_C	state_4	0.039	1550.0	0.01167
series_C	state_5	0.025	1550.0	0.01142
series_C	state_1	0.084	1551.0	0.01222
series_C	state_2	0.067	1551.0	0.01206
series_C	state_3	0.053	1551.0	0.01176
series_C	state_4	0.039	1551.0	0.01167
series_C	state_5	0.025	1551.0	0.01141
series_C	state_1	0.084	1552.0	0.01219
series_C	state_2	0.067	1552.0	0.01203
series_C	state_3	0.053	1552.0	0.01177
series_C	state_4	0.039	1552.0	0.01165
series_C	state_5	0.025	1552.0	0.0114
series_C	state_1	0.084	1553.0	0.01219
series_C	state_2	0.067	1553.0	0.01201
series_C	state_3	0.053	1553.0	0.01177
series_C	state_4	0.039	1553.0	0.01162
series_C	state_5	0.025	1553.0	0.01143
series_C	state_1	0.084	1554.0	0.01215
series_C	state_2	0.067	1554.0	0.01202
series_C	state_3	0.053	1554.0	0.01176
series_C	state_4	0.039	1554.0	0.01162
series_C	state_5	0.025	1554.0	0.01145
series_C	state_1	0.084	1555.0	0.01211
series_C	state_2	0.067	1555.0	0.012
series_C	state_3	0.053	1555.0	0.01178
series_C	state_4	0.039	1555.0	0.01163
series_C	state_5	0.025	1555.0	0.01142
series_C	state_1	0.084	1556.0	0.01208
series_C	state_2	0.067	1556.0	0.01198
series_C	state_3	0.053	1556.0	0.01178
series_C	state_4	0.039	1556.0	0.01164
series_C	state_5	0.025	1556.0	0.01143
series_C	state_1	0.084	1557.0	0.01206
series_C	state_2	0.067	1557.0	0.01198
series_C	state_3	0.053	1557.0	0.0118
series_C	state_4	0.039	1557.0	0.01161
series_C	state_5	0.025	1557.0	0.01143
series_C	state_1	0.084	1558.0	0.01207
series_C	state_2	0.067	1558.0	0.01195
series_C	state_3	0.053	1558.0	0.01181
series_C	state_4	0.039	1558.0	0.0116
series_C	state_5	0.025	1558.0	0.01136
series_C	state_1	0.084	1559.0	0.01207
series_C	state_2	0.067	1559.0	0.01193
series_C	state_3	0.053	1559.0	0.01182
series_C	state_4	0.039	1559.0	0.01161
series_C	state_5	0.025	1559.0	0.01134
series_C	state_1	0.084	1560.0	0.01205
series_C	state_2	0.067	1560.0	0.01188
series_C	state_3	0.053	1560.0	0.01184
series_C	state_4	0.039	1560.0	0.01161
series_C	state_5	0.025	1560.0	0.0113
series_C	state_1	0.084	1561.0	0.01204
series_C	state_2	0.067	1561.0	0.01192
series_C	state_3	0.053	1561.0	0.01185
series_C	state_4	0.039	1561.0	0.01163
series_C	state_5	0.025	1561.0	0.01127
series_C	state_1	0.084	1562.0	0.01202
series_C	state_2	0.067	1562.0	0.0119
series_C	state_3	0.053	1562.0	0.01186
series_C	state_4	0.039	1562.0	0.01163
series_C	state_5	0.025	1562.0	0.01127
series_C	state_1	0.084	1563.0	0.01203
series_C	state_2	0.067	1563.0	0.01188
series_C	state_3	0.053	1563.0	0.01186
series_C	state_4	0.039	1563.0	0.01162
series_C	state_5	0.025	1563.0	0.01126
series_C	state_1	0.084	1564.0	0.01201
series_C	state_2	0.067	1564.0	0.01188
series_C	state_3	0.053	1564.0	0.01185
series_C	state_4	0.039	1564.0	0.01166
series_C	state_5	0.025	1564.0	0.0113
series_C	state_1	0.084	1565.0	0.01201
series_C	state_2	0.067	1565.0	0.01185
series_C	state_3	0.053	1565.0	0.01184
series_C	state_4	0.039	1565.0	0.01168
series_C	state_5	0.025	1565.0	0.01133
series_C	state_1	0.084	1566.0	0.01202
series_C	state_2	0.067	1566.0	0.01187
series_C	state_3	0.053	1566.0	0.01184
series_C	state_4	0.039	1566.0	0.01167
series_C	state_5	0.025	1566.0	0.01136
series_C	state_1	0.084	1567.0	0.01199
series_C	state_2	0.067	1567.0	0.01184
series_C	state_3	0.053	1567.0	0.01184
series_C	state_4	0.039	1567.0	0.01165
series_C	state_5	0.025	1567.0	0.01139
series_C	state_1	0.084	1568.0	0.01196
series_C	state_2	0.067	1568.0	0.01184
series_C	state_3	0.053	1568.0	0.01179
series_C	state_4	0.039	1568.0	0.01159
series_C	state_5	0.025	1568.0	0.01141
series_C	state_1	0.084	1569.0	0.01198
series_C	state_2	0.067	1569.0	0.01183
series_C	state_3	0.053	1569.0	0.01176
series_C	state_4	0.039	1569.0	0.01158
series_C	state_5	0.025	1569.0	0.01142
series_C	state_1	0.084	1570.0	0.01194
series_C	state_2	0.067	1570.0	0.01183
series_C	state_3	0.053	1570.0	0.01169
series_C	state_4	0.039	1570.0	0.01157
series_C	state_5	0.025	1570.0	0.01143
series_C	state_1	0.084	1571.0	0.01191
series_C	state_2	0.067	1571.0	0.01183
series_C	state_3	0.053	1571.0	0.0117
series_C	state_4	0.039	1571.0	0.01159
series_C	state_5	0.025	1571.0	0.01146
series_C	state_1	0.084	1572.0	0.0119
series_C	state_2	0.067	1572.0	0.01177
series_C	state_3	0.053	1572.0	0.01169
series_C	state_4	0.039	1572.0	0.01156
series_C	state_5	0.025	1572.0	0.01149
series_C	state_1	0.084	1573.0	0.01191
series_C	state_2	0.067	1573.0	0.01176
series_C	state_3	0.053	1573.0	0.01167
series_C	state_4	0.039	1573.0	0.01152
series_C	state_5	0.025	1573.0	0.01152
series_C	state_1	0.084	1574.0	0.0119
series_C	state_2	0.067	1574.0	0.01174
series_C	state_3	0.053	1574.0	0.01164
series_C	state_4	0.039	1574.0	0.01151
series_C	state_5	0.025	1574.0	0.01152
series_C	state_1	0.084	1575.0	0.01191
series_C	state_2	0.067	1575.0	0.01171
series_C	state_3	0.053	1575.0	0.01166
series_C	state_4	0.039	1575.0	0.01152
series_C	state_5	0.025	1575.0	0.01147
series_C	state_1	0.084	1576.0	0.01191
series_C	state_2	0.067	1576.0	0.01171
series_C	state_3	0.053	1576.0	0.01164
series_C	state_4	0.039	1576.0	0.01146
series_C	state_5	0.025	1576.0	0.01144
series_C	state_1	0.084	1577.0	0.01192
series_C	state_2	0.067	1577.0	0.01169
series_C	state_3	0.053	1577.0	0.01163
series_C	state_4	0.039	1577.0	0.01145
series_C	state_5	0.025	1577.0	0.01142
series_C	state_1	0.084	1578.0	0.01193
series_C	state_2	0.067	1578.0	0.01168
series_C	state_3	0.053	1578.0	0.01162
series_C	state_4	0.039	1578.0	0.0115
series_C	state_5	0.025	1578.0	0.01137
series_C	state_1	0.084	1579.0	0.01193
series_C	state_2	0.067	1579.0	0.01167
series_C	state_3	0.053	1579.0	0.01159
series_C	state_4	0.039	1579.0	0.01151
series_C	state_5	0.025	1579.0	0.01135
series_C	state_1	0.084	1580.0	0.01191
series_C	state_2	0.067	1580.0	0.01166
series_C	state_3	0.053	1580.0	0.0116
series_C	state_4	0.039	1580.0	0.01151
series_C	state_5	0.025	1580.0	0.01134
series_C	state_1	0.084	1581.0	0.01194
series_C	state_2	0.067	1581.0	0.01171
series_C	state_3	0.053	1581.0	0.01157
series_C	state_4	0.039	1581.0	0.0115
series_C	state_5	0.025	1581.0	0.01131
series_C	state_1	0.084	1582.0	0.01192
series_C	state_2	0.067	1582.0	0.01171
series_C	state_3	0.053	1582.0	0.01153
series_C	state_4	0.039	1582.0	0.01151
series_C	state_5	0.025	1582.0	0.0113
series_C	state_1	0.084	1583.0	0.01191
series_C	state_2	0.067	1583.0	0.01172
series_C	state_3	0.053	1583.0	0.01154
series_C	state_4	0.039	1583.0	0.0115
series_C	state_5	0.025	1583.0	0.01132
series_C	state_1	0.084	1584.0	0.01186
series_C	state_2	0.067	1584.0	0.01178
series_C	state_3	0.053	1584.0	0.01157
series_C	state_4	0.039	1584.0	0.01149
series_C	state_5	0.025	1584.0	0.01131
series_C	state_1	0.084	1585.0	0.01184
series_C	state_2	0.067	1585.0	0.01179
series_C	state_3	0.053	1585.0	0.0116
series_C	state_4	0.039	1585.0	0.01148
series_C	state_5	0.025	1585.0	0.0113
series_C	state_1	0.084	1586.0	0.01184
series_C	state_2	0.067	1586.0	0.01182
series_C	state_3	0.053	1586.0	0.01161
series_C	state_4	0.039	1586.0	0.01143
series_C	state_5	0.025	1586.0	0.01131
series_C	state_1	0.084	1587.0	0.01179
series_C	state_2	0.067	1587.0	0.01181
series_C	state_3	0.053	1587.0	0.01162
series_C	state_4	0.039	1587.0	0.0114
series_C	state_5	0.025	1587.0	0.01131
series_C	state_1	0.084	1588.0	0.01177
series_C	state_2	0.067	1588.0	0.01184
series_C	state_3	0.053	1588.0	0.01159
series_C	state_4	0.039	1588.0	0.01141
series_C	state_5	0.025	1588.0	0.01133
series_C	state_1	0.084	1589.0	0.01176
series_C	state_2	0.067	1589.0	0.01185
series_C	state_3	0.053	1589.0	0.0116
series_C	state_4	0.039	1589.0	0.01138
series_C	state_5	0.025	1589.0	0.01132
series_C	state_1	0.084	1590.0	0.01174
series_C	state_2	0.067	1590.0	0.01182
series_C	state_3	0.053	1590.0	0.01158
series_C	state_4	0.039	1590.0	0.01136
series_C	state_5	0.025	1590.0	0.01132
series_C	state_1	0.084	1591.0	0.01172
series_C	state_2	0.067	1591.0	0.0118
series_C	state_3	0.053	1591.0	0.01158
series_C	state_4	0.039	1591.0	0.01136
series_C	state_5	0.025	1591.0	0.01133
series_C	state_1	0.084	1592.0	0.01172
series_C	state_2	0.067	1592.0	0.01178
series_C	state_3	0.053	1592.0	0.01157
series_C	state_4	0.039	1592.0	0.01135
series_C	state_5	0.025	1592.0	0.01134
series_C	state_1	0.084	1593.0	0.01171
series_C	state_2	0.067	1593.0	0.01175
series_C	state_3	0.053	1593.0	0.01156
series_C	state_4	0.039	1593.0	0.01135
series_C	state_5	0.025	1593.0	0.01135
series_C	state_1	0.084	1594.0	0.01172
series_C	state_2	0.067	1594.0	0.01171
series_C	state_3	0.053	1594.0	0.01155
series_C	state_4	0.039	1594.0	0.01135
series_C	state_5	0.025	1594.0	0.01136
series_C	state_1	0.084	1595.0	0.01172
series_C	state_2	0.067	1595.0	0.01166
series_C	state_3	0.053	1595.0	0.01153
series_C	state_4	0.039	1595.0	0.01135
series_C	state_5	0.025	1595.0	0.01138
series_C	state_1	0.084	1596.0	0.01173
series_C	state_2	0.067	1596.0	0.01161
series_C	state_3	0.053	1596.0	0.01152
series_C	state_4	0.039	1596.0	0.01136
series_C	state_5	0.025	1596.0	0.01139
series_C	state_1	0.084	1597.0	0.01174
series_C	state_2	0.067	1597.0	0.01155
series_C	state_3	0.053	1597.0	0.0115
series_C	state_4	0.039	1597.0	0.01137
series_C	state_5	0.025	1597.0	0.01141
series_C	state_1	0.084	1598.0	0.01176
series_C	state_2	0.067	1598.0	0.01148
series_C	state_3	0.053	1598.0	0.01149
series_C	state_4	0.039	1598.0	0.01138
series_C	state_5	0.025	1598.0	0.01143
series_C	state_1	0.084	1599.0	0.01178
series_C	state_2	0.067	1599.0	0.01141
series_C	state_3	0.053	1599.0	0.01147
series_C	state_4	0.039	1599.0	0.01139
series_C	state_5	0.025	1599.0	0.01146
series_C	state_1	0.084	1600.0	0.01181
series_C	state_2	0.067	1600.0	0.01133
series_C	state_3	0.053	1600.0	0.01145
series_C	state_4	0.039	1600.0	0.01141
series_C	state_5	0.025	1600.0	0.01148
reference_series	state_1	0.118	1050.0	0.01182
reference_series	state_2	0.089	1050.0	0.01126
reference_series	state_3	0.065	1050.0	0.01185
reference_series	state_4	0.03	1050.0	0.01168
reference_series	state_5	0.01	1050.0	0.01091
reference_series	state_1	0.118	1051.0	0.01183
reference_series	state_2	0.089	1051.0	0.01129
reference_series	state_3	0.065	1051.0	0.01187
reference_series	state_4	0.03	1051.0	0.01169
reference_series	state_5	0.01	1051.0	0.01096
reference_series	state_1	0.118	1052.0	0.01185
reference_series	state_2	0.089	1052.0	0.01133
reference_series	state_3	0.065	1052.0	0.01189
reference_series	state_4	0.03	1052.0	0.01171
reference_series	state_5	0.01	1052.0	0.01102
reference_series	state_1	0.118	1053.0	0.01187
reference_series	state_2	0.089	1053.0	0.01137
reference_series	state_3	0.065	1053.0	0.01191
reference_series	state_4	0.03	1053.0	0.01173
reference_series	state_5	0.01	1053.0	0.01108
reference_series	state_1	0.118	1054.0	0.01189
reference_series	state_2	0.089	1054.0	0.01141
reference_series	state_3	0.065	1054.0	0.01194
reference_series	state_4	0.03	1054.0	0.01175
reference_series	state_5	0.01	1054.0	0.01114
reference_series	state_1	0.118	1055.0	0.01191
reference_series	state_2	0.089	1055.0	0.01146
reference_series	state_3	0.065	1055.0	0.01196
reference_series	state_4	0.03	1055.0	0.01178
reference_series	state_5	0.01	1055.0	0.0112
reference_series	state_1	0.118	1056.0	0.01194
reference_series	state_2	0.089	1056.0	0.0115
reference_series	state_3	0.065	1056.0	0.01199
reference_series	state_4	0.03	1056.0	0.0118
reference_series	state_5	0.01	1056.0	0.01126
reference_series	state_1	0.118	1057.0	0.01196
reference_series	state_2	0.089	1057.0	0.01155
reference_series	state_3	0.065	1057.0	0.01203
reference_series	state_4	0.03	1057.0	0.01183
reference_series	state_5	0.01	1057.0	0.01132
reference_series	state_1	0.118	1058.0	0.01199
reference_series	state_2	0.089	1058.0	0.0116
reference_series	state_3	0.065	1058.0	0.01207
reference_series	state_4	0.03	1058.0	0.01186
reference_series	state_5	0.01	1058.0	0.01138
reference_series	state_1	0.118	1059.0	0.01203
reference_series	state_2	0.089	1059.0	0.01165
reference_series	state_3	0.065	1059.0	0.01211
reference_series	state_4	0.03	1059.0	0.0119
reference_series	state_5	0.01	1059.0	0.01144
reference_series	state_1	0.118	1060.0	0.01206
reference_series	state_2	0.089	1060.0	0.01171
reference_series	state_3	0.065	1060.0	0.01215
reference_series	state_4	0.03	1060.0	0.01193
reference_series	state_5	0.01	1060.0	0.0115
reference_series	state_1	0.118	1061.0	0.0121
reference_series	state_2	0.089	1061.0	0.01176
reference_series	state_3	0.065	1061.0	0.0122
reference_series	state_4	0.03	1061.0	0.01197
reference_series	state_5	0.01	1061.0	0.01156
reference_series	state_1	0.118	1062.0	0.01214
reference_series	state_2	0.089	1062.0	0.01182
reference_series	state_3	0.065	1062.0	0.01225
reference_series	state_4	0.03	1062.0	0.01201
reference_series	state_5	0.01	1062.0	0.01162
reference_series	state_1	0.118	1063.0	0.01219
reference_series	state_2	0.089	1063.0	0.01188
reference_series	state_3	0.065	1063.0	0.0123
reference_series	state_4	0.03	1063.0	0.01205
reference_series	state_5	0.01	1063.0	0.01169
reference_series	state_1	0.118	1064.0	0.01223
reference_series	state_2	0.089	1064.0	0.01195
reference_series	state_3	0.065	1064.0	0.01236
reference_series	state_4	0.03	1064.0	0.0121
reference_series	state_5	0.01	1064.0	0.01175
reference_series	state_1	0.118	1065.0	0.01228
reference_series	state_2	0.089	1065.0	0.01201
reference_series	state_3	0.065	1065.0	0.01242
reference_series	state_4	0.03	1065.0	0.01215
reference_series	state_5	0.01	1065.0	0.01181
reference_series	state_1	0.118	1066.0	0.01233
reference_series	state_2	0.089	1066.0	0.01208
reference_series	state_3	0.065	1066.0	0.01248
reference_series	state_4	0.03	1066.0	0.0122
reference_series	state_5	0.01	1066.0	0.01187
reference_series	state_1	0.118	1067.0	0.01239
reference_series	state_2	0.089	1067.0	0.01215
reference_series	state_3	0.065	1067.0	0.01255
reference_series	state_4	0.03	1067.0	0.01225
reference_series	state_5	0.01	1067.0	0.01194
reference_series	state_1	0.118	1068.0	0.01244
reference_series	state_2	0.089	1068.0	0.01222
reference_series	state_3	0.065	1068.0	0.01262
reference_series	state_4	0.03	1068.0	0.0123
reference_series	state_5	0.01	1068.0	0.012
reference_series	state_1	0.118	1069.0	0.0125
reference_series	state_2	0.089	1069.0	0.01229
reference_series	state_3	0.065	1069.0	0.01269
reference_series	state_4	0.03	1069.0	0.01236
reference_series	state_5	0.01	1069.0	0.01206
reference_series	state_1	0.118	1070.0	0.01257
reference_series	state_2	0.089	1070.0	0.01237
reference_series	state_3	0.065	1070.0	0.01276
reference_series	state_4	0.03	1070.0	0.01242
reference_series	state_5	0.01	1070.0	0.01213
reference_series	state_1	0.118	1071.0	0.01261
reference_series	state_2	0.089	1071.0	0.01243
reference_series	state_3	0.065	1071.0	0.01283
reference_series	state_4	0.03	1071.0	0.01248
reference_series	state_5	0.01	1071.0	0.0122
reference_series	state_1	0.118	1072.0	0.01266
reference_series	state_2	0.089	1072.0	0.0125
reference_series	state_3	0.065	1072.0	0.01289
reference_series	state_4	0.03	1072.0	0.01255
reference_series	state_5	0.01	1072.0	0.01226
reference_series	state_1	0.118	1073.0	0.01274
reference_series	state_2	0.089	1073.0	0.01257
reference_series	state_3	0.065	1073.0	0.01295
reference_series	state_4	0.03	1073.0	0.01262
reference_series	state_5	0.01	1073.0	0.01233
reference_series	state_1	0.118	1074.0	0.01281
reference_series	state_2	0.089	1074.0	0.01265
reference_series	state_3	0.065	1074.0	0.01304
reference_series	state_4	0.03	1074.0	0.01269
reference_series	state_5	0.01	1074.0	0.0124
reference_series	state_1	0.118	1075.0	0.01289
reference_series	state_2	0.089	1075.0	0.01273
reference_series	state_3	0.065	1075.0	0.01312
reference_series	state_4	0.03	1075.0	0.01276
reference_series	state_5	0.01	1075.0	0.01246
reference_series	state_1	0.118	1076.0	0.01297
reference_series	state_2	0.089	1076.0	0.01281
reference_series	state_3	0.065	1076.0	0.01322
reference_series	state_4	0.03	1076.0	0.01284
reference_series	state_5	0.01	1076.0	0.01254
reference_series	state_1	0.118	1077.0	0.01303
reference_series	state_2	0.089	1077.0	0.0129
reference_series	state_3	0.065	1077.0	0.01332
reference_series	state_4	0.03	1077.0	0.01292
reference_series	state_5	0.01	1077.0	0.01262
reference_series	state_1	0.118	1078.0	0.01311
reference_series	state_2	0.089	1078.0	0.01299
reference_series	state_3	0.065	1078.0	0.01342
reference_series	state_4	0.03	1078.0	0.01299
reference_series	state_5	0.01	1078.0	0.01269
reference_series	state_1	0.118	1079.0	0.01315
reference_series	state_2	0.089	1079.0	0.01308
reference_series	state_3	0.065	1079.0	0.01353
reference_series	state_4	0.03	1079.0	0.01307
reference_series	state_5	0.01	1079.0	0.01276
reference_series	state_1	0.118	1080.0	0.01324
reference_series	state_2	0.089	1080.0	0.01318
reference_series	state_3	0.065	1080.0	0.01365
reference_series	state_4	0.03	1080.0	0.01316
reference_series	state_5	0.01	1080.0	0.01283
reference_series	state_1	0.118	1081.0	0.01331
reference_series	state_2	0.089	1081.0	0.01329
reference_series	state_3	0.065	1081.0	0.01377
reference_series	state_4	0.03	1081.0	0.01324
reference_series	state_5	0.01	1081.0	0.01291
reference_series	state_1	0.118	1082.0	0.0134
reference_series	state_2	0.089	1082.0	0.0134
reference_series	state_3	0.065	1082.0	0.0139
reference_series	state_4	0.03	1082.0	0.01332
reference_series	state_5	0.01	1082.0	0.01298
reference_series	state_1	0.118	1083.0	0.0135
reference_series	state_2	0.089	1083.0	0.01351
reference_series	state_3	0.065	1083.0	0.01402
reference_series	state_4	0.03	1083.0	0.01341
reference_series	state_5	0.01	1083.0	0.01304
reference_series	state_1	0.118	1084.0	0.01361
reference_series	state_2	0.089	1084.0	0.01363
reference_series	state_3	0.065	1084.0	0.01414
reference_series	state_4	0.03	1084.0	0.0135
reference_series	state_5	0.01	1084.0	0.0131
reference_series	state_1	0.118	1085.0	0.01374
reference_series	state_2	0.089	1085.0	0.01376
reference_series	state_3	0.065	1085.0	0.01429
reference_series	state_4	0.03	1085.0	0.01359
reference_series	state_5	0.01	1085.0	0.01316
reference_series	state_1	0.118	1086.0	0.01387
reference_series	state_2	0.089	1086.0	0.01389
reference_series	state_3	0.065	1086.0	0.01444
reference_series	state_4	0.03	1086.0	0.01369
reference_series	state_5	0.01	1086.0	0.01321
reference_series	state_1	0.118	1087.0	0.01399
reference_series	state_2	0.089	1087.0	0.01402
reference_series	state_3	0.065	1087.0	0.01459
reference_series	state_4	0.03	1087.0	0.01378
reference_series	state_5	0.01	1087.0	0.01326
reference_series	state_1	0.118	1088.0	0.01413
reference_series	state_2	0.089	1088.0	0.01416
reference_series	state_3	0.065	1088.0	0.01474
reference_series	state_4	0.03	1088.0	0.01388
reference_series	state_5	0.01	1088.0	0.01332
reference_series	state_1	0.118	1089.0	0.01428
reference_series	state_2	0.089	1089.0	0.0143
reference_series	state_3	0.065	1089.0	0.01488
reference_series	state_4	0.03	1089.0	0.01399
reference_series	state_5	0.01	1089.0	0.01337
reference_series	state_1	0.118	1090.0	0.01443
reference_series	state_2	0.089	1090.0	0.01444
reference_series	state_3	0.065	1090.0	0.01504
reference_series	state_4	0.03	1090.0	0.01409
reference_series	state_5	0.01	1090.0	0.01343
reference_series	state_1	0.118	1091.0	0.0146
reference_series	state_2	0.089	1091.0	0.01459
reference_series	state_3	0.065	1091.0	0.01518
reference_series	state_4	0.03	1091.0	0.0142
reference_series	state_5	0.01	1091.0	0.01348
reference_series	state_1	0.118	1092.0	0.01479
reference_series	state_2	0.089	1092.0	0.01474
reference_series	state_3	0.065	1092.0	0.01534
reference_series	state_4	0.03	1092.0	0.01431
reference_series	state_5	0.01	1092.0	0.01353
reference_series	state_1	0.118	1093.0	0.01497
reference_series	state_2	0.089	1093.0	0.0149
reference_series	state_3	0.065	1093.0	0.01549
reference_series	state_4	0.03	1093.0	0.01442
reference_series	state_5	0.01	1093.0	0.01358
reference_series	state_1	0.118	1094.0	0.01516
reference_series	state_2	0.089	1094.0	0.01506
reference_series	state_3	0.065	1094.0	0.01564
reference_series	state_4	0.03	1094.0	0.01453
reference_series	state_5	0.01	1094.0	0.01363
reference_series	state_1	0.118	1095.0	0.01537
reference_series	state_2	0.089	1095.0	0.01522
reference_series	state_3	0.065	1095.0	0.01578
reference_series	state_4	0.03	1095.0	0.01464
reference_series	state_5	0.01	1095.0	0.01369
reference_series	state_1	0.118	1096.0	0.01556
reference_series	state_2	0.089	1096.0	0.01538
reference_series	state_3	0.065	1096.0	0.01591
reference_series	state_4	0.03	1096.0	0.01475
reference_series	state_5	0.01	1096.0	0.01375
reference_series	state_1	0.118	1097.0	0.01577
reference_series	state_2	0.089	1097.0	0.01554
reference_series	state_3	0.065	1097.0	0.01605
reference_series	state_4	0.03	1097.0	0.01486
reference_series	state_5	0.01	1097.0	0.0138
reference_series	state_1	0.118	1098.0	0.01596
reference_series	state_2	0.089	1098.0	0.0157
reference_series	state_3	0.065	1098.0	0.01618
reference_series	state_4	0.03	1098.0	0.01496
reference_series	state_5	0.01	1098.0	0.01385
reference_series	state_1	0.118	1099.0	0.01615
reference_series	state_2	0.089	1099.0	0.01587
reference_series	state_3	0.065	1099.0	0.0163
reference_series	state_4	0.03	1099.0	0.01507
reference_series	state_5	0.01	1099.0	0.0139
reference_series	state_1	0.118	1100.0	0.01635
reference_series	state_2	0.089	1100.0	0.01603
reference_series	state_3	0.065	1100.0	0.01643
reference_series	state_4	0.03	1100.0	0.01517
reference_series	state_5	0.01	1100.0	0.01395
reference_series	state_1	0.118	1101.0	0.01657
reference_series	state_2	0.089	1101.0	0.01619
reference_series	state_3	0.065	1101.0	0.01655
reference_series	state_4	0.03	1101.0	0.01527
reference_series	state_5	0.01	1101.0	0.01399
reference_series	state_1	0.118	1102.0	0.01678
reference_series	state_2	0.089	1102.0	0.01636
reference_series	state_3	0.065	1102.0	0.01665
reference_series	state_4	0.03	1102.0	0.01536
reference_series	state_5	0.01	1102.0	0.01403
reference_series	state_1	0.118	1103.0	0.01698
reference_series	state_2	0.089	1103.0	0.01652
reference_series	state_3	0.065	1103.0	0.01674
reference_series	state_4	0.03	1103.0	0.01545
reference_series	state_5	0.01	1103.0	0.01406
reference_series	state_1	0.118	1104.0	0.01719
reference_series	state_2	0.089	1104.0	0.01667
reference_series	state_3	0.065	1104.0	0.01683
reference_series	state_4	0.03	1104.0	0.01554
reference_series	state_5	0.01	1104.0	0.01408
reference_series	state_1	0.118	1105.0	0.01738
reference_series	state_2	0.089	1105.0	0.01683
reference_series	state_3	0.065	1105.0	0.01692
reference_series	state_4	0.03	1105.0	0.01562
reference_series	state_5	0.01	1105.0	0.01411
reference_series	state_1	0.118	1106.0	0.01757
reference_series	state_2	0.089	1106.0	0.01698
reference_series	state_3	0.065	1106.0	0.017
reference_series	state_4	0.03	1106.0	0.0157
reference_series	state_5	0.01	1106.0	0.01414
reference_series	state_1	0.118	1107.0	0.01776
reference_series	state_2	0.089	1107.0	0.01713
reference_series	state_3	0.065	1107.0	0.01706
reference_series	state_4	0.03	1107.0	0.01577
reference_series	state_5	0.01	1107.0	0.01416
reference_series	state_1	0.118	1108.0	0.01795
reference_series	state_2	0.089	1108.0	0.01728
reference_series	state_3	0.065	1108.0	0.01712
reference_series	state_4	0.03	1108.0	0.01583
reference_series	state_5	0.01	1108.0	0.01417
reference_series	state_1	0.118	1109.0	0.01816
reference_series	state_2	0.089	1109.0	0.01742
reference_series	state_3	0.065	1109.0	0.01717
reference_series	state_4	0.03	1109.0	0.01589
reference_series	state_5	0.01	1109.0	0.01418
reference_series	state_1	0.118	1110.0	0.01833
reference_series	state_2	0.089	1110.0	0.01755
reference_series	state_3	0.065	1110.0	0.01723
reference_series	state_4	0.03	1110.0	0.01594
reference_series	state_5	0.01	1110.0	0.01418
reference_series	state_1	0.118	1111.0	0.01851
reference_series	state_2	0.089	1111.0	0.01768
reference_series	state_3	0.065	1111.0	0.01727
reference_series	state_4	0.03	1111.0	0.01599
reference_series	state_5	0.01	1111.0	0.01417
reference_series	state_1	0.118	1112.0	0.01867
reference_series	state_2	0.089	1112.0	0.01781
reference_series	state_3	0.065	1112.0	0.01732
reference_series	state_4	0.03	1112.0	0.01603
reference_series	state_5	0.01	1112.0	0.01417
reference_series	state_1	0.118	1113.0	0.01883
reference_series	state_2	0.089	1113.0	0.01793
reference_series	state_3	0.065	1113.0	0.01736
reference_series	state_4	0.03	1113.0	0.01607
reference_series	state_5	0.01	1113.0	0.01418
reference_series	state_1	0.118	1114.0	0.01898
reference_series	state_2	0.089	1114.0	0.01805
reference_series	state_3	0.065	1114.0	0.0174
reference_series	state_4	0.03	1114.0	0.0161
reference_series	state_5	0.01	1114.0	0.01418
reference_series	state_1	0.118	1115.0	0.0191
reference_series	state_2	0.089	1115.0	0.01816
reference_series	state_3	0.065	1115.0	0.01743
reference_series	state_4	0.03	1115.0	0.01612
reference_series	state_5	0.01	1115.0	0.01418
reference_series	state_1	0.118	1116.0	0.01922
reference_series	state_2	0.089	1116.0	0.01826
reference_series	state_3	0.065	1116.0	0.01744
reference_series	state_4	0.03	1116.0	0.01613
reference_series	state_5	0.01	1116.0	0.01419
reference_series	state_1	0.118	1117.0	0.01931
reference_series	state_2	0.089	1117.0	0.01836
reference_series	state_3	0.065	1117.0	0.01745
reference_series	state_4	0.03	1117.0	0.01615
reference_series	state_5	0.01	1117.0	0.0142
reference_series	state_1	0.118	1118.0	0.01939
reference_series	state_2	0.089	1118.0	0.01845
reference_series	state_3	0.065	1118.0	0.01746
reference_series	state_4	0.03	1118.0	0.01615
reference_series	state_5	0.01	1118.0	0.01419
reference_series	state_1	0.118	1119.0	0.01946
reference_series	state_2	0.089	1119.0	0.01854
reference_series	state_3	0.065	1119.0	0.01747
reference_series	state_4	0.03	1119.0	0.01615
reference_series	state_5	0.01	1119.0	0.01418
reference_series	state_1	0.118	1120.0	0.01955
reference_series	state_2	0.089	1120.0	0.01862
reference_series	state_3	0.065	1120.0	0.01748
reference_series	state_4	0.03	1120.0	0.01615
reference_series	state_5	0.01	1120.0	0.01417
reference_series	state_1	0.118	1121.0	0.01962
reference_series	state_2	0.089	1121.0	0.01869
reference_series	state_3	0.065	1121.0	0.01748
reference_series	state_4	0.03	1121.0	0.01615
reference_series	state_5	0.01	1121.0	0.01417
reference_series	state_1	0.118	1122.0	0.0197
reference_series	state_2	0.089	1122.0	0.01876
reference_series	state_3	0.065	1122.0	0.01749
reference_series	state_4	0.03	1122.0	0.01614
reference_series	state_5	0.01	1122.0	0.01415
reference_series	state_1	0.118	1123.0	0.01976
reference_series	state_2	0.089	1123.0	0.01881
reference_series	state_3	0.065	1123.0	0.01748
reference_series	state_4	0.03	1123.0	0.01612
reference_series	state_5	0.01	1123.0	0.01413
reference_series	state_1	0.118	1124.0	0.01984
reference_series	state_2	0.089	1124.0	0.01886
reference_series	state_3	0.065	1124.0	0.01749
reference_series	state_4	0.03	1124.0	0.01611
reference_series	state_5	0.01	1124.0	0.01411
reference_series	state_1	0.118	1125.0	0.01989
reference_series	state_2	0.089	1125.0	0.01891
reference_series	state_3	0.065	1125.0	0.01749
reference_series	state_4	0.03	1125.0	0.01609
reference_series	state_5	0.01	1125.0	0.0141
reference_series	state_1	0.118	1126.0	0.01996
reference_series	state_2	0.089	1126.0	0.01894
reference_series	state_3	0.065	1126.0	0.01748
reference_series	state_4	0.03	1126.0	0.01606
reference_series	state_5	0.01	1126.0	0.0141
reference_series	state_1	0.118	1127.0	0.02001
reference_series	state_2	0.089	1127.0	0.01897
reference_series	state_3	0.065	1127.0	0.01748
reference_series	state_4	0.03	1127.0	0.01604
reference_series	state_5	0.01	1127.0	0.01409
reference_series	state_1	0.118	1128.0	0.02007
reference_series	state_2	0.089	1128.0	0.01899
reference_series	state_3	0.065	1128.0	0.01747
reference_series	state_4	0.03	1128.0	0.01601
reference_series	state_5	0.01	1128.0	0.01409
reference_series	state_1	0.118	1129.0	0.02012
reference_series	state_2	0.089	1129.0	0.019
reference_series	state_3	0.065	1129.0	0.01746
reference_series	state_4	0.03	1129.0	0.01597
reference_series	state_5	0.01	1129.0	0.01407
reference_series	state_1	0.118	1130.0	0.02015
reference_series	state_2	0.089	1130.0	0.019
reference_series	state_3	0.065	1130.0	0.01746
reference_series	state_4	0.03	1130.0	0.01594
reference_series	state_5	0.01	1130.0	0.01405
reference_series	state_1	0.118	1131.0	0.02018
reference_series	state_2	0.089	1131.0	0.01899
reference_series	state_3	0.065	1131.0	0.01746
reference_series	state_4	0.03	1131.0	0.01589
reference_series	state_5	0.01	1131.0	0.01403
reference_series	state_1	0.118	1132.0	0.02019
reference_series	state_2	0.089	1132.0	0.01896
reference_series	state_3	0.065	1132.0	0.01744
reference_series	state_4	0.03	1132.0	0.01585
reference_series	state_5	0.01	1132.0	0.01401
reference_series	state_1	0.118	1133.0	0.02019
reference_series	state_2	0.089	1133.0	0.01893
reference_series	state_3	0.065	1133.0	0.01742
reference_series	state_4	0.03	1133.0	0.0158
reference_series	state_5	0.01	1133.0	0.01398
reference_series	state_1	0.118	1134.0	0.02018
reference_series	state_2	0.089	1134.0	0.01889
reference_series	state_3	0.065	1134.0	0.01742
reference_series	state_4	0.03	1134.0	0.01574
reference_series	state_5	0.01	1134.0	0.01396
reference_series	state_1	0.118	1135.0	0.02016
reference_series	state_2	0.089	1135.0	0.01883
reference_series	state_3	0.065	1135.0	0.01739
reference_series	state_4	0.03	1135.0	0.01568
reference_series	state_5	0.01	1135.0	0.01393
reference_series	state_1	0.118	1136.0	0.02013
reference_series	state_2	0.089	1136.0	0.01876
reference_series	state_3	0.065	1136.0	0.01736
reference_series	state_4	0.03	1136.0	0.01561
reference_series	state_5	0.01	1136.0	0.01389
reference_series	state_1	0.118	1137.0	0.0201
reference_series	state_2	0.089	1137.0	0.01868
reference_series	state_3	0.065	1137.0	0.01732
reference_series	state_4	0.03	1137.0	0.01554
reference_series	state_5	0.01	1137.0	0.01387
reference_series	state_1	0.118	1138.0	0.02006
reference_series	state_2	0.089	1138.0	0.01859
reference_series	state_3	0.065	1138.0	0.01727
reference_series	state_4	0.03	1138.0	0.01547
reference_series	state_5	0.01	1138.0	0.01383
reference_series	state_1	0.118	1139.0	0.02
reference_series	state_2	0.089	1139.0	0.01848
reference_series	state_3	0.065	1139.0	0.01721
reference_series	state_4	0.03	1139.0	0.01538
reference_series	state_5	0.01	1139.0	0.0138
reference_series	state_1	0.118	1140.0	0.01992
reference_series	state_2	0.089	1140.0	0.01837
reference_series	state_3	0.065	1140.0	0.01714
reference_series	state_4	0.03	1140.0	0.0153
reference_series	state_5	0.01	1140.0	0.01375
reference_series	state_1	0.118	1141.0	0.01982
reference_series	state_2	0.089	1141.0	0.01824
reference_series	state_3	0.065	1141.0	0.01706
reference_series	state_4	0.03	1141.0	0.0152
reference_series	state_5	0.01	1141.0	0.0137
reference_series	state_1	0.118	1142.0	0.01968
reference_series	state_2	0.089	1142.0	0.01809
reference_series	state_3	0.065	1142.0	0.01698
reference_series	state_4	0.03	1142.0	0.0151
reference_series	state_5	0.01	1142.0	0.01365
reference_series	state_1	0.118	1143.0	0.01953
reference_series	state_2	0.089	1143.0	0.01794
reference_series	state_3	0.065	1143.0	0.01688
reference_series	state_4	0.03	1143.0	0.015
reference_series	state_5	0.01	1143.0	0.0136
reference_series	state_1	0.118	1144.0	0.01936
reference_series	state_2	0.089	1144.0	0.01777
reference_series	state_3	0.065	1144.0	0.01675
reference_series	state_4	0.03	1144.0	0.01489
reference_series	state_5	0.01	1144.0	0.01354
reference_series	state_1	0.118	1145.0	0.01917
reference_series	state_2	0.089	1145.0	0.0176
reference_series	state_3	0.065	1145.0	0.0166
reference_series	state_4	0.03	1145.0	0.01477
reference_series	state_5	0.01	1145.0	0.01347
reference_series	state_1	0.118	1146.0	0.01897
reference_series	state_2	0.089	1146.0	0.01742
reference_series	state_3	0.065	1146.0	0.01644
reference_series	state_4	0.03	1146.0	0.01465
reference_series	state_5	0.01	1146.0	0.01339
reference_series	state_1	0.118	1147.0	0.01875
reference_series	state_2	0.089	1147.0	0.01722
reference_series	state_3	0.065	1147.0	0.01628
reference_series	state_4	0.03	1147.0	0.01453
reference_series	state_5	0.01	1147.0	0.01332
reference_series	state_1	0.118	1148.0	0.01851
reference_series	state_2	0.089	1148.0	0.01703
reference_series	state_3	0.065	1148.0	0.01609
reference_series	state_4	0.03	1148.0	0.0144
reference_series	state_5	0.01	1148.0	0.01323
reference_series	state_1	0.118	1149.0	0.01825
reference_series	state_2	0.089	1149.0	0.01682
reference_series	state_3	0.065	1149.0	0.01591
reference_series	state_4	0.03	1149.0	0.01427
reference_series	state_5	0.01	1149.0	0.01316
reference_series	state_1	0.118	1150.0	0.01797
reference_series	state_2	0.089	1150.0	0.01661
reference_series	state_3	0.065	1150.0	0.01572
reference_series	state_4	0.03	1150.0	0.01414
reference_series	state_5	0.01	1150.0	0.01307
reference_series	state_1	0.118	1151.0	0.01768
reference_series	state_2	0.089	1151.0	0.0164
reference_series	state_3	0.065	1151.0	0.01552
reference_series	state_4	0.03	1151.0	0.01401
reference_series	state_5	0.01	1151.0	0.01298
reference_series	state_1	0.118	1152.0	0.01739
reference_series	state_2	0.089	1152.0	0.01619
reference_series	state_3	0.065	1152.0	0.01531
reference_series	state_4	0.03	1152.0	0.01388
reference_series	state_5	0.01	1152.0	0.01291
reference_series	state_1	0.118	1153.0	0.01709
reference_series	state_2	0.089	1153.0	0.01598
reference_series	state_3	0.065	1153.0	0.01511
reference_series	state_4	0.03	1153.0	0.01376
reference_series	state_5	0.01	1153.0	0.01284
reference_series	state_1	0.118	1154.0	0.0168
reference_series	state_2	0.089	1154.0	0.01577
reference_series	state_3	0.065	1154.0	0.01489
reference_series	state_4	0.03	1154.0	0.01363
reference_series	state_5	0.01	1154.0	0.01276
reference_series	state_1	0.118	1155.0	0.0165
reference_series	state_2	0.089	1155.0	0.01557
reference_series	state_3	0.065	1155.0	0.01468
reference_series	state_4	0.03	1155.0	0.01351
reference_series	state_5	0.01	1155.0	0.01267
reference_series	state_1	0.118	1156.0	0.01621
reference_series	state_2	0.089	1156.0	0.01537
reference_series	state_3	0.065	1156.0	0.01448
reference_series	state_4	0.03	1156.0	0.01339
reference_series	state_5	0.01	1156.0	0.01262
reference_series	state_1	0.118	1157.0	0.01592
reference_series	state_2	0.089	1157.0	0.01518
reference_series	state_3	0.065	1157.0	0.01427
reference_series	state_4	0.03	1157.0	0.01327
reference_series	state_5	0.01	1157.0	0.01256
reference_series	state_1	0.118	1158.0	0.01565
reference_series	state_2	0.089	1158.0	0.015
reference_series	state_3	0.065	1158.0	0.01408
reference_series	state_4	0.03	1158.0	0.01317
reference_series	state_5	0.01	1158.0	0.01248
reference_series	state_1	0.118	1159.0	0.0154
reference_series	state_2	0.089	1159.0	0.01483
reference_series	state_3	0.065	1159.0	0.0139
reference_series	state_4	0.03	1159.0	0.01307
reference_series	state_5	0.01	1159.0	0.01242
reference_series	state_1	0.118	1160.0	0.01518
reference_series	state_2	0.089	1160.0	0.01467
reference_series	state_3	0.065	1160.0	0.01372
reference_series	state_4	0.03	1160.0	0.01297
reference_series	state_5	0.01	1160.0	0.01237
reference_series	state_1	0.118	1161.0	0.01497
reference_series	state_2	0.089	1161.0	0.01452
reference_series	state_3	0.065	1161.0	0.01359
reference_series	state_4	0.03	1161.0	0.01289
reference_series	state_5	0.01	1161.0	0.01232
reference_series	state_1	0.118	1162.0	0.01478
reference_series	state_2	0.089	1162.0	0.01439
reference_series	state_3	0.065	1162.0	0.01345
reference_series	state_4	0.03	1162.0	0.01281
reference_series	state_5	0.01	1162.0	0.01226
reference_series	state_1	0.118	1163.0	0.01462
reference_series	state_2	0.089	1163.0	0.01427
reference_series	state_3	0.065	1163.0	0.01333
reference_series	state_4	0.03	1163.0	0.01275
reference_series	state_5	0.01	1163.0	0.01222
reference_series	state_1	0.118	1164.0	0.01449
reference_series	state_2	0.089	1164.0	0.01417
reference_series	state_3	0.065	1164.0	0.01323
reference_series	state_4	0.03	1164.0	0.01269
reference_series	state_5	0.01	1164.0	0.0122
reference_series	state_1	0.118	1165.0	0.01437
reference_series	state_2	0.089	1165.0	0.01408
reference_series	state_3	0.065	1165.0	0.01314
reference_series	state_4	0.03	1165.0	0.01264
reference_series	state_5	0.01	1165.0	0.01218
reference_series	state_1	0.118	1166.0	0.01428
reference_series	state_2	0.089	1166.0	0.01401
reference_series	state_3	0.065	1166.0	0.01307
reference_series	state_4	0.03	1166.0	0.0126
reference_series	state_5	0.01	1166.0	0.01216
reference_series	state_1	0.118	1167.0	0.01421
reference_series	state_2	0.089	1167.0	0.01395
reference_series	state_3	0.065	1167.0	0.01304
reference_series	state_4	0.03	1167.0	0.01258
reference_series	state_5	0.01	1167.0	0.01215
reference_series	state_1	0.118	1168.0	0.01416
reference_series	state_2	0.089	1168.0	0.01391
reference_series	state_3	0.065	1168.0	0.01301
reference_series	state_4	0.03	1168.0	0.01256
reference_series	state_5	0.01	1168.0	0.01214
reference_series	state_1	0.118	1169.0	0.01413
reference_series	state_2	0.089	1169.0	0.01388
reference_series	state_3	0.065	1169.0	0.013
reference_series	state_4	0.03	1169.0	0.01255
reference_series	state_5	0.01	1169.0	0.01214
reference_series	state_1	0.118	1170.0	0.01412
reference_series	state_2	0.089	1170.0	0.01386
reference_series	state_3	0.065	1170.0	0.01301
reference_series	state_4	0.03	1170.0	0.01255
reference_series	state_5	0.01	1170.0	0.01214
reference_series	state_1	0.118	1171.0	0.01414
reference_series	state_2	0.089	1171.0	0.01386
reference_series	state_3	0.065	1171.0	0.01304
reference_series	state_4	0.03	1171.0	0.01256
reference_series	state_5	0.01	1171.0	0.01216
reference_series	state_1	0.118	1172.0	0.01416
reference_series	state_2	0.089	1172.0	0.01387
reference_series	state_3	0.065	1172.0	0.01307
reference_series	state_4	0.03	1172.0	0.01257
reference_series	state_5	0.01	1172.0	0.01217
reference_series	state_1	0.118	1173.0	0.0142
reference_series	state_2	0.089	1173.0	0.01389
reference_series	state_3	0.065	1173.0	0.01312
reference_series	state_4	0.03	1173.0	0.01259
reference_series	state_5	0.01	1173.0	0.01217
reference_series	state_1	0.118	1174.0	0.01426
reference_series	state_2	0.089	1174.0	0.01392
reference_series	state_3	0.065	1174.0	0.01318
reference_series	state_4	0.03	1174.0	0.01261
reference_series	state_5	0.01	1174.0	0.0122
reference_series	state_1	0.118	1175.0	0.01433
reference_series	state_2	0.089	1175.0	0.01395
reference_series	state_3	0.065	1175.0	0.01324
reference_series	state_4	0.03	1175.0	0.01264
reference_series	state_5	0.01	1175.0	0.0122
reference_series	state_1	0.118	1176.0	0.01441
reference_series	state_2	0.089	1176.0	0.014
reference_series	state_3	0.065	1176.0	0.0133
reference_series	state_4	0.03	1176.0	0.01267
reference_series	state_5	0.01	1176.0	0.01222
reference_series	state_1	0.118	1177.0	0.0145
reference_series	state_2	0.089	1177.0	0.01404
reference_series	state_3	0.065	1177.0	0.01337
reference_series	state_4	0.03	1177.0	0.0127
reference_series	state_5	0.01	1177.0	0.01223
reference_series	state_1	0.118	1178.0	0.01457
reference_series	state_2	0.089	1178.0	0.0141
reference_series	state_3	0.065	1178.0	0.01344
reference_series	state_4	0.03	1178.0	0.01273
reference_series	state_5	0.01	1178.0	0.01225
reference_series	state_1	0.118	1179.0	0.01463
reference_series	state_2	0.089	1179.0	0.01415
reference_series	state_3	0.065	1179.0	0.01352
reference_series	state_4	0.03	1179.0	0.01276
reference_series	state_5	0.01	1179.0	0.01228
reference_series	state_1	0.118	1180.0	0.01468
reference_series	state_2	0.089	1180.0	0.01421
reference_series	state_3	0.065	1180.0	0.01358
reference_series	state_4	0.03	1180.0	0.01279
reference_series	state_5	0.01	1180.0	0.01228
reference_series	state_1	0.118	1181.0	0.01474
reference_series	state_2	0.089	1181.0	0.01426
reference_series	state_3	0.065	1181.0	0.01364
reference_series	state_4	0.03	1181.0	0.01282
reference_series	state_5	0.01	1181.0	0.0123
reference_series	state_1	0.118	1182.0	0.01479
reference_series	state_2	0.089	1182.0	0.01432
reference_series	state_3	0.065	1182.0	0.01369
reference_series	state_4	0.03	1182.0	0.01284
reference_series	state_5	0.01	1182.0	0.01231
reference_series	state_1	0.118	1183.0	0.01484
reference_series	state_2	0.089	1183.0	0.01437
reference_series	state_3	0.065	1183.0	0.01372
reference_series	state_4	0.03	1183.0	0.01287
reference_series	state_5	0.01	1183.0	0.01232
reference_series	state_1	0.118	1184.0	0.01489
reference_series	state_2	0.089	1184.0	0.01442
reference_series	state_3	0.065	1184.0	0.01377
reference_series	state_4	0.03	1184.0	0.01289
reference_series	state_5	0.01	1184.0	0.01233
reference_series	state_1	0.118	1185.0	0.01492
reference_series	state_2	0.089	1185.0	0.01446
reference_series	state_3	0.065	1185.0	0.01381
reference_series	state_4	0.03	1185.0	0.01291
reference_series	state_5	0.01	1185.0	0.01233
reference_series	state_1	0.118	1186.0	0.01494
reference_series	state_2	0.089	1186.0	0.0145
reference_series	state_3	0.065	1186.0	0.01385
reference_series	state_4	0.03	1186.0	0.01293
reference_series	state_5	0.01	1186.0	0.01234
reference_series	state_1	0.118	1187.0	0.01496
reference_series	state_2	0.089	1187.0	0.01454
reference_series	state_3	0.065	1187.0	0.01387
reference_series	state_4	0.03	1187.0	0.01294
reference_series	state_5	0.01	1187.0	0.01236
reference_series	state_1	0.118	1188.0	0.01496
reference_series	state_2	0.089	1188.0	0.01457
reference_series	state_3	0.065	1188.0	0.0139
reference_series	state_4	0.03	1188.0	0.01295
reference_series	state_5	0.01	1188.0	0.01235
reference_series	state_1	0.118	1189.0	0.01497
reference_series	state_2	0.089	1189.0	0.01459
reference_series	state_3	0.065	1189.0	0.01392
reference_series	state_4	0.03	1189.0	0.01295
reference_series	state_5	0.01	1189.0	0.01236
reference_series	state_1	0.118	1190.0	0.01496
reference_series	state_2	0.089	1190.0	0.01461
reference_series	state_3	0.065	1190.0	0.01392
reference_series	state_4	0.03	1190.0	0.01296
reference_series	state_5	0.01	1190.0	0.01235
reference_series	state_1	0.118	1191.0	0.01495
reference_series	state_2	0.089	1191.0	0.01462
reference_series	state_3	0.065	1191.0	0.01392
reference_series	state_4	0.03	1191.0	0.01295
reference_series	state_5	0.01	1191.0	0.01234
reference_series	state_1	0.118	1192.0	0.01495
reference_series	state_2	0.089	1192.0	0.01463
reference_series	state_3	0.065	1192.0	0.01389
reference_series	state_4	0.03	1192.0	0.01295
reference_series	state_5	0.01	1192.0	0.01234
reference_series	state_1	0.118	1193.0	0.01494
reference_series	state_2	0.089	1193.0	0.01463
reference_series	state_3	0.065	1193.0	0.01387
reference_series	state_4	0.03	1193.0	0.01294
reference_series	state_5	0.01	1193.0	0.01234
reference_series	state_1	0.118	1194.0	0.01492
reference_series	state_2	0.089	1194.0	0.01462
reference_series	state_3	0.065	1194.0	0.01385
reference_series	state_4	0.03	1194.0	0.01293
reference_series	state_5	0.01	1194.0	0.01233
reference_series	state_1	0.118	1195.0	0.01492
reference_series	state_2	0.089	1195.0	0.01461
reference_series	state_3	0.065	1195.0	0.01382
reference_series	state_4	0.03	1195.0	0.01291
reference_series	state_5	0.01	1195.0	0.01233
reference_series	state_1	0.118	1196.0	0.0149
reference_series	state_2	0.089	1196.0	0.0146
reference_series	state_3	0.065	1196.0	0.01381
reference_series	state_4	0.03	1196.0	0.0129
reference_series	state_5	0.01	1196.0	0.01234
reference_series	state_1	0.118	1197.0	0.01489
reference_series	state_2	0.089	1197.0	0.01458
reference_series	state_3	0.065	1197.0	0.01377
reference_series	state_4	0.03	1197.0	0.01288
reference_series	state_5	0.01	1197.0	0.01233
reference_series	state_1	0.118	1198.0	0.01488
reference_series	state_2	0.089	1198.0	0.01456
reference_series	state_3	0.065	1198.0	0.01376
reference_series	state_4	0.03	1198.0	0.01286
reference_series	state_5	0.01	1198.0	0.01232
reference_series	state_1	0.118	1199.0	0.01488
reference_series	state_2	0.089	1199.0	0.01453
reference_series	state_3	0.065	1199.0	0.01373
reference_series	state_4	0.03	1199.0	0.01284
reference_series	state_5	0.01	1199.0	0.01233
reference_series	state_1	0.118	1200.0	0.01487
reference_series	state_2	0.089	1200.0	0.01451
reference_series	state_3	0.065	1200.0	0.01371
reference_series	state_4	0.03	1200.0	0.01282
reference_series	state_5	0.01	1200.0	0.01231
reference_series	state_1	0.118	1201.0	0.01486
reference_series	state_2	0.089	1201.0	0.01448
reference_series	state_3	0.065	1201.0	0.01369
reference_series	state_4	0.03	1201.0	0.0128
reference_series	state_5	0.01	1201.0	0.01231
reference_series	state_1	0.118	1202.0	0.01484
reference_series	state_2	0.089	1202.0	0.01444
reference_series	state_3	0.065	1202.0	0.01366
reference_series	state_4	0.03	1202.0	0.01279
reference_series	state_5	0.01	1202.0	0.01229
reference_series	state_1	0.118	1203.0	0.01484
reference_series	state_2	0.089	1203.0	0.01441
reference_series	state_3	0.065	1203.0	0.01364
reference_series	state_4	0.03	1203.0	0.01277
reference_series	state_5	0.01	1203.0	0.01229
reference_series	state_1	0.118	1204.0	0.01483
reference_series	state_2	0.089	1204.0	0.01438
reference_series	state_3	0.065	1204.0	0.0136
reference_series	state_4	0.03	1204.0	0.01275
reference_series	state_5	0.01	1204.0	0.0123
reference_series	state_1	0.118	1205.0	0.01481
reference_series	state_2	0.089	1205.0	0.01435
reference_series	state_3	0.065	1205.0	0.01358
reference_series	state_4	0.03	1205.0	0.01274
reference_series	state_5	0.01	1205.0	0.01231
reference_series	state_1	0.118	1206.0	0.0148
reference_series	state_2	0.089	1206.0	0.01431
reference_series	state_3	0.065	1206.0	0.01356
reference_series	state_4	0.03	1206.0	0.01272
reference_series	state_5	0.01	1206.0	0.0123
reference_series	state_1	0.118	1207.0	0.0148
reference_series	state_2	0.089	1207.0	0.01428
reference_series	state_3	0.065	1207.0	0.01354
reference_series	state_4	0.03	1207.0	0.01271
reference_series	state_5	0.01	1207.0	0.01229
reference_series	state_1	0.118	1208.0	0.01479
reference_series	state_2	0.089	1208.0	0.01425
reference_series	state_3	0.065	1208.0	0.01352
reference_series	state_4	0.03	1208.0	0.0127
reference_series	state_5	0.01	1208.0	0.01229
reference_series	state_1	0.118	1209.0	0.01477
reference_series	state_2	0.089	1209.0	0.01422
reference_series	state_3	0.065	1209.0	0.01348
reference_series	state_4	0.03	1209.0	0.01269
reference_series	state_5	0.01	1209.0	0.01228
reference_series	state_1	0.118	1210.0	0.01475
reference_series	state_2	0.089	1210.0	0.01419
reference_series	state_3	0.065	1210.0	0.01346
reference_series	state_4	0.03	1210.0	0.01268
reference_series	state_5	0.01	1210.0	0.01226
reference_series	state_1	0.118	1211.0	0.01474
reference_series	state_2	0.089	1211.0	0.01416
reference_series	state_3	0.065	1211.0	0.01343
reference_series	state_4	0.03	1211.0	0.01267
reference_series	state_5	0.01	1211.0	0.01226
reference_series	state_1	0.118	1212.0	0.01472
reference_series	state_2	0.089	1212.0	0.01413
reference_series	state_3	0.065	1212.0	0.01339
reference_series	state_4	0.03	1212.0	0.01266
reference_series	state_5	0.01	1212.0	0.01224
reference_series	state_1	0.118	1213.0	0.01471
reference_series	state_2	0.089	1213.0	0.0141
reference_series	state_3	0.065	1213.0	0.01337
reference_series	state_4	0.03	1213.0	0.01265
reference_series	state_5	0.01	1213.0	0.01222
reference_series	state_1	0.118	1214.0	0.01469
reference_series	state_2	0.089	1214.0	0.01408
reference_series	state_3	0.065	1214.0	0.01334
reference_series	state_4	0.03	1214.0	0.01264
reference_series	state_5	0.01	1214.0	0.0122
reference_series	state_1	0.118	1215.0	0.01467
reference_series	state_2	0.089	1215.0	0.01405
reference_series	state_3	0.065	1215.0	0.0133
reference_series	state_4	0.03	1215.0	0.01264
reference_series	state_5	0.01	1215.0	0.01218
reference_series	state_1	0.118	1216.0	0.01466
reference_series	state_2	0.089	1216.0	0.01403
reference_series	state_3	0.065	1216.0	0.01325
reference_series	state_4	0.03	1216.0	0.01263
reference_series	state_5	0.01	1216.0	0.01218
reference_series	state_1	0.118	1217.0	0.01463
reference_series	state_2	0.089	1217.0	0.01401
reference_series	state_3	0.065	1217.0	0.01322
reference_series	state_4	0.03	1217.0	0.01262
reference_series	state_5	0.01	1217.0	0.01217
reference_series	state_1	0.118	1218.0	0.01461
reference_series	state_2	0.089	1218.0	0.01399
reference_series	state_3	0.065	1218.0	0.01319
reference_series	state_4	0.03	1218.0	0.01261
reference_series	state_5	0.01	1218.0	0.01216
reference_series	state_1	0.118	1219.0	0.01459
reference_series	state_2	0.089	1219.0	0.01396
reference_series	state_3	0.065	1219.0	0.01316
reference_series	state_4	0.03	1219.0	0.01261
reference_series	state_5	0.01	1219.0	0.01215
reference_series	state_1	0.118	1220.0	0.01456
reference_series	state_2	0.089	1220.0	0.01394
reference_series	state_3	0.065	1220.0	0.01311
reference_series	state_4	0.03	1220.0	0.0126
reference_series	state_5	0.01	1220.0	0.01214
reference_series	state_1	0.118	1221.0	0.01453
reference_series	state_2	0.089	1221.0	0.01393
reference_series	state_3	0.065	1221.0	0.01309
reference_series	state_4	0.03	1221.0	0.01259
reference_series	state_5	0.01	1221.0	0.01214
reference_series	state_1	0.118	1222.0	0.0145
reference_series	state_2	0.089	1222.0	0.01391
reference_series	state_3	0.065	1222.0	0.01307
reference_series	state_4	0.03	1222.0	0.01258
reference_series	state_5	0.01	1222.0	0.01214
reference_series	state_1	0.118	1223.0	0.01448
reference_series	state_2	0.089	1223.0	0.01389
reference_series	state_3	0.065	1223.0	0.01305
reference_series	state_4	0.03	1223.0	0.01257
reference_series	state_5	0.01	1223.0	0.01214
reference_series	state_1	0.118	1224.0	0.01446
reference_series	state_2	0.089	1224.0	0.01387
reference_series	state_3	0.065	1224.0	0.01305
reference_series	state_4	0.03	1224.0	0.01257
reference_series	state_5	0.01	1224.0	0.01214
reference_series	state_1	0.118	1225.0	0.01443
reference_series	state_2	0.089	1225.0	0.01385
reference_series	state_3	0.065	1225.0	0.01304
reference_series	state_4	0.03	1225.0	0.01256
reference_series	state_5	0.01	1225.0	0.01214
reference_series	state_1	0.118	1226.0	0.01441
reference_series	state_2	0.089	1226.0	0.01383
reference_series	state_3	0.065	1226.0	0.01304
reference_series	state_4	0.03	1226.0	0.01255
reference_series	state_5	0.01	1226.0	0.01214
reference_series	state_1	0.118	1227.0	0.01439
reference_series	state_2	0.089	1227.0	0.01381
reference_series	state_3	0.065	1227.0	0.01302
reference_series	state_4	0.03	1227.0	0.01253
reference_series	state_5	0.01	1227.0	0.01214
reference_series	state_1	0.118	1228.0	0.01437
reference_series	state_2	0.089	1228.0	0.0138
reference_series	state_3	0.065	1228.0	0.01302
reference_series	state_4	0.03	1228.0	0.01252
reference_series	state_5	0.01	1228.0	0.01213
reference_series	state_1	0.118	1229.0	0.01436
reference_series	state_2	0.089	1229.0	0.01378
reference_series	state_3	0.065	1229.0	0.01301
reference_series	state_4	0.03	1229.0	0.01251
reference_series	state_5	0.01	1229.0	0.01214
reference_series	state_1	0.118	1230.0	0.01434
reference_series	state_2	0.089	1230.0	0.01376
reference_series	state_3	0.065	1230.0	0.01299
reference_series	state_4	0.03	1230.0	0.01249
reference_series	state_5	0.01	1230.0	0.01213
reference_series	state_1	0.118	1231.0	0.01432
reference_series	state_2	0.089	1231.0	0.01374
reference_series	state_3	0.065	1231.0	0.01299
reference_series	state_4	0.03	1231.0	0.01248
reference_series	state_5	0.01	1231.0	0.01212
reference_series	state_1	0.118	1232.0	0.0143
reference_series	state_2	0.089	1232.0	0.01372
reference_series	state_3	0.065	1232.0	0.01298
reference_series	state_4	0.03	1232.0	0.01246
reference_series	state_5	0.01	1232.0	0.01214
reference_series	state_1	0.118	1233.0	0.01428
reference_series	state_2	0.089	1233.0	0.0137
reference_series	state_3	0.065	1233.0	0.01298
reference_series	state_4	0.03	1233.0	0.01245
reference_series	state_5	0.01	1233.0	0.01214
reference_series	state_1	0.118	1234.0	0.01427
reference_series	state_2	0.089	1234.0	0.01369
reference_series	state_3	0.065	1234.0	0.01299
reference_series	state_4	0.03	1234.0	0.01243
reference_series	state_5	0.01	1234.0	0.01214
reference_series	state_1	0.118	1235.0	0.01424
reference_series	state_2	0.089	1235.0	0.01367
reference_series	state_3	0.065	1235.0	0.01297
reference_series	state_4	0.03	1235.0	0.01242
reference_series	state_5	0.01	1235.0	0.01214
reference_series	state_1	0.118	1236.0	0.01422
reference_series	state_2	0.089	1236.0	0.01365
reference_series	state_3	0.065	1236.0	0.01297
reference_series	state_4	0.03	1236.0	0.0124
reference_series	state_5	0.01	1236.0	0.01215
reference_series	state_1	0.118	1237.0	0.01421
reference_series	state_2	0.089	1237.0	0.01363
reference_series	state_3	0.065	1237.0	0.01296
reference_series	state_4	0.03	1237.0	0.01239
reference_series	state_5	0.01	1237.0	0.01215
reference_series	state_1	0.118	1238.0	0.01419
reference_series	state_2	0.089	1238.0	0.01361
reference_series	state_3	0.065	1238.0	0.01295
reference_series	state_4	0.03	1238.0	0.01237
reference_series	state_5	0.01	1238.0	0.01216
reference_series	state_1	0.118	1239.0	0.01418
reference_series	state_2	0.089	1239.0	0.01359
reference_series	state_3	0.065	1239.0	0.01294
reference_series	state_4	0.03	1239.0	0.01236
reference_series	state_5	0.01	1239.0	0.01215
reference_series	state_1	0.118	1240.0	0.01418
reference_series	state_2	0.089	1240.0	0.01357
reference_series	state_3	0.065	1240.0	0.01293
reference_series	state_4	0.03	1240.0	0.01235
reference_series	state_5	0.01	1240.0	0.01214
reference_series	state_1	0.118	1241.0	0.01415
reference_series	state_2	0.089	1241.0	0.01356
reference_series	state_3	0.065	1241.0	0.01292
reference_series	state_4	0.03	1241.0	0.01234
reference_series	state_5	0.01	1241.0	0.01214
reference_series	state_1	0.118	1242.0	0.01414
reference_series	state_2	0.089	1242.0	0.01354
reference_series	state_3	0.065	1242.0	0.01292
reference_series	state_4	0.03	1242.0	0.01233
reference_series	state_5	0.01	1242.0	0.01215
reference_series	state_1	0.118	1243.0	0.01413
reference_series	state_2	0.089	1243.0	0.01352
reference_series	state_3	0.065	1243.0	0.01292
reference_series	state_4	0.03	1243.0	0.01232
reference_series	state_5	0.01	1243.0	0.01215
reference_series	state_1	0.118	1244.0	0.01411
reference_series	state_2	0.089	1244.0	0.0135
reference_series	state_3	0.065	1244.0	0.01291
reference_series	state_4	0.03	1244.0	0.01231
reference_series	state_5	0.01	1244.0	0.01215
reference_series	state_1	0.118	1245.0	0.01409
reference_series	state_2	0.089	1245.0	0.01349
reference_series	state_3	0.065	1245.0	0.01291
reference_series	state_4	0.03	1245.0	0.0123
reference_series	state_5	0.01	1245.0	0.01214
reference_series	state_1	0.118	1246.0	0.01408
reference_series	state_2	0.089	1246.0	0.01347
reference_series	state_3	0.065	1246.0	0.01289
reference_series	state_4	0.03	1246.0	0.01229
reference_series	state_5	0.01	1246.0	0.01212
reference_series	state_1	0.118	1247.0	0.01407
reference_series	state_2	0.089	1247.0	0.01345
reference_series	state_3	0.065	1247.0	0.01288
reference_series	state_4	0.03	1247.0	0.01229
reference_series	state_5	0.01	1247.0	0.01211
reference_series	state_1	0.118	1248.0	0.01405
reference_series	state_2	0.089	1248.0	0.01343
reference_series	state_3	0.065	1248.0	0.01287
reference_series	state_4	0.03	1248.0	0.01228
reference_series	state_5	0.01	1248.0	0.01211
reference_series	state_1	0.118	1249.0	0.01404
reference_series	state_2	0.089	1249.0	0.01342
reference_series	state_3	0.065	1249.0	0.01285
reference_series	state_4	0.03	1249.0	0.01227
reference_series	state_5	0.01	1249.0	0.0121
reference_series	state_1	0.118	1250.0	0.01403
reference_series	state_2	0.089	1250.0	0.0134
reference_series	state_3	0.065	1250.0	0.01285
reference_series	state_4	0.03	1250.0	0.01227
reference_series	state_5	0.01	1250.0	0.01208
reference_series	state_1	0.118	1251.0	0.01402
reference_series	state_2	0.089	1251.0	0.01338
reference_series	state_3	0.065	1251.0	0.01283
reference_series	state_4	0.03	1251.0	0.01227
reference_series	state_5	0.01	1251.0	0.01207
reference_series	state_1	0.118	1252.0	0.014
reference_series	state_2	0.089	1252.0	0.01337
reference_series	state_3	0.065	1252.0	0.01281
reference_series	state_4	0.03	1252.0	0.01226
reference_series	state_5	0.01	1252.0	0.01205
reference_series	state_1	0.118	1253.0	0.01398
reference_series	state_2	0.089	1253.0	0.01335
reference_series	state_3	0.065	1253.0	0.0128
reference_series	state_4	0.03	1253.0	0.01226
reference_series	state_5	0.01	1253.0	0.01203
reference_series	state_1	0.118	1254.0	0.01396
reference_series	state_2	0.089	1254.0	0.01333
reference_series	state_3	0.065	1254.0	0.01277
reference_series	state_4	0.03	1254.0	0.01225
reference_series	state_5	0.01	1254.0	0.01201
reference_series	state_1	0.118	1255.0	0.01395
reference_series	state_2	0.089	1255.0	0.01331
reference_series	state_3	0.065	1255.0	0.01276
reference_series	state_4	0.03	1255.0	0.01225
reference_series	state_5	0.01	1255.0	0.01201
reference_series	state_1	0.118	1256.0	0.01393
reference_series	state_2	0.089	1256.0	0.0133
reference_series	state_3	0.065	1256.0	0.01275
reference_series	state_4	0.03	1256.0	0.01224
reference_series	state_5	0.01	1256.0	0.01199
reference_series	state_1	0.118	1257.0	0.01391
reference_series	state_2	0.089	1257.0	0.01328
reference_series	state_3	0.065	1257.0	0.01275
reference_series	state_4	0.03	1257.0	0.01224
reference_series	state_5	0.01	1257.0	0.01198
reference_series	state_1	0.118	1258.0	0.01389
reference_series	state_2	0.089	1258.0	0.01326
reference_series	state_3	0.065	1258.0	0.01275
reference_series	state_4	0.03	1258.0	0.01223
reference_series	state_5	0.01	1258.0	0.01197
reference_series	state_1	0.118	1259.0	0.01387
reference_series	state_2	0.089	1259.0	0.01324
reference_series	state_3	0.065	1259.0	0.01273
reference_series	state_4	0.03	1259.0	0.01223
reference_series	state_5	0.01	1259.0	0.01196
reference_series	state_1	0.118	1260.0	0.01384
reference_series	state_2	0.089	1260.0	0.01322
reference_series	state_3	0.065	1260.0	0.01272
reference_series	state_4	0.03	1260.0	0.01222
reference_series	state_5	0.01	1260.0	0.01196
reference_series	state_1	0.118	1261.0	0.01382
reference_series	state_2	0.089	1261.0	0.0132
reference_series	state_3	0.065	1261.0	0.01273
reference_series	state_4	0.03	1261.0	0.01222
reference_series	state_5	0.01	1261.0	0.01196
reference_series	state_1	0.118	1262.0	0.01381
reference_series	state_2	0.089	1262.0	0.01318
reference_series	state_3	0.065	1262.0	0.01274
reference_series	state_4	0.03	1262.0	0.01221
reference_series	state_5	0.01	1262.0	0.01195
reference_series	state_1	0.118	1263.0	0.01379
reference_series	state_2	0.089	1263.0	0.01317
reference_series	state_3	0.065	1263.0	0.01274
reference_series	state_4	0.03	1263.0	0.01221
reference_series	state_5	0.01	1263.0	0.01195
reference_series	state_1	0.118	1264.0	0.01376
reference_series	state_2	0.089	1264.0	0.01315
reference_series	state_3	0.065	1264.0	0.01274
reference_series	state_4	0.03	1264.0	0.0122
reference_series	state_5	0.01	1264.0	0.01195
reference_series	state_1	0.118	1265.0	0.01375
reference_series	state_2	0.089	1265.0	0.01313
reference_series	state_3	0.065	1265.0	0.01274
reference_series	state_4	0.03	1265.0	0.01219
reference_series	state_5	0.01	1265.0	0.01195
reference_series	state_1	0.118	1266.0	0.01373
reference_series	state_2	0.089	1266.0	0.01311
reference_series	state_3	0.065	1266.0	0.01273
reference_series	state_4	0.03	1266.0	0.01218
reference_series	state_5	0.01	1266.0	0.01195
reference_series	state_1	0.118	1267.0	0.01371
reference_series	state_2	0.089	1267.0	0.01309
reference_series	state_3	0.065	1267.0	0.01272
reference_series	state_4	0.03	1267.0	0.01216
reference_series	state_5	0.01	1267.0	0.01196
reference_series	state_1	0.118	1268.0	0.01369
reference_series	state_2	0.089	1268.0	0.01307
reference_series	state_3	0.065	1268.0	0.01271
reference_series	state_4	0.03	1268.0	0.01215
reference_series	state_5	0.01	1268.0	0.01197
reference_series	state_1	0.118	1269.0	0.01368
reference_series	state_2	0.089	1269.0	0.01305
reference_series	state_3	0.065	1269.0	0.01269
reference_series	state_4	0.03	1269.0	0.01214
reference_series	state_5	0.01	1269.0	0.01197
reference_series	state_1	0.118	1270.0	0.01366
reference_series	state_2	0.089	1270.0	0.01303
reference_series	state_3	0.065	1270.0	0.01267
reference_series	state_4	0.03	1270.0	0.01213
reference_series	state_5	0.01	1270.0	0.01198
reference_series	state_1	0.118	1271.0	0.01363
reference_series	state_2	0.089	1271.0	0.01301
reference_series	state_3	0.065	1271.0	0.01266
reference_series	state_4	0.03	1271.0	0.01212
reference_series	state_5	0.01	1271.0	0.01199
reference_series	state_1	0.118	1272.0	0.01362
reference_series	state_2	0.089	1272.0	0.013
reference_series	state_3	0.065	1272.0	0.01265
reference_series	state_4	0.03	1272.0	0.01211
reference_series	state_5	0.01	1272.0	0.012
reference_series	state_1	0.118	1273.0	0.0136
reference_series	state_2	0.089	1273.0	0.01298
reference_series	state_3	0.065	1273.0	0.01263
reference_series	state_4	0.03	1273.0	0.01209
reference_series	state_5	0.01	1273.0	0.01198
reference_series	state_1	0.118	1274.0	0.01359
reference_series	state_2	0.089	1274.0	0.01296
reference_series	state_3	0.065	1274.0	0.01263
reference_series	state_4	0.03	1274.0	0.01208
reference_series	state_5	0.01	1274.0	0.012
reference_series	state_1	0.118	1275.0	0.01357
reference_series	state_2	0.089	1275.0	0.01294
reference_series	state_3	0.065	1275.0	0.0126
reference_series	state_4	0.03	1275.0	0.01207
reference_series	state_5	0.01	1275.0	0.012
reference_series	state_1	0.118	1276.0	0.01355
reference_series	state_2	0.089	1276.0	0.01293
reference_series	state_3	0.065	1276.0	0.01259
reference_series	state_4	0.03	1276.0	0.01206
reference_series	state_5	0.01	1276.0	0.01201
reference_series	state_1	0.118	1277.0	0.01354
reference_series	state_2	0.089	1277.0	0.01291
reference_series	state_3	0.065	1277.0	0.01259
reference_series	state_4	0.03	1277.0	0.01204
reference_series	state_5	0.01	1277.0	0.01201
reference_series	state_1	0.118	1278.0	0.01353
reference_series	state_2	0.089	1278.0	0.01289
reference_series	state_3	0.065	1278.0	0.01258
reference_series	state_4	0.03	1278.0	0.01203
reference_series	state_5	0.01	1278.0	0.01202
reference_series	state_1	0.118	1279.0	0.01352
reference_series	state_2	0.089	1279.0	0.01288
reference_series	state_3	0.065	1279.0	0.01256
reference_series	state_4	0.03	1279.0	0.01202
reference_series	state_5	0.01	1279.0	0.01202
reference_series	state_1	0.118	1280.0	0.0135
reference_series	state_2	0.089	1280.0	0.01286
reference_series	state_3	0.065	1280.0	0.01254
reference_series	state_4	0.03	1280.0	0.01201
reference_series	state_5	0.01	1280.0	0.01203
reference_series	state_1	0.118	1281.0	0.01348
reference_series	state_2	0.089	1281.0	0.01284
reference_series	state_3	0.065	1281.0	0.01253
reference_series	state_4	0.03	1281.0	0.012
reference_series	state_5	0.01	1281.0	0.01203
reference_series	state_1	0.118	1282.0	0.01347
reference_series	state_2	0.089	1282.0	0.01283
reference_series	state_3	0.065	1282.0	0.0125
reference_series	state_4	0.03	1282.0	0.01199
reference_series	state_5	0.01	1282.0	0.01203
reference_series	state_1	0.118	1283.0	0.01344
reference_series	state_2	0.089	1283.0	0.01281
reference_series	state_3	0.065	1283.0	0.0125
reference_series	state_4	0.03	1283.0	0.01198
reference_series	state_5	0.01	1283.0	0.01202
reference_series	state_1	0.118	1284.0	0.01343
reference_series	state_2	0.089	1284.0	0.01279
reference_series	state_3	0.065	1284.0	0.01249
reference_series	state_4	0.03	1284.0	0.01197
reference_series	state_5	0.01	1284.0	0.012
reference_series	state_1	0.118	1285.0	0.01341
reference_series	state_2	0.089	1285.0	0.01278
reference_series	state_3	0.065	1285.0	0.01247
reference_series	state_4	0.03	1285.0	0.01196
reference_series	state_5	0.01	1285.0	0.01199
reference_series	state_1	0.118	1286.0	0.0134
reference_series	state_2	0.089	1286.0	0.01276
reference_series	state_3	0.065	1286.0	0.01246
reference_series	state_4	0.03	1286.0	0.01195
reference_series	state_5	0.01	1286.0	0.01196
reference_series	state_1	0.118	1287.0	0.0134
reference_series	state_2	0.089	1287.0	0.01274
reference_series	state_3	0.065	1287.0	0.01245
reference_series	state_4	0.03	1287.0	0.01195
reference_series	state_5	0.01	1287.0	0.01195
reference_series	state_1	0.118	1288.0	0.01339
reference_series	state_2	0.089	1288.0	0.01273
reference_series	state_3	0.065	1288.0	0.01242
reference_series	state_4	0.03	1288.0	0.01194
reference_series	state_5	0.01	1288.0	0.01193
reference_series	state_1	0.118	1289.0	0.01339
reference_series	state_2	0.089	1289.0	0.01271
reference_series	state_3	0.065	1289.0	0.01241
reference_series	state_4	0.03	1289.0	0.01193
reference_series	state_5	0.01	1289.0	0.01191
reference_series	state_1	0.118	1290.0	0.01338
reference_series	state_2	0.089	1290.0	0.01269
reference_series	state_3	0.065	1290.0	0.0124
reference_series	state_4	0.03	1290.0	0.01193
reference_series	state_5	0.01	1290.0	0.01189
reference_series	state_1	0.118	1291.0	0.01336
reference_series	state_2	0.089	1291.0	0.01268
reference_series	state_3	0.065	1291.0	0.01238
reference_series	state_4	0.03	1291.0	0.01192
reference_series	state_5	0.01	1291.0	0.01189
reference_series	state_1	0.118	1292.0	0.01335
reference_series	state_2	0.089	1292.0	0.01266
reference_series	state_3	0.065	1292.0	0.01237
reference_series	state_4	0.03	1292.0	0.01191
reference_series	state_5	0.01	1292.0	0.01187
reference_series	state_1	0.118	1293.0	0.01334
reference_series	state_2	0.089	1293.0	0.01264
reference_series	state_3	0.065	1293.0	0.01238
reference_series	state_4	0.03	1293.0	0.01191
reference_series	state_5	0.01	1293.0	0.01185
reference_series	state_1	0.118	1294.0	0.01333
reference_series	state_2	0.089	1294.0	0.01263
reference_series	state_3	0.065	1294.0	0.01237
reference_series	state_4	0.03	1294.0	0.0119
reference_series	state_5	0.01	1294.0	0.01185
reference_series	state_1	0.118	1295.0	0.0133
reference_series	state_2	0.089	1295.0	0.01261
reference_series	state_3	0.065	1295.0	0.01237
reference_series	state_4	0.03	1295.0	0.0119
reference_series	state_5	0.01	1295.0	0.01183
reference_series	state_1	0.118	1296.0	0.01328
reference_series	state_2	0.089	1296.0	0.0126
reference_series	state_3	0.065	1296.0	0.01237
reference_series	state_4	0.03	1296.0	0.01189
reference_series	state_5	0.01	1296.0	0.01181
reference_series	state_1	0.118	1297.0	0.01326
reference_series	state_2	0.089	1297.0	0.01258
reference_series	state_3	0.065	1297.0	0.01236
reference_series	state_4	0.03	1297.0	0.01189
reference_series	state_5	0.01	1297.0	0.01181
reference_series	state_1	0.118	1298.0	0.01325
reference_series	state_2	0.089	1298.0	0.01257
reference_series	state_3	0.065	1298.0	0.01237
reference_series	state_4	0.03	1298.0	0.01189
reference_series	state_5	0.01	1298.0	0.0118
reference_series	state_1	0.118	1299.0	0.01322
reference_series	state_2	0.089	1299.0	0.01255
reference_series	state_3	0.065	1299.0	0.01235
reference_series	state_4	0.03	1299.0	0.01188
reference_series	state_5	0.01	1299.0	0.0118
reference_series	state_1	0.118	1300.0	0.0132
reference_series	state_2	0.089	1300.0	0.01254
reference_series	state_3	0.065	1300.0	0.01235
reference_series	state_4	0.03	1300.0	0.01188
reference_series	state_5	0.01	1300.0	0.01179
reference_series	state_1	0.118	1301.0	0.01317
reference_series	state_2	0.089	1301.0	0.01252
reference_series	state_3	0.065	1301.0	0.01233
reference_series	state_4	0.03	1301.0	0.01187
reference_series	state_5	0.01	1301.0	0.01178
reference_series	state_1	0.118	1302.0	0.01315
reference_series	state_2	0.089	1302.0	0.01251
reference_series	state_3	0.065	1302.0	0.01231
reference_series	state_4	0.03	1302.0	0.01187
reference_series	state_5	0.01	1302.0	0.01178
reference_series	state_1	0.118	1303.0	0.01313
reference_series	state_2	0.089	1303.0	0.0125
reference_series	state_3	0.065	1303.0	0.0123
reference_series	state_4	0.03	1303.0	0.01187
reference_series	state_5	0.01	1303.0	0.01179
reference_series	state_1	0.118	1304.0	0.0131
reference_series	state_2	0.089	1304.0	0.01248
reference_series	state_3	0.065	1304.0	0.01229
reference_series	state_4	0.03	1304.0	0.01186
reference_series	state_5	0.01	1304.0	0.01178
reference_series	state_1	0.118	1305.0	0.01309
reference_series	state_2	0.089	1305.0	0.01247
reference_series	state_3	0.065	1305.0	0.01229
reference_series	state_4	0.03	1305.0	0.01186
reference_series	state_5	0.01	1305.0	0.0118
reference_series	state_1	0.118	1306.0	0.01307
reference_series	state_2	0.089	1306.0	0.01246
reference_series	state_3	0.065	1306.0	0.01227
reference_series	state_4	0.03	1306.0	0.01185
reference_series	state_5	0.01	1306.0	0.01181
reference_series	state_1	0.118	1307.0	0.01305
reference_series	state_2	0.089	1307.0	0.01245
reference_series	state_3	0.065	1307.0	0.01227
reference_series	state_4	0.03	1307.0	0.01185
reference_series	state_5	0.01	1307.0	0.01181
reference_series	state_1	0.118	1308.0	0.01303
reference_series	state_2	0.089	1308.0	0.01244
reference_series	state_3	0.065	1308.0	0.01226
reference_series	state_4	0.03	1308.0	0.01184
reference_series	state_5	0.01	1308.0	0.01181
reference_series	state_1	0.118	1309.0	0.01301
reference_series	state_2	0.089	1309.0	0.01243
reference_series	state_3	0.065	1309.0	0.01224
reference_series	state_4	0.03	1309.0	0.01184
reference_series	state_5	0.01	1309.0	0.01181
reference_series	state_1	0.118	1310.0	0.013
reference_series	state_2	0.089	1310.0	0.01242
reference_series	state_3	0.065	1310.0	0.01224
reference_series	state_4	0.03	1310.0	0.01183
reference_series	state_5	0.01	1310.0	0.0118
reference_series	state_1	0.118	1311.0	0.01297
reference_series	state_2	0.089	1311.0	0.0124
reference_series	state_3	0.065	1311.0	0.01225
reference_series	state_4	0.03	1311.0	0.01183
reference_series	state_5	0.01	1311.0	0.01179
reference_series	state_1	0.118	1312.0	0.01296
reference_series	state_2	0.089	1312.0	0.01239
reference_series	state_3	0.065	1312.0	0.01225
reference_series	state_4	0.03	1312.0	0.01182
reference_series	state_5	0.01	1312.0	0.01179
reference_series	state_1	0.118	1313.0	0.01293
reference_series	state_2	0.089	1313.0	0.01238
reference_series	state_3	0.065	1313.0	0.01224
reference_series	state_4	0.03	1313.0	0.01181
reference_series	state_5	0.01	1313.0	0.01179
reference_series	state_1	0.118	1314.0	0.0129
reference_series	state_2	0.089	1314.0	0.01237
reference_series	state_3	0.065	1314.0	0.01223
reference_series	state_4	0.03	1314.0	0.01181
reference_series	state_5	0.01	1314.0	0.01179
reference_series	state_1	0.118	1315.0	0.01286
reference_series	state_2	0.089	1315.0	0.01236
reference_series	state_3	0.065	1315.0	0.01223
reference_series	state_4	0.03	1315.0	0.0118
reference_series	state_5	0.01	1315.0	0.01179
reference_series	state_1	0.118	1316.0	0.01284
reference_series	state_2	0.089	1316.0	0.01235
reference_series	state_3	0.065	1316.0	0.01223
reference_series	state_4	0.03	1316.0	0.01179
reference_series	state_5	0.01	1316.0	0.01179
reference_series	state_1	0.118	1317.0	0.01282
reference_series	state_2	0.089	1317.0	0.01233
reference_series	state_3	0.065	1317.0	0.01221
reference_series	state_4	0.03	1317.0	0.01179
reference_series	state_5	0.01	1317.0	0.0118
reference_series	state_1	0.118	1318.0	0.01279
reference_series	state_2	0.089	1318.0	0.01232
reference_series	state_3	0.065	1318.0	0.01219
reference_series	state_4	0.03	1318.0	0.01178
reference_series	state_5	0.01	1318.0	0.0118
reference_series	state_1	0.118	1319.0	0.01276
reference_series	state_2	0.089	1319.0	0.0123
reference_series	state_3	0.065	1319.0	0.01218
reference_series	state_4	0.03	1319.0	0.01177
reference_series	state_5	0.01	1319.0	0.01178
reference_series	state_1	0.118	1320.0	0.01273
reference_series	state_2	0.089	1320.0	0.01229
reference_series	state_3	0.065	1320.0	0.01219
reference_series	state_4	0.03	1320.0	0.01176
reference_series	state_5	0.01	1320.0	0.0118
reference_series	state_1	0.118	1321.0	0.0127
reference_series	state_2	0.089	1321.0	0.01227
reference_series	state_3	0.065	1321.0	0.01219
reference_series	state_4	0.03	1321.0	0.01175
reference_series	state_5	0.01	1321.0	0.01179
reference_series	state_1	0.118	1322.0	0.01268
reference_series	state_2	0.089	1322.0	0.01225
reference_series	state_3	0.065	1322.0	0.01217
reference_series	state_4	0.03	1322.0	0.01174
reference_series	state_5	0.01	1322.0	0.01176
reference_series	state_1	0.118	1323.0	0.01266
reference_series	state_2	0.089	1323.0	0.01223
reference_series	state_3	0.065	1323.0	0.01217
reference_series	state_4	0.03	1323.0	0.01173
reference_series	state_5	0.01	1323.0	0.01175
reference_series	state_1	0.118	1324.0	0.01264
reference_series	state_2	0.089	1324.0	0.01221
reference_series	state_3	0.065	1324.0	0.01216
reference_series	state_4	0.03	1324.0	0.01172
reference_series	state_5	0.01	1324.0	0.01173
reference_series	state_1	0.118	1325.0	0.01262
reference_series	state_2	0.089	1325.0	0.01219
reference_series	state_3	0.065	1325.0	0.01214
reference_series	state_4	0.03	1325.0	0.01171
reference_series	state_5	0.01	1325.0	0.01173
reference_series	state_1	0.118	1326.0	0.01262
reference_series	state_2	0.089	1326.0	0.01217
reference_series	state_3	0.065	1326.0	0.01213
reference_series	state_4	0.03	1326.0	0.0117
reference_series	state_5	0.01	1326.0	0.0117
reference_series	state_1	0.118	1327.0	0.01261
reference_series	state_2	0.089	1327.0	0.01215
reference_series	state_3	0.065	1327.0	0.01211
reference_series	state_4	0.03	1327.0	0.01169
reference_series	state_5	0.01	1327.0	0.01171
reference_series	state_1	0.118	1328.0	0.01259
reference_series	state_2	0.089	1328.0	0.01212
reference_series	state_3	0.065	1328.0	0.01209
reference_series	state_4	0.03	1328.0	0.01168
reference_series	state_5	0.01	1328.0	0.01172
reference_series	state_1	0.118	1329.0	0.01258
reference_series	state_2	0.089	1329.0	0.0121
reference_series	state_3	0.065	1329.0	0.01208
reference_series	state_4	0.03	1329.0	0.01167
reference_series	state_5	0.01	1329.0	0.01171
reference_series	state_1	0.118	1330.0	0.01255
reference_series	state_2	0.089	1330.0	0.01208
reference_series	state_3	0.065	1330.0	0.01207
reference_series	state_4	0.03	1330.0	0.01166
reference_series	state_5	0.01	1330.0	0.01171
reference_series	state_1	0.118	1331.0	0.01254
reference_series	state_2	0.089	1331.0	0.01205
reference_series	state_3	0.065	1331.0	0.01206
reference_series	state_4	0.03	1331.0	0.01165
reference_series	state_5	0.01	1331.0	0.01171
reference_series	state_1	0.118	1332.0	0.01251
reference_series	state_2	0.089	1332.0	0.01203
reference_series	state_3	0.065	1332.0	0.01205
reference_series	state_4	0.03	1332.0	0.01164
reference_series	state_5	0.01	1332.0	0.0117
reference_series	state_1	0.118	1333.0	0.01248
reference_series	state_2	0.089	1333.0	0.012
reference_series	state_3	0.065	1333.0	0.01203
reference_series	state_4	0.03	1333.0	0.01163
reference_series	state_5	0.01	1333.0	0.01169
reference_series	state_1	0.118	1334.0	0.01244
reference_series	state_2	0.089	1334.0	0.01198
reference_series	state_3	0.065	1334.0	0.01198
reference_series	state_4	0.03	1334.0	0.01162
reference_series	state_5	0.01	1334.0	0.01168
reference_series	state_1	0.118	1335.0	0.01241
reference_series	state_2	0.089	1335.0	0.01196
reference_series	state_3	0.065	1335.0	0.01195
reference_series	state_4	0.03	1335.0	0.01161
reference_series	state_5	0.01	1335.0	0.01166
reference_series	state_1	0.118	1336.0	0.01235
reference_series	state_2	0.089	1336.0	0.01193
reference_series	state_3	0.065	1336.0	0.01193
reference_series	state_4	0.03	1336.0	0.0116
reference_series	state_5	0.01	1336.0	0.01165
reference_series	state_1	0.118	1337.0	0.01231
reference_series	state_2	0.089	1337.0	0.01191
reference_series	state_3	0.065	1337.0	0.0119
reference_series	state_4	0.03	1337.0	0.01159
reference_series	state_5	0.01	1337.0	0.01166
reference_series	state_1	0.118	1338.0	0.01227
reference_series	state_2	0.089	1338.0	0.01189
reference_series	state_3	0.065	1338.0	0.01188
reference_series	state_4	0.03	1338.0	0.01158
reference_series	state_5	0.01	1338.0	0.01165
reference_series	state_1	0.118	1339.0	0.01221
reference_series	state_2	0.089	1339.0	0.01187
reference_series	state_3	0.065	1339.0	0.01184
reference_series	state_4	0.03	1339.0	0.01157
reference_series	state_5	0.01	1339.0	0.01165
reference_series	state_1	0.118	1340.0	0.01217
reference_series	state_2	0.089	1340.0	0.01185
reference_series	state_3	0.065	1340.0	0.01181
reference_series	state_4	0.03	1340.0	0.01155
reference_series	state_5	0.01	1340.0	0.01164
reference_series	state_1	0.118	1341.0	0.01212
reference_series	state_2	0.089	1341.0	0.01183
reference_series	state_3	0.065	1341.0	0.01177
reference_series	state_4	0.03	1341.0	0.01154
reference_series	state_5	0.01	1341.0	0.01163
reference_series	state_1	0.118	1342.0	0.0121
reference_series	state_2	0.089	1342.0	0.01181
reference_series	state_3	0.065	1342.0	0.01175
reference_series	state_4	0.03	1342.0	0.01153
reference_series	state_5	0.01	1342.0	0.01162
reference_series	state_1	0.118	1343.0	0.01206
reference_series	state_2	0.089	1343.0	0.0118
reference_series	state_3	0.065	1343.0	0.01172
reference_series	state_4	0.03	1343.0	0.01151
reference_series	state_5	0.01	1343.0	0.01163
reference_series	state_1	0.118	1344.0	0.01201
reference_series	state_2	0.089	1344.0	0.01178
reference_series	state_3	0.065	1344.0	0.01168
reference_series	state_4	0.03	1344.0	0.0115
reference_series	state_5	0.01	1344.0	0.01163
reference_series	state_1	0.118	1345.0	0.01199
reference_series	state_2	0.089	1345.0	0.01176
reference_series	state_3	0.065	1345.0	0.01164
reference_series	state_4	0.03	1345.0	0.01149
reference_series	state_5	0.01	1345.0	0.01162
reference_series	state_1	0.118	1346.0	0.01197
reference_series	state_2	0.089	1346.0	0.01175
reference_series	state_3	0.065	1346.0	0.0116
reference_series	state_4	0.03	1346.0	0.01148
reference_series	state_5	0.01	1346.0	0.01161
reference_series	state_1	0.118	1347.0	0.01193
reference_series	state_2	0.089	1347.0	0.01173
reference_series	state_3	0.065	1347.0	0.01156
reference_series	state_4	0.03	1347.0	0.01146
reference_series	state_5	0.01	1347.0	0.01159
reference_series	state_1	0.118	1348.0	0.0119
reference_series	state_2	0.089	1348.0	0.01172
reference_series	state_3	0.065	1348.0	0.01151
reference_series	state_4	0.03	1348.0	0.01145
reference_series	state_5	0.01	1348.0	0.01157
reference_series	state_1	0.118	1349.0	0.01187
reference_series	state_2	0.089	1349.0	0.0117
reference_series	state_3	0.065	1349.0	0.01147
reference_series	state_4	0.03	1349.0	0.01144
reference_series	state_5	0.01	1349.0	0.01157
reference_series	state_1	0.118	1350.0	0.01185
reference_series	state_2	0.089	1350.0	0.01169
reference_series	state_3	0.065	1350.0	0.01143
reference_series	state_4	0.03	1350.0	0.01142
reference_series	state_5	0.01	1350.0	0.01155
reference_series	state_1	0.118	1351.0	0.0118
reference_series	state_2	0.089	1351.0	0.01168
reference_series	state_3	0.065	1351.0	0.0114
reference_series	state_4	0.03	1351.0	0.01141
reference_series	state_5	0.01	1351.0	0.01154
reference_series	state_1	0.118	1352.0	0.01177
reference_series	state_2	0.089	1352.0	0.01166
reference_series	state_3	0.065	1352.0	0.01135
reference_series	state_4	0.03	1352.0	0.0114
reference_series	state_5	0.01	1352.0	0.01152
reference_series	state_1	0.118	1353.0	0.01173
reference_series	state_2	0.089	1353.0	0.01165
reference_series	state_3	0.065	1353.0	0.01131
reference_series	state_4	0.03	1353.0	0.01138
reference_series	state_5	0.01	1353.0	0.01151
reference_series	state_1	0.118	1354.0	0.0117
reference_series	state_2	0.089	1354.0	0.01164
reference_series	state_3	0.065	1354.0	0.01129
reference_series	state_4	0.03	1354.0	0.01137
reference_series	state_5	0.01	1354.0	0.0115
reference_series	state_1	0.118	1355.0	0.01167
reference_series	state_2	0.089	1355.0	0.01162
reference_series	state_3	0.065	1355.0	0.01126
reference_series	state_4	0.03	1355.0	0.01135
reference_series	state_5	0.01	1355.0	0.01152
reference_series	state_1	0.118	1356.0	0.01166
reference_series	state_2	0.089	1356.0	0.01161
reference_series	state_3	0.065	1356.0	0.01122
reference_series	state_4	0.03	1356.0	0.01134
reference_series	state_5	0.01	1356.0	0.0115
reference_series	state_1	0.118	1357.0	0.01166
reference_series	state_2	0.089	1357.0	0.01159
reference_series	state_3	0.065	1357.0	0.0112
reference_series	state_4	0.03	1357.0	0.01132
reference_series	state_5	0.01	1357.0	0.01149
reference_series	state_1	0.118	1358.0	0.01165
reference_series	state_2	0.089	1358.0	0.01158
reference_series	state_3	0.065	1358.0	0.01118
reference_series	state_4	0.03	1358.0	0.0113
reference_series	state_5	0.01	1358.0	0.01147
reference_series	state_1	0.118	1359.0	0.01162
reference_series	state_2	0.089	1359.0	0.01156
reference_series	state_3	0.065	1359.0	0.01117
reference_series	state_4	0.03	1359.0	0.01129
reference_series	state_5	0.01	1359.0	0.01144
reference_series	state_1	0.118	1360.0	0.01161
reference_series	state_2	0.089	1360.0	0.01154
reference_series	state_3	0.065	1360.0	0.01116
reference_series	state_4	0.03	1360.0	0.01127
reference_series	state_5	0.01	1360.0	0.01143
reference_series	state_1	0.118	1361.0	0.0116
reference_series	state_2	0.089	1361.0	0.01152
reference_series	state_3	0.065	1361.0	0.01112
reference_series	state_4	0.03	1361.0	0.01126
reference_series	state_5	0.01	1361.0	0.0114
reference_series	state_1	0.118	1362.0	0.01159
reference_series	state_2	0.089	1362.0	0.0115
reference_series	state_3	0.065	1362.0	0.0111
reference_series	state_4	0.03	1362.0	0.01124
reference_series	state_5	0.01	1362.0	0.01138
reference_series	state_1	0.118	1363.0	0.01158
reference_series	state_2	0.089	1363.0	0.01148
reference_series	state_3	0.065	1363.0	0.01109
reference_series	state_4	0.03	1363.0	0.01122
reference_series	state_5	0.01	1363.0	0.01137
reference_series	state_1	0.118	1364.0	0.01157
reference_series	state_2	0.089	1364.0	0.01146
reference_series	state_3	0.065	1364.0	0.01107
reference_series	state_4	0.03	1364.0	0.0112
reference_series	state_5	0.01	1364.0	0.01135
reference_series	state_1	0.118	1365.0	0.01156
reference_series	state_2	0.089	1365.0	0.01144
reference_series	state_3	0.065	1365.0	0.01106
reference_series	state_4	0.03	1365.0	0.01118
reference_series	state_5	0.01	1365.0	0.01134
reference_series	state_1	0.118	1366.0	0.01155
reference_series	state_2	0.089	1366.0	0.01142
reference_series	state_3	0.065	1366.0	0.01105
reference_series	state_4	0.03	1366.0	0.01116
reference_series	state_5	0.01	1366.0	0.01132
reference_series	state_1	0.118	1367.0	0.01153
reference_series	state_2	0.089	1367.0	0.01139
reference_series	state_3	0.065	1367.0	0.01102
reference_series	state_4	0.03	1367.0	0.01114
reference_series	state_5	0.01	1367.0	0.01133
reference_series	state_1	0.118	1368.0	0.01153
reference_series	state_2	0.089	1368.0	0.01137
reference_series	state_3	0.065	1368.0	0.01102
reference_series	state_4	0.03	1368.0	0.01112
reference_series	state_5	0.01	1368.0	0.01131
reference_series	state_1	0.118	1369.0	0.0115
reference_series	state_2	0.089	1369.0	0.01134
reference_series	state_3	0.065	1369.0	0.011
reference_series	state_4	0.03	1369.0	0.01111
reference_series	state_5	0.01	1369.0	0.01128
reference_series	state_1	0.118	1370.0	0.01147
reference_series	state_2	0.089	1370.0	0.01132
reference_series	state_3	0.065	1370.0	0.01099
reference_series	state_4	0.03	1370.0	0.01109
reference_series	state_5	0.01	1370.0	0.01124
reference_series	state_1	0.118	1371.0	0.01144
reference_series	state_2	0.089	1371.0	0.01129
reference_series	state_3	0.065	1371.0	0.01098
reference_series	state_4	0.03	1371.0	0.01107
reference_series	state_5	0.01	1371.0	0.01123
reference_series	state_1	0.118	1372.0	0.0114
reference_series	state_2	0.089	1372.0	0.01127
reference_series	state_3	0.065	1372.0	0.01095
reference_series	state_4	0.03	1372.0	0.01105
reference_series	state_5	0.01	1372.0	0.01121
reference_series	state_1	0.118	1373.0	0.01138
reference_series	state_2	0.089	1373.0	0.01124
reference_series	state_3	0.065	1373.0	0.01094
reference_series	state_4	0.03	1373.0	0.01104
reference_series	state_5	0.01	1373.0	0.01119
reference_series	state_1	0.118	1374.0	0.01135
reference_series	state_2	0.089	1374.0	0.01122
reference_series	state_3	0.065	1374.0	0.01092
reference_series	state_4	0.03	1374.0	0.01102
reference_series	state_5	0.01	1374.0	0.01117
reference_series	state_1	0.118	1375.0	0.01131
reference_series	state_2	0.089	1375.0	0.01119
reference_series	state_3	0.065	1375.0	0.01092
reference_series	state_4	0.03	1375.0	0.011
reference_series	state_5	0.01	1375.0	0.01116
reference_series	state_1	0.118	1376.0	0.01126
reference_series	state_2	0.089	1376.0	0.01117
reference_series	state_3	0.065	1376.0	0.01093
reference_series	state_4	0.03	1376.0	0.01098
reference_series	state_5	0.01	1376.0	0.01115
reference_series	state_1	0.118	1377.0	0.01124
reference_series	state_2	0.089	1377.0	0.01114
reference_series	state_3	0.065	1377.0	0.01092
reference_series	state_4	0.03	1377.0	0.01097
reference_series	state_5	0.01	1377.0	0.01114
reference_series	state_1	0.118	1378.0	0.01122
reference_series	state_2	0.089	1378.0	0.01112
reference_series	state_3	0.065	1378.0	0.01093
reference_series	state_4	0.03	1378.0	0.01095
reference_series	state_5	0.01	1378.0	0.01113
reference_series	state_1	0.118	1379.0	0.0112
reference_series	state_2	0.089	1379.0	0.0111
reference_series	state_3	0.065	1379.0	0.0109
reference_series	state_4	0.03	1379.0	0.01093
reference_series	state_5	0.01	1379.0	0.01111
reference_series	state_1	0.118	1380.0	0.01119
reference_series	state_2	0.089	1380.0	0.01107
reference_series	state_3	0.065	1380.0	0.0109
reference_series	state_4	0.03	1380.0	0.01092
reference_series	state_5	0.01	1380.0	0.0111
reference_series	state_1	0.118	1381.0	0.01119
reference_series	state_2	0.089	1381.0	0.01105
reference_series	state_3	0.065	1381.0	0.01089
reference_series	state_4	0.03	1381.0	0.0109
reference_series	state_5	0.01	1381.0	0.01108
reference_series	state_1	0.118	1382.0	0.01118
reference_series	state_2	0.089	1382.0	0.01103
reference_series	state_3	0.065	1382.0	0.01088
reference_series	state_4	0.03	1382.0	0.01089
reference_series	state_5	0.01	1382.0	0.01106
reference_series	state_1	0.118	1383.0	0.01115
reference_series	state_2	0.089	1383.0	0.01101
reference_series	state_3	0.065	1383.0	0.01088
reference_series	state_4	0.03	1383.0	0.01088
reference_series	state_5	0.01	1383.0	0.01106
reference_series	state_1	0.118	1384.0	0.01113
reference_series	state_2	0.089	1384.0	0.01099
reference_series	state_3	0.065	1384.0	0.01085
reference_series	state_4	0.03	1384.0	0.01087
reference_series	state_5	0.01	1384.0	0.01104
reference_series	state_1	0.118	1385.0	0.01112
reference_series	state_2	0.089	1385.0	0.01097
reference_series	state_3	0.065	1385.0	0.01084
reference_series	state_4	0.03	1385.0	0.01086
reference_series	state_5	0.01	1385.0	0.01102
reference_series	state_1	0.118	1386.0	0.01109
reference_series	state_2	0.089	1386.0	0.01096
reference_series	state_3	0.065	1386.0	0.01084
reference_series	state_4	0.03	1386.0	0.01085
reference_series	state_5	0.01	1386.0	0.01102
reference_series	state_1	0.118	1387.0	0.01107
reference_series	state_2	0.089	1387.0	0.01094
reference_series	state_3	0.065	1387.0	0.01082
reference_series	state_4	0.03	1387.0	0.01085
reference_series	state_5	0.01	1387.0	0.011
reference_series	state_1	0.118	1388.0	0.01106
reference_series	state_2	0.089	1388.0	0.01093
reference_series	state_3	0.065	1388.0	0.01081
reference_series	state_4	0.03	1388.0	0.01084
reference_series	state_5	0.01	1388.0	0.01099
reference_series	state_1	0.118	1389.0	0.01106
reference_series	state_2	0.089	1389.0	0.01091
reference_series	state_3	0.065	1389.0	0.0108
reference_series	state_4	0.03	1389.0	0.01083
reference_series	state_5	0.01	1389.0	0.01097
reference_series	state_1	0.118	1390.0	0.01104
reference_series	state_2	0.089	1390.0	0.0109
reference_series	state_3	0.065	1390.0	0.0108
reference_series	state_4	0.03	1390.0	0.01083
reference_series	state_5	0.01	1390.0	0.01095
reference_series	state_1	0.118	1391.0	0.01101
reference_series	state_2	0.089	1391.0	0.01089
reference_series	state_3	0.065	1391.0	0.01079
reference_series	state_4	0.03	1391.0	0.01083
reference_series	state_5	0.01	1391.0	0.01093
reference_series	state_1	0.118	1392.0	0.011
reference_series	state_2	0.089	1392.0	0.01088
reference_series	state_3	0.065	1392.0	0.01078
reference_series	state_4	0.03	1392.0	0.01082
reference_series	state_5	0.01	1392.0	0.01093
reference_series	state_1	0.118	1393.0	0.01099
reference_series	state_2	0.089	1393.0	0.01087
reference_series	state_3	0.065	1393.0	0.01078
reference_series	state_4	0.03	1393.0	0.01082
reference_series	state_5	0.01	1393.0	0.01094
reference_series	state_1	0.118	1394.0	0.01099
reference_series	state_2	0.089	1394.0	0.01086
reference_series	state_3	0.065	1394.0	0.01077
reference_series	state_4	0.03	1394.0	0.01082
reference_series	state_5	0.01	1394.0	0.01092
reference_series	state_1	0.118	1395.0	0.01099
reference_series	state_2	0.089	1395.0	0.01085
reference_series	state_3	0.065	1395.0	0.01075
reference_series	state_4	0.03	1395.0	0.01082
reference_series	state_5	0.01	1395.0	0.01091
reference_series	state_1	0.118	1396.0	0.011
reference_series	state_2	0.089	1396.0	0.01085
reference_series	state_3	0.065	1396.0	0.01074
reference_series	state_4	0.03	1396.0	0.01082
reference_series	state_5	0.01	1396.0	0.01089
reference_series	state_1	0.118	1397.0	0.011
reference_series	state_2	0.089	1397.0	0.01084
reference_series	state_3	0.065	1397.0	0.01074
reference_series	state_4	0.03	1397.0	0.01082
reference_series	state_5	0.01	1397.0	0.01088
reference_series	state_1	0.118	1398.0	0.01099
reference_series	state_2	0.089	1398.0	0.01084
reference_series	state_3	0.065	1398.0	0.01072
reference_series	state_4	0.03	1398.0	0.01081
reference_series	state_5	0.01	1398.0	0.01086
reference_series	state_1	0.118	1399.0	0.01097
reference_series	state_2	0.089	1399.0	0.01083
reference_series	state_3	0.065	1399.0	0.01072
reference_series	state_4	0.03	1399.0	0.01081
reference_series	state_5	0.01	1399.0	0.01085
reference_series	state_1	0.118	1400.0	0.01097
reference_series	state_2	0.089	1400.0	0.01083
reference_series	state_3	0.065	1400.0	0.01071
reference_series	state_4	0.03	1400.0	0.01081
reference_series	state_5	0.01	1400.0	0.01084
reference_series	state_1	0.118	1401.0	0.01096
reference_series	state_2	0.089	1401.0	0.01082
reference_series	state_3	0.065	1401.0	0.01071
reference_series	state_4	0.03	1401.0	0.01081
reference_series	state_5	0.01	1401.0	0.01084
reference_series	state_1	0.118	1402.0	0.01095
reference_series	state_2	0.089	1402.0	0.01082
reference_series	state_3	0.065	1402.0	0.01069
reference_series	state_4	0.03	1402.0	0.01081
reference_series	state_5	0.01	1402.0	0.01083
reference_series	state_1	0.118	1403.0	0.01094
reference_series	state_2	0.089	1403.0	0.01082
reference_series	state_3	0.065	1403.0	0.01069
reference_series	state_4	0.03	1403.0	0.01081
reference_series	state_5	0.01	1403.0	0.01081
reference_series	state_1	0.118	1404.0	0.01094
reference_series	state_2	0.089	1404.0	0.01082
reference_series	state_3	0.065	1404.0	0.01068
reference_series	state_4	0.03	1404.0	0.01081
reference_series	state_5	0.01	1404.0	0.01081
reference_series	state_1	0.118	1405.0	0.01096
reference_series	state_2	0.089	1405.0	0.01081
reference_series	state_3	0.065	1405.0	0.01068
reference_series	state_4	0.03	1405.0	0.01081
reference_series	state_5	0.01	1405.0	0.01079
reference_series	state_1	0.118	1406.0	0.01096
reference_series	state_2	0.089	1406.0	0.01081
reference_series	state_3	0.065	1406.0	0.01068
reference_series	state_4	0.03	1406.0	0.01081
reference_series	state_5	0.01	1406.0	0.01079
reference_series	state_1	0.118	1407.0	0.01096
reference_series	state_2	0.089	1407.0	0.01081
reference_series	state_3	0.065	1407.0	0.01066
reference_series	state_4	0.03	1407.0	0.01081
reference_series	state_5	0.01	1407.0	0.01077
reference_series	state_1	0.118	1408.0	0.01095
reference_series	state_2	0.089	1408.0	0.01081
reference_series	state_3	0.065	1408.0	0.01065
reference_series	state_4	0.03	1408.0	0.01081
reference_series	state_5	0.01	1408.0	0.01077
reference_series	state_1	0.118	1409.0	0.01093
reference_series	state_2	0.089	1409.0	0.0108
reference_series	state_3	0.065	1409.0	0.01064
reference_series	state_4	0.03	1409.0	0.01081
reference_series	state_5	0.01	1409.0	0.01077
reference_series	state_1	0.118	1410.0	0.01093
reference_series	state_2	0.089	1410.0	0.0108
reference_series	state_3	0.065	1410.0	0.01064
reference_series	state_4	0.03	1410.0	0.01081
reference_series	state_5	0.01	1410.0	0.01077
reference_series	state_1	0.118	1411.0	0.01092
reference_series	state_2	0.089	1411.0	0.01079
reference_series	state_3	0.065	1411.0	0.01063
reference_series	state_4	0.03	1411.0	0.01081
reference_series	state_5	0.01	1411.0	0.01078
reference_series	state_1	0.118	1412.0	0.01093
reference_series	state_2	0.089	1412.0	0.01079
reference_series	state_3	0.065	1412.0	0.01061
reference_series	state_4	0.03	1412.0	0.01081
reference_series	state_5	0.01	1412.0	0.01077
reference_series	state_1	0.118	1413.0	0.01094
reference_series	state_2	0.089	1413.0	0.01079
reference_series	state_3	0.065	1413.0	0.0106
reference_series	state_4	0.03	1413.0	0.01081
reference_series	state_5	0.01	1413.0	0.01077
reference_series	state_1	0.118	1414.0	0.01093
reference_series	state_2	0.089	1414.0	0.01078
reference_series	state_3	0.065	1414.0	0.01059
reference_series	state_4	0.03	1414.0	0.01081
reference_series	state_5	0.01	1414.0	0.01076
reference_series	state_1	0.118	1415.0	0.0109
reference_series	state_2	0.089	1415.0	0.01077
reference_series	state_3	0.065	1415.0	0.0106
reference_series	state_4	0.03	1415.0	0.01081
reference_series	state_5	0.01	1415.0	0.01076
reference_series	state_1	0.118	1416.0	0.0109
reference_series	state_2	0.089	1416.0	0.01077
reference_series	state_3	0.065	1416.0	0.01059
reference_series	state_4	0.03	1416.0	0.0108
reference_series	state_5	0.01	1416.0	0.01075
reference_series	state_1	0.118	1417.0	0.01091
reference_series	state_2	0.089	1417.0	0.01076
reference_series	state_3	0.065	1417.0	0.01057
reference_series	state_4	0.03	1417.0	0.0108
reference_series	state_5	0.01	1417.0	0.01076
reference_series	state_1	0.118	1418.0	0.01091
reference_series	state_2	0.089	1418.0	0.01075
reference_series	state_3	0.065	1418.0	0.01058
reference_series	state_4	0.03	1418.0	0.01079
reference_series	state_5	0.01	1418.0	0.01076
reference_series	state_1	0.118	1419.0	0.01092
reference_series	state_2	0.089	1419.0	0.01074
reference_series	state_3	0.065	1419.0	0.01055
reference_series	state_4	0.03	1419.0	0.01079
reference_series	state_5	0.01	1419.0	0.01074
reference_series	state_1	0.118	1420.0	0.01093
reference_series	state_2	0.089	1420.0	0.01074
reference_series	state_3	0.065	1420.0	0.01055
reference_series	state_4	0.03	1420.0	0.01078
reference_series	state_5	0.01	1420.0	0.01072
reference_series	state_1	0.118	1421.0	0.01092
reference_series	state_2	0.089	1421.0	0.01073
reference_series	state_3	0.065	1421.0	0.01053
reference_series	state_4	0.03	1421.0	0.01078
reference_series	state_5	0.01	1421.0	0.01071
reference_series	state_1	0.118	1422.0	0.01089
reference_series	state_2	0.089	1422.0	0.01072
reference_series	state_3	0.065	1422.0	0.01051
reference_series	state_4	0.03	1422.0	0.01077
reference_series	state_5	0.01	1422.0	0.01072
reference_series	state_1	0.118	1423.0	0.0109
reference_series	state_2	0.089	1423.0	0.01071
reference_series	state_3	0.065	1423.0	0.0105
reference_series	state_4	0.03	1423.0	0.01076
reference_series	state_5	0.01	1423.0	0.0107
reference_series	state_1	0.118	1424.0	0.01089
reference_series	state_2	0.089	1424.0	0.0107
reference_series	state_3	0.065	1424.0	0.01048
reference_series	state_4	0.03	1424.0	0.01076
reference_series	state_5	0.01	1424.0	0.0107
reference_series	state_1	0.118	1425.0	0.01089
reference_series	state_2	0.089	1425.0	0.01069
reference_series	state_3	0.065	1425.0	0.01049
reference_series	state_4	0.03	1425.0	0.01075
reference_series	state_5	0.01	1425.0	0.0107
reference_series	state_1	0.118	1426.0	0.01087
reference_series	state_2	0.089	1426.0	0.01068
reference_series	state_3	0.065	1426.0	0.01049
reference_series	state_4	0.03	1426.0	0.01074
reference_series	state_5	0.01	1426.0	0.01068
reference_series	state_1	0.118	1427.0	0.01087
reference_series	state_2	0.089	1427.0	0.01067
reference_series	state_3	0.065	1427.0	0.01049
reference_series	state_4	0.03	1427.0	0.01073
reference_series	state_5	0.01	1427.0	0.01067
reference_series	state_1	0.118	1428.0	0.01087
reference_series	state_2	0.089	1428.0	0.01066
reference_series	state_3	0.065	1428.0	0.01049
reference_series	state_4	0.03	1428.0	0.01072
reference_series	state_5	0.01	1428.0	0.01066
reference_series	state_1	0.118	1429.0	0.01085
reference_series	state_2	0.089	1429.0	0.01066
reference_series	state_3	0.065	1429.0	0.01049
reference_series	state_4	0.03	1429.0	0.01071
reference_series	state_5	0.01	1429.0	0.01065
reference_series	state_1	0.118	1430.0	0.01083
reference_series	state_2	0.089	1430.0	0.01065
reference_series	state_3	0.065	1430.0	0.0105
reference_series	state_4	0.03	1430.0	0.01071
reference_series	state_5	0.01	1430.0	0.01064
reference_series	state_1	0.118	1431.0	0.01082
reference_series	state_2	0.089	1431.0	0.01064
reference_series	state_3	0.065	1431.0	0.01048
reference_series	state_4	0.03	1431.0	0.0107
reference_series	state_5	0.01	1431.0	0.01064
reference_series	state_1	0.118	1432.0	0.01083
reference_series	state_2	0.089	1432.0	0.01064
reference_series	state_3	0.065	1432.0	0.01048
reference_series	state_4	0.03	1432.0	0.01069
reference_series	state_5	0.01	1432.0	0.01064
reference_series	state_1	0.118	1433.0	0.01084
reference_series	state_2	0.089	1433.0	0.01063
reference_series	state_3	0.065	1433.0	0.01048
reference_series	state_4	0.03	1433.0	0.01068
reference_series	state_5	0.01	1433.0	0.01062
reference_series	state_1	0.118	1434.0	0.01085
reference_series	state_2	0.089	1434.0	0.01062
reference_series	state_3	0.065	1434.0	0.01046
reference_series	state_4	0.03	1434.0	0.01068
reference_series	state_5	0.01	1434.0	0.01061
reference_series	state_1	0.118	1435.0	0.01085
reference_series	state_2	0.089	1435.0	0.01062
reference_series	state_3	0.065	1435.0	0.01045
reference_series	state_4	0.03	1435.0	0.01067
reference_series	state_5	0.01	1435.0	0.01061
reference_series	state_1	0.118	1436.0	0.01086
reference_series	state_2	0.089	1436.0	0.01062
reference_series	state_3	0.065	1436.0	0.01045
reference_series	state_4	0.03	1436.0	0.01066
reference_series	state_5	0.01	1436.0	0.0106
reference_series	state_1	0.118	1437.0	0.01086
reference_series	state_2	0.089	1437.0	0.01061
reference_series	state_3	0.065	1437.0	0.01045
reference_series	state_4	0.03	1437.0	0.01065
reference_series	state_5	0.01	1437.0	0.01059
reference_series	state_1	0.118	1438.0	0.01086
reference_series	state_2	0.089	1438.0	0.01061
reference_series	state_3	0.065	1438.0	0.01044
reference_series	state_4	0.03	1438.0	0.01064
reference_series	state_5	0.01	1438.0	0.01059
reference_series	state_1	0.118	1439.0	0.01086
reference_series	state_2	0.089	1439.0	0.01061
reference_series	state_3	0.065	1439.0	0.01045
reference_series	state_4	0.03	1439.0	0.01063
reference_series	state_5	0.01	1439.0	0.01059
reference_series	state_1	0.118	1440.0	0.01087
reference_series	state_2	0.089	1440.0	0.01061
reference_series	state_3	0.065	1440.0	0.01046
reference_series	state_4	0.03	1440.0	0.01062
reference_series	state_5	0.01	1440.0	0.01058
reference_series	state_1	0.118	1441.0	0.01088
reference_series	state_2	0.089	1441.0	0.01061
reference_series	state_3	0.065	1441.0	0.01045
reference_series	state_4	0.03	1441.0	0.01061
reference_series	state_5	0.01	1441.0	0.01058
reference_series	state_1	0.118	1442.0	0.01089
reference_series	state_2	0.089	1442.0	0.01061
reference_series	state_3	0.065	1442.0	0.01045
reference_series	state_4	0.03	1442.0	0.0106
reference_series	state_5	0.01	1442.0	0.01056
reference_series	state_1	0.118	1443.0	0.01089
reference_series	state_2	0.089	1443.0	0.01061
reference_series	state_3	0.065	1443.0	0.01047
reference_series	state_4	0.03	1443.0	0.0106
reference_series	state_5	0.01	1443.0	0.01057
reference_series	state_1	0.118	1444.0	0.01089
reference_series	state_2	0.089	1444.0	0.01061
reference_series	state_3	0.065	1444.0	0.01046
reference_series	state_4	0.03	1444.0	0.01059
reference_series	state_5	0.01	1444.0	0.01057
reference_series	state_1	0.118	1445.0	0.01089
reference_series	state_2	0.089	1445.0	0.01061
reference_series	state_3	0.065	1445.0	0.01047
reference_series	state_4	0.03	1445.0	0.01059
reference_series	state_5	0.01	1445.0	0.01056
reference_series	state_1	0.118	1446.0	0.0109
reference_series	state_2	0.089	1446.0	0.01061
reference_series	state_3	0.065	1446.0	0.01046
reference_series	state_4	0.03	1446.0	0.01058
reference_series	state_5	0.01	1446.0	0.01058
reference_series	state_1	0.118	1447.0	0.0109
reference_series	state_2	0.089	1447.0	0.01061
reference_series	state_3	0.065	1447.0	0.01045
reference_series	state_4	0.03	1447.0	0.01058
reference_series	state_5	0.01	1447.0	0.01058
reference_series	state_1	0.118	1448.0	0.0109
reference_series	state_2	0.089	1448.0	0.01061
reference_series	state_3	0.065	1448.0	0.01046
reference_series	state_4	0.03	1448.0	0.01058
reference_series	state_5	0.01	1448.0	0.0106
reference_series	state_1	0.118	1449.0	0.0109
reference_series	state_2	0.089	1449.0	0.01061
reference_series	state_3	0.065	1449.0	0.01046
reference_series	state_4	0.03	1449.0	0.01058
reference_series	state_5	0.01	1449.0	0.01059
reference_series	state_1	0.118	1450.0	0.0109
reference_series	state_2	0.089	1450.0	0.01061
reference_series	state_3	0.065	1450.0	0.01046
reference_series	state_4	0.03	1450.0	0.01058
reference_series	state_5	0.01	1450.0	0.01058
reference_series	state_1	0.118	1451.0	0.0109
reference_series	state_2	0.089	1451.0	0.01061
reference_series	state_3	0.065	1451.0	0.01046
reference_series	state_4	0.03	1451.0	0.01058
reference_series	state_5	0.01	1451.0	0.01058
reference_series	state_1	0.118	1452.0	0.01091
reference_series	state_2	0.089	1452.0	0.01061
reference_series	state_3	0.065	1452.0	0.01045
reference_series	state_4	0.03	1452.0	0.01058
reference_series	state_5	0.01	1452.0	0.01057
reference_series	state_1	0.118	1453.0	0.0109
reference_series	state_2	0.089	1453.0	0.01061
reference_series	state_3	0.065	1453.0	0.01045
reference_series	state_4	0.03	1453.0	0.01057
reference_series	state_5	0.01	1453.0	0.01058
reference_series	state_1	0.118	1454.0	0.0109
reference_series	state_2	0.089	1454.0	0.01061
reference_series	state_3	0.065	1454.0	0.01046
reference_series	state_4	0.03	1454.0	0.01057
reference_series	state_5	0.01	1454.0	0.01057
reference_series	state_1	0.118	1455.0	0.0109
reference_series	state_2	0.089	1455.0	0.01061
reference_series	state_3	0.065	1455.0	0.01046
reference_series	state_4	0.03	1455.0	0.01057
reference_series	state_5	0.01	1455.0	0.01057
reference_series	state_1	0.118	1456.0	0.0109
reference_series	state_2	0.089	1456.0	0.01061
reference_series	state_3	0.065	1456.0	0.01044
reference_series	state_4	0.03	1456.0	0.01057
reference_series	state_5	0.01	1456.0	0.01057
reference_series	state_1	0.118	1457.0	0.01091
reference_series	state_2	0.089	1457.0	0.0106
reference_series	state_3	0.065	1457.0	0.01044
reference_series	state_4	0.03	1457.0	0.01057
reference_series	state_5	0.01	1457.0	0.01058
reference_series	state_1	0.118	1458.0	0.01091
reference_series	state_2	0.089	1458.0	0.0106
reference_series	state_3	0.065	1458.0	0.01041
reference_series	state_4	0.03	1458.0	0.01057
reference_series	state_5	0.01	1458.0	0.01057
reference_series	state_1	0.118	1459.0	0.01091
reference_series	state_2	0.089	1459.0	0.01059
reference_series	state_3	0.065	1459.0	0.01041
reference_series	state_4	0.03	1459.0	0.01057
reference_series	state_5	0.01	1459.0	0.01057
reference_series	state_1	0.118	1460.0	0.01091
reference_series	state_2	0.089	1460.0	0.01059
reference_series	state_3	0.065	1460.0	0.01042
reference_series	state_4	0.03	1460.0	0.01057
reference_series	state_5	0.01	1460.0	0.01057
reference_series	state_1	0.118	1461.0	0.01091
reference_series	state_2	0.089	1461.0	0.01058
reference_series	state_3	0.065	1461.0	0.01041
reference_series	state_4	0.03	1461.0	0.01057
reference_series	state_5	0.01	1461.0	0.01056
reference_series	state_1	0.118	1462.0	0.0109
reference_series	state_2	0.089	1462.0	0.01058
reference_series	state_3	0.065	1462.0	0.01041
reference_series	state_4	0.03	1462.0	0.01057
reference_series	state_5	0.01	1462.0	0.01055
reference_series	state_1	0.118	1463.0	0.0109
reference_series	state_2	0.089	1463.0	0.01057
reference_series	state_3	0.065	1463.0	0.01041
reference_series	state_4	0.03	1463.0	0.01056
reference_series	state_5	0.01	1463.0	0.01054
reference_series	state_1	0.118	1464.0	0.01089
reference_series	state_2	0.089	1464.0	0.01056
reference_series	state_3	0.065	1464.0	0.01041
reference_series	state_4	0.03	1464.0	0.01056
reference_series	state_5	0.01	1464.0	0.01054
reference_series	state_1	0.118	1465.0	0.01089
reference_series	state_2	0.089	1465.0	0.01055
reference_series	state_3	0.065	1465.0	0.01043
reference_series	state_4	0.03	1465.0	0.01056
reference_series	state_5	0.01	1465.0	0.01052
reference_series	state_1	0.118	1466.0	0.01088
reference_series	state_2	0.089	1466.0	0.01055
reference_series	state_3	0.065	1466.0	0.01042
reference_series	state_4	0.03	1466.0	0.01056
reference_series	state_5	0.01	1466.0	0.01051
reference_series	state_1	0.118	1467.0	0.01086
reference_series	state_2	0.089	1467.0	0.01054
reference_series	state_3	0.065	1467.0	0.01042
reference_series	state_4	0.03	1467.0	0.01056
reference_series	state_5	0.01	1467.0	0.01049
reference_series	state_1	0.118	1468.0	0.01082
reference_series	state_2	0.089	1468.0	0.01053
reference_series	state_3	0.065	1468.0	0.01041
reference_series	state_4	0.03	1468.0	0.01056
reference_series	state_5	0.01	1468.0	0.01048
reference_series	state_1	0.118	1469.0	0.01081
reference_series	state_2	0.089	1469.0	0.01052
reference_series	state_3	0.065	1469.0	0.01039
reference_series	state_4	0.03	1469.0	0.01056
reference_series	state_5	0.01	1469.0	0.01048
reference_series	state_1	0.118	1470.0	0.01081
reference_series	state_2	0.089	1470.0	0.01051
reference_series	state_3	0.065	1470.0	0.01036
reference_series	state_4	0.03	1470.0	0.01056
reference_series	state_5	0.01	1470.0	0.01047
reference_series	state_1	0.118	1471.0	0.0108
reference_series	state_2	0.089	1471.0	0.0105
reference_series	state_3	0.065	1471.0	0.01034
reference_series	state_4	0.03	1471.0	0.01056
reference_series	state_5	0.01	1471.0	0.01045
reference_series	state_1	0.118	1472.0	0.0108
reference_series	state_2	0.089	1472.0	0.0105
reference_series	state_3	0.065	1472.0	0.01034
reference_series	state_4	0.03	1472.0	0.01055
reference_series	state_5	0.01	1472.0	0.01044
reference_series	state_1	0.118	1473.0	0.01079
reference_series	state_2	0.089	1473.0	0.01049
reference_series	state_3	0.065	1473.0	0.01034
reference_series	state_4	0.03	1473.0	0.01055
reference_series	state_5	0.01	1473.0	0.01043
reference_series	state_1	0.118	1474.0	0.0108
reference_series	state_2	0.089	1474.0	0.01048
reference_series	state_3	0.065	1474.0	0.01032
reference_series	state_4	0.03	1474.0	0.01055
reference_series	state_5	0.01	1474.0	0.01043
reference_series	state_1	0.118	1475.0	0.0108
reference_series	state_2	0.089	1475.0	0.01047
reference_series	state_3	0.065	1475.0	0.01032
reference_series	state_4	0.03	1475.0	0.01055
reference_series	state_5	0.01	1475.0	0.01042
reference_series	state_1	0.118	1476.0	0.0108
reference_series	state_2	0.089	1476.0	0.01046
reference_series	state_3	0.065	1476.0	0.01033
reference_series	state_4	0.03	1476.0	0.01055
reference_series	state_5	0.01	1476.0	0.01042
reference_series	state_1	0.118	1477.0	0.01078
reference_series	state_2	0.089	1477.0	0.01045
reference_series	state_3	0.065	1477.0	0.01033
reference_series	state_4	0.03	1477.0	0.01055
reference_series	state_5	0.01	1477.0	0.01041
reference_series	state_1	0.118	1478.0	0.01077
reference_series	state_2	0.089	1478.0	0.01045
reference_series	state_3	0.065	1478.0	0.01032
reference_series	state_4	0.03	1478.0	0.01055
reference_series	state_5	0.01	1478.0	0.01041
reference_series	state_1	0.118	1479.0	0.01076
reference_series	state_2	0.089	1479.0	0.01044
reference_series	state_3	0.065	1479.0	0.0103
reference_series	state_4	0.03	1479.0	0.01055
reference_series	state_5	0.01	1479.0	0.01039
reference_series	state_1	0.118	1480.0	0.01076
reference_series	state_2	0.089	1480.0	0.01043
reference_series	state_3	0.065	1480.0	0.0103
reference_series	state_4	0.03	1480.0	0.01055
reference_series	state_5	0.01	1480.0	0.01039
reference_series	state_1	0.118	1481.0	0.01076
reference_series	state_2	0.089	1481.0	0.01042
reference_series	state_3	0.065	1481.0	0.0103
reference_series	state_4	0.03	1481.0	0.01055
reference_series	state_5	0.01	1481.0	0.01039
reference_series	state_1	0.118	1482.0	0.01075
reference_series	state_2	0.089	1482.0	0.01042
reference_series	state_3	0.065	1482.0	0.0103
reference_series	state_4	0.03	1482.0	0.01055
reference_series	state_5	0.01	1482.0	0.01038
reference_series	state_1	0.118	1483.0	0.01075
reference_series	state_2	0.089	1483.0	0.01041
reference_series	state_3	0.065	1483.0	0.0103
reference_series	state_4	0.03	1483.0	0.01056
reference_series	state_5	0.01	1483.0	0.01037
reference_series	state_1	0.118	1484.0	0.01075
reference_series	state_2	0.089	1484.0	0.0104
reference_series	state_3	0.065	1484.0	0.0103
reference_series	state_4	0.03	1484.0	0.01056
reference_series	state_5	0.01	1484.0	0.01037
reference_series	state_1	0.118	1485.0	0.01075
reference_series	state_2	0.089	1485.0	0.01039
reference_series	state_3	0.065	1485.0	0.0103
reference_series	state_4	0.03	1485.0	0.01057
reference_series	state_5	0.01	1485.0	0.01036
reference_series	state_1	0.118	1486.0	0.01075
reference_series	state_2	0.089	1486.0	0.01039
reference_series	state_3	0.065	1486.0	0.0103
reference_series	state_4	0.03	1486.0	0.01057
reference_series	state_5	0.01	1486.0	0.01036
reference_series	state_1	0.118	1487.0	0.01075
reference_series	state_2	0.089	1487.0	0.01038
reference_series	state_3	0.065	1487.0	0.01031
reference_series	state_4	0.03	1487.0	0.01058
reference_series	state_5	0.01	1487.0	0.01036
reference_series	state_1	0.118	1488.0	0.01075
reference_series	state_2	0.089	1488.0	0.01037
reference_series	state_3	0.065	1488.0	0.01031
reference_series	state_4	0.03	1488.0	0.01059
reference_series	state_5	0.01	1488.0	0.01035
reference_series	state_1	0.118	1489.0	0.01075
reference_series	state_2	0.089	1489.0	0.01037
reference_series	state_3	0.065	1489.0	0.01032
reference_series	state_4	0.03	1489.0	0.01059
reference_series	state_5	0.01	1489.0	0.01035
reference_series	state_1	0.118	1490.0	0.01076
reference_series	state_2	0.089	1490.0	0.01036
reference_series	state_3	0.065	1490.0	0.01032
reference_series	state_4	0.03	1490.0	0.0106
reference_series	state_5	0.01	1490.0	0.01035
reference_series	state_1	0.118	1491.0	0.01076
reference_series	state_2	0.089	1491.0	0.01035
reference_series	state_3	0.065	1491.0	0.01033
reference_series	state_4	0.03	1491.0	0.01061
reference_series	state_5	0.01	1491.0	0.01034
reference_series	state_1	0.118	1492.0	0.01077
reference_series	state_2	0.089	1492.0	0.01035
reference_series	state_3	0.065	1492.0	0.01034
reference_series	state_4	0.03	1492.0	0.01062
reference_series	state_5	0.01	1492.0	0.01034
reference_series	state_1	0.118	1493.0	0.01077
reference_series	state_2	0.089	1493.0	0.01034
reference_series	state_3	0.065	1493.0	0.01034
reference_series	state_4	0.03	1493.0	0.01063
reference_series	state_5	0.01	1493.0	0.01034
reference_series	state_1	0.118	1494.0	0.01078
reference_series	state_2	0.089	1494.0	0.01033
reference_series	state_3	0.065	1494.0	0.01035
reference_series	state_4	0.03	1494.0	0.01064
reference_series	state_5	0.01	1494.0	0.01034
reference_series	state_1	0.118	1495.0	0.01078
reference_series	state_2	0.089	1495.0	0.01033
reference_series	state_3	0.065	1495.0	0.01036
reference_series	state_4	0.03	1495.0	0.01065
reference_series	state_5	0.01	1495.0	0.01033
reference_series	state_1	0.118	1496.0	0.01079
reference_series	state_2	0.089	1496.0	0.01032
reference_series	state_3	0.065	1496.0	0.01037
reference_series	state_4	0.03	1496.0	0.01066
reference_series	state_5	0.01	1496.0	0.01033
reference_series	state_1	0.118	1497.0	0.0108
reference_series	state_2	0.089	1497.0	0.01031
reference_series	state_3	0.065	1497.0	0.01038
reference_series	state_4	0.03	1497.0	0.01067
reference_series	state_5	0.01	1497.0	0.01033
reference_series	state_1	0.118	1498.0	0.01081
reference_series	state_2	0.089	1498.0	0.01031
reference_series	state_3	0.065	1498.0	0.0104
reference_series	state_4	0.03	1498.0	0.01068
reference_series	state_5	0.01	1498.0	0.01033
reference_series	state_1	0.118	1499.0	0.01082
reference_series	state_2	0.089	1499.0	0.0103
reference_series	state_3	0.065	1499.0	0.01041
reference_series	state_4	0.03	1499.0	0.01069
reference_series	state_5	0.01	1499.0	0.01033
reference_series	state_1	0.118	1500.0	0.01083
reference_series	state_2	0.089	1500.0	0.01029
reference_series	state_3	0.065	1500.0	0.01042
reference_series	state_4	0.03	1500.0	0.01071
reference_series	state_5	0.01	1500.0	0.01033
