effective_temperature_K	wavelength_nm	metallicity_index	photon_flux_cm2
5300	179.40000000000001	-1.0	153000000000.0
5300	179.40000000000001	-0.95	133000000000.0
5300	179.40000000000001	-0.9	116000000000.0
5300	179.40000000000001	-0.85	102000000000.0
5300	179.40000000000001	-0.8	90200000000.0
5300	179.40000000000001	-0.75	79900000000.0
5300	179.40000000000001	-0.7	71200000000.0
5300	179.40000000000001	-0.65	64100000000.0
5300	179.40000000000001	-0.6	57900000000.0
5300	179.40000000000001	-0.55	52700000000.0
5300	179.40000000000001	-0.5	48100000000.0
5300	179.40000000000001	-0.45	44300000000.0
5300	179.40000000000001	-0.4	40700000000.0
5300	179.40000000000001	-0.35	37300000000.0
5300	179.40000000000001	-0.3	34300000000.0
5300	179.40000000000001	-0.25	31500000000.0
5300	179.40000000000001	-0.2	28900000000.0
5300	179.40000000000001	-0.15	26400000000.0
5300	179.40000000000001	-0.1	24100000000.0
5300	179.40000000000001	-0.05	21900000000.0
5300	179.40000000000001	0.0	19900000000.0
5300	179.40000000000001	0.05	18000000000.0
5300	179.40000000000001	0.1	16200000000.0
5300	179.40000000000001	0.15	14600000000.0
5300	179.40000000000001	0.2	13100000000.0
5300	179.40000000000001	0.25	11700000000.0
5300	179.40000000000001	0.3	10400000000.0
5300	179.40000000000001	0.35	9220000000.0
5300	179.40000000000001	0.4	8140000000.0
5300	179.40000000000001	0.45	7130000000.0
5300	179.40000000000001	0.5	6240000000.0
5300	179.40000000000001	0.6	4700000000.0
5300	179.40000000000001	0.7	3460000000.0
5300	179.40000000000001	0.8	2520000000.0
5300	179.40000000000001	0.9	1790000000.0
5300	181	-1.0	139000000000.0
5300	181	-0.95	123000000000.0
5300	181	-0.9	110000000000.0
5300	181	-0.85	98900000000.0
5300	181	-0.8	89200000000.0
5300	181	-0.75	80900000000.0
5300	181	-0.7	73500000000.0
5300	181	-0.65	67400000000.0
5300	181	-0.6	61900000000.0
5300	181	-0.55	57000000000.0
5300	181	-0.5	52600000000.0
5300	181	-0.45	48800000000.0
5300	181	-0.4	45100000000.0
5300	181	-0.35	41600000000.0
5300	181	-0.3	38400000000.0
5300	181	-0.25	35400000000.0
5300	181	-0.2	32600000000.0
5300	181	-0.15	29900000000.0
5300	181	-0.1	27300000000.0
5300	181	-0.05	24900000000.0
5300	181	0.0	22600000000.0
5300	181	0.05	20500000000.0
5300	181	0.1	18500000000.0
5300	181	0.15	16700000000.0
5300	181	0.2	14900000000.0
5300	181	0.25	13400000000.0
5300	181	0.3	12000000000.0
5300	181	0.35	10600000000.0
5300	181	0.4	9390000000.0
5300	181	0.45	8240000000.0
5300	181	0.5	7230000000.0
5300	181	0.6	5460000000.0
5300	181	0.7	4060000000.0
5300	181	0.8	2960000000.0
5300	181	0.9	2140000000.0
5300	182.59999999999999	-1.0	180000000000.0
5300	182.59999999999999	-0.95	159000000000.0
5300	182.59999999999999	-0.9	142000000000.0
5300	182.59999999999999	-0.85	127000000000.0
5300	182.59999999999999	-0.8	115000000000.0
5300	182.59999999999999	-0.75	104000000000.0
5300	182.59999999999999	-0.7	94300000000.0
5300	182.59999999999999	-0.65	86400000000.0
5300	182.59999999999999	-0.6	79400000000.0
5300	182.59999999999999	-0.55	73200000000.0
5300	182.59999999999999	-0.5	67700000000.0
5300	182.59999999999999	-0.45	62900000000.0
5300	182.59999999999999	-0.4	58300000000.0
5300	182.59999999999999	-0.35	53800000000.0
5300	182.59999999999999	-0.3	49800000000.0
5300	182.59999999999999	-0.25	46000000000.0
5300	182.59999999999999	-0.2	42400000000.0
5300	182.59999999999999	-0.15	39000000000.0
5300	182.59999999999999	-0.1	35700000000.0
5300	182.59999999999999	-0.05	32700000000.0
5300	182.59999999999999	0.0	29700000000.0
5300	182.59999999999999	0.05	27000000000.0
5300	182.59999999999999	0.1	24500000000.0
5300	182.59999999999999	0.15	22100000000.0
5300	182.59999999999999	0.2	19800000000.0
5300	182.59999999999999	0.25	17800000000.0
5300	182.59999999999999	0.3	15900000000.0
5300	182.59999999999999	0.35	14200000000.0
5300	182.59999999999999	0.4	12600000000.0
5300	182.59999999999999	0.45	11000000000.0
5300	182.59999999999999	0.5	9700000000.0
5300	182.59999999999999	0.6	7320000000.0
5300	182.59999999999999	0.7	5460000000.0
5300	182.59999999999999	0.8	4000000000.0
5300	182.59999999999999	0.9	2890000000.0
5300	184.30000000000001	-1.0	137000000000.0
5300	184.30000000000001	-0.95	125000000000.0
5300	184.30000000000001	-0.9	115000000000.0
5300	184.30000000000001	-0.85	105000000000.0
5300	184.30000000000001	-0.8	97400000000.0
5300	184.30000000000001	-0.75	90200000000.0
5300	184.30000000000001	-0.7	83600000000.0
5300	184.30000000000001	-0.65	77800000000.0
5300	184.30000000000001	-0.6	72400000000.0
5300	184.30000000000001	-0.55	67400000000.0
5300	184.30000000000001	-0.5	62800000000.0
5300	184.30000000000001	-0.45	58600000000.0
5300	184.30000000000001	-0.4	54500000000.0
5300	184.30000000000001	-0.35	50500000000.0
5300	184.30000000000001	-0.3	46800000000.0
5300	184.30000000000001	-0.25	43300000000.0
5300	184.30000000000001	-0.2	39800000000.0
5300	184.30000000000001	-0.15	36600000000.0
5300	184.30000000000001	-0.1	33600000000.0
5300	184.30000000000001	-0.05	30700000000.0
5300	184.30000000000001	0.0	28000000000.0
5300	184.30000000000001	0.05	25400000000.0
5300	184.30000000000001	0.1	23100000000.0
5300	184.30000000000001	0.15	20800000000.0
5300	184.30000000000001	0.2	18700000000.0
5300	184.30000000000001	0.25	16800000000.0
5300	184.30000000000001	0.3	15100000000.0
5300	184.30000000000001	0.35	13400000000.0
5300	184.30000000000001	0.4	11900000000.0
5300	184.30000000000001	0.45	10500000000.0
5300	184.30000000000001	0.5	9270000000.0
5300	184.30000000000001	0.6	7020000000.0
5300	184.30000000000001	0.7	5270000000.0
5300	184.30000000000001	0.8	3900000000.0
5300	184.30000000000001	0.9	2850000000.0
5300	186	-1.0	301000000000.0
5300	186	-0.95	262000000000.0
5300	186	-0.9	229000000000.0
5300	186	-0.85	201000000000.0
5300	186	-0.8	178000000000.0
5300	186	-0.75	158000000000.0
5300	186	-0.7	141000000000.0
5300	186	-0.65	127000000000.0
5300	186	-0.6	115000000000.0
5300	186	-0.55	105000000000.0
5300	186	-0.5	96000000000.0
5300	186	-0.45	88500000000.0
5300	186	-0.4	81600000000.0
5300	186	-0.35	75100000000.0
5300	186	-0.3	69300000000.0
5300	186	-0.25	63900000000.0
5300	186	-0.2	58700000000.0
5300	186	-0.15	53900000000.0
5300	186	-0.1	49300000000.0
5300	186	-0.05	45100000000.0
5300	186	0.0	41000000000.0
5300	186	0.05	37100000000.0
5300	186	0.1	33600000000.0
5300	186	0.15	30300000000.0
5300	186	0.2	27200000000.0
5300	186	0.25	24400000000.0
5300	186	0.3	21800000000.0
5300	186	0.35	19400000000.0
5300	186	0.4	17200000000.0
5300	186	0.45	15100000000.0
5300	186	0.5	13200000000.0
5300	186	0.6	10000000000.0
5300	186	0.7	7450000000.0
5300	186	0.8	5450000000.0
5300	186	0.9	3890000000.0
5300	187.80000000000001	-1.0	403000000000.0
5300	187.80000000000001	-0.95	350000000000.0
5300	187.80000000000001	-0.9	304000000000.0
5300	187.80000000000001	-0.85	265000000000.0
5300	187.80000000000001	-0.8	232000000000.0
5300	187.80000000000001	-0.75	205000000000.0
5300	187.80000000000001	-0.7	181000000000.0
5300	187.80000000000001	-0.65	162000000000.0
5300	187.80000000000001	-0.6	145000000000.0
5300	187.80000000000001	-0.55	131000000000.0
5300	187.80000000000001	-0.5	120000000000.0
5300	187.80000000000001	-0.45	110000000000.0
5300	187.80000000000001	-0.4	101000000000.0
5300	187.80000000000001	-0.35	92700000000.0
5300	187.80000000000001	-0.3	85400000000.0
5300	187.80000000000001	-0.25	78700000000.0
5300	187.80000000000001	-0.2	72300000000.0
5300	187.80000000000001	-0.15	66300000000.0
5300	187.80000000000001	-0.1	60700000000.0
5300	187.80000000000001	-0.05	55500000000.0
5300	187.80000000000001	0.0	50500000000.0
5300	187.80000000000001	0.05	45800000000.0
5300	187.80000000000001	0.1	41500000000.0
5300	187.80000000000001	0.15	37500000000.0
5300	187.80000000000001	0.2	33700000000.0
5300	187.80000000000001	0.25	30200000000.0
5300	187.80000000000001	0.3	27100000000.0
5300	187.80000000000001	0.35	24100000000.0
5300	187.80000000000001	0.4	21400000000.0
5300	187.80000000000001	0.45	18800000000.0
5300	187.80000000000001	0.5	16500000000.0
5300	187.80000000000001	0.6	12500000000.0
5300	187.80000000000001	0.7	9360000000.0
5300	187.80000000000001	0.8	6810000000.0
5300	187.80000000000001	0.9	4950000000.0
5300	189.59999999999999	-1.0	526000000000.0
5300	189.59999999999999	-0.95	458000000000.0
5300	189.59999999999999	-0.9	398000000000.0
5300	189.59999999999999	-0.85	347000000000.0
5300	189.59999999999999	-0.8	304000000000.0
5300	189.59999999999999	-0.75	269000000000.0
5300	189.59999999999999	-0.7	238000000000.0
5300	189.59999999999999	-0.65	213000000000.0
5300	189.59999999999999	-0.6	191000000000.0
5300	189.59999999999999	-0.55	173000000000.0
5300	189.59999999999999	-0.5	158000000000.0
5300	189.59999999999999	-0.45	145000000000.0
5300	189.59999999999999	-0.4	134000000000.0
5300	189.59999999999999	-0.35	123000000000.0
5300	189.59999999999999	-0.3	114000000000.0
5300	189.59999999999999	-0.25	105000000000.0
5300	189.59999999999999	-0.2	96300000000.0
5300	189.59999999999999	-0.15	88600000000.0
5300	189.59999999999999	-0.1	81300000000.0
5300	189.59999999999999	-0.05	74400000000.0
5300	189.59999999999999	0.0	67900000000.0
5300	189.59999999999999	0.05	61700000000.0
5300	189.59999999999999	0.1	56000000000.0
5300	189.59999999999999	0.15	50700000000.0
5300	189.59999999999999	0.2	45700000000.0
5300	189.59999999999999	0.25	41000000000.0
5300	189.59999999999999	0.3	36800000000.0
5300	189.59999999999999	0.35	32800000000.0
5300	189.59999999999999	0.4	29200000000.0
5300	189.59999999999999	0.45	25600000000.0
5300	189.59999999999999	0.5	22600000000.0
5300	189.59999999999999	0.6	17200000000.0
5300	189.59999999999999	0.7	12900000000.0
5300	189.59999999999999	0.8	9520000000.0
5300	189.59999999999999	0.9	6950000000.0
5300	191.40000000000001	-1.0	641000000000.0
5300	191.40000000000001	-0.95	553000000000.0
5300	191.40000000000001	-0.9	478000000000.0
5300	191.40000000000001	-0.85	414000000000.0
5300	191.40000000000001	-0.8	360000000000.0
5300	191.40000000000001	-0.75	317000000000.0
5300	191.40000000000001	-0.7	280000000000.0
5300	191.40000000000001	-0.65	249000000000.0
5300	191.40000000000001	-0.6	224000000000.0
5300	191.40000000000001	-0.55	203000000000.0
5300	191.40000000000001	-0.5	185000000000.0
5300	191.40000000000001	-0.45	170000000000.0
5300	191.40000000000001	-0.4	156000000000.0
5300	191.40000000000001	-0.35	143000000000.0
5300	191.40000000000001	-0.3	132000000000.0
5300	191.40000000000001	-0.25	122000000000.0
5300	191.40000000000001	-0.2	112000000000.0
5300	191.40000000000001	-0.15	103000000000.0
5300	191.40000000000001	-0.1	94400000000.0
5300	191.40000000000001	-0.05	86400000000.0
5300	191.40000000000001	0.0	78800000000.0
5300	191.40000000000001	0.05	71600000000.0
5300	191.40000000000001	0.1	65000000000.0
5300	191.40000000000001	0.15	58800000000.0
5300	191.40000000000001	0.2	52900000000.0
5300	191.40000000000001	0.25	47500000000.0
5300	191.40000000000001	0.3	42700000000.0
5300	191.40000000000001	0.35	38100000000.0
5300	191.40000000000001	0.4	33900000000.0
5300	191.40000000000001	0.45	29900000000.0
5300	191.40000000000001	0.5	26400000000.0
5300	191.40000000000001	0.6	20200000000.0
5300	191.40000000000001	0.7	15300000000.0
5300	191.40000000000001	0.8	11300000000.0
5300	191.40000000000001	0.9	8300000000.0
5300	193.19999999999999	-1.0	451000000000.0
5300	193.19999999999999	-0.95	400000000000.0
5300	193.19999999999999	-0.9	356000000000.0
5300	193.19999999999999	-0.85	320000000000.0
5300	193.19999999999999	-0.8	290000000000.0
5300	193.19999999999999	-0.75	262000000000.0
5300	193.19999999999999	-0.7	238000000000.0
5300	193.19999999999999	-0.65	219000000000.0
5300	193.19999999999999	-0.6	201000000000.0
5300	193.19999999999999	-0.55	185000000000.0
5300	193.19999999999999	-0.5	171000000000.0
5300	193.19999999999999	-0.45	159000000000.0
5300	193.19999999999999	-0.4	147000000000.0
5300	193.19999999999999	-0.35	135000000000.0
5300	193.19999999999999	-0.3	124000000000.0
5300	193.19999999999999	-0.25	114000000000.0
5300	193.19999999999999	-0.2	105000000000.0
5300	193.19999999999999	-0.15	95900000000.0
5300	193.19999999999999	-0.1	87400000000.0
5300	193.19999999999999	-0.05	79400000000.0
5300	193.19999999999999	0.0	71900000000.0
5300	193.19999999999999	0.05	64800000000.0
5300	193.19999999999999	0.1	58400000000.0
5300	193.19999999999999	0.15	52400000000.0
5300	193.19999999999999	0.2	46800000000.0
5300	193.19999999999999	0.25	41700000000.0
5300	193.19999999999999	0.3	37300000000.0
5300	193.19999999999999	0.35	32900000000.0
5300	193.19999999999999	0.4	29100000000.0
5300	193.19999999999999	0.45	25500000000.0
5300	193.19999999999999	0.5	22300000000.0
5300	193.19999999999999	0.6	16900000000.0
5300	193.19999999999999	0.7	12600000000.0
5300	193.19999999999999	0.8	9280000000.0
5300	193.19999999999999	0.9	6730000000.0
5300	195.09999999999999	-1.0	921000000000.0
5300	195.09999999999999	-0.95	798000000000.0
5300	195.09999999999999	-0.9	692000000000.0
5300	195.09999999999999	-0.85	602000000000.0
5300	195.09999999999999	-0.8	529000000000.0
5300	195.09999999999999	-0.75	465000000000.0
5300	195.09999999999999	-0.7	412000000000.0
5300	195.09999999999999	-0.65	369000000000.0
5300	195.09999999999999	-0.6	332000000000.0
5300	195.09999999999999	-0.55	302000000000.0
5300	195.09999999999999	-0.5	276000000000.0
5300	195.09999999999999	-0.45	254000000000.0
5300	195.09999999999999	-0.4	234000000000.0
5300	195.09999999999999	-0.35	216000000000.0
5300	195.09999999999999	-0.3	200000000000.0
5300	195.09999999999999	-0.25	184000000000.0
5300	195.09999999999999	-0.2	170000000000.0
5300	195.09999999999999	-0.15	157000000000.0
5300	195.09999999999999	-0.1	144000000000.0
5300	195.09999999999999	-0.05	132000000000.0
5300	195.09999999999999	0.0	120000000000.0
5300	195.09999999999999	0.05	110000000000.0
5300	195.09999999999999	0.1	99800000000.0
5300	195.09999999999999	0.15	90400000000.0
5300	195.09999999999999	0.2	81600000000.0
5300	195.09999999999999	0.25	73400000000.0
5300	195.09999999999999	0.3	66000000000.0
5300	195.09999999999999	0.35	59000000000.0
5300	195.09999999999999	0.4	52500000000.0
5300	195.09999999999999	0.45	46400000000.0
5300	195.09999999999999	0.5	41000000000.0
5300	195.09999999999999	0.6	31500000000.0
5300	195.09999999999999	0.7	23800000000.0
5300	195.09999999999999	0.8	17700000000.0
5300	195.09999999999999	0.9	13100000000.0
5300	197	-1.0	1220000000000.0
5300	197	-0.95	1060000000000.0
5300	197	-0.9	919000000000.0
5300	197	-0.85	800000000000.0
5300	197	-0.8	700000000000.0
5300	197	-0.75	612000000000.0
5300	197	-0.7	539000000000.0
5300	197	-0.65	481000000000.0
5300	197	-0.6	431000000000.0
5300	197	-0.55	390000000000.0
5300	197	-0.5	356000000000.0
5300	197	-0.45	327000000000.0
5300	197	-0.4	301000000000.0
5300	197	-0.35	278000000000.0
5300	197	-0.3	257000000000.0
5300	197	-0.25	237000000000.0
5300	197	-0.2	219000000000.0
5300	197	-0.15	202000000000.0
5300	197	-0.1	186000000000.0
5300	197	-0.05	170000000000.0
5300	197	0.0	156000000000.0
5300	197	0.05	142000000000.0
5300	197	0.1	129000000000.0
5300	197	0.15	117000000000.0
5300	197	0.2	106000000000.0
5300	197	0.25	95400000000.0
5300	197	0.3	85900000000.0
5300	197	0.35	76700000000.0
5300	197	0.4	68400000000.0
5300	197	0.45	60500000000.0
5300	197	0.5	53500000000.0
5300	197	0.6	41100000000.0
5300	197	0.7	31200000000.0
5300	197	0.8	23300000000.0
5300	197	0.9	17200000000.0
5300	199	-1.0	1170000000000.0
5300	199	-0.95	1040000000000.0
5300	199	-0.9	917000000000.0
5300	199	-0.85	816000000000.0
5300	199	-0.8	726000000000.0
5300	199	-0.75	649000000000.0
5300	199	-0.7	583000000000.0
5300	199	-0.65	527000000000.0
5300	199	-0.6	480000000000.0
5300	199	-0.55	438000000000.0
5300	199	-0.5	403000000000.0
5300	199	-0.45	373000000000.0
5300	199	-0.4	345000000000.0
5300	199	-0.35	319000000000.0
5300	199	-0.3	295000000000.0
5300	199	-0.25	273000000000.0
5300	199	-0.2	253000000000.0
5300	199	-0.15	233000000000.0
5300	199	-0.1	215000000000.0
5300	199	-0.05	197000000000.0
5300	199	0.0	181000000000.0
5300	199	0.05	165000000000.0
5300	199	0.1	150000000000.0
5300	199	0.15	136000000000.0
5300	199	0.2	123000000000.0
5300	199	0.25	111000000000.0
5300	199	0.3	100000000000.0
5300	199	0.35	89700000000.0
5300	199	0.4	80100000000.0
5300	199	0.45	70900000000.0
5300	199	0.5	62800000000.0
5300	199	0.6	48400000000.0
5300	199	0.7	36900000000.0
5300	199	0.8	27700000000.0
5300	199	0.9	20500000000.0
5300	201	-1.0	1640000000000.0
5300	201	-0.95	1420000000000.0
5300	201	-0.9	1230000000000.0
5300	201	-0.85	1070000000000.0
5300	201	-0.8	932000000000.0
5300	201	-0.75	814000000000.0
5300	201	-0.7	715000000000.0
5300	201	-0.65	634000000000.0
5300	201	-0.6	567000000000.0
5300	201	-0.55	510000000000.0
5300	201	-0.5	464000000000.0
5300	201	-0.45	426000000000.0
5300	201	-0.4	391000000000.0
5300	201	-0.35	360000000000.0
5300	201	-0.3	332000000000.0
5300	201	-0.25	307000000000.0
5300	201	-0.2	283000000000.0
5300	201	-0.15	261000000000.0
5300	201	-0.1	240000000000.0
5300	201	-0.05	220000000000.0
5300	201	0.0	202000000000.0
5300	201	0.05	184000000000.0
5300	201	0.1	168000000000.0
5300	201	0.15	152000000000.0
5300	201	0.2	138000000000.0
5300	201	0.25	124000000000.0
5300	201	0.3	112000000000.0
5300	201	0.35	100000000000.0
5300	201	0.4	89600000000.0
5300	201	0.45	79500000000.0
5300	201	0.5	70400000000.0
5300	201	0.6	54400000000.0
5300	201	0.7	41400000000.0
5300	201	0.8	31200000000.0
5300	201	0.9	23300000000.0
5300	203	-1.0	1740000000000.0
5300	203	-0.95	1510000000000.0
5300	203	-0.9	1300000000000.0
5300	203	-0.85	1130000000000.0
5300	203	-0.8	985000000000.0
5300	203	-0.75	861000000000.0
5300	203	-0.7	757000000000.0
5300	203	-0.65	672000000000.0
5300	203	-0.6	601000000000.0
5300	203	-0.55	542000000000.0
5300	203	-0.5	493000000000.0
5300	203	-0.45	453000000000.0
5300	203	-0.4	417000000000.0
5300	203	-0.35	383000000000.0
5300	203	-0.3	354000000000.0
5300	203	-0.25	327000000000.0
5300	203	-0.2	302000000000.0
5300	203	-0.15	278000000000.0
5300	203	-0.1	256000000000.0
5300	203	-0.05	235000000000.0
5300	203	0.0	214000000000.0
5300	203	0.05	195000000000.0
5300	203	0.1	178000000000.0
5300	203	0.15	161000000000.0
5300	203	0.2	145000000000.0
5300	203	0.25	131000000000.0
5300	203	0.3	118000000000.0
5300	203	0.35	106000000000.0
5300	203	0.4	94300000000.0
5300	203	0.45	83600000000.0
5300	203	0.5	74000000000.0
5300	203	0.6	57200000000.0
5300	203	0.7	43600000000.0
5300	203	0.8	32900000000.0
5300	203	0.9	24600000000.0
5300	205.09999999999999	-1.0	3050000000000.0
5300	205.09999999999999	-0.95	2610000000000.0
5300	205.09999999999999	-0.9	2220000000000.0
5300	205.09999999999999	-0.85	1880000000000.0
5300	205.09999999999999	-0.8	1600000000000.0
5300	205.09999999999999	-0.75	1360000000000.0
5300	205.09999999999999	-0.7	1170000000000.0
5300	205.09999999999999	-0.65	1010000000000.0
5300	205.09999999999999	-0.6	885000000000.0
5300	205.09999999999999	-0.55	783000000000.0
5300	205.09999999999999	-0.5	702000000000.0
5300	205.09999999999999	-0.45	638000000000.0
5300	205.09999999999999	-0.4	582000000000.0
5300	205.09999999999999	-0.35	533000000000.0
5300	205.09999999999999	-0.3	491000000000.0
5300	205.09999999999999	-0.25	453000000000.0
5300	205.09999999999999	-0.2	417000000000.0
5300	205.09999999999999	-0.15	384000000000.0
5300	205.09999999999999	-0.1	353000000000.0
5300	205.09999999999999	-0.05	324000000000.0
5300	205.09999999999999	0.0	297000000000.0
5300	205.09999999999999	0.05	270000000000.0
5300	205.09999999999999	0.1	246000000000.0
5300	205.09999999999999	0.15	224000000000.0
5300	205.09999999999999	0.2	202000000000.0
5300	205.09999999999999	0.25	182000000000.0
5300	205.09999999999999	0.3	164000000000.0
5300	205.09999999999999	0.35	147000000000.0
5300	205.09999999999999	0.4	131000000000.0
5300	205.09999999999999	0.45	116000000000.0
5300	205.09999999999999	0.5	103000000000.0
5300	205.09999999999999	0.6	79500000000.0
5300	205.09999999999999	0.7	60600000000.0
5300	205.09999999999999	0.8	45600000000.0
5300	205.09999999999999	0.9	34100000000.0
5300	207.30000000000001	-1.0	2990000000000.0
5300	207.30000000000001	-0.95	2520000000000.0
5300	207.30000000000001	-0.9	2130000000000.0
5300	207.30000000000001	-0.85	1810000000000.0
5300	207.30000000000001	-0.8	1540000000000.0
5300	207.30000000000001	-0.75	1320000000000.0
5300	207.30000000000001	-0.7	1140000000000.0
5300	207.30000000000001	-0.65	997000000000.0
5300	207.30000000000001	-0.6	885000000000.0
5300	207.30000000000001	-0.55	793000000000.0
5300	207.30000000000001	-0.5	719000000000.0
5300	207.30000000000001	-0.45	660000000000.0
5300	207.30000000000001	-0.4	606000000000.0
5300	207.30000000000001	-0.35	557000000000.0
5300	207.30000000000001	-0.3	514000000000.0
5300	207.30000000000001	-0.25	475000000000.0
5300	207.30000000000001	-0.2	437000000000.0
5300	207.30000000000001	-0.15	402000000000.0
5300	207.30000000000001	-0.1	369000000000.0
5300	207.30000000000001	-0.05	338000000000.0
5300	207.30000000000001	0.0	308000000000.0
5300	207.30000000000001	0.05	280000000000.0
5300	207.30000000000001	0.1	254000000000.0
5300	207.30000000000001	0.15	230000000000.0
5300	207.30000000000001	0.2	207000000000.0
5300	207.30000000000001	0.25	186000000000.0
5300	207.30000000000001	0.3	167000000000.0
5300	207.30000000000001	0.35	149000000000.0
5300	207.30000000000001	0.4	132000000000.0
5300	207.30000000000001	0.45	117000000000.0
5300	207.30000000000001	0.5	103000000000.0
5300	207.30000000000001	0.6	79200000000.0
5300	207.30000000000001	0.7	60000000000.0
5300	207.30000000000001	0.8	44900000000.0
5300	207.30000000000001	0.9	33200000000.0
5300	209.40000000000001	-1.0	4890000000000.0
5300	209.40000000000001	-0.95	4480000000000.0
5300	209.40000000000001	-0.9	4100000000000.0
5300	209.40000000000001	-0.85	3750000000000.0
5300	209.40000000000001	-0.8	3390000000000.0
5300	209.40000000000001	-0.75	3050000000000.0
5300	209.40000000000001	-0.7	2740000000000.0
5300	209.40000000000001	-0.65	2460000000000.0
5300	209.40000000000001	-0.6	2210000000000.0
5300	209.40000000000001	-0.55	1970000000000.0
5300	209.40000000000001	-0.5	1770000000000.0
5300	209.40000000000001	-0.45	1590000000000.0
5300	209.40000000000001	-0.4	1420000000000.0
5300	209.40000000000001	-0.35	1270000000000.0
5300	209.40000000000001	-0.3	1140000000000.0
5300	209.40000000000001	-0.25	1030000000000.0
5300	209.40000000000001	-0.2	925000000000.0
5300	209.40000000000001	-0.15	836000000000.0
5300	209.40000000000001	-0.1	756000000000.0
5300	209.40000000000001	-0.05	686000000000.0
5300	209.40000000000001	0.0	623000000000.0
5300	209.40000000000001	0.05	566000000000.0
5300	209.40000000000001	0.1	516000000000.0
5300	209.40000000000001	0.15	471000000000.0
5300	209.40000000000001	0.2	429000000000.0
5300	209.40000000000001	0.25	391000000000.0
5300	209.40000000000001	0.3	356000000000.0
5300	209.40000000000001	0.35	323000000000.0
5300	209.40000000000001	0.4	293000000000.0
5300	209.40000000000001	0.45	264000000000.0
5300	209.40000000000001	0.5	238000000000.0
5300	209.40000000000001	0.6	190000000000.0
5300	209.40000000000001	0.7	149000000000.0
5300	209.40000000000001	0.8	116000000000.0
5300	209.40000000000001	0.9	88400000000.0
5300	211.59999999999999	-1.0	5220000000000.0
5300	211.59999999999999	-0.95	4960000000000.0
5300	211.59999999999999	-0.9	4690000000000.0
5300	211.59999999999999	-0.85	4420000000000.0
5300	211.59999999999999	-0.8	4160000000000.0
5300	211.59999999999999	-0.75	3890000000000.0
5300	211.59999999999999	-0.7	3620000000000.0
5300	211.59999999999999	-0.65	3360000000000.0
5300	211.59999999999999	-0.6	3110000000000.0
5300	211.59999999999999	-0.55	2860000000000.0
5300	211.59999999999999	-0.5	2630000000000.0
5300	211.59999999999999	-0.45	2420000000000.0
5300	211.59999999999999	-0.4	2200000000000.0
5300	211.59999999999999	-0.35	2000000000000.0
5300	211.59999999999999	-0.3	1820000000000.0
5300	211.59999999999999	-0.25	1650000000000.0
5300	211.59999999999999	-0.2	1490000000000.0
5300	211.59999999999999	-0.15	1340000000000.0
5300	211.59999999999999	-0.1	1210000000000.0
5300	211.59999999999999	-0.05	1090000000000.0
5300	211.59999999999999	0.0	987000000000.0
5300	211.59999999999999	0.05	891000000000.0
5300	211.59999999999999	0.1	807000000000.0
5300	211.59999999999999	0.15	731000000000.0
5300	211.59999999999999	0.2	662000000000.0
5300	211.59999999999999	0.25	601000000000.0
5300	211.59999999999999	0.3	545000000000.0
5300	211.59999999999999	0.35	494000000000.0
5300	211.59999999999999	0.4	447000000000.0
5300	211.59999999999999	0.45	402000000000.0
5300	211.59999999999999	0.5	362000000000.0
5300	211.59999999999999	0.6	288000000000.0
5300	211.59999999999999	0.7	227000000000.0
5300	211.59999999999999	0.8	175000000000.0
5300	211.59999999999999	0.9	133000000000.0
5300	213.90000000000001	-1.0	6180000000000.0
5300	213.90000000000001	-0.95	5900000000000.0
5300	213.90000000000001	-0.9	5610000000000.0
5300	213.90000000000001	-0.85	5330000000000.0
5300	213.90000000000001	-0.8	5040000000000.0
5300	213.90000000000001	-0.75	4730000000000.0
5300	213.90000000000001	-0.7	4430000000000.0
5300	213.90000000000001	-0.65	4140000000000.0
5300	213.90000000000001	-0.6	3850000000000.0
5300	213.90000000000001	-0.55	3560000000000.0
5300	213.90000000000001	-0.5	3290000000000.0
5300	213.90000000000001	-0.45	3040000000000.0
5300	213.90000000000001	-0.4	2780000000000.0
5300	213.90000000000001	-0.35	2530000000000.0
5300	213.90000000000001	-0.3	2310000000000.0
5300	213.90000000000001	-0.25	2100000000000.0
5300	213.90000000000001	-0.2	1900000000000.0
5300	213.90000000000001	-0.15	1720000000000.0
5300	213.90000000000001	-0.1	1550000000000.0
5300	213.90000000000001	-0.05	1400000000000.0
5300	213.90000000000001	0.0	1260000000000.0
5300	213.90000000000001	0.05	1140000000000.0
5300	213.90000000000001	0.1	1030000000000.0
5300	213.90000000000001	0.15	931000000000.0
5300	213.90000000000001	0.2	842000000000.0
5300	213.90000000000001	0.25	761000000000.0
5300	213.90000000000001	0.3	690000000000.0
5300	213.90000000000001	0.35	623000000000.0
5300	213.90000000000001	0.4	563000000000.0
5300	213.90000000000001	0.45	506000000000.0
5300	213.90000000000001	0.5	455000000000.0
5300	213.90000000000001	0.6	362000000000.0
5300	213.90000000000001	0.7	285000000000.0
5300	213.90000000000001	0.8	220000000000.0
5300	213.90000000000001	0.9	167000000000.0
5300	216.19999999999999	-1.0	5050000000000.0
5300	216.19999999999999	-0.95	4840000000000.0
5300	216.19999999999999	-0.9	4630000000000.0
5300	216.19999999999999	-0.85	4410000000000.0
5300	216.19999999999999	-0.8	4190000000000.0
5300	216.19999999999999	-0.75	3970000000000.0
5300	216.19999999999999	-0.7	3740000000000.0
5300	216.19999999999999	-0.65	3520000000000.0
5300	216.19999999999999	-0.6	3300000000000.0
5300	216.19999999999999	-0.55	3080000000000.0
5300	216.19999999999999	-0.5	2880000000000.0
5300	216.19999999999999	-0.45	2690000000000.0
5300	216.19999999999999	-0.4	2500000000000.0
5300	216.19999999999999	-0.35	2310000000000.0
5300	216.19999999999999	-0.3	2130000000000.0
5300	216.19999999999999	-0.25	1970000000000.0
5300	216.19999999999999	-0.2	1810000000000.0
5300	216.19999999999999	-0.15	1660000000000.0
5300	216.19999999999999	-0.1	1520000000000.0
5300	216.19999999999999	-0.05	1390000000000.0
5300	216.19999999999999	0.0	1270000000000.0
5300	216.19999999999999	0.05	1160000000000.0
5300	216.19999999999999	0.1	1060000000000.0
5300	216.19999999999999	0.15	965000000000.0
5300	216.19999999999999	0.2	879000000000.0
5300	216.19999999999999	0.25	800000000000.0
5300	216.19999999999999	0.3	729000000000.0
5300	216.19999999999999	0.35	661000000000.0
5300	216.19999999999999	0.4	598000000000.0
5300	216.19999999999999	0.45	539000000000.0
5300	216.19999999999999	0.5	484000000000.0
5300	216.19999999999999	0.6	386000000000.0
5300	216.19999999999999	0.7	303000000000.0
5300	216.19999999999999	0.8	234000000000.0
5300	216.19999999999999	0.9	178000000000.0
5300	218.59999999999999	-1.0	8860000000000.0
5300	218.59999999999999	-0.95	8440000000000.0
5300	218.59999999999999	-0.9	8020000000000.0
5300	218.59999999999999	-0.85	7600000000000.0
5300	218.59999999999999	-0.8	7150000000000.0
5300	218.59999999999999	-0.75	6700000000000.0
5300	218.59999999999999	-0.7	6250000000000.0
5300	218.59999999999999	-0.65	5810000000000.0
5300	218.59999999999999	-0.6	5380000000000.0
5300	218.59999999999999	-0.55	4950000000000.0
5300	218.59999999999999	-0.5	4540000000000.0
5300	218.59999999999999	-0.45	4170000000000.0
5300	218.59999999999999	-0.4	3790000000000.0
5300	218.59999999999999	-0.35	3430000000000.0
5300	218.59999999999999	-0.3	3110000000000.0
5300	218.59999999999999	-0.25	2800000000000.0
5300	218.59999999999999	-0.2	2520000000000.0
5300	218.59999999999999	-0.15	2260000000000.0
5300	218.59999999999999	-0.1	2030000000000.0
5300	218.59999999999999	-0.05	1820000000000.0
5300	218.59999999999999	0.0	1630000000000.0
5300	218.59999999999999	0.05	1470000000000.0
5300	218.59999999999999	0.1	1320000000000.0
5300	218.59999999999999	0.15	1190000000000.0
5300	218.59999999999999	0.2	1070000000000.0
5300	218.59999999999999	0.25	968000000000.0
5300	218.59999999999999	0.3	876000000000.0
5300	218.59999999999999	0.35	790000000000.0
5300	218.59999999999999	0.4	713000000000.0
5300	218.59999999999999	0.45	639000000000.0
5300	218.59999999999999	0.5	574000000000.0
5300	218.59999999999999	0.6	456000000000.0
5300	218.59999999999999	0.7	358000000000.0
5300	218.59999999999999	0.8	277000000000.0
5300	218.59999999999999	0.9	211000000000.0
5300	221	-1.0	7520000000000.0
5300	221	-0.95	7180000000000.0
5300	221	-0.9	6830000000000.0
5300	221	-0.85	6460000000000.0
5300	221	-0.8	6110000000000.0
5300	221	-0.75	5770000000000.0
5300	221	-0.7	5410000000000.0
5300	221	-0.65	5060000000000.0
5300	221	-0.6	4720000000000.0
5300	221	-0.55	4380000000000.0
5300	221	-0.5	4060000000000.0
5300	221	-0.45	3770000000000.0
5300	221	-0.4	3470000000000.0
5300	221	-0.35	3180000000000.0
5300	221	-0.3	2920000000000.0
5300	221	-0.25	2680000000000.0
5300	221	-0.2	2440000000000.0
5300	221	-0.15	2230000000000.0
5300	221	-0.1	2030000000000.0
5300	221	-0.05	1850000000000.0
5300	221	0.0	1680000000000.0
5300	221	0.05	1530000000000.0
5300	221	0.1	1390000000000.0
5300	221	0.15	1270000000000.0
5300	221	0.2	1150000000000.0
5300	221	0.25	1040000000000.0
5300	221	0.3	950000000000.0
5300	221	0.35	860000000000.0
5300	221	0.4	778000000000.0
5300	221	0.45	699000000000.0
5300	221	0.5	628000000000.0
5300	221	0.6	499000000000.0
5300	221	0.7	391000000000.0
5300	221	0.8	302000000000.0
5300	221	0.9	229000000000.0
5300	223.5	-1.0	14400000000000.0
5300	223.5	-0.95	13800000000000.0
5300	223.5	-0.9	13100000000000.0
5300	223.5	-0.85	12500000000000.0
5300	223.5	-0.8	11800000000000.0
5300	223.5	-0.75	11100000000000.0
5300	223.5	-0.7	10400000000000.0
5300	223.5	-0.65	9710000000000.0
5300	223.5	-0.6	9010000000000.0
5300	223.5	-0.55	8310000000000.0
5300	223.5	-0.5	7640000000000.0
5300	223.5	-0.45	7010000000000.0
5300	223.5	-0.4	6390000000000.0
5300	223.5	-0.35	5780000000000.0
5300	223.5	-0.3	5230000000000.0
5300	223.5	-0.25	4710000000000.0
5300	223.5	-0.2	4220000000000.0
5300	223.5	-0.15	3780000000000.0
5300	223.5	-0.1	3380000000000.0
5300	223.5	-0.05	3010000000000.0
5300	223.5	0.0	2690000000000.0
5300	223.5	0.05	2400000000000.0
5300	223.5	0.1	2150000000000.0
5300	223.5	0.15	1920000000000.0
5300	223.5	0.2	1730000000000.0
5300	223.5	0.25	1550000000000.0
5300	223.5	0.3	1400000000000.0
5300	223.5	0.35	1260000000000.0
5300	223.5	0.4	1130000000000.0
5300	223.5	0.45	1020000000000.0
5300	223.5	0.5	914000000000.0
5300	223.5	0.6	730000000000.0
5300	223.5	0.7	579000000000.0
5300	223.5	0.8	454000000000.0
5300	223.5	0.9	352000000000.0
5300	226	-1.0	8980000000000.0
5300	226	-0.95	8600000000000.0
5300	226	-0.9	8210000000000.0
5300	226	-0.85	7830000000000.0
5300	226	-0.8	7440000000000.0
5300	226	-0.75	7040000000000.0
5300	226	-0.7	6640000000000.0
5300	226	-0.65	6260000000000.0
5300	226	-0.6	5880000000000.0
5300	226	-0.55	5500000000000.0
5300	226	-0.5	5140000000000.0
5300	226	-0.45	4820000000000.0
5300	226	-0.4	4480000000000.0
5300	226	-0.35	4150000000000.0
5300	226	-0.3	3850000000000.0
5300	226	-0.25	3560000000000.0
5300	226	-0.2	3280000000000.0
5300	226	-0.15	3020000000000.0
5300	226	-0.1	2770000000000.0
5300	226	-0.05	2550000000000.0
5300	226	0.0	2330000000000.0
5300	226	0.05	2140000000000.0
5300	226	0.1	1960000000000.0
5300	226	0.15	1790000000000.0
5300	226	0.2	1640000000000.0
5300	226	0.25	1500000000000.0
5300	226	0.3	1370000000000.0
5300	226	0.35	1250000000000.0
5300	226	0.4	1140000000000.0
5300	226	0.45	1030000000000.0
5300	226	0.5	935000000000.0
5300	226	0.6	759000000000.0
5300	226	0.7	610000000000.0
5300	226	0.8	484000000000.0
5300	226	0.9	380000000000.0
5300	228.59999999999999	-1.0	10600000000000.0
5300	228.59999999999999	-0.95	10100000000000.0
5300	228.59999999999999	-0.9	9690000000000.0
5300	228.59999999999999	-0.85	9240000000000.0
5300	228.59999999999999	-0.8	8770000000000.0
5300	228.59999999999999	-0.75	8330000000000.0
5300	228.59999999999999	-0.7	7870000000000.0
5300	228.59999999999999	-0.65	7430000000000.0
5300	228.59999999999999	-0.6	6980000000000.0
5300	228.59999999999999	-0.55	6540000000000.0
5300	228.59999999999999	-0.5	6120000000000.0
5300	228.59999999999999	-0.45	5740000000000.0
5300	228.59999999999999	-0.4	5350000000000.0
5300	228.59999999999999	-0.35	4950000000000.0
5300	228.59999999999999	-0.3	4600000000000.0
5300	228.59999999999999	-0.25	4260000000000.0
5300	228.59999999999999	-0.2	3920000000000.0
5300	228.59999999999999	-0.15	3620000000000.0
5300	228.59999999999999	-0.1	3330000000000.0
5300	228.59999999999999	-0.05	3060000000000.0
5300	228.59999999999999	0.0	2810000000000.0
5300	228.59999999999999	0.05	2570000000000.0
5300	228.59999999999999	0.1	2360000000000.0
5300	228.59999999999999	0.15	2170000000000.0
5300	228.59999999999999	0.2	1990000000000.0
5300	228.59999999999999	0.25	1820000000000.0
5300	228.59999999999999	0.3	1670000000000.0
5300	228.59999999999999	0.35	1530000000000.0
5300	228.59999999999999	0.4	1400000000000.0
5300	228.59999999999999	0.45	1270000000000.0
5300	228.59999999999999	0.5	1160000000000.0
5300	228.59999999999999	0.6	953000000000.0
5300	228.59999999999999	0.7	775000000000.0
5300	228.59999999999999	0.8	623000000000.0
5300	228.59999999999999	0.9	495000000000.0
5300	231.19999999999999	-1.0	9550000000000.0
5300	231.19999999999999	-0.95	9180000000000.0
5300	231.19999999999999	-0.9	8810000000000.0
5300	231.19999999999999	-0.85	8460000000000.0
5300	231.19999999999999	-0.8	8070000000000.0
5300	231.19999999999999	-0.75	7680000000000.0
5300	231.19999999999999	-0.7	7290000000000.0
5300	231.19999999999999	-0.65	6920000000000.0
5300	231.19999999999999	-0.6	6550000000000.0
5300	231.19999999999999	-0.55	6180000000000.0
5300	231.19999999999999	-0.5	5830000000000.0
5300	231.19999999999999	-0.45	5510000000000.0
5300	231.19999999999999	-0.4	5180000000000.0
5300	231.19999999999999	-0.35	4840000000000.0
5300	231.19999999999999	-0.3	4530000000000.0
5300	231.19999999999999	-0.25	4230000000000.0
5300	231.19999999999999	-0.2	3940000000000.0
5300	231.19999999999999	-0.15	3660000000000.0
5300	231.19999999999999	-0.1	3400000000000.0
5300	231.19999999999999	-0.05	3150000000000.0
5300	231.19999999999999	0.0	2910000000000.0
5300	231.19999999999999	0.05	2690000000000.0
5300	231.19999999999999	0.1	2480000000000.0
5300	231.19999999999999	0.15	2290000000000.0
5300	231.19999999999999	0.2	2100000000000.0
5300	231.19999999999999	0.25	1930000000000.0
5300	231.19999999999999	0.3	1780000000000.0
5300	231.19999999999999	0.35	1630000000000.0
5300	231.19999999999999	0.4	1490000000000.0
5300	231.19999999999999	0.45	1350000000000.0
5300	231.19999999999999	0.5	1230000000000.0
5300	231.19999999999999	0.6	1010000000000.0
5300	231.19999999999999	0.7	815000000000.0
5300	231.19999999999999	0.8	653000000000.0
5300	231.19999999999999	0.9	517000000000.0
5300	233.90000000000001	-1.0	8150000000000.0
5300	233.90000000000001	-0.95	7890000000000.0
5300	233.90000000000001	-0.9	7620000000000.0
5300	233.90000000000001	-0.85	7350000000000.0
5300	233.90000000000001	-0.8	7100000000000.0
5300	233.90000000000001	-0.75	6830000000000.0
5300	233.90000000000001	-0.7	6560000000000.0
5300	233.90000000000001	-0.65	6300000000000.0
5300	233.90000000000001	-0.6	6040000000000.0
5300	233.90000000000001	-0.55	5770000000000.0
5300	233.90000000000001	-0.5	5520000000000.0
5300	233.90000000000001	-0.45	5300000000000.0
5300	233.90000000000001	-0.4	5050000000000.0
5300	233.90000000000001	-0.35	4800000000000.0
5300	233.90000000000001	-0.3	4570000000000.0
5300	233.90000000000001	-0.25	4330000000000.0
5300	233.90000000000001	-0.2	4100000000000.0
5300	233.90000000000001	-0.15	3870000000000.0
5300	233.90000000000001	-0.1	3650000000000.0
5300	233.90000000000001	-0.05	3440000000000.0
5300	233.90000000000001	0.0	3220000000000.0
5300	233.90000000000001	0.05	3020000000000.0
5300	233.90000000000001	0.1	2830000000000.0
5300	233.90000000000001	0.15	2640000000000.0
5300	233.90000000000001	0.2	2460000000000.0
5300	233.90000000000001	0.25	2290000000000.0
5300	233.90000000000001	0.3	2130000000000.0
5300	233.90000000000001	0.35	1970000000000.0
5300	233.90000000000001	0.4	1820000000000.0
5300	233.90000000000001	0.45	1670000000000.0
5300	233.90000000000001	0.5	1540000000000.0
5300	233.90000000000001	0.6	1280000000000.0
5300	233.90000000000001	0.7	1050000000000.0
5300	233.90000000000001	0.8	855000000000.0
5300	233.90000000000001	0.9	684000000000.0
5300	236.69999999999999	-1.0	10800000000000.0
5300	236.69999999999999	-0.95	10300000000000.0
5300	236.69999999999999	-0.9	9930000000000.0
5300	236.69999999999999	-0.85	9550000000000.0
5300	236.69999999999999	-0.8	9140000000000.0
5300	236.69999999999999	-0.75	8700000000000.0
5300	236.69999999999999	-0.7	8280000000000.0
5300	236.69999999999999	-0.65	7890000000000.0
5300	236.69999999999999	-0.6	7490000000000.0
5300	236.69999999999999	-0.55	7100000000000.0
5300	236.69999999999999	-0.5	6730000000000.0
5300	236.69999999999999	-0.45	6400000000000.0
5300	236.69999999999999	-0.4	6050000000000.0
5300	236.69999999999999	-0.35	5690000000000.0
5300	236.69999999999999	-0.3	5360000000000.0
5300	236.69999999999999	-0.25	5040000000000.0
5300	236.69999999999999	-0.2	4730000000000.0
5300	236.69999999999999	-0.15	4430000000000.0
5300	236.69999999999999	-0.1	4140000000000.0
5300	236.69999999999999	-0.05	3870000000000.0
5300	236.69999999999999	0.0	3600000000000.0
5300	236.69999999999999	0.05	3350000000000.0
5300	236.69999999999999	0.1	3120000000000.0
5300	236.69999999999999	0.15	2890000000000.0
5300	236.69999999999999	0.2	2680000000000.0
5300	236.69999999999999	0.25	2480000000000.0
5300	236.69999999999999	0.3	2290000000000.0
5300	236.69999999999999	0.35	2110000000000.0
5300	236.69999999999999	0.4	1940000000000.0
5300	236.69999999999999	0.45	1770000000000.0
5300	236.69999999999999	0.5	1620000000000.0
5300	236.69999999999999	0.6	1330000000000.0
5300	236.69999999999999	0.7	1080000000000.0
5300	236.69999999999999	0.8	866000000000.0
5300	236.69999999999999	0.9	687000000000.0
5300	239.5	-1.0	15800000000000.0
5300	239.5	-0.95	14800000000000.0
5300	239.5	-0.9	13800000000000.0
5300	239.5	-0.85	12900000000000.0
5300	239.5	-0.8	12000000000000.0
5300	239.5	-0.75	11200000000000.0
5300	239.5	-0.7	10400000000000.0
5300	239.5	-0.65	9660000000000.0
5300	239.5	-0.6	8990000000000.0
5300	239.5	-0.55	8350000000000.0
5300	239.5	-0.5	7770000000000.0
5300	239.5	-0.45	7270000000000.0
5300	239.5	-0.4	6770000000000.0
5300	239.5	-0.35	6290000000000.0
5300	239.5	-0.3	5870000000000.0
5300	239.5	-0.25	5480000000000.0
5300	239.5	-0.2	5100000000000.0
5300	239.5	-0.15	4760000000000.0
5300	239.5	-0.1	4440000000000.0
5300	239.5	-0.05	4150000000000.0
5300	239.5	0.0	3870000000000.0
5300	239.5	0.05	3610000000000.0
5300	239.5	0.1	3370000000000.0
5300	239.5	0.15	3150000000000.0
5300	239.5	0.2	2930000000000.0
5300	239.5	0.25	2730000000000.0
5300	239.5	0.3	2550000000000.0
5300	239.5	0.35	2370000000000.0
5300	239.5	0.4	2200000000000.0
5300	239.5	0.45	2030000000000.0
5300	239.5	0.5	1880000000000.0
5300	239.5	0.6	1590000000000.0
5300	239.5	0.7	1340000000000.0
5300	239.5	0.8	1110000000000.0
5300	239.5	0.9	913000000000.0
5300	242.40000000000001	-1.0	21400000000000.0
5300	242.40000000000001	-0.95	20500000000000.0
5300	242.40000000000001	-0.9	19500000000000.0
5300	242.40000000000001	-0.85	18600000000000.0
5300	242.40000000000001	-0.8	17700000000000.0
5300	242.40000000000001	-0.75	16700000000000.0
5300	242.40000000000001	-0.7	15700000000000.0
5300	242.40000000000001	-0.65	14800000000000.0
5300	242.40000000000001	-0.6	13900000000000.0
5300	242.40000000000001	-0.55	13000000000000.0
5300	242.40000000000001	-0.5	12100000000000.0
5300	242.40000000000001	-0.45	11300000000000.0
5300	242.40000000000001	-0.4	10600000000000.0
5300	242.40000000000001	-0.35	9770000000000.0
5300	242.40000000000001	-0.3	9060000000000.0
5300	242.40000000000001	-0.25	8380000000000.0
5300	242.40000000000001	-0.2	7730000000000.0
5300	242.40000000000001	-0.15	7130000000000.0
5300	242.40000000000001	-0.1	6570000000000.0
5300	242.40000000000001	-0.05	6050000000000.0
5300	242.40000000000001	0.0	5570000000000.0
5300	242.40000000000001	0.05	5130000000000.0
5300	242.40000000000001	0.1	4720000000000.0
5300	242.40000000000001	0.15	4350000000000.0
5300	242.40000000000001	0.2	4010000000000.0
5300	242.40000000000001	0.25	3700000000000.0
5300	242.40000000000001	0.3	3420000000000.0
5300	242.40000000000001	0.35	3150000000000.0
5300	242.40000000000001	0.4	2900000000000.0
5300	242.40000000000001	0.45	2660000000000.0
5300	242.40000000000001	0.5	2450000000000.0
5300	242.40000000000001	0.6	2050000000000.0
5300	242.40000000000001	0.7	1710000000000.0
5300	242.40000000000001	0.8	1410000000000.0
5300	242.40000000000001	0.9	1150000000000.0
5300	245.40000000000001	-1.0	10300000000000.0
5300	245.40000000000001	-0.95	10100000000000.0
5300	245.40000000000001	-0.9	9880000000000.0
5300	245.40000000000001	-0.85	9670000000000.0
5300	245.40000000000001	-0.8	9480000000000.0
5300	245.40000000000001	-0.75	9280000000000.0
5300	245.40000000000001	-0.7	9070000000000.0
5300	245.40000000000001	-0.65	8860000000000.0
5300	245.40000000000001	-0.6	8640000000000.0
5300	245.40000000000001	-0.55	8410000000000.0
5300	245.40000000000001	-0.5	8190000000000.0
5300	245.40000000000001	-0.45	7980000000000.0
5300	245.40000000000001	-0.4	7760000000000.0
5300	245.40000000000001	-0.35	7510000000000.0
5300	245.40000000000001	-0.3	7270000000000.0
5300	245.40000000000001	-0.25	7030000000000.0
5300	245.40000000000001	-0.2	6770000000000.0
5300	245.40000000000001	-0.15	6520000000000.0
5300	245.40000000000001	-0.1	6260000000000.0
5300	245.40000000000001	-0.05	5990000000000.0
5300	245.40000000000001	0.0	5720000000000.0
5300	245.40000000000001	0.05	5460000000000.0
5300	245.40000000000001	0.1	5200000000000.0
5300	245.40000000000001	0.15	4940000000000.0
5300	245.40000000000001	0.2	4680000000000.0
5300	245.40000000000001	0.25	4430000000000.0
5300	245.40000000000001	0.3	4180000000000.0
5300	245.40000000000001	0.35	3930000000000.0
5300	245.40000000000001	0.4	3690000000000.0
5300	245.40000000000001	0.45	3450000000000.0
5300	245.40000000000001	0.5	3220000000000.0
5300	245.40000000000001	0.6	2770000000000.0
5300	245.40000000000001	0.7	2360000000000.0
5300	245.40000000000001	0.8	1990000000000.0
5300	245.40000000000001	0.9	1660000000000.0
5300	248.40000000000001	-1.0	10200000000000.0
5300	248.40000000000001	-0.95	9950000000000.0
5300	248.40000000000001	-0.9	9650000000000.0
5300	248.40000000000001	-0.85	9310000000000.0
5300	248.40000000000001	-0.8	9010000000000.0
5300	248.40000000000001	-0.75	8760000000000.0
5300	248.40000000000001	-0.7	8440000000000.0
5300	248.40000000000001	-0.65	8150000000000.0
5300	248.40000000000001	-0.6	7850000000000.0
5300	248.40000000000001	-0.55	7550000000000.0
5300	248.40000000000001	-0.5	7260000000000.0
5300	248.40000000000001	-0.45	6990000000000.0
5300	248.40000000000001	-0.4	6710000000000.0
5300	248.40000000000001	-0.35	6410000000000.0
5300	248.40000000000001	-0.3	6130000000000.0
5300	248.40000000000001	-0.25	5850000000000.0
5300	248.40000000000001	-0.2	5570000000000.0
5300	248.40000000000001	-0.15	5300000000000.0
5300	248.40000000000001	-0.1	5030000000000.0
5300	248.40000000000001	-0.05	4760000000000.0
5300	248.40000000000001	0.0	4500000000000.0
5300	248.40000000000001	0.05	4240000000000.0
5300	248.40000000000001	0.1	4000000000000.0
5300	248.40000000000001	0.15	3750000000000.0
5300	248.40000000000001	0.2	3520000000000.0
5300	248.40000000000001	0.25	3300000000000.0
5300	248.40000000000001	0.3	3090000000000.0
5300	248.40000000000001	0.35	2880000000000.0
5300	248.40000000000001	0.4	2690000000000.0
5300	248.40000000000001	0.45	2490000000000.0
5300	248.40000000000001	0.5	2310000000000.0
5300	248.40000000000001	0.6	1970000000000.0
5300	248.40000000000001	0.7	1660000000000.0
5300	248.40000000000001	0.8	1390000000000.0
5300	248.40000000000001	0.9	1160000000000.0
5300	251.59999999999999	-1.0	9600000000000.0
5300	251.59999999999999	-0.95	9380000000000.0
5300	251.59999999999999	-0.9	9160000000000.0
5300	251.59999999999999	-0.85	8920000000000.0
5300	251.59999999999999	-0.8	8720000000000.0
5300	251.59999999999999	-0.75	8480000000000.0
5300	251.59999999999999	-0.7	8240000000000.0
5300	251.59999999999999	-0.65	8020000000000.0
5300	251.59999999999999	-0.6	7780000000000.0
5300	251.59999999999999	-0.55	7540000000000.0
5300	251.59999999999999	-0.5	7310000000000.0
5300	251.59999999999999	-0.45	7090000000000.0
5300	251.59999999999999	-0.4	6860000000000.0
5300	251.59999999999999	-0.35	6620000000000.0
5300	251.59999999999999	-0.3	6390000000000.0
5300	251.59999999999999	-0.25	6150000000000.0
5300	251.59999999999999	-0.2	5910000000000.0
5300	251.59999999999999	-0.15	5680000000000.0
5300	251.59999999999999	-0.1	5440000000000.0
5300	251.59999999999999	-0.05	5200000000000.0
5300	251.59999999999999	0.0	4970000000000.0
5300	251.59999999999999	0.05	4730000000000.0
5300	251.59999999999999	0.1	4510000000000.0
5300	251.59999999999999	0.15	4280000000000.0
5300	251.59999999999999	0.2	4060000000000.0
5300	251.59999999999999	0.25	3830000000000.0
5300	251.59999999999999	0.3	3630000000000.0
5300	251.59999999999999	0.35	3420000000000.0
5300	251.59999999999999	0.4	3220000000000.0
5300	251.59999999999999	0.45	3010000000000.0
5300	251.59999999999999	0.5	2820000000000.0
5300	251.59999999999999	0.6	2440000000000.0
5300	251.59999999999999	0.7	2090000000000.0
5300	251.59999999999999	0.8	1770000000000.0
5300	251.59999999999999	0.9	1490000000000.0
5300	254.80000000000001	-1.0	17400000000000.0
5300	254.80000000000001	-0.95	16900000000000.0
5300	254.80000000000001	-0.9	16400000000000.0
5300	254.80000000000001	-0.85	15900000000000.0
5300	254.80000000000001	-0.8	15400000000000.0
5300	254.80000000000001	-0.75	14900000000000.0
5300	254.80000000000001	-0.7	14400000000000.0
5300	254.80000000000001	-0.65	13900000000000.0
5300	254.80000000000001	-0.6	13500000000000.0
5300	254.80000000000001	-0.55	13000000000000.0
5300	254.80000000000001	-0.5	12600000000000.0
5300	254.80000000000001	-0.45	12200000000000.0
5300	254.80000000000001	-0.4	11700000000000.0
5300	254.80000000000001	-0.35	11300000000000.0
5300	254.80000000000001	-0.3	10900000000000.0
5300	254.80000000000001	-0.25	10500000000000.0
5300	254.80000000000001	-0.2	10100000000000.0
5300	254.80000000000001	-0.15	9670000000000.0
5300	254.80000000000001	-0.1	9270000000000.0
5300	254.80000000000001	-0.05	8880000000000.0
5300	254.80000000000001	0.0	8490000000000.0
5300	254.80000000000001	0.05	8110000000000.0
5300	254.80000000000001	0.1	7740000000000.0
5300	254.80000000000001	0.15	7380000000000.0
5300	254.80000000000001	0.2	7020000000000.0
5300	254.80000000000001	0.25	6670000000000.0
5300	254.80000000000001	0.3	6340000000000.0
5300	254.80000000000001	0.35	6000000000000.0
5300	254.80000000000001	0.4	5680000000000.0
5300	254.80000000000001	0.45	5360000000000.0
5300	254.80000000000001	0.5	5050000000000.0
5300	254.80000000000001	0.6	4450000000000.0
5300	254.80000000000001	0.7	3900000000000.0
5300	254.80000000000001	0.8	3390000000000.0
5300	254.80000000000001	0.9	2930000000000.0
5300	258.10000000000002	-1.0	42000000000000.0
5300	258.10000000000002	-0.95	40800000000000.0
5300	258.10000000000002	-0.9	39500000000000.0
5300	258.10000000000002	-0.85	38300000000000.0
5300	258.10000000000002	-0.8	37000000000000.0
5300	258.10000000000002	-0.75	35800000000000.0
5300	258.10000000000002	-0.7	34500000000000.0
5300	258.10000000000002	-0.65	33300000000000.0
5300	258.10000000000002	-0.6	32100000000000.0
5300	258.10000000000002	-0.55	30900000000000.0
5300	258.10000000000002	-0.5	29700000000000.0
5300	258.10000000000002	-0.45	28600000000000.0
5300	258.10000000000002	-0.4	27500000000000.0
5300	258.10000000000002	-0.35	26300000000000.0
5300	258.10000000000002	-0.3	25200000000000.0
5300	258.10000000000002	-0.25	24100000000000.0
5300	258.10000000000002	-0.2	23000000000000.0
5300	258.10000000000002	-0.15	21900000000000.0
5300	258.10000000000002	-0.1	20900000000000.0
5300	258.10000000000002	-0.05	19800000000000.0
5300	258.10000000000002	0.0	18800000000000.0
5300	258.10000000000002	0.05	17800000000000.0
5300	258.10000000000002	0.1	16800000000000.0
5300	258.10000000000002	0.15	15900000000000.0
5300	258.10000000000002	0.2	14900000000000.0
5300	258.10000000000002	0.25	14000000000000.0
5300	258.10000000000002	0.3	13100000000000.0
5300	258.10000000000002	0.35	12300000000000.0
5300	258.10000000000002	0.4	11400000000000.0
5300	258.10000000000002	0.45	10600000000000.0
5300	258.10000000000002	0.5	9850000000000.0
5300	258.10000000000002	0.6	8390000000000.0
5300	258.10000000000002	0.7	7080000000000.0
5300	258.10000000000002	0.8	5910000000000.0
5300	258.10000000000002	0.9	4890000000000.0
5300	261.39999999999998	-1.0	28100000000000.0
5300	261.39999999999998	-0.95	27400000000000.0
5300	261.39999999999998	-0.9	26700000000000.0
5300	261.39999999999998	-0.85	26000000000000.0
5300	261.39999999999998	-0.8	25300000000000.0
5300	261.39999999999998	-0.75	24700000000000.0
5300	261.39999999999998	-0.7	24000000000000.0
5300	261.39999999999998	-0.65	23400000000000.0
5300	261.39999999999998	-0.6	22800000000000.0
5300	261.39999999999998	-0.55	22200000000000.0
5300	261.39999999999998	-0.5	21600000000000.0
5300	261.39999999999998	-0.45	21100000000000.0
5300	261.39999999999998	-0.4	20500000000000.0
5300	261.39999999999998	-0.35	19900000000000.0
5300	261.39999999999998	-0.3	19400000000000.0
5300	261.39999999999998	-0.25	18800000000000.0
5300	261.39999999999998	-0.2	18200000000000.0
5300	261.39999999999998	-0.15	17700000000000.0
5300	261.39999999999998	-0.1	17100000000000.0
5300	261.39999999999998	-0.05	16600000000000.0
5300	261.39999999999998	0.0	16000000000000.0
5300	261.39999999999998	0.05	15500000000000.0
5300	261.39999999999998	0.1	14900000000000.0
5300	261.39999999999998	0.15	14400000000000.0
5300	261.39999999999998	0.2	13800000000000.0
5300	261.39999999999998	0.25	13300000000000.0
5300	261.39999999999998	0.3	12700000000000.0
5300	261.39999999999998	0.35	12200000000000.0
5300	261.39999999999998	0.4	11600000000000.0
5300	261.39999999999998	0.45	11100000000000.0
5300	261.39999999999998	0.5	10500000000000.0
5300	261.39999999999998	0.6	9410000000000.0
5300	261.39999999999998	0.7	8340000000000.0
5300	261.39999999999998	0.8	7320000000000.0
5300	261.39999999999998	0.9	6340000000000.0
5300	264.89999999999998	-1.0	78900000000000.0
5300	264.89999999999998	-0.95	77600000000000.0
5300	264.89999999999998	-0.9	76300000000000.0
5300	264.89999999999998	-0.85	74900000000000.0
5300	264.89999999999998	-0.8	73300000000000.0
5300	264.89999999999998	-0.75	72100000000000.0
5300	264.89999999999998	-0.7	70600000000000.0
5300	264.89999999999998	-0.65	69000000000000.0
5300	264.89999999999998	-0.6	67500000000000.0
5300	264.89999999999998	-0.55	65900000000000.0
5300	264.89999999999998	-0.5	64300000000000.0
5300	264.89999999999998	-0.45	62800000000000.0
5300	264.89999999999998	-0.4	61100000000000.0
5300	264.89999999999998	-0.35	59300000000000.0
5300	264.89999999999998	-0.3	57700000000000.0
5300	264.89999999999998	-0.25	56000000000000.0
5300	264.89999999999998	-0.2	54200000000000.0
5300	264.89999999999998	-0.15	52400000000000.0
5300	264.89999999999998	-0.1	50600000000000.0
5300	264.89999999999998	-0.05	48700000000000.0
5300	264.89999999999998	0.0	46900000000000.0
5300	264.89999999999998	0.05	45000000000000.0
5300	264.89999999999998	0.1	43200000000000.0
5300	264.89999999999998	0.15	41300000000000.0
5300	264.89999999999998	0.2	39500000000000.0
5300	264.89999999999998	0.25	37700000000000.0
5300	264.89999999999998	0.3	35800000000000.0
5300	264.89999999999998	0.35	34000000000000.0
5300	264.89999999999998	0.4	32200000000000.0
5300	264.89999999999998	0.45	30400000000000.0
5300	264.89999999999998	0.5	28600000000000.0
5300	264.89999999999998	0.6	25100000000000.0
5300	264.89999999999998	0.7	21800000000000.0
5300	264.89999999999998	0.8	18700000000000.0
5300	264.89999999999998	0.9	15900000000000.0
5300	268.5	-1.0	81400000000000.0
5300	268.5	-0.95	80000000000000.0
5300	268.5	-0.9	78400000000000.0
5300	268.5	-0.85	76700000000000.0
5300	268.5	-0.8	75500000000000.0
5300	268.5	-0.75	73600000000000.0
5300	268.5	-0.7	71900000000000.0
5300	268.5	-0.65	70200000000000.0
5300	268.5	-0.6	68500000000000.0
5300	268.5	-0.55	66700000000000.0
5300	268.5	-0.5	64900000000000.0
5300	268.5	-0.45	63300000000000.0
5300	268.5	-0.4	61500000000000.0
5300	268.5	-0.35	59500000000000.0
5300	268.5	-0.3	57700000000000.0
5300	268.5	-0.25	55900000000000.0
5300	268.5	-0.2	53900000000000.0
5300	268.5	-0.15	52000000000000.0
5300	268.5	-0.1	50100000000000.0
5300	268.5	-0.05	48200000000000.0
5300	268.5	0.0	46200000000000.0
5300	268.5	0.05	44200000000000.0
5300	268.5	0.1	42300000000000.0
5300	268.5	0.15	40400000000000.0
5300	268.5	0.2	38500000000000.0
5300	268.5	0.25	36600000000000.0
5300	268.5	0.3	34800000000000.0
5300	268.5	0.35	32900000000000.0
5300	268.5	0.4	31100000000000.0
5300	268.5	0.45	29300000000000.0
5300	268.5	0.5	27500000000000.0
5300	268.5	0.6	24100000000000.0
5300	268.5	0.7	20900000000000.0
5300	268.5	0.8	17900000000000.0
5300	268.5	0.9	15200000000000.0
5300	272.10000000000002	-1.0	78100000000000.0
5300	272.10000000000002	-0.95	76000000000000.0
5300	272.10000000000002	-0.9	73900000000000.0
5300	272.10000000000002	-0.85	72000000000000.0
5300	272.10000000000002	-0.8	69900000000000.0
5300	272.10000000000002	-0.75	67800000000000.0
5300	272.10000000000002	-0.7	65700000000000.0
5300	272.10000000000002	-0.65	63600000000000.0
5300	272.10000000000002	-0.6	61600000000000.0
5300	272.10000000000002	-0.55	59600000000000.0
5300	272.10000000000002	-0.5	57600000000000.0
5300	272.10000000000002	-0.45	55800000000000.0
5300	272.10000000000002	-0.4	53800000000000.0
5300	272.10000000000002	-0.35	51800000000000.0
5300	272.10000000000002	-0.3	50000000000000.0
5300	272.10000000000002	-0.25	48100000000000.0
5300	272.10000000000002	-0.2	46200000000000.0
5300	272.10000000000002	-0.15	44400000000000.0
5300	272.10000000000002	-0.1	42500000000000.0
5300	272.10000000000002	-0.05	40700000000000.0
5300	272.10000000000002	0.0	38900000000000.0
5300	272.10000000000002	0.05	37200000000000.0
5300	272.10000000000002	0.1	35500000000000.0
5300	272.10000000000002	0.15	33800000000000.0
5300	272.10000000000002	0.2	32200000000000.0
5300	272.10000000000002	0.25	30500000000000.0
5300	272.10000000000002	0.3	29000000000000.0
5300	272.10000000000002	0.35	27400000000000.0
5300	272.10000000000002	0.4	25900000000000.0
5300	272.10000000000002	0.45	24400000000000.0
5300	272.10000000000002	0.5	23000000000000.0
5300	272.10000000000002	0.6	20200000000000.0
5300	272.10000000000002	0.7	17600000000000.0
5300	272.10000000000002	0.8	15200000000000.0
5300	272.10000000000002	0.9	13100000000000.0
5300	275.89999999999998	-1.0	101000000000000.0
5300	275.89999999999998	-0.95	97800000000000.0
5300	275.89999999999998	-0.9	94800000000000.0
5300	275.89999999999998	-0.85	91900000000000.0
5300	275.89999999999998	-0.8	89200000000000.0
5300	275.89999999999998	-0.75	86000000000000.0
5300	275.89999999999998	-0.7	83100000000000.0
5300	275.89999999999998	-0.65	80300000000000.0
5300	275.89999999999998	-0.6	77500000000000.0
5300	275.89999999999998	-0.55	74700000000000.0
5300	275.89999999999998	-0.5	72100000000000.0
5300	275.89999999999998	-0.45	69600000000000.0
5300	275.89999999999998	-0.4	67000000000000.0
5300	275.89999999999998	-0.35	64400000000000.0
5300	275.89999999999998	-0.3	62100000000000.0
5300	275.89999999999998	-0.25	59700000000000.0
5300	275.89999999999998	-0.2	57300000000000.0
5300	275.89999999999998	-0.15	55000000000000.0
5300	275.89999999999998	-0.1	52700000000000.0
5300	275.89999999999998	-0.05	50500000000000.0
5300	275.89999999999998	0.0	48300000000000.0
5300	275.89999999999998	0.05	46200000000000.0
5300	275.89999999999998	0.1	44200000000000.0
5300	275.89999999999998	0.15	42200000000000.0
5300	275.89999999999998	0.2	40300000000000.0
5300	275.89999999999998	0.25	38400000000000.0
5300	275.89999999999998	0.3	36600000000000.0
5300	275.89999999999998	0.35	34800000000000.0
5300	275.89999999999998	0.4	33000000000000.0
5300	275.89999999999998	0.45	31300000000000.0
5300	275.89999999999998	0.5	29600000000000.0
5300	275.89999999999998	0.6	26400000000000.0
5300	275.89999999999998	0.7	23400000000000.0
5300	275.89999999999998	0.8	20700000000000.0
5300	275.89999999999998	0.9	18100000000000.0
5300	279.69999999999999	-1.0	23000000000000.0
5300	279.69999999999999	-0.95	22700000000000.0
5300	279.69999999999999	-0.9	22400000000000.0
5300	279.69999999999999	-0.85	22100000000000.0
5300	279.69999999999999	-0.8	21800000000000.0
5300	279.69999999999999	-0.75	21500000000000.0
5300	279.69999999999999	-0.7	21200000000000.0
5300	279.69999999999999	-0.65	20900000000000.0
5300	279.69999999999999	-0.6	20600000000000.0
5300	279.69999999999999	-0.55	20200000000000.0
5300	279.69999999999999	-0.5	19900000000000.0
5300	279.69999999999999	-0.45	19600000000000.0
5300	279.69999999999999	-0.4	19300000000000.0
5300	279.69999999999999	-0.35	19000000000000.0
5300	279.69999999999999	-0.3	18700000000000.0
5300	279.69999999999999	-0.25	18400000000000.0
5300	279.69999999999999	-0.2	18000000000000.0
5300	279.69999999999999	-0.15	17700000000000.0
5300	279.69999999999999	-0.1	17300000000000.0
5300	279.69999999999999	-0.05	17000000000000.0
5300	279.69999999999999	0.0	16700000000000.0
5300	279.69999999999999	0.05	16300000000000.0
5300	279.69999999999999	0.1	16000000000000.0
5300	279.69999999999999	0.15	15700000000000.0
5300	279.69999999999999	0.2	15400000000000.0
5300	279.69999999999999	0.25	15000000000000.0
5300	279.69999999999999	0.3	14700000000000.0
5300	279.69999999999999	0.35	14300000000000.0
5300	279.69999999999999	0.4	14000000000000.0
5300	279.69999999999999	0.45	13600000000000.0
5300	279.69999999999999	0.5	13200000000000.0
5300	279.69999999999999	0.6	12500000000000.0
5300	279.69999999999999	0.7	11700000000000.0
5300	279.69999999999999	0.8	10900000000000.0
5300	279.69999999999999	0.9	10100000000000.0
5300	283.69999999999999	-1.0	136000000000000.0
5300	283.69999999999999	-0.95	131000000000000.0
5300	283.69999999999999	-0.9	125000000000000.0
5300	283.69999999999999	-0.85	120000000000000.0
5300	283.69999999999999	-0.8	115000000000000.0
5300	283.69999999999999	-0.75	111000000000000.0
5300	283.69999999999999	-0.7	106000000000000.0
5300	283.69999999999999	-0.65	101000000000000.0
5300	283.69999999999999	-0.6	96900000000000.0
5300	283.69999999999999	-0.55	92500000000000.0
5300	283.69999999999999	-0.5	88300000000000.0
5300	283.69999999999999	-0.45	84500000000000.0
5300	283.69999999999999	-0.4	80600000000000.0
5300	283.69999999999999	-0.35	76700000000000.0
5300	283.69999999999999	-0.3	73100000000000.0
5300	283.69999999999999	-0.25	69600000000000.0
5300	283.69999999999999	-0.2	66200000000000.0
5300	283.69999999999999	-0.15	62900000000000.0
5300	283.69999999999999	-0.1	59800000000000.0
5300	283.69999999999999	-0.05	56800000000000.0
5300	283.69999999999999	0.0	53800000000000.0
5300	283.69999999999999	0.05	51000000000000.0
5300	283.69999999999999	0.1	48400000000000.0
5300	283.69999999999999	0.15	45900000000000.0
5300	283.69999999999999	0.2	43500000000000.0
5300	283.69999999999999	0.25	41200000000000.0
5300	283.69999999999999	0.3	39000000000000.0
5300	283.69999999999999	0.35	36900000000000.0
5300	283.69999999999999	0.4	34800000000000.0
5300	283.69999999999999	0.45	32900000000000.0
5300	283.69999999999999	0.5	31000000000000.0
5300	283.69999999999999	0.6	27400000000000.0
5300	283.69999999999999	0.7	24300000000000.0
5300	283.69999999999999	0.8	21400000000000.0
5300	283.69999999999999	0.9	18700000000000.0
5300	287.80000000000001	-1.0	118000000000000.0
5300	287.80000000000001	-0.95	115000000000000.0
5300	287.80000000000001	-0.9	113000000000000.0
5300	287.80000000000001	-0.85	110000000000000.0
5300	287.80000000000001	-0.8	107000000000000.0
5300	287.80000000000001	-0.75	105000000000000.0
5300	287.80000000000001	-0.7	102000000000000.0
5300	287.80000000000001	-0.65	99500000000000.0
5300	287.80000000000001	-0.6	96900000000000.0
5300	287.80000000000001	-0.55	94200000000000.0
5300	287.80000000000001	-0.5	91700000000000.0
5300	287.80000000000001	-0.45	89500000000000.0
5300	287.80000000000001	-0.4	87000000000000.0
5300	287.80000000000001	-0.35	84400000000000.0
5300	287.80000000000001	-0.3	82100000000000.0
5300	287.80000000000001	-0.25	79700000000000.0
5300	287.80000000000001	-0.2	77300000000000.0
5300	287.80000000000001	-0.15	74900000000000.0
5300	287.80000000000001	-0.1	72500000000000.0
5300	287.80000000000001	-0.05	70200000000000.0
5300	287.80000000000001	0.0	67800000000000.0
5300	287.80000000000001	0.05	65500000000000.0
5300	287.80000000000001	0.1	63300000000000.0
5300	287.80000000000001	0.15	61000000000000.0
5300	287.80000000000001	0.2	58800000000000.0
5300	287.80000000000001	0.25	56600000000000.0
5300	287.80000000000001	0.3	54500000000000.0
5300	287.80000000000001	0.35	52300000000000.0
5300	287.80000000000001	0.4	50200000000000.0
5300	287.80000000000001	0.45	48000000000000.0
5300	287.80000000000001	0.5	45900000000000.0
5300	287.80000000000001	0.6	41700000000000.0
5300	287.80000000000001	0.7	37700000000000.0
5300	287.80000000000001	0.8	33900000000000.0
5300	287.80000000000001	0.9	30200000000000.0
5300	292	-1.0	255000000000000.0
5300	292	-0.95	252000000000000.0
5300	292	-0.9	249000000000000.0
5300	292	-0.85	246000000000000.0
5300	292	-0.8	242000000000000.0
5300	292	-0.75	239000000000000.0
5300	292	-0.7	236000000000000.0
5300	292	-0.65	232000000000000.0
5300	292	-0.6	228000000000000.0
5300	292	-0.55	224000000000000.0
5300	292	-0.5	220000000000000.0
5300	292	-0.45	216000000000000.0
5300	292	-0.4	212000000000000.0
5300	292	-0.35	208000000000000.0
5300	292	-0.3	203000000000000.0
5300	292	-0.25	199000000000000.0
5300	292	-0.2	194000000000000.0
5300	292	-0.15	189000000000000.0
5300	292	-0.1	185000000000000.0
5300	292	-0.05	180000000000000.0
5300	292	0.0	174000000000000.0
5300	292	0.05	169000000000000.0
5300	292	0.1	164000000000000.0
5300	292	0.15	159000000000000.0
5300	292	0.2	153000000000000.0
5300	292	0.25	148000000000000.0
5300	292	0.3	143000000000000.0
5300	292	0.35	137000000000000.0
5300	292	0.4	132000000000000.0
5300	292	0.45	126000000000000.0
5300	292	0.5	120000000000000.0
5300	292	0.6	109000000000000.0
5300	292	0.7	98500000000000.0
5300	292	0.8	87900000000000.0
5300	292	0.9	77800000000000.0
5300	296.30000000000001	-1.0	230000000000000.0
5300	296.30000000000001	-0.95	227000000000000.0
5300	296.30000000000001	-0.9	223000000000000.0
5300	296.30000000000001	-0.85	219000000000000.0
5300	296.30000000000001	-0.8	215000000000000.0
5300	296.30000000000001	-0.75	211000000000000.0
5300	296.30000000000001	-0.7	207000000000000.0
5300	296.30000000000001	-0.65	204000000000000.0
5300	296.30000000000001	-0.6	199000000000000.0
5300	296.30000000000001	-0.55	195000000000000.0
5300	296.30000000000001	-0.5	191000000000000.0
5300	296.30000000000001	-0.45	187000000000000.0
5300	296.30000000000001	-0.4	183000000000000.0
5300	296.30000000000001	-0.35	179000000000000.0
5300	296.30000000000001	-0.3	175000000000000.0
5300	296.30000000000001	-0.25	171000000000000.0
5300	296.30000000000001	-0.2	166000000000000.0
5300	296.30000000000001	-0.15	162000000000000.0
5300	296.30000000000001	-0.1	158000000000000.0
5300	296.30000000000001	-0.05	153000000000000.0
5300	296.30000000000001	0.0	149000000000000.0
5300	296.30000000000001	0.05	144000000000000.0
5300	296.30000000000001	0.1	140000000000000.0
5300	296.30000000000001	0.15	136000000000000.0
5300	296.30000000000001	0.2	131000000000000.0
5300	296.30000000000001	0.25	127000000000000.0
5300	296.30000000000001	0.3	123000000000000.0
5300	296.30000000000001	0.35	118000000000000.0
5300	296.30000000000001	0.4	114000000000000.0
5300	296.30000000000001	0.45	109000000000000.0
5300	296.30000000000001	0.5	105000000000000.0
5300	296.30000000000001	0.6	95800000000000.0
5300	296.30000000000001	0.7	87200000000000.0
5300	296.30000000000001	0.8	78700000000000.0
5300	296.30000000000001	0.9	70500000000000.0
5300	299	-1.0	47400000000000.0
5300	299	-0.95	46800000000000.0
5300	299	-0.9	46100000000000.0
5300	299	-0.85	45300000000000.0
5300	299	-0.8	44600000000000.0
5300	299	-0.75	44000000000000.0
5300	299	-0.7	43200000000000.0
5300	299	-0.65	42500000000000.0
5300	299	-0.6	41800000000000.0
5300	299	-0.55	41000000000000.0
5300	299	-0.5	40300000000000.0
5300	299	-0.45	39600000000000.0
5300	299	-0.4	38800000000000.0
5300	299	-0.35	38000000000000.0
5300	299	-0.3	37300000000000.0
5300	299	-0.25	36500000000000.0
5300	299	-0.2	35700000000000.0
5300	299	-0.15	34900000000000.0
5300	299	-0.1	34100000000000.0
5300	299	-0.05	33300000000000.0
5300	299	0.0	32500000000000.0
5300	299	0.05	31600000000000.0
5300	299	0.1	30800000000000.0
5300	299	0.15	30000000000000.0
5300	299	0.2	29100000000000.0
5300	299	0.25	28300000000000.0
5300	299	0.3	27400000000000.0
5300	299	0.35	26600000000000.0
5300	299	0.4	25700000000000.0
5300	299	0.45	24800000000000.0
5300	299	0.5	23900000000000.0
5300	299	0.6	22100000000000.0
5300	299	0.7	20300000000000.0
5300	299	0.8	18600000000000.0
5300	299	0.9	16800000000000.0
5300	300	-1.0	43000000000000.0
5300	300	-0.95	42200000000000.0
5300	300	-0.9	41300000000000.0
5300	300	-0.85	40500000000000.0
5300	300	-0.8	39600000000000.0
5300	300	-0.75	38700000000000.0
5300	300	-0.7	37800000000000.0
5300	300	-0.65	36900000000000.0
5300	300	-0.6	36100000000000.0
5300	300	-0.55	35200000000000.0
5300	300	-0.5	34400000000000.0
5300	300	-0.45	33600000000000.0
5300	300	-0.4	32800000000000.0
5300	300	-0.35	31900000000000.0
5300	300	-0.3	31100000000000.0
5300	300	-0.25	30200000000000.0
5300	300	-0.2	29400000000000.0
5300	300	-0.15	28600000000000.0
5300	300	-0.1	27700000000000.0
5300	300	-0.05	26900000000000.0
5300	300	0.0	26000000000000.0
5300	300	0.05	25200000000000.0
5300	300	0.1	24300000000000.0
5300	300	0.15	23500000000000.0
5300	300	0.2	22700000000000.0
5300	300	0.25	21800000000000.0
5300	300	0.3	21000000000000.0
5300	300	0.35	20200000000000.0
5300	300	0.4	19300000000000.0
5300	300	0.45	18500000000000.0
5300	300	0.5	17600000000000.0
5300	300	0.6	16000000000000.0
5300	300	0.7	14400000000000.0
5300	300	0.8	12900000000000.0
5300	300	0.9	11400000000000.0
5300	301	-1.0	45100000000000.0
5300	301	-0.95	44500000000000.0
5300	301	-0.9	43900000000000.0
5300	301	-0.85	43200000000000.0
5300	301	-0.8	42600000000000.0
5300	301	-0.75	42000000000000.0
5300	301	-0.7	41300000000000.0
5300	301	-0.65	40700000000000.0
5300	301	-0.6	40000000000000.0
5300	301	-0.55	39300000000000.0
5300	301	-0.5	38600000000000.0
5300	301	-0.45	38000000000000.0
5300	301	-0.4	37300000000000.0
5300	301	-0.35	36500000000000.0
5300	301	-0.3	35800000000000.0
5300	301	-0.25	35100000000000.0
5300	301	-0.2	34400000000000.0
5300	301	-0.15	33600000000000.0
5300	301	-0.1	32900000000000.0
5300	301	-0.05	32100000000000.0
5300	301	0.0	31300000000000.0
5300	301	0.05	30500000000000.0
5300	301	0.1	29700000000000.0
5300	301	0.15	28900000000000.0
5300	301	0.2	28100000000000.0
5300	301	0.25	27300000000000.0
5300	301	0.3	26400000000000.0
5300	301	0.35	25600000000000.0
5300	301	0.4	24700000000000.0
5300	301	0.45	23900000000000.0
5300	301	0.5	23000000000000.0
5300	301	0.6	21200000000000.0
5300	301	0.7	19500000000000.0
5300	301	0.8	17800000000000.0
5300	301	0.9	16100000000000.0
5300	302	-1.0	46200000000000.0
5300	302	-0.95	45300000000000.0
5300	302	-0.9	44300000000000.0
5300	302	-0.85	43300000000000.0
5300	302	-0.8	42400000000000.0
5300	302	-0.75	41300000000000.0
5300	302	-0.7	40300000000000.0
5300	302	-0.65	39300000000000.0
5300	302	-0.6	38300000000000.0
5300	302	-0.55	37200000000000.0
5300	302	-0.5	36200000000000.0
5300	302	-0.45	35200000000000.0
5300	302	-0.4	34200000000000.0
5300	302	-0.35	33200000000000.0
5300	302	-0.3	32200000000000.0
5300	302	-0.25	31200000000000.0
5300	302	-0.2	30200000000000.0
5300	302	-0.15	29200000000000.0
5300	302	-0.1	28200000000000.0
5300	302	-0.05	27300000000000.0
5300	302	0.0	26300000000000.0
5300	302	0.05	25300000000000.0
5300	302	0.1	24400000000000.0
5300	302	0.15	23500000000000.0
5300	302	0.2	22600000000000.0
5300	302	0.25	21600000000000.0
5300	302	0.3	20800000000000.0
5300	302	0.35	19900000000000.0
5300	302	0.4	19000000000000.0
5300	302	0.45	18200000000000.0
5300	302	0.5	17400000000000.0
5300	302	0.6	15700000000000.0
5300	302	0.7	14200000000000.0
5300	302	0.8	12700000000000.0
5300	302	0.9	11400000000000.0
5300	303	-1.0	65000000000000.0
5300	303	-0.95	64200000000000.0
5300	303	-0.9	63500000000000.0
5300	303	-0.85	62600000000000.0
5300	303	-0.8	61800000000000.0
5300	303	-0.75	61000000000000.0
5300	303	-0.7	60200000000000.0
5300	303	-0.65	59400000000000.0
5300	303	-0.6	58500000000000.0
5300	303	-0.55	57600000000000.0
5300	303	-0.5	56600000000000.0
5300	303	-0.45	55700000000000.0
5300	303	-0.4	54800000000000.0
5300	303	-0.35	53800000000000.0
5300	303	-0.3	52800000000000.0
5300	303	-0.25	51800000000000.0
5300	303	-0.2	50800000000000.0
5300	303	-0.15	49800000000000.0
5300	303	-0.1	48700000000000.0
5300	303	-0.05	47600000000000.0
5300	303	0.0	46500000000000.0
5300	303	0.05	45400000000000.0
5300	303	0.1	44300000000000.0
5300	303	0.15	43200000000000.0
5300	303	0.2	42000000000000.0
5300	303	0.25	40900000000000.0
5300	303	0.3	39700000000000.0
5300	303	0.35	38600000000000.0
5300	303	0.4	37400000000000.0
5300	303	0.45	36100000000000.0
5300	303	0.5	34900000000000.0
5300	303	0.6	32400000000000.0
5300	303	0.7	30000000000000.0
5300	303	0.8	27500000000000.0
5300	303	0.9	25100000000000.0
5300	304	-1.0	68700000000000.0
5300	304	-0.95	67700000000000.0
5300	304	-0.9	66800000000000.0
5300	304	-0.85	65600000000000.0
5300	304	-0.8	64600000000000.0
5300	304	-0.75	63600000000000.0
5300	304	-0.7	62600000000000.0
5300	304	-0.65	61400000000000.0
5300	304	-0.6	60300000000000.0
5300	304	-0.55	59100000000000.0
5300	304	-0.5	57900000000000.0
5300	304	-0.45	56700000000000.0
5300	304	-0.4	55500000000000.0
5300	304	-0.35	54200000000000.0
5300	304	-0.3	53000000000000.0
5300	304	-0.25	51700000000000.0
5300	304	-0.2	50400000000000.0
5300	304	-0.15	49000000000000.0
5300	304	-0.1	47600000000000.0
5300	304	-0.05	46300000000000.0
5300	304	0.0	44800000000000.0
5300	304	0.05	43400000000000.0
5300	304	0.1	42000000000000.0
5300	304	0.15	40600000000000.0
5300	304	0.2	39100000000000.0
5300	304	0.25	37700000000000.0
5300	304	0.3	36200000000000.0
5300	304	0.35	34800000000000.0
5300	304	0.4	33300000000000.0
5300	304	0.45	31900000000000.0
5300	304	0.5	30400000000000.0
5300	304	0.6	27500000000000.0
5300	304	0.7	24800000000000.0
5300	304	0.8	22200000000000.0
5300	304	0.9	19700000000000.0
5300	305	-1.0	75000000000000.0
5300	305	-0.95	74100000000000.0
5300	305	-0.9	73100000000000.0
5300	305	-0.85	72000000000000.0
5300	305	-0.8	71000000000000.0
5300	305	-0.75	70000000000000.0
5300	305	-0.7	69000000000000.0
5300	305	-0.65	67900000000000.0
5300	305	-0.6	66800000000000.0
5300	305	-0.55	65700000000000.0
5300	305	-0.5	64500000000000.0
5300	305	-0.45	63400000000000.0
5300	305	-0.4	62200000000000.0
5300	305	-0.35	61000000000000.0
5300	305	-0.3	59800000000000.0
5300	305	-0.25	58500000000000.0
5300	305	-0.2	57300000000000.0
5300	305	-0.15	56000000000000.0
5300	305	-0.1	54700000000000.0
5300	305	-0.05	53400000000000.0
5300	305	0.0	52000000000000.0
5300	305	0.05	50700000000000.0
5300	305	0.1	49300000000000.0
5300	305	0.15	48000000000000.0
5300	305	0.2	46600000000000.0
5300	305	0.25	45200000000000.0
5300	305	0.3	43800000000000.0
5300	305	0.35	42400000000000.0
5300	305	0.4	41000000000000.0
5300	305	0.45	39500000000000.0
5300	305	0.5	38100000000000.0
5300	305	0.6	35200000000000.0
5300	305	0.7	32400000000000.0
5300	305	0.8	29500000000000.0
5300	305	0.9	26800000000000.0
5300	306	-1.0	62900000000000.0
5300	306	-0.95	61900000000000.0
5300	306	-0.9	60900000000000.0
5300	306	-0.85	59800000000000.0
5300	306	-0.8	58800000000000.0
5300	306	-0.75	57900000000000.0
5300	306	-0.7	56900000000000.0
5300	306	-0.65	55800000000000.0
5300	306	-0.6	54800000000000.0
5300	306	-0.55	53700000000000.0
5300	306	-0.5	52600000000000.0
5300	306	-0.45	51600000000000.0
5300	306	-0.4	50500000000000.0
5300	306	-0.35	49400000000000.0
5300	306	-0.3	48300000000000.0
5300	306	-0.25	47200000000000.0
5300	306	-0.2	46000000000000.0
5300	306	-0.15	44900000000000.0
5300	306	-0.1	43700000000000.0
5300	306	-0.05	42600000000000.0
5300	306	0.0	41400000000000.0
5300	306	0.05	40200000000000.0
5300	306	0.1	39000000000000.0
5300	306	0.15	37800000000000.0
5300	306	0.2	36700000000000.0
5300	306	0.25	35500000000000.0
5300	306	0.3	34300000000000.0
5300	306	0.35	33100000000000.0
5300	306	0.4	31900000000000.0
5300	306	0.45	30600000000000.0
5300	306	0.5	29400000000000.0
5300	306	0.6	27000000000000.0
5300	306	0.7	24600000000000.0
5300	306	0.8	22200000000000.0
5300	306	0.9	20000000000000.0
5300	307	-1.0	60400000000000.0
5300	307	-0.95	60000000000000.0
5300	307	-0.9	59500000000000.0
5300	307	-0.85	58900000000000.0
5300	307	-0.8	58500000000000.0
5300	307	-0.75	58000000000000.0
5300	307	-0.7	57500000000000.0
5300	307	-0.65	56900000000000.0
5300	307	-0.6	56400000000000.0
5300	307	-0.55	55800000000000.0
5300	307	-0.5	55300000000000.0
5300	307	-0.45	54700000000000.0
5300	307	-0.4	54100000000000.0
5300	307	-0.35	53500000000000.0
5300	307	-0.3	52900000000000.0
5300	307	-0.25	52200000000000.0
5300	307	-0.2	51500000000000.0
5300	307	-0.15	50800000000000.0
5300	307	-0.1	50100000000000.0
5300	307	-0.05	49300000000000.0
5300	307	0.0	48500000000000.0
5300	307	0.05	47700000000000.0
5300	307	0.1	46900000000000.0
5300	307	0.15	46000000000000.0
5300	307	0.2	45100000000000.0
5300	307	0.25	44100000000000.0
5300	307	0.3	43100000000000.0
5300	307	0.35	42100000000000.0
5300	307	0.4	41100000000000.0
5300	307	0.45	40000000000000.0
5300	307	0.5	38900000000000.0
5300	307	0.6	36500000000000.0
5300	307	0.7	34000000000000.0
5300	307	0.8	31500000000000.0
5300	307	0.9	29000000000000.0
5300	308.00000000000006	-1.0	69400000000000.0
5300	308.00000000000006	-0.95	68700000000000.0
5300	308.00000000000006	-0.9	68000000000000.0
5300	308.00000000000006	-0.85	67300000000000.0
5300	308.00000000000006	-0.8	66500000000000.0
5300	308.00000000000006	-0.75	65800000000000.0
5300	308.00000000000006	-0.7	65000000000000.0
5300	308.00000000000006	-0.65	64200000000000.0
5300	308.00000000000006	-0.6	63400000000000.0
5300	308.00000000000006	-0.55	62500000000000.0
5300	308.00000000000006	-0.5	61600000000000.0
5300	308.00000000000006	-0.45	60700000000000.0
5300	308.00000000000006	-0.4	59800000000000.0
5300	308.00000000000006	-0.35	58800000000000.0
5300	308.00000000000006	-0.3	57800000000000.0
5300	308.00000000000006	-0.25	56800000000000.0
5300	308.00000000000006	-0.2	55800000000000.0
5300	308.00000000000006	-0.15	54700000000000.0
5300	308.00000000000006	-0.1	53600000000000.0
5300	308.00000000000006	-0.05	52500000000000.0
5300	308.00000000000006	0.0	51300000000000.0
5300	308.00000000000006	0.05	50200000000000.0
5300	308.00000000000006	0.1	49000000000000.0
5300	308.00000000000006	0.15	47800000000000.0
5300	308.00000000000006	0.2	46600000000000.0
5300	308.00000000000006	0.25	45400000000000.0
5300	308.00000000000006	0.3	44200000000000.0
5300	308.00000000000006	0.35	43000000000000.0
5300	308.00000000000006	0.4	41700000000000.0
5300	308.00000000000006	0.45	40400000000000.0
5300	308.00000000000006	0.5	39100000000000.0
5300	308.00000000000006	0.6	36500000000000.0
5300	308.00000000000006	0.7	33900000000000.0
5300	308.00000000000006	0.8	31300000000000.0
5300	308.00000000000006	0.9	28700000000000.0
5300	309	-1.0	60500000000000.0
5300	309	-0.95	60000000000000.0
5300	309	-0.9	59400000000000.0
5300	309	-0.85	58800000000000.0
5300	309	-0.8	58300000000000.0
5300	309	-0.75	57700000000000.0
5300	309	-0.7	57100000000000.0
5300	309	-0.65	56500000000000.0
5300	309	-0.6	55900000000000.0
5300	309	-0.55	55300000000000.0
5300	309	-0.5	54700000000000.0
5300	309	-0.45	54100000000000.0
5300	309	-0.4	53500000000000.0
5300	309	-0.35	52900000000000.0
5300	309	-0.3	52200000000000.0
5300	309	-0.25	51600000000000.0
5300	309	-0.2	50900000000000.0
5300	309	-0.15	50200000000000.0
5300	309	-0.1	49500000000000.0
5300	309	-0.05	48700000000000.0
5300	309	0.0	48000000000000.0
5300	309	0.05	47200000000000.0
5300	309	0.1	46400000000000.0
5300	309	0.15	45600000000000.0
5300	309	0.2	44700000000000.0
5300	309	0.25	43800000000000.0
5300	309	0.3	43000000000000.0
5300	309	0.35	42100000000000.0
5300	309	0.4	41100000000000.0
5300	309	0.45	40100000000000.0
5300	309	0.5	39100000000000.0
5300	309	0.6	37000000000000.0
5300	309	0.7	34900000000000.0
5300	309	0.8	32700000000000.0
5300	309	0.9	30400000000000.0
5300	310	-1.0	57300000000000.0
5300	310	-0.95	56400000000000.0
5300	310	-0.9	55500000000000.0
5300	310	-0.85	54600000000000.0
5300	310	-0.8	53800000000000.0
5300	310	-0.75	53000000000000.0
5300	310	-0.7	52100000000000.0
5300	310	-0.65	51300000000000.0
5300	310	-0.6	50500000000000.0
5300	310	-0.55	49600000000000.0
5300	310	-0.5	48800000000000.0
5300	310	-0.45	48000000000000.0
5300	310	-0.4	47100000000000.0
5300	310	-0.35	46300000000000.0
5300	310	-0.3	45500000000000.0
5300	310	-0.25	44600000000000.0
5300	310	-0.2	43800000000000.0
5300	310	-0.15	42900000000000.0
5300	310	-0.1	42100000000000.0
5300	310	-0.05	41200000000000.0
5300	310	0.0	40300000000000.0
5300	310	0.05	39500000000000.0
5300	310	0.1	38600000000000.0
5300	310	0.15	37700000000000.0
5300	310	0.2	36800000000000.0
5300	310	0.25	35900000000000.0
5300	310	0.3	34900000000000.0
5300	310	0.35	34000000000000.0
5300	310	0.4	33000000000000.0
5300	310	0.45	32100000000000.0
5300	310	0.5	31100000000000.0
5300	310	0.6	29100000000000.0
5300	310	0.7	27000000000000.0
5300	310	0.8	25000000000000.0
5300	310	0.9	23000000000000.0
5300	310.99999999999994	-1.0	69400000000000.0
5300	310.99999999999994	-0.95	69200000000000.0
5300	310.99999999999994	-0.9	68900000000000.0
5300	310.99999999999994	-0.85	68600000000000.0
5300	310.99999999999994	-0.8	68300000000000.0
5300	310.99999999999994	-0.75	68100000000000.0
5300	310.99999999999994	-0.7	67800000000000.0
5300	310.99999999999994	-0.65	67500000000000.0
5300	310.99999999999994	-0.6	67200000000000.0
5300	310.99999999999994	-0.55	66800000000000.0
5300	310.99999999999994	-0.5	66500000000000.0
5300	310.99999999999994	-0.45	66100000000000.0
5300	310.99999999999994	-0.4	65800000000000.0
5300	310.99999999999994	-0.35	65300000000000.0
5300	310.99999999999994	-0.3	64900000000000.0
5300	310.99999999999994	-0.25	64400000000000.0
5300	310.99999999999994	-0.2	63900000000000.0
5300	310.99999999999994	-0.15	63400000000000.0
5300	310.99999999999994	-0.1	62900000000000.0
5300	310.99999999999994	-0.05	62300000000000.0
5300	310.99999999999994	0.0	61600000000000.0
5300	310.99999999999994	0.05	61000000000000.0
5300	310.99999999999994	0.1	60300000000000.0
5300	310.99999999999994	0.15	59600000000000.0
5300	310.99999999999994	0.2	58800000000000.0
5300	310.99999999999994	0.25	58000000000000.0
5300	310.99999999999994	0.3	57200000000000.0
5300	310.99999999999994	0.35	56300000000000.0
5300	310.99999999999994	0.4	55400000000000.0
5300	310.99999999999994	0.45	54400000000000.0
5300	310.99999999999994	0.5	53300000000000.0
5300	310.99999999999994	0.6	51100000000000.0
5300	310.99999999999994	0.7	48700000000000.0
5300	310.99999999999994	0.8	46200000000000.0
5300	310.99999999999994	0.9	43500000000000.0
5300	312	-1.0	72400000000000.0
5300	312	-0.95	71800000000000.0
5300	312	-0.9	71200000000000.0
5300	312	-0.85	70500000000000.0
5300	312	-0.8	70000000000000.0
5300	312	-0.75	69400000000000.0
5300	312	-0.7	68800000000000.0
5300	312	-0.65	68100000000000.0
5300	312	-0.6	67500000000000.0
5300	312	-0.55	66900000000000.0
5300	312	-0.5	66200000000000.0
5300	312	-0.45	65500000000000.0
5300	312	-0.4	64800000000000.0
5300	312	-0.35	64100000000000.0
5300	312	-0.3	63300000000000.0
5300	312	-0.25	62600000000000.0
5300	312	-0.2	61800000000000.0
5300	312	-0.15	60900000000000.0
5300	312	-0.1	60100000000000.0
5300	312	-0.05	59200000000000.0
5300	312	0.0	58300000000000.0
5300	312	0.05	57300000000000.0
5300	312	0.1	56300000000000.0
5300	312	0.15	55300000000000.0
5300	312	0.2	54200000000000.0
5300	312	0.25	53200000000000.0
5300	312	0.3	52000000000000.0
5300	312	0.35	50900000000000.0
5300	312	0.4	49700000000000.0
5300	312	0.45	48500000000000.0
5300	312	0.5	47200000000000.0
5300	312	0.6	44600000000000.0
5300	312	0.7	41900000000000.0
5300	312	0.8	39100000000000.0
5300	312	0.9	36300000000000.0
5300	313.00000000000006	-1.0	67800000000000.0
5300	313.00000000000006	-0.95	67300000000000.0
5300	313.00000000000006	-0.9	66900000000000.0
5300	313.00000000000006	-0.85	66400000000000.0
5300	313.00000000000006	-0.8	65900000000000.0
5300	313.00000000000006	-0.75	65500000000000.0
5300	313.00000000000006	-0.7	65000000000000.0
5300	313.00000000000006	-0.65	64500000000000.0
5300	313.00000000000006	-0.6	64000000000000.0
5300	313.00000000000006	-0.55	63500000000000.0
5300	313.00000000000006	-0.5	63000000000000.0
5300	313.00000000000006	-0.45	62500000000000.0
5300	313.00000000000006	-0.4	62000000000000.0
5300	313.00000000000006	-0.35	61400000000000.0
5300	313.00000000000006	-0.3	60900000000000.0
5300	313.00000000000006	-0.25	60300000000000.0
5300	313.00000000000006	-0.2	59700000000000.0
5300	313.00000000000006	-0.15	59000000000000.0
5300	313.00000000000006	-0.1	58300000000000.0
5300	313.00000000000006	-0.05	57600000000000.0
5300	313.00000000000006	0.0	56800000000000.0
5300	313.00000000000006	0.05	56100000000000.0
5300	313.00000000000006	0.1	55300000000000.0
5300	313.00000000000006	0.15	54500000000000.0
5300	313.00000000000006	0.2	53600000000000.0
5300	313.00000000000006	0.25	52700000000000.0
5300	313.00000000000006	0.3	51800000000000.0
5300	313.00000000000006	0.35	50900000000000.0
5300	313.00000000000006	0.4	49900000000000.0
5300	313.00000000000006	0.45	48900000000000.0
5300	313.00000000000006	0.5	47900000000000.0
5300	313.00000000000006	0.6	45700000000000.0
5300	313.00000000000006	0.7	43400000000000.0
5300	313.00000000000006	0.8	41000000000000.0
5300	313.00000000000006	0.9	38500000000000.0
5300	313.99999999999994	-1.0	72000000000000.0
5300	313.99999999999994	-0.95	71400000000000.0
5300	313.99999999999994	-0.9	70900000000000.0
5300	313.99999999999994	-0.85	70300000000000.0
5300	313.99999999999994	-0.8	69700000000000.0
5300	313.99999999999994	-0.75	69100000000000.0
5300	313.99999999999994	-0.7	68600000000000.0
5300	313.99999999999994	-0.65	67900000000000.0
5300	313.99999999999994	-0.6	67300000000000.0
5300	313.99999999999994	-0.55	66700000000000.0
5300	313.99999999999994	-0.5	66100000000000.0
5300	313.99999999999994	-0.45	65500000000000.0
5300	313.99999999999994	-0.4	64800000000000.0
5300	313.99999999999994	-0.35	64100000000000.0
5300	313.99999999999994	-0.3	63500000000000.0
5300	313.99999999999994	-0.25	62800000000000.0
5300	313.99999999999994	-0.2	62000000000000.0
5300	313.99999999999994	-0.15	61300000000000.0
5300	313.99999999999994	-0.1	60500000000000.0
5300	313.99999999999994	-0.05	59800000000000.0
5300	313.99999999999994	0.0	58900000000000.0
5300	313.99999999999994	0.05	58100000000000.0
5300	313.99999999999994	0.1	57200000000000.0
5300	313.99999999999994	0.15	56300000000000.0
5300	313.99999999999994	0.2	55400000000000.0
5300	313.99999999999994	0.25	54500000000000.0
5300	313.99999999999994	0.3	53600000000000.0
5300	313.99999999999994	0.35	52600000000000.0
5300	313.99999999999994	0.4	51500000000000.0
5300	313.99999999999994	0.45	50500000000000.0
5300	313.99999999999994	0.5	49400000000000.0
5300	313.99999999999994	0.6	47100000000000.0
5300	313.99999999999994	0.7	44800000000000.0
5300	313.99999999999994	0.8	42400000000000.0
5300	313.99999999999994	0.9	39800000000000.0
5300	315	-1.0	64100000000000.0
5300	315	-0.95	63700000000000.0
5300	315	-0.9	63300000000000.0
5300	315	-0.85	63000000000000.0
5300	315	-0.8	62600000000000.0
5300	315	-0.75	62300000000000.0
5300	315	-0.7	62000000000000.0
5300	315	-0.65	61600000000000.0
5300	315	-0.6	61300000000000.0
5300	315	-0.55	61000000000000.0
5300	315	-0.5	60700000000000.0
5300	315	-0.45	60400000000000.0
5300	315	-0.4	60100000000000.0
5300	315	-0.35	59800000000000.0
5300	315	-0.3	59400000000000.0
5300	315	-0.25	59100000000000.0
5300	315	-0.2	58800000000000.0
5300	315	-0.15	58400000000000.0
5300	315	-0.1	58000000000000.0
5300	315	-0.05	57600000000000.0
5300	315	0.0	57200000000000.0
5300	315	0.05	56700000000000.0
5300	315	0.1	56200000000000.0
5300	315	0.15	55700000000000.0
5300	315	0.2	55200000000000.0
5300	315	0.25	54700000000000.0
5300	315	0.3	54100000000000.0
5300	315	0.35	53500000000000.0
5300	315	0.4	52800000000000.0
5300	315	0.45	52100000000000.0
5300	315	0.5	51300000000000.0
5300	315	0.6	49700000000000.0
5300	315	0.7	47900000000000.0
5300	315	0.8	46000000000000.0
5300	315	0.9	43800000000000.0
5300	316.00000000000006	-1.0	65500000000000.0
5300	316.00000000000006	-0.95	64700000000000.0
5300	316.00000000000006	-0.9	64100000000000.0
5300	316.00000000000006	-0.85	63300000000000.0
5300	316.00000000000006	-0.8	62600000000000.0
5300	316.00000000000006	-0.75	62100000000000.0
5300	316.00000000000006	-0.7	61500000000000.0
5300	316.00000000000006	-0.65	60900000000000.0
5300	316.00000000000006	-0.6	60300000000000.0
5300	316.00000000000006	-0.55	59700000000000.0
5300	316.00000000000006	-0.5	59100000000000.0
5300	316.00000000000006	-0.45	58600000000000.0
5300	316.00000000000006	-0.4	58000000000000.0
5300	316.00000000000006	-0.35	57500000000000.0
5300	316.00000000000006	-0.3	56900000000000.0
5300	316.00000000000006	-0.25	56300000000000.0
5300	316.00000000000006	-0.2	55800000000000.0
5300	316.00000000000006	-0.15	55200000000000.0
5300	316.00000000000006	-0.1	54600000000000.0
5300	316.00000000000006	-0.05	54000000000000.0
5300	316.00000000000006	0.0	53300000000000.0
5300	316.00000000000006	0.05	52700000000000.0
5300	316.00000000000006	0.1	52100000000000.0
5300	316.00000000000006	0.15	51400000000000.0
5300	316.00000000000006	0.2	50700000000000.0
5300	316.00000000000006	0.25	50000000000000.0
5300	316.00000000000006	0.3	49300000000000.0
5300	316.00000000000006	0.35	48500000000000.0
5300	316.00000000000006	0.4	47800000000000.0
5300	316.00000000000006	0.45	46900000000000.0
5300	316.00000000000006	0.5	46100000000000.0
5300	316.00000000000006	0.6	44300000000000.0
5300	316.00000000000006	0.7	42400000000000.0
5300	316.00000000000006	0.8	40400000000000.0
5300	316.00000000000006	0.9	38200000000000.0
5300	316.99999999999994	-1.0	74000000000000.0
5300	316.99999999999994	-0.95	73500000000000.0
5300	316.99999999999994	-0.9	73000000000000.0
5300	316.99999999999994	-0.85	72400000000000.0
5300	316.99999999999994	-0.8	71900000000000.0
5300	316.99999999999994	-0.75	71400000000000.0
5300	316.99999999999994	-0.7	70900000000000.0
5300	316.99999999999994	-0.65	70500000000000.0
5300	316.99999999999994	-0.6	69900000000000.0
5300	316.99999999999994	-0.55	69500000000000.0
5300	316.99999999999994	-0.5	69000000000000.0
5300	316.99999999999994	-0.45	68500000000000.0
5300	316.99999999999994	-0.4	68000000000000.0
5300	316.99999999999994	-0.35	67500000000000.0
5300	316.99999999999994	-0.3	67000000000000.0
5300	316.99999999999994	-0.25	66400000000000.0
5300	316.99999999999994	-0.2	65900000000000.0
5300	316.99999999999994	-0.15	65300000000000.0
5300	316.99999999999994	-0.1	64700000000000.0
5300	316.99999999999994	-0.05	64100000000000.0
5300	316.99999999999994	0.0	63500000000000.0
5300	316.99999999999994	0.05	62800000000000.0
5300	316.99999999999994	0.1	62200000000000.0
5300	316.99999999999994	0.15	61500000000000.0
5300	316.99999999999994	0.2	60800000000000.0
5300	316.99999999999994	0.25	60000000000000.0
5300	316.99999999999994	0.3	59200000000000.0
5300	316.99999999999994	0.35	58400000000000.0
5300	316.99999999999994	0.4	57500000000000.0
5300	316.99999999999994	0.45	56600000000000.0
5300	316.99999999999994	0.5	55700000000000.0
5300	316.99999999999994	0.6	53700000000000.0
5300	316.99999999999994	0.7	51500000000000.0
5300	316.99999999999994	0.8	49200000000000.0
5300	316.99999999999994	0.9	46700000000000.0
5300	318	-1.0	79100000000000.0
5300	318	-0.95	78600000000000.0
5300	318	-0.9	78000000000000.0
5300	318	-0.85	77500000000000.0
5300	318	-0.8	76900000000000.0
5300	318	-0.75	76500000000000.0
5300	318	-0.7	76000000000000.0
5300	318	-0.65	75500000000000.0
5300	318	-0.6	75000000000000.0
5300	318	-0.55	74400000000000.0
5300	318	-0.5	73900000000000.0
5300	318	-0.45	73400000000000.0
5300	318	-0.4	72900000000000.0
5300	318	-0.35	72300000000000.0
5300	318	-0.3	71800000000000.0
5300	318	-0.25	71200000000000.0
5300	318	-0.2	70600000000000.0
5300	318	-0.15	70000000000000.0
5300	318	-0.1	69300000000000.0
5300	318	-0.05	68700000000000.0
5300	318	0.0	68000000000000.0
5300	318	0.05	67300000000000.0
5300	318	0.1	66600000000000.0
5300	318	0.15	65800000000000.0
5300	318	0.2	65000000000000.0
5300	318	0.25	64200000000000.0
5300	318	0.3	63400000000000.0
5300	318	0.35	62500000000000.0
5300	318	0.4	61600000000000.0
5300	318	0.45	60700000000000.0
5300	318	0.5	59700000000000.0
5300	318	0.6	57700000000000.0
5300	318	0.7	55500000000000.0
5300	318	0.8	53100000000000.0
5300	318	0.9	50700000000000.0
5300	319.00000000000006	-1.0	74000000000000.0
5300	319.00000000000006	-0.95	73300000000000.0
5300	319.00000000000006	-0.9	72600000000000.0
5300	319.00000000000006	-0.85	72000000000000.0
5300	319.00000000000006	-0.8	71300000000000.0
5300	319.00000000000006	-0.75	70600000000000.0
5300	319.00000000000006	-0.7	70000000000000.0
5300	319.00000000000006	-0.65	69300000000000.0
5300	319.00000000000006	-0.6	68600000000000.0
5300	319.00000000000006	-0.55	68000000000000.0
5300	319.00000000000006	-0.5	67300000000000.0
5300	319.00000000000006	-0.45	66600000000000.0
5300	319.00000000000006	-0.4	66000000000000.0
5300	319.00000000000006	-0.35	65300000000000.0
5300	319.00000000000006	-0.3	64600000000000.0
5300	319.00000000000006	-0.25	63900000000000.0
5300	319.00000000000006	-0.2	63200000000000.0
5300	319.00000000000006	-0.15	62500000000000.0
5300	319.00000000000006	-0.1	61700000000000.0
5300	319.00000000000006	-0.05	61000000000000.0
5300	319.00000000000006	0.0	60200000000000.0
5300	319.00000000000006	0.05	59400000000000.0
5300	319.00000000000006	0.1	58600000000000.0
5300	319.00000000000006	0.15	57800000000000.0
5300	319.00000000000006	0.2	56900000000000.0
5300	319.00000000000006	0.25	56000000000000.0
5300	319.00000000000006	0.3	55100000000000.0
5300	319.00000000000006	0.35	54200000000000.0
5300	319.00000000000006	0.4	53300000000000.0
5300	319.00000000000006	0.45	52200000000000.0
5300	319.00000000000006	0.5	51200000000000.0
5300	319.00000000000006	0.6	49100000000000.0
5300	319.00000000000006	0.7	46800000000000.0
5300	319.00000000000006	0.8	44400000000000.0
5300	319.00000000000006	0.9	42000000000000.0
5300	320	-1.0	85300000000000.0
5300	320	-0.95	84600000000000.0
5300	320	-0.9	83900000000000.0
5300	320	-0.85	83000000000000.0
5300	320	-0.8	82400000000000.0
5300	320	-0.75	81700000000000.0
5300	320	-0.7	81000000000000.0
5300	320	-0.65	80300000000000.0
5300	320	-0.6	79500000000000.0
5300	320	-0.55	78800000000000.0
5300	320	-0.5	77900000000000.0
5300	320	-0.45	77100000000000.0
5300	320	-0.4	76300000000000.0
5300	320	-0.35	75500000000000.0
5300	320	-0.3	74600000000000.0
5300	320	-0.25	73700000000000.0
5300	320	-0.2	72800000000000.0
5300	320	-0.15	71900000000000.0
5300	320	-0.1	70900000000000.0
5300	320	-0.05	69900000000000.0
5300	320	0.0	68800000000000.0
5300	320	0.05	67700000000000.0
5300	320	0.1	66700000000000.0
5300	320	0.15	65600000000000.0
5300	320	0.2	64400000000000.0
5300	320	0.25	63300000000000.0
5300	320	0.3	62100000000000.0
5300	320	0.35	60800000000000.0
5300	320	0.4	59600000000000.0
5300	320	0.45	58300000000000.0
5300	320	0.5	57000000000000.0
5300	320	0.6	54200000000000.0
5300	320	0.7	51300000000000.0
5300	320	0.8	48400000000000.0
5300	320	0.9	45400000000000.0
5300	321	-1.0	104000000000000.0
5300	321	-0.95	103000000000000.0
5300	321	-0.9	102000000000000.0
5300	321	-0.85	101000000000000.0
5300	321	-0.8	99900000000000.0
5300	321	-0.75	98800000000000.0
5300	321	-0.7	97800000000000.0
5300	321	-0.65	96800000000000.0
5300	321	-0.6	95700000000000.0
5300	321	-0.55	94700000000000.0
5300	321	-0.5	93600000000000.0
5300	321	-0.45	92500000000000.0
5300	321	-0.4	91400000000000.0
5300	321	-0.35	90300000000000.0
5300	321	-0.3	89100000000000.0
5300	321	-0.25	87900000000000.0
5300	321	-0.2	86700000000000.0
5300	321	-0.15	85500000000000.0
5300	321	-0.1	84300000000000.0
5300	321	-0.05	83000000000000.0
5300	321	0.0	81600000000000.0
5300	321	0.05	80300000000000.0
5300	321	0.1	78900000000000.0
5300	321	0.15	77500000000000.0
5300	321	0.2	76100000000000.0
5300	321	0.25	74600000000000.0
5300	321	0.3	73200000000000.0
5300	321	0.35	71700000000000.0
5300	321	0.4	70100000000000.0
5300	321	0.45	68600000000000.0
5300	321	0.5	67000000000000.0
5300	321	0.6	63800000000000.0
5300	321	0.7	60400000000000.0
5300	321	0.8	57100000000000.0
5300	321	0.9	53700000000000.0
5300	322.49999999999994	-1.0	198000000000000.0
5300	322.49999999999994	-0.95	196000000000000.0
5300	322.49999999999994	-0.9	193000000000000.0
5300	322.49999999999994	-0.85	190000000000000.0
5300	322.49999999999994	-0.8	187000000000000.0
5300	322.49999999999994	-0.75	184000000000000.0
5300	322.49999999999994	-0.7	182000000000000.0
5300	322.49999999999994	-0.65	179000000000000.0
5300	322.49999999999994	-0.6	176000000000000.0
5300	322.49999999999994	-0.55	173000000000000.0
5300	322.49999999999994	-0.5	171000000000000.0
5300	322.49999999999994	-0.45	168000000000000.0
5300	322.49999999999994	-0.4	165000000000000.0
5300	322.49999999999994	-0.35	163000000000000.0
5300	322.49999999999994	-0.3	160000000000000.0
5300	322.49999999999994	-0.25	157000000000000.0
5300	322.49999999999994	-0.2	154000000000000.0
5300	322.49999999999994	-0.15	152000000000000.0
5300	322.49999999999994	-0.1	149000000000000.0
5300	322.49999999999994	-0.05	146000000000000.0
5300	322.49999999999994	0.0	144000000000000.0
5300	322.49999999999994	0.05	141000000000000.0
5300	322.49999999999994	0.1	138000000000000.0
5300	322.49999999999994	0.15	135000000000000.0
5300	322.49999999999994	0.2	132000000000000.0
5300	322.49999999999994	0.25	129000000000000.0
5300	322.49999999999994	0.3	126000000000000.0
5300	322.49999999999994	0.35	124000000000000.0
5300	322.49999999999994	0.4	121000000000000.0
5300	322.49999999999994	0.45	117000000000000.0
5300	322.49999999999994	0.5	114000000000000.0
5300	322.49999999999994	0.6	108000000000000.0
5300	322.49999999999994	0.7	102000000000000.0
5300	322.49999999999994	0.8	95000000000000.0
5300	322.49999999999994	0.9	88300000000000.0
5300	324.50000000000006	-1.0	229000000000000.0
5300	324.50000000000006	-0.95	226000000000000.0
5300	324.50000000000006	-0.9	223000000000000.0
5300	324.50000000000006	-0.85	221000000000000.0
5300	324.50000000000006	-0.8	218000000000000.0
5300	324.50000000000006	-0.75	215000000000000.0
5300	324.50000000000006	-0.7	212000000000000.0
5300	324.50000000000006	-0.65	209000000000000.0
5300	324.50000000000006	-0.6	206000000000000.0
5300	324.50000000000006	-0.55	203000000000000.0
5300	324.50000000000006	-0.5	200000000000000.0
5300	324.50000000000006	-0.45	197000000000000.0
5300	324.50000000000006	-0.4	194000000000000.0
5300	324.50000000000006	-0.35	191000000000000.0
5300	324.50000000000006	-0.3	188000000000000.0
5300	324.50000000000006	-0.25	185000000000000.0
5300	324.50000000000006	-0.2	181000000000000.0
5300	324.50000000000006	-0.15	178000000000000.0
5300	324.50000000000006	-0.1	175000000000000.0
5300	324.50000000000006	-0.05	172000000000000.0
5300	324.50000000000006	0.0	168000000000000.0
5300	324.50000000000006	0.05	165000000000000.0
5300	324.50000000000006	0.1	161000000000000.0
5300	324.50000000000006	0.15	158000000000000.0
5300	324.50000000000006	0.2	154000000000000.0
5300	324.50000000000006	0.25	150000000000000.0
5300	324.50000000000006	0.3	147000000000000.0
5300	324.50000000000006	0.35	143000000000000.0
5300	324.50000000000006	0.4	139000000000000.0
5300	324.50000000000006	0.45	135000000000000.0
5300	324.50000000000006	0.5	132000000000000.0
5300	324.50000000000006	0.6	124000000000000.0
5300	324.50000000000006	0.7	116000000000000.0
5300	324.50000000000006	0.8	108000000000000.0
5300	324.50000000000006	0.9	101000000000000.0
5300	326.5	-1.0	296000000000000.0
5300	326.5	-0.95	295000000000000.0
5300	326.5	-0.9	293000000000000.0
5300	326.5	-0.85	291000000000000.0
5300	326.5	-0.8	290000000000000.0
5300	326.5	-0.75	288000000000000.0
5300	326.5	-0.7	287000000000000.0
5300	326.5	-0.65	285000000000000.0
5300	326.5	-0.6	284000000000000.0
5300	326.5	-0.55	282000000000000.0
5300	326.5	-0.5	280000000000000.0
5300	326.5	-0.45	277000000000000.0
5300	326.5	-0.4	275000000000000.0
5300	326.5	-0.35	273000000000000.0
5300	326.5	-0.3	271000000000000.0
5300	326.5	-0.25	268000000000000.0
5300	326.5	-0.2	266000000000000.0
5300	326.5	-0.15	264000000000000.0
5300	326.5	-0.1	261000000000000.0
5300	326.5	-0.05	258000000000000.0
5300	326.5	0.0	255000000000000.0
5300	326.5	0.05	252000000000000.0
5300	326.5	0.1	249000000000000.0
5300	326.5	0.15	245000000000000.0
5300	326.5	0.2	242000000000000.0
5300	326.5	0.25	238000000000000.0
5300	326.5	0.3	235000000000000.0
5300	326.5	0.35	231000000000000.0
5300	326.5	0.4	227000000000000.0
5300	326.5	0.45	222000000000000.0
5300	326.5	0.5	218000000000000.0
5300	326.5	0.6	209000000000000.0
5300	326.5	0.7	199000000000000.0
5300	326.5	0.8	189000000000000.0
5300	326.5	0.9	178000000000000.0
5300	330	-1.0	704000000000000.0
5300	330	-0.95	699000000000000.0
5300	330	-0.9	693000000000000.0
5300	330	-0.85	688000000000000.0
5300	330	-0.8	683000000000000.0
5300	330	-0.75	677000000000000.0
5300	330	-0.7	672000000000000.0
5300	330	-0.65	666000000000000.0
5300	330	-0.6	660000000000000.0
5300	330	-0.55	654000000000000.0
5300	330	-0.5	648000000000000.0
5300	330	-0.45	641000000000000.0
5300	330	-0.4	634000000000000.0
5300	330	-0.35	628000000000000.0
5300	330	-0.3	621000000000000.0
5300	330	-0.25	613000000000000.0
5300	330	-0.2	606000000000000.0
5300	330	-0.15	598000000000000.0
5300	330	-0.1	590000000000000.0
5300	330	-0.05	582000000000000.0
5300	330	0.0	574000000000000.0
5300	330	0.05	565000000000000.0
5300	330	0.1	557000000000000.0
5300	330	0.15	548000000000000.0
5300	330	0.2	538000000000000.0
5300	330	0.25	529000000000000.0
5300	330	0.3	519000000000000.0
5300	330	0.35	509000000000000.0
5300	330	0.4	499000000000000.0
5300	330	0.45	489000000000000.0
5300	330	0.5	478000000000000.0
5300	330	0.6	456000000000000.0
5300	330	0.7	433000000000000.0
5300	330	0.8	410000000000000.0
5300	330	0.9	386000000000000.0
5300	335	-1.0	606000000000000.0
5300	335	-0.95	600000000000000.0
5300	335	-0.9	594000000000000.0
5300	335	-0.85	589000000000000.0
5300	335	-0.8	584000000000000.0
5300	335	-0.75	578000000000000.0
5300	335	-0.7	572000000000000.0
5300	335	-0.65	566000000000000.0
5300	335	-0.6	561000000000000.0
5300	335	-0.55	555000000000000.0
5300	335	-0.5	549000000000000.0
5300	335	-0.45	543000000000000.0
5300	335	-0.4	537000000000000.0
5300	335	-0.35	531000000000000.0
5300	335	-0.3	525000000000000.0
5300	335	-0.25	518000000000000.0
5300	335	-0.2	512000000000000.0
5300	335	-0.15	505000000000000.0
5300	335	-0.1	498000000000000.0
5300	335	-0.05	491000000000000.0
5300	335	0.0	484000000000000.0
5300	335	0.05	476000000000000.0
5300	335	0.1	469000000000000.0
5300	335	0.15	461000000000000.0
5300	335	0.2	453000000000000.0
5300	335	0.25	445000000000000.0
5300	335	0.3	436000000000000.0
5300	335	0.35	428000000000000.0
5300	335	0.4	419000000000000.0
5300	335	0.45	410000000000000.0
5300	335	0.5	401000000000000.0
5300	335	0.6	382000000000000.0
5300	335	0.7	363000000000000.0
5300	335	0.8	343000000000000.0
5300	335	0.9	323000000000000.0
5300	340	-1.0	626000000000000.0
5300	340	-0.95	618000000000000.0
5300	340	-0.9	610000000000000.0
5300	340	-0.85	603000000000000.0
5300	340	-0.8	596000000000000.0
5300	340	-0.75	587000000000000.0
5300	340	-0.7	579000000000000.0
5300	340	-0.65	572000000000000.0
5300	340	-0.6	564000000000000.0
5300	340	-0.55	556000000000000.0
5300	340	-0.5	549000000000000.0
5300	340	-0.45	541000000000000.0
5300	340	-0.4	534000000000000.0
5300	340	-0.35	526000000000000.0
5300	340	-0.3	518000000000000.0
5300	340	-0.25	510000000000000.0
5300	340	-0.2	503000000000000.0
5300	340	-0.15	495000000000000.0
5300	340	-0.1	487000000000000.0
5300	340	-0.05	479000000000000.0
5300	340	0.0	471000000000000.0
5300	340	0.05	463000000000000.0
5300	340	0.1	455000000000000.0
5300	340	0.15	447000000000000.0
5300	340	0.2	439000000000000.0
5300	340	0.25	431000000000000.0
5300	340	0.3	423000000000000.0
5300	340	0.35	415000000000000.0
5300	340	0.4	407000000000000.0
5300	340	0.45	399000000000000.0
5300	340	0.5	390000000000000.0
5300	340	0.6	374000000000000.0
5300	340	0.7	357000000000000.0
5300	340	0.8	340000000000000.0
5300	340	0.9	323000000000000.0
5300	345	-1.0	730000000000000.0
5300	345	-0.95	721000000000000.0
5300	345	-0.9	712000000000000.0
5300	345	-0.85	703000000000000.0
5300	345	-0.8	695000000000000.0
5300	345	-0.75	686000000000000.0
5300	345	-0.7	677000000000000.0
5300	345	-0.65	668000000000000.0
5300	345	-0.6	658000000000000.0
5300	345	-0.55	649000000000000.0
5300	345	-0.5	640000000000000.0
5300	345	-0.45	630000000000000.0
5300	345	-0.4	620000000000000.0
5300	345	-0.35	611000000000000.0
5300	345	-0.3	601000000000000.0
5300	345	-0.25	591000000000000.0
5300	345	-0.2	581000000000000.0
5300	345	-0.15	571000000000000.0
5300	345	-0.1	561000000000000.0
5300	345	-0.05	551000000000000.0
5300	345	0.0	540000000000000.0
5300	345	0.05	530000000000000.0
5300	345	0.1	519000000000000.0
5300	345	0.15	509000000000000.0
5300	345	0.2	498000000000000.0
5300	345	0.25	488000000000000.0
5300	345	0.3	478000000000000.0
5300	345	0.35	467000000000000.0
5300	345	0.4	457000000000000.0
5300	345	0.45	446000000000000.0
5300	345	0.5	435000000000000.0
5300	345	0.6	414000000000000.0
5300	345	0.7	393000000000000.0
5300	345	0.8	372000000000000.0
5300	345	0.9	352000000000000.0
5300	350	-1.0	830000000000000.0
5300	350	-0.95	822000000000000.0
5300	350	-0.9	815000000000000.0
5300	350	-0.85	806000000000000.0
5300	350	-0.8	798000000000000.0
5300	350	-0.75	791000000000000.0
5300	350	-0.7	783000000000000.0
5300	350	-0.65	774000000000000.0
5300	350	-0.6	766000000000000.0
5300	350	-0.55	757000000000000.0
5300	350	-0.5	747000000000000.0
5300	350	-0.45	738000000000000.0
5300	350	-0.4	728000000000000.0
5300	350	-0.35	718000000000000.0
5300	350	-0.3	708000000000000.0
5300	350	-0.25	698000000000000.0
5300	350	-0.2	688000000000000.0
5300	350	-0.15	677000000000000.0
5300	350	-0.1	666000000000000.0
5300	350	-0.05	655000000000000.0
5300	350	0.0	643000000000000.0
5300	350	0.05	632000000000000.0
5300	350	0.1	620000000000000.0
5300	350	0.15	608000000000000.0
5300	350	0.2	596000000000000.0
5300	350	0.25	584000000000000.0
5300	350	0.3	572000000000000.0
5300	350	0.35	560000000000000.0
5300	350	0.4	548000000000000.0
5300	350	0.45	535000000000000.0
5300	350	0.5	522000000000000.0
5300	350	0.6	497000000000000.0
5300	350	0.7	471000000000000.0
5300	350	0.8	446000000000000.0
5300	350	0.9	421000000000000.0
5300	355	-1.0	867000000000000.0
5300	355	-0.95	858000000000000.0
5300	355	-0.9	850000000000000.0
5300	355	-0.85	840000000000000.0
5300	355	-0.8	831000000000000.0
5300	355	-0.75	821000000000000.0
5300	355	-0.7	811000000000000.0
5300	355	-0.65	800000000000000.0
5300	355	-0.6	789000000000000.0
5300	355	-0.55	778000000000000.0
5300	355	-0.5	766000000000000.0
5300	355	-0.45	753000000000000.0
5300	355	-0.4	740000000000000.0
5300	355	-0.35	727000000000000.0
5300	355	-0.3	714000000000000.0
5300	355	-0.25	700000000000000.0
5300	355	-0.2	686000000000000.0
5300	355	-0.15	671000000000000.0
5300	355	-0.1	657000000000000.0
5300	355	-0.05	641000000000000.0
5300	355	0.0	626000000000000.0
5300	355	0.05	610000000000000.0
5300	355	0.1	595000000000000.0
5300	355	0.15	579000000000000.0
5300	355	0.2	563000000000000.0
5300	355	0.25	546000000000000.0
5300	355	0.3	530000000000000.0
5300	355	0.35	515000000000000.0
5300	355	0.4	498000000000000.0
5300	355	0.45	482000000000000.0
5300	355	0.5	467000000000000.0
5300	355	0.6	435000000000000.0
5300	355	0.7	405000000000000.0
5300	355	0.8	377000000000000.0
5300	355	0.9	350000000000000.0
5300	360	-1.0	813000000000000.0
5300	360	-0.95	802000000000000.0
5300	360	-0.9	791000000000000.0
5300	360	-0.85	779000000000000.0
5300	360	-0.8	767000000000000.0
5300	360	-0.75	756000000000000.0
5300	360	-0.7	745000000000000.0
5300	360	-0.65	733000000000000.0
5300	360	-0.6	721000000000000.0
5300	360	-0.55	709000000000000.0
5300	360	-0.5	697000000000000.0
5300	360	-0.45	684000000000000.0
5300	360	-0.4	672000000000000.0
5300	360	-0.35	659000000000000.0
5300	360	-0.3	647000000000000.0
5300	360	-0.25	634000000000000.0
5300	360	-0.2	621000000000000.0
5300	360	-0.15	608000000000000.0
5300	360	-0.1	595000000000000.0
5300	360	-0.05	582000000000000.0
5300	360	0.0	568000000000000.0
5300	360	0.05	555000000000000.0
5300	360	0.1	542000000000000.0
5300	360	0.15	529000000000000.0
5300	360	0.2	516000000000000.0
5300	360	0.25	503000000000000.0
5300	360	0.3	490000000000000.0
5300	360	0.35	477000000000000.0
5300	360	0.4	464000000000000.0
5300	360	0.45	451000000000000.0
5300	360	0.5	439000000000000.0
5300	360	0.6	413000000000000.0
5300	360	0.7	388000000000000.0
5300	360	0.8	364000000000000.0
5300	360	0.9	341000000000000.0
5300	365	-1.0	981000000000000.0
5300	365	-0.95	974000000000000.0
5300	365	-0.9	968000000000000.0
5300	365	-0.85	961000000000000.0
5300	365	-0.8	954000000000000.0
5300	365	-0.75	946000000000000.0
5300	365	-0.7	939000000000000.0
5300	365	-0.65	932000000000000.0
5300	365	-0.6	925000000000000.0
5300	365	-0.55	917000000000000.0
5300	365	-0.5	909000000000000.0
5300	365	-0.45	900000000000000.0
5300	365	-0.4	892000000000000.0
5300	365	-0.35	884000000000000.0
5300	365	-0.3	876000000000000.0
5300	365	-0.25	867000000000000.0
5300	365	-0.2	858000000000000.0
5300	365	-0.15	849000000000000.0
5300	365	-0.1	840000000000000.0
5300	365	-0.05	830000000000000.0
5300	365	0.0	820000000000000.0
5300	365	0.05	810000000000000.0
5300	365	0.1	800000000000000.0
5300	365	0.15	789000000000000.0
5300	365	0.2	779000000000000.0
5300	365	0.25	768000000000000.0
5300	365	0.3	756000000000000.0
5300	365	0.35	745000000000000.0
5300	365	0.4	733000000000000.0
5300	365	0.45	721000000000000.0
5300	365	0.5	709000000000000.0
5300	365	0.6	684000000000000.0
5300	365	0.7	657000000000000.0
5300	365	0.8	630000000000000.0
5300	365	0.9	602000000000000.0
5300	370	-1.0	965000000000000.0
5300	370	-0.95	957000000000000.0
5300	370	-0.9	950000000000000.0
5300	370	-0.85	942000000000000.0
5300	370	-0.8	934000000000000.0
5300	370	-0.75	925000000000000.0
5300	370	-0.7	917000000000000.0
5300	370	-0.65	909000000000000.0
5300	370	-0.6	900000000000000.0
5300	370	-0.55	892000000000000.0
5300	370	-0.5	883000000000000.0
5300	370	-0.45	873000000000000.0
5300	370	-0.4	864000000000000.0
5300	370	-0.35	855000000000000.0
5300	370	-0.3	845000000000000.0
5300	370	-0.25	835000000000000.0
5300	370	-0.2	825000000000000.0
5300	370	-0.15	815000000000000.0
5300	370	-0.1	805000000000000.0
5300	370	-0.05	795000000000000.0
5300	370	0.0	784000000000000.0
5300	370	0.05	773000000000000.0
5300	370	0.1	762000000000000.0
5300	370	0.15	751000000000000.0
5300	370	0.2	739000000000000.0
5300	370	0.25	728000000000000.0
5300	370	0.3	716000000000000.0
5300	370	0.35	704000000000000.0
5300	370	0.4	692000000000000.0
5300	370	0.45	680000000000000.0
5300	370	0.5	667000000000000.0
5300	370	0.6	641000000000000.0
5300	370	0.7	615000000000000.0
5300	370	0.8	589000000000000.0
5300	370	0.9	562000000000000.0
5300	375	-1.0	890000000000000.0
5300	375	-0.95	879000000000000.0
5300	375	-0.9	867000000000000.0
5300	375	-0.85	855000000000000.0
5300	375	-0.8	843000000000000.0
5300	375	-0.75	831000000000000.0
5300	375	-0.7	819000000000000.0
5300	375	-0.65	806000000000000.0
5300	375	-0.6	794000000000000.0
5300	375	-0.55	781000000000000.0
5300	375	-0.5	768000000000000.0
5300	375	-0.45	755000000000000.0
5300	375	-0.4	742000000000000.0
5300	375	-0.35	728000000000000.0
5300	375	-0.3	715000000000000.0
5300	375	-0.25	701000000000000.0
5300	375	-0.2	687000000000000.0
5300	375	-0.15	673000000000000.0
5300	375	-0.1	659000000000000.0
5300	375	-0.05	644000000000000.0
5300	375	0.0	630000000000000.0
5300	375	0.05	615000000000000.0
5300	375	0.1	601000000000000.0
5300	375	0.15	587000000000000.0
5300	375	0.2	572000000000000.0
5300	375	0.25	558000000000000.0
5300	375	0.3	544000000000000.0
5300	375	0.35	530000000000000.0
5300	375	0.4	515000000000000.0
5300	375	0.45	501000000000000.0
5300	375	0.5	487000000000000.0
5300	375	0.6	459000000000000.0
5300	375	0.7	432000000000000.0
5300	375	0.8	407000000000000.0
5300	375	0.9	382000000000000.0
5300	380	-1.0	1080000000000000.0
5300	380	-0.95	1070000000000000.0
5300	380	-0.9	1050000000000000.0
5300	380	-0.85	1040000000000000.0
5300	380	-0.8	1030000000000000.0
5300	380	-0.75	1010000000000000.0
5300	380	-0.7	997000000000000.0
5300	380	-0.65	981000000000000.0
5300	380	-0.6	966000000000000.0
5300	380	-0.55	949000000000000.0
5300	380	-0.5	932000000000000.0
5300	380	-0.45	915000000000000.0
5300	380	-0.4	898000000000000.0
5300	380	-0.35	880000000000000.0
5300	380	-0.3	862000000000000.0
5300	380	-0.25	844000000000000.0
5300	380	-0.2	825000000000000.0
5300	380	-0.15	807000000000000.0
5300	380	-0.1	788000000000000.0
5300	380	-0.05	769000000000000.0
5300	380	0.0	750000000000000.0
5300	380	0.05	731000000000000.0
5300	380	0.1	712000000000000.0
5300	380	0.15	694000000000000.0
5300	380	0.2	675000000000000.0
5300	380	0.25	657000000000000.0
5300	380	0.3	638000000000000.0
5300	380	0.35	620000000000000.0
5300	380	0.4	602000000000000.0
5300	380	0.45	584000000000000.0
5300	380	0.5	567000000000000.0
5300	380	0.6	533000000000000.0
5300	380	0.7	500000000000000.0
5300	380	0.8	469000000000000.0
5300	380	0.9	439000000000000.0
5300	385	-1.0	886000000000000.0
5300	385	-0.95	864000000000000.0
5300	385	-0.9	843000000000000.0
5300	385	-0.85	822000000000000.0
5300	385	-0.8	800000000000000.0
5300	385	-0.75	777000000000000.0
5300	385	-0.7	755000000000000.0
5300	385	-0.65	733000000000000.0
5300	385	-0.6	710000000000000.0
5300	385	-0.55	688000000000000.0
5300	385	-0.5	666000000000000.0
5300	385	-0.45	645000000000000.0
5300	385	-0.4	624000000000000.0
5300	385	-0.35	602000000000000.0
5300	385	-0.3	581000000000000.0
5300	385	-0.25	561000000000000.0
5300	385	-0.2	541000000000000.0
5300	385	-0.15	522000000000000.0
5300	385	-0.1	503000000000000.0
5300	385	-0.05	484000000000000.0
5300	385	0.0	466000000000000.0
5300	385	0.05	448000000000000.0
5300	385	0.1	432000000000000.0
5300	385	0.15	416000000000000.0
5300	385	0.2	400000000000000.0
5300	385	0.25	385000000000000.0
5300	385	0.3	371000000000000.0
5300	385	0.35	357000000000000.0
5300	385	0.4	344000000000000.0
5300	385	0.45	331000000000000.0
5300	385	0.5	319000000000000.0
5300	385	0.6	296000000000000.0
5300	385	0.7	275000000000000.0
5300	385	0.8	256000000000000.0
5300	385	0.9	239000000000000.0
5300	390	-1.0	1010000000000000.0
5300	390	-0.95	1000000000000000.0
5300	390	-0.9	989000000000000.0
5300	390	-0.85	977000000000000.0
5300	390	-0.8	966000000000000.0
5300	390	-0.75	954000000000000.0
5300	390	-0.7	943000000000000.0
5300	390	-0.65	932000000000000.0
5300	390	-0.6	921000000000000.0
5300	390	-0.55	909000000000000.0
5300	390	-0.5	898000000000000.0
5300	390	-0.45	887000000000000.0
5300	390	-0.4	876000000000000.0
5300	390	-0.35	865000000000000.0
5300	390	-0.3	854000000000000.0
5300	390	-0.25	843000000000000.0
5300	390	-0.2	832000000000000.0
5300	390	-0.15	820000000000000.0
5300	390	-0.1	809000000000000.0
5300	390	-0.05	798000000000000.0
5300	390	0.0	786000000000000.0
5300	390	0.05	775000000000000.0
5300	390	0.1	764000000000000.0
5300	390	0.15	752000000000000.0
5300	390	0.2	741000000000000.0
5300	390	0.25	729000000000000.0
5300	390	0.3	718000000000000.0
5300	390	0.35	707000000000000.0
5300	390	0.4	695000000000000.0
5300	390	0.45	683000000000000.0
5300	390	0.5	671000000000000.0
5300	390	0.6	647000000000000.0
5300	390	0.7	623000000000000.0
5300	390	0.8	600000000000000.0
5300	390	0.9	575000000000000.0
5300	395	-1.0	809000000000000.0
5300	395	-0.95	798000000000000.0
5300	395	-0.9	786000000000000.0
5300	395	-0.85	775000000000000.0
5300	395	-0.8	763000000000000.0
5300	395	-0.75	753000000000000.0
5300	395	-0.7	742000000000000.0
5300	395	-0.65	731000000000000.0
5300	395	-0.6	720000000000000.0
5300	395	-0.55	709000000000000.0
5300	395	-0.5	699000000000000.0
5300	395	-0.45	689000000000000.0
5300	395	-0.4	679000000000000.0
5300	395	-0.35	668000000000000.0
5300	395	-0.3	659000000000000.0
5300	395	-0.25	649000000000000.0
5300	395	-0.2	638000000000000.0
5300	395	-0.15	628000000000000.0
5300	395	-0.1	618000000000000.0
5300	395	-0.05	608000000000000.0
5300	395	0.0	598000000000000.0
5300	395	0.05	588000000000000.0
5300	395	0.1	578000000000000.0
5300	395	0.15	568000000000000.0
5300	395	0.2	558000000000000.0
5300	395	0.25	548000000000000.0
5300	395	0.3	539000000000000.0
5300	395	0.35	529000000000000.0
5300	395	0.4	519000000000000.0
5300	395	0.45	509000000000000.0
5300	395	0.5	499000000000000.0
5300	395	0.6	478000000000000.0
5300	395	0.7	458000000000000.0
5300	395	0.8	438000000000000.0
5300	395	0.9	418000000000000.0
5300	400	-1.0	1410000000000000.0
5300	400	-0.95	1400000000000000.0
5300	400	-0.9	1400000000000000.0
5300	400	-0.85	1390000000000000.0
5300	400	-0.8	1390000000000000.0
5300	400	-0.75	1380000000000000.0
5300	400	-0.7	1380000000000000.0
5300	400	-0.65	1370000000000000.0
5300	400	-0.6	1370000000000000.0
5300	400	-0.55	1360000000000000.0
5300	400	-0.5	1350000000000000.0
5300	400	-0.45	1340000000000000.0
5300	400	-0.4	1340000000000000.0
5300	400	-0.35	1330000000000000.0
5300	400	-0.3	1320000000000000.0
5300	400	-0.25	1310000000000000.0
5300	400	-0.2	1310000000000000.0
5300	400	-0.15	1300000000000000.0
5300	400	-0.1	1290000000000000.0
5300	400	-0.05	1280000000000000.0
5300	400	0.0	1270000000000000.0
5300	400	0.05	1260000000000000.0
5300	400	0.1	1250000000000000.0
5300	400	0.15	1240000000000000.0
5300	400	0.2	1230000000000000.0
5300	400	0.25	1210000000000000.0
5300	400	0.3	1200000000000000.0
5300	400	0.35	1190000000000000.0
5300	400	0.4	1180000000000000.0
5300	400	0.45	1160000000000000.0
5300	400	0.5	1150000000000000.0
5300	400	0.6	1120000000000000.0
5300	400	0.7	1090000000000000.0
5300	400	0.8	1060000000000000.0
5300	400	0.9	1030000000000000.0
5300	405	-1.0	1420000000000000.0
5300	405	-0.95	1410000000000000.0
5300	405	-0.9	1400000000000000.0
5300	405	-0.85	1400000000000000.0
5300	405	-0.8	1390000000000000.0
5300	405	-0.75	1390000000000000.0
5300	405	-0.7	1380000000000000.0
5300	405	-0.65	1370000000000000.0
5300	405	-0.6	1370000000000000.0
5300	405	-0.55	1360000000000000.0
5300	405	-0.5	1350000000000000.0
5300	405	-0.45	1340000000000000.0
5300	405	-0.4	1330000000000000.0
5300	405	-0.35	1320000000000000.0
5300	405	-0.3	1310000000000000.0
5300	405	-0.25	1300000000000000.0
5300	405	-0.2	1290000000000000.0
5300	405	-0.15	1280000000000000.0
5300	405	-0.1	1270000000000000.0
5300	405	-0.05	1260000000000000.0
5300	405	0.0	1240000000000000.0
5300	405	0.05	1230000000000000.0
5300	405	0.1	1220000000000000.0
5300	405	0.15	1210000000000000.0
5300	405	0.2	1190000000000000.0
5300	405	0.25	1180000000000000.0
5300	405	0.3	1160000000000000.0
5300	405	0.35	1150000000000000.0
5300	405	0.4	1130000000000000.0
5300	405	0.45	1120000000000000.0
5300	405	0.5	1100000000000000.0
5300	405	0.6	1070000000000000.0
5300	405	0.7	1030000000000000.0
5300	405	0.8	998000000000000.0
5300	405	0.9	961000000000000.0
5300	410	-1.0	1540000000000000.0
5300	410	-0.95	1540000000000000.0
5300	410	-0.9	1540000000000000.0
5300	410	-0.85	1530000000000000.0
5300	410	-0.8	1530000000000000.0
5300	410	-0.75	1530000000000000.0
5300	410	-0.7	1520000000000000.0
5300	410	-0.65	1520000000000000.0
5300	410	-0.6	1520000000000000.0
5300	410	-0.55	1510000000000000.0
5300	410	-0.5	1510000000000000.0
5300	410	-0.45	1500000000000000.0
5300	410	-0.4	1500000000000000.0
5300	410	-0.35	1490000000000000.0
5300	410	-0.3	1480000000000000.0
5300	410	-0.25	1470000000000000.0
5300	410	-0.2	1470000000000000.0
5300	410	-0.15	1460000000000000.0
5300	410	-0.1	1450000000000000.0
5300	410	-0.05	1440000000000000.0
5300	410	0.0	1430000000000000.0
5300	410	0.05	1420000000000000.0
5300	410	0.1	1410000000000000.0
5300	410	0.15	1390000000000000.0
5300	410	0.2	1380000000000000.0
5300	410	0.25	1370000000000000.0
5300	410	0.3	1350000000000000.0
5300	410	0.35	1340000000000000.0
5300	410	0.4	1320000000000000.0
5300	410	0.45	1300000000000000.0
5300	410	0.5	1290000000000000.0
5300	410	0.6	1250000000000000.0
5300	410	0.7	1210000000000000.0
5300	410	0.8	1170000000000000.0
5300	410	0.9	1130000000000000.0
5300	415	-1.0	1550000000000000.0
5300	415	-0.95	1550000000000000.0
5300	415	-0.9	1540000000000000.0
5300	415	-0.85	1540000000000000.0
5300	415	-0.8	1540000000000000.0
5300	415	-0.75	1520000000000000.0
5300	415	-0.7	1520000000000000.0
5300	415	-0.65	1510000000000000.0
5300	415	-0.6	1500000000000000.0
5300	415	-0.55	1500000000000000.0
5300	415	-0.5	1490000000000000.0
5300	415	-0.45	1480000000000000.0
5300	415	-0.4	1470000000000000.0
5300	415	-0.35	1460000000000000.0
5300	415	-0.3	1440000000000000.0
5300	415	-0.25	1430000000000000.0
5300	415	-0.2	1420000000000000.0
5300	415	-0.15	1400000000000000.0
5300	415	-0.1	1390000000000000.0
5300	415	-0.05	1370000000000000.0
5300	415	0.0	1350000000000000.0
5300	415	0.05	1330000000000000.0
5300	415	0.1	1320000000000000.0
5300	415	0.15	1300000000000000.0
5300	415	0.2	1280000000000000.0
5300	415	0.25	1260000000000000.0
5300	415	0.3	1230000000000000.0
5300	415	0.35	1210000000000000.0
5300	415	0.4	1190000000000000.0
5300	415	0.45	1170000000000000.0
5300	415	0.5	1140000000000000.0
5300	415	0.6	1090000000000000.0
5300	415	0.7	1050000000000000.0
5300	415	0.8	999000000000000.0
5300	415	0.9	952000000000000.0
5300	420	-1.0	1510000000000000.0
5300	420	-0.95	1500000000000000.0
5300	420	-0.9	1500000000000000.0
5300	420	-0.85	1490000000000000.0
5300	420	-0.8	1490000000000000.0
5300	420	-0.75	1480000000000000.0
5300	420	-0.7	1480000000000000.0
5300	420	-0.65	1470000000000000.0
5300	420	-0.6	1470000000000000.0
5300	420	-0.55	1460000000000000.0
5300	420	-0.5	1450000000000000.0
5300	420	-0.45	1450000000000000.0
5300	420	-0.4	1440000000000000.0
5300	420	-0.35	1430000000000000.0
5300	420	-0.3	1420000000000000.0
5300	420	-0.25	1410000000000000.0
5300	420	-0.2	1400000000000000.0
5300	420	-0.15	1390000000000000.0
5300	420	-0.1	1380000000000000.0
5300	420	-0.05	1360000000000000.0
5300	420	0.0	1350000000000000.0
5300	420	0.05	1340000000000000.0
5300	420	0.1	1320000000000000.0
5300	420	0.15	1310000000000000.0
5300	420	0.2	1290000000000000.0
5300	420	0.25	1280000000000000.0
5300	420	0.3	1260000000000000.0
5300	420	0.35	1250000000000000.0
5300	420	0.4	1230000000000000.0
5300	420	0.45	1210000000000000.0
5300	420	0.5	1200000000000000.0
5300	420	0.6	1160000000000000.0
5300	420	0.7	1130000000000000.0
5300	420	0.8	1100000000000000.0
5300	420	0.9	1060000000000000.0
5300	425	-1.0	1390000000000000.0
5300	425	-0.95	1390000000000000.0
5300	425	-0.9	1380000000000000.0
5300	425	-0.85	1380000000000000.0
5300	425	-0.8	1370000000000000.0
5300	425	-0.75	1370000000000000.0
5300	425	-0.7	1370000000000000.0
5300	425	-0.65	1360000000000000.0
5300	425	-0.6	1360000000000000.0
5300	425	-0.55	1350000000000000.0
5300	425	-0.5	1350000000000000.0
5300	425	-0.45	1340000000000000.0
5300	425	-0.4	1340000000000000.0
5300	425	-0.35	1340000000000000.0
5300	425	-0.3	1330000000000000.0
5300	425	-0.25	1330000000000000.0
5300	425	-0.2	1320000000000000.0
5300	425	-0.15	1320000000000000.0
5300	425	-0.1	1310000000000000.0
5300	425	-0.05	1310000000000000.0
5300	425	0.0	1300000000000000.0
5300	425	0.05	1300000000000000.0
5300	425	0.1	1290000000000000.0
5300	425	0.15	1280000000000000.0
5300	425	0.2	1280000000000000.0
5300	425	0.25	1270000000000000.0
5300	425	0.3	1260000000000000.0
5300	425	0.35	1260000000000000.0
5300	425	0.4	1250000000000000.0
5300	425	0.45	1240000000000000.0
5300	425	0.5	1230000000000000.0
5300	425	0.6	1210000000000000.0
5300	425	0.7	1200000000000000.0
5300	425	0.8	1180000000000000.0
5300	425	0.9	1160000000000000.0
5300	430	-1.0	1200000000000000.0
5300	430	-0.95	1190000000000000.0
5300	430	-0.9	1190000000000000.0
5300	430	-0.85	1190000000000000.0
5300	430	-0.8	1180000000000000.0
5300	430	-0.75	1180000000000000.0
5300	430	-0.7	1180000000000000.0
5300	430	-0.65	1170000000000000.0
5300	430	-0.6	1170000000000000.0
5300	430	-0.55	1170000000000000.0
5300	430	-0.5	1170000000000000.0
5300	430	-0.45	1160000000000000.0
5300	430	-0.4	1160000000000000.0
5300	430	-0.35	1160000000000000.0
5300	430	-0.3	1160000000000000.0
5300	430	-0.25	1160000000000000.0
5300	430	-0.2	1150000000000000.0
5300	430	-0.15	1150000000000000.0
5300	430	-0.1	1150000000000000.0
5300	430	-0.05	1150000000000000.0
5300	430	0.0	1140000000000000.0
5300	430	0.05	1140000000000000.0
5300	430	0.1	1140000000000000.0
5300	430	0.15	1130000000000000.0
5300	430	0.2	1130000000000000.0
5300	430	0.25	1130000000000000.0
5300	430	0.3	1120000000000000.0
5300	430	0.35	1120000000000000.0
5300	430	0.4	1110000000000000.0
5300	430	0.45	1110000000000000.0
5300	430	0.5	1110000000000000.0
5300	430	0.6	1090000000000000.0
5300	430	0.7	1080000000000000.0
5300	430	0.8	1070000000000000.0
5300	430	0.9	1060000000000000.0
5300	435	-1.0	1530000000000000.0
5300	435	-0.95	1530000000000000.0
5300	435	-0.9	1520000000000000.0
5300	435	-0.85	1520000000000000.0
5300	435	-0.8	1520000000000000.0
5300	435	-0.75	1520000000000000.0
5300	435	-0.7	1520000000000000.0
5300	435	-0.65	1520000000000000.0
5300	435	-0.6	1520000000000000.0
5300	435	-0.55	1520000000000000.0
5300	435	-0.5	1520000000000000.0
5300	435	-0.45	1520000000000000.0
5300	435	-0.4	1520000000000000.0
5300	435	-0.35	1520000000000000.0
5300	435	-0.3	1520000000000000.0
5300	435	-0.25	1520000000000000.0
5300	435	-0.2	1520000000000000.0
5300	435	-0.15	1520000000000000.0
5300	435	-0.1	1520000000000000.0
5300	435	-0.05	1520000000000000.0
5300	435	0.0	1520000000000000.0
5300	435	0.05	1520000000000000.0
5300	435	0.1	1520000000000000.0
5300	435	0.15	1520000000000000.0
5300	435	0.2	1510000000000000.0
5300	435	0.25	1510000000000000.0
5300	435	0.3	1510000000000000.0
5300	435	0.35	1510000000000000.0
5300	435	0.4	1510000000000000.0
5300	435	0.45	1500000000000000.0
5300	435	0.5	1500000000000000.0
5300	435	0.6	1500000000000000.0
5300	435	0.7	1490000000000000.0
5300	435	0.8	1480000000000000.0
5300	435	0.9	1470000000000000.0
5300	440	-1.0	1570000000000000.0
5300	440	-0.95	1570000000000000.0
5300	440	-0.9	1560000000000000.0
5300	440	-0.85	1560000000000000.0
5300	440	-0.8	1560000000000000.0
5300	440	-0.75	1550000000000000.0
5300	440	-0.7	1550000000000000.0
5300	440	-0.65	1550000000000000.0
5300	440	-0.6	1550000000000000.0
5300	440	-0.55	1550000000000000.0
5300	440	-0.5	1540000000000000.0
5300	440	-0.45	1540000000000000.0
5300	440	-0.4	1540000000000000.0
5300	440	-0.35	1540000000000000.0
5300	440	-0.3	1540000000000000.0
5300	440	-0.25	1530000000000000.0
5300	440	-0.2	1530000000000000.0
5300	440	-0.15	1530000000000000.0
5300	440	-0.1	1530000000000000.0
5300	440	-0.05	1530000000000000.0
5300	440	0.0	1520000000000000.0
5300	440	0.05	1520000000000000.0
5300	440	0.1	1520000000000000.0
5300	440	0.15	1520000000000000.0
5300	440	0.2	1510000000000000.0
5300	440	0.25	1510000000000000.0
5300	440	0.3	1510000000000000.0
5300	440	0.35	1510000000000000.0
5300	440	0.4	1500000000000000.0
5300	440	0.45	1500000000000000.0
5300	440	0.5	1500000000000000.0
5300	440	0.6	1490000000000000.0
5300	440	0.7	1480000000000000.0
5300	440	0.8	1470000000000000.0
5300	440	0.9	1460000000000000.0
5300	445	-1.0	1800000000000000.0
5300	445	-0.95	1800000000000000.0
5300	445	-0.9	1800000000000000.0
5300	445	-0.85	1800000000000000.0
5300	445	-0.8	1800000000000000.0
5300	445	-0.75	1790000000000000.0
5300	445	-0.7	1790000000000000.0
5300	445	-0.65	1790000000000000.0
5300	445	-0.6	1790000000000000.0
5300	445	-0.55	1790000000000000.0
5300	445	-0.5	1780000000000000.0
5300	445	-0.45	1780000000000000.0
5300	445	-0.4	1780000000000000.0
5300	445	-0.35	1770000000000000.0
5300	445	-0.3	1770000000000000.0
5300	445	-0.25	1760000000000000.0
5300	445	-0.2	1760000000000000.0
5300	445	-0.15	1760000000000000.0
5300	445	-0.1	1750000000000000.0
5300	445	-0.05	1750000000000000.0
5300	445	0.0	1740000000000000.0
5300	445	0.05	1740000000000000.0
5300	445	0.1	1730000000000000.0
5300	445	0.15	1720000000000000.0
5300	445	0.2	1720000000000000.0
5300	445	0.25	1710000000000000.0
5300	445	0.3	1700000000000000.0
5300	445	0.35	1700000000000000.0
5300	445	0.4	1690000000000000.0
5300	445	0.45	1680000000000000.0
5300	445	0.5	1670000000000000.0
5300	445	0.6	1650000000000000.0
5300	445	0.7	1630000000000000.0
5300	445	0.8	1610000000000000.0
5300	445	0.9	1590000000000000.0
5300	450	-1.0	1960000000000000.0
5300	450	-0.95	1960000000000000.0
5300	450	-0.9	1970000000000000.0
5300	450	-0.85	1970000000000000.0
5300	450	-0.8	1980000000000000.0
5300	450	-0.75	1980000000000000.0
5300	450	-0.7	1990000000000000.0
5300	450	-0.65	1990000000000000.0
5300	450	-0.6	1990000000000000.0
5300	450	-0.55	2000000000000000.0
5300	450	-0.5	2000000000000000.0
5300	450	-0.45	2000000000000000.0
5300	450	-0.4	2010000000000000.0
5300	450	-0.35	2010000000000000.0
5300	450	-0.3	2010000000000000.0
5300	450	-0.25	2010000000000000.0
5300	450	-0.2	2020000000000000.0
5300	450	-0.15	2020000000000000.0
5300	450	-0.1	2020000000000000.0
5300	450	-0.05	2020000000000000.0
5300	450	0.0	2020000000000000.0
5300	450	0.05	2020000000000000.0
5300	450	0.1	2020000000000000.0
5300	450	0.15	2020000000000000.0
5300	450	0.2	2020000000000000.0
5300	450	0.25	2020000000000000.0
5300	450	0.3	2020000000000000.0
5300	450	0.35	2010000000000000.0
5300	450	0.4	2010000000000000.0
5300	450	0.45	2010000000000000.0
5300	450	0.5	2010000000000000.0
5300	450	0.6	2000000000000000.0
5300	450	0.7	1990000000000000.0
5300	450	0.8	1980000000000000.0
5300	450	0.9	1960000000000000.0
5300	455	-1.0	1960000000000000.0
5300	455	-0.95	1970000000000000.0
5300	455	-0.9	1970000000000000.0
5300	455	-0.85	1970000000000000.0
5300	455	-0.8	1980000000000000.0
5300	455	-0.75	1980000000000000.0
5300	455	-0.7	1980000000000000.0
5300	455	-0.65	1990000000000000.0
5300	455	-0.6	1990000000000000.0
5300	455	-0.55	1990000000000000.0
5300	455	-0.5	1990000000000000.0
5300	455	-0.45	1990000000000000.0
5300	455	-0.4	2000000000000000.0
5300	455	-0.35	2000000000000000.0
5300	455	-0.3	2000000000000000.0
5300	455	-0.25	2000000000000000.0
5300	455	-0.2	2000000000000000.0
5300	455	-0.15	2000000000000000.0
5300	455	-0.1	2000000000000000.0
5300	455	-0.05	2000000000000000.0
5300	455	0.0	2000000000000000.0
5300	455	0.05	2000000000000000.0
5300	455	0.1	1990000000000000.0
5300	455	0.15	1990000000000000.0
5300	455	0.2	1990000000000000.0
5300	455	0.25	1980000000000000.0
5300	455	0.3	1980000000000000.0
5300	455	0.35	1980000000000000.0
5300	455	0.4	1970000000000000.0
5300	455	0.45	1970000000000000.0
5300	455	0.5	1960000000000000.0
5300	455	0.6	1950000000000000.0
5300	455	0.7	1940000000000000.0
5300	455	0.8	1920000000000000.0
5300	455	0.9	1910000000000000.0
5300	460	-1.0	2030000000000000.0
5300	460	-0.95	2030000000000000.0
5300	460	-0.9	2040000000000000.0
5300	460	-0.85	2040000000000000.0
5300	460	-0.8	2040000000000000.0
5300	460	-0.75	2050000000000000.0
5300	460	-0.7	2050000000000000.0
5300	460	-0.65	2060000000000000.0
5300	460	-0.6	2060000000000000.0
5300	460	-0.55	2060000000000000.0
5300	460	-0.5	2070000000000000.0
5300	460	-0.45	2070000000000000.0
5300	460	-0.4	2070000000000000.0
5300	460	-0.35	2070000000000000.0
5300	460	-0.3	2080000000000000.0
5300	460	-0.25	2080000000000000.0
5300	460	-0.2	2080000000000000.0
5300	460	-0.15	2080000000000000.0
5300	460	-0.1	2080000000000000.0
5300	460	-0.05	2080000000000000.0
5300	460	0.0	2080000000000000.0
5300	460	0.05	2080000000000000.0
5300	460	0.1	2080000000000000.0
5300	460	0.15	2080000000000000.0
5300	460	0.2	2080000000000000.0
5300	460	0.25	2080000000000000.0
5300	460	0.3	2080000000000000.0
5300	460	0.35	2080000000000000.0
5300	460	0.4	2070000000000000.0
5300	460	0.45	2070000000000000.0
5300	460	0.5	2070000000000000.0
5300	460	0.6	2060000000000000.0
5300	460	0.7	2050000000000000.0
5300	460	0.8	2040000000000000.0
5300	460	0.9	2030000000000000.0
5300	465	-1.0	2070000000000000.0
5300	465	-0.95	2070000000000000.0
5300	465	-0.9	2070000000000000.0
5300	465	-0.85	2080000000000000.0
5300	465	-0.8	2080000000000000.0
5300	465	-0.75	2090000000000000.0
5300	465	-0.7	2090000000000000.0
5300	465	-0.65	2100000000000000.0
5300	465	-0.6	2100000000000000.0
5300	465	-0.55	2100000000000000.0
5300	465	-0.5	2100000000000000.0
5300	465	-0.45	2100000000000000.0
5300	465	-0.4	2110000000000000.0
5300	465	-0.35	2110000000000000.0
5300	465	-0.3	2110000000000000.0
5300	465	-0.25	2110000000000000.0
5300	465	-0.2	2110000000000000.0
5300	465	-0.15	2110000000000000.0
5300	465	-0.1	2110000000000000.0
5300	465	-0.05	2110000000000000.0
5300	465	0.0	2110000000000000.0
5300	465	0.05	2100000000000000.0
5300	465	0.1	2100000000000000.0
5300	465	0.15	2100000000000000.0
5300	465	0.2	2100000000000000.0
5300	465	0.25	2090000000000000.0
5300	465	0.3	2090000000000000.0
5300	465	0.35	2080000000000000.0
5300	465	0.4	2080000000000000.0
5300	465	0.45	2070000000000000.0
5300	465	0.5	2060000000000000.0
5300	465	0.6	2050000000000000.0
5300	465	0.7	2030000000000000.0
5300	465	0.8	2020000000000000.0
5300	465	0.9	1990000000000000.0
5300	470	-1.0	2110000000000000.0
5300	470	-0.95	2110000000000000.0
5300	470	-0.9	2120000000000000.0
5300	470	-0.85	2120000000000000.0
5300	470	-0.8	2130000000000000.0
5300	470	-0.75	2130000000000000.0
5300	470	-0.7	2130000000000000.0
5300	470	-0.65	2140000000000000.0
5300	470	-0.6	2140000000000000.0
5300	470	-0.55	2150000000000000.0
5300	470	-0.5	2150000000000000.0
5300	470	-0.45	2150000000000000.0
5300	470	-0.4	2150000000000000.0
5300	470	-0.35	2150000000000000.0
5300	470	-0.3	2160000000000000.0
5300	470	-0.25	2160000000000000.0
5300	470	-0.2	2160000000000000.0
5300	470	-0.15	2160000000000000.0
5300	470	-0.1	2160000000000000.0
5300	470	-0.05	2160000000000000.0
5300	470	0.0	2160000000000000.0
5300	470	0.05	2150000000000000.0
5300	470	0.1	2150000000000000.0
5300	470	0.15	2150000000000000.0
5300	470	0.2	2150000000000000.0
5300	470	0.25	2140000000000000.0
5300	470	0.3	2140000000000000.0
5300	470	0.35	2130000000000000.0
5300	470	0.4	2130000000000000.0
5300	470	0.45	2120000000000000.0
5300	470	0.5	2120000000000000.0
5300	470	0.6	2100000000000000.0
5300	470	0.7	2090000000000000.0
5300	470	0.8	2070000000000000.0
5300	470	0.9	2050000000000000.0
5300	475	-1.0	2130000000000000.0
5300	475	-0.95	2130000000000000.0
5300	475	-0.9	2140000000000000.0
5300	475	-0.85	2150000000000000.0
5300	475	-0.8	2150000000000000.0
5300	475	-0.75	2150000000000000.0
5300	475	-0.7	2160000000000000.0
5300	475	-0.65	2160000000000000.0
5300	475	-0.6	2170000000000000.0
5300	475	-0.55	2180000000000000.0
5300	475	-0.5	2180000000000000.0
5300	475	-0.45	2180000000000000.0
5300	475	-0.4	2190000000000000.0
5300	475	-0.35	2190000000000000.0
5300	475	-0.3	2190000000000000.0
5300	475	-0.25	2200000000000000.0
5300	475	-0.2	2200000000000000.0
5300	475	-0.15	2200000000000000.0
5300	475	-0.1	2200000000000000.0
5300	475	-0.05	2210000000000000.0
5300	475	0.0	2210000000000000.0
5300	475	0.05	2210000000000000.0
5300	475	0.1	2210000000000000.0
5300	475	0.15	2210000000000000.0
5300	475	0.2	2210000000000000.0
5300	475	0.25	2210000000000000.0
5300	475	0.3	2210000000000000.0
5300	475	0.35	2210000000000000.0
5300	475	0.4	2210000000000000.0
5300	475	0.45	2210000000000000.0
5300	475	0.5	2210000000000000.0
5300	475	0.6	2210000000000000.0
5300	475	0.7	2200000000000000.0
5300	475	0.8	2200000000000000.0
5300	475	0.9	2190000000000000.0
5300	480	-1.0	2160000000000000.0
5300	480	-0.95	2170000000000000.0
5300	480	-0.9	2170000000000000.0
5300	480	-0.85	2190000000000000.0
5300	480	-0.8	2200000000000000.0
5300	480	-0.75	2190000000000000.0
5300	480	-0.7	2200000000000000.0
5300	480	-0.65	2210000000000000.0
5300	480	-0.6	2210000000000000.0
5300	480	-0.55	2220000000000000.0
5300	480	-0.5	2230000000000000.0
5300	480	-0.45	2230000000000000.0
5300	480	-0.4	2240000000000000.0
5300	480	-0.35	2240000000000000.0
5300	480	-0.3	2250000000000000.0
5300	480	-0.25	2250000000000000.0
5300	480	-0.2	2260000000000000.0
5300	480	-0.15	2260000000000000.0
5300	480	-0.1	2270000000000000.0
5300	480	-0.05	2270000000000000.0
5300	480	0.0	2280000000000000.0
5300	480	0.05	2280000000000000.0
5300	480	0.1	2280000000000000.0
5300	480	0.15	2290000000000000.0
5300	480	0.2	2290000000000000.0
5300	480	0.25	2300000000000000.0
5300	480	0.3	2300000000000000.0
5300	480	0.35	2300000000000000.0
5300	480	0.4	2300000000000000.0
5300	480	0.45	2310000000000000.0
5300	480	0.5	2310000000000000.0
5300	480	0.6	2310000000000000.0
5300	480	0.7	2310000000000000.0
5300	480	0.8	2320000000000000.0
5300	480	0.9	2320000000000000.0
5300	485	-1.0	2100000000000000.0
5300	485	-0.95	2110000000000000.0
5300	485	-0.9	2110000000000000.0
5300	485	-0.85	2120000000000000.0
5300	485	-0.8	2110000000000000.0
5300	485	-0.75	2120000000000000.0
5300	485	-0.7	2130000000000000.0
5300	485	-0.65	2130000000000000.0
5300	485	-0.6	2140000000000000.0
5300	485	-0.55	2140000000000000.0
5300	485	-0.5	2150000000000000.0
5300	485	-0.45	2150000000000000.0
5300	485	-0.4	2150000000000000.0
5300	485	-0.35	2160000000000000.0
5300	485	-0.3	2160000000000000.0
5300	485	-0.25	2160000000000000.0
5300	485	-0.2	2170000000000000.0
5300	485	-0.15	2170000000000000.0
5300	485	-0.1	2170000000000000.0
5300	485	-0.05	2170000000000000.0
5300	485	0.0	2180000000000000.0
5300	485	0.05	2180000000000000.0
5300	485	0.1	2180000000000000.0
5300	485	0.15	2180000000000000.0
5300	485	0.2	2180000000000000.0
5300	485	0.25	2190000000000000.0
5300	485	0.3	2190000000000000.0
5300	485	0.35	2190000000000000.0
5300	485	0.4	2190000000000000.0
5300	485	0.45	2190000000000000.0
5300	485	0.5	2190000000000000.0
5300	485	0.6	2190000000000000.0
5300	485	0.7	2190000000000000.0
5300	485	0.8	2190000000000000.0
5300	485	0.9	2190000000000000.0
5300	490	-1.0	2150000000000000.0
5300	490	-0.95	2150000000000000.0
5300	490	-0.9	2150000000000000.0
5300	490	-0.85	2160000000000000.0
5300	490	-0.8	2160000000000000.0
5300	490	-0.75	2160000000000000.0
5300	490	-0.7	2160000000000000.0
5300	490	-0.65	2170000000000000.0
5300	490	-0.6	2170000000000000.0
5300	490	-0.55	2170000000000000.0
5300	490	-0.5	2180000000000000.0
5300	490	-0.45	2180000000000000.0
5300	490	-0.4	2180000000000000.0
5300	490	-0.35	2180000000000000.0
5300	490	-0.3	2190000000000000.0
5300	490	-0.25	2190000000000000.0
5300	490	-0.2	2190000000000000.0
5300	490	-0.15	2190000000000000.0
5300	490	-0.1	2190000000000000.0
5300	490	-0.05	2200000000000000.0
5300	490	0.0	2200000000000000.0
5300	490	0.05	2200000000000000.0
5300	490	0.1	2200000000000000.0
5300	490	0.15	2200000000000000.0
5300	490	0.2	2200000000000000.0
5300	490	0.25	2200000000000000.0
5300	490	0.3	2210000000000000.0
5300	490	0.35	2210000000000000.0
5300	490	0.4	2210000000000000.0
5300	490	0.45	2210000000000000.0
5300	490	0.5	2210000000000000.0
5300	490	0.6	2210000000000000.0
5300	490	0.7	2200000000000000.0
5300	490	0.8	2200000000000000.0
5300	490	0.9	2190000000000000.0
5300	495	-1.0	2190000000000000.0
5300	495	-0.95	2200000000000000.0
5300	495	-0.9	2210000000000000.0
5300	495	-0.85	2200000000000000.0
5300	495	-0.8	2200000000000000.0
5300	495	-0.75	2220000000000000.0
5300	495	-0.7	2230000000000000.0
5300	495	-0.65	2230000000000000.0
5300	495	-0.6	2240000000000000.0
5300	495	-0.55	2240000000000000.0
5300	495	-0.5	2250000000000000.0
5300	495	-0.45	2250000000000000.0
5300	495	-0.4	2260000000000000.0
5300	495	-0.35	2260000000000000.0
5300	495	-0.3	2270000000000000.0
5300	495	-0.25	2270000000000000.0
5300	495	-0.2	2270000000000000.0
5300	495	-0.15	2280000000000000.0
5300	495	-0.1	2280000000000000.0
5300	495	-0.05	2290000000000000.0
5300	495	0.0	2290000000000000.0
5300	495	0.05	2300000000000000.0
5300	495	0.1	2300000000000000.0
5300	495	0.15	2310000000000000.0
5300	495	0.2	2310000000000000.0
5300	495	0.25	2310000000000000.0
5300	495	0.3	2320000000000000.0
5300	495	0.35	2320000000000000.0
5300	495	0.4	2320000000000000.0
5300	495	0.45	2330000000000000.0
5300	495	0.5	2330000000000000.0
5300	495	0.6	2340000000000000.0
5300	495	0.7	2340000000000000.0
5300	495	0.8	2340000000000000.0
5300	495	0.9	2350000000000000.0
5300	500	-1.0	2160000000000000.0
5300	500	-0.95	2160000000000000.0
5300	500	-0.9	2160000000000000.0
5300	500	-0.85	2160000000000000.0
5300	500	-0.8	2160000000000000.0
5300	500	-0.75	2160000000000000.0
5300	500	-0.7	2160000000000000.0
5300	500	-0.65	2170000000000000.0
5300	500	-0.6	2170000000000000.0
5300	500	-0.55	2170000000000000.0
5300	500	-0.5	2170000000000000.0
5300	500	-0.45	2170000000000000.0
5300	500	-0.4	2170000000000000.0
5300	500	-0.35	2170000000000000.0
5300	500	-0.3	2160000000000000.0
5300	500	-0.25	2160000000000000.0
5300	500	-0.2	2160000000000000.0
5300	500	-0.15	2160000000000000.0
5300	500	-0.1	2160000000000000.0
5300	500	-0.05	2160000000000000.0
5300	500	0.0	2150000000000000.0
5300	500	0.05	2150000000000000.0
5300	500	0.1	2150000000000000.0
5300	500	0.15	2140000000000000.0
5300	500	0.2	2140000000000000.0
5300	500	0.25	2140000000000000.0
5300	500	0.3	2130000000000000.0
5300	500	0.35	2130000000000000.0
5300	500	0.4	2120000000000000.0
5300	500	0.45	2120000000000000.0
5300	500	0.5	2120000000000000.0
5300	500	0.6	2100000000000000.0
5300	500	0.7	2090000000000000.0
5300	500	0.8	2080000000000000.0
5300	500	0.9	2060000000000000.0
5300	505	-1.0	2210000000000000.0
5300	505	-0.95	2220000000000000.0
5300	505	-0.9	2220000000000000.0
5300	505	-0.85	2220000000000000.0
5300	505	-0.8	2220000000000000.0
5300	505	-0.75	2230000000000000.0
5300	505	-0.7	2230000000000000.0
5300	505	-0.65	2230000000000000.0
5300	505	-0.6	2230000000000000.0
5300	505	-0.55	2240000000000000.0
5300	505	-0.5	2240000000000000.0
5300	505	-0.45	2240000000000000.0
5300	505	-0.4	2240000000000000.0
5300	505	-0.35	2240000000000000.0
5300	505	-0.3	2240000000000000.0
5300	505	-0.25	2240000000000000.0
5300	505	-0.2	2240000000000000.0
5300	505	-0.15	2240000000000000.0
5300	505	-0.1	2240000000000000.0
5300	505	-0.05	2240000000000000.0
5300	505	0.0	2240000000000000.0
5300	505	0.05	2240000000000000.0
5300	505	0.1	2240000000000000.0
5300	505	0.15	2240000000000000.0
5300	505	0.2	2240000000000000.0
5300	505	0.25	2230000000000000.0
5300	505	0.3	2230000000000000.0
5300	505	0.35	2230000000000000.0
5300	505	0.4	2230000000000000.0
5300	505	0.45	2230000000000000.0
5300	505	0.5	2220000000000000.0
5300	505	0.6	2220000000000000.0
5300	505	0.7	2210000000000000.0
5300	505	0.8	2200000000000000.0
5300	505	0.9	2190000000000000.0
5300	510	-1.0	2230000000000000.0
5300	510	-0.95	2230000000000000.0
5300	510	-0.9	2240000000000000.0
5300	510	-0.85	2250000000000000.0
5300	510	-0.8	2250000000000000.0
5300	510	-0.75	2240000000000000.0
5300	510	-0.7	2250000000000000.0
5300	510	-0.65	2250000000000000.0
5300	510	-0.6	2250000000000000.0
5300	510	-0.55	2250000000000000.0
5300	510	-0.5	2250000000000000.0
5300	510	-0.45	2250000000000000.0
5300	510	-0.4	2260000000000000.0
5300	510	-0.35	2260000000000000.0
5300	510	-0.3	2260000000000000.0
5300	510	-0.25	2260000000000000.0
5300	510	-0.2	2260000000000000.0
5300	510	-0.15	2260000000000000.0
5300	510	-0.1	2250000000000000.0
5300	510	-0.05	2250000000000000.0
5300	510	0.0	2250000000000000.0
5300	510	0.05	2250000000000000.0
5300	510	0.1	2250000000000000.0
5300	510	0.15	2250000000000000.0
5300	510	0.2	2240000000000000.0
5300	510	0.25	2240000000000000.0
5300	510	0.3	2240000000000000.0
5300	510	0.35	2230000000000000.0
5300	510	0.4	2230000000000000.0
5300	510	0.45	2230000000000000.0
5300	510	0.5	2220000000000000.0
5300	510	0.6	2210000000000000.0
5300	510	0.7	2200000000000000.0
5300	510	0.8	2180000000000000.0
5300	510	0.9	2170000000000000.0
5300	515	-1.0	2110000000000000.0
5300	515	-0.95	2110000000000000.0
5300	515	-0.9	2110000000000000.0
5300	515	-0.85	2110000000000000.0
5300	515	-0.8	2100000000000000.0
5300	515	-0.75	2100000000000000.0
5300	515	-0.7	2100000000000000.0
5300	515	-0.65	2100000000000000.0
5300	515	-0.6	2090000000000000.0
5300	515	-0.55	2090000000000000.0
5300	515	-0.5	2080000000000000.0
5300	515	-0.45	2080000000000000.0
5300	515	-0.4	2080000000000000.0
5300	515	-0.35	2070000000000000.0
5300	515	-0.3	2070000000000000.0
5300	515	-0.25	2060000000000000.0
5300	515	-0.2	2050000000000000.0
5300	515	-0.15	2050000000000000.0
5300	515	-0.1	2040000000000000.0
5300	515	-0.05	2040000000000000.0
5300	515	0.0	2030000000000000.0
5300	515	0.05	2020000000000000.0
5300	515	0.1	2020000000000000.0
5300	515	0.15	2010000000000000.0
5300	515	0.2	2000000000000000.0
5300	515	0.25	1990000000000000.0
5300	515	0.3	1980000000000000.0
5300	515	0.35	1980000000000000.0
5300	515	0.4	1970000000000000.0
5300	515	0.45	1960000000000000.0
5300	515	0.5	1950000000000000.0
5300	515	0.6	1930000000000000.0
5300	515	0.7	1910000000000000.0
5300	515	0.8	1890000000000000.0
5300	515	0.9	1860000000000000.0
5300	520	-1.0	2150000000000000.0
5300	520	-0.95	2150000000000000.0
5300	520	-0.9	2140000000000000.0
5300	520	-0.85	2140000000000000.0
5300	520	-0.8	2140000000000000.0
5300	520	-0.75	2140000000000000.0
5300	520	-0.7	2140000000000000.0
5300	520	-0.65	2140000000000000.0
5300	520	-0.6	2130000000000000.0
5300	520	-0.55	2130000000000000.0
5300	520	-0.5	2130000000000000.0
5300	520	-0.45	2120000000000000.0
5300	520	-0.4	2120000000000000.0
5300	520	-0.35	2120000000000000.0
5300	520	-0.3	2110000000000000.0
5300	520	-0.25	2110000000000000.0
5300	520	-0.2	2110000000000000.0
5300	520	-0.15	2100000000000000.0
5300	520	-0.1	2100000000000000.0
5300	520	-0.05	2090000000000000.0
5300	520	0.0	2090000000000000.0
5300	520	0.05	2080000000000000.0
5300	520	0.1	2080000000000000.0
5300	520	0.15	2070000000000000.0
5300	520	0.2	2060000000000000.0
5300	520	0.25	2060000000000000.0
5300	520	0.3	2050000000000000.0
5300	520	0.35	2050000000000000.0
5300	520	0.4	2040000000000000.0
5300	520	0.45	2030000000000000.0
5300	520	0.5	2030000000000000.0
5300	520	0.6	2010000000000000.0
5300	520	0.7	1990000000000000.0
5300	520	0.8	1980000000000000.0
5300	520	0.9	1960000000000000.0
5300	525	-1.0	2220000000000000.0
5300	525	-0.95	2220000000000000.0
5300	525	-0.9	2230000000000000.0
5300	525	-0.85	2240000000000000.0
5300	525	-0.8	2240000000000000.0
5300	525	-0.75	2230000000000000.0
5300	525	-0.7	2230000000000000.0
5300	525	-0.65	2230000000000000.0
5300	525	-0.6	2230000000000000.0
5300	525	-0.55	2230000000000000.0
5300	525	-0.5	2230000000000000.0
5300	525	-0.45	2230000000000000.0
5300	525	-0.4	2230000000000000.0
5300	525	-0.35	2230000000000000.0
5300	525	-0.3	2230000000000000.0
5300	525	-0.25	2230000000000000.0
5300	525	-0.2	2230000000000000.0
5300	525	-0.15	2230000000000000.0
5300	525	-0.1	2220000000000000.0
5300	525	-0.05	2220000000000000.0
5300	525	0.0	2220000000000000.0
5300	525	0.05	2220000000000000.0
5300	525	0.1	2220000000000000.0
5300	525	0.15	2210000000000000.0
5300	525	0.2	2210000000000000.0
5300	525	0.25	2210000000000000.0
5300	525	0.3	2210000000000000.0
5300	525	0.35	2200000000000000.0
5300	525	0.4	2200000000000000.0
5300	525	0.45	2200000000000000.0
5300	525	0.5	2190000000000000.0
5300	525	0.6	2190000000000000.0
5300	525	0.7	2180000000000000.0
5300	525	0.8	2170000000000000.0
5300	525	0.9	2160000000000000.0
5300	530	-1.0	2340000000000000.0
5300	530	-0.95	2350000000000000.0
5300	530	-0.9	2350000000000000.0
5300	530	-0.85	2360000000000000.0
5300	530	-0.8	2370000000000000.0
5300	530	-0.75	2370000000000000.0
5300	530	-0.7	2380000000000000.0
5300	530	-0.65	2380000000000000.0
5300	530	-0.6	2390000000000000.0
5300	530	-0.55	2390000000000000.0
5300	530	-0.5	2400000000000000.0
5300	530	-0.45	2400000000000000.0
5300	530	-0.4	2410000000000000.0
5300	530	-0.35	2420000000000000.0
5300	530	-0.3	2420000000000000.0
5300	530	-0.25	2430000000000000.0
5300	530	-0.2	2430000000000000.0
5300	530	-0.15	2440000000000000.0
5300	530	-0.1	2440000000000000.0
5300	530	-0.05	2450000000000000.0
5300	530	0.0	2450000000000000.0
5300	530	0.05	2460000000000000.0
5300	530	0.1	2460000000000000.0
5300	530	0.15	2470000000000000.0
5300	530	0.2	2470000000000000.0
5300	530	0.25	2480000000000000.0
5300	530	0.3	2480000000000000.0
5300	530	0.35	2490000000000000.0
5300	530	0.4	2490000000000000.0
5300	530	0.45	2500000000000000.0
5300	530	0.5	2500000000000000.0
5300	530	0.6	2510000000000000.0
5300	530	0.7	2520000000000000.0
5300	530	0.8	2520000000000000.0
5300	530	0.9	2520000000000000.0
5300	535	-1.0	2290000000000000.0
5300	535	-0.95	2290000000000000.0
5300	535	-0.9	2300000000000000.0
5300	535	-0.85	2290000000000000.0
5300	535	-0.8	2290000000000000.0
5300	535	-0.75	2310000000000000.0
5300	535	-0.7	2310000000000000.0
5300	535	-0.65	2310000000000000.0
5300	535	-0.6	2320000000000000.0
5300	535	-0.55	2320000000000000.0
5300	535	-0.5	2320000000000000.0
5300	535	-0.45	2320000000000000.0
5300	535	-0.4	2330000000000000.0
5300	535	-0.35	2330000000000000.0
5300	535	-0.3	2330000000000000.0
5300	535	-0.25	2340000000000000.0
5300	535	-0.2	2340000000000000.0
5300	535	-0.15	2340000000000000.0
5300	535	-0.1	2340000000000000.0
5300	535	-0.05	2340000000000000.0
5300	535	0.0	2350000000000000.0
5300	535	0.05	2350000000000000.0
5300	535	0.1	2350000000000000.0
5300	535	0.15	2350000000000000.0
5300	535	0.2	2350000000000000.0
5300	535	0.25	2350000000000000.0
5300	535	0.3	2350000000000000.0
5300	535	0.35	2360000000000000.0
5300	535	0.4	2360000000000000.0
5300	535	0.45	2360000000000000.0
5300	535	0.5	2360000000000000.0
5300	535	0.6	2360000000000000.0
5300	535	0.7	2350000000000000.0
5300	535	0.8	2350000000000000.0
5300	535	0.9	2340000000000000.0
5300	540	-1.0	2340000000000000.0
5300	540	-0.95	2340000000000000.0
5300	540	-0.9	2340000000000000.0
5300	540	-0.85	2340000000000000.0
5300	540	-0.8	2350000000000000.0
5300	540	-0.75	2360000000000000.0
5300	540	-0.7	2360000000000000.0
5300	540	-0.65	2370000000000000.0
5300	540	-0.6	2370000000000000.0
5300	540	-0.55	2370000000000000.0
5300	540	-0.5	2380000000000000.0
5300	540	-0.45	2380000000000000.0
5300	540	-0.4	2390000000000000.0
5300	540	-0.35	2390000000000000.0
5300	540	-0.3	2390000000000000.0
5300	540	-0.25	2400000000000000.0
5300	540	-0.2	2400000000000000.0
5300	540	-0.15	2410000000000000.0
5300	540	-0.1	2410000000000000.0
5300	540	-0.05	2420000000000000.0
5300	540	0.0	2420000000000000.0
5300	540	0.05	2420000000000000.0
5300	540	0.1	2430000000000000.0
5300	540	0.15	2430000000000000.0
5300	540	0.2	2430000000000000.0
5300	540	0.25	2440000000000000.0
5300	540	0.3	2440000000000000.0
5300	540	0.35	2440000000000000.0
5300	540	0.4	2440000000000000.0
5300	540	0.45	2450000000000000.0
5300	540	0.5	2450000000000000.0
5300	540	0.6	2450000000000000.0
5300	540	0.7	2460000000000000.0
5300	540	0.8	2460000000000000.0
5300	540	0.9	2460000000000000.0
5300	545	-1.0	2350000000000000.0
5300	545	-0.95	2360000000000000.0
5300	545	-0.9	2360000000000000.0
5300	545	-0.85	2370000000000000.0
5300	545	-0.8	2380000000000000.0
5300	545	-0.75	2380000000000000.0
5300	545	-0.7	2390000000000000.0
5300	545	-0.65	2390000000000000.0
5300	545	-0.6	2400000000000000.0
5300	545	-0.55	2400000000000000.0
5300	545	-0.5	2410000000000000.0
5300	545	-0.45	2410000000000000.0
5300	545	-0.4	2420000000000000.0
5300	545	-0.35	2430000000000000.0
5300	545	-0.3	2430000000000000.0
5300	545	-0.25	2440000000000000.0
5300	545	-0.2	2440000000000000.0
5300	545	-0.15	2450000000000000.0
5300	545	-0.1	2460000000000000.0
5300	545	-0.05	2460000000000000.0
5300	545	0.0	2470000000000000.0
5300	545	0.05	2470000000000000.0
5300	545	0.1	2480000000000000.0
5300	545	0.15	2490000000000000.0
5300	545	0.2	2490000000000000.0
5300	545	0.25	2500000000000000.0
5300	545	0.3	2510000000000000.0
5300	545	0.35	2510000000000000.0
5300	545	0.4	2520000000000000.0
5300	545	0.45	2520000000000000.0
5300	545	0.5	2530000000000000.0
5300	545	0.6	2540000000000000.0
5300	545	0.7	2550000000000000.0
5300	545	0.8	2560000000000000.0
5300	545	0.9	2570000000000000.0
5300	550	-1.0	2380000000000000.0
5300	550	-0.95	2380000000000000.0
5300	550	-0.9	2390000000000000.0
5300	550	-0.85	2390000000000000.0
5300	550	-0.8	2390000000000000.0
5300	550	-0.75	2400000000000000.0
5300	550	-0.7	2400000000000000.0
5300	550	-0.65	2410000000000000.0
5300	550	-0.6	2410000000000000.0
5300	550	-0.55	2420000000000000.0
5300	550	-0.5	2420000000000000.0
5300	550	-0.45	2420000000000000.0
5300	550	-0.4	2430000000000000.0
5300	550	-0.35	2430000000000000.0
5300	550	-0.3	2440000000000000.0
5300	550	-0.25	2440000000000000.0
5300	550	-0.2	2440000000000000.0
5300	550	-0.15	2440000000000000.0
5300	550	-0.1	2450000000000000.0
5300	550	-0.05	2450000000000000.0
5300	550	0.0	2450000000000000.0
5300	550	0.05	2460000000000000.0
5300	550	0.1	2460000000000000.0
5300	550	0.15	2460000000000000.0
5300	550	0.2	2460000000000000.0
5300	550	0.25	2460000000000000.0
5300	550	0.3	2470000000000000.0
5300	550	0.35	2470000000000000.0
5300	550	0.4	2470000000000000.0
5300	550	0.45	2470000000000000.0
5300	550	0.5	2470000000000000.0
5300	550	0.6	2470000000000000.0
5300	550	0.7	2470000000000000.0
5300	550	0.8	2470000000000000.0
5300	550	0.9	2470000000000000.0
5300	555	-1.0	2400000000000000.0
5300	555	-0.95	2410000000000000.0
5300	555	-0.9	2410000000000000.0
5300	555	-0.85	2410000000000000.0
5300	555	-0.8	2420000000000000.0
5300	555	-0.75	2430000000000000.0
5300	555	-0.7	2430000000000000.0
5300	555	-0.65	2440000000000000.0
5300	555	-0.6	2440000000000000.0
5300	555	-0.55	2450000000000000.0
5300	555	-0.5	2450000000000000.0
5300	555	-0.45	2460000000000000.0
5300	555	-0.4	2460000000000000.0
5300	555	-0.35	2470000000000000.0
5300	555	-0.3	2470000000000000.0
5300	555	-0.25	2480000000000000.0
5300	555	-0.2	2490000000000000.0
5300	555	-0.15	2490000000000000.0
5300	555	-0.1	2500000000000000.0
5300	555	-0.05	2500000000000000.0
5300	555	0.0	2510000000000000.0
5300	555	0.05	2510000000000000.0
5300	555	0.1	2520000000000000.0
5300	555	0.15	2520000000000000.0
5300	555	0.2	2530000000000000.0
5300	555	0.25	2530000000000000.0
5300	555	0.3	2540000000000000.0
5300	555	0.35	2540000000000000.0
5300	555	0.4	2550000000000000.0
5300	555	0.45	2550000000000000.0
5300	555	0.5	2560000000000000.0
5300	555	0.6	2570000000000000.0
5300	555	0.7	2580000000000000.0
5300	555	0.8	2580000000000000.0
5300	555	0.9	2590000000000000.0
5300	560	-1.0	2390000000000000.0
5300	560	-0.95	2400000000000000.0
5300	560	-0.9	2400000000000000.0
5300	560	-0.85	2410000000000000.0
5300	560	-0.8	2420000000000000.0
5300	560	-0.75	2410000000000000.0
5300	560	-0.7	2420000000000000.0
5300	560	-0.65	2420000000000000.0
5300	560	-0.6	2430000000000000.0
5300	560	-0.55	2430000000000000.0
5300	560	-0.5	2440000000000000.0
5300	560	-0.45	2440000000000000.0
5300	560	-0.4	2450000000000000.0
5300	560	-0.35	2450000000000000.0
5300	560	-0.3	2460000000000000.0
5300	560	-0.25	2460000000000000.0
5300	560	-0.2	2470000000000000.0
5300	560	-0.15	2470000000000000.0
5300	560	-0.1	2480000000000000.0
5300	560	-0.05	2490000000000000.0
5300	560	0.0	2490000000000000.0
5300	560	0.05	2500000000000000.0
5300	560	0.1	2500000000000000.0
5300	560	0.15	2510000000000000.0
5300	560	0.2	2510000000000000.0
5300	560	0.25	2520000000000000.0
5300	560	0.3	2520000000000000.0
5300	560	0.35	2530000000000000.0
5300	560	0.4	2530000000000000.0
5300	560	0.45	2540000000000000.0
5300	560	0.5	2540000000000000.0
5300	560	0.6	2550000000000000.0
5300	560	0.7	2560000000000000.0
5300	560	0.8	2570000000000000.0
5300	560	0.9	2570000000000000.0
5300	565	-1.0	2430000000000000.0
5300	565	-0.95	2430000000000000.0
5300	565	-0.9	2440000000000000.0
5300	565	-0.85	2460000000000000.0
5300	565	-0.8	2470000000000000.0
5300	565	-0.75	2460000000000000.0
5300	565	-0.7	2460000000000000.0
5300	565	-0.65	2470000000000000.0
5300	565	-0.6	2470000000000000.0
5300	565	-0.55	2480000000000000.0
5300	565	-0.5	2480000000000000.0
5300	565	-0.45	2490000000000000.0
5300	565	-0.4	2490000000000000.0
5300	565	-0.35	2500000000000000.0
5300	565	-0.3	2500000000000000.0
5300	565	-0.25	2510000000000000.0
5300	565	-0.2	2510000000000000.0
5300	565	-0.15	2520000000000000.0
5300	565	-0.1	2520000000000000.0
5300	565	-0.05	2530000000000000.0
5300	565	0.0	2530000000000000.0
5300	565	0.05	2540000000000000.0
5300	565	0.1	2540000000000000.0
5300	565	0.15	2550000000000000.0
5300	565	0.2	2550000000000000.0
5300	565	0.25	2560000000000000.0
5300	565	0.3	2560000000000000.0
5300	565	0.35	2570000000000000.0
5300	565	0.4	2570000000000000.0
5300	565	0.45	2580000000000000.0
5300	565	0.5	2580000000000000.0
5300	565	0.6	2590000000000000.0
5300	565	0.7	2600000000000000.0
5300	565	0.8	2610000000000000.0
5300	565	0.9	2620000000000000.0
5300	570	-1.0	2440000000000000.0
5300	570	-0.95	2440000000000000.0
5300	570	-0.9	2450000000000000.0
5300	570	-0.85	2450000000000000.0
5300	570	-0.8	2460000000000000.0
5300	570	-0.75	2460000000000000.0
5300	570	-0.7	2470000000000000.0
5300	570	-0.65	2480000000000000.0
5300	570	-0.6	2480000000000000.0
5300	570	-0.55	2490000000000000.0
5300	570	-0.5	2490000000000000.0
5300	570	-0.45	2500000000000000.0
5300	570	-0.4	2500000000000000.0
5300	570	-0.35	2510000000000000.0
5300	570	-0.3	2520000000000000.0
5300	570	-0.25	2520000000000000.0
5300	570	-0.2	2530000000000000.0
5300	570	-0.15	2540000000000000.0
5300	570	-0.1	2540000000000000.0
5300	570	-0.05	2550000000000000.0
5300	570	0.0	2560000000000000.0
5300	570	0.05	2560000000000000.0
5300	570	0.1	2570000000000000.0
5300	570	0.15	2580000000000000.0
5300	570	0.2	2590000000000000.0
5300	570	0.25	2590000000000000.0
5300	570	0.3	2600000000000000.0
5300	570	0.35	2610000000000000.0
5300	570	0.4	2620000000000000.0
5300	570	0.45	2630000000000000.0
5300	570	0.5	2630000000000000.0
5300	570	0.6	2650000000000000.0
5300	570	0.7	2670000000000000.0
5300	570	0.8	2690000000000000.0
5300	570	0.9	2710000000000000.0
5300	575	-1.0	2470000000000000.0
5300	575	-0.95	2480000000000000.0
5300	575	-0.9	2480000000000000.0
5300	575	-0.85	2500000000000000.0
5300	575	-0.8	2510000000000000.0
5300	575	-0.75	2510000000000000.0
5300	575	-0.7	2510000000000000.0
5300	575	-0.65	2520000000000000.0
5300	575	-0.6	2530000000000000.0
5300	575	-0.55	2540000000000000.0
5300	575	-0.5	2540000000000000.0
5300	575	-0.45	2550000000000000.0
5300	575	-0.4	2560000000000000.0
5300	575	-0.35	2570000000000000.0
5300	575	-0.3	2580000000000000.0
5300	575	-0.25	2590000000000000.0
5300	575	-0.2	2600000000000000.0
5300	575	-0.15	2600000000000000.0
5300	575	-0.1	2610000000000000.0
5300	575	-0.05	2620000000000000.0
5300	575	0.0	2630000000000000.0
5300	575	0.05	2640000000000000.0
5300	575	0.1	2650000000000000.0
5300	575	0.15	2660000000000000.0
5300	575	0.2	2670000000000000.0
5300	575	0.25	2680000000000000.0
5300	575	0.3	2690000000000000.0
5300	575	0.35	2700000000000000.0
5300	575	0.4	2710000000000000.0
5300	575	0.45	2730000000000000.0
5300	575	0.5	2740000000000000.0
5300	575	0.6	2760000000000000.0
5300	575	0.7	2780000000000000.0
5300	575	0.8	2810000000000000.0
5300	575	0.9	2830000000000000.0
5300	580	-1.0	2470000000000000.0
5300	580	-0.95	2480000000000000.0
5300	580	-0.9	2490000000000000.0
5300	580	-0.85	2490000000000000.0
5300	580	-0.8	2500000000000000.0
5300	580	-0.75	2510000000000000.0
5300	580	-0.7	2510000000000000.0
5300	580	-0.65	2520000000000000.0
5300	580	-0.6	2530000000000000.0
5300	580	-0.55	2530000000000000.0
5300	580	-0.5	2540000000000000.0
5300	580	-0.45	2550000000000000.0
5300	580	-0.4	2550000000000000.0
5300	580	-0.35	2560000000000000.0
5300	580	-0.3	2570000000000000.0
5300	580	-0.25	2580000000000000.0
5300	580	-0.2	2580000000000000.0
5300	580	-0.15	2590000000000000.0
5300	580	-0.1	2600000000000000.0
5300	580	-0.05	2610000000000000.0
5300	580	0.0	2620000000000000.0
5300	580	0.05	2620000000000000.0
5300	580	0.1	2630000000000000.0
5300	580	0.15	2640000000000000.0
5300	580	0.2	2650000000000000.0
5300	580	0.25	2660000000000000.0
5300	580	0.3	2670000000000000.0
5300	580	0.35	2680000000000000.0
5300	580	0.4	2680000000000000.0
5300	580	0.45	2690000000000000.0
5300	580	0.5	2700000000000000.0
5300	580	0.6	2720000000000000.0
5300	580	0.7	2740000000000000.0
5300	580	0.8	2760000000000000.0
5300	580	0.9	2780000000000000.0
5300	585	-1.0	2480000000000000.0
5300	585	-0.95	2480000000000000.0
5300	585	-0.9	2490000000000000.0
5300	585	-0.85	2500000000000000.0
5300	585	-0.8	2510000000000000.0
5300	585	-0.75	2510000000000000.0
5300	585	-0.7	2520000000000000.0
5300	585	-0.65	2530000000000000.0
5300	585	-0.6	2540000000000000.0
5300	585	-0.55	2540000000000000.0
5300	585	-0.5	2550000000000000.0
5300	585	-0.45	2560000000000000.0
5300	585	-0.4	2570000000000000.0
5300	585	-0.35	2580000000000000.0
5300	585	-0.3	2590000000000000.0
5300	585	-0.25	2600000000000000.0
5300	585	-0.2	2610000000000000.0
5300	585	-0.15	2620000000000000.0
5300	585	-0.1	2630000000000000.0
5300	585	-0.05	2640000000000000.0
5300	585	0.0	2650000000000000.0
5300	585	0.05	2660000000000000.0
5300	585	0.1	2670000000000000.0
5300	585	0.15	2680000000000000.0
5300	585	0.2	2690000000000000.0
5300	585	0.25	2700000000000000.0
5300	585	0.3	2710000000000000.0
5300	585	0.35	2730000000000000.0
5300	585	0.4	2740000000000000.0
5300	585	0.45	2750000000000000.0
5300	585	0.5	2760000000000000.0
5300	585	0.6	2790000000000000.0
5300	585	0.7	2820000000000000.0
5300	585	0.8	2840000000000000.0
5300	585	0.9	2870000000000000.0
5300	590	-1.0	2430000000000000.0
5300	590	-0.95	2430000000000000.0
5300	590	-0.9	2440000000000000.0
5300	590	-0.85	2460000000000000.0
5300	590	-0.8	2460000000000000.0
5300	590	-0.75	2450000000000000.0
5300	590	-0.7	2450000000000000.0
5300	590	-0.65	2460000000000000.0
5300	590	-0.6	2460000000000000.0
5300	590	-0.55	2470000000000000.0
5300	590	-0.5	2470000000000000.0
5300	590	-0.45	2480000000000000.0
5300	590	-0.4	2480000000000000.0
5300	590	-0.35	2490000000000000.0
5300	590	-0.3	2490000000000000.0
5300	590	-0.25	2500000000000000.0
5300	590	-0.2	2500000000000000.0
5300	590	-0.15	2510000000000000.0
5300	590	-0.1	2510000000000000.0
5300	590	-0.05	2520000000000000.0
5300	590	0.0	2520000000000000.0
5300	590	0.05	2530000000000000.0
5300	590	0.1	2530000000000000.0
5300	590	0.15	2540000000000000.0
5300	590	0.2	2540000000000000.0
5300	590	0.25	2550000000000000.0
5300	590	0.3	2550000000000000.0
5300	590	0.35	2560000000000000.0
5300	590	0.4	2560000000000000.0
5300	590	0.45	2570000000000000.0
5300	590	0.5	2570000000000000.0
5300	590	0.6	2580000000000000.0
5300	590	0.7	2590000000000000.0
5300	590	0.8	2600000000000000.0
5300	590	0.9	2610000000000000.0
5300	595	-1.0	2490000000000000.0
5300	595	-0.95	2500000000000000.0
5300	595	-0.9	2510000000000000.0
5300	595	-0.85	2530000000000000.0
5300	595	-0.8	2530000000000000.0
5300	595	-0.75	2530000000000000.0
5300	595	-0.7	2530000000000000.0
5300	595	-0.65	2540000000000000.0
5300	595	-0.6	2550000000000000.0
5300	595	-0.55	2560000000000000.0
5300	595	-0.5	2570000000000000.0
5300	595	-0.45	2570000000000000.0
5300	595	-0.4	2580000000000000.0
5300	595	-0.35	2590000000000000.0
5300	595	-0.3	2600000000000000.0
5300	595	-0.25	2610000000000000.0
5300	595	-0.2	2620000000000000.0
5300	595	-0.15	2630000000000000.0
5300	595	-0.1	2640000000000000.0
5300	595	-0.05	2650000000000000.0
5300	595	0.0	2660000000000000.0
5300	595	0.05	2670000000000000.0
5300	595	0.1	2680000000000000.0
5300	595	0.15	2700000000000000.0
5300	595	0.2	2710000000000000.0
5300	595	0.25	2720000000000000.0
5300	595	0.3	2730000000000000.0
5300	595	0.35	2740000000000000.0
5300	595	0.4	2760000000000000.0
5300	595	0.45	2770000000000000.0
5300	595	0.5	2780000000000000.0
5300	595	0.6	2810000000000000.0
5300	595	0.7	2830000000000000.0
5300	595	0.8	2860000000000000.0
5300	595	0.9	2890000000000000.0
5300	600	-1.0	2480000000000000.0
5300	600	-0.95	2490000000000000.0
5300	600	-0.9	2490000000000000.0
5300	600	-0.85	2500000000000000.0
5300	600	-0.8	2510000000000000.0
5300	600	-0.75	2510000000000000.0
5300	600	-0.7	2520000000000000.0
5300	600	-0.65	2530000000000000.0
5300	600	-0.6	2530000000000000.0
5300	600	-0.55	2540000000000000.0
5300	600	-0.5	2550000000000000.0
5300	600	-0.45	2550000000000000.0
5300	600	-0.4	2560000000000000.0
5300	600	-0.35	2570000000000000.0
5300	600	-0.3	2580000000000000.0
5300	600	-0.25	2580000000000000.0
5300	600	-0.2	2590000000000000.0
5300	600	-0.15	2600000000000000.0
5300	600	-0.1	2610000000000000.0
5300	600	-0.05	2620000000000000.0
5300	600	0.0	2630000000000000.0
5300	600	0.05	2640000000000000.0
5300	600	0.1	2650000000000000.0
5300	600	0.15	2660000000000000.0
5300	600	0.2	2670000000000000.0
5300	600	0.25	2680000000000000.0
5300	600	0.3	2690000000000000.0
5300	600	0.35	2700000000000000.0
5300	600	0.4	2710000000000000.0
5300	600	0.45	2720000000000000.0
5300	600	0.5	2730000000000000.0
5300	600	0.6	2760000000000000.0
5300	600	0.7	2780000000000000.0
5300	600	0.8	2800000000000000.0
5300	600	0.9	2830000000000000.0
5300	605	-1.0	2500000000000000.0
5300	605	-0.95	2510000000000000.0
5300	605	-0.9	2510000000000000.0
5300	605	-0.85	2520000000000000.0
5300	605	-0.8	2530000000000000.0
5300	605	-0.75	2540000000000000.0
5300	605	-0.7	2540000000000000.0
5300	605	-0.65	2550000000000000.0
5300	605	-0.6	2560000000000000.0
5300	605	-0.55	2570000000000000.0
5300	605	-0.5	2580000000000000.0
5300	605	-0.45	2580000000000000.0
5300	605	-0.4	2590000000000000.0
5300	605	-0.35	2600000000000000.0
5300	605	-0.3	2610000000000000.0
5300	605	-0.25	2620000000000000.0
5300	605	-0.2	2630000000000000.0
5300	605	-0.15	2640000000000000.0
5300	605	-0.1	2650000000000000.0
5300	605	-0.05	2670000000000000.0
5300	605	0.0	2680000000000000.0
5300	605	0.05	2690000000000000.0
5300	605	0.1	2700000000000000.0
5300	605	0.15	2710000000000000.0
5300	605	0.2	2730000000000000.0
5300	605	0.25	2740000000000000.0
5300	605	0.3	2750000000000000.0
5300	605	0.35	2770000000000000.0
5300	605	0.4	2780000000000000.0
5300	605	0.45	2790000000000000.0
5300	605	0.5	2810000000000000.0
5300	605	0.6	2840000000000000.0
5300	605	0.7	2870000000000000.0
5300	605	0.8	2900000000000000.0
5300	605	0.9	2930000000000000.0
5300	610	-1.0	2490000000000000.0
5300	610	-0.95	2490000000000000.0
5300	610	-0.9	2500000000000000.0
5300	610	-0.85	2510000000000000.0
5300	610	-0.8	2500000000000000.0
5300	610	-0.75	2520000000000000.0
5300	610	-0.7	2520000000000000.0
5300	610	-0.65	2530000000000000.0
5300	610	-0.6	2540000000000000.0
5300	610	-0.55	2540000000000000.0
5300	610	-0.5	2550000000000000.0
5300	610	-0.45	2550000000000000.0
5300	610	-0.4	2560000000000000.0
5300	610	-0.35	2570000000000000.0
5300	610	-0.3	2580000000000000.0
5300	610	-0.25	2580000000000000.0
5300	610	-0.2	2590000000000000.0
5300	610	-0.15	2600000000000000.0
5300	610	-0.1	2610000000000000.0
5300	610	-0.05	2610000000000000.0
5300	610	0.0	2620000000000000.0
5300	610	0.05	2630000000000000.0
5300	610	0.1	2640000000000000.0
5300	610	0.15	2650000000000000.0
5300	610	0.2	2660000000000000.0
5300	610	0.25	2670000000000000.0
5300	610	0.3	2680000000000000.0
5300	610	0.35	2680000000000000.0
5300	610	0.4	2690000000000000.0
5300	610	0.45	2700000000000000.0
5300	610	0.5	2710000000000000.0
5300	610	0.6	2730000000000000.0
5300	610	0.7	2760000000000000.0
5300	610	0.8	2780000000000000.0
5300	610	0.9	2800000000000000.0
5300	615.00000000000011	-1.0	2450000000000000.0
5300	615.00000000000011	-0.95	2460000000000000.0
5300	615.00000000000011	-0.9	2460000000000000.0
5300	615.00000000000011	-0.85	2460000000000000.0
5300	615.00000000000011	-0.8	2470000000000000.0
5300	615.00000000000011	-0.75	2470000000000000.0
5300	615.00000000000011	-0.7	2470000000000000.0
5300	615.00000000000011	-0.65	2480000000000000.0
5300	615.00000000000011	-0.6	2480000000000000.0
5300	615.00000000000011	-0.55	2480000000000000.0
5300	615.00000000000011	-0.5	2490000000000000.0
5300	615.00000000000011	-0.45	2490000000000000.0
5300	615.00000000000011	-0.4	2490000000000000.0
5300	615.00000000000011	-0.35	2500000000000000.0
5300	615.00000000000011	-0.3	2500000000000000.0
5300	615.00000000000011	-0.25	2510000000000000.0
5300	615.00000000000011	-0.2	2510000000000000.0
5300	615.00000000000011	-0.15	2510000000000000.0
5300	615.00000000000011	-0.1	2520000000000000.0
5300	615.00000000000011	-0.05	2520000000000000.0
5300	615.00000000000011	0.0	2530000000000000.0
5300	615.00000000000011	0.05	2530000000000000.0
5300	615.00000000000011	0.1	2540000000000000.0
5300	615.00000000000011	0.15	2540000000000000.0
5300	615.00000000000011	0.2	2550000000000000.0
5300	615.00000000000011	0.25	2550000000000000.0
5300	615.00000000000011	0.3	2560000000000000.0
5300	615.00000000000011	0.35	2560000000000000.0
5300	615.00000000000011	0.4	2570000000000000.0
5300	615.00000000000011	0.45	2570000000000000.0
5300	615.00000000000011	0.5	2580000000000000.0
5300	615.00000000000011	0.6	2590000000000000.0
5300	615.00000000000011	0.7	2600000000000000.0
5300	615.00000000000011	0.8	2610000000000000.0
5300	615.00000000000011	0.9	2620000000000000.0
5300	620	-1.0	2490000000000000.0
5300	620	-0.95	2500000000000000.0
5300	620	-0.9	2500000000000000.0
5300	620	-0.85	2510000000000000.0
5300	620	-0.8	2520000000000000.0
5300	620	-0.75	2520000000000000.0
5300	620	-0.7	2520000000000000.0
5300	620	-0.65	2530000000000000.0
5300	620	-0.6	2540000000000000.0
5300	620	-0.55	2540000000000000.0
5300	620	-0.5	2550000000000000.0
5300	620	-0.45	2560000000000000.0
5300	620	-0.4	2560000000000000.0
5300	620	-0.35	2570000000000000.0
5300	620	-0.3	2580000000000000.0
5300	620	-0.25	2590000000000000.0
5300	620	-0.2	2590000000000000.0
5300	620	-0.15	2600000000000000.0
5300	620	-0.1	2610000000000000.0
5300	620	-0.05	2620000000000000.0
5300	620	0.0	2630000000000000.0
5300	620	0.05	2640000000000000.0
5300	620	0.1	2650000000000000.0
5300	620	0.15	2660000000000000.0
5300	620	0.2	2660000000000000.0
5300	620	0.25	2670000000000000.0
5300	620	0.3	2680000000000000.0
5300	620	0.35	2690000000000000.0
5300	620	0.4	2710000000000000.0
5300	620	0.45	2720000000000000.0
5300	620	0.5	2730000000000000.0
5300	620	0.6	2750000000000000.0
5300	620	0.7	2770000000000000.0
5300	620	0.8	2800000000000000.0
5300	620	0.9	2820000000000000.0
5300	625	-1.0	2470000000000000.0
5300	625	-0.95	2480000000000000.0
5300	625	-0.9	2480000000000000.0
5300	625	-0.85	2490000000000000.0
5300	625	-0.8	2500000000000000.0
5300	625	-0.75	2490000000000000.0
5300	625	-0.7	2500000000000000.0
5300	625	-0.65	2500000000000000.0
5300	625	-0.6	2510000000000000.0
5300	625	-0.55	2510000000000000.0
5300	625	-0.5	2520000000000000.0
5300	625	-0.45	2520000000000000.0
5300	625	-0.4	2530000000000000.0
5300	625	-0.35	2530000000000000.0
5300	625	-0.3	2540000000000000.0
5300	625	-0.25	2540000000000000.0
5300	625	-0.2	2550000000000000.0
5300	625	-0.15	2550000000000000.0
5300	625	-0.1	2560000000000000.0
5300	625	-0.05	2570000000000000.0
5300	625	0.0	2570000000000000.0
5300	625	0.05	2580000000000000.0
5300	625	0.1	2590000000000000.0
5300	625	0.15	2590000000000000.0
5300	625	0.2	2600000000000000.0
5300	625	0.25	2610000000000000.0
5300	625	0.3	2620000000000000.0
5300	625	0.35	2620000000000000.0
5300	625	0.4	2630000000000000.0
5300	625	0.45	2640000000000000.0
5300	625	0.5	2650000000000000.0
5300	625	0.6	2660000000000000.0
5300	625	0.7	2680000000000000.0
5300	625	0.8	2700000000000000.0
5300	625	0.9	2720000000000000.0
5300	630	-1.0	2490000000000000.0
5300	630	-0.95	2500000000000000.0
5300	630	-0.9	2500000000000000.0
5300	630	-0.85	2510000000000000.0
5300	630	-0.8	2520000000000000.0
5300	630	-0.75	2520000000000000.0
5300	630	-0.7	2520000000000000.0
5300	630	-0.65	2530000000000000.0
5300	630	-0.6	2530000000000000.0
5300	630	-0.55	2540000000000000.0
5300	630	-0.5	2550000000000000.0
5300	630	-0.45	2550000000000000.0
5300	630	-0.4	2560000000000000.0
5300	630	-0.35	2570000000000000.0
5300	630	-0.3	2570000000000000.0
5300	630	-0.25	2580000000000000.0
5300	630	-0.2	2590000000000000.0
5300	630	-0.15	2590000000000000.0
5300	630	-0.1	2600000000000000.0
5300	630	-0.05	2610000000000000.0
5300	630	0.0	2620000000000000.0
5300	630	0.05	2620000000000000.0
5300	630	0.1	2630000000000000.0
5300	630	0.15	2640000000000000.0
5300	630	0.2	2650000000000000.0
5300	630	0.25	2660000000000000.0
5300	630	0.3	2670000000000000.0
5300	630	0.35	2670000000000000.0
5300	630	0.4	2680000000000000.0
5300	630	0.45	2690000000000000.0
5300	630	0.5	2700000000000000.0
5300	630	0.6	2720000000000000.0
5300	630	0.7	2740000000000000.0
5300	630	0.8	2750000000000000.0
5300	630	0.9	2770000000000000.0
5300	635	-1.0	2500000000000000.0
5300	635	-0.95	2500000000000000.0
5300	635	-0.9	2510000000000000.0
5300	635	-0.85	2510000000000000.0
5300	635	-0.8	2520000000000000.0
5300	635	-0.75	2520000000000000.0
5300	635	-0.7	2530000000000000.0
5300	635	-0.65	2530000000000000.0
5300	635	-0.6	2540000000000000.0
5300	635	-0.55	2540000000000000.0
5300	635	-0.5	2550000000000000.0
5300	635	-0.45	2560000000000000.0
5300	635	-0.4	2560000000000000.0
5300	635	-0.35	2570000000000000.0
5300	635	-0.3	2570000000000000.0
5300	635	-0.25	2580000000000000.0
5300	635	-0.2	2590000000000000.0
5300	635	-0.15	2590000000000000.0
5300	635	-0.1	2600000000000000.0
5300	635	-0.05	2610000000000000.0
5300	635	0.0	2610000000000000.0
5300	635	0.05	2620000000000000.0
5300	635	0.1	2620000000000000.0
5300	635	0.15	2630000000000000.0
5300	635	0.2	2640000000000000.0
5300	635	0.25	2640000000000000.0
5300	635	0.3	2650000000000000.0
5300	635	0.35	2650000000000000.0
5300	635	0.4	2660000000000000.0
5300	635	0.45	2660000000000000.0
5300	635	0.5	2660000000000000.0
5300	635	0.6	2670000000000000.0
5300	635	0.7	2670000000000000.0
5300	635	0.8	2680000000000000.0
5300	635	0.9	2670000000000000.0
5300	640	-1.0	2490000000000000.0
5300	640	-0.95	2490000000000000.0
5300	640	-0.9	2500000000000000.0
5300	640	-0.85	2500000000000000.0
5300	640	-0.8	2510000000000000.0
5300	640	-0.75	2510000000000000.0
5300	640	-0.7	2520000000000000.0
5300	640	-0.65	2520000000000000.0
5300	640	-0.6	2530000000000000.0
5300	640	-0.55	2540000000000000.0
5300	640	-0.5	2540000000000000.0
5300	640	-0.45	2550000000000000.0
5300	640	-0.4	2550000000000000.0
5300	640	-0.35	2560000000000000.0
5300	640	-0.3	2570000000000000.0
5300	640	-0.25	2580000000000000.0
5300	640	-0.2	2580000000000000.0
5300	640	-0.15	2590000000000000.0
5300	640	-0.1	2600000000000000.0
5300	640	-0.05	2610000000000000.0
5300	640	0.0	2620000000000000.0
5300	640	0.05	2620000000000000.0
5300	640	0.1	2630000000000000.0
5300	640	0.15	2640000000000000.0
5300	640	0.2	2650000000000000.0
5300	640	0.25	2660000000000000.0
5300	640	0.3	2670000000000000.0
5300	640	0.35	2680000000000000.0
5300	640	0.4	2690000000000000.0
5300	640	0.45	2700000000000000.0
5300	640	0.5	2710000000000000.0
5300	640	0.6	2740000000000000.0
5300	640	0.7	2760000000000000.0
5300	640	0.8	2780000000000000.0
5300	640	0.9	2810000000000000.0
5300	644.99999999999989	-1.0	2480000000000000.0
5300	644.99999999999989	-0.95	2490000000000000.0
5300	644.99999999999989	-0.9	2490000000000000.0
5300	644.99999999999989	-0.85	2500000000000000.0
5300	644.99999999999989	-0.8	2510000000000000.0
5300	644.99999999999989	-0.75	2510000000000000.0
5300	644.99999999999989	-0.7	2510000000000000.0
5300	644.99999999999989	-0.65	2520000000000000.0
5300	644.99999999999989	-0.6	2520000000000000.0
5300	644.99999999999989	-0.55	2530000000000000.0
5300	644.99999999999989	-0.5	2530000000000000.0
5300	644.99999999999989	-0.45	2540000000000000.0
5300	644.99999999999989	-0.4	2550000000000000.0
5300	644.99999999999989	-0.35	2550000000000000.0
5300	644.99999999999989	-0.3	2560000000000000.0
5300	644.99999999999989	-0.25	2570000000000000.0
5300	644.99999999999989	-0.2	2570000000000000.0
5300	644.99999999999989	-0.15	2580000000000000.0
5300	644.99999999999989	-0.1	2590000000000000.0
5300	644.99999999999989	-0.05	2600000000000000.0
5300	644.99999999999989	0.0	2600000000000000.0
5300	644.99999999999989	0.05	2610000000000000.0
5300	644.99999999999989	0.1	2620000000000000.0
5300	644.99999999999989	0.15	2630000000000000.0
5300	644.99999999999989	0.2	2640000000000000.0
5300	644.99999999999989	0.25	2650000000000000.0
5300	644.99999999999989	0.3	2660000000000000.0
5300	644.99999999999989	0.35	2670000000000000.0
5300	644.99999999999989	0.4	2670000000000000.0
5300	644.99999999999989	0.45	2680000000000000.0
5300	644.99999999999989	0.5	2690000000000000.0
5300	644.99999999999989	0.6	2710000000000000.0
5300	644.99999999999989	0.7	2730000000000000.0
5300	644.99999999999989	0.8	2760000000000000.0
5300	644.99999999999989	0.9	2780000000000000.0
5300	649.99999999999989	-1.0	2480000000000000.0
5300	649.99999999999989	-0.95	2490000000000000.0
5300	649.99999999999989	-0.9	2490000000000000.0
5300	649.99999999999989	-0.85	2490000000000000.0
5300	649.99999999999989	-0.8	2500000000000000.0
5300	649.99999999999989	-0.75	2510000000000000.0
5300	649.99999999999989	-0.7	2510000000000000.0
5300	649.99999999999989	-0.65	2520000000000000.0
5300	649.99999999999989	-0.6	2520000000000000.0
5300	649.99999999999989	-0.55	2530000000000000.0
5300	649.99999999999989	-0.5	2530000000000000.0
5300	649.99999999999989	-0.45	2540000000000000.0
5300	649.99999999999989	-0.4	2550000000000000.0
5300	649.99999999999989	-0.35	2550000000000000.0
5300	649.99999999999989	-0.3	2560000000000000.0
5300	649.99999999999989	-0.25	2570000000000000.0
5300	649.99999999999989	-0.2	2570000000000000.0
5300	649.99999999999989	-0.15	2580000000000000.0
5300	649.99999999999989	-0.1	2590000000000000.0
5300	649.99999999999989	-0.05	2600000000000000.0
5300	649.99999999999989	0.0	2600000000000000.0
5300	649.99999999999989	0.05	2610000000000000.0
5300	649.99999999999989	0.1	2620000000000000.0
5300	649.99999999999989	0.15	2630000000000000.0
5300	649.99999999999989	0.2	2640000000000000.0
5300	649.99999999999989	0.25	2650000000000000.0
5300	649.99999999999989	0.3	2660000000000000.0
5300	649.99999999999989	0.35	2670000000000000.0
5300	649.99999999999989	0.4	2680000000000000.0
5300	649.99999999999989	0.45	2690000000000000.0
5300	649.99999999999989	0.5	2700000000000000.0
5300	649.99999999999989	0.6	2720000000000000.0
5300	649.99999999999989	0.7	2740000000000000.0
5300	649.99999999999989	0.8	2760000000000000.0
5300	649.99999999999989	0.9	2780000000000000.0
5300	655.00000000000011	-1.0	2410000000000000.0
5300	655.00000000000011	-0.95	2420000000000000.0
5300	655.00000000000011	-0.9	2420000000000000.0
5300	655.00000000000011	-0.85	2440000000000000.0
5300	655.00000000000011	-0.8	2430000000000000.0
5300	655.00000000000011	-0.75	2440000000000000.0
5300	655.00000000000011	-0.7	2450000000000000.0
5300	655.00000000000011	-0.65	2460000000000000.0
5300	655.00000000000011	-0.6	2460000000000000.0
5300	655.00000000000011	-0.55	2470000000000000.0
5300	655.00000000000011	-0.5	2480000000000000.0
5300	655.00000000000011	-0.45	2480000000000000.0
5300	655.00000000000011	-0.4	2490000000000000.0
5300	655.00000000000011	-0.35	2500000000000000.0
5300	655.00000000000011	-0.3	2510000000000000.0
5300	655.00000000000011	-0.25	2520000000000000.0
5300	655.00000000000011	-0.2	2520000000000000.0
5300	655.00000000000011	-0.15	2530000000000000.0
5300	655.00000000000011	-0.1	2540000000000000.0
5300	655.00000000000011	-0.05	2550000000000000.0
5300	655.00000000000011	0.0	2560000000000000.0
5300	655.00000000000011	0.05	2570000000000000.0
5300	655.00000000000011	0.1	2580000000000000.0
5300	655.00000000000011	0.15	2590000000000000.0
5300	655.00000000000011	0.2	2600000000000000.0
5300	655.00000000000011	0.25	2610000000000000.0
5300	655.00000000000011	0.3	2620000000000000.0
5300	655.00000000000011	0.35	2630000000000000.0
5300	655.00000000000011	0.4	2640000000000000.0
5300	655.00000000000011	0.45	2650000000000000.0
5300	655.00000000000011	0.5	2670000000000000.0
5300	655.00000000000011	0.6	2690000000000000.0
5300	655.00000000000011	0.7	2710000000000000.0
5300	655.00000000000011	0.8	2740000000000000.0
5300	655.00000000000011	0.9	2770000000000000.0
5300	660	-1.0	2490000000000000.0
5300	660	-0.95	2500000000000000.0
5300	660	-0.9	2500000000000000.0
5300	660	-0.85	2510000000000000.0
5300	660	-0.8	2520000000000000.0
5300	660	-0.75	2520000000000000.0
5300	660	-0.7	2530000000000000.0
5300	660	-0.65	2530000000000000.0
5300	660	-0.6	2540000000000000.0
5300	660	-0.55	2540000000000000.0
5300	660	-0.5	2550000000000000.0
5300	660	-0.45	2560000000000000.0
5300	660	-0.4	2570000000000000.0
5300	660	-0.35	2570000000000000.0
5300	660	-0.3	2580000000000000.0
5300	660	-0.25	2590000000000000.0
5300	660	-0.2	2600000000000000.0
5300	660	-0.15	2610000000000000.0
5300	660	-0.1	2610000000000000.0
5300	660	-0.05	2620000000000000.0
5300	660	0.0	2630000000000000.0
5300	660	0.05	2640000000000000.0
5300	660	0.1	2650000000000000.0
5300	660	0.15	2660000000000000.0
5300	660	0.2	2670000000000000.0
5300	660	0.25	2690000000000000.0
5300	660	0.3	2700000000000000.0
5300	660	0.35	2710000000000000.0
5300	660	0.4	2720000000000000.0
5300	660	0.45	2730000000000000.0
5300	660	0.5	2750000000000000.0
5300	660	0.6	2770000000000000.0
5300	660	0.7	2800000000000000.0
5300	660	0.8	2830000000000000.0
5300	660	0.9	2860000000000000.0
5300	665	-1.0	2500000000000000.0
5300	665	-0.95	2500000000000000.0
5300	665	-0.9	2510000000000000.0
5300	665	-0.85	2530000000000000.0
5300	665	-0.8	2530000000000000.0
5300	665	-0.75	2520000000000000.0
5300	665	-0.7	2530000000000000.0
5300	665	-0.65	2530000000000000.0
5300	665	-0.6	2540000000000000.0
5300	665	-0.55	2550000000000000.0
5300	665	-0.5	2550000000000000.0
5300	665	-0.45	2560000000000000.0
5300	665	-0.4	2570000000000000.0
5300	665	-0.35	2570000000000000.0
5300	665	-0.3	2580000000000000.0
5300	665	-0.25	2590000000000000.0
5300	665	-0.2	2590000000000000.0
5300	665	-0.15	2600000000000000.0
5300	665	-0.1	2610000000000000.0
5300	665	-0.05	2620000000000000.0
5300	665	0.0	2620000000000000.0
5300	665	0.05	2630000000000000.0
5300	665	0.1	2640000000000000.0
5300	665	0.15	2650000000000000.0
5300	665	0.2	2660000000000000.0
5300	665	0.25	2670000000000000.0
5300	665	0.3	2680000000000000.0
5300	665	0.35	2690000000000000.0
5300	665	0.4	2700000000000000.0
5300	665	0.45	2710000000000000.0
5300	665	0.5	2720000000000000.0
5300	665	0.6	2740000000000000.0
5300	665	0.7	2760000000000000.0
5300	665	0.8	2780000000000000.0
5300	665	0.9	2800000000000000.0
5300	670	-1.0	2500000000000000.0
5300	670	-0.95	2500000000000000.0
5300	670	-0.9	2510000000000000.0
5300	670	-0.85	2520000000000000.0
5300	670	-0.8	2510000000000000.0
5300	670	-0.75	2520000000000000.0
5300	670	-0.7	2530000000000000.0
5300	670	-0.65	2530000000000000.0
5300	670	-0.6	2540000000000000.0
5300	670	-0.55	2540000000000000.0
5300	670	-0.5	2550000000000000.0
5300	670	-0.45	2560000000000000.0
5300	670	-0.4	2560000000000000.0
5300	670	-0.35	2570000000000000.0
5300	670	-0.3	2580000000000000.0
5300	670	-0.25	2580000000000000.0
5300	670	-0.2	2590000000000000.0
5300	670	-0.15	2600000000000000.0
5300	670	-0.1	2610000000000000.0
5300	670	-0.05	2610000000000000.0
5300	670	0.0	2620000000000000.0
5300	670	0.05	2630000000000000.0
5300	670	0.1	2640000000000000.0
5300	670	0.15	2650000000000000.0
5300	670	0.2	2660000000000000.0
5300	670	0.25	2670000000000000.0
5300	670	0.3	2680000000000000.0
5300	670	0.35	2690000000000000.0
5300	670	0.4	2700000000000000.0
5300	670	0.45	2710000000000000.0
5300	670	0.5	2720000000000000.0
5300	670	0.6	2750000000000000.0
5300	670	0.7	2770000000000000.0
5300	670	0.8	2790000000000000.0
5300	670	0.9	2820000000000000.0
5300	675	-1.0	2500000000000000.0
5300	675	-0.95	2500000000000000.0
5300	675	-0.9	2510000000000000.0
5300	675	-0.85	2510000000000000.0
5300	675	-0.8	2520000000000000.0
5300	675	-0.75	2520000000000000.0
5300	675	-0.7	2530000000000000.0
5300	675	-0.65	2530000000000000.0
5300	675	-0.6	2540000000000000.0
5300	675	-0.55	2540000000000000.0
5300	675	-0.5	2550000000000000.0
5300	675	-0.45	2560000000000000.0
5300	675	-0.4	2560000000000000.0
5300	675	-0.35	2570000000000000.0
5300	675	-0.3	2580000000000000.0
5300	675	-0.25	2580000000000000.0
5300	675	-0.2	2590000000000000.0
5300	675	-0.15	2600000000000000.0
5300	675	-0.1	2610000000000000.0
5300	675	-0.05	2620000000000000.0
5300	675	0.0	2630000000000000.0
5300	675	0.05	2630000000000000.0
5300	675	0.1	2640000000000000.0
5300	675	0.15	2650000000000000.0
5300	675	0.2	2660000000000000.0
5300	675	0.25	2670000000000000.0
5300	675	0.3	2680000000000000.0
5300	675	0.35	2690000000000000.0
5300	675	0.4	2710000000000000.0
5300	675	0.45	2720000000000000.0
5300	675	0.5	2730000000000000.0
5300	675	0.6	2750000000000000.0
5300	675	0.7	2780000000000000.0
5300	675	0.8	2800000000000000.0
5300	675	0.9	2830000000000000.0
5300	680	-1.0	2490000000000000.0
5300	680	-0.95	2500000000000000.0
5300	680	-0.9	2500000000000000.0
5300	680	-0.85	2510000000000000.0
5300	680	-0.8	2520000000000000.0
5300	680	-0.75	2520000000000000.0
5300	680	-0.7	2520000000000000.0
5300	680	-0.65	2530000000000000.0
5300	680	-0.6	2540000000000000.0
5300	680	-0.55	2540000000000000.0
5300	680	-0.5	2550000000000000.0
5300	680	-0.45	2550000000000000.0
5300	680	-0.4	2560000000000000.0
5300	680	-0.35	2570000000000000.0
5300	680	-0.3	2570000000000000.0
5300	680	-0.25	2580000000000000.0
5300	680	-0.2	2590000000000000.0
5300	680	-0.15	2600000000000000.0
5300	680	-0.1	2600000000000000.0
5300	680	-0.05	2610000000000000.0
5300	680	0.0	2620000000000000.0
5300	680	0.05	2630000000000000.0
5300	680	0.1	2640000000000000.0
5300	680	0.15	2640000000000000.0
5300	680	0.2	2650000000000000.0
5300	680	0.25	2660000000000000.0
5300	680	0.3	2670000000000000.0
5300	680	0.35	2680000000000000.0
5300	680	0.4	2690000000000000.0
5300	680	0.45	2700000000000000.0
5300	680	0.5	2710000000000000.0
5300	680	0.6	2730000000000000.0
5300	680	0.7	2750000000000000.0
5300	680	0.8	2780000000000000.0
5300	680	0.9	2800000000000000.0
5300	685	-1.0	2490000000000000.0
5300	685	-0.95	2490000000000000.0
5300	685	-0.9	2500000000000000.0
5300	685	-0.85	2500000000000000.0
5300	685	-0.8	2510000000000000.0
5300	685	-0.75	2510000000000000.0
5300	685	-0.7	2510000000000000.0
5300	685	-0.65	2520000000000000.0
5300	685	-0.6	2530000000000000.0
5300	685	-0.55	2530000000000000.0
5300	685	-0.5	2540000000000000.0
5300	685	-0.45	2540000000000000.0
5300	685	-0.4	2550000000000000.0
5300	685	-0.35	2550000000000000.0
5300	685	-0.3	2560000000000000.0
5300	685	-0.25	2570000000000000.0
5300	685	-0.2	2570000000000000.0
5300	685	-0.15	2580000000000000.0
5300	685	-0.1	2590000000000000.0
5300	685	-0.05	2600000000000000.0
5300	685	0.0	2610000000000000.0
5300	685	0.05	2610000000000000.0
5300	685	0.1	2620000000000000.0
5300	685	0.15	2630000000000000.0
5300	685	0.2	2640000000000000.0
5300	685	0.25	2650000000000000.0
5300	685	0.3	2660000000000000.0
5300	685	0.35	2670000000000000.0
5300	685	0.4	2680000000000000.0
5300	685	0.45	2690000000000000.0
5300	685	0.5	2700000000000000.0
5300	685	0.6	2730000000000000.0
5300	685	0.7	2750000000000000.0
5300	685	0.8	2780000000000000.0
5300	685	0.9	2800000000000000.0
5300	690	-1.0	2490000000000000.0
5300	690	-0.95	2500000000000000.0
5300	690	-0.9	2500000000000000.0
5300	690	-0.85	2500000000000000.0
5300	690	-0.8	2510000000000000.0
5300	690	-0.75	2520000000000000.0
5300	690	-0.7	2520000000000000.0
5300	690	-0.65	2530000000000000.0
5300	690	-0.6	2530000000000000.0
5300	690	-0.55	2540000000000000.0
5300	690	-0.5	2540000000000000.0
5300	690	-0.45	2550000000000000.0
5300	690	-0.4	2560000000000000.0
5300	690	-0.35	2560000000000000.0
5300	690	-0.3	2570000000000000.0
5300	690	-0.25	2580000000000000.0
5300	690	-0.2	2590000000000000.0
5300	690	-0.15	2590000000000000.0
5300	690	-0.1	2600000000000000.0
5300	690	-0.05	2610000000000000.0
5300	690	0.0	2620000000000000.0
5300	690	0.05	2630000000000000.0
5300	690	0.1	2640000000000000.0
5300	690	0.15	2650000000000000.0
5300	690	0.2	2660000000000000.0
5300	690	0.25	2670000000000000.0
5300	690	0.3	2680000000000000.0
5300	690	0.35	2690000000000000.0
5300	690	0.4	2700000000000000.0
5300	690	0.45	2710000000000000.0
5300	690	0.5	2720000000000000.0
5300	690	0.6	2740000000000000.0
5300	690	0.7	2770000000000000.0
5300	690	0.8	2790000000000000.0
5300	690	0.9	2820000000000000.0
5300	695	-1.0	2480000000000000.0
5300	695	-0.95	2490000000000000.0
5300	695	-0.9	2490000000000000.0
5300	695	-0.85	2500000000000000.0
5300	695	-0.8	2500000000000000.0
5300	695	-0.75	2510000000000000.0
5300	695	-0.7	2510000000000000.0
5300	695	-0.65	2520000000000000.0
5300	695	-0.6	2520000000000000.0
5300	695	-0.55	2530000000000000.0
5300	695	-0.5	2530000000000000.0
5300	695	-0.45	2540000000000000.0
5300	695	-0.4	2540000000000000.0
5300	695	-0.35	2550000000000000.0
5300	695	-0.3	2560000000000000.0
5300	695	-0.25	2560000000000000.0
5300	695	-0.2	2570000000000000.0
5300	695	-0.15	2570000000000000.0
5300	695	-0.1	2580000000000000.0
5300	695	-0.05	2590000000000000.0
5300	695	0.0	2600000000000000.0
5300	695	0.05	2600000000000000.0
5300	695	0.1	2610000000000000.0
5300	695	0.15	2620000000000000.0
5300	695	0.2	2630000000000000.0
5300	695	0.25	2630000000000000.0
5300	695	0.3	2640000000000000.0
5300	695	0.35	2650000000000000.0
5300	695	0.4	2660000000000000.0
5300	695	0.45	2670000000000000.0
5300	695	0.5	2680000000000000.0
5300	695	0.6	2700000000000000.0
5300	695	0.7	2720000000000000.0
5300	695	0.8	2730000000000000.0
5300	695	0.9	2750000000000000.0
5300	700	-1.0	2470000000000000.0
5300	700	-0.95	2480000000000000.0
5300	700	-0.9	2480000000000000.0
5300	700	-0.85	2490000000000000.0
5300	700	-0.8	2490000000000000.0
5300	700	-0.75	2490000000000000.0
5300	700	-0.7	2500000000000000.0
5300	700	-0.65	2500000000000000.0
5300	700	-0.6	2510000000000000.0
5300	700	-0.55	2510000000000000.0
5300	700	-0.5	2520000000000000.0
5300	700	-0.45	2520000000000000.0
5300	700	-0.4	2530000000000000.0
5300	700	-0.35	2530000000000000.0
5300	700	-0.3	2540000000000000.0
5300	700	-0.25	2540000000000000.0
5300	700	-0.2	2550000000000000.0
5300	700	-0.15	2550000000000000.0
5300	700	-0.1	2560000000000000.0
5300	700	-0.05	2560000000000000.0
5300	700	0.0	2570000000000000.0
5300	700	0.05	2580000000000000.0
5300	700	0.1	2580000000000000.0
5300	700	0.15	2590000000000000.0
5300	700	0.2	2590000000000000.0
5300	700	0.25	2600000000000000.0
5300	700	0.3	2610000000000000.0
5300	700	0.35	2620000000000000.0
5300	700	0.4	2620000000000000.0
5300	700	0.45	2630000000000000.0
5300	700	0.5	2640000000000000.0
5300	700	0.6	2650000000000000.0
5300	700	0.7	2670000000000000.0
5300	700	0.8	2690000000000000.0
5300	700	0.9	2700000000000000.0
5300	705	-1.0	2470000000000000.0
5300	705	-0.95	2480000000000000.0
5300	705	-0.9	2480000000000000.0
5300	705	-0.85	2480000000000000.0
5300	705	-0.8	2490000000000000.0
5300	705	-0.75	2490000000000000.0
5300	705	-0.7	2500000000000000.0
5300	705	-0.65	2500000000000000.0
5300	705	-0.6	2510000000000000.0
5300	705	-0.55	2510000000000000.0
5300	705	-0.5	2520000000000000.0
5300	705	-0.45	2520000000000000.0
5300	705	-0.4	2530000000000000.0
5300	705	-0.35	2530000000000000.0
5300	705	-0.3	2540000000000000.0
5300	705	-0.25	2540000000000000.0
5300	705	-0.2	2550000000000000.0
5300	705	-0.15	2550000000000000.0
5300	705	-0.1	2560000000000000.0
5300	705	-0.05	2570000000000000.0
5300	705	0.0	2570000000000000.0
5300	705	0.05	2580000000000000.0
5300	705	0.1	2590000000000000.0
5300	705	0.15	2590000000000000.0
5300	705	0.2	2600000000000000.0
5300	705	0.25	2610000000000000.0
5300	705	0.3	2620000000000000.0
5300	705	0.35	2620000000000000.0
5300	705	0.4	2630000000000000.0
5300	705	0.45	2640000000000000.0
5300	705	0.5	2650000000000000.0
5300	705	0.6	2660000000000000.0
5300	705	0.7	2680000000000000.0
5300	705	0.8	2700000000000000.0
5300	705	0.9	2720000000000000.0
5300	710	-1.0	2470000000000000.0
5300	710	-0.95	2470000000000000.0
5300	710	-0.9	2480000000000000.0
5300	710	-0.85	2480000000000000.0
5300	710	-0.8	2480000000000000.0
5300	710	-0.75	2490000000000000.0
5300	710	-0.7	2490000000000000.0
5300	710	-0.65	2500000000000000.0
5300	710	-0.6	2500000000000000.0
5300	710	-0.55	2510000000000000.0
5300	710	-0.5	2510000000000000.0
5300	710	-0.45	2520000000000000.0
5300	710	-0.4	2520000000000000.0
5300	710	-0.35	2530000000000000.0
5300	710	-0.3	2530000000000000.0
5300	710	-0.25	2540000000000000.0
5300	710	-0.2	2540000000000000.0
5300	710	-0.15	2550000000000000.0
5300	710	-0.1	2560000000000000.0
5300	710	-0.05	2560000000000000.0
5300	710	0.0	2570000000000000.0
5300	710	0.05	2580000000000000.0
5300	710	0.1	2580000000000000.0
5300	710	0.15	2590000000000000.0
5300	710	0.2	2600000000000000.0
5300	710	0.25	2600000000000000.0
5300	710	0.3	2610000000000000.0
5300	710	0.35	2620000000000000.0
5300	710	0.4	2630000000000000.0
5300	710	0.45	2630000000000000.0
5300	710	0.5	2640000000000000.0
5300	710	0.6	2660000000000000.0
5300	710	0.7	2670000000000000.0
5300	710	0.8	2690000000000000.0
5300	710	0.9	2710000000000000.0
5300	715	-1.0	2450000000000000.0
5300	715	-0.95	2460000000000000.0
5300	715	-0.9	2460000000000000.0
5300	715	-0.85	2460000000000000.0
5300	715	-0.8	2470000000000000.0
5300	715	-0.75	2470000000000000.0
5300	715	-0.7	2470000000000000.0
5300	715	-0.65	2480000000000000.0
5300	715	-0.6	2480000000000000.0
5300	715	-0.55	2480000000000000.0
5300	715	-0.5	2490000000000000.0
5300	715	-0.45	2490000000000000.0
5300	715	-0.4	2500000000000000.0
5300	715	-0.35	2500000000000000.0
5300	715	-0.3	2500000000000000.0
5300	715	-0.25	2510000000000000.0
5300	715	-0.2	2510000000000000.0
5300	715	-0.15	2520000000000000.0
5300	715	-0.1	2520000000000000.0
5300	715	-0.05	2530000000000000.0
5300	715	0.0	2530000000000000.0
5300	715	0.05	2540000000000000.0
5300	715	0.1	2540000000000000.0
5300	715	0.15	2550000000000000.0
5300	715	0.2	2550000000000000.0
5300	715	0.25	2560000000000000.0
5300	715	0.3	2560000000000000.0
5300	715	0.35	2570000000000000.0
5300	715	0.4	2580000000000000.0
5300	715	0.45	2580000000000000.0
5300	715	0.5	2590000000000000.0
5300	715	0.6	2600000000000000.0
5300	715	0.7	2610000000000000.0
5300	715	0.8	2620000000000000.0
5300	715	0.9	2630000000000000.0
5300	720	-1.0	2440000000000000.0
5300	720	-0.95	2440000000000000.0
5300	720	-0.9	2440000000000000.0
5300	720	-0.85	2450000000000000.0
5300	720	-0.8	2450000000000000.0
5300	720	-0.75	2450000000000000.0
5300	720	-0.7	2450000000000000.0
5300	720	-0.65	2460000000000000.0
5300	720	-0.6	2460000000000000.0
5300	720	-0.55	2460000000000000.0
5300	720	-0.5	2470000000000000.0
5300	720	-0.45	2470000000000000.0
5300	720	-0.4	2470000000000000.0
5300	720	-0.35	2480000000000000.0
5300	720	-0.3	2480000000000000.0
5300	720	-0.25	2490000000000000.0
5300	720	-0.2	2490000000000000.0
5300	720	-0.15	2490000000000000.0
5300	720	-0.1	2500000000000000.0
5300	720	-0.05	2500000000000000.0
5300	720	0.0	2510000000000000.0
5300	720	0.05	2510000000000000.0
5300	720	0.1	2520000000000000.0
5300	720	0.15	2520000000000000.0
5300	720	0.2	2520000000000000.0
5300	720	0.25	2530000000000000.0
5300	720	0.3	2540000000000000.0
5300	720	0.35	2540000000000000.0
5300	720	0.4	2550000000000000.0
5300	720	0.45	2550000000000000.0
5300	720	0.5	2560000000000000.0
5300	720	0.6	2570000000000000.0
5300	720	0.7	2580000000000000.0
5300	720	0.8	2600000000000000.0
5300	720	0.9	2610000000000000.0
5300	725	-1.0	2450000000000000.0
5300	725	-0.95	2450000000000000.0
5300	725	-0.9	2460000000000000.0
5300	725	-0.85	2460000000000000.0
5300	725	-0.8	2460000000000000.0
5300	725	-0.75	2470000000000000.0
5300	725	-0.7	2470000000000000.0
5300	725	-0.65	2480000000000000.0
5300	725	-0.6	2480000000000000.0
5300	725	-0.55	2490000000000000.0
5300	725	-0.5	2490000000000000.0
5300	725	-0.45	2500000000000000.0
5300	725	-0.4	2500000000000000.0
5300	725	-0.35	2510000000000000.0
5300	725	-0.3	2510000000000000.0
5300	725	-0.25	2520000000000000.0
5300	725	-0.2	2520000000000000.0
5300	725	-0.15	2530000000000000.0
5300	725	-0.1	2540000000000000.0
5300	725	-0.05	2540000000000000.0
5300	725	0.0	2550000000000000.0
5300	725	0.05	2550000000000000.0
5300	725	0.1	2560000000000000.0
5300	725	0.15	2570000000000000.0
5300	725	0.2	2580000000000000.0
5300	725	0.25	2580000000000000.0
5300	725	0.3	2590000000000000.0
5300	725	0.35	2600000000000000.0
5300	725	0.4	2610000000000000.0
5300	725	0.45	2620000000000000.0
5300	725	0.5	2620000000000000.0
5300	725	0.6	2640000000000000.0
5300	725	0.7	2660000000000000.0
5300	725	0.8	2680000000000000.0
5300	725	0.9	2700000000000000.0
5300	730	-1.0	2440000000000000.0
5300	730	-0.95	2440000000000000.0
5300	730	-0.9	2440000000000000.0
5300	730	-0.85	2450000000000000.0
5300	730	-0.8	2450000000000000.0
5300	730	-0.75	2450000000000000.0
5300	730	-0.7	2460000000000000.0
5300	730	-0.65	2460000000000000.0
5300	730	-0.6	2460000000000000.0
5300	730	-0.55	2470000000000000.0
5300	730	-0.5	2470000000000000.0
5300	730	-0.45	2470000000000000.0
5300	730	-0.4	2480000000000000.0
5300	730	-0.35	2480000000000000.0
5300	730	-0.3	2490000000000000.0
5300	730	-0.25	2490000000000000.0
5300	730	-0.2	2500000000000000.0
5300	730	-0.15	2500000000000000.0
5300	730	-0.1	2500000000000000.0
5300	730	-0.05	2510000000000000.0
5300	730	0.0	2510000000000000.0
5300	730	0.05	2520000000000000.0
5300	730	0.1	2530000000000000.0
5300	730	0.15	2530000000000000.0
5300	730	0.2	2540000000000000.0
5300	730	0.25	2540000000000000.0
5300	730	0.3	2550000000000000.0
5300	730	0.35	2560000000000000.0
5300	730	0.4	2560000000000000.0
5300	730	0.45	2570000000000000.0
5300	730	0.5	2580000000000000.0
5300	730	0.6	2590000000000000.0
5300	730	0.7	2610000000000000.0
5300	730	0.8	2620000000000000.0
5300	730	0.9	2640000000000000.0
5300	735	-1.0	2440000000000000.0
5300	735	-0.95	2440000000000000.0
5300	735	-0.9	2450000000000000.0
5300	735	-0.85	2450000000000000.0
5300	735	-0.8	2450000000000000.0
5300	735	-0.75	2460000000000000.0
5300	735	-0.7	2460000000000000.0
5300	735	-0.65	2460000000000000.0
5300	735	-0.6	2470000000000000.0
5300	735	-0.55	2470000000000000.0
5300	735	-0.5	2480000000000000.0
5300	735	-0.45	2480000000000000.0
5300	735	-0.4	2490000000000000.0
5300	735	-0.35	2490000000000000.0
5300	735	-0.3	2490000000000000.0
5300	735	-0.25	2500000000000000.0
5300	735	-0.2	2500000000000000.0
5300	735	-0.15	2510000000000000.0
5300	735	-0.1	2510000000000000.0
5300	735	-0.05	2520000000000000.0
5300	735	0.0	2530000000000000.0
5300	735	0.05	2530000000000000.0
5300	735	0.1	2540000000000000.0
5300	735	0.15	2540000000000000.0
5300	735	0.2	2550000000000000.0
5300	735	0.25	2560000000000000.0
5300	735	0.3	2560000000000000.0
5300	735	0.35	2570000000000000.0
5300	735	0.4	2580000000000000.0
5300	735	0.45	2580000000000000.0
5300	735	0.5	2590000000000000.0
5300	735	0.6	2610000000000000.0
5300	735	0.7	2620000000000000.0
5300	735	0.8	2640000000000000.0
5300	735	0.9	2660000000000000.0
5300	740	-1.0	2420000000000000.0
5300	740	-0.95	2420000000000000.0
5300	740	-0.9	2420000000000000.0
5300	740	-0.85	2420000000000000.0
5300	740	-0.8	2420000000000000.0
5300	740	-0.75	2430000000000000.0
5300	740	-0.7	2430000000000000.0
5300	740	-0.65	2430000000000000.0
5300	740	-0.6	2430000000000000.0
5300	740	-0.55	2440000000000000.0
5300	740	-0.5	2440000000000000.0
5300	740	-0.45	2440000000000000.0
5300	740	-0.4	2450000000000000.0
5300	740	-0.35	2450000000000000.0
5300	740	-0.3	2460000000000000.0
5300	740	-0.25	2460000000000000.0
5300	740	-0.2	2460000000000000.0
5300	740	-0.15	2470000000000000.0
5300	740	-0.1	2470000000000000.0
5300	740	-0.05	2480000000000000.0
5300	740	0.0	2480000000000000.0
5300	740	0.05	2490000000000000.0
5300	740	0.1	2490000000000000.0
5300	740	0.15	2500000000000000.0
5300	740	0.2	2500000000000000.0
5300	740	0.25	2510000000000000.0
5300	740	0.3	2520000000000000.0
5300	740	0.35	2520000000000000.0
5300	740	0.4	2530000000000000.0
5300	740	0.45	2540000000000000.0
5300	740	0.5	2540000000000000.0
5300	740	0.6	2560000000000000.0
5300	740	0.7	2580000000000000.0
5300	740	0.8	2600000000000000.0
5300	740	0.9	2610000000000000.0
5300	745	-1.0	2420000000000000.0
5300	745	-0.95	2430000000000000.0
5300	745	-0.9	2430000000000000.0
5300	745	-0.85	2430000000000000.0
5300	745	-0.8	2440000000000000.0
5300	745	-0.75	2440000000000000.0
5300	745	-0.7	2440000000000000.0
5300	745	-0.65	2450000000000000.0
5300	745	-0.6	2450000000000000.0
5300	745	-0.55	2460000000000000.0
5300	745	-0.5	2460000000000000.0
5300	745	-0.45	2470000000000000.0
5300	745	-0.4	2470000000000000.0
5300	745	-0.35	2480000000000000.0
5300	745	-0.3	2480000000000000.0
5300	745	-0.25	2490000000000000.0
5300	745	-0.2	2490000000000000.0
5300	745	-0.15	2500000000000000.0
5300	745	-0.1	2500000000000000.0
5300	745	-0.05	2510000000000000.0
5300	745	0.0	2520000000000000.0
5300	745	0.05	2520000000000000.0
5300	745	0.1	2530000000000000.0
5300	745	0.15	2540000000000000.0
5300	745	0.2	2540000000000000.0
5300	745	0.25	2550000000000000.0
5300	745	0.3	2560000000000000.0
5300	745	0.35	2570000000000000.0
5300	745	0.4	2570000000000000.0
5300	745	0.45	2580000000000000.0
5300	745	0.5	2590000000000000.0
5300	745	0.6	2610000000000000.0
5300	745	0.7	2630000000000000.0
5300	745	0.8	2650000000000000.0
5300	745	0.9	2670000000000000.0
5300	750	-1.0	2410000000000000.0
5300	750	-0.95	2420000000000000.0
5300	750	-0.9	2420000000000000.0
5300	750	-0.85	2420000000000000.0
5300	750	-0.8	2430000000000000.0
5300	750	-0.75	2430000000000000.0
5300	750	-0.7	2430000000000000.0
5300	750	-0.65	2440000000000000.0
5300	750	-0.6	2440000000000000.0
5300	750	-0.55	2450000000000000.0
5300	750	-0.5	2450000000000000.0
5300	750	-0.45	2460000000000000.0
5300	750	-0.4	2460000000000000.0
5300	750	-0.35	2470000000000000.0
5300	750	-0.3	2470000000000000.0
5300	750	-0.25	2480000000000000.0
5300	750	-0.2	2480000000000000.0
5300	750	-0.15	2490000000000000.0
5300	750	-0.1	2490000000000000.0
5300	750	-0.05	2500000000000000.0
5300	750	0.0	2510000000000000.0
5300	750	0.05	2510000000000000.0
5300	750	0.1	2520000000000000.0
5300	750	0.15	2530000000000000.0
5300	750	0.2	2530000000000000.0
5300	750	0.25	2540000000000000.0
5300	750	0.3	2550000000000000.0
5300	750	0.35	2560000000000000.0
5300	750	0.4	2560000000000000.0
5300	750	0.45	2570000000000000.0
5300	750	0.5	2580000000000000.0
5300	750	0.6	2600000000000000.0
5300	750	0.7	2620000000000000.0
5300	750	0.8	2640000000000000.0
5300	750	0.9	2660000000000000.0
5300	755	-1.0	2420000000000000.0
5300	755	-0.95	2420000000000000.0
5300	755	-0.9	2420000000000000.0
5300	755	-0.85	2430000000000000.0
5300	755	-0.8	2430000000000000.0
5300	755	-0.75	2440000000000000.0
5300	755	-0.7	2440000000000000.0
5300	755	-0.65	2440000000000000.0
5300	755	-0.6	2450000000000000.0
5300	755	-0.55	2450000000000000.0
5300	755	-0.5	2460000000000000.0
5300	755	-0.45	2460000000000000.0
5300	755	-0.4	2470000000000000.0
5300	755	-0.35	2470000000000000.0
5300	755	-0.3	2480000000000000.0
5300	755	-0.25	2490000000000000.0
5300	755	-0.2	2490000000000000.0
5300	755	-0.15	2500000000000000.0
5300	755	-0.1	2500000000000000.0
5300	755	-0.05	2510000000000000.0
5300	755	0.0	2520000000000000.0
5300	755	0.05	2530000000000000.0
5300	755	0.1	2530000000000000.0
5300	755	0.15	2540000000000000.0
5300	755	0.2	2550000000000000.0
5300	755	0.25	2560000000000000.0
5300	755	0.3	2570000000000000.0
5300	755	0.35	2570000000000000.0
5300	755	0.4	2580000000000000.0
5300	755	0.45	2590000000000000.0
5300	755	0.5	2600000000000000.0
5300	755	0.6	2620000000000000.0
5300	755	0.7	2640000000000000.0
5300	755	0.8	2660000000000000.0
5300	755	0.9	2690000000000000.0
5300	760	-1.0	2400000000000000.0
5300	760	-0.95	2410000000000000.0
5300	760	-0.9	2410000000000000.0
5300	760	-0.85	2410000000000000.0
5300	760	-0.8	2420000000000000.0
5300	760	-0.75	2420000000000000.0
5300	760	-0.7	2420000000000000.0
5300	760	-0.65	2430000000000000.0
5300	760	-0.6	2430000000000000.0
5300	760	-0.55	2430000000000000.0
5300	760	-0.5	2440000000000000.0
5300	760	-0.45	2440000000000000.0
5300	760	-0.4	2450000000000000.0
5300	760	-0.35	2450000000000000.0
5300	760	-0.3	2460000000000000.0
5300	760	-0.25	2460000000000000.0
5300	760	-0.2	2470000000000000.0
5300	760	-0.15	2480000000000000.0
5300	760	-0.1	2480000000000000.0
5300	760	-0.05	2490000000000000.0
5300	760	0.0	2490000000000000.0
5300	760	0.05	2500000000000000.0
5300	760	0.1	2510000000000000.0
5300	760	0.15	2510000000000000.0
5300	760	0.2	2520000000000000.0
5300	760	0.25	2530000000000000.0
5300	760	0.3	2540000000000000.0
5300	760	0.35	2540000000000000.0
5300	760	0.4	2550000000000000.0
5300	760	0.45	2560000000000000.0
5300	760	0.5	2570000000000000.0
5300	760	0.6	2590000000000000.0
5300	760	0.7	2610000000000000.0
5300	760	0.8	2630000000000000.0
5300	760	0.9	2650000000000000.0
5300	765	-1.0	2390000000000000.0
5300	765	-0.95	2400000000000000.0
5300	765	-0.9	2400000000000000.0
5300	765	-0.85	2400000000000000.0
5300	765	-0.8	2410000000000000.0
5300	765	-0.75	2410000000000000.0
5300	765	-0.7	2410000000000000.0
5300	765	-0.65	2420000000000000.0
5300	765	-0.6	2420000000000000.0
5300	765	-0.55	2420000000000000.0
5300	765	-0.5	2430000000000000.0
5300	765	-0.45	2430000000000000.0
5300	765	-0.4	2440000000000000.0
5300	765	-0.35	2440000000000000.0
5300	765	-0.3	2450000000000000.0
5300	765	-0.25	2450000000000000.0
5300	765	-0.2	2460000000000000.0
5300	765	-0.15	2470000000000000.0
5300	765	-0.1	2470000000000000.0
5300	765	-0.05	2480000000000000.0
5300	765	0.0	2490000000000000.0
5300	765	0.05	2490000000000000.0
5300	765	0.1	2500000000000000.0
5300	765	0.15	2510000000000000.0
5300	765	0.2	2520000000000000.0
5300	765	0.25	2520000000000000.0
5300	765	0.3	2530000000000000.0
5300	765	0.35	2540000000000000.0
5300	765	0.4	2550000000000000.0
5300	765	0.45	2560000000000000.0
5300	765	0.5	2570000000000000.0
5300	765	0.6	2590000000000000.0
5300	765	0.7	2610000000000000.0
5300	765	0.8	2630000000000000.0
5300	765	0.9	2660000000000000.0
5300	770	-1.0	2390000000000000.0
5300	770	-0.95	2390000000000000.0
5300	770	-0.9	2400000000000000.0
5300	770	-0.85	2400000000000000.0
5300	770	-0.8	2410000000000000.0
5300	770	-0.75	2410000000000000.0
5300	770	-0.7	2410000000000000.0
5300	770	-0.65	2420000000000000.0
5300	770	-0.6	2420000000000000.0
5300	770	-0.55	2420000000000000.0
5300	770	-0.5	2430000000000000.0
5300	770	-0.45	2430000000000000.0
5300	770	-0.4	2440000000000000.0
5300	770	-0.35	2440000000000000.0
5300	770	-0.3	2450000000000000.0
5300	770	-0.25	2460000000000000.0
5300	770	-0.2	2460000000000000.0
5300	770	-0.15	2470000000000000.0
5300	770	-0.1	2470000000000000.0
5300	770	-0.05	2480000000000000.0
5300	770	0.0	2490000000000000.0
5300	770	0.05	2500000000000000.0
5300	770	0.1	2500000000000000.0
5300	770	0.15	2510000000000000.0
5300	770	0.2	2520000000000000.0
5300	770	0.25	2530000000000000.0
5300	770	0.3	2540000000000000.0
5300	770	0.35	2550000000000000.0
5300	770	0.4	2560000000000000.0
5300	770	0.45	2570000000000000.0
5300	770	0.5	2580000000000000.0
5300	770	0.6	2600000000000000.0
5300	770	0.7	2620000000000000.0
5300	770	0.8	2650000000000000.0
5300	770	0.9	2670000000000000.0
5300	775	-1.0	2380000000000000.0
5300	775	-0.95	2390000000000000.0
5300	775	-0.9	2390000000000000.0
5300	775	-0.85	2390000000000000.0
5300	775	-0.8	2400000000000000.0
5300	775	-0.75	2400000000000000.0
5300	775	-0.7	2400000000000000.0
5300	775	-0.65	2410000000000000.0
5300	775	-0.6	2410000000000000.0
5300	775	-0.55	2410000000000000.0
5300	775	-0.5	2420000000000000.0
5300	775	-0.45	2420000000000000.0
5300	775	-0.4	2430000000000000.0
5300	775	-0.35	2430000000000000.0
5300	775	-0.3	2440000000000000.0
5300	775	-0.25	2450000000000000.0
5300	775	-0.2	2450000000000000.0
5300	775	-0.15	2460000000000000.0
5300	775	-0.1	2460000000000000.0
5300	775	-0.05	2470000000000000.0
5300	775	0.0	2480000000000000.0
5300	775	0.05	2480000000000000.0
5300	775	0.1	2490000000000000.0
5300	775	0.15	2500000000000000.0
5300	775	0.2	2510000000000000.0
5300	775	0.25	2520000000000000.0
5300	775	0.3	2530000000000000.0
5300	775	0.35	2530000000000000.0
5300	775	0.4	2540000000000000.0
5300	775	0.45	2550000000000000.0
5300	775	0.5	2560000000000000.0
5300	775	0.6	2590000000000000.0
5300	775	0.7	2610000000000000.0
5300	775	0.8	2630000000000000.0
5300	775	0.9	2660000000000000.0
5300	780	-1.0	2380000000000000.0
5300	780	-0.95	2390000000000000.0
5300	780	-0.9	2390000000000000.0
5300	780	-0.85	2400000000000000.0
5300	780	-0.8	2400000000000000.0
5300	780	-0.75	2400000000000000.0
5300	780	-0.7	2410000000000000.0
5300	780	-0.65	2410000000000000.0
5300	780	-0.6	2420000000000000.0
5300	780	-0.55	2420000000000000.0
5300	780	-0.5	2430000000000000.0
5300	780	-0.45	2430000000000000.0
5300	780	-0.4	2440000000000000.0
5300	780	-0.35	2440000000000000.0
5300	780	-0.3	2450000000000000.0
5300	780	-0.25	2460000000000000.0
5300	780	-0.2	2460000000000000.0
5300	780	-0.15	2470000000000000.0
5300	780	-0.1	2480000000000000.0
5300	780	-0.05	2480000000000000.0
5300	780	0.0	2490000000000000.0
5300	780	0.05	2500000000000000.0
5300	780	0.1	2510000000000000.0
5300	780	0.15	2520000000000000.0
5300	780	0.2	2530000000000000.0
5300	780	0.25	2540000000000000.0
5300	780	0.3	2550000000000000.0
5300	780	0.35	2560000000000000.0
5300	780	0.4	2570000000000000.0
5300	780	0.45	2580000000000000.0
5300	780	0.5	2590000000000000.0
5300	780	0.6	2620000000000000.0
5300	780	0.7	2640000000000000.0
5300	780	0.8	2670000000000000.0
5300	780	0.9	2700000000000000.0
5300	785	-1.0	2370000000000000.0
5300	785	-0.95	2370000000000000.0
5300	785	-0.9	2380000000000000.0
5300	785	-0.85	2380000000000000.0
5300	785	-0.8	2380000000000000.0
5300	785	-0.75	2390000000000000.0
5300	785	-0.7	2390000000000000.0
5300	785	-0.65	2390000000000000.0
5300	785	-0.6	2400000000000000.0
5300	785	-0.55	2400000000000000.0
5300	785	-0.5	2410000000000000.0
5300	785	-0.45	2410000000000000.0
5300	785	-0.4	2420000000000000.0
5300	785	-0.35	2420000000000000.0
5300	785	-0.3	2430000000000000.0
5300	785	-0.25	2440000000000000.0
5300	785	-0.2	2440000000000000.0
5300	785	-0.15	2450000000000000.0
5300	785	-0.1	2450000000000000.0
5300	785	-0.05	2460000000000000.0
5300	785	0.0	2470000000000000.0
5300	785	0.05	2480000000000000.0
5300	785	0.1	2480000000000000.0
5300	785	0.15	2490000000000000.0
5300	785	0.2	2500000000000000.0
5300	785	0.25	2510000000000000.0
5300	785	0.3	2520000000000000.0
5300	785	0.35	2530000000000000.0
5300	785	0.4	2540000000000000.0
5300	785	0.45	2550000000000000.0
5300	785	0.5	2560000000000000.0
5300	785	0.6	2580000000000000.0
5300	785	0.7	2610000000000000.0
5300	785	0.8	2630000000000000.0
5300	785	0.9	2660000000000000.0
5300	790	-1.0	2360000000000000.0
5300	790	-0.95	2370000000000000.0
5300	790	-0.9	2370000000000000.0
5300	790	-0.85	2370000000000000.0
5300	790	-0.8	2380000000000000.0
5300	790	-0.75	2380000000000000.0
5300	790	-0.7	2380000000000000.0
5300	790	-0.65	2390000000000000.0
5300	790	-0.6	2390000000000000.0
5300	790	-0.55	2390000000000000.0
5300	790	-0.5	2400000000000000.0
5300	790	-0.45	2400000000000000.0
5300	790	-0.4	2410000000000000.0
5300	790	-0.35	2410000000000000.0
5300	790	-0.3	2410000000000000.0
5300	790	-0.25	2420000000000000.0
5300	790	-0.2	2420000000000000.0
5300	790	-0.15	2430000000000000.0
5300	790	-0.1	2430000000000000.0
5300	790	-0.05	2440000000000000.0
5300	790	0.0	2440000000000000.0
5300	790	0.05	2450000000000000.0
5300	790	0.1	2450000000000000.0
5300	790	0.15	2460000000000000.0
5300	790	0.2	2460000000000000.0
5300	790	0.25	2470000000000000.0
5300	790	0.3	2470000000000000.0
5300	790	0.35	2480000000000000.0
5300	790	0.4	2490000000000000.0
5300	790	0.45	2490000000000000.0
5300	790	0.5	2500000000000000.0
5300	790	0.6	2510000000000000.0
5300	790	0.7	2520000000000000.0
5300	790	0.8	2540000000000000.0
5300	790	0.9	2550000000000000.0
5300	795	-1.0	2340000000000000.0
5300	795	-0.95	2350000000000000.0
5300	795	-0.9	2350000000000000.0
5300	795	-0.85	2350000000000000.0
5300	795	-0.8	2350000000000000.0
5300	795	-0.75	2360000000000000.0
5300	795	-0.7	2360000000000000.0
5300	795	-0.65	2360000000000000.0
5300	795	-0.6	2360000000000000.0
5300	795	-0.55	2370000000000000.0
5300	795	-0.5	2370000000000000.0
5300	795	-0.45	2370000000000000.0
5300	795	-0.4	2380000000000000.0
5300	795	-0.35	2380000000000000.0
5300	795	-0.3	2380000000000000.0
5300	795	-0.25	2380000000000000.0
5300	795	-0.2	2390000000000000.0
5300	795	-0.15	2390000000000000.0
5300	795	-0.1	2390000000000000.0
5300	795	-0.05	2400000000000000.0
5300	795	0.0	2400000000000000.0
5300	795	0.05	2400000000000000.0
5300	795	0.1	2410000000000000.0
5300	795	0.15	2410000000000000.0
5300	795	0.2	2420000000000000.0
5300	795	0.25	2420000000000000.0
5300	795	0.3	2420000000000000.0
5300	795	0.35	2430000000000000.0
5300	795	0.4	2430000000000000.0
5300	795	0.45	2440000000000000.0
5300	795	0.5	2440000000000000.0
5300	795	0.6	2450000000000000.0
5300	795	0.7	2460000000000000.0
5300	795	0.8	2470000000000000.0
5300	795	0.9	2480000000000000.0
5300	800	-1.0	2350000000000000.0
5300	800	-0.95	2350000000000000.0
5300	800	-0.9	2360000000000000.0
5300	800	-0.85	2360000000000000.0
5300	800	-0.8	2360000000000000.0
5300	800	-0.75	2360000000000000.0
5300	800	-0.7	2370000000000000.0
5300	800	-0.65	2370000000000000.0
5300	800	-0.6	2380000000000000.0
5300	800	-0.55	2380000000000000.0
5300	800	-0.5	2380000000000000.0
5300	800	-0.45	2390000000000000.0
5300	800	-0.4	2390000000000000.0
5300	800	-0.35	2400000000000000.0
5300	800	-0.3	2400000000000000.0
5300	800	-0.25	2400000000000000.0
5300	800	-0.2	2410000000000000.0
5300	800	-0.15	2410000000000000.0
5300	800	-0.1	2420000000000000.0
5300	800	-0.05	2420000000000000.0
5300	800	0.0	2430000000000000.0
5300	800	0.05	2440000000000000.0
5300	800	0.1	2440000000000000.0
5300	800	0.15	2450000000000000.0
5300	800	0.2	2450000000000000.0
5300	800	0.25	2460000000000000.0
5300	800	0.3	2470000000000000.0
5300	800	0.35	2470000000000000.0
5300	800	0.4	2480000000000000.0
5300	800	0.45	2490000000000000.0
5300	800	0.5	2500000000000000.0
5300	800	0.6	2510000000000000.0
5300	800	0.7	2530000000000000.0
5300	800	0.8	2550000000000000.0
5300	800	0.9	2570000000000000.0
5300	805	-1.0	2340000000000000.0
5300	805	-0.95	2340000000000000.0
5300	805	-0.9	2340000000000000.0
5300	805	-0.85	2350000000000000.0
5300	805	-0.8	2350000000000000.0
5300	805	-0.75	2350000000000000.0
5300	805	-0.7	2350000000000000.0
5300	805	-0.65	2360000000000000.0
5300	805	-0.6	2360000000000000.0
5300	805	-0.55	2360000000000000.0
5300	805	-0.5	2370000000000000.0
5300	805	-0.45	2370000000000000.0
5300	805	-0.4	2370000000000000.0
5300	805	-0.35	2380000000000000.0
5300	805	-0.3	2380000000000000.0
5300	805	-0.25	2390000000000000.0
5300	805	-0.2	2390000000000000.0
5300	805	-0.15	2390000000000000.0
5300	805	-0.1	2400000000000000.0
5300	805	-0.05	2400000000000000.0
5300	805	0.0	2410000000000000.0
5300	805	0.05	2410000000000000.0
5300	805	0.1	2420000000000000.0
5300	805	0.15	2420000000000000.0
5300	805	0.2	2430000000000000.0
5300	805	0.25	2440000000000000.0
5300	805	0.3	2440000000000000.0
5300	805	0.35	2450000000000000.0
5300	805	0.4	2450000000000000.0
5300	805	0.45	2460000000000000.0
5300	805	0.5	2470000000000000.0
5300	805	0.6	2480000000000000.0
5300	805	0.7	2500000000000000.0
5300	805	0.8	2510000000000000.0
5300	805	0.9	2530000000000000.0
5300	810	-1.0	2330000000000000.0
5300	810	-0.95	2330000000000000.0
5300	810	-0.9	2330000000000000.0
5300	810	-0.85	2330000000000000.0
5300	810	-0.8	2340000000000000.0
5300	810	-0.75	2340000000000000.0
5300	810	-0.7	2340000000000000.0
5300	810	-0.65	2350000000000000.0
5300	810	-0.6	2350000000000000.0
5300	810	-0.55	2350000000000000.0
5300	810	-0.5	2350000000000000.0
5300	810	-0.45	2360000000000000.0
5300	810	-0.4	2360000000000000.0
5300	810	-0.35	2360000000000000.0
5300	810	-0.3	2370000000000000.0
5300	810	-0.25	2370000000000000.0
5300	810	-0.2	2370000000000000.0
5300	810	-0.15	2370000000000000.0
5300	810	-0.1	2380000000000000.0
5300	810	-0.05	2380000000000000.0
5300	810	0.0	2380000000000000.0
5300	810	0.05	2390000000000000.0
5300	810	0.1	2390000000000000.0
5300	810	0.15	2400000000000000.0
5300	810	0.2	2400000000000000.0
5300	810	0.25	2400000000000000.0
5300	810	0.3	2410000000000000.0
5300	810	0.35	2410000000000000.0
5300	810	0.4	2410000000000000.0
5300	810	0.45	2420000000000000.0
5300	810	0.5	2420000000000000.0
5300	810	0.6	2430000000000000.0
5300	810	0.7	2440000000000000.0
5300	810	0.8	2450000000000000.0
5300	810	0.9	2460000000000000.0
5300	815	-1.0	2330000000000000.0
5300	815	-0.95	2330000000000000.0
5300	815	-0.9	2330000000000000.0
5300	815	-0.85	2330000000000000.0
5300	815	-0.8	2340000000000000.0
5300	815	-0.75	2340000000000000.0
5300	815	-0.7	2340000000000000.0
5300	815	-0.65	2350000000000000.0
5300	815	-0.6	2350000000000000.0
5300	815	-0.55	2350000000000000.0
5300	815	-0.5	2360000000000000.0
5300	815	-0.45	2360000000000000.0
5300	815	-0.4	2370000000000000.0
5300	815	-0.35	2370000000000000.0
5300	815	-0.3	2370000000000000.0
5300	815	-0.25	2380000000000000.0
5300	815	-0.2	2380000000000000.0
5300	815	-0.15	2390000000000000.0
5300	815	-0.1	2390000000000000.0
5300	815	-0.05	2390000000000000.0
5300	815	0.0	2400000000000000.0
5300	815	0.05	2400000000000000.0
5300	815	0.1	2410000000000000.0
5300	815	0.15	2410000000000000.0
5300	815	0.2	2420000000000000.0
5300	815	0.25	2420000000000000.0
5300	815	0.3	2430000000000000.0
5300	815	0.35	2430000000000000.0
5300	815	0.4	2430000000000000.0
5300	815	0.45	2440000000000000.0
5300	815	0.5	2440000000000000.0
5300	815	0.6	2460000000000000.0
5300	815	0.7	2470000000000000.0
5300	815	0.8	2480000000000000.0
5300	815	0.9	2490000000000000.0
5300	820	-1.0	2290000000000000.0
5300	820	-0.95	2290000000000000.0
5300	820	-0.9	2290000000000000.0
5300	820	-0.85	2290000000000000.0
5300	820	-0.8	2300000000000000.0
5300	820	-0.75	2300000000000000.0
5300	820	-0.7	2300000000000000.0
5300	820	-0.65	2300000000000000.0
5300	820	-0.6	2300000000000000.0
5300	820	-0.55	2310000000000000.0
5300	820	-0.5	2310000000000000.0
5300	820	-0.45	2310000000000000.0
5300	820	-0.4	2310000000000000.0
5300	820	-0.35	2310000000000000.0
5300	820	-0.3	2320000000000000.0
5300	820	-0.25	2320000000000000.0
5300	820	-0.2	2320000000000000.0
5300	820	-0.15	2320000000000000.0
5300	820	-0.1	2330000000000000.0
5300	820	-0.05	2330000000000000.0
5300	820	0.0	2330000000000000.0
5300	820	0.05	2340000000000000.0
5300	820	0.1	2340000000000000.0
5300	820	0.15	2340000000000000.0
5300	820	0.2	2340000000000000.0
5300	820	0.25	2350000000000000.0
5300	820	0.3	2350000000000000.0
5300	820	0.35	2350000000000000.0
5300	820	0.4	2360000000000000.0
5300	820	0.45	2360000000000000.0
5300	820	0.5	2370000000000000.0
5300	820	0.6	2370000000000000.0
5300	820	0.7	2380000000000000.0
5300	820	0.8	2390000000000000.0
5300	820	0.9	2400000000000000.0
5300	825	-1.0	2310000000000000.0
5300	825	-0.95	2310000000000000.0
5300	825	-0.9	2310000000000000.0
5300	825	-0.85	2310000000000000.0
5300	825	-0.8	2310000000000000.0
5300	825	-0.75	2320000000000000.0
5300	825	-0.7	2320000000000000.0
5300	825	-0.65	2330000000000000.0
5300	825	-0.6	2330000000000000.0
5300	825	-0.55	2330000000000000.0
5300	825	-0.5	2330000000000000.0
5300	825	-0.45	2340000000000000.0
5300	825	-0.4	2340000000000000.0
5300	825	-0.35	2350000000000000.0
5300	825	-0.3	2350000000000000.0
5300	825	-0.25	2360000000000000.0
5300	825	-0.2	2360000000000000.0
5300	825	-0.15	2360000000000000.0
5300	825	-0.1	2370000000000000.0
5300	825	-0.05	2370000000000000.0
5300	825	0.0	2380000000000000.0
5300	825	0.05	2380000000000000.0
5300	825	0.1	2390000000000000.0
5300	825	0.15	2390000000000000.0
5300	825	0.2	2400000000000000.0
5300	825	0.25	2410000000000000.0
5300	825	0.3	2410000000000000.0
5300	825	0.35	2420000000000000.0
5300	825	0.4	2430000000000000.0
5300	825	0.45	2430000000000000.0
5300	825	0.5	2440000000000000.0
5300	825	0.6	2460000000000000.0
5300	825	0.7	2470000000000000.0
5300	825	0.8	2490000000000000.0
5300	825	0.9	2510000000000000.0
5300	830	-1.0	2300000000000000.0
5300	830	-0.95	2300000000000000.0
5300	830	-0.9	2300000000000000.0
5300	830	-0.85	2310000000000000.0
5300	830	-0.8	2310000000000000.0
5300	830	-0.75	2310000000000000.0
5300	830	-0.7	2310000000000000.0
5300	830	-0.65	2320000000000000.0
5300	830	-0.6	2320000000000000.0
5300	830	-0.55	2320000000000000.0
5300	830	-0.5	2320000000000000.0
5300	830	-0.45	2330000000000000.0
5300	830	-0.4	2330000000000000.0
5300	830	-0.35	2330000000000000.0
5300	830	-0.3	2340000000000000.0
5300	830	-0.25	2340000000000000.0
5300	830	-0.2	2340000000000000.0
5300	830	-0.15	2350000000000000.0
5300	830	-0.1	2350000000000000.0
5300	830	-0.05	2360000000000000.0
5300	830	0.0	2360000000000000.0
5300	830	0.05	2360000000000000.0
5300	830	0.1	2370000000000000.0
5300	830	0.15	2370000000000000.0
5300	830	0.2	2380000000000000.0
5300	830	0.25	2380000000000000.0
5300	830	0.3	2380000000000000.0
5300	830	0.35	2390000000000000.0
5300	830	0.4	2390000000000000.0
5300	830	0.45	2400000000000000.0
5300	830	0.5	2400000000000000.0
5300	830	0.6	2410000000000000.0
5300	830	0.7	2420000000000000.0
5300	830	0.8	2430000000000000.0
5300	830	0.9	2440000000000000.0
5300	835	-1.0	2280000000000000.0
5300	835	-0.95	2280000000000000.0
5300	835	-0.9	2280000000000000.0
5300	835	-0.85	2280000000000000.0
5300	835	-0.8	2280000000000000.0
5300	835	-0.75	2290000000000000.0
5300	835	-0.7	2290000000000000.0
5300	835	-0.65	2290000000000000.0
5300	835	-0.6	2290000000000000.0
5300	835	-0.55	2300000000000000.0
5300	835	-0.5	2300000000000000.0
5300	835	-0.45	2300000000000000.0
5300	835	-0.4	2310000000000000.0
5300	835	-0.35	2310000000000000.0
5300	835	-0.3	2310000000000000.0
5300	835	-0.25	2310000000000000.0
5300	835	-0.2	2320000000000000.0
5300	835	-0.15	2320000000000000.0
5300	835	-0.1	2320000000000000.0
5300	835	-0.05	2330000000000000.0
5300	835	0.0	2330000000000000.0
5300	835	0.05	2330000000000000.0
5300	835	0.1	2340000000000000.0
5300	835	0.15	2340000000000000.0
5300	835	0.2	2350000000000000.0
5300	835	0.25	2350000000000000.0
5300	835	0.3	2350000000000000.0
5300	835	0.35	2360000000000000.0
5300	835	0.4	2360000000000000.0
5300	835	0.45	2370000000000000.0
5300	835	0.5	2370000000000000.0
5300	835	0.6	2380000000000000.0
5300	835	0.7	2390000000000000.0
5300	835	0.8	2400000000000000.0
5300	835	0.9	2410000000000000.0
5300	840	-1.0	2270000000000000.0
5300	840	-0.95	2270000000000000.0
5300	840	-0.9	2270000000000000.0
5300	840	-0.85	2280000000000000.0
5300	840	-0.8	2280000000000000.0
5300	840	-0.75	2280000000000000.0
5300	840	-0.7	2280000000000000.0
5300	840	-0.65	2290000000000000.0
5300	840	-0.6	2290000000000000.0
5300	840	-0.55	2290000000000000.0
5300	840	-0.5	2290000000000000.0
5300	840	-0.45	2300000000000000.0
5300	840	-0.4	2300000000000000.0
5300	840	-0.35	2300000000000000.0
5300	840	-0.3	2310000000000000.0
5300	840	-0.25	2310000000000000.0
5300	840	-0.2	2310000000000000.0
5300	840	-0.15	2320000000000000.0
5300	840	-0.1	2320000000000000.0
5300	840	-0.05	2330000000000000.0
5300	840	0.0	2330000000000000.0
5300	840	0.05	2330000000000000.0
5300	840	0.1	2340000000000000.0
5300	840	0.15	2340000000000000.0
5300	840	0.2	2350000000000000.0
5300	840	0.25	2350000000000000.0
5300	840	0.3	2360000000000000.0
5300	840	0.35	2360000000000000.0
5300	840	0.4	2370000000000000.0
5300	840	0.45	2380000000000000.0
5300	840	0.5	2380000000000000.0
5300	840	0.6	2390000000000000.0
5300	840	0.7	2410000000000000.0
5300	840	0.8	2420000000000000.0
5300	840	0.9	2440000000000000.0
5300	845	-1.0	2260000000000000.0
5300	845	-0.95	2260000000000000.0
5300	845	-0.9	2260000000000000.0
5300	845	-0.85	2270000000000000.0
5300	845	-0.8	2270000000000000.0
5300	845	-0.75	2270000000000000.0
5300	845	-0.7	2270000000000000.0
5300	845	-0.65	2270000000000000.0
5300	845	-0.6	2280000000000000.0
5300	845	-0.55	2280000000000000.0
5300	845	-0.5	2280000000000000.0
5300	845	-0.45	2290000000000000.0
5300	845	-0.4	2290000000000000.0
5300	845	-0.35	2290000000000000.0
5300	845	-0.3	2290000000000000.0
5300	845	-0.25	2300000000000000.0
5300	845	-0.2	2300000000000000.0
5300	845	-0.15	2300000000000000.0
5300	845	-0.1	2310000000000000.0
5300	845	-0.05	2310000000000000.0
5300	845	0.0	2310000000000000.0
5300	845	0.05	2320000000000000.0
5300	845	0.1	2320000000000000.0
5300	845	0.15	2330000000000000.0
5300	845	0.2	2330000000000000.0
5300	845	0.25	2340000000000000.0
5300	845	0.3	2340000000000000.0
5300	845	0.35	2340000000000000.0
5300	845	0.4	2350000000000000.0
5300	845	0.45	2350000000000000.0
5300	845	0.5	2360000000000000.0
5300	845	0.6	2370000000000000.0
5300	845	0.7	2380000000000000.0
5300	845	0.8	2400000000000000.0
5300	845	0.9	2410000000000000.0
5300	850	-1.0	2220000000000000.0
5300	850	-0.95	2220000000000000.0
5300	850	-0.9	2220000000000000.0
5300	850	-0.85	2220000000000000.0
5300	850	-0.8	2230000000000000.0
5300	850	-0.75	2230000000000000.0
5300	850	-0.7	2230000000000000.0
5300	850	-0.65	2230000000000000.0
5300	850	-0.6	2230000000000000.0
5300	850	-0.55	2240000000000000.0
5300	850	-0.5	2240000000000000.0
5300	850	-0.45	2240000000000000.0
5300	850	-0.4	2250000000000000.0
5300	850	-0.35	2250000000000000.0
5300	850	-0.3	2250000000000000.0
5300	850	-0.25	2250000000000000.0
5300	850	-0.2	2260000000000000.0
5300	850	-0.15	2260000000000000.0
5300	850	-0.1	2260000000000000.0
5300	850	-0.05	2270000000000000.0
5300	850	0.0	2270000000000000.0
5300	850	0.05	2280000000000000.0
5300	850	0.1	2280000000000000.0
5300	850	0.15	2290000000000000.0
5300	850	0.2	2290000000000000.0
5300	850	0.25	2300000000000000.0
5300	850	0.3	2300000000000000.0
5300	850	0.35	2310000000000000.0
5300	850	0.4	2310000000000000.0
5300	850	0.45	2320000000000000.0
5300	850	0.5	2320000000000000.0
5300	850	0.6	2330000000000000.0
5300	850	0.7	2350000000000000.0
5300	850	0.8	2360000000000000.0
5300	850	0.9	2380000000000000.0
5800	179.40000000000001	-1.0	4590000000000.0
5800	179.40000000000001	-0.95	4080000000000.0
5800	179.40000000000001	-0.9	3600000000000.0
5800	179.40000000000001	-0.85	3160000000000.0
5800	179.40000000000001	-0.8	2760000000000.0
5800	179.40000000000001	-0.75	2380000000000.0
5800	179.40000000000001	-0.7	2030000000000.0
5800	179.40000000000001	-0.65	1730000000000.0
5800	179.40000000000001	-0.6	1470000000000.0
5800	179.40000000000001	-0.55	1240000000000.0
5800	179.40000000000001	-0.5	1030000000000.0
5800	179.40000000000001	-0.45	863000000000.0
5800	179.40000000000001	-0.4	718000000000.0
5800	179.40000000000001	-0.35	597000000000.0
5800	179.40000000000001	-0.3	498000000000.0
5800	179.40000000000001	-0.25	415000000000.0
5800	179.40000000000001	-0.2	348000000000.0
5800	179.40000000000001	-0.15	295000000000.0
5800	179.40000000000001	-0.1	252000000000.0
5800	179.40000000000001	-0.05	218000000000.0
5800	179.40000000000001	0.0	191000000000.0
5800	179.40000000000001	0.05	168000000000.0
5800	179.40000000000001	0.1	149000000000.0
5800	179.40000000000001	0.15	134000000000.0
5800	179.40000000000001	0.2	121000000000.0
5800	179.40000000000001	0.25	109000000000.0
5800	179.40000000000001	0.3	99100000000.0
5800	179.40000000000001	0.35	89900000000.0
5800	179.40000000000001	0.4	81700000000.0
5800	179.40000000000001	0.45	74000000000.0
5800	179.40000000000001	0.5	67200000000.0
5800	179.40000000000001	0.6	55300000000.0
5800	179.40000000000001	0.7	45400000000.0
5800	179.40000000000001	0.8	37100000000.0
5800	179.40000000000001	0.9	30100000000.0
5800	181	-1.0	3470000000000.0
5800	181	-0.95	3050000000000.0
5800	181	-0.9	2660000000000.0
5800	181	-0.85	2300000000000.0
5800	181	-0.8	1980000000000.0
5800	181	-0.75	1710000000000.0
5800	181	-0.7	1450000000000.0
5800	181	-0.65	1240000000000.0
5800	181	-0.6	1050000000000.0
5800	181	-0.55	890000000000.0
5800	181	-0.5	753000000000.0
5800	181	-0.45	638000000000.0
5800	181	-0.4	541000000000.0
5800	181	-0.35	462000000000.0
5800	181	-0.3	397000000000.0
5800	181	-0.25	342000000000.0
5800	181	-0.2	298000000000.0
5800	181	-0.15	262000000000.0
5800	181	-0.1	232000000000.0
5800	181	-0.05	207000000000.0
5800	181	0.0	186000000000.0
5800	181	0.05	168000000000.0
5800	181	0.1	153000000000.0
5800	181	0.15	139000000000.0
5800	181	0.2	127000000000.0
5800	181	0.25	116000000000.0
5800	181	0.3	106000000000.0
5800	181	0.35	96600000000.0
5800	181	0.4	88100000000.0
5800	181	0.45	80200000000.0
5800	181	0.5	73000000000.0
5800	181	0.6	60400000000.0
5800	181	0.7	49900000000.0
5800	181	0.8	41000000000.0
5800	181	0.9	33500000000.0
5800	182.59999999999999	-1.0	4130000000000.0
5800	182.59999999999999	-0.95	3650000000000.0
5800	182.59999999999999	-0.9	3200000000000.0
5800	182.59999999999999	-0.85	2790000000000.0
5800	182.59999999999999	-0.8	2420000000000.0
5800	182.59999999999999	-0.75	2090000000000.0
5800	182.59999999999999	-0.7	1790000000000.0
5800	182.59999999999999	-0.65	1530000000000.0
5800	182.59999999999999	-0.6	1300000000000.0
5800	182.59999999999999	-0.55	1110000000000.0
5800	182.59999999999999	-0.5	938000000000.0
5800	182.59999999999999	-0.45	796000000000.0
5800	182.59999999999999	-0.4	677000000000.0
5800	182.59999999999999	-0.35	578000000000.0
5800	182.59999999999999	-0.3	497000000000.0
5800	182.59999999999999	-0.25	429000000000.0
5800	182.59999999999999	-0.2	374000000000.0
5800	182.59999999999999	-0.15	330000000000.0
5800	182.59999999999999	-0.1	293000000000.0
5800	182.59999999999999	-0.05	262000000000.0
5800	182.59999999999999	0.0	236000000000.0
5800	182.59999999999999	0.05	214000000000.0
5800	182.59999999999999	0.1	195000000000.0
5800	182.59999999999999	0.15	178000000000.0
5800	182.59999999999999	0.2	163000000000.0
5800	182.59999999999999	0.25	149000000000.0
5800	182.59999999999999	0.3	137000000000.0
5800	182.59999999999999	0.35	125000000000.0
5800	182.59999999999999	0.4	115000000000.0
5800	182.59999999999999	0.45	104000000000.0
5800	182.59999999999999	0.5	95400000000.0
5800	182.59999999999999	0.6	79400000000.0
5800	182.59999999999999	0.7	65900000000.0
5800	182.59999999999999	0.8	54300000000.0
5800	182.59999999999999	0.9	44600000000.0
5800	184.30000000000001	-1.0	2680000000000.0
5800	184.30000000000001	-0.95	2350000000000.0
5800	184.30000000000001	-0.9	2050000000000.0
5800	184.30000000000001	-0.85	1780000000000.0
5800	184.30000000000001	-0.8	1540000000000.0
5800	184.30000000000001	-0.75	1330000000000.0
5800	184.30000000000001	-0.7	1150000000000.0
5800	184.30000000000001	-0.65	987000000000.0
5800	184.30000000000001	-0.6	852000000000.0
5800	184.30000000000001	-0.55	738000000000.0
5800	184.30000000000001	-0.5	639000000000.0
5800	184.30000000000001	-0.45	557000000000.0
5800	184.30000000000001	-0.4	489000000000.0
5800	184.30000000000001	-0.35	432000000000.0
5800	184.30000000000001	-0.3	384000000000.0
5800	184.30000000000001	-0.25	344000000000.0
5800	184.30000000000001	-0.2	309000000000.0
5800	184.30000000000001	-0.15	281000000000.0
5800	184.30000000000001	-0.1	255000000000.0
5800	184.30000000000001	-0.05	233000000000.0
5800	184.30000000000001	0.0	214000000000.0
5800	184.30000000000001	0.05	196000000000.0
5800	184.30000000000001	0.1	180000000000.0
5800	184.30000000000001	0.15	166000000000.0
5800	184.30000000000001	0.2	152000000000.0
5800	184.30000000000001	0.25	140000000000.0
5800	184.30000000000001	0.3	128000000000.0
5800	184.30000000000001	0.35	117000000000.0
5800	184.30000000000001	0.4	107000000000.0
5800	184.30000000000001	0.45	97900000000.0
5800	184.30000000000001	0.5	89400000000.0
5800	184.30000000000001	0.6	74200000000.0
5800	184.30000000000001	0.7	61500000000.0
5800	184.30000000000001	0.8	50700000000.0
5800	184.30000000000001	0.9	41600000000.0
5800	186	-1.0	6490000000000.0
5800	186	-0.95	5820000000000.0
5800	186	-0.9	5180000000000.0
5800	186	-0.85	4580000000000.0
5800	186	-0.8	4010000000000.0
5800	186	-0.75	3490000000000.0
5800	186	-0.7	3010000000000.0
5800	186	-0.65	2580000000000.0
5800	186	-0.6	2210000000000.0
5800	186	-0.55	1870000000000.0
5800	186	-0.5	1580000000000.0
5800	186	-0.45	1330000000000.0
5800	186	-0.4	1120000000000.0
5800	186	-0.35	945000000000.0
5800	186	-0.3	799000000000.0
5800	186	-0.25	676000000000.0
5800	186	-0.2	577000000000.0
5800	186	-0.15	498000000000.0
5800	186	-0.1	433000000000.0
5800	186	-0.05	381000000000.0
5800	186	0.0	338000000000.0
5800	186	0.05	303000000000.0
5800	186	0.1	273000000000.0
5800	186	0.15	248000000000.0
5800	186	0.2	226000000000.0
5800	186	0.25	206000000000.0
5800	186	0.3	188000000000.0
5800	186	0.35	172000000000.0
5800	186	0.4	157000000000.0
5800	186	0.45	143000000000.0
5800	186	0.5	131000000000.0
5800	186	0.6	108000000000.0
5800	186	0.7	89900000000.0
5800	186	0.8	74000000000.0
5800	186	0.9	60600000000.0
5800	187.80000000000001	-1.0	7930000000000.0
5800	187.80000000000001	-0.95	7140000000000.0
5800	187.80000000000001	-0.9	6390000000000.0
5800	187.80000000000001	-0.85	5670000000000.0
5800	187.80000000000001	-0.8	5000000000000.0
5800	187.80000000000001	-0.75	4380000000000.0
5800	187.80000000000001	-0.7	3800000000000.0
5800	187.80000000000001	-0.65	3280000000000.0
5800	187.80000000000001	-0.6	2820000000000.0
5800	187.80000000000001	-0.55	2400000000000.0
5800	187.80000000000001	-0.5	2040000000000.0
5800	187.80000000000001	-0.45	1720000000000.0
5800	187.80000000000001	-0.4	1450000000000.0
5800	187.80000000000001	-0.35	1220000000000.0
5800	187.80000000000001	-0.3	1030000000000.0
5800	187.80000000000001	-0.25	870000000000.0
5800	187.80000000000001	-0.2	739000000000.0
5800	187.80000000000001	-0.15	633000000000.0
5800	187.80000000000001	-0.1	547000000000.0
5800	187.80000000000001	-0.05	477000000000.0
5800	187.80000000000001	0.0	421000000000.0
5800	187.80000000000001	0.05	375000000000.0
5800	187.80000000000001	0.1	337000000000.0
5800	187.80000000000001	0.15	304000000000.0
5800	187.80000000000001	0.2	276000000000.0
5800	187.80000000000001	0.25	252000000000.0
5800	187.80000000000001	0.3	230000000000.0
5800	187.80000000000001	0.35	210000000000.0
5800	187.80000000000001	0.4	192000000000.0
5800	187.80000000000001	0.45	175000000000.0
5800	187.80000000000001	0.5	160000000000.0
5800	187.80000000000001	0.6	133000000000.0
5800	187.80000000000001	0.7	111000000000.0
5800	187.80000000000001	0.8	91000000000.0
5800	187.80000000000001	0.9	74800000000.0
5800	189.59999999999999	-1.0	9270000000000.0
5800	189.59999999999999	-0.95	8390000000000.0
5800	189.59999999999999	-0.9	7530000000000.0
5800	189.59999999999999	-0.85	6720000000000.0
5800	189.59999999999999	-0.8	5950000000000.0
5800	189.59999999999999	-0.75	5220000000000.0
5800	189.59999999999999	-0.7	4550000000000.0
5800	189.59999999999999	-0.65	3940000000000.0
5800	189.59999999999999	-0.6	3390000000000.0
5800	189.59999999999999	-0.55	2910000000000.0
5800	189.59999999999999	-0.5	2470000000000.0
5800	189.59999999999999	-0.45	2100000000000.0
5800	189.59999999999999	-0.4	1770000000000.0
5800	189.59999999999999	-0.35	1500000000000.0
5800	189.59999999999999	-0.3	1270000000000.0
5800	189.59999999999999	-0.25	1070000000000.0
5800	189.59999999999999	-0.2	916000000000.0
5800	189.59999999999999	-0.15	790000000000.0
5800	189.59999999999999	-0.1	685000000000.0
5800	189.59999999999999	-0.05	602000000000.0
5800	189.59999999999999	0.0	534000000000.0
5800	189.59999999999999	0.05	478000000000.0
5800	189.59999999999999	0.1	431000000000.0
5800	189.59999999999999	0.15	391000000000.0
5800	189.59999999999999	0.2	357000000000.0
5800	189.59999999999999	0.25	326000000000.0
5800	189.59999999999999	0.3	299000000000.0
5800	189.59999999999999	0.35	273000000000.0
5800	189.59999999999999	0.4	251000000000.0
5800	189.59999999999999	0.45	229000000000.0
5800	189.59999999999999	0.5	210000000000.0
5800	189.59999999999999	0.6	175000000000.0
5800	189.59999999999999	0.7	146000000000.0
5800	189.59999999999999	0.8	121000000000.0
5800	189.59999999999999	0.9	99600000000.0
5800	191.40000000000001	-1.0	10900000000000.0
5800	191.40000000000001	-0.95	9860000000000.0
5800	191.40000000000001	-0.9	8840000000000.0
5800	191.40000000000001	-0.85	7860000000000.0
5800	191.40000000000001	-0.8	6940000000000.0
5800	191.40000000000001	-0.75	6070000000000.0
5800	191.40000000000001	-0.7	5260000000000.0
5800	191.40000000000001	-0.65	4530000000000.0
5800	191.40000000000001	-0.6	3880000000000.0
5800	191.40000000000001	-0.55	3310000000000.0
5800	191.40000000000001	-0.5	2790000000000.0
5800	191.40000000000001	-0.45	2350000000000.0
5800	191.40000000000001	-0.4	1980000000000.0
5800	191.40000000000001	-0.35	1670000000000.0
5800	191.40000000000001	-0.3	1410000000000.0
5800	191.40000000000001	-0.25	1190000000000.0
5800	191.40000000000001	-0.2	1020000000000.0
5800	191.40000000000001	-0.15	876000000000.0
5800	191.40000000000001	-0.1	762000000000.0
5800	191.40000000000001	-0.05	671000000000.0
5800	191.40000000000001	0.0	597000000000.0
5800	191.40000000000001	0.05	536000000000.0
5800	191.40000000000001	0.1	485000000000.0
5800	191.40000000000001	0.15	441000000000.0
5800	191.40000000000001	0.2	402000000000.0
5800	191.40000000000001	0.25	368000000000.0
5800	191.40000000000001	0.3	337000000000.0
5800	191.40000000000001	0.35	309000000000.0
5800	191.40000000000001	0.4	283000000000.0
5800	191.40000000000001	0.45	259000000000.0
5800	191.40000000000001	0.5	237000000000.0
5800	191.40000000000001	0.6	198000000000.0
5800	191.40000000000001	0.7	165000000000.0
5800	191.40000000000001	0.8	137000000000.0
5800	191.40000000000001	0.9	113000000000.0
5800	193.19999999999999	-1.0	6750000000000.0
5800	193.19999999999999	-0.95	5970000000000.0
5800	193.19999999999999	-0.9	5250000000000.0
5800	193.19999999999999	-0.85	4590000000000.0
5800	193.19999999999999	-0.8	3990000000000.0
5800	193.19999999999999	-0.75	3450000000000.0
5800	193.19999999999999	-0.7	2970000000000.0
5800	193.19999999999999	-0.65	2550000000000.0
5800	193.19999999999999	-0.6	2190000000000.0
5800	193.19999999999999	-0.55	1890000000000.0
5800	193.19999999999999	-0.5	1620000000000.0
5800	193.19999999999999	-0.45	1400000000000.0
5800	193.19999999999999	-0.4	1220000000000.0
5800	193.19999999999999	-0.35	1070000000000.0
5800	193.19999999999999	-0.3	943000000000.0
5800	193.19999999999999	-0.25	837000000000.0
5800	193.19999999999999	-0.2	750000000000.0
5800	193.19999999999999	-0.15	678000000000.0
5800	193.19999999999999	-0.1	615000000000.0
5800	193.19999999999999	-0.05	561000000000.0
5800	193.19999999999999	0.0	515000000000.0
5800	193.19999999999999	0.05	473000000000.0
5800	193.19999999999999	0.1	434000000000.0
5800	193.19999999999999	0.15	400000000000.0
5800	193.19999999999999	0.2	368000000000.0
5800	193.19999999999999	0.25	338000000000.0
5800	193.19999999999999	0.3	310000000000.0
5800	193.19999999999999	0.35	285000000000.0
5800	193.19999999999999	0.4	261000000000.0
5800	193.19999999999999	0.45	238000000000.0
5800	193.19999999999999	0.5	217000000000.0
5800	193.19999999999999	0.6	181000000000.0
5800	193.19999999999999	0.7	150000000000.0
5800	193.19999999999999	0.8	123000000000.0
5800	193.19999999999999	0.9	101000000000.0
5800	195.09999999999999	-1.0	14500000000000.0
5800	195.09999999999999	-0.95	13200000000000.0
5800	195.09999999999999	-0.9	11800000000000.0
5800	195.09999999999999	-0.85	10600000000000.0
5800	195.09999999999999	-0.8	9360000000000.0
5800	195.09999999999999	-0.75	8220000000000.0
5800	195.09999999999999	-0.7	7150000000000.0
5800	195.09999999999999	-0.65	6180000000000.0
5800	195.09999999999999	-0.6	5320000000000.0
5800	195.09999999999999	-0.55	4550000000000.0
5800	195.09999999999999	-0.5	3860000000000.0
5800	195.09999999999999	-0.45	3270000000000.0
5800	195.09999999999999	-0.4	2760000000000.0
5800	195.09999999999999	-0.35	2330000000000.0
5800	195.09999999999999	-0.3	1980000000000.0
5800	195.09999999999999	-0.25	1690000000000.0
5800	195.09999999999999	-0.2	1450000000000.0
5800	195.09999999999999	-0.15	1260000000000.0
5800	195.09999999999999	-0.1	1100000000000.0
5800	195.09999999999999	-0.05	974000000000.0
5800	195.09999999999999	0.0	872000000000.0
5800	195.09999999999999	0.05	787000000000.0
5800	195.09999999999999	0.1	715000000000.0
5800	195.09999999999999	0.15	653000000000.0
5800	195.09999999999999	0.2	598000000000.0
5800	195.09999999999999	0.25	550000000000.0
5800	195.09999999999999	0.3	505000000000.0
5800	195.09999999999999	0.35	464000000000.0
5800	195.09999999999999	0.4	426000000000.0
5800	195.09999999999999	0.45	391000000000.0
5800	195.09999999999999	0.5	358000000000.0
5800	195.09999999999999	0.6	300000000000.0
5800	195.09999999999999	0.7	251000000000.0
5800	195.09999999999999	0.8	209000000000.0
5800	195.09999999999999	0.9	172000000000.0
5800	197	-1.0	17400000000000.0
5800	197	-0.95	15800000000000.0
5800	197	-0.9	14200000000000.0
5800	197	-0.85	12800000000000.0
5800	197	-0.8	11300000000000.0
5800	197	-0.75	9990000000000.0
5800	197	-0.7	8720000000000.0
5800	197	-0.65	7570000000000.0
5800	197	-0.6	6530000000000.0
5800	197	-0.55	5590000000000.0
5800	197	-0.5	4760000000000.0
5800	197	-0.45	4040000000000.0
5800	197	-0.4	3420000000000.0
5800	197	-0.35	2900000000000.0
5800	197	-0.3	2460000000000.0
5800	197	-0.25	2100000000000.0
5800	197	-0.2	1800000000000.0
5800	197	-0.15	1570000000000.0
5800	197	-0.1	1370000000000.0
5800	197	-0.05	1210000000000.0
5800	197	0.0	1090000000000.0
5800	197	0.05	983000000000.0
5800	197	0.1	894000000000.0
5800	197	0.15	818000000000.0
5800	197	0.2	751000000000.0
5800	197	0.25	691000000000.0
5800	197	0.3	636000000000.0
5800	197	0.35	585000000000.0
5800	197	0.4	539000000000.0
5800	197	0.45	495000000000.0
5800	197	0.5	455000000000.0
5800	197	0.6	383000000000.0
5800	197	0.7	321000000000.0
5800	197	0.8	268000000000.0
5800	197	0.9	222000000000.0
5800	199	-1.0	13700000000000.0
5800	199	-0.95	12600000000000.0
5800	199	-0.9	11500000000000.0
5800	199	-0.85	10400000000000.0
5800	199	-0.8	9380000000000.0
5800	199	-0.75	8380000000000.0
5800	199	-0.7	7420000000000.0
5800	199	-0.65	6550000000000.0
5800	199	-0.6	5760000000000.0
5800	199	-0.55	5030000000000.0
5800	199	-0.5	4380000000000.0
5800	199	-0.45	3800000000000.0
5800	199	-0.4	3290000000000.0
5800	199	-0.35	2860000000000.0
5800	199	-0.3	2480000000000.0
5800	199	-0.25	2160000000000.0
5800	199	-0.2	1900000000000.0
5800	199	-0.15	1680000000000.0
5800	199	-0.1	1500000000000.0
5800	199	-0.05	1340000000000.0
5800	199	0.0	1220000000000.0
5800	199	0.05	1110000000000.0
5800	199	0.1	1010000000000.0
5800	199	0.15	932000000000.0
5800	199	0.2	859000000000.0
5800	199	0.25	792000000000.0
5800	199	0.3	730000000000.0
5800	199	0.35	673000000000.0
5800	199	0.4	621000000000.0
5800	199	0.45	571000000000.0
5800	199	0.5	525000000000.0
5800	199	0.6	443000000000.0
5800	199	0.7	372000000000.0
5800	199	0.8	311000000000.0
5800	199	0.9	258000000000.0
5800	201	-1.0	19200000000000.0
5800	201	-0.95	17500000000000.0
5800	201	-0.9	15900000000000.0
5800	201	-0.85	14400000000000.0
5800	201	-0.8	12900000000000.0
5800	201	-0.75	11500000000000.0
5800	201	-0.7	10100000000000.0
5800	201	-0.65	8880000000000.0
5800	201	-0.6	7740000000000.0
5800	201	-0.55	6710000000000.0
5800	201	-0.5	5770000000000.0
5800	201	-0.45	4950000000000.0
5800	201	-0.4	4230000000000.0
5800	201	-0.35	3620000000000.0
5800	201	-0.3	3100000000000.0
5800	201	-0.25	2650000000000.0
5800	201	-0.2	2290000000000.0
5800	201	-0.15	2000000000000.0
5800	201	-0.1	1750000000000.0
5800	201	-0.05	1550000000000.0
5800	201	0.0	1390000000000.0
5800	201	0.05	1260000000000.0
5800	201	0.1	1140000000000.0
5800	201	0.15	1040000000000.0
5800	201	0.2	958000000000.0
5800	201	0.25	882000000000.0
5800	201	0.3	813000000000.0
5800	201	0.35	748000000000.0
5800	201	0.4	689000000000.0
5800	201	0.45	634000000000.0
5800	201	0.5	583000000000.0
5800	201	0.6	491000000000.0
5800	201	0.7	413000000000.0
5800	201	0.8	344000000000.0
5800	201	0.9	286000000000.0
5800	203	-1.0	19700000000000.0
5800	203	-0.95	18100000000000.0
5800	203	-0.9	16500000000000.0
5800	203	-0.85	14900000000000.0
5800	203	-0.8	13400000000000.0
5800	203	-0.75	11900000000000.0
5800	203	-0.7	10500000000000.0
5800	203	-0.65	9270000000000.0
5800	203	-0.6	8100000000000.0
5800	203	-0.55	7030000000000.0
5800	203	-0.5	6060000000000.0
5800	203	-0.45	5210000000000.0
5800	203	-0.4	4460000000000.0
5800	203	-0.35	3820000000000.0
5800	203	-0.3	3280000000000.0
5800	203	-0.25	2810000000000.0
5800	203	-0.2	2430000000000.0
5800	203	-0.15	2120000000000.0
5800	203	-0.1	1860000000000.0
5800	203	-0.05	1650000000000.0
5800	203	0.0	1480000000000.0
5800	203	0.05	1340000000000.0
5800	203	0.1	1220000000000.0
5800	203	0.15	1120000000000.0
5800	203	0.2	1030000000000.0
5800	203	0.25	944000000000.0
5800	203	0.3	869000000000.0
5800	203	0.35	800000000000.0
5800	203	0.4	737000000000.0
5800	203	0.45	677000000000.0
5800	203	0.5	623000000000.0
5800	203	0.6	525000000000.0
5800	203	0.7	440000000000.0
5800	203	0.8	367000000000.0
5800	203	0.9	303000000000.0
5800	205.09999999999999	-1.0	29200000000000.0
5800	205.09999999999999	-0.95	26900000000000.0
5800	205.09999999999999	-0.9	24700000000000.0
5800	205.09999999999999	-0.85	22500000000000.0
5800	205.09999999999999	-0.8	20300000000000.0
5800	205.09999999999999	-0.75	18100000000000.0
5800	205.09999999999999	-0.7	16100000000000.0
5800	205.09999999999999	-0.65	14200000000000.0
5800	205.09999999999999	-0.6	12400000000000.0
5800	205.09999999999999	-0.55	10700000000000.0
5800	205.09999999999999	-0.5	9220000000000.0
5800	205.09999999999999	-0.45	7870000000000.0
5800	205.09999999999999	-0.4	6690000000000.0
5800	205.09999999999999	-0.35	5680000000000.0
5800	205.09999999999999	-0.3	4820000000000.0
5800	205.09999999999999	-0.25	4080000000000.0
5800	205.09999999999999	-0.2	3480000000000.0
5800	205.09999999999999	-0.15	3000000000000.0
5800	205.09999999999999	-0.1	2600000000000.0
5800	205.09999999999999	-0.05	2290000000000.0
5800	205.09999999999999	0.0	2040000000000.0
5800	205.09999999999999	0.05	1830000000000.0
5800	205.09999999999999	0.1	1660000000000.0
5800	205.09999999999999	0.15	1510000000000.0
5800	205.09999999999999	0.2	1390000000000.0
5800	205.09999999999999	0.25	1270000000000.0
5800	205.09999999999999	0.3	1170000000000.0
5800	205.09999999999999	0.35	1080000000000.0
5800	205.09999999999999	0.4	997000000000.0
5800	205.09999999999999	0.45	917000000000.0
5800	205.09999999999999	0.5	843000000000.0
5800	205.09999999999999	0.6	712000000000.0
5800	205.09999999999999	0.7	599000000000.0
5800	205.09999999999999	0.8	500000000000.0
5800	205.09999999999999	0.9	415000000000.0
5800	207.30000000000001	-1.0	29200000000000.0
5800	207.30000000000001	-0.95	26600000000000.0
5800	207.30000000000001	-0.9	24100000000000.0
5800	207.30000000000001	-0.85	21700000000000.0
5800	207.30000000000001	-0.8	19300000000000.0
5800	207.30000000000001	-0.75	17000000000000.0
5800	207.30000000000001	-0.7	14900000000000.0
5800	207.30000000000001	-0.65	12900000000000.0
5800	207.30000000000001	-0.6	11100000000000.0
5800	207.30000000000001	-0.55	9540000000000.0
5800	207.30000000000001	-0.5	8120000000000.0
5800	207.30000000000001	-0.45	6900000000000.0
5800	207.30000000000001	-0.4	5860000000000.0
5800	207.30000000000001	-0.35	4980000000000.0
5800	207.30000000000001	-0.3	4260000000000.0
5800	207.30000000000001	-0.25	3660000000000.0
5800	207.30000000000001	-0.2	3170000000000.0
5800	207.30000000000001	-0.15	2790000000000.0
5800	207.30000000000001	-0.1	2470000000000.0
5800	207.30000000000001	-0.05	2210000000000.0
5800	207.30000000000001	0.0	2000000000000.0
5800	207.30000000000001	0.05	1820000000000.0
5800	207.30000000000001	0.1	1670000000000.0
5800	207.30000000000001	0.15	1540000000000.0
5800	207.30000000000001	0.2	1420000000000.0
5800	207.30000000000001	0.25	1310000000000.0
5800	207.30000000000001	0.3	1210000000000.0
5800	207.30000000000001	0.35	1110000000000.0
5800	207.30000000000001	0.4	1030000000000.0
5800	207.30000000000001	0.45	944000000000.0
5800	207.30000000000001	0.5	868000000000.0
5800	207.30000000000001	0.6	732000000000.0
5800	207.30000000000001	0.7	614000000000.0
5800	207.30000000000001	0.8	512000000000.0
5800	207.30000000000001	0.9	424000000000.0
5800	209.40000000000001	-1.0	25200000000000.0
5800	209.40000000000001	-0.95	24000000000000.0
5800	209.40000000000001	-0.9	22900000000000.0
5800	209.40000000000001	-0.85	21700000000000.0
5800	209.40000000000001	-0.8	20400000000000.0
5800	209.40000000000001	-0.75	19200000000000.0
5800	209.40000000000001	-0.7	18000000000000.0
5800	209.40000000000001	-0.65	16700000000000.0
5800	209.40000000000001	-0.6	15500000000000.0
5800	209.40000000000001	-0.55	14300000000000.0
5800	209.40000000000001	-0.5	13100000000000.0
5800	209.40000000000001	-0.45	12000000000000.0
5800	209.40000000000001	-0.4	10900000000000.0
5800	209.40000000000001	-0.35	9920000000000.0
5800	209.40000000000001	-0.3	8970000000000.0
5800	209.40000000000001	-0.25	8070000000000.0
5800	209.40000000000001	-0.2	7250000000000.0
5800	209.40000000000001	-0.15	6500000000000.0
5800	209.40000000000001	-0.1	5810000000000.0
5800	209.40000000000001	-0.05	5190000000000.0
5800	209.40000000000001	0.0	4640000000000.0
5800	209.40000000000001	0.05	4150000000000.0
5800	209.40000000000001	0.1	3710000000000.0
5800	209.40000000000001	0.15	3330000000000.0
5800	209.40000000000001	0.2	2990000000000.0
5800	209.40000000000001	0.25	2700000000000.0
5800	209.40000000000001	0.3	2430000000000.0
5800	209.40000000000001	0.35	2200000000000.0
5800	209.40000000000001	0.4	2000000000000.0
5800	209.40000000000001	0.45	1820000000000.0
5800	209.40000000000001	0.5	1660000000000.0
5800	209.40000000000001	0.6	1400000000000.0
5800	209.40000000000001	0.7	1180000000000.0
5800	209.40000000000001	0.8	998000000000.0
5800	209.40000000000001	0.9	843000000000.0
5800	211.59999999999999	-1.0	20000000000000.0
5800	211.59999999999999	-0.95	19500000000000.0
5800	211.59999999999999	-0.9	19000000000000.0
5800	211.59999999999999	-0.85	18400000000000.0
5800	211.59999999999999	-0.8	17800000000000.0
5800	211.59999999999999	-0.75	17200000000000.0
5800	211.59999999999999	-0.7	16600000000000.0
5800	211.59999999999999	-0.65	16000000000000.0
5800	211.59999999999999	-0.6	15300000000000.0
5800	211.59999999999999	-0.55	14600000000000.0
5800	211.59999999999999	-0.5	14000000000000.0
5800	211.59999999999999	-0.45	13300000000000.0
5800	211.59999999999999	-0.4	12600000000000.0
5800	211.59999999999999	-0.35	11800000000000.0
5800	211.59999999999999	-0.3	11100000000000.0
5800	211.59999999999999	-0.25	10400000000000.0
5800	211.59999999999999	-0.2	9710000000000.0
5800	211.59999999999999	-0.15	9030000000000.0
5800	211.59999999999999	-0.1	8350000000000.0
5800	211.59999999999999	-0.05	7690000000000.0
5800	211.59999999999999	0.0	7070000000000.0
5800	211.59999999999999	0.05	6470000000000.0
5800	211.59999999999999	0.1	5890000000000.0
5800	211.59999999999999	0.15	5360000000000.0
5800	211.59999999999999	0.2	4860000000000.0
5800	211.59999999999999	0.25	4410000000000.0
5800	211.59999999999999	0.3	3980000000000.0
5800	211.59999999999999	0.35	3600000000000.0
5800	211.59999999999999	0.4	3250000000000.0
5800	211.59999999999999	0.45	2930000000000.0
5800	211.59999999999999	0.5	2660000000000.0
5800	211.59999999999999	0.6	2190000000000.0
5800	211.59999999999999	0.7	1830000000000.0
5800	211.59999999999999	0.8	1530000000000.0
5800	211.59999999999999	0.9	1290000000000.0
5800	213.90000000000001	-1.0	20800000000000.0
5800	213.90000000000001	-0.95	20400000000000.0
5800	213.90000000000001	-0.9	19900000000000.0
5800	213.90000000000001	-0.85	19400000000000.0
5800	213.90000000000001	-0.8	18900000000000.0
5800	213.90000000000001	-0.75	18300000000000.0
5800	213.90000000000001	-0.7	17700000000000.0
5800	213.90000000000001	-0.65	17100000000000.0
5800	213.90000000000001	-0.6	16500000000000.0
5800	213.90000000000001	-0.55	15900000000000.0
5800	213.90000000000001	-0.5	15200000000000.0
5800	213.90000000000001	-0.45	14600000000000.0
5800	213.90000000000001	-0.4	13900000000000.0
5800	213.90000000000001	-0.35	13200000000000.0
5800	213.90000000000001	-0.3	12500000000000.0
5800	213.90000000000001	-0.25	11800000000000.0
5800	213.90000000000001	-0.2	11100000000000.0
5800	213.90000000000001	-0.15	10400000000000.0
5800	213.90000000000001	-0.1	9640000000000.0
5800	213.90000000000001	-0.05	8950000000000.0
5800	213.90000000000001	0.0	8290000000000.0
5800	213.90000000000001	0.05	7640000000000.0
5800	213.90000000000001	0.1	7010000000000.0
5800	213.90000000000001	0.15	6420000000000.0
5800	213.90000000000001	0.2	5860000000000.0
5800	213.90000000000001	0.25	5340000000000.0
5800	213.90000000000001	0.3	4850000000000.0
5800	213.90000000000001	0.35	4400000000000.0
5800	213.90000000000001	0.4	3990000000000.0
5800	213.90000000000001	0.45	3620000000000.0
5800	213.90000000000001	0.5	3280000000000.0
5800	213.90000000000001	0.6	2720000000000.0
5800	213.90000000000001	0.7	2270000000000.0
5800	213.90000000000001	0.8	1900000000000.0
5800	213.90000000000001	0.9	1600000000000.0
5800	216.19999999999999	-1.0	17100000000000.0
5800	216.19999999999999	-0.95	16800000000000.0
5800	216.19999999999999	-0.9	16400000000000.0
5800	216.19999999999999	-0.85	16100000000000.0
5800	216.19999999999999	-0.8	15700000000000.0
5800	216.19999999999999	-0.75	15300000000000.0
5800	216.19999999999999	-0.7	14900000000000.0
5800	216.19999999999999	-0.65	14400000000000.0
5800	216.19999999999999	-0.6	14000000000000.0
5800	216.19999999999999	-0.55	13600000000000.0
5800	216.19999999999999	-0.5	13100000000000.0
5800	216.19999999999999	-0.45	12600000000000.0
5800	216.19999999999999	-0.4	12100000000000.0
5800	216.19999999999999	-0.35	11600000000000.0
5800	216.19999999999999	-0.3	11000000000000.0
5800	216.19999999999999	-0.25	10500000000000.0
5800	216.19999999999999	-0.2	9930000000000.0
5800	216.19999999999999	-0.15	9400000000000.0
5800	216.19999999999999	-0.1	8840000000000.0
5800	216.19999999999999	-0.05	8300000000000.0
5800	216.19999999999999	0.0	7770000000000.0
5800	216.19999999999999	0.05	7240000000000.0
5800	216.19999999999999	0.1	6730000000000.0
5800	216.19999999999999	0.15	6240000000000.0
5800	216.19999999999999	0.2	5770000000000.0
5800	216.19999999999999	0.25	5330000000000.0
5800	216.19999999999999	0.3	4910000000000.0
5800	216.19999999999999	0.35	4510000000000.0
5800	216.19999999999999	0.4	4140000000000.0
5800	216.19999999999999	0.45	3800000000000.0
5800	216.19999999999999	0.5	3490000000000.0
5800	216.19999999999999	0.6	2940000000000.0
5800	216.19999999999999	0.7	2490000000000.0
5800	216.19999999999999	0.8	2100000000000.0
5800	216.19999999999999	0.9	1780000000000.0
5800	218.59999999999999	-1.0	29500000000000.0
5800	218.59999999999999	-0.95	28900000000000.0
5800	218.59999999999999	-0.9	28200000000000.0
5800	218.59999999999999	-0.85	27400000000000.0
5800	218.59999999999999	-0.8	26800000000000.0
5800	218.59999999999999	-0.75	26100000000000.0
5800	218.59999999999999	-0.7	25300000000000.0
5800	218.59999999999999	-0.65	24400000000000.0
5800	218.59999999999999	-0.6	23600000000000.0
5800	218.59999999999999	-0.55	22700000000000.0
5800	218.59999999999999	-0.5	21800000000000.0
5800	218.59999999999999	-0.45	20800000000000.0
5800	218.59999999999999	-0.4	19800000000000.0
5800	218.59999999999999	-0.35	18800000000000.0
5800	218.59999999999999	-0.3	17800000000000.0
5800	218.59999999999999	-0.25	16700000000000.0
5800	218.59999999999999	-0.2	15700000000000.0
5800	218.59999999999999	-0.15	14700000000000.0
5800	218.59999999999999	-0.1	13600000000000.0
5800	218.59999999999999	-0.05	12600000000000.0
5800	218.59999999999999	0.0	11600000000000.0
5800	218.59999999999999	0.05	10700000000000.0
5800	218.59999999999999	0.1	9750000000000.0
5800	218.59999999999999	0.15	8880000000000.0
5800	218.59999999999999	0.2	8070000000000.0
5800	218.59999999999999	0.25	7310000000000.0
5800	218.59999999999999	0.3	6610000000000.0
5800	218.59999999999999	0.35	5960000000000.0
5800	218.59999999999999	0.4	5380000000000.0
5800	218.59999999999999	0.45	4850000000000.0
5800	218.59999999999999	0.5	4380000000000.0
5800	218.59999999999999	0.6	3600000000000.0
5800	218.59999999999999	0.7	2980000000000.0
5800	218.59999999999999	0.8	2490000000000.0
5800	218.59999999999999	0.9	2090000000000.0
5800	221	-1.0	24300000000000.0
5800	221	-0.95	23800000000000.0
5800	221	-0.9	23300000000000.0
5800	221	-0.85	22700000000000.0
5800	221	-0.8	22100000000000.0
5800	221	-0.75	21500000000000.0
5800	221	-0.7	20800000000000.0
5800	221	-0.65	20100000000000.0
5800	221	-0.6	19400000000000.0
5800	221	-0.55	18700000000000.0
5800	221	-0.5	17900000000000.0
5800	221	-0.45	17200000000000.0
5800	221	-0.4	16400000000000.0
5800	221	-0.35	15600000000000.0
5800	221	-0.3	14800000000000.0
5800	221	-0.25	14000000000000.0
5800	221	-0.2	13200000000000.0
5800	221	-0.15	12400000000000.0
5800	221	-0.1	11600000000000.0
5800	221	-0.05	10900000000000.0
5800	221	0.0	10100000000000.0
5800	221	0.05	9380000000000.0
5800	221	0.1	8670000000000.0
5800	221	0.15	8000000000000.0
5800	221	0.2	7360000000000.0
5800	221	0.25	6770000000000.0
5800	221	0.3	6210000000000.0
5800	221	0.35	5680000000000.0
5800	221	0.4	5210000000000.0
5800	221	0.45	4760000000000.0
5800	221	0.5	4360000000000.0
5800	221	0.6	3670000000000.0
5800	221	0.7	3100000000000.0
5800	221	0.8	2630000000000.0
5800	221	0.9	2220000000000.0
5800	223.5	-1.0	40300000000000.0
5800	223.5	-0.95	39500000000000.0
5800	223.5	-0.9	38700000000000.0
5800	223.5	-0.85	37800000000000.0
5800	223.5	-0.8	36800000000000.0
5800	223.5	-0.75	36000000000000.0
5800	223.5	-0.7	35000000000000.0
5800	223.5	-0.65	33900000000000.0
5800	223.5	-0.6	32800000000000.0
5800	223.5	-0.55	31600000000000.0
5800	223.5	-0.5	30400000000000.0
5800	223.5	-0.45	29100000000000.0
5800	223.5	-0.4	27800000000000.0
5800	223.5	-0.35	26500000000000.0
5800	223.5	-0.3	25100000000000.0
5800	223.5	-0.25	23700000000000.0
5800	223.5	-0.2	22300000000000.0
5800	223.5	-0.15	20900000000000.0
5800	223.5	-0.1	19400000000000.0
5800	223.5	-0.05	18000000000000.0
5800	223.5	0.0	16600000000000.0
5800	223.5	0.05	15300000000000.0
5800	223.5	0.1	14000000000000.0
5800	223.5	0.15	12800000000000.0
5800	223.5	0.2	11600000000000.0
5800	223.5	0.25	10600000000000.0
5800	223.5	0.3	9570000000000.0
5800	223.5	0.35	8640000000000.0
5800	223.5	0.4	7810000000000.0
5800	223.5	0.45	7050000000000.0
5800	223.5	0.5	6380000000000.0
5800	223.5	0.6	5240000000000.0
5800	223.5	0.7	4350000000000.0
5800	223.5	0.8	3640000000000.0
5800	223.5	0.9	3060000000000.0
5800	226	-1.0	27000000000000.0
5800	226	-0.95	26400000000000.0
5800	226	-0.9	25800000000000.0
5800	226	-0.85	25200000000000.0
5800	226	-0.8	24500000000000.0
5800	226	-0.75	23800000000000.0
5800	226	-0.7	23100000000000.0
5800	226	-0.65	22400000000000.0
5800	226	-0.6	21600000000000.0
5800	226	-0.55	20900000000000.0
5800	226	-0.5	20100000000000.0
5800	226	-0.45	19300000000000.0
5800	226	-0.4	18500000000000.0
5800	226	-0.35	17700000000000.0
5800	226	-0.3	16900000000000.0
5800	226	-0.25	16100000000000.0
5800	226	-0.2	15200000000000.0
5800	226	-0.15	14400000000000.0
5800	226	-0.1	13600000000000.0
5800	226	-0.05	12800000000000.0
5800	226	0.0	12000000000000.0
5800	226	0.05	11200000000000.0
5800	226	0.1	10500000000000.0
5800	226	0.15	9760000000000.0
5800	226	0.2	9070000000000.0
5800	226	0.25	8420000000000.0
5800	226	0.3	7800000000000.0
5800	226	0.35	7210000000000.0
5800	226	0.4	6660000000000.0
5800	226	0.45	6150000000000.0
5800	226	0.5	5680000000000.0
5800	226	0.6	4850000000000.0
5800	226	0.7	4150000000000.0
5800	226	0.8	3540000000000.0
5800	226	0.9	3030000000000.0
5800	228.59999999999999	-1.0	32700000000000.0
5800	228.59999999999999	-0.95	32000000000000.0
5800	228.59999999999999	-0.9	31200000000000.0
5800	228.59999999999999	-0.85	30500000000000.0
5800	228.59999999999999	-0.8	29700000000000.0
5800	228.59999999999999	-0.75	28900000000000.0
5800	228.59999999999999	-0.7	28000000000000.0
5800	228.59999999999999	-0.65	27100000000000.0
5800	228.59999999999999	-0.6	26200000000000.0
5800	228.59999999999999	-0.55	25300000000000.0
5800	228.59999999999999	-0.5	24400000000000.0
5800	228.59999999999999	-0.45	23400000000000.0
5800	228.59999999999999	-0.4	22400000000000.0
5800	228.59999999999999	-0.35	21400000000000.0
5800	228.59999999999999	-0.3	20500000000000.0
5800	228.59999999999999	-0.25	19400000000000.0
5800	228.59999999999999	-0.2	18400000000000.0
5800	228.59999999999999	-0.15	17400000000000.0
5800	228.59999999999999	-0.1	16400000000000.0
5800	228.59999999999999	-0.05	15400000000000.0
5800	228.59999999999999	0.0	14500000000000.0
5800	228.59999999999999	0.05	13500000000000.0
5800	228.59999999999999	0.1	12600000000000.0
5800	228.59999999999999	0.15	11700000000000.0
5800	228.59999999999999	0.2	10900000000000.0
5800	228.59999999999999	0.25	10100000000000.0
5800	228.59999999999999	0.3	9340000000000.0
5800	228.59999999999999	0.35	8630000000000.0
5800	228.59999999999999	0.4	7970000000000.0
5800	228.59999999999999	0.45	7340000000000.0
5800	228.59999999999999	0.5	6780000000000.0
5800	228.59999999999999	0.6	5780000000000.0
5800	228.59999999999999	0.7	4940000000000.0
5800	228.59999999999999	0.8	4230000000000.0
5800	228.59999999999999	0.9	3630000000000.0
5800	231.19999999999999	-1.0	28000000000000.0
5800	231.19999999999999	-0.95	27500000000000.0
5800	231.19999999999999	-0.9	26900000000000.0
5800	231.19999999999999	-0.85	26400000000000.0
5800	231.19999999999999	-0.8	25800000000000.0
5800	231.19999999999999	-0.75	25200000000000.0
5800	231.19999999999999	-0.7	24400000000000.0
5800	231.19999999999999	-0.65	23800000000000.0
5800	231.19999999999999	-0.6	23100000000000.0
5800	231.19999999999999	-0.55	22400000000000.0
5800	231.19999999999999	-0.5	21700000000000.0
5800	231.19999999999999	-0.45	20900000000000.0
5800	231.19999999999999	-0.4	20200000000000.0
5800	231.19999999999999	-0.35	19400000000000.0
5800	231.19999999999999	-0.3	18700000000000.0
5800	231.19999999999999	-0.25	17800000000000.0
5800	231.19999999999999	-0.2	17000000000000.0
5800	231.19999999999999	-0.15	16200000000000.0
5800	231.19999999999999	-0.1	15400000000000.0
5800	231.19999999999999	-0.05	14600000000000.0
5800	231.19999999999999	0.0	13800000000000.0
5800	231.19999999999999	0.05	13000000000000.0
5800	231.19999999999999	0.1	12300000000000.0
5800	231.19999999999999	0.15	11500000000000.0
5800	231.19999999999999	0.2	10800000000000.0
5800	231.19999999999999	0.25	10100000000000.0
5800	231.19999999999999	0.3	9450000000000.0
5800	231.19999999999999	0.35	8810000000000.0
5800	231.19999999999999	0.4	8200000000000.0
5800	231.19999999999999	0.45	7620000000000.0
5800	231.19999999999999	0.5	7080000000000.0
5800	231.19999999999999	0.6	6110000000000.0
5800	231.19999999999999	0.7	5270000000000.0
5800	231.19999999999999	0.8	4530000000000.0
5800	231.19999999999999	0.9	3890000000000.0
5800	233.90000000000001	-1.0	22100000000000.0
5800	233.90000000000001	-0.95	21600000000000.0
5800	233.90000000000001	-0.9	21100000000000.0
5800	233.90000000000001	-0.85	20500000000000.0
5800	233.90000000000001	-0.8	20000000000000.0
5800	233.90000000000001	-0.75	19400000000000.0
5800	233.90000000000001	-0.7	18800000000000.0
5800	233.90000000000001	-0.65	18300000000000.0
5800	233.90000000000001	-0.6	17700000000000.0
5800	233.90000000000001	-0.55	17200000000000.0
5800	233.90000000000001	-0.5	16700000000000.0
5800	233.90000000000001	-0.45	16100000000000.0
5800	233.90000000000001	-0.4	15600000000000.0
5800	233.90000000000001	-0.35	15000000000000.0
5800	233.90000000000001	-0.3	14500000000000.0
5800	233.90000000000001	-0.25	14000000000000.0
5800	233.90000000000001	-0.2	13400000000000.0
5800	233.90000000000001	-0.15	12900000000000.0
5800	233.90000000000001	-0.1	12400000000000.0
5800	233.90000000000001	-0.05	11800000000000.0
5800	233.90000000000001	0.0	11300000000000.0
5800	233.90000000000001	0.05	10800000000000.0
5800	233.90000000000001	0.1	10300000000000.0
5800	233.90000000000001	0.15	9860000000000.0
5800	233.90000000000001	0.2	9390000000000.0
5800	233.90000000000001	0.25	8930000000000.0
5800	233.90000000000001	0.3	8480000000000.0
5800	233.90000000000001	0.35	8030000000000.0
5800	233.90000000000001	0.4	7610000000000.0
5800	233.90000000000001	0.45	7190000000000.0
5800	233.90000000000001	0.5	6800000000000.0
5800	233.90000000000001	0.6	6050000000000.0
5800	233.90000000000001	0.7	5370000000000.0
5800	233.90000000000001	0.8	4750000000000.0
5800	233.90000000000001	0.9	4180000000000.0
5800	236.69999999999999	-1.0	29600000000000.0
5800	236.69999999999999	-0.95	28800000000000.0
5800	236.69999999999999	-0.9	27900000000000.0
5800	236.69999999999999	-0.85	27100000000000.0
5800	236.69999999999999	-0.8	26300000000000.0
5800	236.69999999999999	-0.75	25400000000000.0
5800	236.69999999999999	-0.7	24500000000000.0
5800	236.69999999999999	-0.65	23700000000000.0
5800	236.69999999999999	-0.6	22800000000000.0
5800	236.69999999999999	-0.55	22000000000000.0
5800	236.69999999999999	-0.5	21200000000000.0
5800	236.69999999999999	-0.45	20300000000000.0
5800	236.69999999999999	-0.4	19500000000000.0
5800	236.69999999999999	-0.35	18700000000000.0
5800	236.69999999999999	-0.3	18000000000000.0
5800	236.69999999999999	-0.25	17200000000000.0
5800	236.69999999999999	-0.2	16400000000000.0
5800	236.69999999999999	-0.15	15600000000000.0
5800	236.69999999999999	-0.1	14900000000000.0
5800	236.69999999999999	-0.05	14200000000000.0
5800	236.69999999999999	0.0	13500000000000.0
5800	236.69999999999999	0.05	12800000000000.0
5800	236.69999999999999	0.1	12100000000000.0
5800	236.69999999999999	0.15	11500000000000.0
5800	236.69999999999999	0.2	10900000000000.0
5800	236.69999999999999	0.25	10300000000000.0
5800	236.69999999999999	0.3	9690000000000.0
5800	236.69999999999999	0.35	9130000000000.0
5800	236.69999999999999	0.4	8610000000000.0
5800	236.69999999999999	0.45	8090000000000.0
5800	236.69999999999999	0.5	7610000000000.0
5800	236.69999999999999	0.6	6730000000000.0
5800	236.69999999999999	0.7	5930000000000.0
5800	236.69999999999999	0.8	5210000000000.0
5800	236.69999999999999	0.9	4560000000000.0
5800	239.5	-1.0	53600000000000.0
5800	239.5	-0.95	50300000000000.0
5800	239.5	-0.9	47100000000000.0
5800	239.5	-0.85	44000000000000.0
5800	239.5	-0.8	41000000000000.0
5800	239.5	-0.75	38500000000000.0
5800	239.5	-0.7	35800000000000.0
5800	239.5	-0.65	33300000000000.0
5800	239.5	-0.6	31000000000000.0
5800	239.5	-0.55	28900000000000.0
5800	239.5	-0.5	26800000000000.0
5800	239.5	-0.45	24900000000000.0
5800	239.5	-0.4	23200000000000.0
5800	239.5	-0.35	21600000000000.0
5800	239.5	-0.3	20100000000000.0
5800	239.5	-0.25	18600000000000.0
5800	239.5	-0.2	17400000000000.0
5800	239.5	-0.15	16200000000000.0
5800	239.5	-0.1	15100000000000.0
5800	239.5	-0.05	14100000000000.0
5800	239.5	0.0	13200000000000.0
5800	239.5	0.05	12300000000000.0
5800	239.5	0.1	11600000000000.0
5800	239.5	0.15	10800000000000.0
5800	239.5	0.2	10200000000000.0
5800	239.5	0.25	9590000000000.0
5800	239.5	0.3	9020000000000.0
5800	239.5	0.35	8490000000000.0
5800	239.5	0.4	8000000000000.0
5800	239.5	0.45	7540000000000.0
5800	239.5	0.5	7110000000000.0
5800	239.5	0.6	6330000000000.0
5800	239.5	0.7	5640000000000.0
5800	239.5	0.8	5020000000000.0
5800	239.5	0.9	4450000000000.0
5800	242.40000000000001	-1.0	55100000000000.0
5800	242.40000000000001	-0.95	53700000000000.0
5800	242.40000000000001	-0.9	52200000000000.0
5800	242.40000000000001	-0.85	50800000000000.0
5800	242.40000000000001	-0.8	49300000000000.0
5800	242.40000000000001	-0.75	47500000000000.0
5800	242.40000000000001	-0.7	45900000000000.0
5800	242.40000000000001	-0.65	44200000000000.0
5800	242.40000000000001	-0.6	42600000000000.0
5800	242.40000000000001	-0.55	40900000000000.0
5800	242.40000000000001	-0.5	39200000000000.0
5800	242.40000000000001	-0.45	37500000000000.0
5800	242.40000000000001	-0.4	35800000000000.0
5800	242.40000000000001	-0.35	34100000000000.0
5800	242.40000000000001	-0.3	32400000000000.0
5800	242.40000000000001	-0.25	30700000000000.0
5800	242.40000000000001	-0.2	29000000000000.0
5800	242.40000000000001	-0.15	27400000000000.0
5800	242.40000000000001	-0.1	25800000000000.0
5800	242.40000000000001	-0.05	24200000000000.0
5800	242.40000000000001	0.0	22700000000000.0
5800	242.40000000000001	0.05	21200000000000.0
5800	242.40000000000001	0.1	19800000000000.0
5800	242.40000000000001	0.15	18400000000000.0
5800	242.40000000000001	0.2	17200000000000.0
5800	242.40000000000001	0.25	16000000000000.0
5800	242.40000000000001	0.3	14900000000000.0
5800	242.40000000000001	0.35	13800000000000.0
5800	242.40000000000001	0.4	12800000000000.0
5800	242.40000000000001	0.45	11900000000000.0
5800	242.40000000000001	0.5	11100000000000.0
5800	242.40000000000001	0.6	9590000000000.0
5800	242.40000000000001	0.7	8340000000000.0
5800	242.40000000000001	0.8	7260000000000.0
5800	242.40000000000001	0.9	6320000000000.0
5800	245.40000000000001	-1.0	24300000000000.0
5800	245.40000000000001	-0.95	24100000000000.0
5800	245.40000000000001	-0.9	23900000000000.0
5800	245.40000000000001	-0.85	23700000000000.0
5800	245.40000000000001	-0.8	23400000000000.0
5800	245.40000000000001	-0.75	23100000000000.0
5800	245.40000000000001	-0.7	22800000000000.0
5800	245.40000000000001	-0.65	22500000000000.0
5800	245.40000000000001	-0.6	22200000000000.0
5800	245.40000000000001	-0.55	21800000000000.0
5800	245.40000000000001	-0.5	21500000000000.0
5800	245.40000000000001	-0.45	21100000000000.0
5800	245.40000000000001	-0.4	20800000000000.0
5800	245.40000000000001	-0.35	20400000000000.0
5800	245.40000000000001	-0.3	20000000000000.0
5800	245.40000000000001	-0.25	19600000000000.0
5800	245.40000000000001	-0.2	19200000000000.0
5800	245.40000000000001	-0.15	18700000000000.0
5800	245.40000000000001	-0.1	18300000000000.0
5800	245.40000000000001	-0.05	17800000000000.0
5800	245.40000000000001	0.0	17400000000000.0
5800	245.40000000000001	0.05	16900000000000.0
5800	245.40000000000001	0.1	16400000000000.0
5800	245.40000000000001	0.15	15900000000000.0
5800	245.40000000000001	0.2	15400000000000.0
5800	245.40000000000001	0.25	14900000000000.0
5800	245.40000000000001	0.3	14400000000000.0
5800	245.40000000000001	0.35	13800000000000.0
5800	245.40000000000001	0.4	13300000000000.0
5800	245.40000000000001	0.45	12700000000000.0
5800	245.40000000000001	0.5	12200000000000.0
5800	245.40000000000001	0.6	11100000000000.0
5800	245.40000000000001	0.7	10100000000000.0
5800	245.40000000000001	0.8	9080000000000.0
5800	245.40000000000001	0.9	8110000000000.0
5800	248.40000000000001	-1.0	27300000000000.0
5800	248.40000000000001	-0.95	26900000000000.0
5800	248.40000000000001	-0.9	26400000000000.0
5800	248.40000000000001	-0.85	25900000000000.0
5800	248.40000000000001	-0.8	25400000000000.0
5800	248.40000000000001	-0.75	24900000000000.0
5800	248.40000000000001	-0.7	24200000000000.0
5800	248.40000000000001	-0.65	23700000000000.0
5800	248.40000000000001	-0.6	23200000000000.0
5800	248.40000000000001	-0.55	22600000000000.0
5800	248.40000000000001	-0.5	22000000000000.0
5800	248.40000000000001	-0.45	21400000000000.0
5800	248.40000000000001	-0.4	20800000000000.0
5800	248.40000000000001	-0.35	20200000000000.0
5800	248.40000000000001	-0.3	19700000000000.0
5800	248.40000000000001	-0.25	19000000000000.0
5800	248.40000000000001	-0.2	18400000000000.0
5800	248.40000000000001	-0.15	17800000000000.0
5800	248.40000000000001	-0.1	17200000000000.0
5800	248.40000000000001	-0.05	16500000000000.0
5800	248.40000000000001	0.0	15900000000000.0
5800	248.40000000000001	0.05	15300000000000.0
5800	248.40000000000001	0.1	14600000000000.0
5800	248.40000000000001	0.15	14000000000000.0
5800	248.40000000000001	0.2	13400000000000.0
5800	248.40000000000001	0.25	12800000000000.0
5800	248.40000000000001	0.3	12200000000000.0
5800	248.40000000000001	0.35	11600000000000.0
5800	248.40000000000001	0.4	11000000000000.0
5800	248.40000000000001	0.45	10400000000000.0
5800	248.40000000000001	0.5	9880000000000.0
5800	248.40000000000001	0.6	8820000000000.0
5800	248.40000000000001	0.7	7840000000000.0
5800	248.40000000000001	0.8	6930000000000.0
5800	248.40000000000001	0.9	6090000000000.0
5800	251.59999999999999	-1.0	24500000000000.0
5800	251.59999999999999	-0.95	24200000000000.0
5800	251.59999999999999	-0.9	23900000000000.0
5800	251.59999999999999	-0.85	23500000000000.0
5800	251.59999999999999	-0.8	23100000000000.0
5800	251.59999999999999	-0.75	22700000000000.0
5800	251.59999999999999	-0.7	22300000000000.0
5800	251.59999999999999	-0.65	21900000000000.0
5800	251.59999999999999	-0.6	21500000000000.0
5800	251.59999999999999	-0.55	21000000000000.0
5800	251.59999999999999	-0.5	20600000000000.0
5800	251.59999999999999	-0.45	20100000000000.0
5800	251.59999999999999	-0.4	19600000000000.0
5800	251.59999999999999	-0.35	19200000000000.0
5800	251.59999999999999	-0.3	18700000000000.0
5800	251.59999999999999	-0.25	18200000000000.0
5800	251.59999999999999	-0.2	17800000000000.0
5800	251.59999999999999	-0.15	17300000000000.0
5800	251.59999999999999	-0.1	16800000000000.0
5800	251.59999999999999	-0.05	16300000000000.0
5800	251.59999999999999	0.0	15800000000000.0
5800	251.59999999999999	0.05	15300000000000.0
5800	251.59999999999999	0.1	14800000000000.0
5800	251.59999999999999	0.15	14300000000000.0
5800	251.59999999999999	0.2	13800000000000.0
5800	251.59999999999999	0.25	13300000000000.0
5800	251.59999999999999	0.3	12900000000000.0
5800	251.59999999999999	0.35	12400000000000.0
5800	251.59999999999999	0.4	11900000000000.0
5800	251.59999999999999	0.45	11400000000000.0
5800	251.59999999999999	0.5	10900000000000.0
5800	251.59999999999999	0.6	10000000000000.0
5800	251.59999999999999	0.7	9130000000000.0
5800	251.59999999999999	0.8	8270000000000.0
5800	251.59999999999999	0.9	7460000000000.0
5800	254.80000000000001	-1.0	42400000000000.0
5800	254.80000000000001	-0.95	41500000000000.0
5800	254.80000000000001	-0.9	40600000000000.0
5800	254.80000000000001	-0.85	39700000000000.0
5800	254.80000000000001	-0.8	38800000000000.0
5800	254.80000000000001	-0.75	37800000000000.0
5800	254.80000000000001	-0.7	36800000000000.0
5800	254.80000000000001	-0.65	35800000000000.0
5800	254.80000000000001	-0.6	34900000000000.0
5800	254.80000000000001	-0.55	34000000000000.0
5800	254.80000000000001	-0.5	33000000000000.0
5800	254.80000000000001	-0.45	32100000000000.0
5800	254.80000000000001	-0.4	31100000000000.0
5800	254.80000000000001	-0.35	30200000000000.0
5800	254.80000000000001	-0.3	29300000000000.0
5800	254.80000000000001	-0.25	28400000000000.0
5800	254.80000000000001	-0.2	27500000000000.0
5800	254.80000000000001	-0.15	26600000000000.0
5800	254.80000000000001	-0.1	25700000000000.0
5800	254.80000000000001	-0.05	24800000000000.0
5800	254.80000000000001	0.0	24000000000000.0
5800	254.80000000000001	0.05	23100000000000.0
5800	254.80000000000001	0.1	22200000000000.0
5800	254.80000000000001	0.15	21400000000000.0
5800	254.80000000000001	0.2	20600000000000.0
5800	254.80000000000001	0.25	19800000000000.0
5800	254.80000000000001	0.3	19000000000000.0
5800	254.80000000000001	0.35	18200000000000.0
5800	254.80000000000001	0.4	17400000000000.0
5800	254.80000000000001	0.45	16600000000000.0
5800	254.80000000000001	0.5	15900000000000.0
5800	254.80000000000001	0.6	14500000000000.0
5800	254.80000000000001	0.7	13200000000000.0
5800	254.80000000000001	0.8	11900000000000.0
5800	254.80000000000001	0.9	10700000000000.0
5800	258.10000000000002	-1.0	95100000000000.0
5800	258.10000000000002	-0.95	92900000000000.0
5800	258.10000000000002	-0.9	90600000000000.0
5800	258.10000000000002	-0.85	88600000000000.0
5800	258.10000000000002	-0.8	86300000000000.0
5800	258.10000000000002	-0.75	83800000000000.0
5800	258.10000000000002	-0.7	81400000000000.0
5800	258.10000000000002	-0.65	79100000000000.0
5800	258.10000000000002	-0.6	76800000000000.0
5800	258.10000000000002	-0.55	74600000000000.0
5800	258.10000000000002	-0.5	72300000000000.0
5800	258.10000000000002	-0.45	70100000000000.0
5800	258.10000000000002	-0.4	67900000000000.0
5800	258.10000000000002	-0.35	65700000000000.0
5800	258.10000000000002	-0.3	63600000000000.0
5800	258.10000000000002	-0.25	61400000000000.0
5800	258.10000000000002	-0.2	59300000000000.0
5800	258.10000000000002	-0.15	57300000000000.0
5800	258.10000000000002	-0.1	55200000000000.0
5800	258.10000000000002	-0.05	53200000000000.0
5800	258.10000000000002	0.0	51200000000000.0
5800	258.10000000000002	0.05	49200000000000.0
5800	258.10000000000002	0.1	47300000000000.0
5800	258.10000000000002	0.15	45400000000000.0
5800	258.10000000000002	0.2	43600000000000.0
5800	258.10000000000002	0.25	41800000000000.0
5800	258.10000000000002	0.3	40000000000000.0
5800	258.10000000000002	0.35	38200000000000.0
5800	258.10000000000002	0.4	36500000000000.0
5800	258.10000000000002	0.45	34800000000000.0
5800	258.10000000000002	0.5	33100000000000.0
5800	258.10000000000002	0.6	30000000000000.0
5800	258.10000000000002	0.7	27100000000000.0
5800	258.10000000000002	0.8	24300000000000.0
5800	258.10000000000002	0.9	21800000000000.0
5800	261.39999999999998	-1.0	65500000000000.0
5800	261.39999999999998	-0.95	63900000000000.0
5800	261.39999999999998	-0.9	62200000000000.0
5800	261.39999999999998	-0.85	60400000000000.0
5800	261.39999999999998	-0.8	58800000000000.0
5800	261.39999999999998	-0.75	57100000000000.0
5800	261.39999999999998	-0.7	55400000000000.0
5800	261.39999999999998	-0.65	53800000000000.0
5800	261.39999999999998	-0.6	52300000000000.0
5800	261.39999999999998	-0.55	50900000000000.0
5800	261.39999999999998	-0.5	49400000000000.0
5800	261.39999999999998	-0.45	48000000000000.0
5800	261.39999999999998	-0.4	46600000000000.0
5800	261.39999999999998	-0.35	45300000000000.0
5800	261.39999999999998	-0.3	44000000000000.0
5800	261.39999999999998	-0.25	42700000000000.0
5800	261.39999999999998	-0.2	41500000000000.0
5800	261.39999999999998	-0.15	40300000000000.0
5800	261.39999999999998	-0.1	39100000000000.0
5800	261.39999999999998	-0.05	38000000000000.0
5800	261.39999999999998	0.0	36900000000000.0
5800	261.39999999999998	0.05	35800000000000.0
5800	261.39999999999998	0.1	34700000000000.0
5800	261.39999999999998	0.15	33600000000000.0
5800	261.39999999999998	0.2	32600000000000.0
5800	261.39999999999998	0.25	31600000000000.0
5800	261.39999999999998	0.3	30700000000000.0
5800	261.39999999999998	0.35	29700000000000.0
5800	261.39999999999998	0.4	28700000000000.0
5800	261.39999999999998	0.45	27800000000000.0
5800	261.39999999999998	0.5	26900000000000.0
5800	261.39999999999998	0.6	25100000000000.0
5800	261.39999999999998	0.7	23400000000000.0
5800	261.39999999999998	0.8	21700000000000.0
5800	261.39999999999998	0.9	20200000000000.0
5800	264.89999999999998	-1.0	154000000000000.0
5800	264.89999999999998	-0.95	152000000000000.0
5800	264.89999999999998	-0.9	151000000000000.0
5800	264.89999999999998	-0.85	149000000000000.0
5800	264.89999999999998	-0.8	147000000000000.0
5800	264.89999999999998	-0.75	145000000000000.0
5800	264.89999999999998	-0.7	143000000000000.0
5800	264.89999999999998	-0.65	141000000000000.0
5800	264.89999999999998	-0.6	139000000000000.0
5800	264.89999999999998	-0.55	137000000000000.0
5800	264.89999999999998	-0.5	135000000000000.0
5800	264.89999999999998	-0.45	133000000000000.0
5800	264.89999999999998	-0.4	130000000000000.0
5800	264.89999999999998	-0.35	128000000000000.0
5800	264.89999999999998	-0.3	126000000000000.0
5800	264.89999999999998	-0.25	123000000000000.0
5800	264.89999999999998	-0.2	121000000000000.0
5800	264.89999999999998	-0.15	118000000000000.0
5800	264.89999999999998	-0.1	115000000000000.0
5800	264.89999999999998	-0.05	113000000000000.0
5800	264.89999999999998	0.0	110000000000000.0
5800	264.89999999999998	0.05	107000000000000.0
5800	264.89999999999998	0.1	104000000000000.0
5800	264.89999999999998	0.15	102000000000000.0
5800	264.89999999999998	0.2	98700000000000.0
5800	264.89999999999998	0.25	95800000000000.0
5800	264.89999999999998	0.3	92800000000000.0
5800	264.89999999999998	0.35	89900000000000.0
5800	264.89999999999998	0.4	86900000000000.0
5800	264.89999999999998	0.45	83900000000000.0
5800	264.89999999999998	0.5	80900000000000.0
5800	264.89999999999998	0.6	75000000000000.0
5800	264.89999999999998	0.7	69100000000000.0
5800	264.89999999999998	0.8	63400000000000.0
5800	264.89999999999998	0.9	57800000000000.0
5800	268.5	-1.0	159000000000000.0
5800	268.5	-0.95	157000000000000.0
5800	268.5	-0.9	155000000000000.0
5800	268.5	-0.85	153000000000000.0
5800	268.5	-0.8	152000000000000.0
5800	268.5	-0.75	149000000000000.0
5800	268.5	-0.7	147000000000000.0
5800	268.5	-0.65	145000000000000.0
5800	268.5	-0.6	143000000000000.0
5800	268.5	-0.55	140000000000000.0
5800	268.5	-0.5	138000000000000.0
5800	268.5	-0.45	135000000000000.0
5800	268.5	-0.4	133000000000000.0
5800	268.5	-0.35	130000000000000.0
5800	268.5	-0.3	128000000000000.0
5800	268.5	-0.25	125000000000000.0
5800	268.5	-0.2	122000000000000.0
5800	268.5	-0.15	120000000000000.0
5800	268.5	-0.1	117000000000000.0
5800	268.5	-0.05	114000000000000.0
5800	268.5	0.0	111000000000000.0
5800	268.5	0.05	108000000000000.0
5800	268.5	0.1	105000000000000.0
5800	268.5	0.15	102000000000000.0
5800	268.5	0.2	98900000000000.0
5800	268.5	0.25	95900000000000.0
5800	268.5	0.3	92800000000000.0
5800	268.5	0.35	89700000000000.0
5800	268.5	0.4	86600000000000.0
5800	268.5	0.45	83500000000000.0
5800	268.5	0.5	80500000000000.0
5800	268.5	0.6	74400000000000.0
5800	268.5	0.7	68500000000000.0
5800	268.5	0.8	62700000000000.0
5800	268.5	0.9	57000000000000.0
5800	272.10000000000002	-1.0	169000000000000.0
5800	272.10000000000002	-0.95	166000000000000.0
5800	272.10000000000002	-0.9	163000000000000.0
5800	272.10000000000002	-0.85	160000000000000.0
5800	272.10000000000002	-0.8	157000000000000.0
5800	272.10000000000002	-0.75	153000000000000.0
5800	272.10000000000002	-0.7	150000000000000.0
5800	272.10000000000002	-0.65	146000000000000.0
5800	272.10000000000002	-0.6	143000000000000.0
5800	272.10000000000002	-0.55	140000000000000.0
5800	272.10000000000002	-0.5	136000000000000.0
5800	272.10000000000002	-0.45	133000000000000.0
5800	272.10000000000002	-0.4	129000000000000.0
5800	272.10000000000002	-0.35	126000000000000.0
5800	272.10000000000002	-0.3	122000000000000.0
5800	272.10000000000002	-0.25	118000000000000.0
5800	272.10000000000002	-0.2	115000000000000.0
5800	272.10000000000002	-0.15	112000000000000.0
5800	272.10000000000002	-0.1	108000000000000.0
5800	272.10000000000002	-0.05	105000000000000.0
5800	272.10000000000002	0.0	101000000000000.0
5800	272.10000000000002	0.05	97800000000000.0
5800	272.10000000000002	0.1	94500000000000.0
5800	272.10000000000002	0.15	91200000000000.0
5800	272.10000000000002	0.2	87900000000000.0
5800	272.10000000000002	0.25	84700000000000.0
5800	272.10000000000002	0.3	81500000000000.0
5800	272.10000000000002	0.35	78300000000000.0
5800	272.10000000000002	0.4	75200000000000.0
5800	272.10000000000002	0.45	72200000000000.0
5800	272.10000000000002	0.5	69200000000000.0
5800	272.10000000000002	0.6	63400000000000.0
5800	272.10000000000002	0.7	57900000000000.0
5800	272.10000000000002	0.8	52700000000000.0
5800	272.10000000000002	0.9	47700000000000.0
5800	275.89999999999998	-1.0	211000000000000.0
5800	275.89999999999998	-0.95	206000000000000.0
5800	275.89999999999998	-0.9	200000000000000.0
5800	275.89999999999998	-0.85	195000000000000.0
5800	275.89999999999998	-0.8	190000000000000.0
5800	275.89999999999998	-0.75	184000000000000.0
5800	275.89999999999998	-0.7	179000000000000.0
5800	275.89999999999998	-0.65	173000000000000.0
5800	275.89999999999998	-0.6	168000000000000.0
5800	275.89999999999998	-0.55	163000000000000.0
5800	275.89999999999998	-0.5	157000000000000.0
5800	275.89999999999998	-0.45	152000000000000.0
5800	275.89999999999998	-0.4	147000000000000.0
5800	275.89999999999998	-0.35	142000000000000.0
5800	275.89999999999998	-0.3	137000000000000.0
5800	275.89999999999998	-0.25	133000000000000.0
5800	275.89999999999998	-0.2	128000000000000.0
5800	275.89999999999998	-0.15	123000000000000.0
5800	275.89999999999998	-0.1	119000000000000.0
5800	275.89999999999998	-0.05	115000000000000.0
5800	275.89999999999998	0.0	110000000000000.0
5800	275.89999999999998	0.05	106000000000000.0
5800	275.89999999999998	0.1	102000000000000.0
5800	275.89999999999998	0.15	98300000000000.0
5800	275.89999999999998	0.2	94500000000000.0
5800	275.89999999999998	0.25	90800000000000.0
5800	275.89999999999998	0.3	87300000000000.0
5800	275.89999999999998	0.35	83800000000000.0
5800	275.89999999999998	0.4	80500000000000.0
5800	275.89999999999998	0.45	77200000000000.0
5800	275.89999999999998	0.5	74100000000000.0
5800	275.89999999999998	0.6	68200000000000.0
5800	275.89999999999998	0.7	62700000000000.0
5800	275.89999999999998	0.8	57600000000000.0
5800	275.89999999999998	0.9	52800000000000.0
5800	279.69999999999999	-1.0	46900000000000.0
5800	279.69999999999999	-0.95	46400000000000.0
5800	279.69999999999999	-0.9	46000000000000.0
5800	279.69999999999999	-0.85	45500000000000.0
5800	279.69999999999999	-0.8	45000000000000.0
5800	279.69999999999999	-0.75	44400000000000.0
5800	279.69999999999999	-0.7	43800000000000.0
5800	279.69999999999999	-0.65	43300000000000.0
5800	279.69999999999999	-0.6	42700000000000.0
5800	279.69999999999999	-0.55	42200000000000.0
5800	279.69999999999999	-0.5	41600000000000.0
5800	279.69999999999999	-0.45	41000000000000.0
5800	279.69999999999999	-0.4	40400000000000.0
5800	279.69999999999999	-0.35	39800000000000.0
5800	279.69999999999999	-0.3	39200000000000.0
5800	279.69999999999999	-0.25	38600000000000.0
5800	279.69999999999999	-0.2	38000000000000.0
5800	279.69999999999999	-0.15	37400000000000.0
5800	279.69999999999999	-0.1	36800000000000.0
5800	279.69999999999999	-0.05	36200000000000.0
5800	279.69999999999999	0.0	35600000000000.0
5800	279.69999999999999	0.05	35000000000000.0
5800	279.69999999999999	0.1	34300000000000.0
5800	279.69999999999999	0.15	33700000000000.0
5800	279.69999999999999	0.2	33100000000000.0
5800	279.69999999999999	0.25	32500000000000.0
5800	279.69999999999999	0.3	31900000000000.0
5800	279.69999999999999	0.35	31300000000000.0
5800	279.69999999999999	0.4	30600000000000.0
5800	279.69999999999999	0.45	30000000000000.0
5800	279.69999999999999	0.5	29400000000000.0
5800	279.69999999999999	0.6	28300000000000.0
5800	279.69999999999999	0.7	27100000000000.0
5800	279.69999999999999	0.8	25900000000000.0
5800	279.69999999999999	0.9	24800000000000.0
5800	283.69999999999999	-1.0	344000000000000.0
5800	283.69999999999999	-0.95	335000000000000.0
5800	283.69999999999999	-0.9	326000000000000.0
5800	283.69999999999999	-0.85	317000000000000.0
5800	283.69999999999999	-0.8	308000000000000.0
5800	283.69999999999999	-0.75	298000000000000.0
5800	283.69999999999999	-0.7	289000000000000.0
5800	283.69999999999999	-0.65	279000000000000.0
5800	283.69999999999999	-0.6	270000000000000.0
5800	283.69999999999999	-0.55	261000000000000.0
5800	283.69999999999999	-0.5	252000000000000.0
5800	283.69999999999999	-0.45	243000000000000.0
5800	283.69999999999999	-0.4	234000000000000.0
5800	283.69999999999999	-0.35	225000000000000.0
5800	283.69999999999999	-0.3	217000000000000.0
5800	283.69999999999999	-0.25	208000000000000.0
5800	283.69999999999999	-0.2	200000000000000.0
5800	283.69999999999999	-0.15	192000000000000.0
5800	283.69999999999999	-0.1	184000000000000.0
5800	283.69999999999999	-0.05	177000000000000.0
5800	283.69999999999999	0.0	169000000000000.0
5800	283.69999999999999	0.05	162000000000000.0
5800	283.69999999999999	0.1	155000000000000.0
5800	283.69999999999999	0.15	148000000000000.0
5800	283.69999999999999	0.2	142000000000000.0
5800	283.69999999999999	0.25	135000000000000.0
5800	283.69999999999999	0.3	129000000000000.0
5800	283.69999999999999	0.35	123000000000000.0
5800	283.69999999999999	0.4	118000000000000.0
5800	283.69999999999999	0.45	112000000000000.0
5800	283.69999999999999	0.5	107000000000000.0
5800	283.69999999999999	0.6	96900000000000.0
5800	283.69999999999999	0.7	87900000000000.0
5800	283.69999999999999	0.8	79600000000000.0
5800	283.69999999999999	0.9	71900000000000.0
5800	287.80000000000001	-1.0	255000000000000.0
5800	287.80000000000001	-0.95	251000000000000.0
5800	287.80000000000001	-0.9	248000000000000.0
5800	287.80000000000001	-0.85	244000000000000.0
5800	287.80000000000001	-0.8	240000000000000.0
5800	287.80000000000001	-0.75	236000000000000.0
5800	287.80000000000001	-0.7	232000000000000.0
5800	287.80000000000001	-0.65	228000000000000.0
5800	287.80000000000001	-0.6	224000000000000.0
5800	287.80000000000001	-0.55	220000000000000.0
5800	287.80000000000001	-0.5	216000000000000.0
5800	287.80000000000001	-0.45	212000000000000.0
5800	287.80000000000001	-0.4	208000000000000.0
5800	287.80000000000001	-0.35	204000000000000.0
5800	287.80000000000001	-0.3	200000000000000.0
5800	287.80000000000001	-0.25	195000000000000.0
5800	287.80000000000001	-0.2	191000000000000.0
5800	287.80000000000001	-0.15	187000000000000.0
5800	287.80000000000001	-0.1	183000000000000.0
5800	287.80000000000001	-0.05	178000000000000.0
5800	287.80000000000001	0.0	174000000000000.0
5800	287.80000000000001	0.05	170000000000000.0
5800	287.80000000000001	0.1	166000000000000.0
5800	287.80000000000001	0.15	162000000000000.0
5800	287.80000000000001	0.2	157000000000000.0
5800	287.80000000000001	0.25	153000000000000.0
5800	287.80000000000001	0.3	149000000000000.0
5800	287.80000000000001	0.35	145000000000000.0
5800	287.80000000000001	0.4	141000000000000.0
5800	287.80000000000001	0.45	137000000000000.0
5800	287.80000000000001	0.5	132000000000000.0
5800	287.80000000000001	0.6	124000000000000.0
5800	287.80000000000001	0.7	116000000000000.0
5800	287.80000000000001	0.8	109000000000000.0
5800	287.80000000000001	0.9	101000000000000.0
5800	292	-1.0	439000000000000.0
5800	292	-0.95	436000000000000.0
5800	292	-0.9	432000000000000.0
5800	292	-0.85	428000000000000.0
5800	292	-0.8	424000000000000.0
5800	292	-0.75	421000000000000.0
5800	292	-0.7	417000000000000.0
5800	292	-0.65	413000000000000.0
5800	292	-0.6	409000000000000.0
5800	292	-0.55	404000000000000.0
5800	292	-0.5	400000000000000.0
5800	292	-0.45	395000000000000.0
5800	292	-0.4	390000000000000.0
5800	292	-0.35	385000000000000.0
5800	292	-0.3	380000000000000.0
5800	292	-0.25	374000000000000.0
5800	292	-0.2	369000000000000.0
5800	292	-0.15	363000000000000.0
5800	292	-0.1	357000000000000.0
5800	292	-0.05	351000000000000.0
5800	292	0.0	345000000000000.0
5800	292	0.05	339000000000000.0
5800	292	0.1	332000000000000.0
5800	292	0.15	326000000000000.0
5800	292	0.2	319000000000000.0
5800	292	0.25	312000000000000.0
5800	292	0.3	305000000000000.0
5800	292	0.35	298000000000000.0
5800	292	0.4	291000000000000.0
5800	292	0.45	284000000000000.0
5800	292	0.5	277000000000000.0
5800	292	0.6	262000000000000.0
5800	292	0.7	247000000000000.0
5800	292	0.8	232000000000000.0
5800	292	0.9	216000000000000.0
5800	296.30000000000001	-1.0	429000000000000.0
5800	296.30000000000001	-0.95	425000000000000.0
5800	296.30000000000001	-0.9	421000000000000.0
5800	296.30000000000001	-0.85	416000000000000.0
5800	296.30000000000001	-0.8	412000000000000.0
5800	296.30000000000001	-0.75	407000000000000.0
5800	296.30000000000001	-0.7	403000000000000.0
5800	296.30000000000001	-0.65	398000000000000.0
5800	296.30000000000001	-0.6	393000000000000.0
5800	296.30000000000001	-0.55	388000000000000.0
5800	296.30000000000001	-0.5	382000000000000.0
5800	296.30000000000001	-0.45	377000000000000.0
5800	296.30000000000001	-0.4	371000000000000.0
5800	296.30000000000001	-0.35	366000000000000.0
5800	296.30000000000001	-0.3	360000000000000.0
5800	296.30000000000001	-0.25	354000000000000.0
5800	296.30000000000001	-0.2	348000000000000.0
5800	296.30000000000001	-0.15	342000000000000.0
5800	296.30000000000001	-0.1	336000000000000.0
5800	296.30000000000001	-0.05	330000000000000.0
5800	296.30000000000001	0.0	323000000000000.0
5800	296.30000000000001	0.05	317000000000000.0
5800	296.30000000000001	0.1	311000000000000.0
5800	296.30000000000001	0.15	304000000000000.0
5800	296.30000000000001	0.2	298000000000000.0
5800	296.30000000000001	0.25	291000000000000.0
5800	296.30000000000001	0.3	284000000000000.0
5800	296.30000000000001	0.35	277000000000000.0
5800	296.30000000000001	0.4	271000000000000.0
5800	296.30000000000001	0.45	264000000000000.0
5800	296.30000000000001	0.5	257000000000000.0
5800	296.30000000000001	0.6	244000000000000.0
5800	296.30000000000001	0.7	230000000000000.0
5800	296.30000000000001	0.8	217000000000000.0
5800	296.30000000000001	0.9	203000000000000.0
5800	299	-1.0	86100000000000.0
5800	299	-0.95	85400000000000.0
5800	299	-0.9	84800000000000.0
5800	299	-0.85	84200000000000.0
5800	299	-0.8	83400000000000.0
5800	299	-0.75	82600000000000.0
5800	299	-0.7	81700000000000.0
5800	299	-0.65	80900000000000.0
5800	299	-0.6	80100000000000.0
5800	299	-0.55	79300000000000.0
5800	299	-0.5	78400000000000.0
5800	299	-0.45	77400000000000.0
5800	299	-0.4	76500000000000.0
5800	299	-0.35	75500000000000.0
5800	299	-0.3	74500000000000.0
5800	299	-0.25	73500000000000.0
5800	299	-0.2	72400000000000.0
5800	299	-0.15	71400000000000.0
5800	299	-0.1	70300000000000.0
5800	299	-0.05	69200000000000.0
5800	299	0.0	68100000000000.0
5800	299	0.05	67000000000000.0
5800	299	0.1	65900000000000.0
5800	299	0.15	64700000000000.0
5800	299	0.2	63600000000000.0
5800	299	0.25	62400000000000.0
5800	299	0.3	61200000000000.0
5800	299	0.35	59900000000000.0
5800	299	0.4	58700000000000.0
5800	299	0.45	57500000000000.0
5800	299	0.5	56200000000000.0
5800	299	0.6	53700000000000.0
5800	299	0.7	51200000000000.0
5800	299	0.8	48600000000000.0
5800	299	0.9	46000000000000.0
5800	300	-1.0	87500000000000.0
5800	300	-0.95	86600000000000.0
5800	300	-0.9	85500000000000.0
5800	300	-0.85	84500000000000.0
5800	300	-0.8	83300000000000.0
5800	300	-0.75	82300000000000.0
5800	300	-0.7	81200000000000.0
5800	300	-0.65	80000000000000.0
5800	300	-0.6	78900000000000.0
5800	300	-0.55	77700000000000.0
5800	300	-0.5	76500000000000.0
5800	300	-0.45	75200000000000.0
5800	300	-0.4	74000000000000.0
5800	300	-0.35	72700000000000.0
5800	300	-0.3	71500000000000.0
5800	300	-0.25	70100000000000.0
5800	300	-0.2	68800000000000.0
5800	300	-0.15	67500000000000.0
5800	300	-0.1	66100000000000.0
5800	300	-0.05	64800000000000.0
5800	300	0.0	63400000000000.0
5800	300	0.05	62000000000000.0
5800	300	0.1	60600000000000.0
5800	300	0.15	59200000000000.0
5800	300	0.2	57800000000000.0
5800	300	0.25	56400000000000.0
5800	300	0.3	54900000000000.0
5800	300	0.35	53500000000000.0
5800	300	0.4	52000000000000.0
5800	300	0.45	50500000000000.0
5800	300	0.5	49000000000000.0
5800	300	0.6	46000000000000.0
5800	300	0.7	43100000000000.0
5800	300	0.8	40100000000000.0
5800	300	0.9	37100000000000.0
5800	301	-1.0	83700000000000.0
5800	301	-0.95	83400000000000.0
5800	301	-0.9	82900000000000.0
5800	301	-0.85	82500000000000.0
5800	301	-0.8	81900000000000.0
5800	301	-0.75	81400000000000.0
5800	301	-0.7	80700000000000.0
5800	301	-0.65	80100000000000.0
5800	301	-0.6	79500000000000.0
5800	301	-0.55	78900000000000.0
5800	301	-0.5	78200000000000.0
5800	301	-0.45	77400000000000.0
5800	301	-0.4	76700000000000.0
5800	301	-0.35	75900000000000.0
5800	301	-0.3	75200000000000.0
5800	301	-0.25	74300000000000.0
5800	301	-0.2	73400000000000.0
5800	301	-0.15	72600000000000.0
5800	301	-0.1	71600000000000.0
5800	301	-0.05	70700000000000.0
5800	301	0.0	69700000000000.0
5800	301	0.05	68700000000000.0
5800	301	0.1	67700000000000.0
5800	301	0.15	66600000000000.0
5800	301	0.2	65500000000000.0
5800	301	0.25	64400000000000.0
5800	301	0.3	63200000000000.0
5800	301	0.35	62000000000000.0
5800	301	0.4	60800000000000.0
5800	301	0.45	59600000000000.0
5800	301	0.5	58300000000000.0
5800	301	0.6	55700000000000.0
5800	301	0.7	53000000000000.0
5800	301	0.8	50200000000000.0
5800	301	0.9	47400000000000.0
5800	302	-1.0	91700000000000.0
5800	302	-0.95	90800000000000.0
5800	302	-0.9	89900000000000.0
5800	302	-0.85	89000000000000.0
5800	302	-0.8	87900000000000.0
5800	302	-0.75	86900000000000.0
5800	302	-0.7	85800000000000.0
5800	302	-0.65	84700000000000.0
5800	302	-0.6	83600000000000.0
5800	302	-0.55	82400000000000.0
5800	302	-0.5	81200000000000.0
5800	302	-0.45	79900000000000.0
5800	302	-0.4	78600000000000.0
5800	302	-0.35	77300000000000.0
5800	302	-0.3	76000000000000.0
5800	302	-0.25	74600000000000.0
5800	302	-0.2	73200000000000.0
5800	302	-0.15	71700000000000.0
5800	302	-0.1	70200000000000.0
5800	302	-0.05	68700000000000.0
5800	302	0.0	67200000000000.0
5800	302	0.05	65600000000000.0
5800	302	0.1	64100000000000.0
5800	302	0.15	62500000000000.0
5800	302	0.2	61000000000000.0
5800	302	0.25	59400000000000.0
5800	302	0.3	57800000000000.0
5800	302	0.35	56100000000000.0
5800	302	0.4	54500000000000.0
5800	302	0.45	52900000000000.0
5800	302	0.5	51300000000000.0
5800	302	0.6	48100000000000.0
5800	302	0.7	45000000000000.0
5800	302	0.8	42000000000000.0
5800	302	0.9	39000000000000.0
5800	303	-1.0	112000000000000.0
5800	303	-0.95	112000000000000.0
5800	303	-0.9	111000000000000.0
5800	303	-0.85	110000000000000.0
5800	303	-0.8	109000000000000.0
5800	303	-0.75	109000000000000.0
5800	303	-0.7	108000000000000.0
5800	303	-0.65	107000000000000.0
5800	303	-0.6	106000000000000.0
5800	303	-0.55	105000000000000.0
5800	303	-0.5	104000000000000.0
5800	303	-0.45	103000000000000.0
5800	303	-0.4	102000000000000.0
5800	303	-0.35	101000000000000.0
5800	303	-0.3	100000000000000.0
5800	303	-0.25	99200000000000.0
5800	303	-0.2	98000000000000.0
5800	303	-0.15	96800000000000.0
5800	303	-0.1	95600000000000.0
5800	303	-0.05	94300000000000.0
5800	303	0.0	93000000000000.0
5800	303	0.05	91700000000000.0
5800	303	0.1	90300000000000.0
5800	303	0.15	88900000000000.0
5800	303	0.2	87500000000000.0
5800	303	0.25	86100000000000.0
5800	303	0.3	84600000000000.0
5800	303	0.35	83000000000000.0
5800	303	0.4	81500000000000.0
5800	303	0.45	79900000000000.0
5800	303	0.5	78300000000000.0
5800	303	0.6	75100000000000.0
5800	303	0.7	71800000000000.0
5800	303	0.8	68400000000000.0
5800	303	0.9	64900000000000.0
5800	304	-1.0	120000000000000.0
5800	304	-0.95	119000000000000.0
5800	304	-0.9	118000000000000.0
5800	304	-0.85	117000000000000.0
5800	304	-0.8	116000000000000.0
5800	304	-0.75	115000000000000.0
5800	304	-0.7	114000000000000.0
5800	304	-0.65	113000000000000.0
5800	304	-0.6	111000000000000.0
5800	304	-0.55	110000000000000.0
5800	304	-0.5	109000000000000.0
5800	304	-0.45	107000000000000.0
5800	304	-0.4	106000000000000.0
5800	304	-0.35	105000000000000.0
5800	304	-0.3	103000000000000.0
5800	304	-0.25	102000000000000.0
5800	304	-0.2	100000000000000.0
5800	304	-0.15	98400000000000.0
5800	304	-0.1	96800000000000.0
5800	304	-0.05	95100000000000.0
5800	304	0.0	93300000000000.0
5800	304	0.05	91600000000000.0
5800	304	0.1	89700000000000.0
5800	304	0.15	87900000000000.0
5800	304	0.2	86000000000000.0
5800	304	0.25	84000000000000.0
5800	304	0.3	82000000000000.0
5800	304	0.35	80000000000000.0
5800	304	0.4	78000000000000.0
5800	304	0.45	75800000000000.0
5800	304	0.5	73700000000000.0
5800	304	0.6	69400000000000.0
5800	304	0.7	65100000000000.0
5800	304	0.8	60700000000000.0
5800	304	0.9	56300000000000.0
5800	305	-1.0	131000000000000.0
5800	305	-0.95	130000000000000.0
5800	305	-0.9	129000000000000.0
5800	305	-0.85	128000000000000.0
5800	305	-0.8	127000000000000.0
5800	305	-0.75	126000000000000.0
5800	305	-0.7	125000000000000.0
5800	305	-0.65	124000000000000.0
5800	305	-0.6	123000000000000.0
5800	305	-0.55	122000000000000.0
5800	305	-0.5	120000000000000.0
5800	305	-0.45	119000000000000.0
5800	305	-0.4	118000000000000.0
5800	305	-0.35	116000000000000.0
5800	305	-0.3	115000000000000.0
5800	305	-0.25	113000000000000.0
5800	305	-0.2	112000000000000.0
5800	305	-0.15	110000000000000.0
5800	305	-0.1	109000000000000.0
5800	305	-0.05	107000000000000.0
5800	305	0.0	105000000000000.0
5800	305	0.05	104000000000000.0
5800	305	0.1	102000000000000.0
5800	305	0.15	100000000000000.0
5800	305	0.2	98200000000000.0
5800	305	0.25	96300000000000.0
5800	305	0.3	94400000000000.0
5800	305	0.35	92400000000000.0
5800	305	0.4	90400000000000.0
5800	305	0.45	88300000000000.0
5800	305	0.5	86300000000000.0
5800	305	0.6	82100000000000.0
5800	305	0.7	77900000000000.0
5800	305	0.8	73600000000000.0
5800	305	0.9	69200000000000.0
5800	306	-1.0	114000000000000.0
5800	306	-0.95	113000000000000.0
5800	306	-0.9	112000000000000.0
5800	306	-0.85	111000000000000.0
5800	306	-0.8	109000000000000.0
5800	306	-0.75	108000000000000.0
5800	306	-0.7	107000000000000.0
5800	306	-0.65	106000000000000.0
5800	306	-0.6	105000000000000.0
5800	306	-0.55	103000000000000.0
5800	306	-0.5	102000000000000.0
5800	306	-0.45	100000000000000.0
5800	306	-0.4	99000000000000.0
5800	306	-0.35	97600000000000.0
5800	306	-0.3	96100000000000.0
5800	306	-0.25	94600000000000.0
5800	306	-0.2	93000000000000.0
5800	306	-0.15	91500000000000.0
5800	306	-0.1	89900000000000.0
5800	306	-0.05	88300000000000.0
5800	306	0.0	86700000000000.0
5800	306	0.05	85000000000000.0
5800	306	0.1	83400000000000.0
5800	306	0.15	81700000000000.0
5800	306	0.2	80000000000000.0
5800	306	0.25	78300000000000.0
5800	306	0.3	76600000000000.0
5800	306	0.35	74800000000000.0
5800	306	0.4	73100000000000.0
5800	306	0.45	71300000000000.0
5800	306	0.5	69500000000000.0
5800	306	0.6	65900000000000.0
5800	306	0.7	62300000000000.0
5800	306	0.8	58600000000000.0
5800	306	0.9	55000000000000.0
5800	307	-1.0	110000000000000.0
5800	307	-0.95	110000000000000.0
5800	307	-0.9	109000000000000.0
5800	307	-0.85	108000000000000.0
5800	307	-0.8	107000000000000.0
5800	307	-0.75	106000000000000.0
5800	307	-0.7	105000000000000.0
5800	307	-0.65	104000000000000.0
5800	307	-0.6	104000000000000.0
5800	307	-0.55	103000000000000.0
5800	307	-0.5	102000000000000.0
5800	307	-0.45	101000000000000.0
5800	307	-0.4	99900000000000.0
5800	307	-0.35	98900000000000.0
5800	307	-0.3	98000000000000.0
5800	307	-0.25	97000000000000.0
5800	307	-0.2	96000000000000.0
5800	307	-0.15	95000000000000.0
5800	307	-0.1	93900000000000.0
5800	307	-0.05	92900000000000.0
5800	307	0.0	91800000000000.0
5800	307	0.05	90700000000000.0
5800	307	0.1	89600000000000.0
5800	307	0.15	88500000000000.0
5800	307	0.2	87300000000000.0
5800	307	0.25	86100000000000.0
5800	307	0.3	84900000000000.0
5800	307	0.35	83600000000000.0
5800	307	0.4	82400000000000.0
5800	307	0.45	81000000000000.0
5800	307	0.5	79700000000000.0
5800	307	0.6	76900000000000.0
5800	307	0.7	74100000000000.0
5800	307	0.8	71100000000000.0
5800	307	0.9	68000000000000.0
5800	308.00000000000006	-1.0	120000000000000.0
5800	308.00000000000006	-0.95	120000000000000.0
5800	308.00000000000006	-0.9	119000000000000.0
5800	308.00000000000006	-0.85	118000000000000.0
5800	308.00000000000006	-0.8	117000000000000.0
5800	308.00000000000006	-0.75	116000000000000.0
5800	308.00000000000006	-0.7	115000000000000.0
5800	308.00000000000006	-0.65	114000000000000.0
5800	308.00000000000006	-0.6	113000000000000.0
5800	308.00000000000006	-0.55	112000000000000.0
5800	308.00000000000006	-0.5	111000000000000.0
5800	308.00000000000006	-0.45	110000000000000.0
5800	308.00000000000006	-0.4	109000000000000.0
5800	308.00000000000006	-0.35	108000000000000.0
5800	308.00000000000006	-0.3	106000000000000.0
5800	308.00000000000006	-0.25	105000000000000.0
5800	308.00000000000006	-0.2	104000000000000.0
5800	308.00000000000006	-0.15	103000000000000.0
5800	308.00000000000006	-0.1	101000000000000.0
5800	308.00000000000006	-0.05	99600000000000.0
5800	308.00000000000006	0.0	98100000000000.0
5800	308.00000000000006	0.05	96600000000000.0
5800	308.00000000000006	0.1	95100000000000.0
5800	308.00000000000006	0.15	93500000000000.0
5800	308.00000000000006	0.2	91800000000000.0
5800	308.00000000000006	0.25	90200000000000.0
5800	308.00000000000006	0.3	88500000000000.0
5800	308.00000000000006	0.35	86700000000000.0
5800	308.00000000000006	0.4	85000000000000.0
5800	308.00000000000006	0.45	83200000000000.0
5800	308.00000000000006	0.5	81400000000000.0
5800	308.00000000000006	0.6	77800000000000.0
5800	308.00000000000006	0.7	74200000000000.0
5800	308.00000000000006	0.8	70500000000000.0
5800	308.00000000000006	0.9	66800000000000.0
5800	309	-1.0	113000000000000.0
5800	309	-0.95	111000000000000.0
5800	309	-0.9	110000000000000.0
5800	309	-0.85	110000000000000.0
5800	309	-0.8	109000000000000.0
5800	309	-0.75	107000000000000.0
5800	309	-0.7	106000000000000.0
5800	309	-0.65	105000000000000.0
5800	309	-0.6	104000000000000.0
5800	309	-0.55	103000000000000.0
5800	309	-0.5	102000000000000.0
5800	309	-0.45	101000000000000.0
5800	309	-0.4	100000000000000.0
5800	309	-0.35	99300000000000.0
5800	309	-0.3	98300000000000.0
5800	309	-0.25	97300000000000.0
5800	309	-0.2	96300000000000.0
5800	309	-0.15	95200000000000.0
5800	309	-0.1	94200000000000.0
5800	309	-0.05	93100000000000.0
5800	309	0.0	92100000000000.0
5800	309	0.05	90900000000000.0
5800	309	0.1	89800000000000.0
5800	309	0.15	88700000000000.0
5800	309	0.2	87600000000000.0
5800	309	0.25	86500000000000.0
5800	309	0.3	85300000000000.0
5800	309	0.35	84100000000000.0
5800	309	0.4	82900000000000.0
5800	309	0.45	81600000000000.0
5800	309	0.5	80400000000000.0
5800	309	0.6	77800000000000.0
5800	309	0.7	75200000000000.0
5800	309	0.8	72500000000000.0
5800	309	0.9	69700000000000.0
5800	310	-1.0	114000000000000.0
5800	310	-0.95	113000000000000.0
5800	310	-0.9	111000000000000.0
5800	310	-0.85	110000000000000.0
5800	310	-0.8	108000000000000.0
5800	310	-0.75	106000000000000.0
5800	310	-0.7	105000000000000.0
5800	310	-0.65	103000000000000.0
5800	310	-0.6	102000000000000.0
5800	310	-0.55	100000000000000.0
5800	310	-0.5	98600000000000.0
5800	310	-0.45	97000000000000.0
5800	310	-0.4	95500000000000.0
5800	310	-0.35	94000000000000.0
5800	310	-0.3	92400000000000.0
5800	310	-0.25	90900000000000.0
5800	310	-0.2	89400000000000.0
5800	310	-0.15	87900000000000.0
5800	310	-0.1	86400000000000.0
5800	310	-0.05	84900000000000.0
5800	310	0.0	83500000000000.0
5800	310	0.05	82000000000000.0
5800	310	0.1	80600000000000.0
5800	310	0.15	79100000000000.0
5800	310	0.2	77700000000000.0
5800	310	0.25	76200000000000.0
5800	310	0.3	74800000000000.0
5800	310	0.35	73300000000000.0
5800	310	0.4	71800000000000.0
5800	310	0.45	70300000000000.0
5800	310	0.5	68800000000000.0
5800	310	0.6	65900000000000.0
5800	310	0.7	62900000000000.0
5800	310	0.8	59900000000000.0
5800	310	0.9	56900000000000.0
5800	310.99999999999994	-1.0	115000000000000.0
5800	310.99999999999994	-0.95	114000000000000.0
5800	310.99999999999994	-0.9	114000000000000.0
5800	310.99999999999994	-0.85	114000000000000.0
5800	310.99999999999994	-0.8	113000000000000.0
5800	310.99999999999994	-0.75	113000000000000.0
5800	310.99999999999994	-0.7	113000000000000.0
5800	310.99999999999994	-0.65	112000000000000.0
5800	310.99999999999994	-0.6	112000000000000.0
5800	310.99999999999994	-0.55	111000000000000.0
5800	310.99999999999994	-0.5	111000000000000.0
5800	310.99999999999994	-0.45	110000000000000.0
5800	310.99999999999994	-0.4	110000000000000.0
5800	310.99999999999994	-0.35	110000000000000.0
5800	310.99999999999994	-0.3	109000000000000.0
5800	310.99999999999994	-0.25	109000000000000.0
5800	310.99999999999994	-0.2	108000000000000.0
5800	310.99999999999994	-0.15	107000000000000.0
5800	310.99999999999994	-0.1	107000000000000.0
5800	310.99999999999994	-0.05	106000000000000.0
5800	310.99999999999994	0.0	106000000000000.0
5800	310.99999999999994	0.05	105000000000000.0
5800	310.99999999999994	0.1	104000000000000.0
5800	310.99999999999994	0.15	103000000000000.0
5800	310.99999999999994	0.2	103000000000000.0
5800	310.99999999999994	0.25	102000000000000.0
5800	310.99999999999994	0.3	101000000000000.0
5800	310.99999999999994	0.35	100000000000000.0
5800	310.99999999999994	0.4	99200000000000.0
5800	310.99999999999994	0.45	98300000000000.0
5800	310.99999999999994	0.5	97200000000000.0
5800	310.99999999999994	0.6	95100000000000.0
5800	310.99999999999994	0.7	92900000000000.0
5800	310.99999999999994	0.8	90500000000000.0
5800	310.99999999999994	0.9	88000000000000.0
5800	312	-1.0	127000000000000.0
5800	312	-0.95	126000000000000.0
5800	312	-0.9	124000000000000.0
5800	312	-0.85	123000000000000.0
5800	312	-0.8	122000000000000.0
5800	312	-0.75	121000000000000.0
5800	312	-0.7	120000000000000.0
5800	312	-0.65	118000000000000.0
5800	312	-0.6	117000000000000.0
5800	312	-0.55	116000000000000.0
5800	312	-0.5	115000000000000.0
5800	312	-0.45	114000000000000.0
5800	312	-0.4	112000000000000.0
5800	312	-0.35	111000000000000.0
5800	312	-0.3	110000000000000.0
5800	312	-0.25	109000000000000.0
5800	312	-0.2	107000000000000.0
5800	312	-0.15	106000000000000.0
5800	312	-0.1	105000000000000.0
5800	312	-0.05	104000000000000.0
5800	312	0.0	102000000000000.0
5800	312	0.05	101000000000000.0
5800	312	0.1	99800000000000.0
5800	312	0.15	98400000000000.0
5800	312	0.2	97000000000000.0
5800	312	0.25	95600000000000.0
5800	312	0.3	94200000000000.0
5800	312	0.35	92700000000000.0
5800	312	0.4	91300000000000.0
5800	312	0.45	89700000000000.0
5800	312	0.5	88200000000000.0
5800	312	0.6	85100000000000.0
5800	312	0.7	81900000000000.0
5800	312	0.8	78600000000000.0
5800	312	0.9	75300000000000.0
5800	313.00000000000006	-1.0	120000000000000.0
5800	313.00000000000006	-0.95	119000000000000.0
5800	313.00000000000006	-0.9	118000000000000.0
5800	313.00000000000006	-0.85	117000000000000.0
5800	313.00000000000006	-0.8	116000000000000.0
5800	313.00000000000006	-0.75	116000000000000.0
5800	313.00000000000006	-0.7	115000000000000.0
5800	313.00000000000006	-0.65	114000000000000.0
5800	313.00000000000006	-0.6	113000000000000.0
5800	313.00000000000006	-0.55	112000000000000.0
5800	313.00000000000006	-0.5	111000000000000.0
5800	313.00000000000006	-0.45	110000000000000.0
5800	313.00000000000006	-0.4	110000000000000.0
5800	313.00000000000006	-0.35	109000000000000.0
5800	313.00000000000006	-0.3	108000000000000.0
5800	313.00000000000006	-0.25	107000000000000.0
5800	313.00000000000006	-0.2	106000000000000.0
5800	313.00000000000006	-0.15	105000000000000.0
5800	313.00000000000006	-0.1	104000000000000.0
5800	313.00000000000006	-0.05	103000000000000.0
5800	313.00000000000006	0.0	103000000000000.0
5800	313.00000000000006	0.05	102000000000000.0
5800	313.00000000000006	0.1	101000000000000.0
5800	313.00000000000006	0.15	99600000000000.0
5800	313.00000000000006	0.2	98600000000000.0
5800	313.00000000000006	0.25	97500000000000.0
5800	313.00000000000006	0.3	96400000000000.0
5800	313.00000000000006	0.35	95300000000000.0
5800	313.00000000000006	0.4	94200000000000.0
5800	313.00000000000006	0.45	93000000000000.0
5800	313.00000000000006	0.5	91800000000000.0
5800	313.00000000000006	0.6	89400000000000.0
5800	313.00000000000006	0.7	86900000000000.0
5800	313.00000000000006	0.8	84300000000000.0
5800	313.00000000000006	0.9	81700000000000.0
5800	313.99999999999994	-1.0	126000000000000.0
5800	313.99999999999994	-0.95	125000000000000.0
5800	313.99999999999994	-0.9	124000000000000.0
5800	313.99999999999994	-0.85	123000000000000.0
5800	313.99999999999994	-0.8	122000000000000.0
5800	313.99999999999994	-0.75	121000000000000.0
5800	313.99999999999994	-0.7	120000000000000.0
5800	313.99999999999994	-0.65	119000000000000.0
5800	313.99999999999994	-0.6	118000000000000.0
5800	313.99999999999994	-0.55	117000000000000.0
5800	313.99999999999994	-0.5	116000000000000.0
5800	313.99999999999994	-0.45	115000000000000.0
5800	313.99999999999994	-0.4	114000000000000.0
5800	313.99999999999994	-0.35	113000000000000.0
5800	313.99999999999994	-0.3	111000000000000.0
5800	313.99999999999994	-0.25	110000000000000.0
5800	313.99999999999994	-0.2	109000000000000.0
5800	313.99999999999994	-0.15	108000000000000.0
5800	313.99999999999994	-0.1	107000000000000.0
5800	313.99999999999994	-0.05	106000000000000.0
5800	313.99999999999994	0.0	105000000000000.0
5800	313.99999999999994	0.05	103000000000000.0
5800	313.99999999999994	0.1	102000000000000.0
5800	313.99999999999994	0.15	101000000000000.0
5800	313.99999999999994	0.2	99700000000000.0
5800	313.99999999999994	0.25	98400000000000.0
5800	313.99999999999994	0.3	97100000000000.0
5800	313.99999999999994	0.35	95800000000000.0
5800	313.99999999999994	0.4	94500000000000.0
5800	313.99999999999994	0.45	93200000000000.0
5800	313.99999999999994	0.5	91800000000000.0
5800	313.99999999999994	0.6	89000000000000.0
5800	313.99999999999994	0.7	86300000000000.0
5800	313.99999999999994	0.8	83400000000000.0
5800	313.99999999999994	0.9	80500000000000.0
5800	315	-1.0	116000000000000.0
5800	315	-0.95	115000000000000.0
5800	315	-0.9	114000000000000.0
5800	315	-0.85	113000000000000.0
5800	315	-0.8	112000000000000.0
5800	315	-0.75	111000000000000.0
5800	315	-0.7	110000000000000.0
5800	315	-0.65	109000000000000.0
5800	315	-0.6	108000000000000.0
5800	315	-0.55	107000000000000.0
5800	315	-0.5	107000000000000.0
5800	315	-0.45	106000000000000.0
5800	315	-0.4	105000000000000.0
5800	315	-0.35	104000000000000.0
5800	315	-0.3	104000000000000.0
5800	315	-0.25	103000000000000.0
5800	315	-0.2	102000000000000.0
5800	315	-0.15	102000000000000.0
5800	315	-0.1	101000000000000.0
5800	315	-0.05	100000000000000.0
5800	315	0.0	99500000000000.0
5800	315	0.05	98800000000000.0
5800	315	0.1	98000000000000.0
5800	315	0.15	97300000000000.0
5800	315	0.2	96600000000000.0
5800	315	0.25	95900000000000.0
5800	315	0.3	95100000000000.0
5800	315	0.35	94300000000000.0
5800	315	0.4	93500000000000.0
5800	315	0.45	92700000000000.0
5800	315	0.5	91800000000000.0
5800	315	0.6	90100000000000.0
5800	315	0.7	88300000000000.0
5800	315	0.8	86300000000000.0
5800	315	0.9	84300000000000.0
5800	316.00000000000006	-1.0	124000000000000.0
5800	316.00000000000006	-0.95	122000000000000.0
5800	316.00000000000006	-0.9	121000000000000.0
5800	316.00000000000006	-0.85	119000000000000.0
5800	316.00000000000006	-0.8	117000000000000.0
5800	316.00000000000006	-0.75	115000000000000.0
5800	316.00000000000006	-0.7	114000000000000.0
5800	316.00000000000006	-0.65	112000000000000.0
5800	316.00000000000006	-0.6	110000000000000.0
5800	316.00000000000006	-0.55	109000000000000.0
5800	316.00000000000006	-0.5	107000000000000.0
5800	316.00000000000006	-0.45	106000000000000.0
5800	316.00000000000006	-0.4	104000000000000.0
5800	316.00000000000006	-0.35	103000000000000.0
5800	316.00000000000006	-0.3	101000000000000.0
5800	316.00000000000006	-0.25	100000000000000.0
5800	316.00000000000006	-0.2	98600000000000.0
5800	316.00000000000006	-0.15	97300000000000.0
5800	316.00000000000006	-0.1	96000000000000.0
5800	316.00000000000006	-0.05	94700000000000.0
5800	316.00000000000006	0.0	93500000000000.0
5800	316.00000000000006	0.05	92300000000000.0
5800	316.00000000000006	0.1	91100000000000.0
5800	316.00000000000006	0.15	89900000000000.0
5800	316.00000000000006	0.2	88700000000000.0
5800	316.00000000000006	0.25	87500000000000.0
5800	316.00000000000006	0.3	86300000000000.0
5800	316.00000000000006	0.35	85200000000000.0
5800	316.00000000000006	0.4	84000000000000.0
5800	316.00000000000006	0.45	82800000000000.0
5800	316.00000000000006	0.5	81700000000000.0
5800	316.00000000000006	0.6	79300000000000.0
5800	316.00000000000006	0.7	77100000000000.0
5800	316.00000000000006	0.8	74700000000000.0
5800	316.00000000000006	0.9	72300000000000.0
5800	316.99999999999994	-1.0	130000000000000.0
5800	316.99999999999994	-0.95	129000000000000.0
5800	316.99999999999994	-0.9	128000000000000.0
5800	316.99999999999994	-0.85	126000000000000.0
5800	316.99999999999994	-0.8	125000000000000.0
5800	316.99999999999994	-0.75	124000000000000.0
5800	316.99999999999994	-0.7	123000000000000.0
5800	316.99999999999994	-0.65	122000000000000.0
5800	316.99999999999994	-0.6	121000000000000.0
5800	316.99999999999994	-0.55	120000000000000.0
5800	316.99999999999994	-0.5	119000000000000.0
5800	316.99999999999994	-0.45	117000000000000.0
5800	316.99999999999994	-0.4	116000000000000.0
5800	316.99999999999994	-0.35	115000000000000.0
5800	316.99999999999994	-0.3	114000000000000.0
5800	316.99999999999994	-0.25	113000000000000.0
5800	316.99999999999994	-0.2	112000000000000.0
5800	316.99999999999994	-0.15	111000000000000.0
5800	316.99999999999994	-0.1	110000000000000.0
5800	316.99999999999994	-0.05	109000000000000.0
5800	316.99999999999994	0.0	108000000000000.0
5800	316.99999999999994	0.05	107000000000000.0
5800	316.99999999999994	0.1	106000000000000.0
5800	316.99999999999994	0.15	105000000000000.0
5800	316.99999999999994	0.2	104000000000000.0
5800	316.99999999999994	0.25	103000000000000.0
5800	316.99999999999994	0.3	102000000000000.0
5800	316.99999999999994	0.35	101000000000000.0
5800	316.99999999999994	0.4	99900000000000.0
5800	316.99999999999994	0.45	98800000000000.0
5800	316.99999999999994	0.5	97600000000000.0
5800	316.99999999999994	0.6	95300000000000.0
5800	316.99999999999994	0.7	92900000000000.0
5800	316.99999999999994	0.8	90300000000000.0
5800	316.99999999999994	0.9	87700000000000.0
5800	318	-1.0	134000000000000.0
5800	318	-0.95	132000000000000.0
5800	318	-0.9	131000000000000.0
5800	318	-0.85	130000000000000.0
5800	318	-0.8	129000000000000.0
5800	318	-0.75	127000000000000.0
5800	318	-0.7	126000000000000.0
5800	318	-0.65	125000000000000.0
5800	318	-0.6	123000000000000.0
5800	318	-0.55	122000000000000.0
5800	318	-0.5	121000000000000.0
5800	318	-0.45	120000000000000.0
5800	318	-0.4	119000000000000.0
5800	318	-0.35	118000000000000.0
5800	318	-0.3	116000000000000.0
5800	318	-0.25	115000000000000.0
5800	318	-0.2	114000000000000.0
5800	318	-0.15	113000000000000.0
5800	318	-0.1	112000000000000.0
5800	318	-0.05	111000000000000.0
5800	318	0.0	109000000000000.0
5800	318	0.05	108000000000000.0
5800	318	0.1	107000000000000.0
5800	318	0.15	106000000000000.0
5800	318	0.2	105000000000000.0
5800	318	0.25	103000000000000.0
5800	318	0.3	102000000000000.0
5800	318	0.35	101000000000000.0
5800	318	0.4	99700000000000.0
5800	318	0.45	98400000000000.0
5800	318	0.5	97200000000000.0
5800	318	0.6	94600000000000.0
5800	318	0.7	92000000000000.0
5800	318	0.8	89200000000000.0
5800	318	0.9	86500000000000.0
5800	319.00000000000006	-1.0	130000000000000.0
5800	319.00000000000006	-0.95	129000000000000.0
5800	319.00000000000006	-0.9	127000000000000.0
5800	319.00000000000006	-0.85	126000000000000.0
5800	319.00000000000006	-0.8	125000000000000.0
5800	319.00000000000006	-0.75	124000000000000.0
5800	319.00000000000006	-0.7	122000000000000.0
5800	319.00000000000006	-0.65	121000000000000.0
5800	319.00000000000006	-0.6	120000000000000.0
5800	319.00000000000006	-0.55	119000000000000.0
5800	319.00000000000006	-0.5	117000000000000.0
5800	319.00000000000006	-0.45	116000000000000.0
5800	319.00000000000006	-0.4	115000000000000.0
5800	319.00000000000006	-0.35	114000000000000.0
5800	319.00000000000006	-0.3	113000000000000.0
5800	319.00000000000006	-0.25	111000000000000.0
5800	319.00000000000006	-0.2	110000000000000.0
5800	319.00000000000006	-0.15	109000000000000.0
5800	319.00000000000006	-0.1	108000000000000.0
5800	319.00000000000006	-0.05	106000000000000.0
5800	319.00000000000006	0.0	105000000000000.0
5800	319.00000000000006	0.05	104000000000000.0
5800	319.00000000000006	0.1	103000000000000.0
5800	319.00000000000006	0.15	102000000000000.0
5800	319.00000000000006	0.2	100000000000000.0
5800	319.00000000000006	0.25	99100000000000.0
5800	319.00000000000006	0.3	97800000000000.0
5800	319.00000000000006	0.35	96500000000000.0
5800	319.00000000000006	0.4	95200000000000.0
5800	319.00000000000006	0.45	93900000000000.0
5800	319.00000000000006	0.5	92500000000000.0
5800	319.00000000000006	0.6	89900000000000.0
5800	319.00000000000006	0.7	87100000000000.0
5800	319.00000000000006	0.8	84300000000000.0
5800	319.00000000000006	0.9	81400000000000.0
5800	320	-1.0	144000000000000.0
5800	320	-0.95	142000000000000.0
5800	320	-0.9	141000000000000.0
5800	320	-0.85	140000000000000.0
5800	320	-0.8	139000000000000.0
5800	320	-0.75	138000000000000.0
5800	320	-0.7	136000000000000.0
5800	320	-0.65	135000000000000.0
5800	320	-0.6	134000000000000.0
5800	320	-0.55	133000000000000.0
5800	320	-0.5	131000000000000.0
5800	320	-0.45	130000000000000.0
5800	320	-0.4	129000000000000.0
5800	320	-0.35	127000000000000.0
5800	320	-0.3	126000000000000.0
5800	320	-0.25	125000000000000.0
5800	320	-0.2	123000000000000.0
5800	320	-0.15	122000000000000.0
5800	320	-0.1	121000000000000.0
5800	320	-0.05	119000000000000.0
5800	320	0.0	118000000000000.0
5800	320	0.05	116000000000000.0
5800	320	0.1	115000000000000.0
5800	320	0.15	113000000000000.0
5800	320	0.2	112000000000000.0
5800	320	0.25	110000000000000.0
5800	320	0.3	109000000000000.0
5800	320	0.35	107000000000000.0
5800	320	0.4	106000000000000.0
5800	320	0.45	104000000000000.0
5800	320	0.5	102000000000000.0
5800	320	0.6	98800000000000.0
5800	320	0.7	95300000000000.0
5800	320	0.8	91700000000000.0
5800	320	0.9	88100000000000.0
5800	321	-1.0	174000000000000.0
5800	321	-0.95	172000000000000.0
5800	321	-0.9	170000000000000.0
5800	321	-0.85	169000000000000.0
5800	321	-0.8	167000000000000.0
5800	321	-0.75	165000000000000.0
5800	321	-0.7	164000000000000.0
5800	321	-0.65	162000000000000.0
5800	321	-0.6	160000000000000.0
5800	321	-0.55	158000000000000.0
5800	321	-0.5	156000000000000.0
5800	321	-0.45	155000000000000.0
5800	321	-0.4	153000000000000.0
5800	321	-0.35	151000000000000.0
5800	321	-0.3	149000000000000.0
5800	321	-0.25	147000000000000.0
5800	321	-0.2	146000000000000.0
5800	321	-0.15	144000000000000.0
5800	321	-0.1	142000000000000.0
5800	321	-0.05	140000000000000.0
5800	321	0.0	138000000000000.0
5800	321	0.05	136000000000000.0
5800	321	0.1	134000000000000.0
5800	321	0.15	132000000000000.0
5800	321	0.2	130000000000000.0
5800	321	0.25	128000000000000.0
5800	321	0.3	126000000000000.0
5800	321	0.35	124000000000000.0
5800	321	0.4	122000000000000.0
5800	321	0.45	120000000000000.0
5800	321	0.5	118000000000000.0
5800	321	0.6	113000000000000.0
5800	321	0.7	109000000000000.0
5800	321	0.8	105000000000000.0
5800	321	0.9	100000000000000.0
5800	322.49999999999994	-1.0	332000000000000.0
5800	322.49999999999994	-0.95	328000000000000.0
5800	322.49999999999994	-0.9	323000000000000.0
5800	322.49999999999994	-0.85	319000000000000.0
5800	322.49999999999994	-0.8	315000000000000.0
5800	322.49999999999994	-0.75	311000000000000.0
5800	322.49999999999994	-0.7	306000000000000.0
5800	322.49999999999994	-0.65	302000000000000.0
5800	322.49999999999994	-0.6	297000000000000.0
5800	322.49999999999994	-0.55	293000000000000.0
5800	322.49999999999994	-0.5	288000000000000.0
5800	322.49999999999994	-0.45	284000000000000.0
5800	322.49999999999994	-0.4	279000000000000.0
5800	322.49999999999994	-0.35	275000000000000.0
5800	322.49999999999994	-0.3	271000000000000.0
5800	322.49999999999994	-0.25	266000000000000.0
5800	322.49999999999994	-0.2	262000000000000.0
5800	322.49999999999994	-0.15	257000000000000.0
5800	322.49999999999994	-0.1	253000000000000.0
5800	322.49999999999994	-0.05	249000000000000.0
5800	322.49999999999994	0.0	245000000000000.0
5800	322.49999999999994	0.05	240000000000000.0
5800	322.49999999999994	0.1	236000000000000.0
5800	322.49999999999994	0.15	232000000000000.0
5800	322.49999999999994	0.2	228000000000000.0
5800	322.49999999999994	0.25	223000000000000.0
5800	322.49999999999994	0.3	219000000000000.0
5800	322.49999999999994	0.35	215000000000000.0
5800	322.49999999999994	0.4	211000000000000.0
5800	322.49999999999994	0.45	207000000000000.0
5800	322.49999999999994	0.5	203000000000000.0
5800	322.49999999999994	0.6	194000000000000.0
5800	322.49999999999994	0.7	186000000000000.0
5800	322.49999999999994	0.8	178000000000000.0
5800	322.49999999999994	0.9	169000000000000.0
5800	324.50000000000006	-1.0	356000000000000.0
5800	324.50000000000006	-0.95	352000000000000.0
5800	324.50000000000006	-0.9	349000000000000.0
5800	324.50000000000006	-0.85	345000000000000.0
5800	324.50000000000006	-0.8	341000000000000.0
5800	324.50000000000006	-0.75	337000000000000.0
5800	324.50000000000006	-0.7	333000000000000.0
5800	324.50000000000006	-0.65	329000000000000.0
5800	324.50000000000006	-0.6	325000000000000.0
5800	324.50000000000006	-0.55	321000000000000.0
5800	324.50000000000006	-0.5	317000000000000.0
5800	324.50000000000006	-0.45	313000000000000.0
5800	324.50000000000006	-0.4	308000000000000.0
5800	324.50000000000006	-0.35	304000000000000.0
5800	324.50000000000006	-0.3	300000000000000.0
5800	324.50000000000006	-0.25	295000000000000.0
5800	324.50000000000006	-0.2	291000000000000.0
5800	324.50000000000006	-0.15	286000000000000.0
5800	324.50000000000006	-0.1	282000000000000.0
5800	324.50000000000006	-0.05	278000000000000.0
5800	324.50000000000006	0.0	273000000000000.0
5800	324.50000000000006	0.05	268000000000000.0
5800	324.50000000000006	0.1	264000000000000.0
5800	324.50000000000006	0.15	259000000000000.0
5800	324.50000000000006	0.2	254000000000000.0
5800	324.50000000000006	0.25	250000000000000.0
5800	324.50000000000006	0.3	245000000000000.0
5800	324.50000000000006	0.35	240000000000000.0
5800	324.50000000000006	0.4	235000000000000.0
5800	324.50000000000006	0.45	230000000000000.0
5800	324.50000000000006	0.5	225000000000000.0
5800	324.50000000000006	0.6	215000000000000.0
5800	324.50000000000006	0.7	205000000000000.0
5800	324.50000000000006	0.8	195000000000000.0
5800	324.50000000000006	0.9	185000000000000.0
5800	326.5	-1.0	421000000000000.0
5800	326.5	-0.95	419000000000000.0
5800	326.5	-0.9	417000000000000.0
5800	326.5	-0.85	414000000000000.0
5800	326.5	-0.8	411000000000000.0
5800	326.5	-0.75	411000000000000.0
5800	326.5	-0.7	409000000000000.0
5800	326.5	-0.65	407000000000000.0
5800	326.5	-0.6	404000000000000.0
5800	326.5	-0.55	402000000000000.0
5800	326.5	-0.5	399000000000000.0
5800	326.5	-0.45	397000000000000.0
5800	326.5	-0.4	394000000000000.0
5800	326.5	-0.35	391000000000000.0
5800	326.5	-0.3	388000000000000.0
5800	326.5	-0.25	386000000000000.0
5800	326.5	-0.2	383000000000000.0
5800	326.5	-0.15	380000000000000.0
5800	326.5	-0.1	377000000000000.0
5800	326.5	-0.05	373000000000000.0
5800	326.5	0.0	370000000000000.0
5800	326.5	0.05	367000000000000.0
5800	326.5	0.1	363000000000000.0
5800	326.5	0.15	360000000000000.0
5800	326.5	0.2	356000000000000.0
5800	326.5	0.25	352000000000000.0
5800	326.5	0.3	348000000000000.0
5800	326.5	0.35	344000000000000.0
5800	326.5	0.4	340000000000000.0
5800	326.5	0.45	336000000000000.0
5800	326.5	0.5	331000000000000.0
5800	326.5	0.6	322000000000000.0
5800	326.5	0.7	313000000000000.0
5800	326.5	0.8	303000000000000.0
5800	326.5	0.9	293000000000000.0
5800	330	-1.0	1040000000000000.0
5800	330	-0.95	1030000000000000.0
5800	330	-0.9	1030000000000000.0
5800	330	-0.85	1020000000000000.0
5800	330	-0.8	1010000000000000.0
5800	330	-0.75	1000000000000000.0
5800	330	-0.7	998000000000000.0
5800	330	-0.65	989000000000000.0
5800	330	-0.6	981000000000000.0
5800	330	-0.55	972000000000000.0
5800	330	-0.5	964000000000000.0
5800	330	-0.45	955000000000000.0
5800	330	-0.4	945000000000000.0
5800	330	-0.35	936000000000000.0
5800	330	-0.3	926000000000000.0
5800	330	-0.25	917000000000000.0
5800	330	-0.2	907000000000000.0
5800	330	-0.15	897000000000000.0
5800	330	-0.1	886000000000000.0
5800	330	-0.05	876000000000000.0
5800	330	0.0	865000000000000.0
5800	330	0.05	854000000000000.0
5800	330	0.1	843000000000000.0
5800	330	0.15	831000000000000.0
5800	330	0.2	820000000000000.0
5800	330	0.25	808000000000000.0
5800	330	0.3	796000000000000.0
5800	330	0.35	784000000000000.0
5800	330	0.4	772000000000000.0
5800	330	0.45	759000000000000.0
5800	330	0.5	746000000000000.0
5800	330	0.6	721000000000000.0
5800	330	0.7	695000000000000.0
5800	330	0.8	668000000000000.0
5800	330	0.9	641000000000000.0
5800	335	-1.0	977000000000000.0
5800	335	-0.95	968000000000000.0
5800	335	-0.9	958000000000000.0
5800	335	-0.85	950000000000000.0
5800	335	-0.8	938000000000000.0
5800	335	-0.75	930000000000000.0
5800	335	-0.7	920000000000000.0
5800	335	-0.65	911000000000000.0
5800	335	-0.6	901000000000000.0
5800	335	-0.55	891000000000000.0
5800	335	-0.5	882000000000000.0
5800	335	-0.45	872000000000000.0
5800	335	-0.4	862000000000000.0
5800	335	-0.35	853000000000000.0
5800	335	-0.3	843000000000000.0
5800	335	-0.25	833000000000000.0
5800	335	-0.2	823000000000000.0
5800	335	-0.15	813000000000000.0
5800	335	-0.1	803000000000000.0
5800	335	-0.05	793000000000000.0
5800	335	0.0	783000000000000.0
5800	335	0.05	772000000000000.0
5800	335	0.1	762000000000000.0
5800	335	0.15	751000000000000.0
5800	335	0.2	741000000000000.0
5800	335	0.25	730000000000000.0
5800	335	0.3	719000000000000.0
5800	335	0.35	707000000000000.0
5800	335	0.4	696000000000000.0
5800	335	0.45	684000000000000.0
5800	335	0.5	673000000000000.0
5800	335	0.6	649000000000000.0
5800	335	0.7	625000000000000.0
5800	335	0.8	601000000000000.0
5800	335	0.9	576000000000000.0
5800	340	-1.0	1030000000000000.0
5800	340	-0.95	1020000000000000.0
5800	340	-0.9	1010000000000000.0
5800	340	-0.85	998000000000000.0
5800	340	-0.8	986000000000000.0
5800	340	-0.75	976000000000000.0
5800	340	-0.7	966000000000000.0
5800	340	-0.65	955000000000000.0
5800	340	-0.6	944000000000000.0
5800	340	-0.55	933000000000000.0
5800	340	-0.5	922000000000000.0
5800	340	-0.45	910000000000000.0
5800	340	-0.4	899000000000000.0
5800	340	-0.35	888000000000000.0
5800	340	-0.3	876000000000000.0
5800	340	-0.25	865000000000000.0
5800	340	-0.2	853000000000000.0
5800	340	-0.15	841000000000000.0
5800	340	-0.1	829000000000000.0
5800	340	-0.05	817000000000000.0
5800	340	0.0	806000000000000.0
5800	340	0.05	793000000000000.0
5800	340	0.1	781000000000000.0
5800	340	0.15	769000000000000.0
5800	340	0.2	757000000000000.0
5800	340	0.25	745000000000000.0
5800	340	0.3	733000000000000.0
5800	340	0.35	721000000000000.0
5800	340	0.4	708000000000000.0
5800	340	0.45	696000000000000.0
5800	340	0.5	684000000000000.0
5800	340	0.6	660000000000000.0
5800	340	0.7	636000000000000.0
5800	340	0.8	612000000000000.0
5800	340	0.9	588000000000000.0
5800	345	-1.0	1120000000000000.0
5800	345	-0.95	1110000000000000.0
5800	345	-0.9	1100000000000000.0
5800	345	-0.85	1090000000000000.0
5800	345	-0.8	1080000000000000.0
5800	345	-0.75	1070000000000000.0
5800	345	-0.7	1060000000000000.0
5800	345	-0.65	1050000000000000.0
5800	345	-0.6	1040000000000000.0
5800	345	-0.55	1030000000000000.0
5800	345	-0.5	1020000000000000.0
5800	345	-0.45	1010000000000000.0
5800	345	-0.4	999000000000000.0
5800	345	-0.35	987000000000000.0
5800	345	-0.3	975000000000000.0
5800	345	-0.25	963000000000000.0
5800	345	-0.2	951000000000000.0
5800	345	-0.15	938000000000000.0
5800	345	-0.1	926000000000000.0
5800	345	-0.05	913000000000000.0
5800	345	0.0	899000000000000.0
5800	345	0.05	886000000000000.0
5800	345	0.1	873000000000000.0
5800	345	0.15	859000000000000.0
5800	345	0.2	845000000000000.0
5800	345	0.25	831000000000000.0
5800	345	0.3	817000000000000.0
5800	345	0.35	803000000000000.0
5800	345	0.4	789000000000000.0
5800	345	0.45	774000000000000.0
5800	345	0.5	760000000000000.0
5800	345	0.6	731000000000000.0
5800	345	0.7	702000000000000.0
5800	345	0.8	673000000000000.0
5800	345	0.9	645000000000000.0
5800	350	-1.0	1180000000000000.0
5800	350	-0.95	1180000000000000.0
5800	350	-0.9	1170000000000000.0
5800	350	-0.85	1160000000000000.0
5800	350	-0.8	1150000000000000.0
5800	350	-0.75	1150000000000000.0
5800	350	-0.7	1140000000000000.0
5800	350	-0.65	1130000000000000.0
5800	350	-0.6	1120000000000000.0
5800	350	-0.55	1110000000000000.0
5800	350	-0.5	1110000000000000.0
5800	350	-0.45	1100000000000000.0
5800	350	-0.4	1090000000000000.0
5800	350	-0.35	1080000000000000.0
5800	350	-0.3	1070000000000000.0
5800	350	-0.25	1050000000000000.0
5800	350	-0.2	1040000000000000.0
5800	350	-0.15	1030000000000000.0
5800	350	-0.1	1020000000000000.0
5800	350	-0.05	1010000000000000.0
5800	350	0.0	995000000000000.0
5800	350	0.05	982000000000000.0
5800	350	0.1	969000000000000.0
5800	350	0.15	955000000000000.0
5800	350	0.2	941000000000000.0
5800	350	0.25	927000000000000.0
5800	350	0.3	913000000000000.0
5800	350	0.35	898000000000000.0
5800	350	0.4	883000000000000.0
5800	350	0.45	868000000000000.0
5800	350	0.5	852000000000000.0
5800	350	0.6	821000000000000.0
5800	350	0.7	789000000000000.0
5800	350	0.8	757000000000000.0
5800	350	0.9	725000000000000.0
5800	355	-1.0	1220000000000000.0
5800	355	-0.95	1210000000000000.0
5800	355	-0.9	1210000000000000.0
5800	355	-0.85	1200000000000000.0
5800	355	-0.8	1190000000000000.0
5800	355	-0.75	1180000000000000.0
5800	355	-0.7	1180000000000000.0
5800	355	-0.65	1170000000000000.0
5800	355	-0.6	1160000000000000.0
5800	355	-0.55	1150000000000000.0
5800	355	-0.5	1140000000000000.0
5800	355	-0.45	1130000000000000.0
5800	355	-0.4	1110000000000000.0
5800	355	-0.35	1100000000000000.0
5800	355	-0.3	1090000000000000.0
5800	355	-0.25	1080000000000000.0
5800	355	-0.2	1060000000000000.0
5800	355	-0.15	1050000000000000.0
5800	355	-0.1	1030000000000000.0
5800	355	-0.05	1020000000000000.0
5800	355	0.0	1000000000000000.0
5800	355	0.05	987000000000000.0
5800	355	0.1	970000000000000.0
5800	355	0.15	952000000000000.0
5800	355	0.2	934000000000000.0
5800	355	0.25	915000000000000.0
5800	355	0.3	896000000000000.0
5800	355	0.35	876000000000000.0
5800	355	0.4	856000000000000.0
5800	355	0.45	835000000000000.0
5800	355	0.5	814000000000000.0
5800	355	0.6	772000000000000.0
5800	355	0.7	729000000000000.0
5800	355	0.8	686000000000000.0
5800	355	0.9	644000000000000.0
5800	360	-1.0	1190000000000000.0
5800	360	-0.95	1180000000000000.0
5800	360	-0.9	1170000000000000.0
5800	360	-0.85	1160000000000000.0
5800	360	-0.8	1140000000000000.0
5800	360	-0.75	1140000000000000.0
5800	360	-0.7	1120000000000000.0
5800	360	-0.65	1110000000000000.0
5800	360	-0.6	1100000000000000.0
5800	360	-0.55	1090000000000000.0
5800	360	-0.5	1080000000000000.0
5800	360	-0.45	1060000000000000.0
5800	360	-0.4	1050000000000000.0
5800	360	-0.35	1040000000000000.0
5800	360	-0.3	1020000000000000.0
5800	360	-0.25	1010000000000000.0
5800	360	-0.2	994000000000000.0
5800	360	-0.15	979000000000000.0
5800	360	-0.1	964000000000000.0
5800	360	-0.05	948000000000000.0
5800	360	0.0	932000000000000.0
5800	360	0.05	916000000000000.0
5800	360	0.1	899000000000000.0
5800	360	0.15	883000000000000.0
5800	360	0.2	866000000000000.0
5800	360	0.25	849000000000000.0
5800	360	0.3	832000000000000.0
5800	360	0.35	814000000000000.0
5800	360	0.4	796000000000000.0
5800	360	0.45	778000000000000.0
5800	360	0.5	761000000000000.0
5800	360	0.6	725000000000000.0
5800	360	0.7	689000000000000.0
5800	360	0.8	654000000000000.0
5800	360	0.9	619000000000000.0
5800	365	-1.0	1380000000000000.0
5800	365	-0.95	1370000000000000.0
5800	365	-0.9	1370000000000000.0
5800	365	-0.85	1360000000000000.0
5800	365	-0.8	1350000000000000.0
5800	365	-0.75	1340000000000000.0
5800	365	-0.7	1340000000000000.0
5800	365	-0.65	1330000000000000.0
5800	365	-0.6	1320000000000000.0
5800	365	-0.55	1310000000000000.0
5800	365	-0.5	1300000000000000.0
5800	365	-0.45	1300000000000000.0
5800	365	-0.4	1290000000000000.0
5800	365	-0.35	1280000000000000.0
5800	365	-0.3	1270000000000000.0
5800	365	-0.25	1260000000000000.0
5800	365	-0.2	1250000000000000.0
5800	365	-0.15	1240000000000000.0
5800	365	-0.1	1230000000000000.0
5800	365	-0.05	1210000000000000.0
5800	365	0.0	1200000000000000.0
5800	365	0.05	1190000000000000.0
5800	365	0.1	1180000000000000.0
5800	365	0.15	1170000000000000.0
5800	365	0.2	1160000000000000.0
5800	365	0.25	1140000000000000.0
5800	365	0.3	1130000000000000.0
5800	365	0.35	1120000000000000.0
5800	365	0.4	1100000000000000.0
5800	365	0.45	1090000000000000.0
5800	365	0.5	1070000000000000.0
5800	365	0.6	1040000000000000.0
5800	365	0.7	1010000000000000.0
5800	365	0.8	980000000000000.0
5800	365	0.9	946000000000000.0
5800	370	-1.0	1320000000000000.0
5800	370	-0.95	1310000000000000.0
5800	370	-0.9	1310000000000000.0
5800	370	-0.85	1300000000000000.0
5800	370	-0.8	1290000000000000.0
5800	370	-0.75	1290000000000000.0
5800	370	-0.7	1280000000000000.0
5800	370	-0.65	1270000000000000.0
5800	370	-0.6	1260000000000000.0
5800	370	-0.55	1260000000000000.0
5800	370	-0.5	1250000000000000.0
5800	370	-0.45	1240000000000000.0
5800	370	-0.4	1230000000000000.0
5800	370	-0.35	1220000000000000.0
5800	370	-0.3	1210000000000000.0
5800	370	-0.25	1200000000000000.0
5800	370	-0.2	1190000000000000.0
5800	370	-0.15	1180000000000000.0
5800	370	-0.1	1170000000000000.0
5800	370	-0.05	1160000000000000.0
5800	370	0.0	1150000000000000.0
5800	370	0.05	1140000000000000.0
5800	370	0.1	1120000000000000.0
5800	370	0.15	1110000000000000.0
5800	370	0.2	1100000000000000.0
5800	370	0.25	1090000000000000.0
5800	370	0.3	1070000000000000.0
5800	370	0.35	1060000000000000.0
5800	370	0.4	1050000000000000.0
5800	370	0.45	1030000000000000.0
5800	370	0.5	1020000000000000.0
5800	370	0.6	992000000000000.0
5800	370	0.7	964000000000000.0
5800	370	0.8	933000000000000.0
5800	370	0.9	903000000000000.0
5800	375	-1.0	1330000000000000.0
5800	375	-0.95	1320000000000000.0
5800	375	-0.9	1310000000000000.0
5800	375	-0.85	1300000000000000.0
5800	375	-0.8	1290000000000000.0
5800	375	-0.75	1280000000000000.0
5800	375	-0.7	1270000000000000.0
5800	375	-0.65	1260000000000000.0
5800	375	-0.6	1250000000000000.0
5800	375	-0.55	1230000000000000.0
5800	375	-0.5	1220000000000000.0
5800	375	-0.45	1210000000000000.0
5800	375	-0.4	1190000000000000.0
5800	375	-0.35	1180000000000000.0
5800	375	-0.3	1170000000000000.0
5800	375	-0.25	1150000000000000.0
5800	375	-0.2	1140000000000000.0
5800	375	-0.15	1120000000000000.0
5800	375	-0.1	1110000000000000.0
5800	375	-0.05	1090000000000000.0
5800	375	0.0	1070000000000000.0
5800	375	0.05	1060000000000000.0
5800	375	0.1	1040000000000000.0
5800	375	0.15	1020000000000000.0
5800	375	0.2	1000000000000000.0
5800	375	0.25	984000000000000.0
5800	375	0.3	965000000000000.0
5800	375	0.35	946000000000000.0
5800	375	0.4	926000000000000.0
5800	375	0.45	907000000000000.0
5800	375	0.5	887000000000000.0
5800	375	0.6	847000000000000.0
5800	375	0.7	807000000000000.0
5800	375	0.8	767000000000000.0
5800	375	0.9	727000000000000.0
5800	380	-1.0	1550000000000000.0
5800	380	-0.95	1540000000000000.0
5800	380	-0.9	1540000000000000.0
5800	380	-0.85	1530000000000000.0
5800	380	-0.8	1520000000000000.0
5800	380	-0.75	1510000000000000.0
5800	380	-0.7	1500000000000000.0
5800	380	-0.65	1490000000000000.0
5800	380	-0.6	1470000000000000.0
5800	380	-0.55	1460000000000000.0
5800	380	-0.5	1450000000000000.0
5800	380	-0.45	1430000000000000.0
5800	380	-0.4	1420000000000000.0
5800	380	-0.35	1400000000000000.0
5800	380	-0.3	1380000000000000.0
5800	380	-0.25	1370000000000000.0
5800	380	-0.2	1350000000000000.0
5800	380	-0.15	1330000000000000.0
5800	380	-0.1	1310000000000000.0
5800	380	-0.05	1280000000000000.0
5800	380	0.0	1260000000000000.0
5800	380	0.05	1240000000000000.0
5800	380	0.1	1210000000000000.0
5800	380	0.15	1190000000000000.0
5800	380	0.2	1160000000000000.0
5800	380	0.25	1140000000000000.0
5800	380	0.3	1110000000000000.0
5800	380	0.35	1080000000000000.0
5800	380	0.4	1060000000000000.0
5800	380	0.45	1030000000000000.0
5800	380	0.5	1000000000000000.0
5800	380	0.6	945000000000000.0
5800	380	0.7	890000000000000.0
5800	380	0.8	836000000000000.0
5800	380	0.9	783000000000000.0
5800	385	-1.0	1470000000000000.0
5800	385	-0.95	1460000000000000.0
5800	385	-0.9	1440000000000000.0
5800	385	-0.85	1420000000000000.0
5800	385	-0.8	1400000000000000.0
5800	385	-0.75	1390000000000000.0
5800	385	-0.7	1370000000000000.0
5800	385	-0.65	1340000000000000.0
5800	385	-0.6	1320000000000000.0
5800	385	-0.55	1300000000000000.0
5800	385	-0.5	1270000000000000.0
5800	385	-0.45	1250000000000000.0
5800	385	-0.4	1220000000000000.0
5800	385	-0.35	1190000000000000.0
5800	385	-0.3	1160000000000000.0
5800	385	-0.25	1130000000000000.0
5800	385	-0.2	1100000000000000.0
5800	385	-0.15	1070000000000000.0
5800	385	-0.1	1040000000000000.0
5800	385	-0.05	1010000000000000.0
5800	385	0.0	981000000000000.0
5800	385	0.05	949000000000000.0
5800	385	0.1	918000000000000.0
5800	385	0.15	887000000000000.0
5800	385	0.2	856000000000000.0
5800	385	0.25	825000000000000.0
5800	385	0.3	795000000000000.0
5800	385	0.35	765000000000000.0
5800	385	0.4	736000000000000.0
5800	385	0.45	707000000000000.0
5800	385	0.5	679000000000000.0
5800	385	0.6	625000000000000.0
5800	385	0.7	576000000000000.0
5800	385	0.8	529000000000000.0
5800	385	0.9	486000000000000.0
5800	390	-1.0	1540000000000000.0
5800	390	-0.95	1530000000000000.0
5800	390	-0.9	1520000000000000.0
5800	390	-0.85	1510000000000000.0
5800	390	-0.8	1490000000000000.0
5800	390	-0.75	1480000000000000.0
5800	390	-0.7	1470000000000000.0
5800	390	-0.65	1460000000000000.0
5800	390	-0.6	1440000000000000.0
5800	390	-0.55	1430000000000000.0
5800	390	-0.5	1410000000000000.0
5800	390	-0.45	1400000000000000.0
5800	390	-0.4	1380000000000000.0
5800	390	-0.35	1370000000000000.0
5800	390	-0.3	1350000000000000.0
5800	390	-0.25	1340000000000000.0
5800	390	-0.2	1320000000000000.0
5800	390	-0.15	1310000000000000.0
5800	390	-0.1	1290000000000000.0
5800	390	-0.05	1270000000000000.0
5800	390	0.0	1260000000000000.0
5800	390	0.05	1240000000000000.0
5800	390	0.1	1230000000000000.0
5800	390	0.15	1210000000000000.0
5800	390	0.2	1190000000000000.0
5800	390	0.25	1180000000000000.0
5800	390	0.3	1160000000000000.0
5800	390	0.35	1140000000000000.0
5800	390	0.4	1120000000000000.0
5800	390	0.45	1110000000000000.0
5800	390	0.5	1090000000000000.0
5800	390	0.6	1060000000000000.0
5800	390	0.7	1020000000000000.0
5800	390	0.8	986000000000000.0
5800	390	0.9	951000000000000.0
5800	395	-1.0	1250000000000000.0
5800	395	-0.95	1230000000000000.0
5800	395	-0.9	1210000000000000.0
5800	395	-0.85	1190000000000000.0
5800	395	-0.8	1180000000000000.0
5800	395	-0.75	1160000000000000.0
5800	395	-0.7	1140000000000000.0
5800	395	-0.65	1130000000000000.0
5800	395	-0.6	1110000000000000.0
5800	395	-0.55	1090000000000000.0
5800	395	-0.5	1080000000000000.0
5800	395	-0.45	1060000000000000.0
5800	395	-0.4	1040000000000000.0
5800	395	-0.35	1030000000000000.0
5800	395	-0.3	1010000000000000.0
5800	395	-0.25	998000000000000.0
5800	395	-0.2	982000000000000.0
5800	395	-0.15	967000000000000.0
5800	395	-0.1	952000000000000.0
5800	395	-0.05	937000000000000.0
5800	395	0.0	922000000000000.0
5800	395	0.05	907000000000000.0
5800	395	0.1	893000000000000.0
5800	395	0.15	878000000000000.0
5800	395	0.2	864000000000000.0
5800	395	0.25	850000000000000.0
5800	395	0.3	835000000000000.0
5800	395	0.35	821000000000000.0
5800	395	0.4	807000000000000.0
5800	395	0.45	793000000000000.0
5800	395	0.5	779000000000000.0
5800	395	0.6	752000000000000.0
5800	395	0.7	725000000000000.0
5800	395	0.8	698000000000000.0
5800	395	0.9	672000000000000.0
5800	400	-1.0	1840000000000000.0
5800	400	-0.95	1830000000000000.0
5800	400	-0.9	1830000000000000.0
5800	400	-0.85	1830000000000000.0
5800	400	-0.8	1820000000000000.0
5800	400	-0.75	1820000000000000.0
5800	400	-0.7	1820000000000000.0
5800	400	-0.65	1810000000000000.0
5800	400	-0.6	1810000000000000.0
5800	400	-0.55	1800000000000000.0
5800	400	-0.5	1800000000000000.0
5800	400	-0.45	1790000000000000.0
5800	400	-0.4	1780000000000000.0
5800	400	-0.35	1770000000000000.0
5800	400	-0.3	1770000000000000.0
5800	400	-0.25	1760000000000000.0
5800	400	-0.2	1750000000000000.0
5800	400	-0.15	1740000000000000.0
5800	400	-0.1	1730000000000000.0
5800	400	-0.05	1720000000000000.0
5800	400	0.0	1710000000000000.0
5800	400	0.05	1700000000000000.0
5800	400	0.1	1690000000000000.0
5800	400	0.15	1680000000000000.0
5800	400	0.2	1670000000000000.0
5800	400	0.25	1660000000000000.0
5800	400	0.3	1640000000000000.0
5800	400	0.35	1630000000000000.0
5800	400	0.4	1620000000000000.0
5800	400	0.45	1600000000000000.0
5800	400	0.5	1590000000000000.0
5800	400	0.6	1560000000000000.0
5800	400	0.7	1520000000000000.0
5800	400	0.8	1490000000000000.0
5800	400	0.9	1450000000000000.0
5800	405	-1.0	1870000000000000.0
5800	405	-0.95	1870000000000000.0
5800	405	-0.9	1860000000000000.0
5800	405	-0.85	1860000000000000.0
5800	405	-0.8	1860000000000000.0
5800	405	-0.75	1850000000000000.0
5800	405	-0.7	1850000000000000.0
5800	405	-0.65	1850000000000000.0
5800	405	-0.6	1840000000000000.0
5800	405	-0.55	1830000000000000.0
5800	405	-0.5	1830000000000000.0
5800	405	-0.45	1820000000000000.0
5800	405	-0.4	1820000000000000.0
5800	405	-0.35	1810000000000000.0
5800	405	-0.3	1800000000000000.0
5800	405	-0.25	1790000000000000.0
5800	405	-0.2	1780000000000000.0
5800	405	-0.15	1780000000000000.0
5800	405	-0.1	1770000000000000.0
5800	405	-0.05	1760000000000000.0
5800	405	0.0	1740000000000000.0
5800	405	0.05	1730000000000000.0
5800	405	0.1	1720000000000000.0
5800	405	0.15	1710000000000000.0
5800	405	0.2	1700000000000000.0
5800	405	0.25	1680000000000000.0
5800	405	0.3	1670000000000000.0
5800	405	0.35	1650000000000000.0
5800	405	0.4	1640000000000000.0
5800	405	0.45	1620000000000000.0
5800	405	0.5	1600000000000000.0
5800	405	0.6	1570000000000000.0
5800	405	0.7	1530000000000000.0
5800	405	0.8	1490000000000000.0
5800	405	0.9	1450000000000000.0
5800	410	-1.0	1920000000000000.0
5800	410	-0.95	1920000000000000.0
5800	410	-0.9	1920000000000000.0
5800	410	-0.85	1920000000000000.0
5800	410	-0.8	1920000000000000.0
5800	410	-0.75	1920000000000000.0
5800	410	-0.7	1920000000000000.0
5800	410	-0.65	1920000000000000.0
5800	410	-0.6	1920000000000000.0
5800	410	-0.55	1920000000000000.0
5800	410	-0.5	1920000000000000.0
5800	410	-0.45	1920000000000000.0
5800	410	-0.4	1920000000000000.0
5800	410	-0.35	1910000000000000.0
5800	410	-0.3	1910000000000000.0
5800	410	-0.25	1910000000000000.0
5800	410	-0.2	1900000000000000.0
5800	410	-0.15	1900000000000000.0
5800	410	-0.1	1890000000000000.0
5800	410	-0.05	1890000000000000.0
5800	410	0.0	1880000000000000.0
5800	410	0.05	1870000000000000.0
5800	410	0.1	1870000000000000.0
5800	410	0.15	1860000000000000.0
5800	410	0.2	1850000000000000.0
5800	410	0.25	1840000000000000.0
5800	410	0.3	1830000000000000.0
5800	410	0.35	1820000000000000.0
5800	410	0.4	1800000000000000.0
5800	410	0.45	1790000000000000.0
5800	410	0.5	1770000000000000.0
5800	410	0.6	1740000000000000.0
5800	410	0.7	1710000000000000.0
5800	410	0.8	1670000000000000.0
5800	410	0.9	1630000000000000.0
5800	415	-1.0	1990000000000000.0
5800	415	-0.95	1990000000000000.0
5800	415	-0.9	1990000000000000.0
5800	415	-0.85	1990000000000000.0
5800	415	-0.8	1990000000000000.0
5800	415	-0.75	1990000000000000.0
5800	415	-0.7	1990000000000000.0
5800	415	-0.65	1990000000000000.0
5800	415	-0.6	1990000000000000.0
5800	415	-0.55	1990000000000000.0
5800	415	-0.5	1980000000000000.0
5800	415	-0.45	1980000000000000.0
5800	415	-0.4	1980000000000000.0
5800	415	-0.35	1970000000000000.0
5800	415	-0.3	1970000000000000.0
5800	415	-0.25	1960000000000000.0
5800	415	-0.2	1960000000000000.0
5800	415	-0.15	1950000000000000.0
5800	415	-0.1	1940000000000000.0
5800	415	-0.05	1930000000000000.0
5800	415	0.0	1920000000000000.0
5800	415	0.05	1910000000000000.0
5800	415	0.1	1890000000000000.0
5800	415	0.15	1880000000000000.0
5800	415	0.2	1860000000000000.0
5800	415	0.25	1840000000000000.0
5800	415	0.3	1830000000000000.0
5800	415	0.35	1810000000000000.0
5800	415	0.4	1790000000000000.0
5800	415	0.45	1760000000000000.0
5800	415	0.5	1740000000000000.0
5800	415	0.6	1690000000000000.0
5800	415	0.7	1630000000000000.0
5800	415	0.8	1580000000000000.0
5800	415	0.9	1510000000000000.0
5800	420	-1.0	1960000000000000.0
5800	420	-0.95	1960000000000000.0
5800	420	-0.9	1960000000000000.0
5800	420	-0.85	1950000000000000.0
5800	420	-0.8	1950000000000000.0
5800	420	-0.75	1950000000000000.0
5800	420	-0.7	1950000000000000.0
5800	420	-0.65	1950000000000000.0
5800	420	-0.6	1950000000000000.0
5800	420	-0.55	1940000000000000.0
5800	420	-0.5	1940000000000000.0
5800	420	-0.45	1940000000000000.0
5800	420	-0.4	1940000000000000.0
5800	420	-0.35	1930000000000000.0
5800	420	-0.3	1930000000000000.0
5800	420	-0.25	1920000000000000.0
5800	420	-0.2	1910000000000000.0
5800	420	-0.15	1910000000000000.0
5800	420	-0.1	1900000000000000.0
5800	420	-0.05	1890000000000000.0
5800	420	0.0	1880000000000000.0
5800	420	0.05	1870000000000000.0
5800	420	0.1	1870000000000000.0
5800	420	0.15	1850000000000000.0
5800	420	0.2	1840000000000000.0
5800	420	0.25	1830000000000000.0
5800	420	0.3	1820000000000000.0
5800	420	0.35	1800000000000000.0
5800	420	0.4	1790000000000000.0
5800	420	0.45	1770000000000000.0
5800	420	0.5	1750000000000000.0
5800	420	0.6	1720000000000000.0
5800	420	0.7	1680000000000000.0
5800	420	0.8	1640000000000000.0
5800	420	0.9	1600000000000000.0
5800	425	-1.0	1890000000000000.0
5800	425	-0.95	1880000000000000.0
5800	425	-0.9	1880000000000000.0
5800	425	-0.85	1870000000000000.0
5800	425	-0.8	1870000000000000.0
5800	425	-0.75	1860000000000000.0
5800	425	-0.7	1860000000000000.0
5800	425	-0.65	1850000000000000.0
5800	425	-0.6	1850000000000000.0
5800	425	-0.55	1840000000000000.0
5800	425	-0.5	1840000000000000.0
5800	425	-0.45	1830000000000000.0
5800	425	-0.4	1830000000000000.0
5800	425	-0.35	1820000000000000.0
5800	425	-0.3	1820000000000000.0
5800	425	-0.25	1810000000000000.0
5800	425	-0.2	1810000000000000.0
5800	425	-0.15	1800000000000000.0
5800	425	-0.1	1800000000000000.0
5800	425	-0.05	1790000000000000.0
5800	425	0.0	1790000000000000.0
5800	425	0.05	1780000000000000.0
5800	425	0.1	1780000000000000.0
5800	425	0.15	1770000000000000.0
5800	425	0.2	1770000000000000.0
5800	425	0.25	1760000000000000.0
5800	425	0.3	1750000000000000.0
5800	425	0.35	1750000000000000.0
5800	425	0.4	1740000000000000.0
5800	425	0.45	1730000000000000.0
5800	425	0.5	1720000000000000.0
5800	425	0.6	1710000000000000.0
5800	425	0.7	1690000000000000.0
5800	425	0.8	1670000000000000.0
5800	425	0.9	1650000000000000.0
5800	430	-1.0	1720000000000000.0
5800	430	-0.95	1710000000000000.0
5800	430	-0.9	1700000000000000.0
5800	430	-0.85	1690000000000000.0
5800	430	-0.8	1680000000000000.0
5800	430	-0.75	1670000000000000.0
5800	430	-0.7	1660000000000000.0
5800	430	-0.65	1650000000000000.0
5800	430	-0.6	1650000000000000.0
5800	430	-0.55	1640000000000000.0
5800	430	-0.5	1630000000000000.0
5800	430	-0.45	1620000000000000.0
5800	430	-0.4	1620000000000000.0
5800	430	-0.35	1610000000000000.0
5800	430	-0.3	1610000000000000.0
5800	430	-0.25	1600000000000000.0
5800	430	-0.2	1590000000000000.0
5800	430	-0.15	1590000000000000.0
5800	430	-0.1	1580000000000000.0
5800	430	-0.05	1580000000000000.0
5800	430	0.0	1570000000000000.0
5800	430	0.05	1570000000000000.0
5800	430	0.1	1560000000000000.0
5800	430	0.15	1560000000000000.0
5800	430	0.2	1550000000000000.0
5800	430	0.25	1550000000000000.0
5800	430	0.3	1540000000000000.0
5800	430	0.35	1540000000000000.0
5800	430	0.4	1530000000000000.0
5800	430	0.45	1530000000000000.0
5800	430	0.5	1520000000000000.0
5800	430	0.6	1510000000000000.0
5800	430	0.7	1500000000000000.0
5800	430	0.8	1490000000000000.0
5800	430	0.9	1480000000000000.0
5800	435	-1.0	1970000000000000.0
5800	435	-0.95	1970000000000000.0
5800	435	-0.9	1960000000000000.0
5800	435	-0.85	1970000000000000.0
5800	435	-0.8	1960000000000000.0
5800	435	-0.75	1960000000000000.0
5800	435	-0.7	1960000000000000.0
5800	435	-0.65	1950000000000000.0
5800	435	-0.6	1950000000000000.0
5800	435	-0.55	1950000000000000.0
5800	435	-0.5	1950000000000000.0
5800	435	-0.45	1950000000000000.0
5800	435	-0.4	1950000000000000.0
5800	435	-0.35	1950000000000000.0
5800	435	-0.3	1940000000000000.0
5800	435	-0.25	1940000000000000.0
5800	435	-0.2	1940000000000000.0
5800	435	-0.15	1940000000000000.0
5800	435	-0.1	1940000000000000.0
5800	435	-0.05	1940000000000000.0
5800	435	0.0	1940000000000000.0
5800	435	0.05	1940000000000000.0
5800	435	0.1	1940000000000000.0
5800	435	0.15	1930000000000000.0
5800	435	0.2	1930000000000000.0
5800	435	0.25	1930000000000000.0
5800	435	0.3	1930000000000000.0
5800	435	0.35	1930000000000000.0
5800	435	0.4	1920000000000000.0
5800	435	0.45	1920000000000000.0
5800	435	0.5	1920000000000000.0
5800	435	0.6	1910000000000000.0
5800	435	0.7	1900000000000000.0
5800	435	0.8	1890000000000000.0
5800	435	0.9	1880000000000000.0
5800	440	-1.0	2030000000000000.0
5800	440	-0.95	2030000000000000.0
5800	440	-0.9	2030000000000000.0
5800	440	-0.85	2020000000000000.0
5800	440	-0.8	2020000000000000.0
5800	440	-0.75	2020000000000000.0
5800	440	-0.7	2020000000000000.0
5800	440	-0.65	2010000000000000.0
5800	440	-0.6	2010000000000000.0
5800	440	-0.55	2010000000000000.0
5800	440	-0.5	2000000000000000.0
5800	440	-0.45	2000000000000000.0
5800	440	-0.4	2000000000000000.0
5800	440	-0.35	2000000000000000.0
5800	440	-0.3	1990000000000000.0
5800	440	-0.25	1990000000000000.0
5800	440	-0.2	1990000000000000.0
5800	440	-0.15	1990000000000000.0
5800	440	-0.1	1980000000000000.0
5800	440	-0.05	1980000000000000.0
5800	440	0.0	1980000000000000.0
5800	440	0.05	1980000000000000.0
5800	440	0.1	1980000000000000.0
5800	440	0.15	1970000000000000.0
5800	440	0.2	1970000000000000.0
5800	440	0.25	1970000000000000.0
5800	440	0.3	1970000000000000.0
5800	440	0.35	1970000000000000.0
5800	440	0.4	1960000000000000.0
5800	440	0.45	1960000000000000.0
5800	440	0.5	1960000000000000.0
5800	440	0.6	1950000000000000.0
5800	440	0.7	1950000000000000.0
5800	440	0.8	1940000000000000.0
5800	440	0.9	1940000000000000.0
5800	445	-1.0	2160000000000000.0
5800	445	-0.95	2160000000000000.0
5800	445	-0.9	2160000000000000.0
5800	445	-0.85	2160000000000000.0
5800	445	-0.8	2160000000000000.0
5800	445	-0.75	2170000000000000.0
5800	445	-0.7	2170000000000000.0
5800	445	-0.65	2170000000000000.0
5800	445	-0.6	2170000000000000.0
5800	445	-0.55	2170000000000000.0
5800	445	-0.5	2170000000000000.0
5800	445	-0.45	2170000000000000.0
5800	445	-0.4	2170000000000000.0
5800	445	-0.35	2170000000000000.0
5800	445	-0.3	2170000000000000.0
5800	445	-0.25	2170000000000000.0
5800	445	-0.2	2170000000000000.0
5800	445	-0.15	2170000000000000.0
5800	445	-0.1	2170000000000000.0
5800	445	-0.05	2160000000000000.0
5800	445	0.0	2160000000000000.0
5800	445	0.05	2160000000000000.0
5800	445	0.1	2160000000000000.0
5800	445	0.15	2150000000000000.0
5800	445	0.2	2150000000000000.0
5800	445	0.25	2150000000000000.0
5800	445	0.3	2140000000000000.0
5800	445	0.35	2140000000000000.0
5800	445	0.4	2130000000000000.0
5800	445	0.45	2130000000000000.0
5800	445	0.5	2120000000000000.0
5800	445	0.6	2110000000000000.0
5800	445	0.7	2090000000000000.0
5800	445	0.8	2080000000000000.0
5800	445	0.9	2060000000000000.0
5800	450	-1.0	2260000000000000.0
5800	450	-0.95	2270000000000000.0
5800	450	-0.9	2270000000000000.0
5800	450	-0.85	2290000000000000.0
5800	450	-0.8	2300000000000000.0
5800	450	-0.75	2290000000000000.0
5800	450	-0.7	2300000000000000.0
5800	450	-0.65	2310000000000000.0
5800	450	-0.6	2320000000000000.0
5800	450	-0.55	2320000000000000.0
5800	450	-0.5	2330000000000000.0
5800	450	-0.45	2340000000000000.0
5800	450	-0.4	2340000000000000.0
5800	450	-0.35	2350000000000000.0
5800	450	-0.3	2360000000000000.0
5800	450	-0.25	2360000000000000.0
5800	450	-0.2	2370000000000000.0
5800	450	-0.15	2380000000000000.0
5800	450	-0.1	2380000000000000.0
5800	450	-0.05	2390000000000000.0
5800	450	0.0	2390000000000000.0
5800	450	0.05	2400000000000000.0
5800	450	0.1	2400000000000000.0
5800	450	0.15	2410000000000000.0
5800	450	0.2	2410000000000000.0
5800	450	0.25	2420000000000000.0
5800	450	0.3	2420000000000000.0
5800	450	0.35	2420000000000000.0
5800	450	0.4	2430000000000000.0
5800	450	0.45	2430000000000000.0
5800	450	0.5	2430000000000000.0
5800	450	0.6	2430000000000000.0
5800	450	0.7	2430000000000000.0
5800	450	0.8	2430000000000000.0
5800	450	0.9	2420000000000000.0
5800	455	-1.0	2260000000000000.0
5800	455	-0.95	2260000000000000.0
5800	455	-0.9	2270000000000000.0
5800	455	-0.85	2270000000000000.0
5800	455	-0.8	2280000000000000.0
5800	455	-0.75	2290000000000000.0
5800	455	-0.7	2290000000000000.0
5800	455	-0.65	2300000000000000.0
5800	455	-0.6	2310000000000000.0
5800	455	-0.55	2310000000000000.0
5800	455	-0.5	2320000000000000.0
5800	455	-0.45	2320000000000000.0
5800	455	-0.4	2330000000000000.0
5800	455	-0.35	2340000000000000.0
5800	455	-0.3	2340000000000000.0
5800	455	-0.25	2350000000000000.0
5800	455	-0.2	2350000000000000.0
5800	455	-0.15	2360000000000000.0
5800	455	-0.1	2360000000000000.0
5800	455	-0.05	2360000000000000.0
5800	455	0.0	2370000000000000.0
5800	455	0.05	2370000000000000.0
5800	455	0.1	2380000000000000.0
5800	455	0.15	2380000000000000.0
5800	455	0.2	2380000000000000.0
5800	455	0.25	2380000000000000.0
5800	455	0.3	2380000000000000.0
5800	455	0.35	2380000000000000.0
5800	455	0.4	2390000000000000.0
5800	455	0.45	2390000000000000.0
5800	455	0.5	2390000000000000.0
5800	455	0.6	2380000000000000.0
5800	455	0.7	2380000000000000.0
5800	455	0.8	2370000000000000.0
5800	455	0.9	2360000000000000.0
5800	460	-1.0	2310000000000000.0
5800	460	-0.95	2310000000000000.0
5800	460	-0.9	2320000000000000.0
5800	460	-0.85	2330000000000000.0
5800	460	-0.8	2330000000000000.0
5800	460	-0.75	2340000000000000.0
5800	460	-0.7	2350000000000000.0
5800	460	-0.65	2360000000000000.0
5800	460	-0.6	2360000000000000.0
5800	460	-0.55	2370000000000000.0
5800	460	-0.5	2380000000000000.0
5800	460	-0.45	2380000000000000.0
5800	460	-0.4	2390000000000000.0
5800	460	-0.35	2400000000000000.0
5800	460	-0.3	2400000000000000.0
5800	460	-0.25	2410000000000000.0
5800	460	-0.2	2410000000000000.0
5800	460	-0.15	2420000000000000.0
5800	460	-0.1	2420000000000000.0
5800	460	-0.05	2430000000000000.0
5800	460	0.0	2430000000000000.0
5800	460	0.05	2440000000000000.0
5800	460	0.1	2440000000000000.0
5800	460	0.15	2450000000000000.0
5800	460	0.2	2450000000000000.0
5800	460	0.25	2450000000000000.0
5800	460	0.3	2460000000000000.0
5800	460	0.35	2460000000000000.0
5800	460	0.4	2460000000000000.0
5800	460	0.45	2460000000000000.0
5800	460	0.5	2460000000000000.0
5800	460	0.6	2460000000000000.0
5800	460	0.7	2460000000000000.0
5800	460	0.8	2460000000000000.0
5800	460	0.9	2450000000000000.0
5800	465	-1.0	2330000000000000.0
5800	465	-0.95	2340000000000000.0
5800	465	-0.9	2350000000000000.0
5800	465	-0.85	2360000000000000.0
5800	465	-0.8	2370000000000000.0
5800	465	-0.75	2370000000000000.0
5800	465	-0.7	2380000000000000.0
5800	465	-0.65	2380000000000000.0
5800	465	-0.6	2390000000000000.0
5800	465	-0.55	2400000000000000.0
5800	465	-0.5	2400000000000000.0
5800	465	-0.45	2410000000000000.0
5800	465	-0.4	2420000000000000.0
5800	465	-0.35	2420000000000000.0
5800	465	-0.3	2430000000000000.0
5800	465	-0.25	2430000000000000.0
5800	465	-0.2	2440000000000000.0
5800	465	-0.15	2440000000000000.0
5800	465	-0.1	2450000000000000.0
5800	465	-0.05	2450000000000000.0
5800	465	0.0	2450000000000000.0
5800	465	0.05	2450000000000000.0
5800	465	0.1	2460000000000000.0
5800	465	0.15	2460000000000000.0
5800	465	0.2	2460000000000000.0
5800	465	0.25	2460000000000000.0
5800	465	0.3	2460000000000000.0
5800	465	0.35	2460000000000000.0
5800	465	0.4	2450000000000000.0
5800	465	0.45	2450000000000000.0
5800	465	0.5	2450000000000000.0
5800	465	0.6	2440000000000000.0
5800	465	0.7	2430000000000000.0
5800	465	0.8	2410000000000000.0
5800	465	0.9	2390000000000000.0
5800	470	-1.0	2360000000000000.0
5800	470	-0.95	2370000000000000.0
5800	470	-0.9	2380000000000000.0
5800	470	-0.85	2380000000000000.0
5800	470	-0.8	2390000000000000.0
5800	470	-0.75	2400000000000000.0
5800	470	-0.7	2410000000000000.0
5800	470	-0.65	2410000000000000.0
5800	470	-0.6	2420000000000000.0
5800	470	-0.55	2430000000000000.0
5800	470	-0.5	2440000000000000.0
5800	470	-0.45	2440000000000000.0
5800	470	-0.4	2450000000000000.0
5800	470	-0.35	2450000000000000.0
5800	470	-0.3	2460000000000000.0
5800	470	-0.25	2460000000000000.0
5800	470	-0.2	2470000000000000.0
5800	470	-0.15	2470000000000000.0
5800	470	-0.1	2480000000000000.0
5800	470	-0.05	2480000000000000.0
5800	470	0.0	2480000000000000.0
5800	470	0.05	2490000000000000.0
5800	470	0.1	2490000000000000.0
5800	470	0.15	2490000000000000.0
5800	470	0.2	2490000000000000.0
5800	470	0.25	2490000000000000.0
5800	470	0.3	2490000000000000.0
5800	470	0.35	2490000000000000.0
5800	470	0.4	2490000000000000.0
5800	470	0.45	2480000000000000.0
5800	470	0.5	2480000000000000.0
5800	470	0.6	2470000000000000.0
5800	470	0.7	2460000000000000.0
5800	470	0.8	2440000000000000.0
5800	470	0.9	2420000000000000.0
5800	475	-1.0	2380000000000000.0
5800	475	-0.95	2390000000000000.0
5800	475	-0.9	2400000000000000.0
5800	475	-0.85	2410000000000000.0
5800	475	-0.8	2420000000000000.0
5800	475	-0.75	2420000000000000.0
5800	475	-0.7	2430000000000000.0
5800	475	-0.65	2440000000000000.0
5800	475	-0.6	2450000000000000.0
5800	475	-0.55	2460000000000000.0
5800	475	-0.5	2470000000000000.0
5800	475	-0.45	2480000000000000.0
5800	475	-0.4	2480000000000000.0
5800	475	-0.35	2490000000000000.0
5800	475	-0.3	2500000000000000.0
5800	475	-0.25	2510000000000000.0
5800	475	-0.2	2520000000000000.0
5800	475	-0.15	2520000000000000.0
5800	475	-0.1	2530000000000000.0
5800	475	-0.05	2540000000000000.0
5800	475	0.0	2540000000000000.0
5800	475	0.05	2550000000000000.0
5800	475	0.1	2560000000000000.0
5800	475	0.15	2560000000000000.0
5800	475	0.2	2570000000000000.0
5800	475	0.25	2570000000000000.0
5800	475	0.3	2580000000000000.0
5800	475	0.35	2580000000000000.0
5800	475	0.4	2590000000000000.0
5800	475	0.45	2590000000000000.0
5800	475	0.5	2590000000000000.0
5800	475	0.6	2600000000000000.0
5800	475	0.7	2600000000000000.0
5800	475	0.8	2600000000000000.0
5800	475	0.9	2600000000000000.0
5800	480	-1.0	2400000000000000.0
5800	480	-0.95	2410000000000000.0
5800	480	-0.9	2420000000000000.0
5800	480	-0.85	2440000000000000.0
5800	480	-0.8	2440000000000000.0
5800	480	-0.75	2450000000000000.0
5800	480	-0.7	2460000000000000.0
5800	480	-0.65	2470000000000000.0
5800	480	-0.6	2480000000000000.0
5800	480	-0.55	2490000000000000.0
5800	480	-0.5	2500000000000000.0
5800	480	-0.45	2510000000000000.0
5800	480	-0.4	2520000000000000.0
5800	480	-0.35	2530000000000000.0
5800	480	-0.3	2530000000000000.0
5800	480	-0.25	2540000000000000.0
5800	480	-0.2	2550000000000000.0
5800	480	-0.15	2560000000000000.0
5800	480	-0.1	2570000000000000.0
5800	480	-0.05	2580000000000000.0
5800	480	0.0	2590000000000000.0
5800	480	0.05	2600000000000000.0
5800	480	0.1	2600000000000000.0
5800	480	0.15	2610000000000000.0
5800	480	0.2	2620000000000000.0
5800	480	0.25	2630000000000000.0
5800	480	0.3	2640000000000000.0
5800	480	0.35	2640000000000000.0
5800	480	0.4	2650000000000000.0
5800	480	0.45	2660000000000000.0
5800	480	0.5	2660000000000000.0
5800	480	0.6	2670000000000000.0
5800	480	0.7	2680000000000000.0
5800	480	0.8	2690000000000000.0
5800	480	0.9	2700000000000000.0
5800	485	-1.0	2310000000000000.0
5800	485	-0.95	2320000000000000.0
5800	485	-0.9	2320000000000000.0
5800	485	-0.85	2330000000000000.0
5800	485	-0.8	2340000000000000.0
5800	485	-0.75	2340000000000000.0
5800	485	-0.7	2350000000000000.0
5800	485	-0.65	2360000000000000.0
5800	485	-0.6	2360000000000000.0
5800	485	-0.55	2370000000000000.0
5800	485	-0.5	2380000000000000.0
5800	485	-0.45	2380000000000000.0
5800	485	-0.4	2390000000000000.0
5800	485	-0.35	2400000000000000.0
5800	485	-0.3	2400000000000000.0
5800	485	-0.25	2410000000000000.0
5800	485	-0.2	2410000000000000.0
5800	485	-0.15	2420000000000000.0
5800	485	-0.1	2430000000000000.0
5800	485	-0.05	2430000000000000.0
5800	485	0.0	2440000000000000.0
5800	485	0.05	2440000000000000.0
5800	485	0.1	2450000000000000.0
5800	485	0.15	2450000000000000.0
5800	485	0.2	2460000000000000.0
5800	485	0.25	2460000000000000.0
5800	485	0.3	2460000000000000.0
5800	485	0.35	2470000000000000.0
5800	485	0.4	2470000000000000.0
5800	485	0.45	2470000000000000.0
5800	485	0.5	2480000000000000.0
5800	485	0.6	2480000000000000.0
5800	485	0.7	2490000000000000.0
5800	485	0.8	2490000000000000.0
5800	485	0.9	2500000000000000.0
5800	490	-1.0	2390000000000000.0
5800	490	-0.95	2390000000000000.0
5800	490	-0.9	2400000000000000.0
5800	490	-0.85	2410000000000000.0
5800	490	-0.8	2410000000000000.0
5800	490	-0.75	2420000000000000.0
5800	490	-0.7	2430000000000000.0
5800	490	-0.65	2430000000000000.0
5800	490	-0.6	2440000000000000.0
5800	490	-0.55	2440000000000000.0
5800	490	-0.5	2450000000000000.0
5800	490	-0.45	2460000000000000.0
5800	490	-0.4	2460000000000000.0
5800	490	-0.35	2470000000000000.0
5800	490	-0.3	2470000000000000.0
5800	490	-0.25	2480000000000000.0
5800	490	-0.2	2480000000000000.0
5800	490	-0.15	2490000000000000.0
5800	490	-0.1	2500000000000000.0
5800	490	-0.05	2500000000000000.0
5800	490	0.0	2510000000000000.0
5800	490	0.05	2510000000000000.0
5800	490	0.1	2520000000000000.0
5800	490	0.15	2520000000000000.0
5800	490	0.2	2520000000000000.0
5800	490	0.25	2530000000000000.0
5800	490	0.3	2530000000000000.0
5800	490	0.35	2540000000000000.0
5800	490	0.4	2540000000000000.0
5800	490	0.45	2540000000000000.0
5800	490	0.5	2550000000000000.0
5800	490	0.6	2550000000000000.0
5800	490	0.7	2560000000000000.0
5800	490	0.8	2560000000000000.0
5800	490	0.9	2560000000000000.0
5800	495	-1.0	2420000000000000.0
5800	495	-0.95	2430000000000000.0
5800	495	-0.9	2430000000000000.0
5800	495	-0.85	2450000000000000.0
5800	495	-0.8	2450000000000000.0
5800	495	-0.75	2460000000000000.0
5800	495	-0.7	2470000000000000.0
5800	495	-0.65	2480000000000000.0
5800	495	-0.6	2480000000000000.0
5800	495	-0.55	2490000000000000.0
5800	495	-0.5	2500000000000000.0
5800	495	-0.45	2510000000000000.0
5800	495	-0.4	2520000000000000.0
5800	495	-0.35	2530000000000000.0
5800	495	-0.3	2540000000000000.0
5800	495	-0.25	2540000000000000.0
5800	495	-0.2	2550000000000000.0
5800	495	-0.15	2560000000000000.0
5800	495	-0.1	2570000000000000.0
5800	495	-0.05	2580000000000000.0
5800	495	0.0	2590000000000000.0
5800	495	0.05	2600000000000000.0
5800	495	0.1	2600000000000000.0
5800	495	0.15	2610000000000000.0
5800	495	0.2	2620000000000000.0
5800	495	0.25	2630000000000000.0
5800	495	0.3	2640000000000000.0
5800	495	0.35	2650000000000000.0
5800	495	0.4	2650000000000000.0
5800	495	0.45	2660000000000000.0
5800	495	0.5	2670000000000000.0
5800	495	0.6	2680000000000000.0
5800	495	0.7	2700000000000000.0
5800	495	0.8	2710000000000000.0
5800	495	0.9	2720000000000000.0
5800	500	-1.0	2390000000000000.0
5800	500	-0.95	2390000000000000.0
5800	500	-0.9	2400000000000000.0
5800	500	-0.85	2410000000000000.0
5800	500	-0.8	2420000000000000.0
5800	500	-0.75	2410000000000000.0
5800	500	-0.7	2420000000000000.0
5800	500	-0.65	2420000000000000.0
5800	500	-0.6	2430000000000000.0
5800	500	-0.55	2430000000000000.0
5800	500	-0.5	2440000000000000.0
5800	500	-0.45	2440000000000000.0
5800	500	-0.4	2440000000000000.0
5800	500	-0.35	2450000000000000.0
5800	500	-0.3	2450000000000000.0
5800	500	-0.25	2460000000000000.0
5800	500	-0.2	2460000000000000.0
5800	500	-0.15	2460000000000000.0
5800	500	-0.1	2460000000000000.0
5800	500	-0.05	2470000000000000.0
5800	500	0.0	2470000000000000.0
5800	500	0.05	2470000000000000.0
5800	500	0.1	2470000000000000.0
5800	500	0.15	2470000000000000.0
5800	500	0.2	2470000000000000.0
5800	500	0.25	2470000000000000.0
5800	500	0.3	2470000000000000.0
5800	500	0.35	2470000000000000.0
5800	500	0.4	2470000000000000.0
5800	500	0.45	2470000000000000.0
5800	500	0.5	2470000000000000.0
5800	500	0.6	2470000000000000.0
5800	500	0.7	2460000000000000.0
5800	500	0.8	2460000000000000.0
5800	500	0.9	2450000000000000.0
5800	505	-1.0	2440000000000000.0
5800	505	-0.95	2440000000000000.0
5800	505	-0.9	2450000000000000.0
5800	505	-0.85	2470000000000000.0
5800	505	-0.8	2470000000000000.0
5800	505	-0.75	2470000000000000.0
5800	505	-0.7	2480000000000000.0
5800	505	-0.65	2490000000000000.0
5800	505	-0.6	2490000000000000.0
5800	505	-0.55	2500000000000000.0
5800	505	-0.5	2510000000000000.0
5800	505	-0.45	2510000000000000.0
5800	505	-0.4	2520000000000000.0
5800	505	-0.35	2530000000000000.0
5800	505	-0.3	2530000000000000.0
5800	505	-0.25	2540000000000000.0
5800	505	-0.2	2540000000000000.0
5800	505	-0.15	2550000000000000.0
5800	505	-0.1	2550000000000000.0
5800	505	-0.05	2560000000000000.0
5800	505	0.0	2560000000000000.0
5800	505	0.05	2570000000000000.0
5800	505	0.1	2570000000000000.0
5800	505	0.15	2580000000000000.0
5800	505	0.2	2580000000000000.0
5800	505	0.25	2590000000000000.0
5800	505	0.3	2590000000000000.0
5800	505	0.35	2590000000000000.0
5800	505	0.4	2600000000000000.0
5800	505	0.45	2600000000000000.0
5800	505	0.5	2600000000000000.0
5800	505	0.6	2600000000000000.0
5800	505	0.7	2600000000000000.0
5800	505	0.8	2600000000000000.0
5800	505	0.9	2600000000000000.0
5800	510	-1.0	2450000000000000.0
5800	510	-0.95	2460000000000000.0
5800	510	-0.9	2460000000000000.0
5800	510	-0.85	2470000000000000.0
5800	510	-0.8	2480000000000000.0
5800	510	-0.75	2490000000000000.0
5800	510	-0.7	2490000000000000.0
5800	510	-0.65	2500000000000000.0
5800	510	-0.6	2510000000000000.0
5800	510	-0.55	2520000000000000.0
5800	510	-0.5	2520000000000000.0
5800	510	-0.45	2530000000000000.0
5800	510	-0.4	2540000000000000.0
5800	510	-0.35	2540000000000000.0
5800	510	-0.3	2550000000000000.0
5800	510	-0.25	2560000000000000.0
5800	510	-0.2	2560000000000000.0
5800	510	-0.15	2570000000000000.0
5800	510	-0.1	2580000000000000.0
5800	510	-0.05	2580000000000000.0
5800	510	0.0	2590000000000000.0
5800	510	0.05	2590000000000000.0
5800	510	0.1	2600000000000000.0
5800	510	0.15	2600000000000000.0
5800	510	0.2	2600000000000000.0
5800	510	0.25	2610000000000000.0
5800	510	0.3	2610000000000000.0
5800	510	0.35	2610000000000000.0
5800	510	0.4	2620000000000000.0
5800	510	0.45	2620000000000000.0
5800	510	0.5	2620000000000000.0
5800	510	0.6	2620000000000000.0
5800	510	0.7	2620000000000000.0
5800	510	0.8	2610000000000000.0
5800	510	0.9	2610000000000000.0
5800	515	-1.0	2370000000000000.0
5800	515	-0.95	2370000000000000.0
5800	515	-0.9	2370000000000000.0
5800	515	-0.85	2370000000000000.0
5800	515	-0.8	2380000000000000.0
5800	515	-0.75	2380000000000000.0
5800	515	-0.7	2390000000000000.0
5800	515	-0.65	2390000000000000.0
5800	515	-0.6	2390000000000000.0
5800	515	-0.55	2390000000000000.0
5800	515	-0.5	2400000000000000.0
5800	515	-0.45	2400000000000000.0
5800	515	-0.4	2400000000000000.0
5800	515	-0.35	2400000000000000.0
5800	515	-0.3	2400000000000000.0
5800	515	-0.25	2400000000000000.0
5800	515	-0.2	2400000000000000.0
5800	515	-0.15	2400000000000000.0
5800	515	-0.1	2400000000000000.0
5800	515	-0.05	2400000000000000.0
5800	515	0.0	2400000000000000.0
5800	515	0.05	2400000000000000.0
5800	515	0.1	2400000000000000.0
5800	515	0.15	2400000000000000.0
5800	515	0.2	2400000000000000.0
5800	515	0.25	2390000000000000.0
5800	515	0.3	2390000000000000.0
5800	515	0.35	2380000000000000.0
5800	515	0.4	2380000000000000.0
5800	515	0.45	2380000000000000.0
5800	515	0.5	2370000000000000.0
5800	515	0.6	2360000000000000.0
5800	515	0.7	2340000000000000.0
5800	515	0.8	2330000000000000.0
5800	515	0.9	2310000000000000.0
5800	520	-1.0	2390000000000000.0
5800	520	-0.95	2390000000000000.0
5800	520	-0.9	2400000000000000.0
5800	520	-0.85	2390000000000000.0
5800	520	-0.8	2400000000000000.0
5800	520	-0.75	2410000000000000.0
5800	520	-0.7	2410000000000000.0
5800	520	-0.65	2420000000000000.0
5800	520	-0.6	2420000000000000.0
5800	520	-0.55	2420000000000000.0
5800	520	-0.5	2430000000000000.0
5800	520	-0.45	2430000000000000.0
5800	520	-0.4	2430000000000000.0
5800	520	-0.35	2440000000000000.0
5800	520	-0.3	2440000000000000.0
5800	520	-0.25	2440000000000000.0
5800	520	-0.2	2450000000000000.0
5800	520	-0.15	2450000000000000.0
5800	520	-0.1	2450000000000000.0
5800	520	-0.05	2450000000000000.0
5800	520	0.0	2450000000000000.0
5800	520	0.05	2460000000000000.0
5800	520	0.1	2460000000000000.0
5800	520	0.15	2460000000000000.0
5800	520	0.2	2460000000000000.0
5800	520	0.25	2460000000000000.0
5800	520	0.3	2460000000000000.0
5800	520	0.35	2460000000000000.0
5800	520	0.4	2460000000000000.0
5800	520	0.45	2460000000000000.0
5800	520	0.5	2460000000000000.0
5800	520	0.6	2460000000000000.0
5800	520	0.7	2460000000000000.0
5800	520	0.8	2450000000000000.0
5800	520	0.9	2450000000000000.0
5800	525	-1.0	2420000000000000.0
5800	525	-0.95	2430000000000000.0
5800	525	-0.9	2430000000000000.0
5800	525	-0.85	2430000000000000.0
5800	525	-0.8	2430000000000000.0
5800	525	-0.75	2450000000000000.0
5800	525	-0.7	2450000000000000.0
5800	525	-0.65	2450000000000000.0
5800	525	-0.6	2460000000000000.0
5800	525	-0.55	2460000000000000.0
5800	525	-0.5	2470000000000000.0
5800	525	-0.45	2470000000000000.0
5800	525	-0.4	2470000000000000.0
5800	525	-0.35	2480000000000000.0
5800	525	-0.3	2480000000000000.0
5800	525	-0.25	2480000000000000.0
5800	525	-0.2	2490000000000000.0
5800	525	-0.15	2490000000000000.0
5800	525	-0.1	2490000000000000.0
5800	525	-0.05	2490000000000000.0
5800	525	0.0	2500000000000000.0
5800	525	0.05	2500000000000000.0
5800	525	0.1	2500000000000000.0
5800	525	0.15	2500000000000000.0
5800	525	0.2	2500000000000000.0
5800	525	0.25	2500000000000000.0
5800	525	0.3	2500000000000000.0
5800	525	0.35	2500000000000000.0
5800	525	0.4	2500000000000000.0
5800	525	0.45	2500000000000000.0
5800	525	0.5	2500000000000000.0
5800	525	0.6	2500000000000000.0
5800	525	0.7	2490000000000000.0
5800	525	0.8	2490000000000000.0
5800	525	0.9	2480000000000000.0
5800	530	-1.0	2500000000000000.0
5800	530	-0.95	2500000000000000.0
5800	530	-0.9	2510000000000000.0
5800	530	-0.85	2530000000000000.0
5800	530	-0.8	2530000000000000.0
5800	530	-0.75	2540000000000000.0
5800	530	-0.7	2550000000000000.0
5800	530	-0.65	2560000000000000.0
5800	530	-0.6	2560000000000000.0
5800	530	-0.55	2570000000000000.0
5800	530	-0.5	2580000000000000.0
5800	530	-0.45	2590000000000000.0
5800	530	-0.4	2600000000000000.0
5800	530	-0.35	2610000000000000.0
5800	530	-0.3	2620000000000000.0
5800	530	-0.25	2630000000000000.0
5800	530	-0.2	2630000000000000.0
5800	530	-0.15	2640000000000000.0
5800	530	-0.1	2650000000000000.0
5800	530	-0.05	2660000000000000.0
5800	530	0.0	2670000000000000.0
5800	530	0.05	2680000000000000.0
5800	530	0.1	2680000000000000.0
5800	530	0.15	2690000000000000.0
5800	530	0.2	2700000000000000.0
5800	530	0.25	2710000000000000.0
5800	530	0.3	2720000000000000.0
5800	530	0.35	2720000000000000.0
5800	530	0.4	2730000000000000.0
5800	530	0.45	2740000000000000.0
5800	530	0.5	2750000000000000.0
5800	530	0.6	2760000000000000.0
5800	530	0.7	2770000000000000.0
5800	530	0.8	2780000000000000.0
5800	530	0.9	2790000000000000.0
5800	535	-1.0	2460000000000000.0
5800	535	-0.95	2460000000000000.0
5800	535	-0.9	2470000000000000.0
5800	535	-0.85	2490000000000000.0
5800	535	-0.8	2490000000000000.0
5800	535	-0.75	2490000000000000.0
5800	535	-0.7	2490000000000000.0
5800	535	-0.65	2500000000000000.0
5800	535	-0.6	2510000000000000.0
5800	535	-0.55	2510000000000000.0
5800	535	-0.5	2520000000000000.0
5800	535	-0.45	2520000000000000.0
5800	535	-0.4	2530000000000000.0
5800	535	-0.35	2540000000000000.0
5800	535	-0.3	2540000000000000.0
5800	535	-0.25	2550000000000000.0
5800	535	-0.2	2550000000000000.0
5800	535	-0.15	2560000000000000.0
5800	535	-0.1	2570000000000000.0
5800	535	-0.05	2570000000000000.0
5800	535	0.0	2580000000000000.0
5800	535	0.05	2580000000000000.0
5800	535	0.1	2580000000000000.0
5800	535	0.15	2590000000000000.0
5800	535	0.2	2590000000000000.0
5800	535	0.25	2600000000000000.0
5800	535	0.3	2600000000000000.0
5800	535	0.35	2600000000000000.0
5800	535	0.4	2610000000000000.0
5800	535	0.45	2610000000000000.0
5800	535	0.5	2610000000000000.0
5800	535	0.6	2620000000000000.0
5800	535	0.7	2620000000000000.0
5800	535	0.8	2620000000000000.0
5800	535	0.9	2620000000000000.0
5800	540	-1.0	2490000000000000.0
5800	540	-0.95	2490000000000000.0
5800	540	-0.9	2500000000000000.0
5800	540	-0.85	2510000000000000.0
5800	540	-0.8	2520000000000000.0
5800	540	-0.75	2520000000000000.0
5800	540	-0.7	2530000000000000.0
5800	540	-0.65	2540000000000000.0
5800	540	-0.6	2550000000000000.0
5800	540	-0.55	2550000000000000.0
5800	540	-0.5	2560000000000000.0
5800	540	-0.45	2570000000000000.0
5800	540	-0.4	2580000000000000.0
5800	540	-0.35	2580000000000000.0
5800	540	-0.3	2590000000000000.0
5800	540	-0.25	2600000000000000.0
5800	540	-0.2	2610000000000000.0
5800	540	-0.15	2610000000000000.0
5800	540	-0.1	2620000000000000.0
5800	540	-0.05	2630000000000000.0
5800	540	0.0	2630000000000000.0
5800	540	0.05	2640000000000000.0
5800	540	0.1	2650000000000000.0
5800	540	0.15	2660000000000000.0
5800	540	0.2	2660000000000000.0
5800	540	0.25	2670000000000000.0
5800	540	0.3	2670000000000000.0
5800	540	0.35	2680000000000000.0
5800	540	0.4	2690000000000000.0
5800	540	0.45	2690000000000000.0
5800	540	0.5	2700000000000000.0
5800	540	0.6	2710000000000000.0
5800	540	0.7	2720000000000000.0
5800	540	0.8	2730000000000000.0
5800	540	0.9	2730000000000000.0
5800	545	-1.0	2500000000000000.0
5800	545	-0.95	2510000000000000.0
5800	545	-0.9	2520000000000000.0
5800	545	-0.85	2530000000000000.0
5800	545	-0.8	2530000000000000.0
5800	545	-0.75	2540000000000000.0
5800	545	-0.7	2550000000000000.0
5800	545	-0.65	2560000000000000.0
5800	545	-0.6	2570000000000000.0
5800	545	-0.55	2580000000000000.0
5800	545	-0.5	2590000000000000.0
5800	545	-0.45	2590000000000000.0
5800	545	-0.4	2600000000000000.0
5800	545	-0.35	2610000000000000.0
5800	545	-0.3	2620000000000000.0
5800	545	-0.25	2630000000000000.0
5800	545	-0.2	2640000000000000.0
5800	545	-0.15	2650000000000000.0
5800	545	-0.1	2660000000000000.0
5800	545	-0.05	2670000000000000.0
5800	545	0.0	2680000000000000.0
5800	545	0.05	2690000000000000.0
5800	545	0.1	2700000000000000.0
5800	545	0.15	2710000000000000.0
5800	545	0.2	2720000000000000.0
5800	545	0.25	2730000000000000.0
5800	545	0.3	2740000000000000.0
5800	545	0.35	2750000000000000.0
5800	545	0.4	2760000000000000.0
5800	545	0.45	2770000000000000.0
5800	545	0.5	2780000000000000.0
5800	545	0.6	2800000000000000.0
5800	545	0.7	2820000000000000.0
5800	545	0.8	2840000000000000.0
5800	545	0.9	2850000000000000.0
5800	550	-1.0	2510000000000000.0
5800	550	-0.95	2520000000000000.0
5800	550	-0.9	2520000000000000.0
5800	550	-0.85	2540000000000000.0
5800	550	-0.8	2540000000000000.0
5800	550	-0.75	2550000000000000.0
5800	550	-0.7	2560000000000000.0
5800	550	-0.65	2560000000000000.0
5800	550	-0.6	2570000000000000.0
5800	550	-0.55	2580000000000000.0
5800	550	-0.5	2590000000000000.0
5800	550	-0.45	2590000000000000.0
5800	550	-0.4	2600000000000000.0
5800	550	-0.35	2610000000000000.0
5800	550	-0.3	2620000000000000.0
5800	550	-0.25	2620000000000000.0
5800	550	-0.2	2630000000000000.0
5800	550	-0.15	2640000000000000.0
5800	550	-0.1	2640000000000000.0
5800	550	-0.05	2650000000000000.0
5800	550	0.0	2650000000000000.0
5800	550	0.05	2660000000000000.0
5800	550	0.1	2670000000000000.0
5800	550	0.15	2670000000000000.0
5800	550	0.2	2680000000000000.0
5800	550	0.25	2680000000000000.0
5800	550	0.3	2690000000000000.0
5800	550	0.35	2690000000000000.0
5800	550	0.4	2690000000000000.0
5800	550	0.45	2700000000000000.0
5800	550	0.5	2700000000000000.0
5800	550	0.6	2710000000000000.0
5800	550	0.7	2710000000000000.0
5800	550	0.8	2720000000000000.0
5800	550	0.9	2720000000000000.0
5800	555	-1.0	2520000000000000.0
5800	555	-0.95	2530000000000000.0
5800	555	-0.9	2540000000000000.0
5800	555	-0.85	2550000000000000.0
5800	555	-0.8	2550000000000000.0
5800	555	-0.75	2560000000000000.0
5800	555	-0.7	2570000000000000.0
5800	555	-0.65	2580000000000000.0
5800	555	-0.6	2580000000000000.0
5800	555	-0.55	2590000000000000.0
5800	555	-0.5	2600000000000000.0
5800	555	-0.45	2610000000000000.0
5800	555	-0.4	2620000000000000.0
5800	555	-0.35	2630000000000000.0
5800	555	-0.3	2640000000000000.0
5800	555	-0.25	2640000000000000.0
5800	555	-0.2	2650000000000000.0
5800	555	-0.15	2660000000000000.0
5800	555	-0.1	2670000000000000.0
5800	555	-0.05	2680000000000000.0
5800	555	0.0	2690000000000000.0
5800	555	0.05	2690000000000000.0
5800	555	0.1	2700000000000000.0
5800	555	0.15	2710000000000000.0
5800	555	0.2	2720000000000000.0
5800	555	0.25	2730000000000000.0
5800	555	0.3	2740000000000000.0
5800	555	0.35	2740000000000000.0
5800	555	0.4	2750000000000000.0
5800	555	0.45	2760000000000000.0
5800	555	0.5	2770000000000000.0
5800	555	0.6	2780000000000000.0
5800	555	0.7	2790000000000000.0
5800	555	0.8	2800000000000000.0
5800	555	0.9	2820000000000000.0
5800	560	-1.0	2510000000000000.0
5800	560	-0.95	2520000000000000.0
5800	560	-0.9	2530000000000000.0
5800	560	-0.85	2530000000000000.0
5800	560	-0.8	2540000000000000.0
5800	560	-0.75	2550000000000000.0
5800	560	-0.7	2560000000000000.0
5800	560	-0.65	2560000000000000.0
5800	560	-0.6	2570000000000000.0
5800	560	-0.55	2580000000000000.0
5800	560	-0.5	2590000000000000.0
5800	560	-0.45	2590000000000000.0
5800	560	-0.4	2600000000000000.0
5800	560	-0.35	2610000000000000.0
5800	560	-0.3	2620000000000000.0
5800	560	-0.25	2630000000000000.0
5800	560	-0.2	2630000000000000.0
5800	560	-0.15	2640000000000000.0
5800	560	-0.1	2650000000000000.0
5800	560	-0.05	2660000000000000.0
5800	560	0.0	2670000000000000.0
5800	560	0.05	2680000000000000.0
5800	560	0.1	2680000000000000.0
5800	560	0.15	2690000000000000.0
5800	560	0.2	2700000000000000.0
5800	560	0.25	2710000000000000.0
5800	560	0.3	2720000000000000.0
5800	560	0.35	2720000000000000.0
5800	560	0.4	2730000000000000.0
5800	560	0.45	2740000000000000.0
5800	560	0.5	2750000000000000.0
5800	560	0.6	2760000000000000.0
5800	560	0.7	2780000000000000.0
5800	560	0.8	2790000000000000.0
5800	560	0.9	2800000000000000.0
5800	565	-1.0	2530000000000000.0
5800	565	-0.95	2540000000000000.0
5800	565	-0.9	2550000000000000.0
5800	565	-0.85	2550000000000000.0
5800	565	-0.8	2560000000000000.0
5800	565	-0.75	2570000000000000.0
5800	565	-0.7	2580000000000000.0
5800	565	-0.65	2590000000000000.0
5800	565	-0.6	2600000000000000.0
5800	565	-0.55	2600000000000000.0
5800	565	-0.5	2610000000000000.0
5800	565	-0.45	2620000000000000.0
5800	565	-0.4	2630000000000000.0
5800	565	-0.35	2640000000000000.0
5800	565	-0.3	2650000000000000.0
5800	565	-0.25	2650000000000000.0
5800	565	-0.2	2660000000000000.0
5800	565	-0.15	2670000000000000.0
5800	565	-0.1	2680000000000000.0
5800	565	-0.05	2690000000000000.0
5800	565	0.0	2690000000000000.0
5800	565	0.05	2700000000000000.0
5800	565	0.1	2710000000000000.0
5800	565	0.15	2720000000000000.0
5800	565	0.2	2720000000000000.0
5800	565	0.25	2730000000000000.0
5800	565	0.3	2740000000000000.0
5800	565	0.35	2750000000000000.0
5800	565	0.4	2760000000000000.0
5800	565	0.45	2760000000000000.0
5800	565	0.5	2770000000000000.0
5800	565	0.6	2780000000000000.0
5800	565	0.7	2800000000000000.0
5800	565	0.8	2810000000000000.0
5800	565	0.9	2830000000000000.0
5800	570	-1.0	2530000000000000.0
5800	570	-0.95	2540000000000000.0
5800	570	-0.9	2550000000000000.0
5800	570	-0.85	2570000000000000.0
5800	570	-0.8	2580000000000000.0
5800	570	-0.75	2570000000000000.0
5800	570	-0.7	2580000000000000.0
5800	570	-0.65	2590000000000000.0
5800	570	-0.6	2600000000000000.0
5800	570	-0.55	2610000000000000.0
5800	570	-0.5	2620000000000000.0
5800	570	-0.45	2620000000000000.0
5800	570	-0.4	2630000000000000.0
5800	570	-0.35	2640000000000000.0
5800	570	-0.3	2650000000000000.0
5800	570	-0.25	2660000000000000.0
5800	570	-0.2	2670000000000000.0
5800	570	-0.15	2680000000000000.0
5800	570	-0.1	2690000000000000.0
5800	570	-0.05	2700000000000000.0
5800	570	0.0	2710000000000000.0
5800	570	0.05	2720000000000000.0
5800	570	0.1	2730000000000000.0
5800	570	0.15	2740000000000000.0
5800	570	0.2	2750000000000000.0
5800	570	0.25	2760000000000000.0
5800	570	0.3	2770000000000000.0
5800	570	0.35	2780000000000000.0
5800	570	0.4	2790000000000000.0
5800	570	0.45	2800000000000000.0
5800	570	0.5	2810000000000000.0
5800	570	0.6	2830000000000000.0
5800	570	0.7	2860000000000000.0
5800	570	0.8	2880000000000000.0
5800	570	0.9	2900000000000000.0
5800	575	-1.0	2550000000000000.0
5800	575	-0.95	2560000000000000.0
5800	575	-0.9	2570000000000000.0
5800	575	-0.85	2590000000000000.0
5800	575	-0.8	2600000000000000.0
5800	575	-0.75	2600000000000000.0
5800	575	-0.7	2610000000000000.0
5800	575	-0.65	2620000000000000.0
5800	575	-0.6	2630000000000000.0
5800	575	-0.55	2640000000000000.0
5800	575	-0.5	2650000000000000.0
5800	575	-0.45	2660000000000000.0
5800	575	-0.4	2670000000000000.0
5800	575	-0.35	2680000000000000.0
5800	575	-0.3	2690000000000000.0
5800	575	-0.25	2700000000000000.0
5800	575	-0.2	2720000000000000.0
5800	575	-0.15	2730000000000000.0
5800	575	-0.1	2740000000000000.0
5800	575	-0.05	2750000000000000.0
5800	575	0.0	2760000000000000.0
5800	575	0.05	2780000000000000.0
5800	575	0.1	2790000000000000.0
5800	575	0.15	2800000000000000.0
5800	575	0.2	2820000000000000.0
5800	575	0.25	2830000000000000.0
5800	575	0.3	2840000000000000.0
5800	575	0.35	2860000000000000.0
5800	575	0.4	2870000000000000.0
5800	575	0.45	2880000000000000.0
5800	575	0.5	2900000000000000.0
5800	575	0.6	2930000000000000.0
5800	575	0.7	2960000000000000.0
5800	575	0.8	2990000000000000.0
5800	575	0.9	3020000000000000.0
5800	580	-1.0	2550000000000000.0
5800	580	-0.95	2560000000000000.0
5800	580	-0.9	2570000000000000.0
5800	580	-0.85	2580000000000000.0
5800	580	-0.8	2590000000000000.0
5800	580	-0.75	2590000000000000.0
5800	580	-0.7	2600000000000000.0
5800	580	-0.65	2610000000000000.0
5800	580	-0.6	2620000000000000.0
5800	580	-0.55	2630000000000000.0
5800	580	-0.5	2640000000000000.0
5800	580	-0.45	2650000000000000.0
5800	580	-0.4	2660000000000000.0
5800	580	-0.35	2670000000000000.0
5800	580	-0.3	2680000000000000.0
5800	580	-0.25	2690000000000000.0
5800	580	-0.2	2700000000000000.0
5800	580	-0.15	2720000000000000.0
5800	580	-0.1	2730000000000000.0
5800	580	-0.05	2740000000000000.0
5800	580	0.0	2750000000000000.0
5800	580	0.05	2760000000000000.0
5800	580	0.1	2770000000000000.0
5800	580	0.15	2780000000000000.0
5800	580	0.2	2790000000000000.0
5800	580	0.25	2800000000000000.0
5800	580	0.3	2820000000000000.0
5800	580	0.35	2830000000000000.0
5800	580	0.4	2840000000000000.0
5800	580	0.45	2850000000000000.0
5800	580	0.5	2860000000000000.0
5800	580	0.6	2890000000000000.0
5800	580	0.7	2910000000000000.0
5800	580	0.8	2940000000000000.0
5800	580	0.9	2970000000000000.0
5800	585	-1.0	2550000000000000.0
5800	585	-0.95	2550000000000000.0
5800	585	-0.9	2560000000000000.0
5800	585	-0.85	2560000000000000.0
5800	585	-0.8	2570000000000000.0
5800	585	-0.75	2590000000000000.0
5800	585	-0.7	2600000000000000.0
5800	585	-0.65	2610000000000000.0
5800	585	-0.6	2620000000000000.0
5800	585	-0.55	2630000000000000.0
5800	585	-0.5	2640000000000000.0
5800	585	-0.45	2650000000000000.0
5800	585	-0.4	2660000000000000.0
5800	585	-0.35	2670000000000000.0
5800	585	-0.3	2690000000000000.0
5800	585	-0.25	2700000000000000.0
5800	585	-0.2	2710000000000000.0
5800	585	-0.15	2720000000000000.0
5800	585	-0.1	2730000000000000.0
5800	585	-0.05	2750000000000000.0
5800	585	0.0	2760000000000000.0
5800	585	0.05	2770000000000000.0
5800	585	0.1	2790000000000000.0
5800	585	0.15	2800000000000000.0
5800	585	0.2	2810000000000000.0
5800	585	0.25	2830000000000000.0
5800	585	0.3	2840000000000000.0
5800	585	0.35	2860000000000000.0
5800	585	0.4	2870000000000000.0
5800	585	0.45	2890000000000000.0
5800	585	0.5	2900000000000000.0
5800	585	0.6	2940000000000000.0
5800	585	0.7	2970000000000000.0
5800	585	0.8	3000000000000000.0
5800	585	0.9	3040000000000000.0
5800	590	-1.0	2510000000000000.0
5800	590	-0.95	2520000000000000.0
5800	590	-0.9	2530000000000000.0
5800	590	-0.85	2530000000000000.0
5800	590	-0.8	2540000000000000.0
5800	590	-0.75	2550000000000000.0
5800	590	-0.7	2560000000000000.0
5800	590	-0.65	2570000000000000.0
5800	590	-0.6	2580000000000000.0
5800	590	-0.55	2590000000000000.0
5800	590	-0.5	2590000000000000.0
5800	590	-0.45	2600000000000000.0
5800	590	-0.4	2610000000000000.0
5800	590	-0.35	2620000000000000.0
5800	590	-0.3	2630000000000000.0
5800	590	-0.25	2640000000000000.0
5800	590	-0.2	2650000000000000.0
5800	590	-0.15	2660000000000000.0
5800	590	-0.1	2670000000000000.0
5800	590	-0.05	2680000000000000.0
5800	590	0.0	2680000000000000.0
5800	590	0.05	2690000000000000.0
5800	590	0.1	2700000000000000.0
5800	590	0.15	2710000000000000.0
5800	590	0.2	2720000000000000.0
5800	590	0.25	2730000000000000.0
5800	590	0.3	2740000000000000.0
5800	590	0.35	2750000000000000.0
5800	590	0.4	2760000000000000.0
5800	590	0.45	2770000000000000.0
5800	590	0.5	2790000000000000.0
5800	590	0.6	2810000000000000.0
5800	590	0.7	2830000000000000.0
5800	590	0.8	2850000000000000.0
5800	590	0.9	2870000000000000.0
5800	595	-1.0	2550000000000000.0
5800	595	-0.95	2560000000000000.0
5800	595	-0.9	2560000000000000.0
5800	595	-0.85	2560000000000000.0
5800	595	-0.8	2580000000000000.0
5800	595	-0.75	2590000000000000.0
5800	595	-0.7	2600000000000000.0
5800	595	-0.65	2610000000000000.0
5800	595	-0.6	2620000000000000.0
5800	595	-0.55	2630000000000000.0
5800	595	-0.5	2640000000000000.0
5800	595	-0.45	2650000000000000.0
5800	595	-0.4	2660000000000000.0
5800	595	-0.35	2680000000000000.0
5800	595	-0.3	2690000000000000.0
5800	595	-0.25	2700000000000000.0
5800	595	-0.2	2710000000000000.0
5800	595	-0.15	2720000000000000.0
5800	595	-0.1	2730000000000000.0
5800	595	-0.05	2750000000000000.0
5800	595	0.0	2760000000000000.0
5800	595	0.05	2770000000000000.0
5800	595	0.1	2790000000000000.0
5800	595	0.15	2800000000000000.0
5800	595	0.2	2820000000000000.0
5800	595	0.25	2830000000000000.0
5800	595	0.3	2840000000000000.0
5800	595	0.35	2860000000000000.0
5800	595	0.4	2870000000000000.0
5800	595	0.45	2890000000000000.0
5800	595	0.5	2900000000000000.0
5800	595	0.6	2940000000000000.0
5800	595	0.7	2970000000000000.0
5800	595	0.8	3000000000000000.0
5800	595	0.9	3040000000000000.0
5800	600	-1.0	2540000000000000.0
5800	600	-0.95	2540000000000000.0
5800	600	-0.9	2550000000000000.0
5800	600	-0.85	2560000000000000.0
5800	600	-0.8	2570000000000000.0
5800	600	-0.75	2580000000000000.0
5800	600	-0.7	2590000000000000.0
5800	600	-0.65	2590000000000000.0
5800	600	-0.6	2600000000000000.0
5800	600	-0.55	2610000000000000.0
5800	600	-0.5	2620000000000000.0
5800	600	-0.45	2630000000000000.0
5800	600	-0.4	2640000000000000.0
5800	600	-0.35	2650000000000000.0
5800	600	-0.3	2660000000000000.0
5800	600	-0.25	2670000000000000.0
5800	600	-0.2	2680000000000000.0
5800	600	-0.15	2690000000000000.0
5800	600	-0.1	2700000000000000.0
5800	600	-0.05	2720000000000000.0
5800	600	0.0	2730000000000000.0
5800	600	0.05	2740000000000000.0
5800	600	0.1	2750000000000000.0
5800	600	0.15	2760000000000000.0
5800	600	0.2	2770000000000000.0
5800	600	0.25	2790000000000000.0
5800	600	0.3	2800000000000000.0
5800	600	0.35	2810000000000000.0
5800	600	0.4	2830000000000000.0
5800	600	0.45	2840000000000000.0
5800	600	0.5	2850000000000000.0
5800	600	0.6	2880000000000000.0
5800	600	0.7	2910000000000000.0
5800	600	0.8	2940000000000000.0
5800	600	0.9	2970000000000000.0
5800	605	-1.0	2540000000000000.0
5800	605	-0.95	2550000000000000.0
5800	605	-0.9	2560000000000000.0
5800	605	-0.85	2560000000000000.0
5800	605	-0.8	2570000000000000.0
5800	605	-0.75	2590000000000000.0
5800	605	-0.7	2590000000000000.0
5800	605	-0.65	2600000000000000.0
5800	605	-0.6	2610000000000000.0
5800	605	-0.55	2620000000000000.0
5800	605	-0.5	2640000000000000.0
5800	605	-0.45	2650000000000000.0
5800	605	-0.4	2660000000000000.0
5800	605	-0.35	2670000000000000.0
5800	605	-0.3	2680000000000000.0
5800	605	-0.25	2690000000000000.0
5800	605	-0.2	2700000000000000.0
5800	605	-0.15	2720000000000000.0
5800	605	-0.1	2730000000000000.0
5800	605	-0.05	2740000000000000.0
5800	605	0.0	2760000000000000.0
5800	605	0.05	2770000000000000.0
5800	605	0.1	2780000000000000.0
5800	605	0.15	2800000000000000.0
5800	605	0.2	2810000000000000.0
5800	605	0.25	2830000000000000.0
5800	605	0.3	2840000000000000.0
5800	605	0.35	2860000000000000.0
5800	605	0.4	2870000000000000.0
5800	605	0.45	2890000000000000.0
5800	605	0.5	2910000000000000.0
5800	605	0.6	2940000000000000.0
5800	605	0.7	2970000000000000.0
5800	605	0.8	3010000000000000.0
5800	605	0.9	3040000000000000.0
5800	610	-1.0	2530000000000000.0
5800	610	-0.95	2540000000000000.0
5800	610	-0.9	2550000000000000.0
5800	610	-0.85	2550000000000000.0
5800	610	-0.8	2560000000000000.0
5800	610	-0.75	2570000000000000.0
5800	610	-0.7	2580000000000000.0
5800	610	-0.65	2590000000000000.0
5800	610	-0.6	2600000000000000.0
5800	610	-0.55	2600000000000000.0
5800	610	-0.5	2610000000000000.0
5800	610	-0.45	2620000000000000.0
5800	610	-0.4	2630000000000000.0
5800	610	-0.35	2640000000000000.0
5800	610	-0.3	2650000000000000.0
5800	610	-0.25	2660000000000000.0
5800	610	-0.2	2670000000000000.0
5800	610	-0.15	2680000000000000.0
5800	610	-0.1	2690000000000000.0
5800	610	-0.05	2700000000000000.0
5800	610	0.0	2710000000000000.0
5800	610	0.05	2720000000000000.0
5800	610	0.1	2730000000000000.0
5800	610	0.15	2740000000000000.0
5800	610	0.2	2760000000000000.0
5800	610	0.25	2770000000000000.0
5800	610	0.3	2780000000000000.0
5800	610	0.35	2790000000000000.0
5800	610	0.4	2800000000000000.0
5800	610	0.45	2820000000000000.0
5800	610	0.5	2830000000000000.0
5800	610	0.6	2850000000000000.0
5800	610	0.7	2880000000000000.0
5800	610	0.8	2900000000000000.0
5800	610	0.9	2930000000000000.0
5800	615.00000000000011	-1.0	2500000000000000.0
5800	615.00000000000011	-0.95	2500000000000000.0
5800	615.00000000000011	-0.9	2510000000000000.0
5800	615.00000000000011	-0.85	2510000000000000.0
5800	615.00000000000011	-0.8	2510000000000000.0
5800	615.00000000000011	-0.75	2530000000000000.0
5800	615.00000000000011	-0.7	2530000000000000.0
5800	615.00000000000011	-0.65	2540000000000000.0
5800	615.00000000000011	-0.6	2550000000000000.0
5800	615.00000000000011	-0.55	2550000000000000.0
5800	615.00000000000011	-0.5	2560000000000000.0
5800	615.00000000000011	-0.45	2560000000000000.0
5800	615.00000000000011	-0.4	2570000000000000.0
5800	615.00000000000011	-0.35	2580000000000000.0
5800	615.00000000000011	-0.3	2580000000000000.0
5800	615.00000000000011	-0.25	2590000000000000.0
5800	615.00000000000011	-0.2	2600000000000000.0
5800	615.00000000000011	-0.15	2600000000000000.0
5800	615.00000000000011	-0.1	2610000000000000.0
5800	615.00000000000011	-0.05	2620000000000000.0
5800	615.00000000000011	0.0	2630000000000000.0
5800	615.00000000000011	0.05	2630000000000000.0
5800	615.00000000000011	0.1	2640000000000000.0
5800	615.00000000000011	0.15	2650000000000000.0
5800	615.00000000000011	0.2	2650000000000000.0
5800	615.00000000000011	0.25	2660000000000000.0
5800	615.00000000000011	0.3	2670000000000000.0
5800	615.00000000000011	0.35	2680000000000000.0
5800	615.00000000000011	0.4	2690000000000000.0
5800	615.00000000000011	0.45	2690000000000000.0
5800	615.00000000000011	0.5	2700000000000000.0
5800	615.00000000000011	0.6	2720000000000000.0
5800	615.00000000000011	0.7	2730000000000000.0
5800	615.00000000000011	0.8	2750000000000000.0
5800	615.00000000000011	0.9	2760000000000000.0
5800	620	-1.0	2520000000000000.0
5800	620	-0.95	2530000000000000.0
5800	620	-0.9	2540000000000000.0
5800	620	-0.85	2550000000000000.0
5800	620	-0.8	2550000000000000.0
5800	620	-0.75	2560000000000000.0
5800	620	-0.7	2570000000000000.0
5800	620	-0.65	2580000000000000.0
5800	620	-0.6	2590000000000000.0
5800	620	-0.55	2590000000000000.0
5800	620	-0.5	2600000000000000.0
5800	620	-0.45	2610000000000000.0
5800	620	-0.4	2620000000000000.0
5800	620	-0.35	2630000000000000.0
5800	620	-0.3	2640000000000000.0
5800	620	-0.25	2650000000000000.0
5800	620	-0.2	2660000000000000.0
5800	620	-0.15	2670000000000000.0
5800	620	-0.1	2680000000000000.0
5800	620	-0.05	2690000000000000.0
5800	620	0.0	2700000000000000.0
5800	620	0.05	2720000000000000.0
5800	620	0.1	2730000000000000.0
5800	620	0.15	2740000000000000.0
5800	620	0.2	2750000000000000.0
5800	620	0.25	2760000000000000.0
5800	620	0.3	2770000000000000.0
5800	620	0.35	2790000000000000.0
5800	620	0.4	2800000000000000.0
5800	620	0.45	2810000000000000.0
5800	620	0.5	2830000000000000.0
5800	620	0.6	2850000000000000.0
5800	620	0.7	2880000000000000.0
5800	620	0.8	2910000000000000.0
5800	620	0.9	2940000000000000.0
5800	625	-1.0	2500000000000000.0
5800	625	-0.95	2510000000000000.0
5800	625	-0.9	2510000000000000.0
5800	625	-0.85	2520000000000000.0
5800	625	-0.8	2520000000000000.0
5800	625	-0.75	2530000000000000.0
5800	625	-0.7	2540000000000000.0
5800	625	-0.65	2550000000000000.0
5800	625	-0.6	2550000000000000.0
5800	625	-0.55	2560000000000000.0
5800	625	-0.5	2570000000000000.0
5800	625	-0.45	2580000000000000.0
5800	625	-0.4	2580000000000000.0
5800	625	-0.35	2590000000000000.0
5800	625	-0.3	2600000000000000.0
5800	625	-0.25	2610000000000000.0
5800	625	-0.2	2620000000000000.0
5800	625	-0.15	2620000000000000.0
5800	625	-0.1	2630000000000000.0
5800	625	-0.05	2640000000000000.0
5800	625	0.0	2650000000000000.0
5800	625	0.05	2660000000000000.0
5800	625	0.1	2670000000000000.0
5800	625	0.15	2680000000000000.0
5800	625	0.2	2690000000000000.0
5800	625	0.25	2700000000000000.0
5800	625	0.3	2710000000000000.0
5800	625	0.35	2720000000000000.0
5800	625	0.4	2730000000000000.0
5800	625	0.45	2740000000000000.0
5800	625	0.5	2750000000000000.0
5800	625	0.6	2770000000000000.0
5800	625	0.7	2790000000000000.0
5800	625	0.8	2820000000000000.0
5800	625	0.9	2840000000000000.0
5800	630	-1.0	2510000000000000.0
5800	630	-0.95	2520000000000000.0
5800	630	-0.9	2520000000000000.0
5800	630	-0.85	2530000000000000.0
5800	630	-0.8	2540000000000000.0
5800	630	-0.75	2550000000000000.0
5800	630	-0.7	2550000000000000.0
5800	630	-0.65	2560000000000000.0
5800	630	-0.6	2570000000000000.0
5800	630	-0.55	2580000000000000.0
5800	630	-0.5	2590000000000000.0
5800	630	-0.45	2600000000000000.0
5800	630	-0.4	2600000000000000.0
5800	630	-0.35	2610000000000000.0
5800	630	-0.3	2620000000000000.0
5800	630	-0.25	2630000000000000.0
5800	630	-0.2	2640000000000000.0
5800	630	-0.15	2650000000000000.0
5800	630	-0.1	2660000000000000.0
5800	630	-0.05	2670000000000000.0
5800	630	0.0	2680000000000000.0
5800	630	0.05	2690000000000000.0
5800	630	0.1	2700000000000000.0
5800	630	0.15	2710000000000000.0
5800	630	0.2	2720000000000000.0
5800	630	0.25	2740000000000000.0
5800	630	0.3	2750000000000000.0
5800	630	0.35	2760000000000000.0
5800	630	0.4	2770000000000000.0
5800	630	0.45	2780000000000000.0
5800	630	0.5	2790000000000000.0
5800	630	0.6	2820000000000000.0
5800	630	0.7	2840000000000000.0
5800	630	0.8	2870000000000000.0
5800	630	0.9	2890000000000000.0
5800	635	-1.0	2510000000000000.0
5800	635	-0.95	2510000000000000.0
5800	635	-0.9	2520000000000000.0
5800	635	-0.85	2530000000000000.0
5800	635	-0.8	2530000000000000.0
5800	635	-0.75	2540000000000000.0
5800	635	-0.7	2550000000000000.0
5800	635	-0.65	2560000000000000.0
5800	635	-0.6	2570000000000000.0
5800	635	-0.55	2580000000000000.0
5800	635	-0.5	2580000000000000.0
5800	635	-0.45	2590000000000000.0
5800	635	-0.4	2600000000000000.0
5800	635	-0.35	2610000000000000.0
5800	635	-0.3	2620000000000000.0
5800	635	-0.25	2630000000000000.0
5800	635	-0.2	2640000000000000.0
5800	635	-0.15	2640000000000000.0
5800	635	-0.1	2650000000000000.0
5800	635	-0.05	2660000000000000.0
5800	635	0.0	2670000000000000.0
5800	635	0.05	2680000000000000.0
5800	635	0.1	2690000000000000.0
5800	635	0.15	2700000000000000.0
5800	635	0.2	2710000000000000.0
5800	635	0.25	2720000000000000.0
5800	635	0.3	2720000000000000.0
5800	635	0.35	2730000000000000.0
5800	635	0.4	2740000000000000.0
5800	635	0.45	2750000000000000.0
5800	635	0.5	2760000000000000.0
5800	635	0.6	2770000000000000.0
5800	635	0.7	2790000000000000.0
5800	635	0.8	2800000000000000.0
5800	635	0.9	2810000000000000.0
5800	640	-1.0	2490000000000000.0
5800	640	-0.95	2500000000000000.0
5800	640	-0.9	2510000000000000.0
5800	640	-0.85	2520000000000000.0
5800	640	-0.8	2520000000000000.0
5800	640	-0.75	2530000000000000.0
5800	640	-0.7	2540000000000000.0
5800	640	-0.65	2540000000000000.0
5800	640	-0.6	2550000000000000.0
5800	640	-0.55	2560000000000000.0
5800	640	-0.5	2570000000000000.0
5800	640	-0.45	2580000000000000.0
5800	640	-0.4	2590000000000000.0
5800	640	-0.35	2600000000000000.0
5800	640	-0.3	2610000000000000.0
5800	640	-0.25	2620000000000000.0
5800	640	-0.2	2620000000000000.0
5800	640	-0.15	2630000000000000.0
5800	640	-0.1	2640000000000000.0
5800	640	-0.05	2650000000000000.0
5800	640	0.0	2670000000000000.0
5800	640	0.05	2680000000000000.0
5800	640	0.1	2690000000000000.0
5800	640	0.15	2700000000000000.0
5800	640	0.2	2710000000000000.0
5800	640	0.25	2720000000000000.0
5800	640	0.3	2730000000000000.0
5800	640	0.35	2750000000000000.0
5800	640	0.4	2760000000000000.0
5800	640	0.45	2770000000000000.0
5800	640	0.5	2790000000000000.0
5800	640	0.6	2810000000000000.0
5800	640	0.7	2840000000000000.0
5800	640	0.8	2870000000000000.0
5800	640	0.9	2900000000000000.0
5800	644.99999999999989	-1.0	2480000000000000.0
5800	644.99999999999989	-0.95	2490000000000000.0
5800	644.99999999999989	-0.9	2500000000000000.0
5800	644.99999999999989	-0.85	2500000000000000.0
5800	644.99999999999989	-0.8	2510000000000000.0
5800	644.99999999999989	-0.75	2520000000000000.0
5800	644.99999999999989	-0.7	2530000000000000.0
5800	644.99999999999989	-0.65	2530000000000000.0
5800	644.99999999999989	-0.6	2540000000000000.0
5800	644.99999999999989	-0.55	2550000000000000.0
5800	644.99999999999989	-0.5	2560000000000000.0
5800	644.99999999999989	-0.45	2570000000000000.0
5800	644.99999999999989	-0.4	2580000000000000.0
5800	644.99999999999989	-0.35	2580000000000000.0
5800	644.99999999999989	-0.3	2590000000000000.0
5800	644.99999999999989	-0.25	2600000000000000.0
5800	644.99999999999989	-0.2	2610000000000000.0
5800	644.99999999999989	-0.15	2620000000000000.0
5800	644.99999999999989	-0.1	2630000000000000.0
5800	644.99999999999989	-0.05	2640000000000000.0
5800	644.99999999999989	0.0	2650000000000000.0
5800	644.99999999999989	0.05	2660000000000000.0
5800	644.99999999999989	0.1	2670000000000000.0
5800	644.99999999999989	0.15	2680000000000000.0
5800	644.99999999999989	0.2	2690000000000000.0
5800	644.99999999999989	0.25	2700000000000000.0
5800	644.99999999999989	0.3	2720000000000000.0
5800	644.99999999999989	0.35	2730000000000000.0
5800	644.99999999999989	0.4	2740000000000000.0
5800	644.99999999999989	0.45	2750000000000000.0
5800	644.99999999999989	0.5	2760000000000000.0
5800	644.99999999999989	0.6	2790000000000000.0
5800	644.99999999999989	0.7	2820000000000000.0
5800	644.99999999999989	0.8	2840000000000000.0
5800	644.99999999999989	0.9	2870000000000000.0
5800	649.99999999999989	-1.0	2480000000000000.0
5800	649.99999999999989	-0.95	2480000000000000.0
5800	649.99999999999989	-0.9	2490000000000000.0
5800	649.99999999999989	-0.85	2500000000000000.0
5800	649.99999999999989	-0.8	2510000000000000.0
5800	649.99999999999989	-0.75	2510000000000000.0
5800	649.99999999999989	-0.7	2520000000000000.0
5800	649.99999999999989	-0.65	2530000000000000.0
5800	649.99999999999989	-0.6	2540000000000000.0
5800	649.99999999999989	-0.55	2540000000000000.0
5800	649.99999999999989	-0.5	2550000000000000.0
5800	649.99999999999989	-0.45	2560000000000000.0
5800	649.99999999999989	-0.4	2570000000000000.0
5800	649.99999999999989	-0.35	2580000000000000.0
5800	649.99999999999989	-0.3	2590000000000000.0
5800	649.99999999999989	-0.25	2600000000000000.0
5800	649.99999999999989	-0.2	2610000000000000.0
5800	649.99999999999989	-0.15	2610000000000000.0
5800	649.99999999999989	-0.1	2620000000000000.0
5800	649.99999999999989	-0.05	2630000000000000.0
5800	649.99999999999989	0.0	2640000000000000.0
5800	649.99999999999989	0.05	2660000000000000.0
5800	649.99999999999989	0.1	2670000000000000.0
5800	649.99999999999989	0.15	2680000000000000.0
5800	649.99999999999989	0.2	2690000000000000.0
5800	649.99999999999989	0.25	2700000000000000.0
5800	649.99999999999989	0.3	2710000000000000.0
5800	649.99999999999989	0.35	2720000000000000.0
5800	649.99999999999989	0.4	2740000000000000.0
5800	649.99999999999989	0.45	2750000000000000.0
5800	649.99999999999989	0.5	2760000000000000.0
5800	649.99999999999989	0.6	2790000000000000.0
5800	649.99999999999989	0.7	2820000000000000.0
5800	649.99999999999989	0.8	2850000000000000.0
5800	649.99999999999989	0.9	2880000000000000.0
5800	655.00000000000011	-1.0	2360000000000000.0
5800	655.00000000000011	-0.95	2360000000000000.0
5800	655.00000000000011	-0.9	2370000000000000.0
5800	655.00000000000011	-0.85	2370000000000000.0
5800	655.00000000000011	-0.8	2380000000000000.0
5800	655.00000000000011	-0.75	2390000000000000.0
5800	655.00000000000011	-0.7	2400000000000000.0
5800	655.00000000000011	-0.65	2410000000000000.0
5800	655.00000000000011	-0.6	2420000000000000.0
5800	655.00000000000011	-0.55	2430000000000000.0
5800	655.00000000000011	-0.5	2430000000000000.0
5800	655.00000000000011	-0.45	2440000000000000.0
5800	655.00000000000011	-0.4	2450000000000000.0
5800	655.00000000000011	-0.35	2460000000000000.0
5800	655.00000000000011	-0.3	2470000000000000.0
5800	655.00000000000011	-0.25	2480000000000000.0
5800	655.00000000000011	-0.2	2490000000000000.0
5800	655.00000000000011	-0.15	2500000000000000.0
5800	655.00000000000011	-0.1	2510000000000000.0
5800	655.00000000000011	-0.05	2520000000000000.0
5800	655.00000000000011	0.0	2530000000000000.0
5800	655.00000000000011	0.05	2540000000000000.0
5800	655.00000000000011	0.1	2550000000000000.0
5800	655.00000000000011	0.15	2560000000000000.0
5800	655.00000000000011	0.2	2570000000000000.0
5800	655.00000000000011	0.25	2590000000000000.0
5800	655.00000000000011	0.3	2600000000000000.0
5800	655.00000000000011	0.35	2610000000000000.0
5800	655.00000000000011	0.4	2620000000000000.0
5800	655.00000000000011	0.45	2640000000000000.0
5800	655.00000000000011	0.5	2650000000000000.0
5800	655.00000000000011	0.6	2680000000000000.0
5800	655.00000000000011	0.7	2700000000000000.0
5800	655.00000000000011	0.8	2730000000000000.0
5800	655.00000000000011	0.9	2760000000000000.0
5800	660	-1.0	2470000000000000.0
5800	660	-0.95	2480000000000000.0
5800	660	-0.9	2480000000000000.0
5800	660	-0.85	2500000000000000.0
5800	660	-0.8	2510000000000000.0
5800	660	-0.75	2510000000000000.0
5800	660	-0.7	2510000000000000.0
5800	660	-0.65	2520000000000000.0
5800	660	-0.6	2530000000000000.0
5800	660	-0.55	2540000000000000.0
5800	660	-0.5	2550000000000000.0
5800	660	-0.45	2560000000000000.0
5800	660	-0.4	2570000000000000.0
5800	660	-0.35	2570000000000000.0
5800	660	-0.3	2580000000000000.0
5800	660	-0.25	2590000000000000.0
5800	660	-0.2	2600000000000000.0
5800	660	-0.15	2610000000000000.0
5800	660	-0.1	2620000000000000.0
5800	660	-0.05	2630000000000000.0
5800	660	0.0	2650000000000000.0
5800	660	0.05	2660000000000000.0
5800	660	0.1	2670000000000000.0
5800	660	0.15	2680000000000000.0
5800	660	0.2	2690000000000000.0
5800	660	0.25	2710000000000000.0
5800	660	0.3	2720000000000000.0
5800	660	0.35	2730000000000000.0
5800	660	0.4	2750000000000000.0
5800	660	0.45	2760000000000000.0
5800	660	0.5	2770000000000000.0
5800	660	0.6	2800000000000000.0
5800	660	0.7	2840000000000000.0
5800	660	0.8	2870000000000000.0
5800	660	0.9	2910000000000000.0
5800	665	-1.0	2470000000000000.0
5800	665	-0.95	2480000000000000.0
5800	665	-0.9	2490000000000000.0
5800	665	-0.85	2500000000000000.0
5800	665	-0.8	2500000000000000.0
5800	665	-0.75	2510000000000000.0
5800	665	-0.7	2520000000000000.0
5800	665	-0.65	2530000000000000.0
5800	665	-0.6	2530000000000000.0
5800	665	-0.55	2540000000000000.0
5800	665	-0.5	2550000000000000.0
5800	665	-0.45	2560000000000000.0
5800	665	-0.4	2570000000000000.0
5800	665	-0.35	2580000000000000.0
5800	665	-0.3	2590000000000000.0
5800	665	-0.25	2590000000000000.0
5800	665	-0.2	2600000000000000.0
5800	665	-0.15	2610000000000000.0
5800	665	-0.1	2620000000000000.0
5800	665	-0.05	2630000000000000.0
5800	665	0.0	2640000000000000.0
5800	665	0.05	2650000000000000.0
5800	665	0.1	2660000000000000.0
5800	665	0.15	2670000000000000.0
5800	665	0.2	2680000000000000.0
5800	665	0.25	2700000000000000.0
5800	665	0.3	2710000000000000.0
5800	665	0.35	2720000000000000.0
5800	665	0.4	2730000000000000.0
5800	665	0.45	2740000000000000.0
5800	665	0.5	2760000000000000.0
5800	665	0.6	2780000000000000.0
5800	665	0.7	2810000000000000.0
5800	665	0.8	2840000000000000.0
5800	665	0.9	2870000000000000.0
5800	670	-1.0	2470000000000000.0
5800	670	-0.95	2470000000000000.0
5800	670	-0.9	2480000000000000.0
5800	670	-0.85	2480000000000000.0
5800	670	-0.8	2480000000000000.0
5800	670	-0.75	2500000000000000.0
5800	670	-0.7	2510000000000000.0
5800	670	-0.65	2520000000000000.0
5800	670	-0.6	2530000000000000.0
5800	670	-0.55	2530000000000000.0
5800	670	-0.5	2540000000000000.0
5800	670	-0.45	2550000000000000.0
5800	670	-0.4	2560000000000000.0
5800	670	-0.35	2570000000000000.0
5800	670	-0.3	2580000000000000.0
5800	670	-0.25	2590000000000000.0
5800	670	-0.2	2600000000000000.0
5800	670	-0.15	2610000000000000.0
5800	670	-0.1	2610000000000000.0
5800	670	-0.05	2620000000000000.0
5800	670	0.0	2640000000000000.0
5800	670	0.05	2650000000000000.0
5800	670	0.1	2660000000000000.0
5800	670	0.15	2670000000000000.0
5800	670	0.2	2680000000000000.0
5800	670	0.25	2690000000000000.0
5800	670	0.3	2700000000000000.0
5800	670	0.35	2720000000000000.0
5800	670	0.4	2730000000000000.0
5800	670	0.45	2740000000000000.0
5800	670	0.5	2760000000000000.0
5800	670	0.6	2780000000000000.0
5800	670	0.7	2810000000000000.0
5800	670	0.8	2840000000000000.0
5800	670	0.9	2870000000000000.0
5800	675	-1.0	2460000000000000.0
5800	675	-0.95	2470000000000000.0
5800	675	-0.9	2470000000000000.0
5800	675	-0.85	2490000000000000.0
5800	675	-0.8	2500000000000000.0
5800	675	-0.75	2500000000000000.0
5800	675	-0.7	2500000000000000.0
5800	675	-0.65	2510000000000000.0
5800	675	-0.6	2520000000000000.0
5800	675	-0.55	2530000000000000.0
5800	675	-0.5	2530000000000000.0
5800	675	-0.45	2540000000000000.0
5800	675	-0.4	2550000000000000.0
5800	675	-0.35	2560000000000000.0
5800	675	-0.3	2570000000000000.0
5800	675	-0.25	2580000000000000.0
5800	675	-0.2	2590000000000000.0
5800	675	-0.15	2600000000000000.0
5800	675	-0.1	2610000000000000.0
5800	675	-0.05	2620000000000000.0
5800	675	0.0	2630000000000000.0
5800	675	0.05	2640000000000000.0
5800	675	0.1	2650000000000000.0
5800	675	0.15	2660000000000000.0
5800	675	0.2	2670000000000000.0
5800	675	0.25	2680000000000000.0
5800	675	0.3	2690000000000000.0
5800	675	0.35	2710000000000000.0
5800	675	0.4	2720000000000000.0
5800	675	0.45	2730000000000000.0
5800	675	0.5	2740000000000000.0
5800	675	0.6	2770000000000000.0
5800	675	0.7	2800000000000000.0
5800	675	0.8	2830000000000000.0
5800	675	0.9	2860000000000000.0
5800	680	-1.0	2450000000000000.0
5800	680	-0.95	2460000000000000.0
5800	680	-0.9	2470000000000000.0
5800	680	-0.85	2460000000000000.0
5800	680	-0.8	2470000000000000.0
5800	680	-0.75	2490000000000000.0
5800	680	-0.7	2500000000000000.0
5800	680	-0.65	2500000000000000.0
5800	680	-0.6	2510000000000000.0
5800	680	-0.55	2520000000000000.0
5800	680	-0.5	2530000000000000.0
5800	680	-0.45	2530000000000000.0
5800	680	-0.4	2540000000000000.0
5800	680	-0.35	2550000000000000.0
5800	680	-0.3	2560000000000000.0
5800	680	-0.25	2570000000000000.0
5800	680	-0.2	2580000000000000.0
5800	680	-0.15	2590000000000000.0
5800	680	-0.1	2600000000000000.0
5800	680	-0.05	2610000000000000.0
5800	680	0.0	2620000000000000.0
5800	680	0.05	2630000000000000.0
5800	680	0.1	2640000000000000.0
5800	680	0.15	2650000000000000.0
5800	680	0.2	2660000000000000.0
5800	680	0.25	2670000000000000.0
5800	680	0.3	2680000000000000.0
5800	680	0.35	2690000000000000.0
5800	680	0.4	2700000000000000.0
5800	680	0.45	2710000000000000.0
5800	680	0.5	2720000000000000.0
5800	680	0.6	2750000000000000.0
5800	680	0.7	2770000000000000.0
5800	680	0.8	2800000000000000.0
5800	680	0.9	2830000000000000.0
5800	685	-1.0	2440000000000000.0
5800	685	-0.95	2450000000000000.0
5800	685	-0.9	2450000000000000.0
5800	685	-0.85	2460000000000000.0
5800	685	-0.8	2470000000000000.0
5800	685	-0.75	2480000000000000.0
5800	685	-0.7	2480000000000000.0
5800	685	-0.65	2490000000000000.0
5800	685	-0.6	2500000000000000.0
5800	685	-0.55	2500000000000000.0
5800	685	-0.5	2510000000000000.0
5800	685	-0.45	2520000000000000.0
5800	685	-0.4	2530000000000000.0
5800	685	-0.35	2540000000000000.0
5800	685	-0.3	2540000000000000.0
5800	685	-0.25	2550000000000000.0
5800	685	-0.2	2560000000000000.0
5800	685	-0.15	2570000000000000.0
5800	685	-0.1	2580000000000000.0
5800	685	-0.05	2590000000000000.0
5800	685	0.0	2600000000000000.0
5800	685	0.05	2610000000000000.0
5800	685	0.1	2620000000000000.0
5800	685	0.15	2630000000000000.0
5800	685	0.2	2640000000000000.0
5800	685	0.25	2650000000000000.0
5800	685	0.3	2660000000000000.0
5800	685	0.35	2670000000000000.0
5800	685	0.4	2680000000000000.0
5800	685	0.45	2700000000000000.0
5800	685	0.5	2710000000000000.0
5800	685	0.6	2740000000000000.0
5800	685	0.7	2760000000000000.0
5800	685	0.8	2790000000000000.0
5800	685	0.9	2830000000000000.0
5800	690	-1.0	2440000000000000.0
5800	690	-0.95	2440000000000000.0
5800	690	-0.9	2450000000000000.0
5800	690	-0.85	2450000000000000.0
5800	690	-0.8	2450000000000000.0
5800	690	-0.75	2470000000000000.0
5800	690	-0.7	2480000000000000.0
5800	690	-0.65	2490000000000000.0
5800	690	-0.6	2490000000000000.0
5800	690	-0.55	2500000000000000.0
5800	690	-0.5	2510000000000000.0
5800	690	-0.45	2520000000000000.0
5800	690	-0.4	2530000000000000.0
5800	690	-0.35	2540000000000000.0
5800	690	-0.3	2550000000000000.0
5800	690	-0.25	2550000000000000.0
5800	690	-0.2	2560000000000000.0
5800	690	-0.15	2570000000000000.0
5800	690	-0.1	2580000000000000.0
5800	690	-0.05	2590000000000000.0
5800	690	0.0	2600000000000000.0
5800	690	0.05	2610000000000000.0
5800	690	0.1	2620000000000000.0
5800	690	0.15	2630000000000000.0
5800	690	0.2	2640000000000000.0
5800	690	0.25	2660000000000000.0
5800	690	0.3	2670000000000000.0
5800	690	0.35	2680000000000000.0
5800	690	0.4	2690000000000000.0
5800	690	0.45	2700000000000000.0
5800	690	0.5	2720000000000000.0
5800	690	0.6	2740000000000000.0
5800	690	0.7	2770000000000000.0
5800	690	0.8	2800000000000000.0
5800	690	0.9	2830000000000000.0
5800	695	-1.0	2430000000000000.0
5800	695	-0.95	2430000000000000.0
5800	695	-0.9	2440000000000000.0
5800	695	-0.85	2460000000000000.0
5800	695	-0.8	2470000000000000.0
5800	695	-0.75	2460000000000000.0
5800	695	-0.7	2470000000000000.0
5800	695	-0.65	2480000000000000.0
5800	695	-0.6	2480000000000000.0
5800	695	-0.55	2490000000000000.0
5800	695	-0.5	2500000000000000.0
5800	695	-0.45	2510000000000000.0
5800	695	-0.4	2520000000000000.0
5800	695	-0.35	2520000000000000.0
5800	695	-0.3	2530000000000000.0
5800	695	-0.25	2540000000000000.0
5800	695	-0.2	2550000000000000.0
5800	695	-0.15	2560000000000000.0
5800	695	-0.1	2570000000000000.0
5800	695	-0.05	2580000000000000.0
5800	695	0.0	2590000000000000.0
5800	695	0.05	2600000000000000.0
5800	695	0.1	2600000000000000.0
5800	695	0.15	2610000000000000.0
5800	695	0.2	2630000000000000.0
5800	695	0.25	2640000000000000.0
5800	695	0.3	2650000000000000.0
5800	695	0.35	2660000000000000.0
5800	695	0.4	2670000000000000.0
5800	695	0.45	2680000000000000.0
5800	695	0.5	2690000000000000.0
5800	695	0.6	2720000000000000.0
5800	695	0.7	2740000000000000.0
5800	695	0.8	2770000000000000.0
5800	695	0.9	2790000000000000.0
5800	700	-1.0	2410000000000000.0
5800	700	-0.95	2420000000000000.0
5800	700	-0.9	2430000000000000.0
5800	700	-0.85	2440000000000000.0
5800	700	-0.8	2440000000000000.0
5800	700	-0.75	2450000000000000.0
5800	700	-0.7	2450000000000000.0
5800	700	-0.65	2460000000000000.0
5800	700	-0.6	2470000000000000.0
5800	700	-0.55	2470000000000000.0
5800	700	-0.5	2480000000000000.0
5800	700	-0.45	2490000000000000.0
5800	700	-0.4	2490000000000000.0
5800	700	-0.35	2500000000000000.0
5800	700	-0.3	2510000000000000.0
5800	700	-0.25	2520000000000000.0
5800	700	-0.2	2520000000000000.0
5800	700	-0.15	2530000000000000.0
5800	700	-0.1	2540000000000000.0
5800	700	-0.05	2550000000000000.0
5800	700	0.0	2560000000000000.0
5800	700	0.05	2560000000000000.0
5800	700	0.1	2570000000000000.0
5800	700	0.15	2580000000000000.0
5800	700	0.2	2590000000000000.0
5800	700	0.25	2600000000000000.0
5800	700	0.3	2610000000000000.0
5800	700	0.35	2620000000000000.0
5800	700	0.4	2630000000000000.0
5800	700	0.45	2640000000000000.0
5800	700	0.5	2640000000000000.0
5800	700	0.6	2660000000000000.0
5800	700	0.7	2690000000000000.0
5800	700	0.8	2710000000000000.0
5800	700	0.9	2730000000000000.0
5800	705	-1.0	2410000000000000.0
5800	705	-0.95	2410000000000000.0
5800	705	-0.9	2420000000000000.0
5800	705	-0.85	2440000000000000.0
5800	705	-0.8	2450000000000000.0
5800	705	-0.75	2440000000000000.0
5800	705	-0.7	2450000000000000.0
5800	705	-0.65	2450000000000000.0
5800	705	-0.6	2460000000000000.0
5800	705	-0.55	2470000000000000.0
5800	705	-0.5	2480000000000000.0
5800	705	-0.45	2480000000000000.0
5800	705	-0.4	2490000000000000.0
5800	705	-0.35	2500000000000000.0
5800	705	-0.3	2510000000000000.0
5800	705	-0.25	2510000000000000.0
5800	705	-0.2	2520000000000000.0
5800	705	-0.15	2530000000000000.0
5800	705	-0.1	2540000000000000.0
5800	705	-0.05	2550000000000000.0
5800	705	0.0	2550000000000000.0
5800	705	0.05	2560000000000000.0
5800	705	0.1	2570000000000000.0
5800	705	0.15	2580000000000000.0
5800	705	0.2	2590000000000000.0
5800	705	0.25	2600000000000000.0
5800	705	0.3	2610000000000000.0
5800	705	0.35	2620000000000000.0
5800	705	0.4	2630000000000000.0
5800	705	0.45	2640000000000000.0
5800	705	0.5	2650000000000000.0
5800	705	0.6	2670000000000000.0
5800	705	0.7	2690000000000000.0
5800	705	0.8	2710000000000000.0
5800	705	0.9	2740000000000000.0
5800	710	-1.0	2400000000000000.0
5800	710	-0.95	2400000000000000.0
5800	710	-0.9	2410000000000000.0
5800	710	-0.85	2420000000000000.0
5800	710	-0.8	2430000000000000.0
5800	710	-0.75	2430000000000000.0
5800	710	-0.7	2440000000000000.0
5800	710	-0.65	2440000000000000.0
5800	710	-0.6	2450000000000000.0
5800	710	-0.55	2460000000000000.0
5800	710	-0.5	2470000000000000.0
5800	710	-0.45	2470000000000000.0
5800	710	-0.4	2480000000000000.0
5800	710	-0.35	2490000000000000.0
5800	710	-0.3	2500000000000000.0
5800	710	-0.25	2500000000000000.0
5800	710	-0.2	2510000000000000.0
5800	710	-0.15	2520000000000000.0
5800	710	-0.1	2530000000000000.0
5800	710	-0.05	2540000000000000.0
5800	710	0.0	2540000000000000.0
5800	710	0.05	2550000000000000.0
5800	710	0.1	2560000000000000.0
5800	710	0.15	2570000000000000.0
5800	710	0.2	2580000000000000.0
5800	710	0.25	2590000000000000.0
5800	710	0.3	2600000000000000.0
5800	710	0.35	2610000000000000.0
5800	710	0.4	2620000000000000.0
5800	710	0.45	2630000000000000.0
5800	710	0.5	2640000000000000.0
5800	710	0.6	2660000000000000.0
5800	710	0.7	2680000000000000.0
5800	710	0.8	2710000000000000.0
5800	710	0.9	2730000000000000.0
5800	715	-1.0	2380000000000000.0
5800	715	-0.95	2390000000000000.0
5800	715	-0.9	2390000000000000.0
5800	715	-0.85	2400000000000000.0
5800	715	-0.8	2410000000000000.0
5800	715	-0.75	2410000000000000.0
5800	715	-0.7	2420000000000000.0
5800	715	-0.65	2420000000000000.0
5800	715	-0.6	2430000000000000.0
5800	715	-0.55	2440000000000000.0
5800	715	-0.5	2440000000000000.0
5800	715	-0.45	2450000000000000.0
5800	715	-0.4	2460000000000000.0
5800	715	-0.35	2460000000000000.0
5800	715	-0.3	2470000000000000.0
5800	715	-0.25	2480000000000000.0
5800	715	-0.2	2480000000000000.0
5800	715	-0.15	2490000000000000.0
5800	715	-0.1	2500000000000000.0
5800	715	-0.05	2510000000000000.0
5800	715	0.0	2510000000000000.0
5800	715	0.05	2520000000000000.0
5800	715	0.1	2530000000000000.0
5800	715	0.15	2540000000000000.0
5800	715	0.2	2550000000000000.0
5800	715	0.25	2550000000000000.0
5800	715	0.3	2560000000000000.0
5800	715	0.35	2570000000000000.0
5800	715	0.4	2580000000000000.0
5800	715	0.45	2590000000000000.0
5800	715	0.5	2590000000000000.0
5800	715	0.6	2610000000000000.0
5800	715	0.7	2630000000000000.0
5800	715	0.8	2650000000000000.0
5800	715	0.9	2660000000000000.0
5800	720	-1.0	2370000000000000.0
5800	720	-0.95	2370000000000000.0
5800	720	-0.9	2380000000000000.0
5800	720	-0.85	2370000000000000.0
5800	720	-0.8	2380000000000000.0
5800	720	-0.75	2400000000000000.0
5800	720	-0.7	2400000000000000.0
5800	720	-0.65	2410000000000000.0
5800	720	-0.6	2410000000000000.0
5800	720	-0.55	2420000000000000.0
5800	720	-0.5	2420000000000000.0
5800	720	-0.45	2430000000000000.0
5800	720	-0.4	2430000000000000.0
5800	720	-0.35	2440000000000000.0
5800	720	-0.3	2450000000000000.0
5800	720	-0.25	2450000000000000.0
5800	720	-0.2	2460000000000000.0
5800	720	-0.15	2460000000000000.0
5800	720	-0.1	2470000000000000.0
5800	720	-0.05	2480000000000000.0
5800	720	0.0	2480000000000000.0
5800	720	0.05	2490000000000000.0
5800	720	0.1	2500000000000000.0
5800	720	0.15	2500000000000000.0
5800	720	0.2	2510000000000000.0
5800	720	0.25	2520000000000000.0
5800	720	0.3	2520000000000000.0
5800	720	0.35	2530000000000000.0
5800	720	0.4	2540000000000000.0
5800	720	0.45	2550000000000000.0
5800	720	0.5	2560000000000000.0
5800	720	0.6	2570000000000000.0
5800	720	0.7	2590000000000000.0
5800	720	0.8	2610000000000000.0
5800	720	0.9	2630000000000000.0
5800	725	-1.0	2370000000000000.0
5800	725	-0.95	2380000000000000.0
5800	725	-0.9	2380000000000000.0
5800	725	-0.85	2400000000000000.0
5800	725	-0.8	2410000000000000.0
5800	725	-0.75	2400000000000000.0
5800	725	-0.7	2410000000000000.0
5800	725	-0.65	2410000000000000.0
5800	725	-0.6	2420000000000000.0
5800	725	-0.55	2430000000000000.0
5800	725	-0.5	2430000000000000.0
5800	725	-0.45	2440000000000000.0
5800	725	-0.4	2450000000000000.0
5800	725	-0.35	2450000000000000.0
5800	725	-0.3	2460000000000000.0
5800	725	-0.25	2470000000000000.0
5800	725	-0.2	2480000000000000.0
5800	725	-0.15	2480000000000000.0
5800	725	-0.1	2490000000000000.0
5800	725	-0.05	2500000000000000.0
5800	725	0.0	2510000000000000.0
5800	725	0.05	2510000000000000.0
5800	725	0.1	2520000000000000.0
5800	725	0.15	2530000000000000.0
5800	725	0.2	2540000000000000.0
5800	725	0.25	2550000000000000.0
5800	725	0.3	2560000000000000.0
5800	725	0.35	2570000000000000.0
5800	725	0.4	2580000000000000.0
5800	725	0.45	2590000000000000.0
5800	725	0.5	2600000000000000.0
5800	725	0.6	2620000000000000.0
5800	725	0.7	2640000000000000.0
5800	725	0.8	2670000000000000.0
5800	725	0.9	2690000000000000.0
5800	730	-1.0	2350000000000000.0
5800	730	-0.95	2360000000000000.0
5800	730	-0.9	2370000000000000.0
5800	730	-0.85	2370000000000000.0
5800	730	-0.8	2380000000000000.0
5800	730	-0.75	2380000000000000.0
5800	730	-0.7	2390000000000000.0
5800	730	-0.65	2390000000000000.0
5800	730	-0.6	2400000000000000.0
5800	730	-0.55	2400000000000000.0
5800	730	-0.5	2410000000000000.0
5800	730	-0.45	2420000000000000.0
5800	730	-0.4	2420000000000000.0
5800	730	-0.35	2430000000000000.0
5800	730	-0.3	2440000000000000.0
5800	730	-0.25	2440000000000000.0
5800	730	-0.2	2450000000000000.0
5800	730	-0.15	2450000000000000.0
5800	730	-0.1	2460000000000000.0
5800	730	-0.05	2470000000000000.0
5800	730	0.0	2480000000000000.0
5800	730	0.05	2480000000000000.0
5800	730	0.1	2490000000000000.0
5800	730	0.15	2500000000000000.0
5800	730	0.2	2510000000000000.0
5800	730	0.25	2510000000000000.0
5800	730	0.3	2520000000000000.0
5800	730	0.35	2530000000000000.0
5800	730	0.4	2540000000000000.0
5800	730	0.45	2550000000000000.0
5800	730	0.5	2560000000000000.0
5800	730	0.6	2580000000000000.0
5800	730	0.7	2600000000000000.0
5800	730	0.8	2620000000000000.0
5800	730	0.9	2650000000000000.0
5800	735	-1.0	2350000000000000.0
5800	735	-0.95	2360000000000000.0
5800	735	-0.9	2360000000000000.0
5800	735	-0.85	2380000000000000.0
5800	735	-0.8	2380000000000000.0
5800	735	-0.75	2380000000000000.0
5800	735	-0.7	2390000000000000.0
5800	735	-0.65	2390000000000000.0
5800	735	-0.6	2400000000000000.0
5800	735	-0.55	2400000000000000.0
5800	735	-0.5	2410000000000000.0
5800	735	-0.45	2420000000000000.0
5800	735	-0.4	2420000000000000.0
5800	735	-0.35	2430000000000000.0
5800	735	-0.3	2440000000000000.0
5800	735	-0.25	2450000000000000.0
5800	735	-0.2	2450000000000000.0
5800	735	-0.15	2460000000000000.0
5800	735	-0.1	2470000000000000.0
5800	735	-0.05	2470000000000000.0
5800	735	0.0	2480000000000000.0
5800	735	0.05	2490000000000000.0
5800	735	0.1	2500000000000000.0
5800	735	0.15	2510000000000000.0
5800	735	0.2	2520000000000000.0
5800	735	0.25	2530000000000000.0
5800	735	0.3	2530000000000000.0
5800	735	0.35	2540000000000000.0
5800	735	0.4	2550000000000000.0
5800	735	0.45	2560000000000000.0
5800	735	0.5	2570000000000000.0
5800	735	0.6	2590000000000000.0
5800	735	0.7	2620000000000000.0
5800	735	0.8	2640000000000000.0
5800	735	0.9	2660000000000000.0
5800	740	-1.0	2330000000000000.0
5800	740	-0.95	2330000000000000.0
5800	740	-0.9	2340000000000000.0
5800	740	-0.85	2350000000000000.0
5800	740	-0.8	2340000000000000.0
5800	740	-0.75	2350000000000000.0
5800	740	-0.7	2360000000000000.0
5800	740	-0.65	2360000000000000.0
5800	740	-0.6	2370000000000000.0
5800	740	-0.55	2370000000000000.0
5800	740	-0.5	2380000000000000.0
5800	740	-0.45	2380000000000000.0
5800	740	-0.4	2390000000000000.0
5800	740	-0.35	2390000000000000.0
5800	740	-0.3	2400000000000000.0
5800	740	-0.25	2400000000000000.0
5800	740	-0.2	2410000000000000.0
5800	740	-0.15	2410000000000000.0
5800	740	-0.1	2420000000000000.0
5800	740	-0.05	2430000000000000.0
5800	740	0.0	2430000000000000.0
5800	740	0.05	2440000000000000.0
5800	740	0.1	2440000000000000.0
5800	740	0.15	2450000000000000.0
5800	740	0.2	2460000000000000.0
5800	740	0.25	2470000000000000.0
5800	740	0.3	2470000000000000.0
5800	740	0.35	2480000000000000.0
5800	740	0.4	2490000000000000.0
5800	740	0.45	2500000000000000.0
5800	740	0.5	2510000000000000.0
5800	740	0.6	2530000000000000.0
5800	740	0.7	2550000000000000.0
5800	740	0.8	2570000000000000.0
5800	740	0.9	2590000000000000.0
5800	745	-1.0	2330000000000000.0
5800	745	-0.95	2330000000000000.0
5800	745	-0.9	2340000000000000.0
5800	745	-0.85	2350000000000000.0
5800	745	-0.8	2360000000000000.0
5800	745	-0.75	2350000000000000.0
5800	745	-0.7	2360000000000000.0
5800	745	-0.65	2370000000000000.0
5800	745	-0.6	2370000000000000.0
5800	745	-0.55	2380000000000000.0
5800	745	-0.5	2380000000000000.0
5800	745	-0.45	2390000000000000.0
5800	745	-0.4	2400000000000000.0
5800	745	-0.35	2400000000000000.0
5800	745	-0.3	2410000000000000.0
5800	745	-0.25	2420000000000000.0
5800	745	-0.2	2420000000000000.0
5800	745	-0.15	2430000000000000.0
5800	745	-0.1	2440000000000000.0
5800	745	-0.05	2450000000000000.0
5800	745	0.0	2460000000000000.0
5800	745	0.05	2460000000000000.0
5800	745	0.1	2470000000000000.0
5800	745	0.15	2480000000000000.0
5800	745	0.2	2490000000000000.0
5800	745	0.25	2500000000000000.0
5800	745	0.3	2510000000000000.0
5800	745	0.35	2520000000000000.0
5800	745	0.4	2520000000000000.0
5800	745	0.45	2540000000000000.0
5800	745	0.5	2540000000000000.0
5800	745	0.6	2570000000000000.0
5800	745	0.7	2590000000000000.0
5800	745	0.8	2610000000000000.0
5800	745	0.9	2640000000000000.0
5800	750	-1.0	2310000000000000.0
5800	750	-0.95	2320000000000000.0
5800	750	-0.9	2330000000000000.0
5800	750	-0.85	2330000000000000.0
5800	750	-0.8	2340000000000000.0
5800	750	-0.75	2340000000000000.0
5800	750	-0.7	2350000000000000.0
5800	750	-0.65	2350000000000000.0
5800	750	-0.6	2360000000000000.0
5800	750	-0.55	2370000000000000.0
5800	750	-0.5	2370000000000000.0
5800	750	-0.45	2380000000000000.0
5800	750	-0.4	2380000000000000.0
5800	750	-0.35	2390000000000000.0
5800	750	-0.3	2400000000000000.0
5800	750	-0.25	2400000000000000.0
5800	750	-0.2	2410000000000000.0
5800	750	-0.15	2420000000000000.0
5800	750	-0.1	2430000000000000.0
5800	750	-0.05	2430000000000000.0
5800	750	0.0	2440000000000000.0
5800	750	0.05	2450000000000000.0
5800	750	0.1	2460000000000000.0
5800	750	0.15	2470000000000000.0
5800	750	0.2	2480000000000000.0
5800	750	0.25	2490000000000000.0
5800	750	0.3	2490000000000000.0
5800	750	0.35	2500000000000000.0
5800	750	0.4	2510000000000000.0
5800	750	0.45	2520000000000000.0
5800	750	0.5	2530000000000000.0
5800	750	0.6	2550000000000000.0
5800	750	0.7	2580000000000000.0
5800	750	0.8	2600000000000000.0
5800	750	0.9	2630000000000000.0
5800	755	-1.0	2310000000000000.0
5800	755	-0.95	2320000000000000.0
5800	755	-0.9	2320000000000000.0
5800	755	-0.85	2320000000000000.0
5800	755	-0.8	2330000000000000.0
5800	755	-0.75	2340000000000000.0
5800	755	-0.7	2340000000000000.0
5800	755	-0.65	2350000000000000.0
5800	755	-0.6	2360000000000000.0
5800	755	-0.55	2360000000000000.0
5800	755	-0.5	2370000000000000.0
5800	755	-0.45	2380000000000000.0
5800	755	-0.4	2380000000000000.0
5800	755	-0.35	2390000000000000.0
5800	755	-0.3	2400000000000000.0
5800	755	-0.25	2410000000000000.0
5800	755	-0.2	2410000000000000.0
5800	755	-0.15	2420000000000000.0
5800	755	-0.1	2430000000000000.0
5800	755	-0.05	2440000000000000.0
5800	755	0.0	2440000000000000.0
5800	755	0.05	2450000000000000.0
5800	755	0.1	2460000000000000.0
5800	755	0.15	2470000000000000.0
5800	755	0.2	2480000000000000.0
5800	755	0.25	2490000000000000.0
5800	755	0.3	2500000000000000.0
5800	755	0.35	2510000000000000.0
5800	755	0.4	2520000000000000.0
5800	755	0.45	2530000000000000.0
5800	755	0.5	2540000000000000.0
5800	755	0.6	2560000000000000.0
5800	755	0.7	2590000000000000.0
5800	755	0.8	2610000000000000.0
5800	755	0.9	2640000000000000.0
5800	760	-1.0	2290000000000000.0
5800	760	-0.95	2300000000000000.0
5800	760	-0.9	2310000000000000.0
5800	760	-0.85	2320000000000000.0
5800	760	-0.8	2310000000000000.0
5800	760	-0.75	2320000000000000.0
5800	760	-0.7	2330000000000000.0
5800	760	-0.65	2330000000000000.0
5800	760	-0.6	2340000000000000.0
5800	760	-0.55	2340000000000000.0
5800	760	-0.5	2350000000000000.0
5800	760	-0.45	2360000000000000.0
5800	760	-0.4	2360000000000000.0
5800	760	-0.35	2370000000000000.0
5800	760	-0.3	2380000000000000.0
5800	760	-0.25	2380000000000000.0
5800	760	-0.2	2390000000000000.0
5800	760	-0.15	2400000000000000.0
5800	760	-0.1	2400000000000000.0
5800	760	-0.05	2410000000000000.0
5800	760	0.0	2420000000000000.0
5800	760	0.05	2430000000000000.0
5800	760	0.1	2440000000000000.0
5800	760	0.15	2440000000000000.0
5800	760	0.2	2450000000000000.0
5800	760	0.25	2460000000000000.0
5800	760	0.3	2470000000000000.0
5800	760	0.35	2480000000000000.0
5800	760	0.4	2490000000000000.0
5800	760	0.45	2500000000000000.0
5800	760	0.5	2510000000000000.0
5800	760	0.6	2530000000000000.0
5800	760	0.7	2550000000000000.0
5800	760	0.8	2580000000000000.0
5800	760	0.9	2600000000000000.0
5800	765	-1.0	2280000000000000.0
5800	765	-0.95	2290000000000000.0
5800	765	-0.9	2290000000000000.0
5800	765	-0.85	2300000000000000.0
5800	765	-0.8	2310000000000000.0
5800	765	-0.75	2310000000000000.0
5800	765	-0.7	2310000000000000.0
5800	765	-0.65	2320000000000000.0
5800	765	-0.6	2330000000000000.0
5800	765	-0.55	2330000000000000.0
5800	765	-0.5	2340000000000000.0
5800	765	-0.45	2340000000000000.0
5800	765	-0.4	2350000000000000.0
5800	765	-0.35	2360000000000000.0
5800	765	-0.3	2360000000000000.0
5800	765	-0.25	2370000000000000.0
5800	765	-0.2	2380000000000000.0
5800	765	-0.15	2380000000000000.0
5800	765	-0.1	2390000000000000.0
5800	765	-0.05	2400000000000000.0
5800	765	0.0	2410000000000000.0
5800	765	0.05	2410000000000000.0
5800	765	0.1	2420000000000000.0
5800	765	0.15	2430000000000000.0
5800	765	0.2	2440000000000000.0
5800	765	0.25	2450000000000000.0
5800	765	0.3	2460000000000000.0
5800	765	0.35	2470000000000000.0
5800	765	0.4	2480000000000000.0
5800	765	0.45	2490000000000000.0
5800	765	0.5	2500000000000000.0
5800	765	0.6	2520000000000000.0
5800	765	0.7	2550000000000000.0
5800	765	0.8	2570000000000000.0
5800	765	0.9	2600000000000000.0
5800	770	-1.0	2270000000000000.0
5800	770	-0.95	2280000000000000.0
5800	770	-0.9	2290000000000000.0
5800	770	-0.85	2290000000000000.0
5800	770	-0.8	2300000000000000.0
5800	770	-0.75	2300000000000000.0
5800	770	-0.7	2310000000000000.0
5800	770	-0.65	2310000000000000.0
5800	770	-0.6	2320000000000000.0
5800	770	-0.55	2320000000000000.0
5800	770	-0.5	2330000000000000.0
5800	770	-0.45	2340000000000000.0
5800	770	-0.4	2340000000000000.0
5800	770	-0.35	2350000000000000.0
5800	770	-0.3	2360000000000000.0
5800	770	-0.25	2360000000000000.0
5800	770	-0.2	2370000000000000.0
5800	770	-0.15	2380000000000000.0
5800	770	-0.1	2390000000000000.0
5800	770	-0.05	2390000000000000.0
5800	770	0.0	2400000000000000.0
5800	770	0.05	2410000000000000.0
5800	770	0.1	2420000000000000.0
5800	770	0.15	2430000000000000.0
5800	770	0.2	2440000000000000.0
5800	770	0.25	2450000000000000.0
5800	770	0.3	2460000000000000.0
5800	770	0.35	2470000000000000.0
5800	770	0.4	2480000000000000.0
5800	770	0.45	2490000000000000.0
5800	770	0.5	2500000000000000.0
5800	770	0.6	2520000000000000.0
5800	770	0.7	2550000000000000.0
5800	770	0.8	2570000000000000.0
5800	770	0.9	2600000000000000.0
5800	775	-1.0	2260000000000000.0
5800	775	-0.95	2270000000000000.0
5800	775	-0.9	2270000000000000.0
5800	775	-0.85	2280000000000000.0
5800	775	-0.8	2280000000000000.0
5800	775	-0.75	2290000000000000.0
5800	775	-0.7	2290000000000000.0
5800	775	-0.65	2300000000000000.0
5800	775	-0.6	2310000000000000.0
5800	775	-0.55	2310000000000000.0
5800	775	-0.5	2320000000000000.0
5800	775	-0.45	2320000000000000.0
5800	775	-0.4	2330000000000000.0
5800	775	-0.35	2340000000000000.0
5800	775	-0.3	2340000000000000.0
5800	775	-0.25	2350000000000000.0
5800	775	-0.2	2360000000000000.0
5800	775	-0.15	2360000000000000.0
5800	775	-0.1	2370000000000000.0
5800	775	-0.05	2380000000000000.0
5800	775	0.0	2390000000000000.0
5800	775	0.05	2390000000000000.0
5800	775	0.1	2400000000000000.0
5800	775	0.15	2410000000000000.0
5800	775	0.2	2420000000000000.0
5800	775	0.25	2430000000000000.0
5800	775	0.3	2440000000000000.0
5800	775	0.35	2450000000000000.0
5800	775	0.4	2460000000000000.0
5800	775	0.45	2470000000000000.0
5800	775	0.5	2480000000000000.0
5800	775	0.6	2500000000000000.0
5800	775	0.7	2530000000000000.0
5800	775	0.8	2550000000000000.0
5800	775	0.9	2580000000000000.0
5800	780	-1.0	2260000000000000.0
5800	780	-0.95	2260000000000000.0
5800	780	-0.9	2270000000000000.0
5800	780	-0.85	2280000000000000.0
5800	780	-0.8	2270000000000000.0
5800	780	-0.75	2290000000000000.0
5800	780	-0.7	2290000000000000.0
5800	780	-0.65	2300000000000000.0
5800	780	-0.6	2300000000000000.0
5800	780	-0.55	2310000000000000.0
5800	780	-0.5	2320000000000000.0
5800	780	-0.45	2320000000000000.0
5800	780	-0.4	2330000000000000.0
5800	780	-0.35	2340000000000000.0
5800	780	-0.3	2340000000000000.0
5800	780	-0.25	2350000000000000.0
5800	780	-0.2	2360000000000000.0
5800	780	-0.15	2360000000000000.0
5800	780	-0.1	2370000000000000.0
5800	780	-0.05	2380000000000000.0
5800	780	0.0	2390000000000000.0
5800	780	0.05	2400000000000000.0
5800	780	0.1	2410000000000000.0
5800	780	0.15	2420000000000000.0
5800	780	0.2	2430000000000000.0
5800	780	0.25	2440000000000000.0
5800	780	0.3	2450000000000000.0
5800	780	0.35	2460000000000000.0
5800	780	0.4	2470000000000000.0
5800	780	0.45	2480000000000000.0
5800	780	0.5	2490000000000000.0
5800	780	0.6	2520000000000000.0
5800	780	0.7	2540000000000000.0
5800	780	0.8	2570000000000000.0
5800	780	0.9	2610000000000000.0
5800	785	-1.0	2240000000000000.0
5800	785	-0.95	2250000000000000.0
5800	785	-0.9	2250000000000000.0
5800	785	-0.85	2260000000000000.0
5800	785	-0.8	2270000000000000.0
5800	785	-0.75	2270000000000000.0
5800	785	-0.7	2280000000000000.0
5800	785	-0.65	2280000000000000.0
5800	785	-0.6	2290000000000000.0
5800	785	-0.55	2290000000000000.0
5800	785	-0.5	2300000000000000.0
5800	785	-0.45	2300000000000000.0
5800	785	-0.4	2310000000000000.0
5800	785	-0.35	2320000000000000.0
5800	785	-0.3	2320000000000000.0
5800	785	-0.25	2330000000000000.0
5800	785	-0.2	2340000000000000.0
5800	785	-0.15	2340000000000000.0
5800	785	-0.1	2350000000000000.0
5800	785	-0.05	2360000000000000.0
5800	785	0.0	2370000000000000.0
5800	785	0.05	2380000000000000.0
5800	785	0.1	2380000000000000.0
5800	785	0.15	2390000000000000.0
5800	785	0.2	2400000000000000.0
5800	785	0.25	2410000000000000.0
5800	785	0.3	2420000000000000.0
5800	785	0.35	2430000000000000.0
5800	785	0.4	2440000000000000.0
5800	785	0.45	2450000000000000.0
5800	785	0.5	2460000000000000.0
5800	785	0.6	2490000000000000.0
5800	785	0.7	2510000000000000.0
5800	785	0.8	2540000000000000.0
5800	785	0.9	2570000000000000.0
5800	790	-1.0	2240000000000000.0
5800	790	-0.95	2240000000000000.0
5800	790	-0.9	2250000000000000.0
5800	790	-0.85	2250000000000000.0
5800	790	-0.8	2260000000000000.0
5800	790	-0.75	2260000000000000.0
5800	790	-0.7	2270000000000000.0
5800	790	-0.65	2270000000000000.0
5800	790	-0.6	2280000000000000.0
5800	790	-0.55	2280000000000000.0
5800	790	-0.5	2290000000000000.0
5800	790	-0.45	2300000000000000.0
5800	790	-0.4	2300000000000000.0
5800	790	-0.35	2310000000000000.0
5800	790	-0.3	2320000000000000.0
5800	790	-0.25	2320000000000000.0
5800	790	-0.2	2330000000000000.0
5800	790	-0.15	2330000000000000.0
5800	790	-0.1	2340000000000000.0
5800	790	-0.05	2350000000000000.0
5800	790	0.0	2350000000000000.0
5800	790	0.05	2360000000000000.0
5800	790	0.1	2370000000000000.0
5800	790	0.15	2380000000000000.0
5800	790	0.2	2380000000000000.0
5800	790	0.25	2390000000000000.0
5800	790	0.3	2400000000000000.0
5800	790	0.35	2410000000000000.0
5800	790	0.4	2420000000000000.0
5800	790	0.45	2420000000000000.0
5800	790	0.5	2430000000000000.0
5800	790	0.6	2450000000000000.0
5800	790	0.7	2470000000000000.0
5800	790	0.8	2490000000000000.0
5800	790	0.9	2510000000000000.0
5800	795	-1.0	2220000000000000.0
5800	795	-0.95	2220000000000000.0
5800	795	-0.9	2230000000000000.0
5800	795	-0.85	2230000000000000.0
5800	795	-0.8	2230000000000000.0
5800	795	-0.75	2240000000000000.0
5800	795	-0.7	2240000000000000.0
5800	795	-0.65	2250000000000000.0
5800	795	-0.6	2250000000000000.0
5800	795	-0.55	2260000000000000.0
5800	795	-0.5	2260000000000000.0
5800	795	-0.45	2270000000000000.0
5800	795	-0.4	2280000000000000.0
5800	795	-0.35	2280000000000000.0
5800	795	-0.3	2290000000000000.0
5800	795	-0.25	2290000000000000.0
5800	795	-0.2	2300000000000000.0
5800	795	-0.15	2300000000000000.0
5800	795	-0.1	2310000000000000.0
5800	795	-0.05	2310000000000000.0
5800	795	0.0	2320000000000000.0
5800	795	0.05	2330000000000000.0
5800	795	0.1	2330000000000000.0
5800	795	0.15	2340000000000000.0
5800	795	0.2	2340000000000000.0
5800	795	0.25	2350000000000000.0
5800	795	0.3	2360000000000000.0
5800	795	0.35	2360000000000000.0
5800	795	0.4	2370000000000000.0
5800	795	0.45	2380000000000000.0
5800	795	0.5	2380000000000000.0
5800	795	0.6	2400000000000000.0
5800	795	0.7	2410000000000000.0
5800	795	0.8	2430000000000000.0
5800	795	0.9	2440000000000000.0
5800	800	-1.0	2210000000000000.0
5800	800	-0.95	2220000000000000.0
5800	800	-0.9	2220000000000000.0
5800	800	-0.85	2240000000000000.0
5800	800	-0.8	2230000000000000.0
5800	800	-0.75	2240000000000000.0
5800	800	-0.7	2250000000000000.0
5800	800	-0.65	2250000000000000.0
5800	800	-0.6	2260000000000000.0
5800	800	-0.55	2260000000000000.0
5800	800	-0.5	2270000000000000.0
5800	800	-0.45	2270000000000000.0
5800	800	-0.4	2280000000000000.0
5800	800	-0.35	2290000000000000.0
5800	800	-0.3	2290000000000000.0
5800	800	-0.25	2300000000000000.0
5800	800	-0.2	2310000000000000.0
5800	800	-0.15	2310000000000000.0
5800	800	-0.1	2320000000000000.0
5800	800	-0.05	2330000000000000.0
5800	800	0.0	2330000000000000.0
5800	800	0.05	2340000000000000.0
5800	800	0.1	2350000000000000.0
5800	800	0.15	2360000000000000.0
5800	800	0.2	2370000000000000.0
5800	800	0.25	2370000000000000.0
5800	800	0.3	2380000000000000.0
5800	800	0.35	2390000000000000.0
5800	800	0.4	2400000000000000.0
5800	800	0.45	2410000000000000.0
5800	800	0.5	2420000000000000.0
5800	800	0.6	2440000000000000.0
5800	800	0.7	2460000000000000.0
5800	800	0.8	2480000000000000.0
5800	800	0.9	2500000000000000.0
5800	805	-1.0	2200000000000000.0
5800	805	-0.95	2210000000000000.0
5800	805	-0.9	2210000000000000.0
5800	805	-0.85	2210000000000000.0
5800	805	-0.8	2220000000000000.0
5800	805	-0.75	2230000000000000.0
5800	805	-0.7	2230000000000000.0
5800	805	-0.65	2240000000000000.0
5800	805	-0.6	2240000000000000.0
5800	805	-0.55	2250000000000000.0
5800	805	-0.5	2250000000000000.0
5800	805	-0.45	2260000000000000.0
5800	805	-0.4	2260000000000000.0
5800	805	-0.35	2270000000000000.0
5800	805	-0.3	2270000000000000.0
5800	805	-0.25	2280000000000000.0
5800	805	-0.2	2290000000000000.0
5800	805	-0.15	2290000000000000.0
5800	805	-0.1	2300000000000000.0
5800	805	-0.05	2300000000000000.0
5800	805	0.0	2310000000000000.0
5800	805	0.05	2320000000000000.0
5800	805	0.1	2320000000000000.0
5800	805	0.15	2330000000000000.0
5800	805	0.2	2340000000000000.0
5800	805	0.25	2350000000000000.0
5800	805	0.3	2350000000000000.0
5800	805	0.35	2360000000000000.0
5800	805	0.4	2370000000000000.0
5800	805	0.45	2380000000000000.0
5800	805	0.5	2390000000000000.0
5800	805	0.6	2400000000000000.0
5800	805	0.7	2420000000000000.0
5800	805	0.8	2440000000000000.0
5800	805	0.9	2460000000000000.0
5800	810	-1.0	2190000000000000.0
5800	810	-0.95	2200000000000000.0
5800	810	-0.9	2200000000000000.0
5800	810	-0.85	2210000000000000.0
5800	810	-0.8	2210000000000000.0
5800	810	-0.75	2210000000000000.0
5800	810	-0.7	2220000000000000.0
5800	810	-0.65	2220000000000000.0
5800	810	-0.6	2230000000000000.0
5800	810	-0.55	2240000000000000.0
5800	810	-0.5	2240000000000000.0
5800	810	-0.45	2250000000000000.0
5800	810	-0.4	2250000000000000.0
5800	810	-0.35	2260000000000000.0
5800	810	-0.3	2260000000000000.0
5800	810	-0.25	2270000000000000.0
5800	810	-0.2	2270000000000000.0
5800	810	-0.15	2280000000000000.0
5800	810	-0.1	2280000000000000.0
5800	810	-0.05	2290000000000000.0
5800	810	0.0	2300000000000000.0
5800	810	0.05	2300000000000000.0
5800	810	0.1	2310000000000000.0
5800	810	0.15	2320000000000000.0
5800	810	0.2	2320000000000000.0
5800	810	0.25	2330000000000000.0
5800	810	0.3	2340000000000000.0
5800	810	0.35	2340000000000000.0
5800	810	0.4	2350000000000000.0
5800	810	0.45	2360000000000000.0
5800	810	0.5	2360000000000000.0
5800	810	0.6	2380000000000000.0
5800	810	0.7	2390000000000000.0
5800	810	0.8	2410000000000000.0
5800	810	0.9	2430000000000000.0
5800	815	-1.0	2180000000000000.0
5800	815	-0.95	2190000000000000.0
5800	815	-0.9	2190000000000000.0
5800	815	-0.85	2200000000000000.0
5800	815	-0.8	2210000000000000.0
5800	815	-0.75	2210000000000000.0
5800	815	-0.7	2210000000000000.0
5800	815	-0.65	2220000000000000.0
5800	815	-0.6	2220000000000000.0
5800	815	-0.55	2230000000000000.0
5800	815	-0.5	2240000000000000.0
5800	815	-0.45	2240000000000000.0
5800	815	-0.4	2250000000000000.0
5800	815	-0.35	2250000000000000.0
5800	815	-0.3	2260000000000000.0
5800	815	-0.25	2270000000000000.0
5800	815	-0.2	2270000000000000.0
5800	815	-0.15	2280000000000000.0
5800	815	-0.1	2290000000000000.0
5800	815	-0.05	2290000000000000.0
5800	815	0.0	2300000000000000.0
5800	815	0.05	2310000000000000.0
5800	815	0.1	2310000000000000.0
5800	815	0.15	2320000000000000.0
5800	815	0.2	2330000000000000.0
5800	815	0.25	2340000000000000.0
5800	815	0.3	2340000000000000.0
5800	815	0.35	2350000000000000.0
5800	815	0.4	2360000000000000.0
5800	815	0.45	2370000000000000.0
5800	815	0.5	2380000000000000.0
5800	815	0.6	2390000000000000.0
5800	815	0.7	2410000000000000.0
5800	815	0.8	2430000000000000.0
5800	815	0.9	2450000000000000.0
5800	820	-1.0	2150000000000000.0
5800	820	-0.95	2160000000000000.0
5800	820	-0.9	2160000000000000.0
5800	820	-0.85	2170000000000000.0
5800	820	-0.8	2170000000000000.0
5800	820	-0.75	2170000000000000.0
5800	820	-0.7	2180000000000000.0
5800	820	-0.65	2180000000000000.0
5800	820	-0.6	2180000000000000.0
5800	820	-0.55	2190000000000000.0
5800	820	-0.5	2190000000000000.0
5800	820	-0.45	2200000000000000.0
5800	820	-0.4	2200000000000000.0
5800	820	-0.35	2210000000000000.0
5800	820	-0.3	2210000000000000.0
5800	820	-0.25	2220000000000000.0
5800	820	-0.2	2220000000000000.0
5800	820	-0.15	2220000000000000.0
5800	820	-0.1	2230000000000000.0
5800	820	-0.05	2230000000000000.0
5800	820	0.0	2240000000000000.0
5800	820	0.05	2240000000000000.0
5800	820	0.1	2250000000000000.0
5800	820	0.15	2250000000000000.0
5800	820	0.2	2260000000000000.0
5800	820	0.25	2270000000000000.0
5800	820	0.3	2270000000000000.0
5800	820	0.35	2280000000000000.0
5800	820	0.4	2280000000000000.0
5800	820	0.45	2290000000000000.0
5800	820	0.5	2290000000000000.0
5800	820	0.6	2310000000000000.0
5800	820	0.7	2320000000000000.0
5800	820	0.8	2330000000000000.0
5800	820	0.9	2350000000000000.0
5800	825	-1.0	2160000000000000.0
5800	825	-0.95	2160000000000000.0
5800	825	-0.9	2170000000000000.0
5800	825	-0.85	2170000000000000.0
5800	825	-0.8	2180000000000000.0
5800	825	-0.75	2180000000000000.0
5800	825	-0.7	2180000000000000.0
5800	825	-0.65	2190000000000000.0
5800	825	-0.6	2200000000000000.0
5800	825	-0.55	2200000000000000.0
5800	825	-0.5	2210000000000000.0
5800	825	-0.45	2210000000000000.0
5800	825	-0.4	2220000000000000.0
5800	825	-0.35	2220000000000000.0
5800	825	-0.3	2230000000000000.0
5800	825	-0.25	2230000000000000.0
5800	825	-0.2	2240000000000000.0
5800	825	-0.15	2250000000000000.0
5800	825	-0.1	2250000000000000.0
5800	825	-0.05	2260000000000000.0
5800	825	0.0	2260000000000000.0
5800	825	0.05	2270000000000000.0
5800	825	0.1	2280000000000000.0
5800	825	0.15	2290000000000000.0
5800	825	0.2	2290000000000000.0
5800	825	0.25	2300000000000000.0
5800	825	0.3	2310000000000000.0
5800	825	0.35	2320000000000000.0
5800	825	0.4	2320000000000000.0
5800	825	0.45	2330000000000000.0
5800	825	0.5	2340000000000000.0
5800	825	0.6	2360000000000000.0
5800	825	0.7	2380000000000000.0
5800	825	0.8	2400000000000000.0
5800	825	0.9	2420000000000000.0
5800	830	-1.0	2150000000000000.0
5800	830	-0.95	2150000000000000.0
5800	830	-0.9	2160000000000000.0
5800	830	-0.85	2160000000000000.0
5800	830	-0.8	2160000000000000.0
5800	830	-0.75	2170000000000000.0
5800	830	-0.7	2180000000000000.0
5800	830	-0.65	2180000000000000.0
5800	830	-0.6	2180000000000000.0
5800	830	-0.55	2190000000000000.0
5800	830	-0.5	2200000000000000.0
5800	830	-0.45	2200000000000000.0
5800	830	-0.4	2210000000000000.0
5800	830	-0.35	2210000000000000.0
5800	830	-0.3	2220000000000000.0
5800	830	-0.25	2220000000000000.0
5800	830	-0.2	2230000000000000.0
5800	830	-0.15	2230000000000000.0
5800	830	-0.1	2240000000000000.0
5800	830	-0.05	2240000000000000.0
5800	830	0.0	2250000000000000.0
5800	830	0.05	2260000000000000.0
5800	830	0.1	2260000000000000.0
5800	830	0.15	2270000000000000.0
5800	830	0.2	2280000000000000.0
5800	830	0.25	2280000000000000.0
5800	830	0.3	2290000000000000.0
5800	830	0.35	2290000000000000.0
5800	830	0.4	2300000000000000.0
5800	830	0.45	2310000000000000.0
5800	830	0.5	2320000000000000.0
5800	830	0.6	2330000000000000.0
5800	830	0.7	2350000000000000.0
5800	830	0.8	2360000000000000.0
5800	830	0.9	2380000000000000.0
5800	835	-1.0	2130000000000000.0
5800	835	-0.95	2130000000000000.0
5800	835	-0.9	2140000000000000.0
5800	835	-0.85	2140000000000000.0
5800	835	-0.8	2130000000000000.0
5800	835	-0.75	2150000000000000.0
5800	835	-0.7	2150000000000000.0
5800	835	-0.65	2160000000000000.0
5800	835	-0.6	2160000000000000.0
5800	835	-0.55	2170000000000000.0
5800	835	-0.5	2170000000000000.0
5800	835	-0.45	2180000000000000.0
5800	835	-0.4	2180000000000000.0
5800	835	-0.35	2190000000000000.0
5800	835	-0.3	2190000000000000.0
5800	835	-0.25	2200000000000000.0
5800	835	-0.2	2200000000000000.0
5800	835	-0.15	2210000000000000.0
5800	835	-0.1	2210000000000000.0
5800	835	-0.05	2220000000000000.0
5800	835	0.0	2220000000000000.0
5800	835	0.05	2230000000000000.0
5800	835	0.1	2240000000000000.0
5800	835	0.15	2240000000000000.0
5800	835	0.2	2250000000000000.0
5800	835	0.25	2250000000000000.0
5800	835	0.3	2260000000000000.0
5800	835	0.35	2270000000000000.0
5800	835	0.4	2270000000000000.0
5800	835	0.45	2280000000000000.0
5800	835	0.5	2290000000000000.0
5800	835	0.6	2300000000000000.0
5800	835	0.7	2320000000000000.0
5800	835	0.8	2330000000000000.0
5800	835	0.9	2350000000000000.0
5800	840	-1.0	2120000000000000.0
5800	840	-0.95	2120000000000000.0
5800	840	-0.9	2130000000000000.0
5800	840	-0.85	2130000000000000.0
5800	840	-0.8	2120000000000000.0
5800	840	-0.75	2140000000000000.0
5800	840	-0.7	2150000000000000.0
5800	840	-0.65	2150000000000000.0
5800	840	-0.6	2160000000000000.0
5800	840	-0.55	2160000000000000.0
5800	840	-0.5	2170000000000000.0
5800	840	-0.45	2170000000000000.0
5800	840	-0.4	2180000000000000.0
5800	840	-0.35	2180000000000000.0
5800	840	-0.3	2190000000000000.0
5800	840	-0.25	2190000000000000.0
5800	840	-0.2	2200000000000000.0
5800	840	-0.15	2200000000000000.0
5800	840	-0.1	2210000000000000.0
5800	840	-0.05	2210000000000000.0
5800	840	0.0	2220000000000000.0
5800	840	0.05	2230000000000000.0
5800	840	0.1	2230000000000000.0
5800	840	0.15	2240000000000000.0
5800	840	0.2	2250000000000000.0
5800	840	0.25	2250000000000000.0
5800	840	0.3	2260000000000000.0
5800	840	0.35	2270000000000000.0
5800	840	0.4	2280000000000000.0
5800	840	0.45	2280000000000000.0
5800	840	0.5	2290000000000000.0
5800	840	0.6	2310000000000000.0
5800	840	0.7	2330000000000000.0
5800	840	0.8	2340000000000000.0
5800	840	0.9	2360000000000000.0
5800	845	-1.0	2110000000000000.0
5800	845	-0.95	2110000000000000.0
5800	845	-0.9	2120000000000000.0
5800	845	-0.85	2120000000000000.0
5800	845	-0.8	2120000000000000.0
5800	845	-0.75	2130000000000000.0
5800	845	-0.7	2130000000000000.0
5800	845	-0.65	2140000000000000.0
5800	845	-0.6	2140000000000000.0
5800	845	-0.55	2140000000000000.0
5800	845	-0.5	2150000000000000.0
5800	845	-0.45	2150000000000000.0
5800	845	-0.4	2160000000000000.0
5800	845	-0.35	2160000000000000.0
5800	845	-0.3	2170000000000000.0
5800	845	-0.25	2170000000000000.0
5800	845	-0.2	2180000000000000.0
5800	845	-0.15	2180000000000000.0
5800	845	-0.1	2190000000000000.0
5800	845	-0.05	2190000000000000.0
5800	845	0.0	2200000000000000.0
5800	845	0.05	2200000000000000.0
5800	845	0.1	2210000000000000.0
5800	845	0.15	2210000000000000.0
5800	845	0.2	2220000000000000.0
5800	845	0.25	2230000000000000.0
5800	845	0.3	2230000000000000.0
5800	845	0.35	2240000000000000.0
5800	845	0.4	2250000000000000.0
5800	845	0.45	2250000000000000.0
5800	845	0.5	2260000000000000.0
5800	845	0.6	2270000000000000.0
5800	845	0.7	2290000000000000.0
5800	845	0.8	2310000000000000.0
5800	845	0.9	2320000000000000.0
5800	850	-1.0	2070000000000000.0
5800	850	-0.95	2070000000000000.0
5800	850	-0.9	2080000000000000.0
5800	850	-0.85	2080000000000000.0
5800	850	-0.8	2080000000000000.0
5800	850	-0.75	2090000000000000.0
5800	850	-0.7	2090000000000000.0
5800	850	-0.65	2090000000000000.0
5800	850	-0.6	2100000000000000.0
5800	850	-0.55	2100000000000000.0
5800	850	-0.5	2100000000000000.0
5800	850	-0.45	2110000000000000.0
5800	850	-0.4	2110000000000000.0
5800	850	-0.35	2120000000000000.0
5800	850	-0.3	2120000000000000.0
5800	850	-0.25	2120000000000000.0
5800	850	-0.2	2130000000000000.0
5800	850	-0.15	2130000000000000.0
5800	850	-0.1	2140000000000000.0
5800	850	-0.05	2140000000000000.0
5800	850	0.0	2150000000000000.0
5800	850	0.05	2150000000000000.0
5800	850	0.1	2160000000000000.0
5800	850	0.15	2160000000000000.0
5800	850	0.2	2170000000000000.0
5800	850	0.25	2170000000000000.0
5800	850	0.3	2180000000000000.0
5800	850	0.35	2180000000000000.0
5800	850	0.4	2190000000000000.0
5800	850	0.45	2200000000000000.0
5800	850	0.5	2200000000000000.0
5800	850	0.6	2220000000000000.0
5800	850	0.7	2230000000000000.0
5800	850	0.8	2250000000000000.0
5800	850	0.9	2270000000000000.0
6300	179.40000000000001	-1.0	28000000000000.0
6300	179.40000000000001	-0.95	26600000000000.0
6300	179.40000000000001	-0.9	25200000000000.0
6300	179.40000000000001	-0.85	23600000000000.0
6300	179.40000000000001	-0.8	22100000000000.0
6300	179.40000000000001	-0.75	20700000000000.0
6300	179.40000000000001	-0.7	19100000000000.0
6300	179.40000000000001	-0.65	17600000000000.0
6300	179.40000000000001	-0.6	16100000000000.0
6300	179.40000000000001	-0.55	14700000000000.0
6300	179.40000000000001	-0.5	13200000000000.0
6300	179.40000000000001	-0.45	11800000000000.0
6300	179.40000000000001	-0.4	10500000000000.0
6300	179.40000000000001	-0.35	9290000000000.0
6300	179.40000000000001	-0.3	8130000000000.0
6300	179.40000000000001	-0.25	7070000000000.0
6300	179.40000000000001	-0.2	6090000000000.0
6300	179.40000000000001	-0.15	5210000000000.0
6300	179.40000000000001	-0.1	4420000000000.0
6300	179.40000000000001	-0.05	3730000000000.0
6300	179.40000000000001	0.0	3120000000000.0
6300	179.40000000000001	0.05	2600000000000.0
6300	179.40000000000001	0.1	2160000000000.0
6300	179.40000000000001	0.15	1790000000000.0
6300	179.40000000000001	0.2	1480000000000.0
6300	179.40000000000001	0.25	1230000000000.0
6300	179.40000000000001	0.3	1020000000000.0
6300	179.40000000000001	0.35	856000000000.0
6300	179.40000000000001	0.4	724000000000.0
6300	179.40000000000001	0.45	618000000000.0
6300	179.40000000000001	0.5	533000000000.0
6300	179.40000000000001	0.6	409000000000.0
6300	179.40000000000001	0.7	324000000000.0
6300	179.40000000000001	0.8	262000000000.0
6300	179.40000000000001	0.9	213000000000.0
6300	181	-1.0	23200000000000.0
6300	181	-0.95	21800000000000.0
6300	181	-0.9	20400000000000.0
6300	181	-0.85	19000000000000.0
6300	181	-0.8	17600000000000.0
6300	181	-0.75	16100000000000.0
6300	181	-0.7	14700000000000.0
6300	181	-0.65	13400000000000.0
6300	181	-0.6	12100000000000.0
6300	181	-0.55	10800000000000.0
6300	181	-0.5	9620000000000.0
6300	181	-0.45	8500000000000.0
6300	181	-0.4	7460000000000.0
6300	181	-0.35	6500000000000.0
6300	181	-0.3	5620000000000.0
6300	181	-0.25	4840000000000.0
6300	181	-0.2	4140000000000.0
6300	181	-0.15	3520000000000.0
6300	181	-0.1	2980000000000.0
6300	181	-0.05	2520000000000.0
6300	181	0.0	2120000000000.0
6300	181	0.05	1790000000000.0
6300	181	0.1	1510000000000.0
6300	181	0.15	1270000000000.0
6300	181	0.2	1080000000000.0
6300	181	0.25	929000000000.0
6300	181	0.3	802000000000.0
6300	181	0.35	697000000000.0
6300	181	0.4	612000000000.0
6300	181	0.45	541000000000.0
6300	181	0.5	482000000000.0
6300	181	0.6	390000000000.0
6300	181	0.7	319000000000.0
6300	181	0.8	264000000000.0
6300	181	0.9	218000000000.0
6300	182.59999999999999	-1.0	25100000000000.0
6300	182.59999999999999	-0.95	23700000000000.0
6300	182.59999999999999	-0.9	22200000000000.0
6300	182.59999999999999	-0.85	20700000000000.0
6300	182.59999999999999	-0.8	19200000000000.0
6300	182.59999999999999	-0.75	17800000000000.0
6300	182.59999999999999	-0.7	16300000000000.0
6300	182.59999999999999	-0.65	14900000000000.0
6300	182.59999999999999	-0.6	13500000000000.0
6300	182.59999999999999	-0.55	12100000000000.0
6300	182.59999999999999	-0.5	10900000000000.0
6300	182.59999999999999	-0.45	9640000000000.0
6300	182.59999999999999	-0.4	8510000000000.0
6300	182.59999999999999	-0.35	7460000000000.0
6300	182.59999999999999	-0.3	6490000000000.0
6300	182.59999999999999	-0.25	5610000000000.0
6300	182.59999999999999	-0.2	4820000000000.0
6300	182.59999999999999	-0.15	4120000000000.0
6300	182.59999999999999	-0.1	3510000000000.0
6300	182.59999999999999	-0.05	2970000000000.0
6300	182.59999999999999	0.0	2510000000000.0
6300	182.59999999999999	0.05	2130000000000.0
6300	182.59999999999999	0.1	1800000000000.0
6300	182.59999999999999	0.15	1530000000000.0
6300	182.59999999999999	0.2	1310000000000.0
6300	182.59999999999999	0.25	1130000000000.0
6300	182.59999999999999	0.3	975000000000.0
6300	182.59999999999999	0.35	852000000000.0
6300	182.59999999999999	0.4	751000000000.0
6300	182.59999999999999	0.45	667000000000.0
6300	182.59999999999999	0.5	597000000000.0
6300	182.59999999999999	0.6	486000000000.0
6300	182.59999999999999	0.7	402000000000.0
6300	182.59999999999999	0.8	334000000000.0
6300	182.59999999999999	0.9	278000000000.0
6300	184.30000000000001	-1.0	19600000000000.0
6300	184.30000000000001	-0.95	18300000000000.0
6300	184.30000000000001	-0.9	17000000000000.0
6300	184.30000000000001	-0.85	15700000000000.0
6300	184.30000000000001	-0.8	14400000000000.0
6300	184.30000000000001	-0.75	13200000000000.0
6300	184.30000000000001	-0.7	12000000000000.0
6300	184.30000000000001	-0.65	10800000000000.0
6300	184.30000000000001	-0.6	9730000000000.0
6300	184.30000000000001	-0.55	8690000000000.0
6300	184.30000000000001	-0.5	7720000000000.0
6300	184.30000000000001	-0.45	6810000000000.0
6300	184.30000000000001	-0.4	5970000000000.0
6300	184.30000000000001	-0.35	5210000000000.0
6300	184.30000000000001	-0.3	4520000000000.0
6300	184.30000000000001	-0.25	3910000000000.0
6300	184.30000000000001	-0.2	3370000000000.0
6300	184.30000000000001	-0.15	2900000000000.0
6300	184.30000000000001	-0.1	2490000000000.0
6300	184.30000000000001	-0.05	2140000000000.0
6300	184.30000000000001	0.0	1840000000000.0
6300	184.30000000000001	0.05	1590000000000.0
6300	184.30000000000001	0.1	1380000000000.0
6300	184.30000000000001	0.15	1200000000000.0
6300	184.30000000000001	0.2	1050000000000.0
6300	184.30000000000001	0.25	933000000000.0
6300	184.30000000000001	0.3	830000000000.0
6300	184.30000000000001	0.35	743000000000.0
6300	184.30000000000001	0.4	669000000000.0
6300	184.30000000000001	0.45	605000000000.0
6300	184.30000000000001	0.5	549000000000.0
6300	184.30000000000001	0.6	455000000000.0
6300	184.30000000000001	0.7	379000000000.0
6300	184.30000000000001	0.8	316000000000.0
6300	184.30000000000001	0.9	263000000000.0
6300	186	-1.0	32800000000000.0
6300	186	-0.95	31200000000000.0
6300	186	-0.9	29700000000000.0
6300	186	-0.85	28100000000000.0
6300	186	-0.8	26400000000000.0
6300	186	-0.75	24800000000000.0
6300	186	-0.7	23100000000000.0
6300	186	-0.65	21500000000000.0
6300	186	-0.6	19800000000000.0
6300	186	-0.55	18100000000000.0
6300	186	-0.5	16400000000000.0
6300	186	-0.45	14800000000000.0
6300	186	-0.4	13300000000000.0
6300	186	-0.35	11800000000000.0
6300	186	-0.3	10400000000000.0
6300	186	-0.25	9140000000000.0
6300	186	-0.2	7940000000000.0
6300	186	-0.15	6840000000000.0
6300	186	-0.1	5860000000000.0
6300	186	-0.05	4980000000000.0
6300	186	0.0	4210000000000.0
6300	186	0.05	3550000000000.0
6300	186	0.1	2980000000000.0
6300	186	0.15	2500000000000.0
6300	186	0.2	2110000000000.0
6300	186	0.25	1780000000000.0
6300	186	0.3	1510000000000.0
6300	186	0.35	1290000000000.0
6300	186	0.4	1120000000000.0
6300	186	0.45	973000000000.0
6300	186	0.5	857000000000.0
6300	186	0.6	682000000000.0
6300	186	0.7	555000000000.0
6300	186	0.8	459000000000.0
6300	186	0.9	380000000000.0
6300	187.80000000000001	-1.0	37000000000000.0
6300	187.80000000000001	-0.95	35400000000000.0
6300	187.80000000000001	-0.9	33700000000000.0
6300	187.80000000000001	-0.85	32000000000000.0
6300	187.80000000000001	-0.8	30200000000000.0
6300	187.80000000000001	-0.75	28400000000000.0
6300	187.80000000000001	-0.7	26600000000000.0
6300	187.80000000000001	-0.65	24700000000000.0
6300	187.80000000000001	-0.6	22800000000000.0
6300	187.80000000000001	-0.55	21000000000000.0
6300	187.80000000000001	-0.5	19200000000000.0
6300	187.80000000000001	-0.45	17400000000000.0
6300	187.80000000000001	-0.4	15600000000000.0
6300	187.80000000000001	-0.35	14000000000000.0
6300	187.80000000000001	-0.3	12400000000000.0
6300	187.80000000000001	-0.25	10900000000000.0
6300	187.80000000000001	-0.2	9510000000000.0
6300	187.80000000000001	-0.15	8240000000000.0
6300	187.80000000000001	-0.1	7090000000000.0
6300	187.80000000000001	-0.05	6050000000000.0
6300	187.80000000000001	0.0	5140000000000.0
6300	187.80000000000001	0.05	4350000000000.0
6300	187.80000000000001	0.1	3660000000000.0
6300	187.80000000000001	0.15	3080000000000.0
6300	187.80000000000001	0.2	2590000000000.0
6300	187.80000000000001	0.25	2190000000000.0
6300	187.80000000000001	0.3	1860000000000.0
6300	187.80000000000001	0.35	1590000000000.0
6300	187.80000000000001	0.4	1370000000000.0
6300	187.80000000000001	0.45	1190000000000.0
6300	187.80000000000001	0.5	1040000000000.0
6300	187.80000000000001	0.6	824000000000.0
6300	187.80000000000001	0.7	669000000000.0
6300	187.80000000000001	0.8	552000000000.0
6300	187.80000000000001	0.9	459000000000.0
6300	189.59999999999999	-1.0	41300000000000.0
6300	189.59999999999999	-0.95	39500000000000.0
6300	189.59999999999999	-0.9	37700000000000.0
6300	189.59999999999999	-0.85	35800000000000.0
6300	189.59999999999999	-0.8	33800000000000.0
6300	189.59999999999999	-0.75	31900000000000.0
6300	189.59999999999999	-0.7	29900000000000.0
6300	189.59999999999999	-0.65	27800000000000.0
6300	189.59999999999999	-0.6	25800000000000.0
6300	189.59999999999999	-0.55	23700000000000.0
6300	189.59999999999999	-0.5	21700000000000.0
6300	189.59999999999999	-0.45	19700000000000.0
6300	189.59999999999999	-0.4	17800000000000.0
6300	189.59999999999999	-0.35	16000000000000.0
6300	189.59999999999999	-0.3	14200000000000.0
6300	189.59999999999999	-0.25	12500000000000.0
6300	189.59999999999999	-0.2	11000000000000.0
6300	189.59999999999999	-0.15	9560000000000.0
6300	189.59999999999999	-0.1	8250000000000.0
6300	189.59999999999999	-0.05	7080000000000.0
6300	189.59999999999999	0.0	6040000000000.0
6300	189.59999999999999	0.05	5130000000000.0
6300	189.59999999999999	0.1	4340000000000.0
6300	189.59999999999999	0.15	3670000000000.0
6300	189.59999999999999	0.2	3100000000000.0
6300	189.59999999999999	0.25	2630000000000.0
6300	189.59999999999999	0.3	2250000000000.0
6300	189.59999999999999	0.35	1930000000000.0
6300	189.59999999999999	0.4	1670000000000.0
6300	189.59999999999999	0.45	1460000000000.0
6300	189.59999999999999	0.5	1290000000000.0
6300	189.59999999999999	0.6	1030000000000.0
6300	189.59999999999999	0.7	844000000000.0
6300	189.59999999999999	0.8	701000000000.0
6300	189.59999999999999	0.9	585000000000.0
6300	191.40000000000001	-1.0	45900000000000.0
6300	191.40000000000001	-0.95	43900000000000.0
6300	191.40000000000001	-0.9	41900000000000.0
6300	191.40000000000001	-0.85	39900000000000.0
6300	191.40000000000001	-0.8	37700000000000.0
6300	191.40000000000001	-0.75	35500000000000.0
6300	191.40000000000001	-0.7	33200000000000.0
6300	191.40000000000001	-0.65	30900000000000.0
6300	191.40000000000001	-0.6	28600000000000.0
6300	191.40000000000001	-0.55	26400000000000.0
6300	191.40000000000001	-0.5	24100000000000.0
6300	191.40000000000001	-0.45	21800000000000.0
6300	191.40000000000001	-0.4	19700000000000.0
6300	191.40000000000001	-0.35	17600000000000.0
6300	191.40000000000001	-0.3	15600000000000.0
6300	191.40000000000001	-0.25	13700000000000.0
6300	191.40000000000001	-0.2	12000000000000.0
6300	191.40000000000001	-0.15	10400000000000.0
6300	191.40000000000001	-0.1	8910000000000.0
6300	191.40000000000001	-0.05	7610000000000.0
6300	191.40000000000001	0.0	6460000000000.0
6300	191.40000000000001	0.05	5470000000000.0
6300	191.40000000000001	0.1	4620000000000.0
6300	191.40000000000001	0.15	3900000000000.0
6300	191.40000000000001	0.2	3290000000000.0
6300	191.40000000000001	0.25	2800000000000.0
6300	191.40000000000001	0.3	2390000000000.0
6300	191.40000000000001	0.35	2060000000000.0
6300	191.40000000000001	0.4	1800000000000.0
6300	191.40000000000001	0.45	1580000000000.0
6300	191.40000000000001	0.5	1400000000000.0
6300	191.40000000000001	0.6	1130000000000.0
6300	191.40000000000001	0.7	931000000000.0
6300	191.40000000000001	0.8	777000000000.0
6300	191.40000000000001	0.9	650000000000.0
6300	193.19999999999999	-1.0	33900000000000.0
6300	193.19999999999999	-0.95	31700000000000.0
6300	193.19999999999999	-0.9	29500000000000.0
6300	193.19999999999999	-0.85	27300000000000.0
6300	193.19999999999999	-0.8	25100000000000.0
6300	193.19999999999999	-0.75	23100000000000.0
6300	193.19999999999999	-0.7	21100000000000.0
6300	193.19999999999999	-0.65	19100000000000.0
6300	193.19999999999999	-0.6	17300000000000.0
6300	193.19999999999999	-0.55	15500000000000.0
6300	193.19999999999999	-0.5	13800000000000.0
6300	193.19999999999999	-0.45	12300000000000.0
6300	193.19999999999999	-0.4	10900000000000.0
6300	193.19999999999999	-0.35	9530000000000.0
6300	193.19999999999999	-0.3	8340000000000.0
6300	193.19999999999999	-0.25	7260000000000.0
6300	193.19999999999999	-0.2	6300000000000.0
6300	193.19999999999999	-0.15	5450000000000.0
6300	193.19999999999999	-0.1	4720000000000.0
6300	193.19999999999999	-0.05	4080000000000.0
6300	193.19999999999999	0.0	3540000000000.0
6300	193.19999999999999	0.05	3080000000000.0
6300	193.19999999999999	0.1	2690000000000.0
6300	193.19999999999999	0.15	2360000000000.0
6300	193.19999999999999	0.2	2090000000000.0
6300	193.19999999999999	0.25	1860000000000.0
6300	193.19999999999999	0.3	1670000000000.0
6300	193.19999999999999	0.35	1510000000000.0
6300	193.19999999999999	0.4	1370000000000.0
6300	193.19999999999999	0.45	1250000000000.0
6300	193.19999999999999	0.5	1140000000000.0
6300	193.19999999999999	0.6	958000000000.0
6300	193.19999999999999	0.7	808000000000.0
6300	193.19999999999999	0.8	682000000000.0
6300	193.19999999999999	0.9	575000000000.0
6300	195.09999999999999	-1.0	58200000000000.0
6300	195.09999999999999	-0.95	55800000000000.0
6300	195.09999999999999	-0.9	53400000000000.0
6300	195.09999999999999	-0.85	50800000000000.0
6300	195.09999999999999	-0.8	48100000000000.0
6300	195.09999999999999	-0.75	45400000000000.0
6300	195.09999999999999	-0.7	42600000000000.0
6300	195.09999999999999	-0.65	39700000000000.0
6300	195.09999999999999	-0.6	36900000000000.0
6300	195.09999999999999	-0.55	34000000000000.0
6300	195.09999999999999	-0.5	31200000000000.0
6300	195.09999999999999	-0.45	28300000000000.0
6300	195.09999999999999	-0.4	25600000000000.0
6300	195.09999999999999	-0.35	23000000000000.0
6300	195.09999999999999	-0.3	20400000000000.0
6300	195.09999999999999	-0.25	18000000000000.0
6300	195.09999999999999	-0.2	15800000000000.0
6300	195.09999999999999	-0.15	13700000000000.0
6300	195.09999999999999	-0.1	11900000000000.0
6300	195.09999999999999	-0.05	10200000000000.0
6300	195.09999999999999	0.0	8690000000000.0
6300	195.09999999999999	0.05	7400000000000.0
6300	195.09999999999999	0.1	6280000000000.0
6300	195.09999999999999	0.15	5330000000000.0
6300	195.09999999999999	0.2	4540000000000.0
6300	195.09999999999999	0.25	3880000000000.0
6300	195.09999999999999	0.3	3340000000000.0
6300	195.09999999999999	0.35	2900000000000.0
6300	195.09999999999999	0.4	2540000000000.0
6300	195.09999999999999	0.45	2250000000000.0
6300	195.09999999999999	0.5	2010000000000.0
6300	195.09999999999999	0.6	1630000000000.0
6300	195.09999999999999	0.7	1360000000000.0
6300	195.09999999999999	0.8	1140000000000.0
6300	195.09999999999999	0.9	957000000000.0
6300	197	-1.0	66300000000000.0
6300	197	-0.95	63800000000000.0
6300	197	-0.9	61000000000000.0
6300	197	-0.85	58100000000000.0
6300	197	-0.8	55100000000000.0
6300	197	-0.75	52200000000000.0
6300	197	-0.7	49100000000000.0
6300	197	-0.65	45900000000000.0
6300	197	-0.6	42600000000000.0
6300	197	-0.55	39400000000000.0
6300	197	-0.5	36100000000000.0
6300	197	-0.45	32900000000000.0
6300	197	-0.4	29800000000000.0
6300	197	-0.35	26700000000000.0
6300	197	-0.3	23800000000000.0
6300	197	-0.25	21100000000000.0
6300	197	-0.2	18500000000000.0
6300	197	-0.15	16100000000000.0
6300	197	-0.1	13900000000000.0
6300	197	-0.05	12000000000000.0
6300	197	0.0	10200000000000.0
6300	197	0.05	8730000000000.0
6300	197	0.1	7430000000000.0
6300	197	0.15	6320000000000.0
6300	197	0.2	5390000000000.0
6300	197	0.25	4630000000000.0
6300	197	0.3	4000000000000.0
6300	197	0.35	3480000000000.0
6300	197	0.4	3060000000000.0
6300	197	0.45	2710000000000.0
6300	197	0.5	2430000000000.0
6300	197	0.6	1990000000000.0
6300	197	0.7	1660000000000.0
6300	197	0.8	1400000000000.0
6300	197	0.9	1180000000000.0
6300	199	-1.0	51900000000000.0
6300	199	-0.95	50100000000000.0
6300	199	-0.9	48100000000000.0
6300	199	-0.85	46100000000000.0
6300	199	-0.8	43900000000000.0
6300	199	-0.75	41700000000000.0
6300	199	-0.7	39400000000000.0
6300	199	-0.65	37100000000000.0
6300	199	-0.6	34700000000000.0
6300	199	-0.55	32300000000000.0
6300	199	-0.5	29900000000000.0
6300	199	-0.45	27500000000000.0
6300	199	-0.4	25200000000000.0
6300	199	-0.35	22900000000000.0
6300	199	-0.3	20600000000000.0
6300	199	-0.25	18500000000000.0
6300	199	-0.2	16400000000000.0
6300	199	-0.15	14500000000000.0
6300	199	-0.1	12800000000000.0
6300	199	-0.05	11200000000000.0
6300	199	0.0	9740000000000.0
6300	199	0.05	8460000000000.0
6300	199	0.1	7340000000000.0
6300	199	0.15	6370000000000.0
6300	199	0.2	5530000000000.0
6300	199	0.25	4830000000000.0
6300	199	0.3	4240000000000.0
6300	199	0.35	3740000000000.0
6300	199	0.4	3330000000000.0
6300	199	0.45	2990000000000.0
6300	199	0.5	2700000000000.0
6300	199	0.6	2230000000000.0
6300	199	0.7	1880000000000.0
6300	199	0.8	1590000000000.0
6300	199	0.9	1350000000000.0
6300	201	-1.0	66800000000000.0
6300	201	-0.95	64200000000000.0
6300	201	-0.9	61400000000000.0
6300	201	-0.85	58500000000000.0
6300	201	-0.8	55500000000000.0
6300	201	-0.75	52600000000000.0
6300	201	-0.7	49500000000000.0
6300	201	-0.65	46400000000000.0
6300	201	-0.6	43200000000000.0
6300	201	-0.55	40000000000000.0
6300	201	-0.5	36900000000000.0
6300	201	-0.45	33800000000000.0
6300	201	-0.4	30700000000000.0
6300	201	-0.35	27800000000000.0
6300	201	-0.3	24900000000000.0
6300	201	-0.25	22200000000000.0
6300	201	-0.2	19700000000000.0
6300	201	-0.15	17300000000000.0
6300	201	-0.1	15200000000000.0
6300	201	-0.05	13200000000000.0
6300	201	0.0	11400000000000.0
6300	201	0.05	9870000000000.0
6300	201	0.1	8510000000000.0
6300	201	0.15	7330000000000.0
6300	201	0.2	6330000000000.0
6300	201	0.25	5490000000000.0
6300	201	0.3	4790000000000.0
6300	201	0.35	4200000000000.0
6300	201	0.4	3720000000000.0
6300	201	0.45	3320000000000.0
6300	201	0.5	2980000000000.0
6300	201	0.6	2460000000000.0
6300	201	0.7	2060000000000.0
6300	201	0.8	1750000000000.0
6300	201	0.9	1480000000000.0
6300	203	-1.0	68100000000000.0
6300	203	-0.95	65400000000000.0
6300	203	-0.9	62600000000000.0
6300	203	-0.85	59800000000000.0
6300	203	-0.8	56700000000000.0
6300	203	-0.75	53800000000000.0
6300	203	-0.7	50700000000000.0
6300	203	-0.65	47600000000000.0
6300	203	-0.6	44400000000000.0
6300	203	-0.55	41200000000000.0
6300	203	-0.5	38100000000000.0
6300	203	-0.45	34900000000000.0
6300	203	-0.4	31900000000000.0
6300	203	-0.35	28900000000000.0
6300	203	-0.3	26000000000000.0
6300	203	-0.25	23300000000000.0
6300	203	-0.2	20700000000000.0
6300	203	-0.15	18300000000000.0
6300	203	-0.1	16000000000000.0
6300	203	-0.05	14000000000000.0
6300	203	0.0	12100000000000.0
6300	203	0.05	10500000000000.0
6300	203	0.1	9070000000000.0
6300	203	0.15	7830000000000.0
6300	203	0.2	6770000000000.0
6300	203	0.25	5880000000000.0
6300	203	0.3	5130000000000.0
6300	203	0.35	4500000000000.0
6300	203	0.4	3990000000000.0
6300	203	0.45	3560000000000.0
6300	203	0.5	3200000000000.0
6300	203	0.6	2630000000000.0
6300	203	0.7	2210000000000.0
6300	203	0.8	1870000000000.0
6300	203	0.9	1590000000000.0
6300	205.09999999999999	-1.0	88900000000000.0
6300	205.09999999999999	-0.95	85800000000000.0
6300	205.09999999999999	-0.9	82500000000000.0
6300	205.09999999999999	-0.85	79000000000000.0
6300	205.09999999999999	-0.8	75400000000000.0
6300	205.09999999999999	-0.75	71800000000000.0
6300	205.09999999999999	-0.7	68000000000000.0
6300	205.09999999999999	-0.65	64100000000000.0
6300	205.09999999999999	-0.6	60100000000000.0
6300	205.09999999999999	-0.55	56000000000000.0
6300	205.09999999999999	-0.5	51900000000000.0
6300	205.09999999999999	-0.45	47800000000000.0
6300	205.09999999999999	-0.4	43800000000000.0
6300	205.09999999999999	-0.35	39800000000000.0
6300	205.09999999999999	-0.3	35900000000000.0
6300	205.09999999999999	-0.25	32200000000000.0
6300	205.09999999999999	-0.2	28700000000000.0
6300	205.09999999999999	-0.15	25300000000000.0
6300	205.09999999999999	-0.1	22200000000000.0
6300	205.09999999999999	-0.05	19300000000000.0
6300	205.09999999999999	0.0	16800000000000.0
6300	205.09999999999999	0.05	14500000000000.0
6300	205.09999999999999	0.1	12400000000000.0
6300	205.09999999999999	0.15	10700000000000.0
6300	205.09999999999999	0.2	9200000000000.0
6300	205.09999999999999	0.25	7950000000000.0
6300	205.09999999999999	0.3	6900000000000.0
6300	205.09999999999999	0.35	6030000000000.0
6300	205.09999999999999	0.4	5320000000000.0
6300	205.09999999999999	0.45	4720000000000.0
6300	205.09999999999999	0.5	4230000000000.0
6300	205.09999999999999	0.6	3480000000000.0
6300	205.09999999999999	0.7	2920000000000.0
6300	205.09999999999999	0.8	2470000000000.0
6300	205.09999999999999	0.9	2100000000000.0
6300	207.30000000000001	-1.0	91000000000000.0
6300	207.30000000000001	-0.95	87300000000000.0
6300	207.30000000000001	-0.9	83400000000000.0
6300	207.30000000000001	-0.85	79400000000000.0
6300	207.30000000000001	-0.8	75300000000000.0
6300	207.30000000000001	-0.75	70900000000000.0
6300	207.30000000000001	-0.7	66500000000000.0
6300	207.30000000000001	-0.65	62000000000000.0
6300	207.30000000000001	-0.6	57500000000000.0
6300	207.30000000000001	-0.55	53000000000000.0
6300	207.30000000000001	-0.5	48500000000000.0
6300	207.30000000000001	-0.45	44100000000000.0
6300	207.30000000000001	-0.4	39900000000000.0
6300	207.30000000000001	-0.35	35800000000000.0
6300	207.30000000000001	-0.3	31800000000000.0
6300	207.30000000000001	-0.25	28200000000000.0
6300	207.30000000000001	-0.2	24800000000000.0
6300	207.30000000000001	-0.15	21600000000000.0
6300	207.30000000000001	-0.1	18800000000000.0
6300	207.30000000000001	-0.05	16300000000000.0
6300	207.30000000000001	0.0	14100000000000.0
6300	207.30000000000001	0.05	12200000000000.0
6300	207.30000000000001	0.1	10500000000000.0
6300	207.30000000000001	0.15	9110000000000.0
6300	207.30000000000001	0.2	7940000000000.0
6300	207.30000000000001	0.25	6970000000000.0
6300	207.30000000000001	0.3	6160000000000.0
6300	207.30000000000001	0.35	5490000000000.0
6300	207.30000000000001	0.4	4930000000000.0
6300	207.30000000000001	0.45	4460000000000.0
6300	207.30000000000001	0.5	4060000000000.0
6300	207.30000000000001	0.6	3420000000000.0
6300	207.30000000000001	0.7	2900000000000.0
6300	207.30000000000001	0.8	2480000000000.0
6300	207.30000000000001	0.9	2110000000000.0
6300	209.40000000000001	-1.0	65300000000000.0
6300	209.40000000000001	-0.95	63800000000000.0
6300	209.40000000000001	-0.9	62300000000000.0
6300	209.40000000000001	-0.85	60500000000000.0
6300	209.40000000000001	-0.8	58800000000000.0
6300	209.40000000000001	-0.75	57100000000000.0
6300	209.40000000000001	-0.7	55300000000000.0
6300	209.40000000000001	-0.65	53300000000000.0
6300	209.40000000000001	-0.6	51200000000000.0
6300	209.40000000000001	-0.55	49100000000000.0
6300	209.40000000000001	-0.5	46800000000000.0
6300	209.40000000000001	-0.45	44600000000000.0
6300	209.40000000000001	-0.4	42200000000000.0
6300	209.40000000000001	-0.35	39900000000000.0
6300	209.40000000000001	-0.3	37500000000000.0
6300	209.40000000000001	-0.25	35100000000000.0
6300	209.40000000000001	-0.2	32600000000000.0
6300	209.40000000000001	-0.15	30300000000000.0
6300	209.40000000000001	-0.1	27900000000000.0
6300	209.40000000000001	-0.05	25700000000000.0
6300	209.40000000000001	0.0	23500000000000.0
6300	209.40000000000001	0.05	21400000000000.0
6300	209.40000000000001	0.1	19400000000000.0
6300	209.40000000000001	0.15	17600000000000.0
6300	209.40000000000001	0.2	15900000000000.0
6300	209.40000000000001	0.25	14300000000000.0
6300	209.40000000000001	0.3	12900000000000.0
6300	209.40000000000001	0.35	11600000000000.0
6300	209.40000000000001	0.4	10400000000000.0
6300	209.40000000000001	0.45	9320000000000.0
6300	209.40000000000001	0.5	8380000000000.0
6300	209.40000000000001	0.6	6820000000000.0
6300	209.40000000000001	0.7	5600000000000.0
6300	209.40000000000001	0.8	4650000000000.0
6300	209.40000000000001	0.9	3900000000000.0
6300	211.59999999999999	-1.0	47300000000000.0
6300	211.59999999999999	-0.95	46700000000000.0
6300	211.59999999999999	-0.9	46100000000000.0
6300	211.59999999999999	-0.85	45400000000000.0
6300	211.59999999999999	-0.8	44800000000000.0
6300	211.59999999999999	-0.75	44000000000000.0
6300	211.59999999999999	-0.7	43200000000000.0
6300	211.59999999999999	-0.65	42400000000000.0
6300	211.59999999999999	-0.6	41500000000000.0
6300	211.59999999999999	-0.55	40600000000000.0
6300	211.59999999999999	-0.5	39600000000000.0
6300	211.59999999999999	-0.45	38600000000000.0
6300	211.59999999999999	-0.4	37500000000000.0
6300	211.59999999999999	-0.35	36400000000000.0
6300	211.59999999999999	-0.3	35300000000000.0
6300	211.59999999999999	-0.25	34100000000000.0
6300	211.59999999999999	-0.2	32800000000000.0
6300	211.59999999999999	-0.15	31500000000000.0
6300	211.59999999999999	-0.1	30200000000000.0
6300	211.59999999999999	-0.05	28800000000000.0
6300	211.59999999999999	0.0	27400000000000.0
6300	211.59999999999999	0.05	26000000000000.0
6300	211.59999999999999	0.1	24600000000000.0
6300	211.59999999999999	0.15	23100000000000.0
6300	211.59999999999999	0.2	21700000000000.0
6300	211.59999999999999	0.25	20300000000000.0
6300	211.59999999999999	0.3	18900000000000.0
6300	211.59999999999999	0.35	17500000000000.0
6300	211.59999999999999	0.4	16200000000000.0
6300	211.59999999999999	0.45	14900000000000.0
6300	211.59999999999999	0.5	13700000000000.0
6300	211.59999999999999	0.6	11400000000000.0
6300	211.59999999999999	0.7	9440000000000.0
6300	211.59999999999999	0.8	7780000000000.0
6300	211.59999999999999	0.9	6420000000000.0
6300	213.90000000000001	-1.0	46300000000000.0
6300	213.90000000000001	-0.95	45800000000000.0
6300	213.90000000000001	-0.9	45200000000000.0
6300	213.90000000000001	-0.85	44700000000000.0
6300	213.90000000000001	-0.8	44000000000000.0
6300	213.90000000000001	-0.75	43400000000000.0
6300	213.90000000000001	-0.7	42700000000000.0
6300	213.90000000000001	-0.65	42000000000000.0
6300	213.90000000000001	-0.6	41300000000000.0
6300	213.90000000000001	-0.55	40500000000000.0
6300	213.90000000000001	-0.5	39600000000000.0
6300	213.90000000000001	-0.45	38800000000000.0
6300	213.90000000000001	-0.4	37800000000000.0
6300	213.90000000000001	-0.35	36900000000000.0
6300	213.90000000000001	-0.3	35900000000000.0
6300	213.90000000000001	-0.25	34800000000000.0
6300	213.90000000000001	-0.2	33700000000000.0
6300	213.90000000000001	-0.15	32500000000000.0
6300	213.90000000000001	-0.1	31300000000000.0
6300	213.90000000000001	-0.05	30100000000000.0
6300	213.90000000000001	0.0	28800000000000.0
6300	213.90000000000001	0.05	27500000000000.0
6300	213.90000000000001	0.1	26200000000000.0
6300	213.90000000000001	0.15	24800000000000.0
6300	213.90000000000001	0.2	23500000000000.0
6300	213.90000000000001	0.25	22100000000000.0
6300	213.90000000000001	0.3	20700000000000.0
6300	213.90000000000001	0.35	19400000000000.0
6300	213.90000000000001	0.4	18100000000000.0
6300	213.90000000000001	0.45	16700000000000.0
6300	213.90000000000001	0.5	15500000000000.0
6300	213.90000000000001	0.6	13100000000000.0
6300	213.90000000000001	0.7	11000000000000.0
6300	213.90000000000001	0.8	9180000000000.0
6300	213.90000000000001	0.9	7640000000000.0
6300	216.19999999999999	-1.0	37600000000000.0
6300	216.19999999999999	-0.95	37400000000000.0
6300	216.19999999999999	-0.9	37000000000000.0
6300	216.19999999999999	-0.85	36700000000000.0
6300	216.19999999999999	-0.8	36300000000000.0
6300	216.19999999999999	-0.75	36000000000000.0
6300	216.19999999999999	-0.7	35600000000000.0
6300	216.19999999999999	-0.65	35100000000000.0
6300	216.19999999999999	-0.6	34700000000000.0
6300	216.19999999999999	-0.55	34200000000000.0
6300	216.19999999999999	-0.5	33700000000000.0
6300	216.19999999999999	-0.45	33100000000000.0
6300	216.19999999999999	-0.4	32500000000000.0
6300	216.19999999999999	-0.35	31900000000000.0
6300	216.19999999999999	-0.3	31200000000000.0
6300	216.19999999999999	-0.25	30500000000000.0
6300	216.19999999999999	-0.2	29700000000000.0
6300	216.19999999999999	-0.15	28900000000000.0
6300	216.19999999999999	-0.1	28000000000000.0
6300	216.19999999999999	-0.05	27100000000000.0
6300	216.19999999999999	0.0	26200000000000.0
6300	216.19999999999999	0.05	25200000000000.0
6300	216.19999999999999	0.1	24200000000000.0
6300	216.19999999999999	0.15	23100000000000.0
6300	216.19999999999999	0.2	22100000000000.0
6300	216.19999999999999	0.25	21000000000000.0
6300	216.19999999999999	0.3	19900000000000.0
6300	216.19999999999999	0.35	18700000000000.0
6300	216.19999999999999	0.4	17700000000000.0
6300	216.19999999999999	0.45	16600000000000.0
6300	216.19999999999999	0.5	15500000000000.0
6300	216.19999999999999	0.6	13400000000000.0
6300	216.19999999999999	0.7	11500000000000.0
6300	216.19999999999999	0.8	9820000000000.0
6300	216.19999999999999	0.9	8340000000000.0
6300	218.59999999999999	-1.0	63100000000000.0
6300	218.59999999999999	-0.95	62500000000000.0
6300	218.59999999999999	-0.9	61900000000000.0
6300	218.59999999999999	-0.85	61200000000000.0
6300	218.59999999999999	-0.8	60400000000000.0
6300	218.59999999999999	-0.75	59600000000000.0
6300	218.59999999999999	-0.7	58800000000000.0
6300	218.59999999999999	-0.65	57900000000000.0
6300	218.59999999999999	-0.6	56900000000000.0
6300	218.59999999999999	-0.55	55900000000000.0
6300	218.59999999999999	-0.5	54800000000000.0
6300	218.59999999999999	-0.45	53700000000000.0
6300	218.59999999999999	-0.4	52500000000000.0
6300	218.59999999999999	-0.35	51200000000000.0
6300	218.59999999999999	-0.3	49800000000000.0
6300	218.59999999999999	-0.25	48400000000000.0
6300	218.59999999999999	-0.2	46900000000000.0
6300	218.59999999999999	-0.15	45300000000000.0
6300	218.59999999999999	-0.1	43700000000000.0
6300	218.59999999999999	-0.05	42000000000000.0
6300	218.59999999999999	0.0	40200000000000.0
6300	218.59999999999999	0.05	38400000000000.0
6300	218.59999999999999	0.1	36500000000000.0
6300	218.59999999999999	0.15	34600000000000.0
6300	218.59999999999999	0.2	32700000000000.0
6300	218.59999999999999	0.25	30700000000000.0
6300	218.59999999999999	0.3	28800000000000.0
6300	218.59999999999999	0.35	26900000000000.0
6300	218.59999999999999	0.4	25000000000000.0
6300	218.59999999999999	0.45	23100000000000.0
6300	218.59999999999999	0.5	21300000000000.0
6300	218.59999999999999	0.6	18000000000000.0
6300	218.59999999999999	0.7	15000000000000.0
6300	218.59999999999999	0.8	12400000000000.0
6300	218.59999999999999	0.9	10300000000000.0
6300	221	-1.0	52600000000000.0
6300	221	-0.95	52000000000000.0
6300	221	-0.9	51400000000000.0
6300	221	-0.85	50900000000000.0
6300	221	-0.8	50200000000000.0
6300	221	-0.75	49500000000000.0
6300	221	-0.7	48700000000000.0
6300	221	-0.65	48000000000000.0
6300	221	-0.6	47200000000000.0
6300	221	-0.55	46300000000000.0
6300	221	-0.5	45400000000000.0
6300	221	-0.45	44400000000000.0
6300	221	-0.4	43400000000000.0
6300	221	-0.35	42300000000000.0
6300	221	-0.3	41200000000000.0
6300	221	-0.25	40100000000000.0
6300	221	-0.2	38800000000000.0
6300	221	-0.15	37600000000000.0
6300	221	-0.1	36300000000000.0
6300	221	-0.05	34900000000000.0
6300	221	0.0	33500000000000.0
6300	221	0.05	32100000000000.0
6300	221	0.1	30600000000000.0
6300	221	0.15	29100000000000.0
6300	221	0.2	27600000000000.0
6300	221	0.25	26100000000000.0
6300	221	0.3	24600000000000.0
6300	221	0.35	23100000000000.0
6300	221	0.4	21600000000000.0
6300	221	0.45	20200000000000.0
6300	221	0.5	18800000000000.0
6300	221	0.6	16200000000000.0
6300	221	0.7	13800000000000.0
6300	221	0.8	11700000000000.0
6300	221	0.9	9930000000000.0
6300	223.5	-1.0	80000000000000.0
6300	223.5	-0.95	79100000000000.0
6300	223.5	-0.9	78200000000000.0
6300	223.5	-0.85	77300000000000.0
6300	223.5	-0.8	76300000000000.0
6300	223.5	-0.75	75200000000000.0
6300	223.5	-0.7	74100000000000.0
6300	223.5	-0.65	72900000000000.0
6300	223.5	-0.6	71600000000000.0
6300	223.5	-0.55	70300000000000.0
6300	223.5	-0.5	68900000000000.0
6300	223.5	-0.45	67500000000000.0
6300	223.5	-0.4	65900000000000.0
6300	223.5	-0.35	64300000000000.0
6300	223.5	-0.3	62600000000000.0
6300	223.5	-0.25	60800000000000.0
6300	223.5	-0.2	59000000000000.0
6300	223.5	-0.15	57000000000000.0
6300	223.5	-0.1	55000000000000.0
6300	223.5	-0.05	52800000000000.0
6300	223.5	0.0	50700000000000.0
6300	223.5	0.05	48400000000000.0
6300	223.5	0.1	46100000000000.0
6300	223.5	0.15	43700000000000.0
6300	223.5	0.2	41400000000000.0
6300	223.5	0.25	39000000000000.0
6300	223.5	0.3	36600000000000.0
6300	223.5	0.35	34200000000000.0
6300	223.5	0.4	31900000000000.0
6300	223.5	0.45	29600000000000.0
6300	223.5	0.5	27400000000000.0
6300	223.5	0.6	23200000000000.0
6300	223.5	0.7	19500000000000.0
6300	223.5	0.8	16300000000000.0
6300	223.5	0.9	13600000000000.0
6300	226	-1.0	56700000000000.0
6300	226	-0.95	56100000000000.0
6300	226	-0.9	55400000000000.0
6300	226	-0.85	54500000000000.0
6300	226	-0.8	53800000000000.0
6300	226	-0.75	53000000000000.0
6300	226	-0.7	52200000000000.0
6300	226	-0.65	51300000000000.0
6300	226	-0.6	50300000000000.0
6300	226	-0.55	49400000000000.0
6300	226	-0.5	48400000000000.0
6300	226	-0.45	47300000000000.0
6300	226	-0.4	46200000000000.0
6300	226	-0.35	45000000000000.0
6300	226	-0.3	43800000000000.0
6300	226	-0.25	42600000000000.0
6300	226	-0.2	41300000000000.0
6300	226	-0.15	40000000000000.0
6300	226	-0.1	38600000000000.0
6300	226	-0.05	37200000000000.0
6300	226	0.0	35800000000000.0
6300	226	0.05	34300000000000.0
6300	226	0.1	32900000000000.0
6300	226	0.15	31400000000000.0
6300	226	0.2	29900000000000.0
6300	226	0.25	28400000000000.0
6300	226	0.3	26900000000000.0
6300	226	0.35	25400000000000.0
6300	226	0.4	23900000000000.0
6300	226	0.45	22500000000000.0
6300	226	0.5	21100000000000.0
6300	226	0.6	18400000000000.0
6300	226	0.7	16000000000000.0
6300	226	0.8	13900000000000.0
6300	226	0.9	12000000000000.0
6300	228.59999999999999	-1.0	68600000000000.0
6300	228.59999999999999	-0.95	67900000000000.0
6300	228.59999999999999	-0.9	67100000000000.0
6300	228.59999999999999	-0.85	66300000000000.0
6300	228.59999999999999	-0.8	65400000000000.0
6300	228.59999999999999	-0.75	64400000000000.0
6300	228.59999999999999	-0.7	63400000000000.0
6300	228.59999999999999	-0.65	62400000000000.0
6300	228.59999999999999	-0.6	61300000000000.0
6300	228.59999999999999	-0.55	60100000000000.0
6300	228.59999999999999	-0.5	58900000000000.0
6300	228.59999999999999	-0.45	57700000000000.0
6300	228.59999999999999	-0.4	56400000000000.0
6300	228.59999999999999	-0.35	55000000000000.0
6300	228.59999999999999	-0.3	53600000000000.0
6300	228.59999999999999	-0.25	52100000000000.0
6300	228.59999999999999	-0.2	50500000000000.0
6300	228.59999999999999	-0.15	48900000000000.0
6300	228.59999999999999	-0.1	47300000000000.0
6300	228.59999999999999	-0.05	45600000000000.0
6300	228.59999999999999	0.0	43800000000000.0
6300	228.59999999999999	0.05	42000000000000.0
6300	228.59999999999999	0.1	40200000000000.0
6300	228.59999999999999	0.15	38400000000000.0
6300	228.59999999999999	0.2	36500000000000.0
6300	228.59999999999999	0.25	34600000000000.0
6300	228.59999999999999	0.3	32800000000000.0
6300	228.59999999999999	0.35	30900000000000.0
6300	228.59999999999999	0.4	29100000000000.0
6300	228.59999999999999	0.45	27300000000000.0
6300	228.59999999999999	0.5	25600000000000.0
6300	228.59999999999999	0.6	22300000000000.0
6300	228.59999999999999	0.7	19300000000000.0
6300	228.59999999999999	0.8	16600000000000.0
6300	228.59999999999999	0.9	14300000000000.0
6300	231.19999999999999	-1.0	56800000000000.0
6300	231.19999999999999	-0.95	56400000000000.0
6300	231.19999999999999	-0.9	55900000000000.0
6300	231.19999999999999	-0.85	55400000000000.0
6300	231.19999999999999	-0.8	55000000000000.0
6300	231.19999999999999	-0.75	54200000000000.0
6300	231.19999999999999	-0.7	53500000000000.0
6300	231.19999999999999	-0.65	52800000000000.0
6300	231.19999999999999	-0.6	52100000000000.0
6300	231.19999999999999	-0.55	51300000000000.0
6300	231.19999999999999	-0.5	50500000000000.0
6300	231.19999999999999	-0.45	49600000000000.0
6300	231.19999999999999	-0.4	48700000000000.0
6300	231.19999999999999	-0.35	47700000000000.0
6300	231.19999999999999	-0.3	46700000000000.0
6300	231.19999999999999	-0.25	45700000000000.0
6300	231.19999999999999	-0.2	44500000000000.0
6300	231.19999999999999	-0.15	43400000000000.0
6300	231.19999999999999	-0.1	42100000000000.0
6300	231.19999999999999	-0.05	40900000000000.0
6300	231.19999999999999	0.0	39600000000000.0
6300	231.19999999999999	0.05	38200000000000.0
6300	231.19999999999999	0.1	36800000000000.0
6300	231.19999999999999	0.15	35400000000000.0
6300	231.19999999999999	0.2	33900000000000.0
6300	231.19999999999999	0.25	32500000000000.0
6300	231.19999999999999	0.3	31000000000000.0
6300	231.19999999999999	0.35	29500000000000.0
6300	231.19999999999999	0.4	28000000000000.0
6300	231.19999999999999	0.45	26500000000000.0
6300	231.19999999999999	0.5	25100000000000.0
6300	231.19999999999999	0.6	22300000000000.0
6300	231.19999999999999	0.7	19600000000000.0
6300	231.19999999999999	0.8	17200000000000.0
6300	231.19999999999999	0.9	15100000000000.0
6300	233.90000000000001	-1.0	46200000000000.0
6300	233.90000000000001	-0.95	45600000000000.0
6300	233.90000000000001	-0.9	44800000000000.0
6300	233.90000000000001	-0.85	44200000000000.0
6300	233.90000000000001	-0.8	43400000000000.0
6300	233.90000000000001	-0.75	42500000000000.0
6300	233.90000000000001	-0.7	41700000000000.0
6300	233.90000000000001	-0.65	40800000000000.0
6300	233.90000000000001	-0.6	40000000000000.0
6300	233.90000000000001	-0.55	39100000000000.0
6300	233.90000000000001	-0.5	38200000000000.0
6300	233.90000000000001	-0.45	37200000000000.0
6300	233.90000000000001	-0.4	36300000000000.0
6300	233.90000000000001	-0.35	35300000000000.0
6300	233.90000000000001	-0.3	34300000000000.0
6300	233.90000000000001	-0.25	33400000000000.0
6300	233.90000000000001	-0.2	32300000000000.0
6300	233.90000000000001	-0.15	31300000000000.0
6300	233.90000000000001	-0.1	30300000000000.0
6300	233.90000000000001	-0.05	29300000000000.0
6300	233.90000000000001	0.0	28200000000000.0
6300	233.90000000000001	0.05	27200000000000.0
6300	233.90000000000001	0.1	26200000000000.0
6300	233.90000000000001	0.15	25200000000000.0
6300	233.90000000000001	0.2	24200000000000.0
6300	233.90000000000001	0.25	23200000000000.0
6300	233.90000000000001	0.3	22200000000000.0
6300	233.90000000000001	0.35	21300000000000.0
6300	233.90000000000001	0.4	20400000000000.0
6300	233.90000000000001	0.45	19500000000000.0
6300	233.90000000000001	0.5	18600000000000.0
6300	233.90000000000001	0.6	16900000000000.0
6300	233.90000000000001	0.7	15300000000000.0
6300	233.90000000000001	0.8	13800000000000.0
6300	233.90000000000001	0.9	12500000000000.0
6300	236.69999999999999	-1.0	62500000000000.0
6300	236.69999999999999	-0.95	61400000000000.0
6300	236.69999999999999	-0.9	60200000000000.0
6300	236.69999999999999	-0.85	58900000000000.0
6300	236.69999999999999	-0.8	57700000000000.0
6300	236.69999999999999	-0.75	56300000000000.0
6300	236.69999999999999	-0.7	54900000000000.0
6300	236.69999999999999	-0.65	53500000000000.0
6300	236.69999999999999	-0.6	52100000000000.0
6300	236.69999999999999	-0.55	50700000000000.0
6300	236.69999999999999	-0.5	49200000000000.0
6300	236.69999999999999	-0.45	47700000000000.0
6300	236.69999999999999	-0.4	46200000000000.0
6300	236.69999999999999	-0.35	44700000000000.0
6300	236.69999999999999	-0.3	43200000000000.0
6300	236.69999999999999	-0.25	41700000000000.0
6300	236.69999999999999	-0.2	40200000000000.0
6300	236.69999999999999	-0.15	38700000000000.0
6300	236.69999999999999	-0.1	37200000000000.0
6300	236.69999999999999	-0.05	35700000000000.0
6300	236.69999999999999	0.0	34200000000000.0
6300	236.69999999999999	0.05	32800000000000.0
6300	236.69999999999999	0.1	31400000000000.0
6300	236.69999999999999	0.15	30000000000000.0
6300	236.69999999999999	0.2	28600000000000.0
6300	236.69999999999999	0.25	27300000000000.0
6300	236.69999999999999	0.3	26000000000000.0
6300	236.69999999999999	0.35	24700000000000.0
6300	236.69999999999999	0.4	23500000000000.0
6300	236.69999999999999	0.45	22400000000000.0
6300	236.69999999999999	0.5	21200000000000.0
6300	236.69999999999999	0.6	19100000000000.0
6300	236.69999999999999	0.7	17200000000000.0
6300	236.69999999999999	0.8	15400000000000.0
6300	236.69999999999999	0.9	13800000000000.0
6300	239.5	-1.0	130000000000000.0
6300	239.5	-0.95	124000000000000.0
6300	239.5	-0.9	118000000000000.0
6300	239.5	-0.85	112000000000000.0
6300	239.5	-0.8	106000000000000.0
6300	239.5	-0.75	101000000000000.0
6300	239.5	-0.7	95100000000000.0
6300	239.5	-0.65	89600000000000.0
6300	239.5	-0.6	84300000000000.0
6300	239.5	-0.55	79100000000000.0
6300	239.5	-0.5	74100000000000.0
6300	239.5	-0.45	69300000000000.0
6300	239.5	-0.4	64700000000000.0
6300	239.5	-0.35	60400000000000.0
6300	239.5	-0.3	56200000000000.0
6300	239.5	-0.25	52300000000000.0
6300	239.5	-0.2	48600000000000.0
6300	239.5	-0.15	45200000000000.0
6300	239.5	-0.1	42000000000000.0
6300	239.5	-0.05	39000000000000.0
6300	239.5	0.0	36200000000000.0
6300	239.5	0.05	33600000000000.0
6300	239.5	0.1	31300000000000.0
6300	239.5	0.15	29100000000000.0
6300	239.5	0.2	27100000000000.0
6300	239.5	0.25	25300000000000.0
6300	239.5	0.3	23700000000000.0
6300	239.5	0.35	22100000000000.0
6300	239.5	0.4	20800000000000.0
6300	239.5	0.45	19500000000000.0
6300	239.5	0.5	18300000000000.0
6300	239.5	0.6	16300000000000.0
6300	239.5	0.7	14600000000000.0
6300	239.5	0.8	13100000000000.0
6300	239.5	0.9	11800000000000.0
6300	242.40000000000001	-1.0	106000000000000.0
6300	242.40000000000001	-0.95	104000000000000.0
6300	242.40000000000001	-0.9	102000000000000.0
6300	242.40000000000001	-0.85	100000000000000.0
6300	242.40000000000001	-0.8	98400000000000.0
6300	242.40000000000001	-0.75	96300000000000.0
6300	242.40000000000001	-0.7	94100000000000.0
6300	242.40000000000001	-0.65	91900000000000.0
6300	242.40000000000001	-0.6	89600000000000.0
6300	242.40000000000001	-0.55	87300000000000.0
6300	242.40000000000001	-0.5	85000000000000.0
6300	242.40000000000001	-0.45	82500000000000.0
6300	242.40000000000001	-0.4	80100000000000.0
6300	242.40000000000001	-0.35	77600000000000.0
6300	242.40000000000001	-0.3	75000000000000.0
6300	242.40000000000001	-0.25	72400000000000.0
6300	242.40000000000001	-0.2	69800000000000.0
6300	242.40000000000001	-0.15	67100000000000.0
6300	242.40000000000001	-0.1	64400000000000.0
6300	242.40000000000001	-0.05	61700000000000.0
6300	242.40000000000001	0.0	59000000000000.0
6300	242.40000000000001	0.05	56300000000000.0
6300	242.40000000000001	0.1	53600000000000.0
6300	242.40000000000001	0.15	51000000000000.0
6300	242.40000000000001	0.2	48300000000000.0
6300	242.40000000000001	0.25	45800000000000.0
6300	242.40000000000001	0.3	43200000000000.0
6300	242.40000000000001	0.35	40700000000000.0
6300	242.40000000000001	0.4	38400000000000.0
6300	242.40000000000001	0.45	36000000000000.0
6300	242.40000000000001	0.5	33800000000000.0
6300	242.40000000000001	0.6	29700000000000.0
6300	242.40000000000001	0.7	26000000000000.0
6300	242.40000000000001	0.8	22800000000000.0
6300	242.40000000000001	0.9	20000000000000.0
6300	245.40000000000001	-1.0	44400000000000.0
6300	245.40000000000001	-0.95	44400000000000.0
6300	245.40000000000001	-0.9	44300000000000.0
6300	245.40000000000001	-0.85	44300000000000.0
6300	245.40000000000001	-0.8	44100000000000.0
6300	245.40000000000001	-0.75	43900000000000.0
6300	245.40000000000001	-0.7	43700000000000.0
6300	245.40000000000001	-0.65	43500000000000.0
6300	245.40000000000001	-0.6	43300000000000.0
6300	245.40000000000001	-0.55	43000000000000.0
6300	245.40000000000001	-0.5	42700000000000.0
6300	245.40000000000001	-0.45	42400000000000.0
6300	245.40000000000001	-0.4	42100000000000.0
6300	245.40000000000001	-0.35	41700000000000.0
6300	245.40000000000001	-0.3	41300000000000.0
6300	245.40000000000001	-0.25	40800000000000.0
6300	245.40000000000001	-0.2	40300000000000.0
6300	245.40000000000001	-0.15	39800000000000.0
6300	245.40000000000001	-0.1	39300000000000.0
6300	245.40000000000001	-0.05	38700000000000.0
6300	245.40000000000001	0.0	38000000000000.0
6300	245.40000000000001	0.05	37400000000000.0
6300	245.40000000000001	0.1	36700000000000.0
6300	245.40000000000001	0.15	36000000000000.0
6300	245.40000000000001	0.2	35200000000000.0
6300	245.40000000000001	0.25	34400000000000.0
6300	245.40000000000001	0.3	33600000000000.0
6300	245.40000000000001	0.35	32800000000000.0
6300	245.40000000000001	0.4	32000000000000.0
6300	245.40000000000001	0.45	31100000000000.0
6300	245.40000000000001	0.5	30200000000000.0
6300	245.40000000000001	0.6	28400000000000.0
6300	245.40000000000001	0.7	26500000000000.0
6300	245.40000000000001	0.8	24600000000000.0
6300	245.40000000000001	0.9	22700000000000.0
6300	248.40000000000001	-1.0	52900000000000.0
6300	248.40000000000001	-0.95	52600000000000.0
6300	248.40000000000001	-0.9	52200000000000.0
6300	248.40000000000001	-0.85	51600000000000.0
6300	248.40000000000001	-0.8	51200000000000.0
6300	248.40000000000001	-0.75	50700000000000.0
6300	248.40000000000001	-0.7	50100000000000.0
6300	248.40000000000001	-0.65	49600000000000.0
6300	248.40000000000001	-0.6	49000000000000.0
6300	248.40000000000001	-0.55	48300000000000.0
6300	248.40000000000001	-0.5	47700000000000.0
6300	248.40000000000001	-0.45	47000000000000.0
6300	248.40000000000001	-0.4	46200000000000.0
6300	248.40000000000001	-0.35	45400000000000.0
6300	248.40000000000001	-0.3	44600000000000.0
6300	248.40000000000001	-0.25	43700000000000.0
6300	248.40000000000001	-0.2	42800000000000.0
6300	248.40000000000001	-0.15	41900000000000.0
6300	248.40000000000001	-0.1	40900000000000.0
6300	248.40000000000001	-0.05	39900000000000.0
6300	248.40000000000001	0.0	38900000000000.0
6300	248.40000000000001	0.05	37900000000000.0
6300	248.40000000000001	0.1	36800000000000.0
6300	248.40000000000001	0.15	35700000000000.0
6300	248.40000000000001	0.2	34600000000000.0
6300	248.40000000000001	0.25	33500000000000.0
6300	248.40000000000001	0.3	32300000000000.0
6300	248.40000000000001	0.35	31200000000000.0
6300	248.40000000000001	0.4	30100000000000.0
6300	248.40000000000001	0.45	28900000000000.0
6300	248.40000000000001	0.5	27800000000000.0
6300	248.40000000000001	0.6	25500000000000.0
6300	248.40000000000001	0.7	23300000000000.0
6300	248.40000000000001	0.8	21200000000000.0
6300	248.40000000000001	0.9	19100000000000.0
6300	251.59999999999999	-1.0	46800000000000.0
6300	251.59999999999999	-0.95	46500000000000.0
6300	251.59999999999999	-0.9	46300000000000.0
6300	251.59999999999999	-0.85	46100000000000.0
6300	251.59999999999999	-0.8	45900000000000.0
6300	251.59999999999999	-0.75	45400000000000.0
6300	251.59999999999999	-0.7	45000000000000.0
6300	251.59999999999999	-0.65	44600000000000.0
6300	251.59999999999999	-0.6	44200000000000.0
6300	251.59999999999999	-0.55	43800000000000.0
6300	251.59999999999999	-0.5	43300000000000.0
6300	251.59999999999999	-0.45	42800000000000.0
6300	251.59999999999999	-0.4	42200000000000.0
6300	251.59999999999999	-0.35	41700000000000.0
6300	251.59999999999999	-0.3	41000000000000.0
6300	251.59999999999999	-0.25	40400000000000.0
6300	251.59999999999999	-0.2	39700000000000.0
6300	251.59999999999999	-0.15	39000000000000.0
6300	251.59999999999999	-0.1	38200000000000.0
6300	251.59999999999999	-0.05	37400000000000.0
6300	251.59999999999999	0.0	36600000000000.0
6300	251.59999999999999	0.05	35800000000000.0
6300	251.59999999999999	0.1	34900000000000.0
6300	251.59999999999999	0.15	34100000000000.0
6300	251.59999999999999	0.2	33200000000000.0
6300	251.59999999999999	0.25	32300000000000.0
6300	251.59999999999999	0.3	31500000000000.0
6300	251.59999999999999	0.35	30600000000000.0
6300	251.59999999999999	0.4	29700000000000.0
6300	251.59999999999999	0.45	28800000000000.0
6300	251.59999999999999	0.5	27900000000000.0
6300	251.59999999999999	0.6	26200000000000.0
6300	251.59999999999999	0.7	24500000000000.0
6300	251.59999999999999	0.8	22800000000000.0
6300	251.59999999999999	0.9	21200000000000.0
6300	254.80000000000001	-1.0	79000000000000.0
6300	254.80000000000001	-0.95	78000000000000.0
6300	254.80000000000001	-0.9	77000000000000.0
6300	254.80000000000001	-0.85	76100000000000.0
6300	254.80000000000001	-0.8	74900000000000.0
6300	254.80000000000001	-0.75	73400000000000.0
6300	254.80000000000001	-0.7	72100000000000.0
6300	254.80000000000001	-0.65	70900000000000.0
6300	254.80000000000001	-0.6	69600000000000.0
6300	254.80000000000001	-0.55	68200000000000.0
6300	254.80000000000001	-0.5	66900000000000.0
6300	254.80000000000001	-0.45	65500000000000.0
6300	254.80000000000001	-0.4	64000000000000.0
6300	254.80000000000001	-0.35	62500000000000.0
6300	254.80000000000001	-0.3	61000000000000.0
6300	254.80000000000001	-0.25	59500000000000.0
6300	254.80000000000001	-0.2	58000000000000.0
6300	254.80000000000001	-0.15	56400000000000.0
6300	254.80000000000001	-0.1	54900000000000.0
6300	254.80000000000001	-0.05	53300000000000.0
6300	254.80000000000001	0.0	51700000000000.0
6300	254.80000000000001	0.05	50100000000000.0
6300	254.80000000000001	0.1	48600000000000.0
6300	254.80000000000001	0.15	47000000000000.0
6300	254.80000000000001	0.2	45400000000000.0
6300	254.80000000000001	0.25	43900000000000.0
6300	254.80000000000001	0.3	42400000000000.0
6300	254.80000000000001	0.35	40900000000000.0
6300	254.80000000000001	0.4	39400000000000.0
6300	254.80000000000001	0.45	37900000000000.0
6300	254.80000000000001	0.5	36500000000000.0
6300	254.80000000000001	0.6	33700000000000.0
6300	254.80000000000001	0.7	31000000000000.0
6300	254.80000000000001	0.8	28500000000000.0
6300	254.80000000000001	0.9	26000000000000.0
6300	258.10000000000002	-1.0	174000000000000.0
6300	258.10000000000002	-0.95	171000000000000.0
6300	258.10000000000002	-0.9	168000000000000.0
6300	258.10000000000002	-0.85	165000000000000.0
6300	258.10000000000002	-0.8	161000000000000.0
6300	258.10000000000002	-0.75	158000000000000.0
6300	258.10000000000002	-0.7	155000000000000.0
6300	258.10000000000002	-0.65	151000000000000.0
6300	258.10000000000002	-0.6	148000000000000.0
6300	258.10000000000002	-0.55	144000000000000.0
6300	258.10000000000002	-0.5	141000000000000.0
6300	258.10000000000002	-0.45	137000000000000.0
6300	258.10000000000002	-0.4	134000000000000.0
6300	258.10000000000002	-0.35	130000000000000.0
6300	258.10000000000002	-0.3	126000000000000.0
6300	258.10000000000002	-0.25	123000000000000.0
6300	258.10000000000002	-0.2	119000000000000.0
6300	258.10000000000002	-0.15	115000000000000.0
6300	258.10000000000002	-0.1	112000000000000.0
6300	258.10000000000002	-0.05	108000000000000.0
6300	258.10000000000002	0.0	104000000000000.0
6300	258.10000000000002	0.05	101000000000000.0
6300	258.10000000000002	0.1	97400000000000.0
6300	258.10000000000002	0.15	93900000000000.0
6300	258.10000000000002	0.2	90500000000000.0
6300	258.10000000000002	0.25	87200000000000.0
6300	258.10000000000002	0.3	84000000000000.0
6300	258.10000000000002	0.35	80800000000000.0
6300	258.10000000000002	0.4	77700000000000.0
6300	258.10000000000002	0.45	74600000000000.0
6300	258.10000000000002	0.5	71700000000000.0
6300	258.10000000000002	0.6	66000000000000.0
6300	258.10000000000002	0.7	60600000000000.0
6300	258.10000000000002	0.8	55500000000000.0
6300	258.10000000000002	0.9	50800000000000.0
6300	261.39999999999998	-1.0	129000000000000.0
6300	261.39999999999998	-0.95	126000000000000.0
6300	261.39999999999998	-0.9	123000000000000.0
6300	261.39999999999998	-0.85	121000000000000.0
6300	261.39999999999998	-0.8	118000000000000.0
6300	261.39999999999998	-0.75	115000000000000.0
6300	261.39999999999998	-0.7	112000000000000.0
6300	261.39999999999998	-0.65	110000000000000.0
6300	261.39999999999998	-0.6	107000000000000.0
6300	261.39999999999998	-0.55	104000000000000.0
6300	261.39999999999998	-0.5	101000000000000.0
6300	261.39999999999998	-0.45	98100000000000.0
6300	261.39999999999998	-0.4	95300000000000.0
6300	261.39999999999998	-0.35	92400000000000.0
6300	261.39999999999998	-0.3	89600000000000.0
6300	261.39999999999998	-0.25	86900000000000.0
6300	261.39999999999998	-0.2	84100000000000.0
6300	261.39999999999998	-0.15	81500000000000.0
6300	261.39999999999998	-0.1	78800000000000.0
6300	261.39999999999998	-0.05	76300000000000.0
6300	261.39999999999998	0.0	73800000000000.0
6300	261.39999999999998	0.05	71400000000000.0
6300	261.39999999999998	0.1	69000000000000.0
6300	261.39999999999998	0.15	66700000000000.0
6300	261.39999999999998	0.2	64500000000000.0
6300	261.39999999999998	0.25	62400000000000.0
6300	261.39999999999998	0.3	60300000000000.0
6300	261.39999999999998	0.35	58200000000000.0
6300	261.39999999999998	0.4	56200000000000.0
6300	261.39999999999998	0.45	54400000000000.0
6300	261.39999999999998	0.5	52600000000000.0
6300	261.39999999999998	0.6	49100000000000.0
6300	261.39999999999998	0.7	45900000000000.0
6300	261.39999999999998	0.8	43000000000000.0
6300	261.39999999999998	0.9	40200000000000.0
6300	264.89999999999998	-1.0	248000000000000.0
6300	264.89999999999998	-0.95	247000000000000.0
6300	264.89999999999998	-0.9	245000000000000.0
6300	264.89999999999998	-0.85	244000000000000.0
6300	264.89999999999998	-0.8	242000000000000.0
6300	264.89999999999998	-0.75	240000000000000.0
6300	264.89999999999998	-0.7	238000000000000.0
6300	264.89999999999998	-0.65	236000000000000.0
6300	264.89999999999998	-0.6	234000000000000.0
6300	264.89999999999998	-0.55	231000000000000.0
6300	264.89999999999998	-0.5	229000000000000.0
6300	264.89999999999998	-0.45	226000000000000.0
6300	264.89999999999998	-0.4	224000000000000.0
6300	264.89999999999998	-0.35	221000000000000.0
6300	264.89999999999998	-0.3	218000000000000.0
6300	264.89999999999998	-0.25	215000000000000.0
6300	264.89999999999998	-0.2	212000000000000.0
6300	264.89999999999998	-0.15	209000000000000.0
6300	264.89999999999998	-0.1	205000000000000.0
6300	264.89999999999998	-0.05	202000000000000.0
6300	264.89999999999998	0.0	198000000000000.0
6300	264.89999999999998	0.05	194000000000000.0
6300	264.89999999999998	0.1	191000000000000.0
6300	264.89999999999998	0.15	187000000000000.0
6300	264.89999999999998	0.2	183000000000000.0
6300	264.89999999999998	0.25	179000000000000.0
6300	264.89999999999998	0.3	175000000000000.0
6300	264.89999999999998	0.35	171000000000000.0
6300	264.89999999999998	0.4	167000000000000.0
6300	264.89999999999998	0.45	162000000000000.0
6300	264.89999999999998	0.5	158000000000000.0
6300	264.89999999999998	0.6	149000000000000.0
6300	264.89999999999998	0.7	141000000000000.0
6300	264.89999999999998	0.8	132000000000000.0
6300	264.89999999999998	0.9	123000000000000.0
6300	268.5	-1.0	254000000000000.0
6300	268.5	-0.95	252000000000000.0
6300	268.5	-0.9	250000000000000.0
6300	268.5	-0.85	249000000000000.0
6300	268.5	-0.8	247000000000000.0
6300	268.5	-0.75	245000000000000.0
6300	268.5	-0.7	242000000000000.0
6300	268.5	-0.65	240000000000000.0
6300	268.5	-0.6	238000000000000.0
6300	268.5	-0.55	235000000000000.0
6300	268.5	-0.5	233000000000000.0
6300	268.5	-0.45	230000000000000.0
6300	268.5	-0.4	227000000000000.0
6300	268.5	-0.35	224000000000000.0
6300	268.5	-0.3	221000000000000.0
6300	268.5	-0.25	218000000000000.0
6300	268.5	-0.2	214000000000000.0
6300	268.5	-0.15	211000000000000.0
6300	268.5	-0.1	207000000000000.0
6300	268.5	-0.05	204000000000000.0
6300	268.5	0.0	200000000000000.0
6300	268.5	0.05	196000000000000.0
6300	268.5	0.1	192000000000000.0
6300	268.5	0.15	188000000000000.0
6300	268.5	0.2	184000000000000.0
6300	268.5	0.25	179000000000000.0
6300	268.5	0.3	175000000000000.0
6300	268.5	0.35	171000000000000.0
6300	268.5	0.4	166000000000000.0
6300	268.5	0.45	162000000000000.0
6300	268.5	0.5	157000000000000.0
6300	268.5	0.6	148000000000000.0
6300	268.5	0.7	140000000000000.0
6300	268.5	0.8	131000000000000.0
6300	268.5	0.9	122000000000000.0
6300	272.10000000000002	-1.0	285000000000000.0
6300	272.10000000000002	-0.95	282000000000000.0
6300	272.10000000000002	-0.9	279000000000000.0
6300	272.10000000000002	-0.85	275000000000000.0
6300	272.10000000000002	-0.8	272000000000000.0
6300	272.10000000000002	-0.75	268000000000000.0
6300	272.10000000000002	-0.7	264000000000000.0
6300	272.10000000000002	-0.65	260000000000000.0
6300	272.10000000000002	-0.6	256000000000000.0
6300	272.10000000000002	-0.55	251000000000000.0
6300	272.10000000000002	-0.5	247000000000000.0
6300	272.10000000000002	-0.45	242000000000000.0
6300	272.10000000000002	-0.4	238000000000000.0
6300	272.10000000000002	-0.35	233000000000000.0
6300	272.10000000000002	-0.3	228000000000000.0
6300	272.10000000000002	-0.25	223000000000000.0
6300	272.10000000000002	-0.2	218000000000000.0
6300	272.10000000000002	-0.15	213000000000000.0
6300	272.10000000000002	-0.1	208000000000000.0
6300	272.10000000000002	-0.05	203000000000000.0
6300	272.10000000000002	0.0	198000000000000.0
6300	272.10000000000002	0.05	192000000000000.0
6300	272.10000000000002	0.1	187000000000000.0
6300	272.10000000000002	0.15	182000000000000.0
6300	272.10000000000002	0.2	176000000000000.0
6300	272.10000000000002	0.25	171000000000000.0
6300	272.10000000000002	0.3	166000000000000.0
6300	272.10000000000002	0.35	160000000000000.0
6300	272.10000000000002	0.4	155000000000000.0
6300	272.10000000000002	0.45	150000000000000.0
6300	272.10000000000002	0.5	145000000000000.0
6300	272.10000000000002	0.6	135000000000000.0
6300	272.10000000000002	0.7	125000000000000.0
6300	272.10000000000002	0.8	116000000000000.0
6300	272.10000000000002	0.9	107000000000000.0
6300	275.89999999999998	-1.0	354000000000000.0
6300	275.89999999999998	-0.95	347000000000000.0
6300	275.89999999999998	-0.9	341000000000000.0
6300	275.89999999999998	-0.85	334000000000000.0
6300	275.89999999999998	-0.8	326000000000000.0
6300	275.89999999999998	-0.75	319000000000000.0
6300	275.89999999999998	-0.7	311000000000000.0
6300	275.89999999999998	-0.65	304000000000000.0
6300	275.89999999999998	-0.6	296000000000000.0
6300	275.89999999999998	-0.55	288000000000000.0
6300	275.89999999999998	-0.5	281000000000000.0
6300	275.89999999999998	-0.45	273000000000000.0
6300	275.89999999999998	-0.4	265000000000000.0
6300	275.89999999999998	-0.35	257000000000000.0
6300	275.89999999999998	-0.3	249000000000000.0
6300	275.89999999999998	-0.25	241000000000000.0
6300	275.89999999999998	-0.2	233000000000000.0
6300	275.89999999999998	-0.15	226000000000000.0
6300	275.89999999999998	-0.1	218000000000000.0
6300	275.89999999999998	-0.05	210000000000000.0
6300	275.89999999999998	0.0	203000000000000.0
6300	275.89999999999998	0.05	196000000000000.0
6300	275.89999999999998	0.1	189000000000000.0
6300	275.89999999999998	0.15	182000000000000.0
6300	275.89999999999998	0.2	175000000000000.0
6300	275.89999999999998	0.25	168000000000000.0
6300	275.89999999999998	0.3	162000000000000.0
6300	275.89999999999998	0.35	156000000000000.0
6300	275.89999999999998	0.4	150000000000000.0
6300	275.89999999999998	0.45	144000000000000.0
6300	275.89999999999998	0.5	139000000000000.0
6300	275.89999999999998	0.6	128000000000000.0
6300	275.89999999999998	0.7	118000000000000.0
6300	275.89999999999998	0.8	109000000000000.0
6300	275.89999999999998	0.9	101000000000000.0
6300	279.69999999999999	-1.0	78400000000000.0
6300	279.69999999999999	-0.95	78100000000000.0
6300	279.69999999999999	-0.9	77700000000000.0
6300	279.69999999999999	-0.85	77300000000000.0
6300	279.69999999999999	-0.8	76800000000000.0
6300	279.69999999999999	-0.75	76400000000000.0
6300	279.69999999999999	-0.7	75800000000000.0
6300	279.69999999999999	-0.65	75200000000000.0
6300	279.69999999999999	-0.6	74600000000000.0
6300	279.69999999999999	-0.55	73900000000000.0
6300	279.69999999999999	-0.5	73200000000000.0
6300	279.69999999999999	-0.45	72400000000000.0
6300	279.69999999999999	-0.4	71600000000000.0
6300	279.69999999999999	-0.35	70700000000000.0
6300	279.69999999999999	-0.3	69800000000000.0
6300	279.69999999999999	-0.25	68900000000000.0
6300	279.69999999999999	-0.2	68000000000000.0
6300	279.69999999999999	-0.15	67000000000000.0
6300	279.69999999999999	-0.1	66000000000000.0
6300	279.69999999999999	-0.05	64900000000000.0
6300	279.69999999999999	0.0	63900000000000.0
6300	279.69999999999999	0.05	62900000000000.0
6300	279.69999999999999	0.1	61800000000000.0
6300	279.69999999999999	0.15	60800000000000.0
6300	279.69999999999999	0.2	59700000000000.0
6300	279.69999999999999	0.25	58700000000000.0
6300	279.69999999999999	0.3	57600000000000.0
6300	279.69999999999999	0.35	56600000000000.0
6300	279.69999999999999	0.4	55600000000000.0
6300	279.69999999999999	0.45	54600000000000.0
6300	279.69999999999999	0.5	53600000000000.0
6300	279.69999999999999	0.6	51600000000000.0
6300	279.69999999999999	0.7	49700000000000.0
6300	279.69999999999999	0.8	47800000000000.0
6300	279.69999999999999	0.9	46000000000000.0
6300	283.69999999999999	-1.0	579000000000000.0
6300	283.69999999999999	-0.95	569000000000000.0
6300	283.69999999999999	-0.9	560000000000000.0
6300	283.69999999999999	-0.85	550000000000000.0
6300	283.69999999999999	-0.8	538000000000000.0
6300	283.69999999999999	-0.75	529000000000000.0
6300	283.69999999999999	-0.7	519000000000000.0
6300	283.69999999999999	-0.65	508000000000000.0
6300	283.69999999999999	-0.6	496000000000000.0
6300	283.69999999999999	-0.55	485000000000000.0
6300	283.69999999999999	-0.5	473000000000000.0
6300	283.69999999999999	-0.45	461000000000000.0
6300	283.69999999999999	-0.4	449000000000000.0
6300	283.69999999999999	-0.35	437000000000000.0
6300	283.69999999999999	-0.3	425000000000000.0
6300	283.69999999999999	-0.25	413000000000000.0
6300	283.69999999999999	-0.2	400000000000000.0
6300	283.69999999999999	-0.15	388000000000000.0
6300	283.69999999999999	-0.1	375000000000000.0
6300	283.69999999999999	-0.05	363000000000000.0
6300	283.69999999999999	0.0	351000000000000.0
6300	283.69999999999999	0.05	339000000000000.0
6300	283.69999999999999	0.1	327000000000000.0
6300	283.69999999999999	0.15	315000000000000.0
6300	283.69999999999999	0.2	303000000000000.0
6300	283.69999999999999	0.25	292000000000000.0
6300	283.69999999999999	0.3	281000000000000.0
6300	283.69999999999999	0.35	270000000000000.0
6300	283.69999999999999	0.4	259000000000000.0
6300	283.69999999999999	0.45	249000000000000.0
6300	283.69999999999999	0.5	239000000000000.0
6300	283.69999999999999	0.6	219000000000000.0
6300	283.69999999999999	0.7	201000000000000.0
6300	283.69999999999999	0.8	185000000000000.0
6300	283.69999999999999	0.9	169000000000000.0
6300	287.80000000000001	-1.0	406000000000000.0
6300	287.80000000000001	-0.95	404000000000000.0
6300	287.80000000000001	-0.9	401000000000000.0
6300	287.80000000000001	-0.85	398000000000000.0
6300	287.80000000000001	-0.8	395000000000000.0
6300	287.80000000000001	-0.75	391000000000000.0
6300	287.80000000000001	-0.7	388000000000000.0
6300	287.80000000000001	-0.65	384000000000000.0
6300	287.80000000000001	-0.6	381000000000000.0
6300	287.80000000000001	-0.55	377000000000000.0
6300	287.80000000000001	-0.5	373000000000000.0
6300	287.80000000000001	-0.45	369000000000000.0
6300	287.80000000000001	-0.4	364000000000000.0
6300	287.80000000000001	-0.35	360000000000000.0
6300	287.80000000000001	-0.3	355000000000000.0
6300	287.80000000000001	-0.25	350000000000000.0
6300	287.80000000000001	-0.2	345000000000000.0
6300	287.80000000000001	-0.15	340000000000000.0
6300	287.80000000000001	-0.1	334000000000000.0
6300	287.80000000000001	-0.05	329000000000000.0
6300	287.80000000000001	0.0	323000000000000.0
6300	287.80000000000001	0.05	318000000000000.0
6300	287.80000000000001	0.1	312000000000000.0
6300	287.80000000000001	0.15	306000000000000.0
6300	287.80000000000001	0.2	300000000000000.0
6300	287.80000000000001	0.25	294000000000000.0
6300	287.80000000000001	0.3	288000000000000.0
6300	287.80000000000001	0.35	282000000000000.0
6300	287.80000000000001	0.4	276000000000000.0
6300	287.80000000000001	0.45	270000000000000.0
6300	287.80000000000001	0.5	264000000000000.0
6300	287.80000000000001	0.6	251000000000000.0
6300	287.80000000000001	0.7	239000000000000.0
6300	287.80000000000001	0.8	227000000000000.0
6300	287.80000000000001	0.9	215000000000000.0
6300	292	-1.0	626000000000000.0
6300	292	-0.95	623000000000000.0
6300	292	-0.9	620000000000000.0
6300	292	-0.85	617000000000000.0
6300	292	-0.8	611000000000000.0
6300	292	-0.75	609000000000000.0
6300	292	-0.7	605000000000000.0
6300	292	-0.65	601000000000000.0
6300	292	-0.6	597000000000000.0
6300	292	-0.55	593000000000000.0
6300	292	-0.5	588000000000000.0
6300	292	-0.45	583000000000000.0
6300	292	-0.4	578000000000000.0
6300	292	-0.35	573000000000000.0
6300	292	-0.3	568000000000000.0
6300	292	-0.25	562000000000000.0
6300	292	-0.2	556000000000000.0
6300	292	-0.15	550000000000000.0
6300	292	-0.1	544000000000000.0
6300	292	-0.05	537000000000000.0
6300	292	0.0	531000000000000.0
6300	292	0.05	524000000000000.0
6300	292	0.1	517000000000000.0
6300	292	0.15	509000000000000.0
6300	292	0.2	502000000000000.0
6300	292	0.25	494000000000000.0
6300	292	0.3	486000000000000.0
6300	292	0.35	478000000000000.0
6300	292	0.4	470000000000000.0
6300	292	0.45	462000000000000.0
6300	292	0.5	453000000000000.0
6300	292	0.6	436000000000000.0
6300	292	0.7	418000000000000.0
6300	292	0.8	400000000000000.0
6300	292	0.9	382000000000000.0
6300	296.30000000000001	-1.0	629000000000000.0
6300	296.30000000000001	-0.95	626000000000000.0
6300	296.30000000000001	-0.9	622000000000000.0
6300	296.30000000000001	-0.85	617000000000000.0
6300	296.30000000000001	-0.8	614000000000000.0
6300	296.30000000000001	-0.75	611000000000000.0
6300	296.30000000000001	-0.7	607000000000000.0
6300	296.30000000000001	-0.65	603000000000000.0
6300	296.30000000000001	-0.6	598000000000000.0
6300	296.30000000000001	-0.55	594000000000000.0
6300	296.30000000000001	-0.5	589000000000000.0
6300	296.30000000000001	-0.45	583000000000000.0
6300	296.30000000000001	-0.4	578000000000000.0
6300	296.30000000000001	-0.35	572000000000000.0
6300	296.30000000000001	-0.3	567000000000000.0
6300	296.30000000000001	-0.25	560000000000000.0
6300	296.30000000000001	-0.2	554000000000000.0
6300	296.30000000000001	-0.15	548000000000000.0
6300	296.30000000000001	-0.1	541000000000000.0
6300	296.30000000000001	-0.05	534000000000000.0
6300	296.30000000000001	0.0	527000000000000.0
6300	296.30000000000001	0.05	520000000000000.0
6300	296.30000000000001	0.1	512000000000000.0
6300	296.30000000000001	0.15	504000000000000.0
6300	296.30000000000001	0.2	497000000000000.0
6300	296.30000000000001	0.25	489000000000000.0
6300	296.30000000000001	0.3	481000000000000.0
6300	296.30000000000001	0.35	472000000000000.0
6300	296.30000000000001	0.4	464000000000000.0
6300	296.30000000000001	0.45	456000000000000.0
6300	296.30000000000001	0.5	447000000000000.0
6300	296.30000000000001	0.6	430000000000000.0
6300	296.30000000000001	0.7	412000000000000.0
6300	296.30000000000001	0.8	395000000000000.0
6300	296.30000000000001	0.9	377000000000000.0
6300	299	-1.0	126000000000000.0
6300	299	-0.95	126000000000000.0
6300	299	-0.9	125000000000000.0
6300	299	-0.85	125000000000000.0
6300	299	-0.8	124000000000000.0
6300	299	-0.75	124000000000000.0
6300	299	-0.7	123000000000000.0
6300	299	-0.65	122000000000000.0
6300	299	-0.6	122000000000000.0
6300	299	-0.55	121000000000000.0
6300	299	-0.5	120000000000000.0
6300	299	-0.45	120000000000000.0
6300	299	-0.4	119000000000000.0
6300	299	-0.35	118000000000000.0
6300	299	-0.3	117000000000000.0
6300	299	-0.25	116000000000000.0
6300	299	-0.2	115000000000000.0
6300	299	-0.15	114000000000000.0
6300	299	-0.1	113000000000000.0
6300	299	-0.05	112000000000000.0
6300	299	0.0	110000000000000.0
6300	299	0.05	109000000000000.0
6300	299	0.1	108000000000000.0
6300	299	0.15	106000000000000.0
6300	299	0.2	105000000000000.0
6300	299	0.25	104000000000000.0
6300	299	0.3	102000000000000.0
6300	299	0.35	101000000000000.0
6300	299	0.4	99400000000000.0
6300	299	0.45	97800000000000.0
6300	299	0.5	96300000000000.0
6300	299	0.6	93200000000000.0
6300	299	0.7	90000000000000.0
6300	299	0.8	86800000000000.0
6300	299	0.9	83500000000000.0
6300	300	-1.0	133000000000000.0
6300	300	-0.95	133000000000000.0
6300	300	-0.9	132000000000000.0
6300	300	-0.85	132000000000000.0
6300	300	-0.8	131000000000000.0
6300	300	-0.75	130000000000000.0
6300	300	-0.7	129000000000000.0
6300	300	-0.65	128000000000000.0
6300	300	-0.6	127000000000000.0
6300	300	-0.55	126000000000000.0
6300	300	-0.5	125000000000000.0
6300	300	-0.45	124000000000000.0
6300	300	-0.4	123000000000000.0
6300	300	-0.35	122000000000000.0
6300	300	-0.3	121000000000000.0
6300	300	-0.25	119000000000000.0
6300	300	-0.2	118000000000000.0
6300	300	-0.15	117000000000000.0
6300	300	-0.1	115000000000000.0
6300	300	-0.05	114000000000000.0
6300	300	0.0	112000000000000.0
6300	300	0.05	111000000000000.0
6300	300	0.1	109000000000000.0
6300	300	0.15	107000000000000.0
6300	300	0.2	106000000000000.0
6300	300	0.25	104000000000000.0
6300	300	0.3	102000000000000.0
6300	300	0.35	100000000000000.0
6300	300	0.4	98200000000000.0
6300	300	0.45	96200000000000.0
6300	300	0.5	94200000000000.0
6300	300	0.6	90200000000000.0
6300	300	0.7	86100000000000.0
6300	300	0.8	81800000000000.0
6300	300	0.9	77500000000000.0
6300	301	-1.0	123000000000000.0
6300	301	-0.95	123000000000000.0
6300	301	-0.9	123000000000000.0
6300	301	-0.85	123000000000000.0
6300	301	-0.8	123000000000000.0
6300	301	-0.75	123000000000000.0
6300	301	-0.7	122000000000000.0
6300	301	-0.65	122000000000000.0
6300	301	-0.6	122000000000000.0
6300	301	-0.55	122000000000000.0
6300	301	-0.5	122000000000000.0
6300	301	-0.45	121000000000000.0
6300	301	-0.4	121000000000000.0
6300	301	-0.35	120000000000000.0
6300	301	-0.3	120000000000000.0
6300	301	-0.25	120000000000000.0
6300	301	-0.2	119000000000000.0
6300	301	-0.15	118000000000000.0
6300	301	-0.1	118000000000000.0
6300	301	-0.05	117000000000000.0
6300	301	0.0	116000000000000.0
6300	301	0.05	116000000000000.0
6300	301	0.1	115000000000000.0
6300	301	0.15	114000000000000.0
6300	301	0.2	113000000000000.0
6300	301	0.25	112000000000000.0
6300	301	0.3	111000000000000.0
6300	301	0.35	110000000000000.0
6300	301	0.4	108000000000000.0
6300	301	0.45	107000000000000.0
6300	301	0.5	106000000000000.0
6300	301	0.6	103000000000000.0
6300	301	0.7	99900000000000.0
6300	301	0.8	96700000000000.0
6300	301	0.9	93300000000000.0
6300	302	-1.0	138000000000000.0
6300	302	-0.95	137000000000000.0
6300	302	-0.9	136000000000000.0
6300	302	-0.85	136000000000000.0
6300	302	-0.8	135000000000000.0
6300	302	-0.75	134000000000000.0
6300	302	-0.7	133000000000000.0
6300	302	-0.65	133000000000000.0
6300	302	-0.6	132000000000000.0
6300	302	-0.55	131000000000000.0
6300	302	-0.5	130000000000000.0
6300	302	-0.45	129000000000000.0
6300	302	-0.4	128000000000000.0
6300	302	-0.35	127000000000000.0
6300	302	-0.3	125000000000000.0
6300	302	-0.25	124000000000000.0
6300	302	-0.2	123000000000000.0
6300	302	-0.15	122000000000000.0
6300	302	-0.1	120000000000000.0
6300	302	-0.05	119000000000000.0
6300	302	0.0	117000000000000.0
6300	302	0.05	116000000000000.0
6300	302	0.1	114000000000000.0
6300	302	0.15	112000000000000.0
6300	302	0.2	111000000000000.0
6300	302	0.25	109000000000000.0
6300	302	0.3	107000000000000.0
6300	302	0.35	105000000000000.0
6300	302	0.4	103000000000000.0
6300	302	0.45	101000000000000.0
6300	302	0.5	99500000000000.0
6300	302	0.6	95400000000000.0
6300	302	0.7	91300000000000.0
6300	302	0.8	87100000000000.0
6300	302	0.9	82800000000000.0
6300	303	-1.0	157000000000000.0
6300	303	-0.95	157000000000000.0
6300	303	-0.9	156000000000000.0
6300	303	-0.85	156000000000000.0
6300	303	-0.8	155000000000000.0
6300	303	-0.75	155000000000000.0
6300	303	-0.7	154000000000000.0
6300	303	-0.65	154000000000000.0
6300	303	-0.6	153000000000000.0
6300	303	-0.55	153000000000000.0
6300	303	-0.5	152000000000000.0
6300	303	-0.45	151000000000000.0
6300	303	-0.4	151000000000000.0
6300	303	-0.35	150000000000000.0
6300	303	-0.3	149000000000000.0
6300	303	-0.25	148000000000000.0
6300	303	-0.2	147000000000000.0
6300	303	-0.15	146000000000000.0
6300	303	-0.1	145000000000000.0
6300	303	-0.05	144000000000000.0
6300	303	0.0	143000000000000.0
6300	303	0.05	142000000000000.0
6300	303	0.1	141000000000000.0
6300	303	0.15	139000000000000.0
6300	303	0.2	138000000000000.0
6300	303	0.25	136000000000000.0
6300	303	0.3	135000000000000.0
6300	303	0.35	133000000000000.0
6300	303	0.4	132000000000000.0
6300	303	0.45	130000000000000.0
6300	303	0.5	129000000000000.0
6300	303	0.6	125000000000000.0
6300	303	0.7	121000000000000.0
6300	303	0.8	118000000000000.0
6300	303	0.9	114000000000000.0
6300	304	-1.0	168000000000000.0
6300	304	-0.95	168000000000000.0
6300	304	-0.9	167000000000000.0
6300	304	-0.85	166000000000000.0
6300	304	-0.8	164000000000000.0
6300	304	-0.75	164000000000000.0
6300	304	-0.7	163000000000000.0
6300	304	-0.65	162000000000000.0
6300	304	-0.6	161000000000000.0
6300	304	-0.55	160000000000000.0
6300	304	-0.5	159000000000000.0
6300	304	-0.45	158000000000000.0
6300	304	-0.4	156000000000000.0
6300	304	-0.35	155000000000000.0
6300	304	-0.3	154000000000000.0
6300	304	-0.25	152000000000000.0
6300	304	-0.2	151000000000000.0
6300	304	-0.15	149000000000000.0
6300	304	-0.1	148000000000000.0
6300	304	-0.05	146000000000000.0
6300	304	0.0	145000000000000.0
6300	304	0.05	143000000000000.0
6300	304	0.1	141000000000000.0
6300	304	0.15	139000000000000.0
6300	304	0.2	137000000000000.0
6300	304	0.25	135000000000000.0
6300	304	0.3	133000000000000.0
6300	304	0.35	131000000000000.0
6300	304	0.4	129000000000000.0
6300	304	0.45	127000000000000.0
6300	304	0.5	125000000000000.0
6300	304	0.6	120000000000000.0
6300	304	0.7	115000000000000.0
6300	304	0.8	110000000000000.0
6300	304	0.9	105000000000000.0
6300	305	-1.0	181000000000000.0
6300	305	-0.95	180000000000000.0
6300	305	-0.9	179000000000000.0
6300	305	-0.85	179000000000000.0
6300	305	-0.8	179000000000000.0
6300	305	-0.75	177000000000000.0
6300	305	-0.7	177000000000000.0
6300	305	-0.65	176000000000000.0
6300	305	-0.6	175000000000000.0
6300	305	-0.55	174000000000000.0
6300	305	-0.5	173000000000000.0
6300	305	-0.45	172000000000000.0
6300	305	-0.4	171000000000000.0
6300	305	-0.35	170000000000000.0
6300	305	-0.3	169000000000000.0
6300	305	-0.25	168000000000000.0
6300	305	-0.2	166000000000000.0
6300	305	-0.15	165000000000000.0
6300	305	-0.1	164000000000000.0
6300	305	-0.05	162000000000000.0
6300	305	0.0	160000000000000.0
6300	305	0.05	159000000000000.0
6300	305	0.1	157000000000000.0
6300	305	0.15	155000000000000.0
6300	305	0.2	153000000000000.0
6300	305	0.25	151000000000000.0
6300	305	0.3	149000000000000.0
6300	305	0.35	147000000000000.0
6300	305	0.4	145000000000000.0
6300	305	0.45	143000000000000.0
6300	305	0.5	141000000000000.0
6300	305	0.6	136000000000000.0
6300	305	0.7	131000000000000.0
6300	305	0.8	126000000000000.0
6300	305	0.9	121000000000000.0
6300	306	-1.0	163000000000000.0
6300	306	-0.95	162000000000000.0
6300	306	-0.9	161000000000000.0
6300	306	-0.85	161000000000000.0
6300	306	-0.8	160000000000000.0
6300	306	-0.75	159000000000000.0
6300	306	-0.7	158000000000000.0
6300	306	-0.65	157000000000000.0
6300	306	-0.6	155000000000000.0
6300	306	-0.55	154000000000000.0
6300	306	-0.5	153000000000000.0
6300	306	-0.45	152000000000000.0
6300	306	-0.4	150000000000000.0
6300	306	-0.35	149000000000000.0
6300	306	-0.3	148000000000000.0
6300	306	-0.25	146000000000000.0
6300	306	-0.2	144000000000000.0
6300	306	-0.15	143000000000000.0
6300	306	-0.1	141000000000000.0
6300	306	-0.05	139000000000000.0
6300	306	0.0	138000000000000.0
6300	306	0.05	136000000000000.0
6300	306	0.1	134000000000000.0
6300	306	0.15	132000000000000.0
6300	306	0.2	130000000000000.0
6300	306	0.25	128000000000000.0
6300	306	0.3	126000000000000.0
6300	306	0.35	124000000000000.0
6300	306	0.4	122000000000000.0
6300	306	0.45	120000000000000.0
6300	306	0.5	118000000000000.0
6300	306	0.6	113000000000000.0
6300	306	0.7	109000000000000.0
6300	306	0.8	105000000000000.0
6300	306	0.9	100000000000000.0
6300	307	-1.0	164000000000000.0
6300	307	-0.95	164000000000000.0
6300	307	-0.9	163000000000000.0
6300	307	-0.85	162000000000000.0
6300	307	-0.8	162000000000000.0
6300	307	-0.75	161000000000000.0
6300	307	-0.7	160000000000000.0
6300	307	-0.65	159000000000000.0
6300	307	-0.6	158000000000000.0
6300	307	-0.55	157000000000000.0
6300	307	-0.5	156000000000000.0
6300	307	-0.45	155000000000000.0
6300	307	-0.4	154000000000000.0
6300	307	-0.35	152000000000000.0
6300	307	-0.3	151000000000000.0
6300	307	-0.25	150000000000000.0
6300	307	-0.2	149000000000000.0
6300	307	-0.15	148000000000000.0
6300	307	-0.1	146000000000000.0
6300	307	-0.05	145000000000000.0
6300	307	0.0	144000000000000.0
6300	307	0.05	142000000000000.0
6300	307	0.1	141000000000000.0
6300	307	0.15	139000000000000.0
6300	307	0.2	138000000000000.0
6300	307	0.25	136000000000000.0
6300	307	0.3	135000000000000.0
6300	307	0.35	133000000000000.0
6300	307	0.4	132000000000000.0
6300	307	0.45	130000000000000.0
6300	307	0.5	129000000000000.0
6300	307	0.6	126000000000000.0
6300	307	0.7	122000000000000.0
6300	307	0.8	119000000000000.0
6300	307	0.9	115000000000000.0
6300	308.00000000000006	-1.0	172000000000000.0
6300	308.00000000000006	-0.95	171000000000000.0
6300	308.00000000000006	-0.9	171000000000000.0
6300	308.00000000000006	-0.85	170000000000000.0
6300	308.00000000000006	-0.8	170000000000000.0
6300	308.00000000000006	-0.75	169000000000000.0
6300	308.00000000000006	-0.7	168000000000000.0
6300	308.00000000000006	-0.65	167000000000000.0
6300	308.00000000000006	-0.6	166000000000000.0
6300	308.00000000000006	-0.55	166000000000000.0
6300	308.00000000000006	-0.5	165000000000000.0
6300	308.00000000000006	-0.45	164000000000000.0
6300	308.00000000000006	-0.4	163000000000000.0
6300	308.00000000000006	-0.35	161000000000000.0
6300	308.00000000000006	-0.3	160000000000000.0
6300	308.00000000000006	-0.25	159000000000000.0
6300	308.00000000000006	-0.2	158000000000000.0
6300	308.00000000000006	-0.15	156000000000000.0
6300	308.00000000000006	-0.1	155000000000000.0
6300	308.00000000000006	-0.05	153000000000000.0
6300	308.00000000000006	0.0	152000000000000.0
6300	308.00000000000006	0.05	150000000000000.0
6300	308.00000000000006	0.1	148000000000000.0
6300	308.00000000000006	0.15	146000000000000.0
6300	308.00000000000006	0.2	145000000000000.0
6300	308.00000000000006	0.25	143000000000000.0
6300	308.00000000000006	0.3	141000000000000.0
6300	308.00000000000006	0.35	139000000000000.0
6300	308.00000000000006	0.4	137000000000000.0
6300	308.00000000000006	0.45	135000000000000.0
6300	308.00000000000006	0.5	133000000000000.0
6300	308.00000000000006	0.6	128000000000000.0
6300	308.00000000000006	0.7	124000000000000.0
6300	308.00000000000006	0.8	120000000000000.0
6300	308.00000000000006	0.9	115000000000000.0
6300	309	-1.0	169000000000000.0
6300	309	-0.95	168000000000000.0
6300	309	-0.9	167000000000000.0
6300	309	-0.85	166000000000000.0
6300	309	-0.8	165000000000000.0
6300	309	-0.75	164000000000000.0
6300	309	-0.7	163000000000000.0
6300	309	-0.65	162000000000000.0
6300	309	-0.6	161000000000000.0
6300	309	-0.55	160000000000000.0
6300	309	-0.5	159000000000000.0
6300	309	-0.45	158000000000000.0
6300	309	-0.4	156000000000000.0
6300	309	-0.35	155000000000000.0
6300	309	-0.3	154000000000000.0
6300	309	-0.25	153000000000000.0
6300	309	-0.2	151000000000000.0
6300	309	-0.15	150000000000000.0
6300	309	-0.1	149000000000000.0
6300	309	-0.05	148000000000000.0
6300	309	0.0	146000000000000.0
6300	309	0.05	145000000000000.0
6300	309	0.1	143000000000000.0
6300	309	0.15	142000000000000.0
6300	309	0.2	141000000000000.0
6300	309	0.25	139000000000000.0
6300	309	0.3	138000000000000.0
6300	309	0.35	136000000000000.0
6300	309	0.4	135000000000000.0
6300	309	0.45	133000000000000.0
6300	309	0.5	132000000000000.0
6300	309	0.6	129000000000000.0
6300	309	0.7	125000000000000.0
6300	309	0.8	122000000000000.0
6300	309	0.9	119000000000000.0
6300	310	-1.0	175000000000000.0
6300	310	-0.95	174000000000000.0
6300	310	-0.9	172000000000000.0
6300	310	-0.85	171000000000000.0
6300	310	-0.8	169000000000000.0
6300	310	-0.75	168000000000000.0
6300	310	-0.7	166000000000000.0
6300	310	-0.65	165000000000000.0
6300	310	-0.6	163000000000000.0
6300	310	-0.55	162000000000000.0
6300	310	-0.5	160000000000000.0
6300	310	-0.45	158000000000000.0
6300	310	-0.4	156000000000000.0
6300	310	-0.35	154000000000000.0
6300	310	-0.3	153000000000000.0
6300	310	-0.25	151000000000000.0
6300	310	-0.2	149000000000000.0
6300	310	-0.15	147000000000000.0
6300	310	-0.1	145000000000000.0
6300	310	-0.05	143000000000000.0
6300	310	0.0	141000000000000.0
6300	310	0.05	139000000000000.0
6300	310	0.1	137000000000000.0
6300	310	0.15	135000000000000.0
6300	310	0.2	132000000000000.0
6300	310	0.25	130000000000000.0
6300	310	0.3	128000000000000.0
6300	310	0.35	126000000000000.0
6300	310	0.4	124000000000000.0
6300	310	0.45	122000000000000.0
6300	310	0.5	120000000000000.0
6300	310	0.6	116000000000000.0
6300	310	0.7	112000000000000.0
6300	310	0.8	108000000000000.0
6300	310	0.9	103000000000000.0
6300	310.99999999999994	-1.0	161000000000000.0
6300	310.99999999999994	-0.95	161000000000000.0
6300	310.99999999999994	-0.9	161000000000000.0
6300	310.99999999999994	-0.85	160000000000000.0
6300	310.99999999999994	-0.8	160000000000000.0
6300	310.99999999999994	-0.75	160000000000000.0
6300	310.99999999999994	-0.7	159000000000000.0
6300	310.99999999999994	-0.65	159000000000000.0
6300	310.99999999999994	-0.6	159000000000000.0
6300	310.99999999999994	-0.55	158000000000000.0
6300	310.99999999999994	-0.5	158000000000000.0
6300	310.99999999999994	-0.45	158000000000000.0
6300	310.99999999999994	-0.4	157000000000000.0
6300	310.99999999999994	-0.35	157000000000000.0
6300	310.99999999999994	-0.3	156000000000000.0
6300	310.99999999999994	-0.25	156000000000000.0
6300	310.99999999999994	-0.2	155000000000000.0
6300	310.99999999999994	-0.15	155000000000000.0
6300	310.99999999999994	-0.1	154000000000000.0
6300	310.99999999999994	-0.05	153000000000000.0
6300	310.99999999999994	0.0	153000000000000.0
6300	310.99999999999994	0.05	152000000000000.0
6300	310.99999999999994	0.1	151000000000000.0
6300	310.99999999999994	0.15	151000000000000.0
6300	310.99999999999994	0.2	150000000000000.0
6300	310.99999999999994	0.25	149000000000000.0
6300	310.99999999999994	0.3	148000000000000.0
6300	310.99999999999994	0.35	147000000000000.0
6300	310.99999999999994	0.4	147000000000000.0
6300	310.99999999999994	0.45	146000000000000.0
6300	310.99999999999994	0.5	145000000000000.0
6300	310.99999999999994	0.6	143000000000000.0
6300	310.99999999999994	0.7	140000000000000.0
6300	310.99999999999994	0.8	138000000000000.0
6300	310.99999999999994	0.9	136000000000000.0
6300	312	-1.0	184000000000000.0
6300	312	-0.95	183000000000000.0
6300	312	-0.9	181000000000000.0
6300	312	-0.85	180000000000000.0
6300	312	-0.8	178000000000000.0
6300	312	-0.75	177000000000000.0
6300	312	-0.7	176000000000000.0
6300	312	-0.65	175000000000000.0
6300	312	-0.6	173000000000000.0
6300	312	-0.55	172000000000000.0
6300	312	-0.5	170000000000000.0
6300	312	-0.45	169000000000000.0
6300	312	-0.4	167000000000000.0
6300	312	-0.35	166000000000000.0
6300	312	-0.3	164000000000000.0
6300	312	-0.25	162000000000000.0
6300	312	-0.2	161000000000000.0
6300	312	-0.15	159000000000000.0
6300	312	-0.1	157000000000000.0
6300	312	-0.05	156000000000000.0
6300	312	0.0	154000000000000.0
6300	312	0.05	152000000000000.0
6300	312	0.1	151000000000000.0
6300	312	0.15	149000000000000.0
6300	312	0.2	147000000000000.0
6300	312	0.25	145000000000000.0
6300	312	0.3	144000000000000.0
6300	312	0.35	142000000000000.0
6300	312	0.4	140000000000000.0
6300	312	0.45	138000000000000.0
6300	312	0.5	136000000000000.0
6300	312	0.6	133000000000000.0
6300	312	0.7	129000000000000.0
6300	312	0.8	125000000000000.0
6300	312	0.9	121000000000000.0
6300	313.00000000000006	-1.0	173000000000000.0
6300	313.00000000000006	-0.95	172000000000000.0
6300	313.00000000000006	-0.9	172000000000000.0
6300	313.00000000000006	-0.85	172000000000000.0
6300	313.00000000000006	-0.8	171000000000000.0
6300	313.00000000000006	-0.75	169000000000000.0
6300	313.00000000000006	-0.7	168000000000000.0
6300	313.00000000000006	-0.65	167000000000000.0
6300	313.00000000000006	-0.6	167000000000000.0
6300	313.00000000000006	-0.55	166000000000000.0
6300	313.00000000000006	-0.5	165000000000000.0
6300	313.00000000000006	-0.45	164000000000000.0
6300	313.00000000000006	-0.4	163000000000000.0
6300	313.00000000000006	-0.35	162000000000000.0
6300	313.00000000000006	-0.3	161000000000000.0
6300	313.00000000000006	-0.25	159000000000000.0
6300	313.00000000000006	-0.2	158000000000000.0
6300	313.00000000000006	-0.15	157000000000000.0
6300	313.00000000000006	-0.1	156000000000000.0
6300	313.00000000000006	-0.05	155000000000000.0
6300	313.00000000000006	0.0	154000000000000.0
6300	313.00000000000006	0.05	153000000000000.0
6300	313.00000000000006	0.1	152000000000000.0
6300	313.00000000000006	0.15	150000000000000.0
6300	313.00000000000006	0.2	149000000000000.0
6300	313.00000000000006	0.25	148000000000000.0
6300	313.00000000000006	0.3	147000000000000.0
6300	313.00000000000006	0.35	145000000000000.0
6300	313.00000000000006	0.4	144000000000000.0
6300	313.00000000000006	0.45	143000000000000.0
6300	313.00000000000006	0.5	141000000000000.0
6300	313.00000000000006	0.6	139000000000000.0
6300	313.00000000000006	0.7	136000000000000.0
6300	313.00000000000006	0.8	133000000000000.0
6300	313.00000000000006	0.9	130000000000000.0
6300	313.99999999999994	-1.0	181000000000000.0
6300	313.99999999999994	-0.95	180000000000000.0
6300	313.99999999999994	-0.9	180000000000000.0
6300	313.99999999999994	-0.85	178000000000000.0
6300	313.99999999999994	-0.8	178000000000000.0
6300	313.99999999999994	-0.75	177000000000000.0
6300	313.99999999999994	-0.7	176000000000000.0
6300	313.99999999999994	-0.65	175000000000000.0
6300	313.99999999999994	-0.6	174000000000000.0
6300	313.99999999999994	-0.55	173000000000000.0
6300	313.99999999999994	-0.5	171000000000000.0
6300	313.99999999999994	-0.45	170000000000000.0
6300	313.99999999999994	-0.4	169000000000000.0
6300	313.99999999999994	-0.35	168000000000000.0
6300	313.99999999999994	-0.3	166000000000000.0
6300	313.99999999999994	-0.25	165000000000000.0
6300	313.99999999999994	-0.2	164000000000000.0
6300	313.99999999999994	-0.15	162000000000000.0
6300	313.99999999999994	-0.1	161000000000000.0
6300	313.99999999999994	-0.05	160000000000000.0
6300	313.99999999999994	0.0	158000000000000.0
6300	313.99999999999994	0.05	157000000000000.0
6300	313.99999999999994	0.1	155000000000000.0
6300	313.99999999999994	0.15	154000000000000.0
6300	313.99999999999994	0.2	152000000000000.0
6300	313.99999999999994	0.25	150000000000000.0
6300	313.99999999999994	0.3	149000000000000.0
6300	313.99999999999994	0.35	147000000000000.0
6300	313.99999999999994	0.4	146000000000000.0
6300	313.99999999999994	0.45	144000000000000.0
6300	313.99999999999994	0.5	142000000000000.0
6300	313.99999999999994	0.6	139000000000000.0
6300	313.99999999999994	0.7	135000000000000.0
6300	313.99999999999994	0.8	132000000000000.0
6300	313.99999999999994	0.9	128000000000000.0
6300	315	-1.0	174000000000000.0
6300	315	-0.95	173000000000000.0
6300	315	-0.9	172000000000000.0
6300	315	-0.85	171000000000000.0
6300	315	-0.8	170000000000000.0
6300	315	-0.75	169000000000000.0
6300	315	-0.7	168000000000000.0
6300	315	-0.65	167000000000000.0
6300	315	-0.6	166000000000000.0
6300	315	-0.55	165000000000000.0
6300	315	-0.5	164000000000000.0
6300	315	-0.45	163000000000000.0
6300	315	-0.4	162000000000000.0
6300	315	-0.35	160000000000000.0
6300	315	-0.3	159000000000000.0
6300	315	-0.25	158000000000000.0
6300	315	-0.2	157000000000000.0
6300	315	-0.15	156000000000000.0
6300	315	-0.1	155000000000000.0
6300	315	-0.05	154000000000000.0
6300	315	0.0	152000000000000.0
6300	315	0.05	151000000000000.0
6300	315	0.1	150000000000000.0
6300	315	0.15	149000000000000.0
6300	315	0.2	148000000000000.0
6300	315	0.25	147000000000000.0
6300	315	0.3	146000000000000.0
6300	315	0.35	145000000000000.0
6300	315	0.4	143000000000000.0
6300	315	0.45	142000000000000.0
6300	315	0.5	141000000000000.0
6300	315	0.6	139000000000000.0
6300	315	0.7	136000000000000.0
6300	315	0.8	134000000000000.0
6300	315	0.9	131000000000000.0
6300	316.00000000000006	-1.0	190000000000000.0
6300	316.00000000000006	-0.95	188000000000000.0
6300	316.00000000000006	-0.9	186000000000000.0
6300	316.00000000000006	-0.85	184000000000000.0
6300	316.00000000000006	-0.8	182000000000000.0
6300	316.00000000000006	-0.75	180000000000000.0
6300	316.00000000000006	-0.7	178000000000000.0
6300	316.00000000000006	-0.65	176000000000000.0
6300	316.00000000000006	-0.6	174000000000000.0
6300	316.00000000000006	-0.55	172000000000000.0
6300	316.00000000000006	-0.5	170000000000000.0
6300	316.00000000000006	-0.45	168000000000000.0
6300	316.00000000000006	-0.4	165000000000000.0
6300	316.00000000000006	-0.35	163000000000000.0
6300	316.00000000000006	-0.3	161000000000000.0
6300	316.00000000000006	-0.25	158000000000000.0
6300	316.00000000000006	-0.2	156000000000000.0
6300	316.00000000000006	-0.15	154000000000000.0
6300	316.00000000000006	-0.1	152000000000000.0
6300	316.00000000000006	-0.05	149000000000000.0
6300	316.00000000000006	0.0	147000000000000.0
6300	316.00000000000006	0.05	145000000000000.0
6300	316.00000000000006	0.1	143000000000000.0
6300	316.00000000000006	0.15	141000000000000.0
6300	316.00000000000006	0.2	139000000000000.0
6300	316.00000000000006	0.25	137000000000000.0
6300	316.00000000000006	0.3	135000000000000.0
6300	316.00000000000006	0.35	133000000000000.0
6300	316.00000000000006	0.4	131000000000000.0
6300	316.00000000000006	0.45	129000000000000.0
6300	316.00000000000006	0.5	127000000000000.0
6300	316.00000000000006	0.6	123000000000000.0
6300	316.00000000000006	0.7	120000000000000.0
6300	316.00000000000006	0.8	117000000000000.0
6300	316.00000000000006	0.9	113000000000000.0
6300	316.99999999999994	-1.0	188000000000000.0
6300	316.99999999999994	-0.95	187000000000000.0
6300	316.99999999999994	-0.9	186000000000000.0
6300	316.99999999999994	-0.85	185000000000000.0
6300	316.99999999999994	-0.8	184000000000000.0
6300	316.99999999999994	-0.75	183000000000000.0
6300	316.99999999999994	-0.7	182000000000000.0
6300	316.99999999999994	-0.65	181000000000000.0
6300	316.99999999999994	-0.6	180000000000000.0
6300	316.99999999999994	-0.55	178000000000000.0
6300	316.99999999999994	-0.5	177000000000000.0
6300	316.99999999999994	-0.45	176000000000000.0
6300	316.99999999999994	-0.4	174000000000000.0
6300	316.99999999999994	-0.35	173000000000000.0
6300	316.99999999999994	-0.3	172000000000000.0
6300	316.99999999999994	-0.25	170000000000000.0
6300	316.99999999999994	-0.2	169000000000000.0
6300	316.99999999999994	-0.15	167000000000000.0
6300	316.99999999999994	-0.1	166000000000000.0
6300	316.99999999999994	-0.05	164000000000000.0
6300	316.99999999999994	0.0	163000000000000.0
6300	316.99999999999994	0.05	161000000000000.0
6300	316.99999999999994	0.1	160000000000000.0
6300	316.99999999999994	0.15	158000000000000.0
6300	316.99999999999994	0.2	157000000000000.0
6300	316.99999999999994	0.25	155000000000000.0
6300	316.99999999999994	0.3	154000000000000.0
6300	316.99999999999994	0.35	152000000000000.0
6300	316.99999999999994	0.4	151000000000000.0
6300	316.99999999999994	0.45	149000000000000.0
6300	316.99999999999994	0.5	148000000000000.0
6300	316.99999999999994	0.6	145000000000000.0
6300	316.99999999999994	0.7	141000000000000.0
6300	316.99999999999994	0.8	138000000000000.0
6300	316.99999999999994	0.9	135000000000000.0
6300	318	-1.0	191000000000000.0
6300	318	-0.95	189000000000000.0
6300	318	-0.9	188000000000000.0
6300	318	-0.85	187000000000000.0
6300	318	-0.8	185000000000000.0
6300	318	-0.75	184000000000000.0
6300	318	-0.7	182000000000000.0
6300	318	-0.65	181000000000000.0
6300	318	-0.6	179000000000000.0
6300	318	-0.55	177000000000000.0
6300	318	-0.5	176000000000000.0
6300	318	-0.45	174000000000000.0
6300	318	-0.4	172000000000000.0
6300	318	-0.35	171000000000000.0
6300	318	-0.3	169000000000000.0
6300	318	-0.25	167000000000000.0
6300	318	-0.2	165000000000000.0
6300	318	-0.15	163000000000000.0
6300	318	-0.1	162000000000000.0
6300	318	-0.05	160000000000000.0
6300	318	0.0	158000000000000.0
6300	318	0.05	156000000000000.0
6300	318	0.1	154000000000000.0
6300	318	0.15	153000000000000.0
6300	318	0.2	151000000000000.0
6300	318	0.25	149000000000000.0
6300	318	0.3	147000000000000.0
6300	318	0.35	145000000000000.0
6300	318	0.4	143000000000000.0
6300	318	0.45	142000000000000.0
6300	318	0.5	140000000000000.0
6300	318	0.6	136000000000000.0
6300	318	0.7	132000000000000.0
6300	318	0.8	129000000000000.0
6300	318	0.9	125000000000000.0
6300	319.00000000000006	-1.0	186000000000000.0
6300	319.00000000000006	-0.95	185000000000000.0
6300	319.00000000000006	-0.9	184000000000000.0
6300	319.00000000000006	-0.85	183000000000000.0
6300	319.00000000000006	-0.8	181000000000000.0
6300	319.00000000000006	-0.75	180000000000000.0
6300	319.00000000000006	-0.7	179000000000000.0
6300	319.00000000000006	-0.65	178000000000000.0
6300	319.00000000000006	-0.6	176000000000000.0
6300	319.00000000000006	-0.55	175000000000000.0
6300	319.00000000000006	-0.5	174000000000000.0
6300	319.00000000000006	-0.45	172000000000000.0
6300	319.00000000000006	-0.4	171000000000000.0
6300	319.00000000000006	-0.35	169000000000000.0
6300	319.00000000000006	-0.3	168000000000000.0
6300	319.00000000000006	-0.25	166000000000000.0
6300	319.00000000000006	-0.2	164000000000000.0
6300	319.00000000000006	-0.15	163000000000000.0
6300	319.00000000000006	-0.1	161000000000000.0
6300	319.00000000000006	-0.05	160000000000000.0
6300	319.00000000000006	0.0	158000000000000.0
6300	319.00000000000006	0.05	156000000000000.0
6300	319.00000000000006	0.1	154000000000000.0
6300	319.00000000000006	0.15	153000000000000.0
6300	319.00000000000006	0.2	151000000000000.0
6300	319.00000000000006	0.25	149000000000000.0
6300	319.00000000000006	0.3	148000000000000.0
6300	319.00000000000006	0.35	146000000000000.0
6300	319.00000000000006	0.4	144000000000000.0
6300	319.00000000000006	0.45	142000000000000.0
6300	319.00000000000006	0.5	141000000000000.0
6300	319.00000000000006	0.6	137000000000000.0
6300	319.00000000000006	0.7	134000000000000.0
6300	319.00000000000006	0.8	130000000000000.0
6300	319.00000000000006	0.9	126000000000000.0
6300	320	-1.0	200000000000000.0
6300	320	-0.95	199000000000000.0
6300	320	-0.9	198000000000000.0
6300	320	-0.85	197000000000000.0
6300	320	-0.8	196000000000000.0
6300	320	-0.75	195000000000000.0
6300	320	-0.7	194000000000000.0
6300	320	-0.65	193000000000000.0
6300	320	-0.6	191000000000000.0
6300	320	-0.55	190000000000000.0
6300	320	-0.5	189000000000000.0
6300	320	-0.45	187000000000000.0
6300	320	-0.4	186000000000000.0
6300	320	-0.35	184000000000000.0
6300	320	-0.3	183000000000000.0
6300	320	-0.25	181000000000000.0
6300	320	-0.2	180000000000000.0
6300	320	-0.15	178000000000000.0
6300	320	-0.1	176000000000000.0
6300	320	-0.05	175000000000000.0
6300	320	0.0	173000000000000.0
6300	320	0.05	171000000000000.0
6300	320	0.1	169000000000000.0
6300	320	0.15	168000000000000.0
6300	320	0.2	166000000000000.0
6300	320	0.25	164000000000000.0
6300	320	0.3	162000000000000.0
6300	320	0.35	160000000000000.0
6300	320	0.4	158000000000000.0
6300	320	0.45	156000000000000.0
6300	320	0.5	154000000000000.0
6300	320	0.6	150000000000000.0
6300	320	0.7	146000000000000.0
6300	320	0.8	141000000000000.0
6300	320	0.9	137000000000000.0
6300	321	-1.0	232000000000000.0
6300	321	-0.95	231000000000000.0
6300	321	-0.9	230000000000000.0
6300	321	-0.85	228000000000000.0
6300	321	-0.8	226000000000000.0
6300	321	-0.75	225000000000000.0
6300	321	-0.7	224000000000000.0
6300	321	-0.65	222000000000000.0
6300	321	-0.6	220000000000000.0
6300	321	-0.55	219000000000000.0
6300	321	-0.5	217000000000000.0
6300	321	-0.45	215000000000000.0
6300	321	-0.4	213000000000000.0
6300	321	-0.35	211000000000000.0
6300	321	-0.3	209000000000000.0
6300	321	-0.25	207000000000000.0
6300	321	-0.2	205000000000000.0
6300	321	-0.15	203000000000000.0
6300	321	-0.1	201000000000000.0
6300	321	-0.05	199000000000000.0
6300	321	0.0	197000000000000.0
6300	321	0.05	194000000000000.0
6300	321	0.1	192000000000000.0
6300	321	0.15	190000000000000.0
6300	321	0.2	188000000000000.0
6300	321	0.25	185000000000000.0
6300	321	0.3	183000000000000.0
6300	321	0.35	180000000000000.0
6300	321	0.4	178000000000000.0
6300	321	0.45	176000000000000.0
6300	321	0.5	173000000000000.0
6300	321	0.6	168000000000000.0
6300	321	0.7	163000000000000.0
6300	321	0.8	158000000000000.0
6300	321	0.9	152000000000000.0
6300	322.49999999999994	-1.0	444000000000000.0
6300	322.49999999999994	-0.95	440000000000000.0
6300	322.49999999999994	-0.9	437000000000000.0
6300	322.49999999999994	-0.85	435000000000000.0
6300	322.49999999999994	-0.8	431000000000000.0
6300	322.49999999999994	-0.75	426000000000000.0
6300	322.49999999999994	-0.7	423000000000000.0
6300	322.49999999999994	-0.65	419000000000000.0
6300	322.49999999999994	-0.6	415000000000000.0
6300	322.49999999999994	-0.55	410000000000000.0
6300	322.49999999999994	-0.5	406000000000000.0
6300	322.49999999999994	-0.45	401000000000000.0
6300	322.49999999999994	-0.4	397000000000000.0
6300	322.49999999999994	-0.35	392000000000000.0
6300	322.49999999999994	-0.3	387000000000000.0
6300	322.49999999999994	-0.25	382000000000000.0
6300	322.49999999999994	-0.2	377000000000000.0
6300	322.49999999999994	-0.15	372000000000000.0
6300	322.49999999999994	-0.1	366000000000000.0
6300	322.49999999999994	-0.05	361000000000000.0
6300	322.49999999999994	0.0	356000000000000.0
6300	322.49999999999994	0.05	350000000000000.0
6300	322.49999999999994	0.1	345000000000000.0
6300	322.49999999999994	0.15	339000000000000.0
6300	322.49999999999994	0.2	334000000000000.0
6300	322.49999999999994	0.25	329000000000000.0
6300	322.49999999999994	0.3	323000000000000.0
6300	322.49999999999994	0.35	318000000000000.0
6300	322.49999999999994	0.4	313000000000000.0
6300	322.49999999999994	0.45	307000000000000.0
6300	322.49999999999994	0.5	302000000000000.0
6300	322.49999999999994	0.6	292000000000000.0
6300	322.49999999999994	0.7	281000000000000.0
6300	322.49999999999994	0.8	271000000000000.0
6300	322.49999999999994	0.9	261000000000000.0
6300	324.50000000000006	-1.0	460000000000000.0
6300	324.50000000000006	-0.95	457000000000000.0
6300	324.50000000000006	-0.9	454000000000000.0
6300	324.50000000000006	-0.85	449000000000000.0
6300	324.50000000000006	-0.8	446000000000000.0
6300	324.50000000000006	-0.75	443000000000000.0
6300	324.50000000000006	-0.7	440000000000000.0
6300	324.50000000000006	-0.65	436000000000000.0
6300	324.50000000000006	-0.6	432000000000000.0
6300	324.50000000000006	-0.55	428000000000000.0
6300	324.50000000000006	-0.5	424000000000000.0
6300	324.50000000000006	-0.45	420000000000000.0
6300	324.50000000000006	-0.4	416000000000000.0
6300	324.50000000000006	-0.35	411000000000000.0
6300	324.50000000000006	-0.3	407000000000000.0
6300	324.50000000000006	-0.25	402000000000000.0
6300	324.50000000000006	-0.2	398000000000000.0
6300	324.50000000000006	-0.15	393000000000000.0
6300	324.50000000000006	-0.1	388000000000000.0
6300	324.50000000000006	-0.05	383000000000000.0
6300	324.50000000000006	0.0	378000000000000.0
6300	324.50000000000006	0.05	373000000000000.0
6300	324.50000000000006	0.1	368000000000000.0
6300	324.50000000000006	0.15	363000000000000.0
6300	324.50000000000006	0.2	357000000000000.0
6300	324.50000000000006	0.25	352000000000000.0
6300	324.50000000000006	0.3	347000000000000.0
6300	324.50000000000006	0.35	341000000000000.0
6300	324.50000000000006	0.4	336000000000000.0
6300	324.50000000000006	0.45	330000000000000.0
6300	324.50000000000006	0.5	325000000000000.0
6300	324.50000000000006	0.6	313000000000000.0
6300	324.50000000000006	0.7	302000000000000.0
6300	324.50000000000006	0.8	290000000000000.0
6300	324.50000000000006	0.9	278000000000000.0
6300	326.5	-1.0	512000000000000.0
6300	326.5	-0.95	511000000000000.0
6300	326.5	-0.9	510000000000000.0
6300	326.5	-0.85	509000000000000.0
6300	326.5	-0.8	508000000000000.0
6300	326.5	-0.75	505000000000000.0
6300	326.5	-0.7	503000000000000.0
6300	326.5	-0.65	502000000000000.0
6300	326.5	-0.6	500000000000000.0
6300	326.5	-0.55	498000000000000.0
6300	326.5	-0.5	495000000000000.0
6300	326.5	-0.45	493000000000000.0
6300	326.5	-0.4	491000000000000.0
6300	326.5	-0.35	489000000000000.0
6300	326.5	-0.3	486000000000000.0
6300	326.5	-0.25	483000000000000.0
6300	326.5	-0.2	481000000000000.0
6300	326.5	-0.15	478000000000000.0
6300	326.5	-0.1	475000000000000.0
6300	326.5	-0.05	472000000000000.0
6300	326.5	0.0	469000000000000.0
6300	326.5	0.05	466000000000000.0
6300	326.5	0.1	462000000000000.0
6300	326.5	0.15	459000000000000.0
6300	326.5	0.2	455000000000000.0
6300	326.5	0.25	452000000000000.0
6300	326.5	0.3	448000000000000.0
6300	326.5	0.35	444000000000000.0
6300	326.5	0.4	440000000000000.0
6300	326.5	0.45	436000000000000.0
6300	326.5	0.5	432000000000000.0
6300	326.5	0.6	424000000000000.0
6300	326.5	0.7	415000000000000.0
6300	326.5	0.8	406000000000000.0
6300	326.5	0.9	396000000000000.0
6300	330	-1.0	1290000000000000.0
6300	330	-0.95	1290000000000000.0
6300	330	-0.9	1280000000000000.0
6300	330	-0.85	1280000000000000.0
6300	330	-0.8	1270000000000000.0
6300	330	-0.75	1270000000000000.0
6300	330	-0.7	1260000000000000.0
6300	330	-0.65	1250000000000000.0
6300	330	-0.6	1250000000000000.0
6300	330	-0.55	1240000000000000.0
6300	330	-0.5	1230000000000000.0
6300	330	-0.45	1220000000000000.0
6300	330	-0.4	1220000000000000.0
6300	330	-0.35	1210000000000000.0
6300	330	-0.3	1200000000000000.0
6300	330	-0.25	1190000000000000.0
6300	330	-0.2	1180000000000000.0
6300	330	-0.15	1170000000000000.0
6300	330	-0.1	1160000000000000.0
6300	330	-0.05	1150000000000000.0
6300	330	0.0	1140000000000000.0
6300	330	0.05	1130000000000000.0
6300	330	0.1	1110000000000000.0
6300	330	0.15	1100000000000000.0
6300	330	0.2	1090000000000000.0
6300	330	0.25	1080000000000000.0
6300	330	0.3	1060000000000000.0
6300	330	0.35	1050000000000000.0
6300	330	0.4	1040000000000000.0
6300	330	0.45	1030000000000000.0
6300	330	0.5	1010000000000000.0
6300	330	0.6	984000000000000.0
6300	330	0.7	956000000000000.0
6300	330	0.8	927000000000000.0
6300	330	0.9	898000000000000.0
6300	335	-1.0	1280000000000000.0
6300	335	-0.95	1270000000000000.0
6300	335	-0.9	1260000000000000.0
6300	335	-0.85	1260000000000000.0
6300	335	-0.8	1250000000000000.0
6300	335	-0.75	1240000000000000.0
6300	335	-0.7	1230000000000000.0
6300	335	-0.65	1220000000000000.0
6300	335	-0.6	1210000000000000.0
6300	335	-0.55	1200000000000000.0
6300	335	-0.5	1190000000000000.0
6300	335	-0.45	1180000000000000.0
6300	335	-0.4	1170000000000000.0
6300	335	-0.35	1160000000000000.0
6300	335	-0.3	1150000000000000.0
6300	335	-0.25	1140000000000000.0
6300	335	-0.2	1130000000000000.0
6300	335	-0.15	1120000000000000.0
6300	335	-0.1	1110000000000000.0
6300	335	-0.05	1090000000000000.0
6300	335	0.0	1080000000000000.0
6300	335	0.05	1070000000000000.0
6300	335	0.1	1060000000000000.0
6300	335	0.15	1040000000000000.0
6300	335	0.2	1030000000000000.0
6300	335	0.25	1020000000000000.0
6300	335	0.3	1010000000000000.0
6300	335	0.35	993000000000000.0
6300	335	0.4	980000000000000.0
6300	335	0.45	967000000000000.0
6300	335	0.5	954000000000000.0
6300	335	0.6	927000000000000.0
6300	335	0.7	900000000000000.0
6300	335	0.8	872000000000000.0
6300	335	0.9	844000000000000.0
6300	340	-1.0	1320000000000000.0
6300	340	-0.95	1310000000000000.0
6300	340	-0.9	1300000000000000.0
6300	340	-0.85	1300000000000000.0
6300	340	-0.8	1290000000000000.0
6300	340	-0.75	1280000000000000.0
6300	340	-0.7	1280000000000000.0
6300	340	-0.65	1270000000000000.0
6300	340	-0.6	1260000000000000.0
6300	340	-0.55	1250000000000000.0
6300	340	-0.5	1240000000000000.0
6300	340	-0.45	1230000000000000.0
6300	340	-0.4	1220000000000000.0
6300	340	-0.35	1210000000000000.0
6300	340	-0.3	1200000000000000.0
6300	340	-0.25	1190000000000000.0
6300	340	-0.2	1180000000000000.0
6300	340	-0.15	1170000000000000.0
6300	340	-0.1	1150000000000000.0
6300	340	-0.05	1140000000000000.0
6300	340	0.0	1130000000000000.0
6300	340	0.05	1120000000000000.0
6300	340	0.1	1100000000000000.0
6300	340	0.15	1090000000000000.0
6300	340	0.2	1080000000000000.0
6300	340	0.25	1060000000000000.0
6300	340	0.3	1050000000000000.0
6300	340	0.35	1030000000000000.0
6300	340	0.4	1020000000000000.0
6300	340	0.45	1000000000000000.0
6300	340	0.5	991000000000000.0
6300	340	0.6	962000000000000.0
6300	340	0.7	932000000000000.0
6300	340	0.8	903000000000000.0
6300	340	0.9	874000000000000.0
6300	345	-1.0	1380000000000000.0
6300	345	-0.95	1370000000000000.0
6300	345	-0.9	1370000000000000.0
6300	345	-0.85	1360000000000000.0
6300	345	-0.8	1360000000000000.0
6300	345	-0.75	1350000000000000.0
6300	345	-0.7	1340000000000000.0
6300	345	-0.65	1340000000000000.0
6300	345	-0.6	1330000000000000.0
6300	345	-0.55	1320000000000000.0
6300	345	-0.5	1310000000000000.0
6300	345	-0.45	1310000000000000.0
6300	345	-0.4	1300000000000000.0
6300	345	-0.35	1290000000000000.0
6300	345	-0.3	1280000000000000.0
6300	345	-0.25	1270000000000000.0
6300	345	-0.2	1260000000000000.0
6300	345	-0.15	1250000000000000.0
6300	345	-0.1	1230000000000000.0
6300	345	-0.05	1220000000000000.0
6300	345	0.0	1210000000000000.0
6300	345	0.05	1200000000000000.0
6300	345	0.1	1190000000000000.0
6300	345	0.15	1170000000000000.0
6300	345	0.2	1160000000000000.0
6300	345	0.25	1150000000000000.0
6300	345	0.3	1130000000000000.0
6300	345	0.35	1120000000000000.0
6300	345	0.4	1100000000000000.0
6300	345	0.45	1090000000000000.0
6300	345	0.5	1070000000000000.0
6300	345	0.6	1040000000000000.0
6300	345	0.7	1010000000000000.0
6300	345	0.8	980000000000000.0
6300	345	0.9	948000000000000.0
6300	350	-1.0	1410000000000000.0
6300	350	-0.95	1410000000000000.0
6300	350	-0.9	1400000000000000.0
6300	350	-0.85	1400000000000000.0
6300	350	-0.8	1390000000000000.0
6300	350	-0.75	1390000000000000.0
6300	350	-0.7	1380000000000000.0
6300	350	-0.65	1380000000000000.0
6300	350	-0.6	1370000000000000.0
6300	350	-0.55	1360000000000000.0
6300	350	-0.5	1360000000000000.0
6300	350	-0.45	1350000000000000.0
6300	350	-0.4	1340000000000000.0
6300	350	-0.35	1340000000000000.0
6300	350	-0.3	1330000000000000.0
6300	350	-0.25	1320000000000000.0
6300	350	-0.2	1310000000000000.0
6300	350	-0.15	1300000000000000.0
6300	350	-0.1	1290000000000000.0
6300	350	-0.05	1280000000000000.0
6300	350	0.0	1270000000000000.0
6300	350	0.05	1260000000000000.0
6300	350	0.1	1250000000000000.0
6300	350	0.15	1240000000000000.0
6300	350	0.2	1230000000000000.0
6300	350	0.25	1220000000000000.0
6300	350	0.3	1200000000000000.0
6300	350	0.35	1190000000000000.0
6300	350	0.4	1180000000000000.0
6300	350	0.45	1160000000000000.0
6300	350	0.5	1150000000000000.0
6300	350	0.6	1120000000000000.0
6300	350	0.7	1090000000000000.0
6300	350	0.8	1060000000000000.0
6300	350	0.9	1030000000000000.0
6300	355	-1.0	1450000000000000.0
6300	355	-0.95	1440000000000000.0
6300	355	-0.9	1440000000000000.0
6300	355	-0.85	1440000000000000.0
6300	355	-0.8	1430000000000000.0
6300	355	-0.75	1430000000000000.0
6300	355	-0.7	1420000000000000.0
6300	355	-0.65	1420000000000000.0
6300	355	-0.6	1410000000000000.0
6300	355	-0.55	1400000000000000.0
6300	355	-0.5	1400000000000000.0
6300	355	-0.45	1390000000000000.0
6300	355	-0.4	1380000000000000.0
6300	355	-0.35	1380000000000000.0
6300	355	-0.3	1370000000000000.0
6300	355	-0.25	1360000000000000.0
6300	355	-0.2	1350000000000000.0
6300	355	-0.15	1340000000000000.0
6300	355	-0.1	1330000000000000.0
6300	355	-0.05	1320000000000000.0
6300	355	0.0	1310000000000000.0
6300	355	0.05	1300000000000000.0
6300	355	0.1	1290000000000000.0
6300	355	0.15	1270000000000000.0
6300	355	0.2	1260000000000000.0
6300	355	0.25	1250000000000000.0
6300	355	0.3	1230000000000000.0
6300	355	0.35	1210000000000000.0
6300	355	0.4	1200000000000000.0
6300	355	0.45	1180000000000000.0
6300	355	0.5	1160000000000000.0
6300	355	0.6	1130000000000000.0
6300	355	0.7	1090000000000000.0
6300	355	0.8	1050000000000000.0
6300	355	0.9	1000000000000000.0
6300	360	-1.0	1430000000000000.0
6300	360	-0.95	1420000000000000.0
6300	360	-0.9	1420000000000000.0
6300	360	-0.85	1410000000000000.0
6300	360	-0.8	1400000000000000.0
6300	360	-0.75	1400000000000000.0
6300	360	-0.7	1390000000000000.0
6300	360	-0.65	1380000000000000.0
6300	360	-0.6	1370000000000000.0
6300	360	-0.55	1360000000000000.0
6300	360	-0.5	1360000000000000.0
6300	360	-0.45	1350000000000000.0
6300	360	-0.4	1340000000000000.0
6300	360	-0.35	1330000000000000.0
6300	360	-0.3	1320000000000000.0
6300	360	-0.25	1310000000000000.0
6300	360	-0.2	1300000000000000.0
6300	360	-0.15	1280000000000000.0
6300	360	-0.1	1270000000000000.0
6300	360	-0.05	1260000000000000.0
6300	360	0.0	1250000000000000.0
6300	360	0.05	1230000000000000.0
6300	360	0.1	1220000000000000.0
6300	360	0.15	1200000000000000.0
6300	360	0.2	1190000000000000.0
6300	360	0.25	1170000000000000.0
6300	360	0.3	1160000000000000.0
6300	360	0.35	1140000000000000.0
6300	360	0.4	1130000000000000.0
6300	360	0.45	1110000000000000.0
6300	360	0.5	1090000000000000.0
6300	360	0.6	1050000000000000.0
6300	360	0.7	1020000000000000.0
6300	360	0.8	978000000000000.0
6300	360	0.9	939000000000000.0
6300	365	-1.0	1710000000000000.0
6300	365	-0.95	1700000000000000.0
6300	365	-0.9	1700000000000000.0
6300	365	-0.85	1700000000000000.0
6300	365	-0.8	1690000000000000.0
6300	365	-0.75	1680000000000000.0
6300	365	-0.7	1680000000000000.0
6300	365	-0.65	1670000000000000.0
6300	365	-0.6	1670000000000000.0
6300	365	-0.55	1660000000000000.0
6300	365	-0.5	1650000000000000.0
6300	365	-0.45	1650000000000000.0
6300	365	-0.4	1640000000000000.0
6300	365	-0.35	1630000000000000.0
6300	365	-0.3	1620000000000000.0
6300	365	-0.25	1610000000000000.0
6300	365	-0.2	1600000000000000.0
6300	365	-0.15	1600000000000000.0
6300	365	-0.1	1590000000000000.0
6300	365	-0.05	1580000000000000.0
6300	365	0.0	1570000000000000.0
6300	365	0.05	1550000000000000.0
6300	365	0.1	1540000000000000.0
6300	365	0.15	1530000000000000.0
6300	365	0.2	1520000000000000.0
6300	365	0.25	1510000000000000.0
6300	365	0.3	1500000000000000.0
6300	365	0.35	1480000000000000.0
6300	365	0.4	1470000000000000.0
6300	365	0.45	1460000000000000.0
6300	365	0.5	1440000000000000.0
6300	365	0.6	1410000000000000.0
6300	365	0.7	1380000000000000.0
6300	365	0.8	1350000000000000.0
6300	365	0.9	1310000000000000.0
6300	370	-1.0	1530000000000000.0
6300	370	-0.95	1520000000000000.0
6300	370	-0.9	1520000000000000.0
6300	370	-0.85	1510000000000000.0
6300	370	-0.8	1510000000000000.0
6300	370	-0.75	1510000000000000.0
6300	370	-0.7	1510000000000000.0
6300	370	-0.65	1500000000000000.0
6300	370	-0.6	1500000000000000.0
6300	370	-0.55	1490000000000000.0
6300	370	-0.5	1490000000000000.0
6300	370	-0.45	1480000000000000.0
6300	370	-0.4	1480000000000000.0
6300	370	-0.35	1470000000000000.0
6300	370	-0.3	1460000000000000.0
6300	370	-0.25	1460000000000000.0
6300	370	-0.2	1450000000000000.0
6300	370	-0.15	1440000000000000.0
6300	370	-0.1	1430000000000000.0
6300	370	-0.05	1430000000000000.0
6300	370	0.0	1420000000000000.0
6300	370	0.05	1410000000000000.0
6300	370	0.1	1400000000000000.0
6300	370	0.15	1390000000000000.0
6300	370	0.2	1380000000000000.0
6300	370	0.25	1370000000000000.0
6300	370	0.3	1360000000000000.0
6300	370	0.35	1350000000000000.0
6300	370	0.4	1340000000000000.0
6300	370	0.45	1330000000000000.0
6300	370	0.5	1320000000000000.0
6300	370	0.6	1290000000000000.0
6300	370	0.7	1260000000000000.0
6300	370	0.8	1240000000000000.0
6300	370	0.9	1210000000000000.0
6300	375	-1.0	1620000000000000.0
6300	375	-0.95	1610000000000000.0
6300	375	-0.9	1610000000000000.0
6300	375	-0.85	1600000000000000.0
6300	375	-0.8	1590000000000000.0
6300	375	-0.75	1590000000000000.0
6300	375	-0.7	1580000000000000.0
6300	375	-0.65	1570000000000000.0
6300	375	-0.6	1570000000000000.0
6300	375	-0.55	1560000000000000.0
6300	375	-0.5	1550000000000000.0
6300	375	-0.45	1540000000000000.0
6300	375	-0.4	1530000000000000.0
6300	375	-0.35	1520000000000000.0
6300	375	-0.3	1510000000000000.0
6300	375	-0.25	1500000000000000.0
6300	375	-0.2	1490000000000000.0
6300	375	-0.15	1480000000000000.0
6300	375	-0.1	1470000000000000.0
6300	375	-0.05	1460000000000000.0
6300	375	0.0	1440000000000000.0
6300	375	0.05	1430000000000000.0
6300	375	0.1	1410000000000000.0
6300	375	0.15	1400000000000000.0
6300	375	0.2	1380000000000000.0
6300	375	0.25	1370000000000000.0
6300	375	0.3	1350000000000000.0
6300	375	0.35	1340000000000000.0
6300	375	0.4	1320000000000000.0
6300	375	0.45	1300000000000000.0
6300	375	0.5	1280000000000000.0
6300	375	0.6	1240000000000000.0
6300	375	0.7	1200000000000000.0
6300	375	0.8	1160000000000000.0
6300	375	0.9	1120000000000000.0
6300	380	-1.0	1910000000000000.0
6300	380	-0.95	1900000000000000.0
6300	380	-0.9	1900000000000000.0
6300	380	-0.85	1900000000000000.0
6300	380	-0.8	1890000000000000.0
6300	380	-0.75	1890000000000000.0
6300	380	-0.7	1890000000000000.0
6300	380	-0.65	1880000000000000.0
6300	380	-0.6	1880000000000000.0
6300	380	-0.55	1870000000000000.0
6300	380	-0.5	1860000000000000.0
6300	380	-0.45	1850000000000000.0
6300	380	-0.4	1850000000000000.0
6300	380	-0.35	1840000000000000.0
6300	380	-0.3	1830000000000000.0
6300	380	-0.25	1820000000000000.0
6300	380	-0.2	1810000000000000.0
6300	380	-0.15	1790000000000000.0
6300	380	-0.1	1780000000000000.0
6300	380	-0.05	1770000000000000.0
6300	380	0.0	1750000000000000.0
6300	380	0.05	1730000000000000.0
6300	380	0.1	1720000000000000.0
6300	380	0.15	1700000000000000.0
6300	380	0.2	1680000000000000.0
6300	380	0.25	1650000000000000.0
6300	380	0.3	1630000000000000.0
6300	380	0.35	1610000000000000.0
6300	380	0.4	1580000000000000.0
6300	380	0.45	1560000000000000.0
6300	380	0.5	1530000000000000.0
6300	380	0.6	1470000000000000.0
6300	380	0.7	1410000000000000.0
6300	380	0.8	1340000000000000.0
6300	380	0.9	1270000000000000.0
6300	385	-1.0	1910000000000000.0
6300	385	-0.95	1910000000000000.0
6300	385	-0.9	1900000000000000.0
6300	385	-0.85	1890000000000000.0
6300	385	-0.8	1890000000000000.0
6300	385	-0.75	1880000000000000.0
6300	385	-0.7	1870000000000000.0
6300	385	-0.65	1860000000000000.0
6300	385	-0.6	1850000000000000.0
6300	385	-0.55	1840000000000000.0
6300	385	-0.5	1830000000000000.0
6300	385	-0.45	1810000000000000.0
6300	385	-0.4	1800000000000000.0
6300	385	-0.35	1780000000000000.0
6300	385	-0.3	1760000000000000.0
6300	385	-0.25	1750000000000000.0
6300	385	-0.2	1730000000000000.0
6300	385	-0.15	1700000000000000.0
6300	385	-0.1	1680000000000000.0
6300	385	-0.05	1650000000000000.0
6300	385	0.0	1630000000000000.0
6300	385	0.05	1600000000000000.0
6300	385	0.1	1570000000000000.0
6300	385	0.15	1540000000000000.0
6300	385	0.2	1510000000000000.0
6300	385	0.25	1470000000000000.0
6300	385	0.3	1440000000000000.0
6300	385	0.35	1400000000000000.0
6300	385	0.4	1360000000000000.0
6300	385	0.45	1320000000000000.0
6300	385	0.5	1290000000000000.0
6300	385	0.6	1210000000000000.0
6300	385	0.7	1130000000000000.0
6300	385	0.8	1050000000000000.0
6300	385	0.9	975000000000000.0
6300	390	-1.0	1970000000000000.0
6300	390	-0.95	1960000000000000.0
6300	390	-0.9	1960000000000000.0
6300	390	-0.85	1950000000000000.0
6300	390	-0.8	1950000000000000.0
6300	390	-0.75	1940000000000000.0
6300	390	-0.7	1930000000000000.0
6300	390	-0.65	1930000000000000.0
6300	390	-0.6	1920000000000000.0
6300	390	-0.55	1910000000000000.0
6300	390	-0.5	1900000000000000.0
6300	390	-0.45	1890000000000000.0
6300	390	-0.4	1880000000000000.0
6300	390	-0.35	1870000000000000.0
6300	390	-0.3	1860000000000000.0
6300	390	-0.25	1850000000000000.0
6300	390	-0.2	1830000000000000.0
6300	390	-0.15	1820000000000000.0
6300	390	-0.1	1800000000000000.0
6300	390	-0.05	1790000000000000.0
6300	390	0.0	1770000000000000.0
6300	390	0.05	1750000000000000.0
6300	390	0.1	1740000000000000.0
6300	390	0.15	1720000000000000.0
6300	390	0.2	1700000000000000.0
6300	390	0.25	1680000000000000.0
6300	390	0.3	1660000000000000.0
6300	390	0.35	1640000000000000.0
6300	390	0.4	1620000000000000.0
6300	390	0.45	1600000000000000.0
6300	390	0.5	1570000000000000.0
6300	390	0.6	1530000000000000.0
6300	390	0.7	1480000000000000.0
6300	390	0.8	1440000000000000.0
6300	390	0.9	1390000000000000.0
6300	395	-1.0	1710000000000000.0
6300	395	-0.95	1700000000000000.0
6300	395	-0.9	1680000000000000.0
6300	395	-0.85	1660000000000000.0
6300	395	-0.8	1640000000000000.0
6300	395	-0.75	1630000000000000.0
6300	395	-0.7	1610000000000000.0
6300	395	-0.65	1590000000000000.0
6300	395	-0.6	1570000000000000.0
6300	395	-0.55	1550000000000000.0
6300	395	-0.5	1530000000000000.0
6300	395	-0.45	1500000000000000.0
6300	395	-0.4	1480000000000000.0
6300	395	-0.35	1460000000000000.0
6300	395	-0.3	1440000000000000.0
6300	395	-0.25	1420000000000000.0
6300	395	-0.2	1400000000000000.0
6300	395	-0.15	1380000000000000.0
6300	395	-0.1	1350000000000000.0
6300	395	-0.05	1330000000000000.0
6300	395	0.0	1310000000000000.0
6300	395	0.05	1290000000000000.0
6300	395	0.1	1270000000000000.0
6300	395	0.15	1240000000000000.0
6300	395	0.2	1220000000000000.0
6300	395	0.25	1200000000000000.0
6300	395	0.3	1180000000000000.0
6300	395	0.35	1160000000000000.0
6300	395	0.4	1140000000000000.0
6300	395	0.45	1120000000000000.0
6300	395	0.5	1100000000000000.0
6300	395	0.6	1060000000000000.0
6300	395	0.7	1020000000000000.0
6300	395	0.8	979000000000000.0
6300	395	0.9	941000000000000.0
6300	400	-1.0	2220000000000000.0
6300	400	-0.95	2220000000000000.0
6300	400	-0.9	2220000000000000.0
6300	400	-0.85	2230000000000000.0
6300	400	-0.8	2230000000000000.0
6300	400	-0.75	2220000000000000.0
6300	400	-0.7	2220000000000000.0
6300	400	-0.65	2220000000000000.0
6300	400	-0.6	2220000000000000.0
6300	400	-0.55	2220000000000000.0
6300	400	-0.5	2210000000000000.0
6300	400	-0.45	2210000000000000.0
6300	400	-0.4	2210000000000000.0
6300	400	-0.35	2200000000000000.0
6300	400	-0.3	2200000000000000.0
6300	400	-0.25	2190000000000000.0
6300	400	-0.2	2190000000000000.0
6300	400	-0.15	2180000000000000.0
6300	400	-0.1	2180000000000000.0
6300	400	-0.05	2170000000000000.0
6300	400	0.0	2160000000000000.0
6300	400	0.05	2150000000000000.0
6300	400	0.1	2140000000000000.0
6300	400	0.15	2130000000000000.0
6300	400	0.2	2120000000000000.0
6300	400	0.25	2110000000000000.0
6300	400	0.3	2100000000000000.0
6300	400	0.35	2080000000000000.0
6300	400	0.4	2070000000000000.0
6300	400	0.45	2060000000000000.0
6300	400	0.5	2040000000000000.0
6300	400	0.6	2010000000000000.0
6300	400	0.7	1980000000000000.0
6300	400	0.8	1940000000000000.0
6300	400	0.9	1900000000000000.0
6300	405	-1.0	2260000000000000.0
6300	405	-0.95	2260000000000000.0
6300	405	-0.9	2260000000000000.0
6300	405	-0.85	2260000000000000.0
6300	405	-0.8	2260000000000000.0
6300	405	-0.75	2260000000000000.0
6300	405	-0.7	2260000000000000.0
6300	405	-0.65	2260000000000000.0
6300	405	-0.6	2260000000000000.0
6300	405	-0.55	2260000000000000.0
6300	405	-0.5	2260000000000000.0
6300	405	-0.45	2260000000000000.0
6300	405	-0.4	2260000000000000.0
6300	405	-0.35	2250000000000000.0
6300	405	-0.3	2250000000000000.0
6300	405	-0.25	2250000000000000.0
6300	405	-0.2	2240000000000000.0
6300	405	-0.15	2240000000000000.0
6300	405	-0.1	2230000000000000.0
6300	405	-0.05	2220000000000000.0
6300	405	0.0	2220000000000000.0
6300	405	0.05	2210000000000000.0
6300	405	0.1	2200000000000000.0
6300	405	0.15	2190000000000000.0
6300	405	0.2	2180000000000000.0
6300	405	0.25	2170000000000000.0
6300	405	0.3	2160000000000000.0
6300	405	0.35	2150000000000000.0
6300	405	0.4	2140000000000000.0
6300	405	0.45	2120000000000000.0
6300	405	0.5	2110000000000000.0
6300	405	0.6	2080000000000000.0
6300	405	0.7	2040000000000000.0
6300	405	0.8	2010000000000000.0
6300	405	0.9	1960000000000000.0
6300	410	-1.0	2190000000000000.0
6300	410	-0.95	2200000000000000.0
6300	410	-0.9	2200000000000000.0
6300	410	-0.85	2200000000000000.0
6300	410	-0.8	2200000000000000.0
6300	410	-0.75	2210000000000000.0
6300	410	-0.7	2210000000000000.0
6300	410	-0.65	2220000000000000.0
6300	410	-0.6	2220000000000000.0
6300	410	-0.55	2220000000000000.0
6300	410	-0.5	2220000000000000.0
6300	410	-0.45	2230000000000000.0
6300	410	-0.4	2230000000000000.0
6300	410	-0.35	2230000000000000.0
6300	410	-0.3	2230000000000000.0
6300	410	-0.25	2230000000000000.0
6300	410	-0.2	2230000000000000.0
6300	410	-0.15	2230000000000000.0
6300	410	-0.1	2230000000000000.0
6300	410	-0.05	2230000000000000.0
6300	410	0.0	2230000000000000.0
6300	410	0.05	2230000000000000.0
6300	410	0.1	2230000000000000.0
6300	410	0.15	2220000000000000.0
6300	410	0.2	2220000000000000.0
6300	410	0.25	2220000000000000.0
6300	410	0.3	2210000000000000.0
6300	410	0.35	2210000000000000.0
6300	410	0.4	2200000000000000.0
6300	410	0.45	2190000000000000.0
6300	410	0.5	2180000000000000.0
6300	410	0.6	2170000000000000.0
6300	410	0.7	2140000000000000.0
6300	410	0.8	2120000000000000.0
6300	410	0.9	2090000000000000.0
6300	415	-1.0	2340000000000000.0
6300	415	-0.95	2350000000000000.0
6300	415	-0.9	2350000000000000.0
6300	415	-0.85	2360000000000000.0
6300	415	-0.8	2360000000000000.0
6300	415	-0.75	2360000000000000.0
6300	415	-0.7	2370000000000000.0
6300	415	-0.65	2370000000000000.0
6300	415	-0.6	2380000000000000.0
6300	415	-0.55	2380000000000000.0
6300	415	-0.5	2380000000000000.0
6300	415	-0.45	2390000000000000.0
6300	415	-0.4	2390000000000000.0
6300	415	-0.35	2390000000000000.0
6300	415	-0.3	2390000000000000.0
6300	415	-0.25	2400000000000000.0
6300	415	-0.2	2400000000000000.0
6300	415	-0.15	2400000000000000.0
6300	415	-0.1	2400000000000000.0
6300	415	-0.05	2400000000000000.0
6300	415	0.0	2400000000000000.0
6300	415	0.05	2390000000000000.0
6300	415	0.1	2390000000000000.0
6300	415	0.15	2390000000000000.0
6300	415	0.2	2380000000000000.0
6300	415	0.25	2370000000000000.0
6300	415	0.3	2370000000000000.0
6300	415	0.35	2360000000000000.0
6300	415	0.4	2350000000000000.0
6300	415	0.45	2340000000000000.0
6300	415	0.5	2320000000000000.0
6300	415	0.6	2290000000000000.0
6300	415	0.7	2260000000000000.0
6300	415	0.8	2220000000000000.0
6300	415	0.9	2170000000000000.0
6300	420	-1.0	2330000000000000.0
6300	420	-0.95	2340000000000000.0
6300	420	-0.9	2340000000000000.0
6300	420	-0.85	2340000000000000.0
6300	420	-0.8	2340000000000000.0
6300	420	-0.75	2350000000000000.0
6300	420	-0.7	2350000000000000.0
6300	420	-0.65	2350000000000000.0
6300	420	-0.6	2360000000000000.0
6300	420	-0.55	2360000000000000.0
6300	420	-0.5	2360000000000000.0
6300	420	-0.45	2360000000000000.0
6300	420	-0.4	2360000000000000.0
6300	420	-0.35	2370000000000000.0
6300	420	-0.3	2370000000000000.0
6300	420	-0.25	2370000000000000.0
6300	420	-0.2	2370000000000000.0
6300	420	-0.15	2370000000000000.0
6300	420	-0.1	2370000000000000.0
6300	420	-0.05	2370000000000000.0
6300	420	0.0	2360000000000000.0
6300	420	0.05	2360000000000000.0
6300	420	0.1	2360000000000000.0
6300	420	0.15	2360000000000000.0
6300	420	0.2	2350000000000000.0
6300	420	0.25	2350000000000000.0
6300	420	0.3	2340000000000000.0
6300	420	0.35	2330000000000000.0
6300	420	0.4	2330000000000000.0
6300	420	0.45	2320000000000000.0
6300	420	0.5	2310000000000000.0
6300	420	0.6	2290000000000000.0
6300	420	0.7	2260000000000000.0
6300	420	0.8	2230000000000000.0
6300	420	0.9	2200000000000000.0
6300	425	-1.0	2310000000000000.0
6300	425	-0.95	2310000000000000.0
6300	425	-0.9	2310000000000000.0
6300	425	-0.85	2310000000000000.0
6300	425	-0.8	2310000000000000.0
6300	425	-0.75	2310000000000000.0
6300	425	-0.7	2310000000000000.0
6300	425	-0.65	2310000000000000.0
6300	425	-0.6	2310000000000000.0
6300	425	-0.55	2310000000000000.0
6300	425	-0.5	2310000000000000.0
6300	425	-0.45	2310000000000000.0
6300	425	-0.4	2300000000000000.0
6300	425	-0.35	2300000000000000.0
6300	425	-0.3	2300000000000000.0
6300	425	-0.25	2300000000000000.0
6300	425	-0.2	2290000000000000.0
6300	425	-0.15	2290000000000000.0
6300	425	-0.1	2290000000000000.0
6300	425	-0.05	2280000000000000.0
6300	425	0.0	2280000000000000.0
6300	425	0.05	2280000000000000.0
6300	425	0.1	2270000000000000.0
6300	425	0.15	2270000000000000.0
6300	425	0.2	2260000000000000.0
6300	425	0.25	2260000000000000.0
6300	425	0.3	2250000000000000.0
6300	425	0.35	2250000000000000.0
6300	425	0.4	2240000000000000.0
6300	425	0.45	2230000000000000.0
6300	425	0.5	2230000000000000.0
6300	425	0.6	2210000000000000.0
6300	425	0.7	2200000000000000.0
6300	425	0.8	2180000000000000.0
6300	425	0.9	2160000000000000.0
6300	430	-1.0	2250000000000000.0
6300	430	-0.95	2240000000000000.0
6300	430	-0.9	2240000000000000.0
6300	430	-0.85	2230000000000000.0
6300	430	-0.8	2220000000000000.0
6300	430	-0.75	2220000000000000.0
6300	430	-0.7	2210000000000000.0
6300	430	-0.65	2200000000000000.0
6300	430	-0.6	2200000000000000.0
6300	430	-0.55	2190000000000000.0
6300	430	-0.5	2180000000000000.0
6300	430	-0.45	2170000000000000.0
6300	430	-0.4	2160000000000000.0
6300	430	-0.35	2150000000000000.0
6300	430	-0.3	2140000000000000.0
6300	430	-0.25	2140000000000000.0
6300	430	-0.2	2130000000000000.0
6300	430	-0.15	2120000000000000.0
6300	430	-0.1	2110000000000000.0
6300	430	-0.05	2100000000000000.0
6300	430	0.0	2090000000000000.0
6300	430	0.05	2080000000000000.0
6300	430	0.1	2080000000000000.0
6300	430	0.15	2070000000000000.0
6300	430	0.2	2060000000000000.0
6300	430	0.25	2050000000000000.0
6300	430	0.3	2050000000000000.0
6300	430	0.35	2040000000000000.0
6300	430	0.4	2030000000000000.0
6300	430	0.45	2020000000000000.0
6300	430	0.5	2020000000000000.0
6300	430	0.6	2000000000000000.0
6300	430	0.7	1990000000000000.0
6300	430	0.8	1970000000000000.0
6300	430	0.9	1960000000000000.0
6300	435	-1.0	2270000000000000.0
6300	435	-0.95	2270000000000000.0
6300	435	-0.9	2280000000000000.0
6300	435	-0.85	2280000000000000.0
6300	435	-0.8	2290000000000000.0
6300	435	-0.75	2280000000000000.0
6300	435	-0.7	2290000000000000.0
6300	435	-0.65	2290000000000000.0
6300	435	-0.6	2290000000000000.0
6300	435	-0.55	2290000000000000.0
6300	435	-0.5	2300000000000000.0
6300	435	-0.45	2300000000000000.0
6300	435	-0.4	2300000000000000.0
6300	435	-0.35	2300000000000000.0
6300	435	-0.3	2300000000000000.0
6300	435	-0.25	2300000000000000.0
6300	435	-0.2	2310000000000000.0
6300	435	-0.15	2310000000000000.0
6300	435	-0.1	2310000000000000.0
6300	435	-0.05	2310000000000000.0
6300	435	0.0	2310000000000000.0
6300	435	0.05	2310000000000000.0
6300	435	0.1	2310000000000000.0
6300	435	0.15	2310000000000000.0
6300	435	0.2	2310000000000000.0
6300	435	0.25	2310000000000000.0
6300	435	0.3	2310000000000000.0
6300	435	0.35	2310000000000000.0
6300	435	0.4	2310000000000000.0
6300	435	0.45	2310000000000000.0
6300	435	0.5	2300000000000000.0
6300	435	0.6	2300000000000000.0
6300	435	0.7	2290000000000000.0
6300	435	0.8	2290000000000000.0
6300	435	0.9	2280000000000000.0
6300	440	-1.0	2400000000000000.0
6300	440	-0.95	2400000000000000.0
6300	440	-0.9	2410000000000000.0
6300	440	-0.85	2410000000000000.0
6300	440	-0.8	2410000000000000.0
6300	440	-0.75	2410000000000000.0
6300	440	-0.7	2410000000000000.0
6300	440	-0.65	2420000000000000.0
6300	440	-0.6	2420000000000000.0
6300	440	-0.55	2420000000000000.0
6300	440	-0.5	2420000000000000.0
6300	440	-0.45	2420000000000000.0
6300	440	-0.4	2420000000000000.0
6300	440	-0.35	2420000000000000.0
6300	440	-0.3	2420000000000000.0
6300	440	-0.25	2420000000000000.0
6300	440	-0.2	2420000000000000.0
6300	440	-0.15	2420000000000000.0
6300	440	-0.1	2420000000000000.0
6300	440	-0.05	2420000000000000.0
6300	440	0.0	2420000000000000.0
6300	440	0.05	2420000000000000.0
6300	440	0.1	2420000000000000.0
6300	440	0.15	2420000000000000.0
6300	440	0.2	2420000000000000.0
6300	440	0.25	2420000000000000.0
6300	440	0.3	2420000000000000.0
6300	440	0.35	2420000000000000.0
6300	440	0.4	2420000000000000.0
6300	440	0.45	2420000000000000.0
6300	440	0.5	2420000000000000.0
6300	440	0.6	2420000000000000.0
6300	440	0.7	2410000000000000.0
6300	440	0.8	2410000000000000.0
6300	440	0.9	2410000000000000.0
6300	445	-1.0	2440000000000000.0
6300	445	-0.95	2440000000000000.0
6300	445	-0.9	2450000000000000.0
6300	445	-0.85	2450000000000000.0
6300	445	-0.8	2450000000000000.0
6300	445	-0.75	2460000000000000.0
6300	445	-0.7	2470000000000000.0
6300	445	-0.65	2470000000000000.0
6300	445	-0.6	2480000000000000.0
6300	445	-0.55	2480000000000000.0
6300	445	-0.5	2480000000000000.0
6300	445	-0.45	2490000000000000.0
6300	445	-0.4	2490000000000000.0
6300	445	-0.35	2500000000000000.0
6300	445	-0.3	2500000000000000.0
6300	445	-0.25	2500000000000000.0
6300	445	-0.2	2510000000000000.0
6300	445	-0.15	2510000000000000.0
6300	445	-0.1	2510000000000000.0
6300	445	-0.05	2520000000000000.0
6300	445	0.0	2520000000000000.0
6300	445	0.05	2520000000000000.0
6300	445	0.1	2520000000000000.0
6300	445	0.15	2520000000000000.0
6300	445	0.2	2520000000000000.0
6300	445	0.25	2520000000000000.0
6300	445	0.3	2520000000000000.0
6300	445	0.35	2520000000000000.0
6300	445	0.4	2520000000000000.0
6300	445	0.45	2520000000000000.0
6300	445	0.5	2520000000000000.0
6300	445	0.6	2520000000000000.0
6300	445	0.7	2510000000000000.0
6300	445	0.8	2500000000000000.0
6300	445	0.9	2490000000000000.0
6300	450	-1.0	2510000000000000.0
6300	450	-0.95	2510000000000000.0
6300	450	-0.9	2520000000000000.0
6300	450	-0.85	2530000000000000.0
6300	450	-0.8	2540000000000000.0
6300	450	-0.75	2550000000000000.0
6300	450	-0.7	2550000000000000.0
6300	450	-0.65	2560000000000000.0
6300	450	-0.6	2570000000000000.0
6300	450	-0.55	2580000000000000.0
6300	450	-0.5	2590000000000000.0
6300	450	-0.45	2600000000000000.0
6300	450	-0.4	2610000000000000.0
6300	450	-0.35	2620000000000000.0
6300	450	-0.3	2630000000000000.0
6300	450	-0.25	2640000000000000.0
6300	450	-0.2	2650000000000000.0
6300	450	-0.15	2660000000000000.0
6300	450	-0.1	2670000000000000.0
6300	450	-0.05	2680000000000000.0
6300	450	0.0	2690000000000000.0
6300	450	0.05	2700000000000000.0
6300	450	0.1	2710000000000000.0
6300	450	0.15	2720000000000000.0
6300	450	0.2	2730000000000000.0
6300	450	0.25	2740000000000000.0
6300	450	0.3	2740000000000000.0
6300	450	0.35	2750000000000000.0
6300	450	0.4	2760000000000000.0
6300	450	0.45	2770000000000000.0
6300	450	0.5	2780000000000000.0
6300	450	0.6	2790000000000000.0
6300	450	0.7	2800000000000000.0
6300	450	0.8	2810000000000000.0
6300	450	0.9	2820000000000000.0
6300	455	-1.0	2500000000000000.0
6300	455	-0.95	2500000000000000.0
6300	455	-0.9	2510000000000000.0
6300	455	-0.85	2510000000000000.0
6300	455	-0.8	2520000000000000.0
6300	455	-0.75	2530000000000000.0
6300	455	-0.7	2540000000000000.0
6300	455	-0.65	2550000000000000.0
6300	455	-0.6	2560000000000000.0
6300	455	-0.55	2560000000000000.0
6300	455	-0.5	2570000000000000.0
6300	455	-0.45	2580000000000000.0
6300	455	-0.4	2590000000000000.0
6300	455	-0.35	2600000000000000.0
6300	455	-0.3	2610000000000000.0
6300	455	-0.25	2620000000000000.0
6300	455	-0.2	2620000000000000.0
6300	455	-0.15	2630000000000000.0
6300	455	-0.1	2640000000000000.0
6300	455	-0.05	2650000000000000.0
6300	455	0.0	2660000000000000.0
6300	455	0.05	2670000000000000.0
6300	455	0.1	2680000000000000.0
6300	455	0.15	2680000000000000.0
6300	455	0.2	2690000000000000.0
6300	455	0.25	2700000000000000.0
6300	455	0.3	2710000000000000.0
6300	455	0.35	2710000000000000.0
6300	455	0.4	2720000000000000.0
6300	455	0.45	2730000000000000.0
6300	455	0.5	2730000000000000.0
6300	455	0.6	2740000000000000.0
6300	455	0.7	2750000000000000.0
6300	455	0.8	2750000000000000.0
6300	455	0.9	2760000000000000.0
6300	460	-1.0	2530000000000000.0
6300	460	-0.95	2540000000000000.0
6300	460	-0.9	2550000000000000.0
6300	460	-0.85	2550000000000000.0
6300	460	-0.8	2560000000000000.0
6300	460	-0.75	2570000000000000.0
6300	460	-0.7	2580000000000000.0
6300	460	-0.65	2590000000000000.0
6300	460	-0.6	2600000000000000.0
6300	460	-0.55	2610000000000000.0
6300	460	-0.5	2610000000000000.0
6300	460	-0.45	2620000000000000.0
6300	460	-0.4	2630000000000000.0
6300	460	-0.35	2640000000000000.0
6300	460	-0.3	2650000000000000.0
6300	460	-0.25	2660000000000000.0
6300	460	-0.2	2670000000000000.0
6300	460	-0.15	2680000000000000.0
6300	460	-0.1	2690000000000000.0
6300	460	-0.05	2700000000000000.0
6300	460	0.0	2710000000000000.0
6300	460	0.05	2720000000000000.0
6300	460	0.1	2730000000000000.0
6300	460	0.15	2730000000000000.0
6300	460	0.2	2740000000000000.0
6300	460	0.25	2750000000000000.0
6300	460	0.3	2760000000000000.0
6300	460	0.35	2770000000000000.0
6300	460	0.4	2770000000000000.0
6300	460	0.45	2780000000000000.0
6300	460	0.5	2790000000000000.0
6300	460	0.6	2800000000000000.0
6300	460	0.7	2810000000000000.0
6300	460	0.8	2820000000000000.0
6300	460	0.9	2830000000000000.0
6300	465	-1.0	2550000000000000.0
6300	465	-0.95	2560000000000000.0
6300	465	-0.9	2560000000000000.0
6300	465	-0.85	2570000000000000.0
6300	465	-0.8	2580000000000000.0
6300	465	-0.75	2590000000000000.0
6300	465	-0.7	2600000000000000.0
6300	465	-0.65	2610000000000000.0
6300	465	-0.6	2610000000000000.0
6300	465	-0.55	2620000000000000.0
6300	465	-0.5	2630000000000000.0
6300	465	-0.45	2640000000000000.0
6300	465	-0.4	2650000000000000.0
6300	465	-0.35	2660000000000000.0
6300	465	-0.3	2670000000000000.0
6300	465	-0.25	2680000000000000.0
6300	465	-0.2	2690000000000000.0
6300	465	-0.15	2700000000000000.0
6300	465	-0.1	2710000000000000.0
6300	465	-0.05	2710000000000000.0
6300	465	0.0	2720000000000000.0
6300	465	0.05	2730000000000000.0
6300	465	0.1	2740000000000000.0
6300	465	0.15	2750000000000000.0
6300	465	0.2	2750000000000000.0
6300	465	0.25	2760000000000000.0
6300	465	0.3	2760000000000000.0
6300	465	0.35	2770000000000000.0
6300	465	0.4	2770000000000000.0
6300	465	0.45	2780000000000000.0
6300	465	0.5	2780000000000000.0
6300	465	0.6	2790000000000000.0
6300	465	0.7	2790000000000000.0
6300	465	0.8	2790000000000000.0
6300	465	0.9	2780000000000000.0
6300	470	-1.0	2560000000000000.0
6300	470	-0.95	2560000000000000.0
6300	470	-0.9	2570000000000000.0
6300	470	-0.85	2580000000000000.0
6300	470	-0.8	2590000000000000.0
6300	470	-0.75	2600000000000000.0
6300	470	-0.7	2600000000000000.0
6300	470	-0.65	2610000000000000.0
6300	470	-0.6	2620000000000000.0
6300	470	-0.55	2630000000000000.0
6300	470	-0.5	2640000000000000.0
6300	470	-0.45	2650000000000000.0
6300	470	-0.4	2660000000000000.0
6300	470	-0.35	2670000000000000.0
6300	470	-0.3	2680000000000000.0
6300	470	-0.25	2680000000000000.0
6300	470	-0.2	2690000000000000.0
6300	470	-0.15	2700000000000000.0
6300	470	-0.1	2710000000000000.0
6300	470	-0.05	2720000000000000.0
6300	470	0.0	2730000000000000.0
6300	470	0.05	2730000000000000.0
6300	470	0.1	2740000000000000.0
6300	470	0.15	2750000000000000.0
6300	470	0.2	2760000000000000.0
6300	470	0.25	2760000000000000.0
6300	470	0.3	2770000000000000.0
6300	470	0.35	2770000000000000.0
6300	470	0.4	2780000000000000.0
6300	470	0.45	2780000000000000.0
6300	470	0.5	2780000000000000.0
6300	470	0.6	2790000000000000.0
6300	470	0.7	2790000000000000.0
6300	470	0.8	2790000000000000.0
6300	470	0.9	2780000000000000.0
6300	475	-1.0	2580000000000000.0
6300	475	-0.95	2580000000000000.0
6300	475	-0.9	2590000000000000.0
6300	475	-0.85	2600000000000000.0
6300	475	-0.8	2610000000000000.0
6300	475	-0.75	2620000000000000.0
6300	475	-0.7	2630000000000000.0
6300	475	-0.65	2640000000000000.0
6300	475	-0.6	2650000000000000.0
6300	475	-0.55	2660000000000000.0
6300	475	-0.5	2670000000000000.0
6300	475	-0.45	2680000000000000.0
6300	475	-0.4	2690000000000000.0
6300	475	-0.35	2700000000000000.0
6300	475	-0.3	2720000000000000.0
6300	475	-0.25	2730000000000000.0
6300	475	-0.2	2740000000000000.0
6300	475	-0.15	2750000000000000.0
6300	475	-0.1	2760000000000000.0
6300	475	-0.05	2770000000000000.0
6300	475	0.0	2780000000000000.0
6300	475	0.05	2790000000000000.0
6300	475	0.1	2800000000000000.0
6300	475	0.15	2810000000000000.0
6300	475	0.2	2820000000000000.0
6300	475	0.25	2830000000000000.0
6300	475	0.3	2840000000000000.0
6300	475	0.35	2850000000000000.0
6300	475	0.4	2860000000000000.0
6300	475	0.45	2870000000000000.0
6300	475	0.5	2880000000000000.0
6300	475	0.6	2890000000000000.0
6300	475	0.7	2910000000000000.0
6300	475	0.8	2920000000000000.0
6300	475	0.9	2930000000000000.0
6300	480	-1.0	2580000000000000.0
6300	480	-0.95	2590000000000000.0
6300	480	-0.9	2600000000000000.0
6300	480	-0.85	2610000000000000.0
6300	480	-0.8	2620000000000000.0
6300	480	-0.75	2630000000000000.0
6300	480	-0.7	2640000000000000.0
6300	480	-0.65	2650000000000000.0
6300	480	-0.6	2660000000000000.0
6300	480	-0.55	2670000000000000.0
6300	480	-0.5	2690000000000000.0
6300	480	-0.45	2700000000000000.0
6300	480	-0.4	2710000000000000.0
6300	480	-0.35	2720000000000000.0
6300	480	-0.3	2730000000000000.0
6300	480	-0.25	2750000000000000.0
6300	480	-0.2	2760000000000000.0
6300	480	-0.15	2770000000000000.0
6300	480	-0.1	2780000000000000.0
6300	480	-0.05	2790000000000000.0
6300	480	0.0	2810000000000000.0
6300	480	0.05	2820000000000000.0
6300	480	0.1	2830000000000000.0
6300	480	0.15	2840000000000000.0
6300	480	0.2	2850000000000000.0
6300	480	0.25	2860000000000000.0
6300	480	0.3	2880000000000000.0
6300	480	0.35	2890000000000000.0
6300	480	0.4	2900000000000000.0
6300	480	0.45	2910000000000000.0
6300	480	0.5	2920000000000000.0
6300	480	0.6	2940000000000000.0
6300	480	0.7	2950000000000000.0
6300	480	0.8	2970000000000000.0
6300	480	0.9	2980000000000000.0
6300	485	-1.0	2420000000000000.0
6300	485	-0.95	2420000000000000.0
6300	485	-0.9	2430000000000000.0
6300	485	-0.85	2440000000000000.0
6300	485	-0.8	2450000000000000.0
6300	485	-0.75	2450000000000000.0
6300	485	-0.7	2460000000000000.0
6300	485	-0.65	2470000000000000.0
6300	485	-0.6	2480000000000000.0
6300	485	-0.55	2480000000000000.0
6300	485	-0.5	2490000000000000.0
6300	485	-0.45	2500000000000000.0
6300	485	-0.4	2510000000000000.0
6300	485	-0.35	2520000000000000.0
6300	485	-0.3	2530000000000000.0
6300	485	-0.25	2530000000000000.0
6300	485	-0.2	2540000000000000.0
6300	485	-0.15	2550000000000000.0
6300	485	-0.1	2560000000000000.0
6300	485	-0.05	2570000000000000.0
6300	485	0.0	2570000000000000.0
6300	485	0.05	2580000000000000.0
6300	485	0.1	2590000000000000.0
6300	485	0.15	2600000000000000.0
6300	485	0.2	2600000000000000.0
6300	485	0.25	2610000000000000.0
6300	485	0.3	2620000000000000.0
6300	485	0.35	2620000000000000.0
6300	485	0.4	2630000000000000.0
6300	485	0.45	2640000000000000.0
6300	485	0.5	2640000000000000.0
6300	485	0.6	2650000000000000.0
6300	485	0.7	2660000000000000.0
6300	485	0.8	2670000000000000.0
6300	485	0.9	2680000000000000.0
6300	490	-1.0	2550000000000000.0
6300	490	-0.95	2560000000000000.0
6300	490	-0.9	2560000000000000.0
6300	490	-0.85	2570000000000000.0
6300	490	-0.8	2580000000000000.0
6300	490	-0.75	2590000000000000.0
6300	490	-0.7	2600000000000000.0
6300	490	-0.65	2600000000000000.0
6300	490	-0.6	2610000000000000.0
6300	490	-0.55	2620000000000000.0
6300	490	-0.5	2630000000000000.0
6300	490	-0.45	2640000000000000.0
6300	490	-0.4	2650000000000000.0
6300	490	-0.35	2650000000000000.0
6300	490	-0.3	2660000000000000.0
6300	490	-0.25	2670000000000000.0
6300	490	-0.2	2680000000000000.0
6300	490	-0.15	2690000000000000.0
6300	490	-0.1	2700000000000000.0
6300	490	-0.05	2710000000000000.0
6300	490	0.0	2710000000000000.0
6300	490	0.05	2720000000000000.0
6300	490	0.1	2730000000000000.0
6300	490	0.15	2740000000000000.0
6300	490	0.2	2750000000000000.0
6300	490	0.25	2750000000000000.0
6300	490	0.3	2760000000000000.0
6300	490	0.35	2770000000000000.0
6300	490	0.4	2770000000000000.0
6300	490	0.45	2780000000000000.0
6300	490	0.5	2790000000000000.0
6300	490	0.6	2800000000000000.0
6300	490	0.7	2810000000000000.0
6300	490	0.8	2820000000000000.0
6300	490	0.9	2830000000000000.0
6300	495	-1.0	2570000000000000.0
6300	495	-0.95	2580000000000000.0
6300	495	-0.9	2590000000000000.0
6300	495	-0.85	2600000000000000.0
6300	495	-0.8	2610000000000000.0
6300	495	-0.75	2620000000000000.0
6300	495	-0.7	2630000000000000.0
6300	495	-0.65	2640000000000000.0
6300	495	-0.6	2650000000000000.0
6300	495	-0.55	2660000000000000.0
6300	495	-0.5	2670000000000000.0
6300	495	-0.45	2680000000000000.0
6300	495	-0.4	2690000000000000.0
6300	495	-0.35	2700000000000000.0
6300	495	-0.3	2710000000000000.0
6300	495	-0.25	2720000000000000.0
6300	495	-0.2	2730000000000000.0
6300	495	-0.15	2750000000000000.0
6300	495	-0.1	2760000000000000.0
6300	495	-0.05	2770000000000000.0
6300	495	0.0	2780000000000000.0
6300	495	0.05	2790000000000000.0
6300	495	0.1	2800000000000000.0
6300	495	0.15	2820000000000000.0
6300	495	0.2	2830000000000000.0
6300	495	0.25	2840000000000000.0
6300	495	0.3	2850000000000000.0
6300	495	0.35	2860000000000000.0
6300	495	0.4	2880000000000000.0
6300	495	0.45	2890000000000000.0
6300	495	0.5	2900000000000000.0
6300	495	0.6	2920000000000000.0
6300	495	0.7	2950000000000000.0
6300	495	0.8	2970000000000000.0
6300	495	0.9	2990000000000000.0
6300	500	-1.0	2550000000000000.0
6300	500	-0.95	2550000000000000.0
6300	500	-0.9	2560000000000000.0
6300	500	-0.85	2560000000000000.0
6300	500	-0.8	2570000000000000.0
6300	500	-0.75	2580000000000000.0
6300	500	-0.7	2580000000000000.0
6300	500	-0.65	2590000000000000.0
6300	500	-0.6	2600000000000000.0
6300	500	-0.55	2600000000000000.0
6300	500	-0.5	2610000000000000.0
6300	500	-0.45	2620000000000000.0
6300	500	-0.4	2620000000000000.0
6300	500	-0.35	2630000000000000.0
6300	500	-0.3	2640000000000000.0
6300	500	-0.25	2640000000000000.0
6300	500	-0.2	2650000000000000.0
6300	500	-0.15	2660000000000000.0
6300	500	-0.1	2660000000000000.0
6300	500	-0.05	2670000000000000.0
6300	500	0.0	2680000000000000.0
6300	500	0.05	2680000000000000.0
6300	500	0.1	2690000000000000.0
6300	500	0.15	2690000000000000.0
6300	500	0.2	2700000000000000.0
6300	500	0.25	2700000000000000.0
6300	500	0.3	2710000000000000.0
6300	500	0.35	2710000000000000.0
6300	500	0.4	2710000000000000.0
6300	500	0.45	2720000000000000.0
6300	500	0.5	2720000000000000.0
6300	500	0.6	2720000000000000.0
6300	500	0.7	2730000000000000.0
6300	500	0.8	2730000000000000.0
6300	500	0.9	2730000000000000.0
6300	505	-1.0	2580000000000000.0
6300	505	-0.95	2590000000000000.0
6300	505	-0.9	2590000000000000.0
6300	505	-0.85	2600000000000000.0
6300	505	-0.8	2610000000000000.0
6300	505	-0.75	2620000000000000.0
6300	505	-0.7	2630000000000000.0
6300	505	-0.65	2640000000000000.0
6300	505	-0.6	2650000000000000.0
6300	505	-0.55	2650000000000000.0
6300	505	-0.5	2660000000000000.0
6300	505	-0.45	2670000000000000.0
6300	505	-0.4	2680000000000000.0
6300	505	-0.35	2690000000000000.0
6300	505	-0.3	2700000000000000.0
6300	505	-0.25	2710000000000000.0
6300	505	-0.2	2720000000000000.0
6300	505	-0.15	2730000000000000.0
6300	505	-0.1	2740000000000000.0
6300	505	-0.05	2750000000000000.0
6300	505	0.0	2760000000000000.0
6300	505	0.05	2770000000000000.0
6300	505	0.1	2780000000000000.0
6300	505	0.15	2790000000000000.0
6300	505	0.2	2800000000000000.0
6300	505	0.25	2800000000000000.0
6300	505	0.3	2810000000000000.0
6300	505	0.35	2820000000000000.0
6300	505	0.4	2830000000000000.0
6300	505	0.45	2840000000000000.0
6300	505	0.5	2840000000000000.0
6300	505	0.6	2860000000000000.0
6300	505	0.7	2870000000000000.0
6300	505	0.8	2880000000000000.0
6300	505	0.9	2880000000000000.0
6300	510	-1.0	2590000000000000.0
6300	510	-0.95	2590000000000000.0
6300	510	-0.9	2600000000000000.0
6300	510	-0.85	2610000000000000.0
6300	510	-0.8	2620000000000000.0
6300	510	-0.75	2630000000000000.0
6300	510	-0.7	2640000000000000.0
6300	510	-0.65	2640000000000000.0
6300	510	-0.6	2650000000000000.0
6300	510	-0.55	2660000000000000.0
6300	510	-0.5	2670000000000000.0
6300	510	-0.45	2680000000000000.0
6300	510	-0.4	2690000000000000.0
6300	510	-0.35	2700000000000000.0
6300	510	-0.3	2710000000000000.0
6300	510	-0.25	2720000000000000.0
6300	510	-0.2	2730000000000000.0
6300	510	-0.15	2750000000000000.0
6300	510	-0.1	2760000000000000.0
6300	510	-0.05	2770000000000000.0
6300	510	0.0	2780000000000000.0
6300	510	0.05	2790000000000000.0
6300	510	0.1	2800000000000000.0
6300	510	0.15	2810000000000000.0
6300	510	0.2	2820000000000000.0
6300	510	0.25	2830000000000000.0
6300	510	0.3	2840000000000000.0
6300	510	0.35	2850000000000000.0
6300	510	0.4	2860000000000000.0
6300	510	0.45	2860000000000000.0
6300	510	0.5	2870000000000000.0
6300	510	0.6	2890000000000000.0
6300	510	0.7	2900000000000000.0
6300	510	0.8	2910000000000000.0
6300	510	0.9	2920000000000000.0
6300	515	-1.0	2520000000000000.0
6300	515	-0.95	2530000000000000.0
6300	515	-0.9	2530000000000000.0
6300	515	-0.85	2540000000000000.0
6300	515	-0.8	2550000000000000.0
6300	515	-0.75	2550000000000000.0
6300	515	-0.7	2550000000000000.0
6300	515	-0.65	2560000000000000.0
6300	515	-0.6	2560000000000000.0
6300	515	-0.55	2570000000000000.0
6300	515	-0.5	2570000000000000.0
6300	515	-0.45	2580000000000000.0
6300	515	-0.4	2590000000000000.0
6300	515	-0.35	2590000000000000.0
6300	515	-0.3	2600000000000000.0
6300	515	-0.25	2600000000000000.0
6300	515	-0.2	2610000000000000.0
6300	515	-0.15	2620000000000000.0
6300	515	-0.1	2620000000000000.0
6300	515	-0.05	2630000000000000.0
6300	515	0.0	2630000000000000.0
6300	515	0.05	2640000000000000.0
6300	515	0.1	2640000000000000.0
6300	515	0.15	2640000000000000.0
6300	515	0.2	2650000000000000.0
6300	515	0.25	2650000000000000.0
6300	515	0.3	2650000000000000.0
6300	515	0.35	2660000000000000.0
6300	515	0.4	2660000000000000.0
6300	515	0.45	2660000000000000.0
6300	515	0.5	2660000000000000.0
6300	515	0.6	2660000000000000.0
6300	515	0.7	2660000000000000.0
6300	515	0.8	2660000000000000.0
6300	515	0.9	2650000000000000.0
6300	520	-1.0	2530000000000000.0
6300	520	-0.95	2540000000000000.0
6300	520	-0.9	2540000000000000.0
6300	520	-0.85	2550000000000000.0
6300	520	-0.8	2550000000000000.0
6300	520	-0.75	2560000000000000.0
6300	520	-0.7	2570000000000000.0
6300	520	-0.65	2570000000000000.0
6300	520	-0.6	2580000000000000.0
6300	520	-0.55	2590000000000000.0
6300	520	-0.5	2590000000000000.0
6300	520	-0.45	2600000000000000.0
6300	520	-0.4	2610000000000000.0
6300	520	-0.35	2610000000000000.0
6300	520	-0.3	2620000000000000.0
6300	520	-0.25	2630000000000000.0
6300	520	-0.2	2640000000000000.0
6300	520	-0.15	2640000000000000.0
6300	520	-0.1	2650000000000000.0
6300	520	-0.05	2660000000000000.0
6300	520	0.0	2660000000000000.0
6300	520	0.05	2670000000000000.0
6300	520	0.1	2680000000000000.0
6300	520	0.15	2680000000000000.0
6300	520	0.2	2690000000000000.0
6300	520	0.25	2700000000000000.0
6300	520	0.3	2700000000000000.0
6300	520	0.35	2710000000000000.0
6300	520	0.4	2710000000000000.0
6300	520	0.45	2720000000000000.0
6300	520	0.5	2720000000000000.0
6300	520	0.6	2730000000000000.0
6300	520	0.7	2740000000000000.0
6300	520	0.8	2750000000000000.0
6300	520	0.9	2750000000000000.0
6300	525	-1.0	2540000000000000.0
6300	525	-0.95	2550000000000000.0
6300	525	-0.9	2550000000000000.0
6300	525	-0.85	2550000000000000.0
6300	525	-0.8	2560000000000000.0
6300	525	-0.75	2570000000000000.0
6300	525	-0.7	2580000000000000.0
6300	525	-0.65	2580000000000000.0
6300	525	-0.6	2590000000000000.0
6300	525	-0.55	2600000000000000.0
6300	525	-0.5	2600000000000000.0
6300	525	-0.45	2610000000000000.0
6300	525	-0.4	2620000000000000.0
6300	525	-0.35	2620000000000000.0
6300	525	-0.3	2630000000000000.0
6300	525	-0.25	2630000000000000.0
6300	525	-0.2	2640000000000000.0
6300	525	-0.15	2650000000000000.0
6300	525	-0.1	2650000000000000.0
6300	525	-0.05	2660000000000000.0
6300	525	0.0	2660000000000000.0
6300	525	0.05	2670000000000000.0
6300	525	0.1	2680000000000000.0
6300	525	0.15	2680000000000000.0
6300	525	0.2	2680000000000000.0
6300	525	0.25	2690000000000000.0
6300	525	0.3	2690000000000000.0
6300	525	0.35	2700000000000000.0
6300	525	0.4	2700000000000000.0
6300	525	0.45	2700000000000000.0
6300	525	0.5	2710000000000000.0
6300	525	0.6	2710000000000000.0
6300	525	0.7	2710000000000000.0
6300	525	0.8	2710000000000000.0
6300	525	0.9	2710000000000000.0
6300	530	-1.0	2590000000000000.0
6300	530	-0.95	2590000000000000.0
6300	530	-0.9	2600000000000000.0
6300	530	-0.85	2610000000000000.0
6300	530	-0.8	2620000000000000.0
6300	530	-0.75	2630000000000000.0
6300	530	-0.7	2640000000000000.0
6300	530	-0.65	2650000000000000.0
6300	530	-0.6	2660000000000000.0
6300	530	-0.55	2670000000000000.0
6300	530	-0.5	2680000000000000.0
6300	530	-0.45	2690000000000000.0
6300	530	-0.4	2700000000000000.0
6300	530	-0.35	2710000000000000.0
6300	530	-0.3	2720000000000000.0
6300	530	-0.25	2730000000000000.0
6300	530	-0.2	2740000000000000.0
6300	530	-0.15	2750000000000000.0
6300	530	-0.1	2760000000000000.0
6300	530	-0.05	2780000000000000.0
6300	530	0.0	2790000000000000.0
6300	530	0.05	2800000000000000.0
6300	530	0.1	2810000000000000.0
6300	530	0.15	2820000000000000.0
6300	530	0.2	2830000000000000.0
6300	530	0.25	2840000000000000.0
6300	530	0.3	2850000000000000.0
6300	530	0.35	2860000000000000.0
6300	530	0.4	2870000000000000.0
6300	530	0.45	2880000000000000.0
6300	530	0.5	2890000000000000.0
6300	530	0.6	2910000000000000.0
6300	530	0.7	2930000000000000.0
6300	530	0.8	2940000000000000.0
6300	530	0.9	2960000000000000.0
6300	535	-1.0	2550000000000000.0
6300	535	-0.95	2560000000000000.0
6300	535	-0.9	2560000000000000.0
6300	535	-0.85	2560000000000000.0
6300	535	-0.8	2570000000000000.0
6300	535	-0.75	2580000000000000.0
6300	535	-0.7	2590000000000000.0
6300	535	-0.65	2600000000000000.0
6300	535	-0.6	2610000000000000.0
6300	535	-0.55	2620000000000000.0
6300	535	-0.5	2620000000000000.0
6300	535	-0.45	2630000000000000.0
6300	535	-0.4	2640000000000000.0
6300	535	-0.35	2650000000000000.0
6300	535	-0.3	2660000000000000.0
6300	535	-0.25	2660000000000000.0
6300	535	-0.2	2670000000000000.0
6300	535	-0.15	2680000000000000.0
6300	535	-0.1	2690000000000000.0
6300	535	-0.05	2700000000000000.0
6300	535	0.0	2700000000000000.0
6300	535	0.05	2710000000000000.0
6300	535	0.1	2720000000000000.0
6300	535	0.15	2730000000000000.0
6300	535	0.2	2740000000000000.0
6300	535	0.25	2740000000000000.0
6300	535	0.3	2750000000000000.0
6300	535	0.35	2760000000000000.0
6300	535	0.4	2760000000000000.0
6300	535	0.45	2770000000000000.0
6300	535	0.5	2770000000000000.0
6300	535	0.6	2780000000000000.0
6300	535	0.7	2790000000000000.0
6300	535	0.8	2800000000000000.0
6300	535	0.9	2800000000000000.0
6300	540	-1.0	2570000000000000.0
6300	540	-0.95	2570000000000000.0
6300	540	-0.9	2580000000000000.0
6300	540	-0.85	2580000000000000.0
6300	540	-0.8	2590000000000000.0
6300	540	-0.75	2610000000000000.0
6300	540	-0.7	2610000000000000.0
6300	540	-0.65	2620000000000000.0
6300	540	-0.6	2630000000000000.0
6300	540	-0.55	2640000000000000.0
6300	540	-0.5	2650000000000000.0
6300	540	-0.45	2660000000000000.0
6300	540	-0.4	2670000000000000.0
6300	540	-0.35	2680000000000000.0
6300	540	-0.3	2690000000000000.0
6300	540	-0.25	2700000000000000.0
6300	540	-0.2	2710000000000000.0
6300	540	-0.15	2720000000000000.0
6300	540	-0.1	2730000000000000.0
6300	540	-0.05	2740000000000000.0
6300	540	0.0	2750000000000000.0
6300	540	0.05	2760000000000000.0
6300	540	0.1	2770000000000000.0
6300	540	0.15	2780000000000000.0
6300	540	0.2	2790000000000000.0
6300	540	0.25	2800000000000000.0
6300	540	0.3	2810000000000000.0
6300	540	0.35	2820000000000000.0
6300	540	0.4	2830000000000000.0
6300	540	0.45	2840000000000000.0
6300	540	0.5	2840000000000000.0
6300	540	0.6	2860000000000000.0
6300	540	0.7	2880000000000000.0
6300	540	0.8	2890000000000000.0
6300	540	0.9	2900000000000000.0
6300	545	-1.0	2570000000000000.0
6300	545	-0.95	2580000000000000.0
6300	545	-0.9	2590000000000000.0
6300	545	-0.85	2600000000000000.0
6300	545	-0.8	2600000000000000.0
6300	545	-0.75	2610000000000000.0
6300	545	-0.7	2620000000000000.0
6300	545	-0.65	2630000000000000.0
6300	545	-0.6	2640000000000000.0
6300	545	-0.55	2650000000000000.0
6300	545	-0.5	2670000000000000.0
6300	545	-0.45	2680000000000000.0
6300	545	-0.4	2690000000000000.0
6300	545	-0.35	2700000000000000.0
6300	545	-0.3	2710000000000000.0
6300	545	-0.25	2720000000000000.0
6300	545	-0.2	2730000000000000.0
6300	545	-0.15	2750000000000000.0
6300	545	-0.1	2760000000000000.0
6300	545	-0.05	2770000000000000.0
6300	545	0.0	2780000000000000.0
6300	545	0.05	2800000000000000.0
6300	545	0.1	2810000000000000.0
6300	545	0.15	2820000000000000.0
6300	545	0.2	2840000000000000.0
6300	545	0.25	2850000000000000.0
6300	545	0.3	2860000000000000.0
6300	545	0.35	2880000000000000.0
6300	545	0.4	2890000000000000.0
6300	545	0.45	2900000000000000.0
6300	545	0.5	2920000000000000.0
6300	545	0.6	2940000000000000.0
6300	545	0.7	2970000000000000.0
6300	545	0.8	3000000000000000.0
6300	545	0.9	3020000000000000.0
6300	550	-1.0	2570000000000000.0
6300	550	-0.95	2580000000000000.0
6300	550	-0.9	2590000000000000.0
6300	550	-0.85	2590000000000000.0
6300	550	-0.8	2600000000000000.0
6300	550	-0.75	2610000000000000.0
6300	550	-0.7	2620000000000000.0
6300	550	-0.65	2630000000000000.0
6300	550	-0.6	2640000000000000.0
6300	550	-0.55	2650000000000000.0
6300	550	-0.5	2660000000000000.0
6300	550	-0.45	2670000000000000.0
6300	550	-0.4	2680000000000000.0
6300	550	-0.35	2690000000000000.0
6300	550	-0.3	2700000000000000.0
6300	550	-0.25	2710000000000000.0
6300	550	-0.2	2720000000000000.0
6300	550	-0.15	2730000000000000.0
6300	550	-0.1	2740000000000000.0
6300	550	-0.05	2750000000000000.0
6300	550	0.0	2760000000000000.0
6300	550	0.05	2770000000000000.0
6300	550	0.1	2780000000000000.0
6300	550	0.15	2780000000000000.0
6300	550	0.2	2790000000000000.0
6300	550	0.25	2800000000000000.0
6300	550	0.3	2810000000000000.0
6300	550	0.35	2820000000000000.0
6300	550	0.4	2830000000000000.0
6300	550	0.45	2830000000000000.0
6300	550	0.5	2840000000000000.0
6300	550	0.6	2850000000000000.0
6300	550	0.7	2870000000000000.0
6300	550	0.8	2880000000000000.0
6300	550	0.9	2890000000000000.0
6300	555	-1.0	2570000000000000.0
6300	555	-0.95	2580000000000000.0
6300	555	-0.9	2590000000000000.0
6300	555	-0.85	2600000000000000.0
6300	555	-0.8	2610000000000000.0
6300	555	-0.75	2610000000000000.0
6300	555	-0.7	2620000000000000.0
6300	555	-0.65	2630000000000000.0
6300	555	-0.6	2640000000000000.0
6300	555	-0.55	2650000000000000.0
6300	555	-0.5	2660000000000000.0
6300	555	-0.45	2670000000000000.0
6300	555	-0.4	2680000000000000.0
6300	555	-0.35	2690000000000000.0
6300	555	-0.3	2700000000000000.0
6300	555	-0.25	2710000000000000.0
6300	555	-0.2	2730000000000000.0
6300	555	-0.15	2740000000000000.0
6300	555	-0.1	2750000000000000.0
6300	555	-0.05	2760000000000000.0
6300	555	0.0	2770000000000000.0
6300	555	0.05	2780000000000000.0
6300	555	0.1	2790000000000000.0
6300	555	0.15	2800000000000000.0
6300	555	0.2	2810000000000000.0
6300	555	0.25	2830000000000000.0
6300	555	0.3	2840000000000000.0
6300	555	0.35	2850000000000000.0
6300	555	0.4	2860000000000000.0
6300	555	0.45	2870000000000000.0
6300	555	0.5	2880000000000000.0
6300	555	0.6	2900000000000000.0
6300	555	0.7	2920000000000000.0
6300	555	0.8	2940000000000000.0
6300	555	0.9	2960000000000000.0
6300	560	-1.0	2560000000000000.0
6300	560	-0.95	2570000000000000.0
6300	560	-0.9	2570000000000000.0
6300	560	-0.85	2580000000000000.0
6300	560	-0.8	2590000000000000.0
6300	560	-0.75	2600000000000000.0
6300	560	-0.7	2610000000000000.0
6300	560	-0.65	2620000000000000.0
6300	560	-0.6	2620000000000000.0
6300	560	-0.55	2630000000000000.0
6300	560	-0.5	2640000000000000.0
6300	560	-0.45	2650000000000000.0
6300	560	-0.4	2660000000000000.0
6300	560	-0.35	2670000000000000.0
6300	560	-0.3	2680000000000000.0
6300	560	-0.25	2690000000000000.0
6300	560	-0.2	2710000000000000.0
6300	560	-0.15	2720000000000000.0
6300	560	-0.1	2730000000000000.0
6300	560	-0.05	2740000000000000.0
6300	560	0.0	2750000000000000.0
6300	560	0.05	2760000000000000.0
6300	560	0.1	2770000000000000.0
6300	560	0.15	2780000000000000.0
6300	560	0.2	2790000000000000.0
6300	560	0.25	2800000000000000.0
6300	560	0.3	2820000000000000.0
6300	560	0.35	2830000000000000.0
6300	560	0.4	2840000000000000.0
6300	560	0.45	2850000000000000.0
6300	560	0.5	2860000000000000.0
6300	560	0.6	2880000000000000.0
6300	560	0.7	2900000000000000.0
6300	560	0.8	2920000000000000.0
6300	560	0.9	2940000000000000.0
6300	565	-1.0	2570000000000000.0
6300	565	-0.95	2570000000000000.0
6300	565	-0.9	2580000000000000.0
6300	565	-0.85	2600000000000000.0
6300	565	-0.8	2610000000000000.0
6300	565	-0.75	2610000000000000.0
6300	565	-0.7	2620000000000000.0
6300	565	-0.65	2630000000000000.0
6300	565	-0.6	2640000000000000.0
6300	565	-0.55	2650000000000000.0
6300	565	-0.5	2660000000000000.0
6300	565	-0.45	2670000000000000.0
6300	565	-0.4	2680000000000000.0
6300	565	-0.35	2690000000000000.0
6300	565	-0.3	2700000000000000.0
6300	565	-0.25	2710000000000000.0
6300	565	-0.2	2720000000000000.0
6300	565	-0.15	2730000000000000.0
6300	565	-0.1	2740000000000000.0
6300	565	-0.05	2750000000000000.0
6300	565	0.0	2760000000000000.0
6300	565	0.05	2770000000000000.0
6300	565	0.1	2780000000000000.0
6300	565	0.15	2790000000000000.0
6300	565	0.2	2800000000000000.0
6300	565	0.25	2810000000000000.0
6300	565	0.3	2820000000000000.0
6300	565	0.35	2840000000000000.0
6300	565	0.4	2850000000000000.0
6300	565	0.45	2860000000000000.0
6300	565	0.5	2870000000000000.0
6300	565	0.6	2890000000000000.0
6300	565	0.7	2910000000000000.0
6300	565	0.8	2930000000000000.0
6300	565	0.9	2940000000000000.0
6300	570	-1.0	2560000000000000.0
6300	570	-0.95	2570000000000000.0
6300	570	-0.9	2580000000000000.0
6300	570	-0.85	2580000000000000.0
6300	570	-0.8	2590000000000000.0
6300	570	-0.75	2610000000000000.0
6300	570	-0.7	2610000000000000.0
6300	570	-0.65	2620000000000000.0
6300	570	-0.6	2630000000000000.0
6300	570	-0.55	2640000000000000.0
6300	570	-0.5	2650000000000000.0
6300	570	-0.45	2660000000000000.0
6300	570	-0.4	2670000000000000.0
6300	570	-0.35	2680000000000000.0
6300	570	-0.3	2690000000000000.0
6300	570	-0.25	2710000000000000.0
6300	570	-0.2	2720000000000000.0
6300	570	-0.15	2730000000000000.0
6300	570	-0.1	2740000000000000.0
6300	570	-0.05	2750000000000000.0
6300	570	0.0	2760000000000000.0
6300	570	0.05	2770000000000000.0
6300	570	0.1	2790000000000000.0
6300	570	0.15	2800000000000000.0
6300	570	0.2	2810000000000000.0
6300	570	0.25	2820000000000000.0
6300	570	0.3	2840000000000000.0
6300	570	0.35	2850000000000000.0
6300	570	0.4	2860000000000000.0
6300	570	0.45	2870000000000000.0
6300	570	0.5	2890000000000000.0
6300	570	0.6	2910000000000000.0
6300	570	0.7	2940000000000000.0
6300	570	0.8	2970000000000000.0
6300	570	0.9	2990000000000000.0
6300	575	-1.0	2570000000000000.0
6300	575	-0.95	2570000000000000.0
6300	575	-0.9	2580000000000000.0
6300	575	-0.85	2600000000000000.0
6300	575	-0.8	2600000000000000.0
6300	575	-0.75	2610000000000000.0
6300	575	-0.7	2620000000000000.0
6300	575	-0.65	2630000000000000.0
6300	575	-0.6	2640000000000000.0
6300	575	-0.55	2660000000000000.0
6300	575	-0.5	2670000000000000.0
6300	575	-0.45	2680000000000000.0
6300	575	-0.4	2690000000000000.0
6300	575	-0.35	2700000000000000.0
6300	575	-0.3	2720000000000000.0
6300	575	-0.25	2730000000000000.0
6300	575	-0.2	2740000000000000.0
6300	575	-0.15	2760000000000000.0
6300	575	-0.1	2770000000000000.0
6300	575	-0.05	2790000000000000.0
6300	575	0.0	2800000000000000.0
6300	575	0.05	2810000000000000.0
6300	575	0.1	2830000000000000.0
6300	575	0.15	2840000000000000.0
6300	575	0.2	2860000000000000.0
6300	575	0.25	2870000000000000.0
6300	575	0.3	2890000000000000.0
6300	575	0.35	2910000000000000.0
6300	575	0.4	2920000000000000.0
6300	575	0.45	2940000000000000.0
6300	575	0.5	2950000000000000.0
6300	575	0.6	2990000000000000.0
6300	575	0.7	3020000000000000.0
6300	575	0.8	3060000000000000.0
6300	575	0.9	3090000000000000.0
6300	580	-1.0	2560000000000000.0
6300	580	-0.95	2570000000000000.0
6300	580	-0.9	2580000000000000.0
6300	580	-0.85	2590000000000000.0
6300	580	-0.8	2600000000000000.0
6300	580	-0.75	2610000000000000.0
6300	580	-0.7	2620000000000000.0
6300	580	-0.65	2630000000000000.0
6300	580	-0.6	2640000000000000.0
6300	580	-0.55	2650000000000000.0
6300	580	-0.5	2660000000000000.0
6300	580	-0.45	2670000000000000.0
6300	580	-0.4	2680000000000000.0
6300	580	-0.35	2690000000000000.0
6300	580	-0.3	2710000000000000.0
6300	580	-0.25	2720000000000000.0
6300	580	-0.2	2730000000000000.0
6300	580	-0.15	2740000000000000.0
6300	580	-0.1	2760000000000000.0
6300	580	-0.05	2770000000000000.0
6300	580	0.0	2780000000000000.0
6300	580	0.05	2800000000000000.0
6300	580	0.1	2810000000000000.0
6300	580	0.15	2820000000000000.0
6300	580	0.2	2840000000000000.0
6300	580	0.25	2850000000000000.0
6300	580	0.3	2860000000000000.0
6300	580	0.35	2880000000000000.0
6300	580	0.4	2890000000000000.0
6300	580	0.45	2910000000000000.0
6300	580	0.5	2920000000000000.0
6300	580	0.6	2950000000000000.0
6300	580	0.7	2980000000000000.0
6300	580	0.8	3010000000000000.0
6300	580	0.9	3040000000000000.0
6300	585	-1.0	2550000000000000.0
6300	585	-0.95	2560000000000000.0
6300	585	-0.9	2570000000000000.0
6300	585	-0.85	2580000000000000.0
6300	585	-0.8	2580000000000000.0
6300	585	-0.75	2590000000000000.0
6300	585	-0.7	2600000000000000.0
6300	585	-0.65	2620000000000000.0
6300	585	-0.6	2630000000000000.0
6300	585	-0.55	2640000000000000.0
6300	585	-0.5	2650000000000000.0
6300	585	-0.45	2660000000000000.0
6300	585	-0.4	2670000000000000.0
6300	585	-0.35	2680000000000000.0
6300	585	-0.3	2700000000000000.0
6300	585	-0.25	2710000000000000.0
6300	585	-0.2	2720000000000000.0
6300	585	-0.15	2740000000000000.0
6300	585	-0.1	2750000000000000.0
6300	585	-0.05	2760000000000000.0
6300	585	0.0	2780000000000000.0
6300	585	0.05	2790000000000000.0
6300	585	0.1	2810000000000000.0
6300	585	0.15	2820000000000000.0
6300	585	0.2	2840000000000000.0
6300	585	0.25	2860000000000000.0
6300	585	0.3	2870000000000000.0
6300	585	0.35	2890000000000000.0
6300	585	0.4	2910000000000000.0
6300	585	0.45	2920000000000000.0
6300	585	0.5	2940000000000000.0
6300	585	0.6	2980000000000000.0
6300	585	0.7	3010000000000000.0
6300	585	0.8	3050000000000000.0
6300	585	0.9	3090000000000000.0
6300	590	-1.0	2520000000000000.0
6300	590	-0.95	2530000000000000.0
6300	590	-0.9	2540000000000000.0
6300	590	-0.85	2540000000000000.0
6300	590	-0.8	2550000000000000.0
6300	590	-0.75	2560000000000000.0
6300	590	-0.7	2570000000000000.0
6300	590	-0.65	2580000000000000.0
6300	590	-0.6	2590000000000000.0
6300	590	-0.55	2600000000000000.0
6300	590	-0.5	2610000000000000.0
6300	590	-0.45	2620000000000000.0
6300	590	-0.4	2630000000000000.0
6300	590	-0.35	2640000000000000.0
6300	590	-0.3	2660000000000000.0
6300	590	-0.25	2670000000000000.0
6300	590	-0.2	2680000000000000.0
6300	590	-0.15	2690000000000000.0
6300	590	-0.1	2700000000000000.0
6300	590	-0.05	2720000000000000.0
6300	590	0.0	2730000000000000.0
6300	590	0.05	2740000000000000.0
6300	590	0.1	2750000000000000.0
6300	590	0.15	2770000000000000.0
6300	590	0.2	2780000000000000.0
6300	590	0.25	2790000000000000.0
6300	590	0.3	2810000000000000.0
6300	590	0.35	2820000000000000.0
6300	590	0.4	2830000000000000.0
6300	590	0.45	2850000000000000.0
6300	590	0.5	2860000000000000.0
6300	590	0.6	2890000000000000.0
6300	590	0.7	2920000000000000.0
6300	590	0.8	2940000000000000.0
6300	590	0.9	2970000000000000.0
6300	595	-1.0	2540000000000000.0
6300	595	-0.95	2540000000000000.0
6300	595	-0.9	2550000000000000.0
6300	595	-0.85	2550000000000000.0
6300	595	-0.8	2570000000000000.0
6300	595	-0.75	2580000000000000.0
6300	595	-0.7	2590000000000000.0
6300	595	-0.65	2600000000000000.0
6300	595	-0.6	2610000000000000.0
6300	595	-0.55	2620000000000000.0
6300	595	-0.5	2640000000000000.0
6300	595	-0.45	2650000000000000.0
6300	595	-0.4	2660000000000000.0
6300	595	-0.35	2670000000000000.0
6300	595	-0.3	2680000000000000.0
6300	595	-0.25	2700000000000000.0
6300	595	-0.2	2710000000000000.0
6300	595	-0.15	2720000000000000.0
6300	595	-0.1	2740000000000000.0
6300	595	-0.05	2750000000000000.0
6300	595	0.0	2770000000000000.0
6300	595	0.05	2780000000000000.0
6300	595	0.1	2790000000000000.0
6300	595	0.15	2810000000000000.0
6300	595	0.2	2830000000000000.0
6300	595	0.25	2840000000000000.0
6300	595	0.3	2860000000000000.0
6300	595	0.35	2870000000000000.0
6300	595	0.4	2890000000000000.0
6300	595	0.45	2910000000000000.0
6300	595	0.5	2920000000000000.0
6300	595	0.6	2960000000000000.0
6300	595	0.7	3000000000000000.0
6300	595	0.8	3030000000000000.0
6300	595	0.9	3070000000000000.0
6300	600	-1.0	2520000000000000.0
6300	600	-0.95	2530000000000000.0
6300	600	-0.9	2540000000000000.0
6300	600	-0.85	2550000000000000.0
6300	600	-0.8	2550000000000000.0
6300	600	-0.75	2560000000000000.0
6300	600	-0.7	2570000000000000.0
6300	600	-0.65	2580000000000000.0
6300	600	-0.6	2590000000000000.0
6300	600	-0.55	2600000000000000.0
6300	600	-0.5	2610000000000000.0
6300	600	-0.45	2620000000000000.0
6300	600	-0.4	2630000000000000.0
6300	600	-0.35	2650000000000000.0
6300	600	-0.3	2660000000000000.0
6300	600	-0.25	2670000000000000.0
6300	600	-0.2	2680000000000000.0
6300	600	-0.15	2690000000000000.0
6300	600	-0.1	2710000000000000.0
6300	600	-0.05	2720000000000000.0
6300	600	0.0	2730000000000000.0
6300	600	0.05	2740000000000000.0
6300	600	0.1	2760000000000000.0
6300	600	0.15	2770000000000000.0
6300	600	0.2	2790000000000000.0
6300	600	0.25	2800000000000000.0
6300	600	0.3	2810000000000000.0
6300	600	0.35	2830000000000000.0
6300	600	0.4	2840000000000000.0
6300	600	0.45	2860000000000000.0
6300	600	0.5	2870000000000000.0
6300	600	0.6	2900000000000000.0
6300	600	0.7	2940000000000000.0
6300	600	0.8	2970000000000000.0
6300	600	0.9	3000000000000000.0
6300	605	-1.0	2520000000000000.0
6300	605	-0.95	2530000000000000.0
6300	605	-0.9	2530000000000000.0
6300	605	-0.85	2540000000000000.0
6300	605	-0.8	2550000000000000.0
6300	605	-0.75	2560000000000000.0
6300	605	-0.7	2570000000000000.0
6300	605	-0.65	2580000000000000.0
6300	605	-0.6	2590000000000000.0
6300	605	-0.55	2600000000000000.0
6300	605	-0.5	2610000000000000.0
6300	605	-0.45	2630000000000000.0
6300	605	-0.4	2640000000000000.0
6300	605	-0.35	2650000000000000.0
6300	605	-0.3	2660000000000000.0
6300	605	-0.25	2670000000000000.0
6300	605	-0.2	2690000000000000.0
6300	605	-0.15	2700000000000000.0
6300	605	-0.1	2710000000000000.0
6300	605	-0.05	2730000000000000.0
6300	605	0.0	2740000000000000.0
6300	605	0.05	2760000000000000.0
6300	605	0.1	2770000000000000.0
6300	605	0.15	2790000000000000.0
6300	605	0.2	2800000000000000.0
6300	605	0.25	2820000000000000.0
6300	605	0.3	2840000000000000.0
6300	605	0.35	2850000000000000.0
6300	605	0.4	2870000000000000.0
6300	605	0.45	2890000000000000.0
6300	605	0.5	2900000000000000.0
6300	605	0.6	2940000000000000.0
6300	605	0.7	2980000000000000.0
6300	605	0.8	3010000000000000.0
6300	605	0.9	3050000000000000.0
6300	610	-1.0	2500000000000000.0
6300	610	-0.95	2510000000000000.0
6300	610	-0.9	2520000000000000.0
6300	610	-0.85	2530000000000000.0
6300	610	-0.8	2540000000000000.0
6300	610	-0.75	2550000000000000.0
6300	610	-0.7	2550000000000000.0
6300	610	-0.65	2560000000000000.0
6300	610	-0.6	2570000000000000.0
6300	610	-0.55	2580000000000000.0
6300	610	-0.5	2590000000000000.0
6300	610	-0.45	2600000000000000.0
6300	610	-0.4	2610000000000000.0
6300	610	-0.35	2620000000000000.0
6300	610	-0.3	2640000000000000.0
6300	610	-0.25	2650000000000000.0
6300	610	-0.2	2660000000000000.0
6300	610	-0.15	2670000000000000.0
6300	610	-0.1	2680000000000000.0
6300	610	-0.05	2700000000000000.0
6300	610	0.0	2710000000000000.0
6300	610	0.05	2720000000000000.0
6300	610	0.1	2730000000000000.0
6300	610	0.15	2750000000000000.0
6300	610	0.2	2760000000000000.0
6300	610	0.25	2770000000000000.0
6300	610	0.3	2790000000000000.0
6300	610	0.35	2800000000000000.0
6300	610	0.4	2810000000000000.0
6300	610	0.45	2830000000000000.0
6300	610	0.5	2840000000000000.0
6300	610	0.6	2870000000000000.0
6300	610	0.7	2900000000000000.0
6300	610	0.8	2930000000000000.0
6300	610	0.9	2960000000000000.0
6300	615.00000000000011	-1.0	2470000000000000.0
6300	615.00000000000011	-0.95	2480000000000000.0
6300	615.00000000000011	-0.9	2480000000000000.0
6300	615.00000000000011	-0.85	2490000000000000.0
6300	615.00000000000011	-0.8	2500000000000000.0
6300	615.00000000000011	-0.75	2510000000000000.0
6300	615.00000000000011	-0.7	2510000000000000.0
6300	615.00000000000011	-0.65	2520000000000000.0
6300	615.00000000000011	-0.6	2530000000000000.0
6300	615.00000000000011	-0.55	2540000000000000.0
6300	615.00000000000011	-0.5	2540000000000000.0
6300	615.00000000000011	-0.45	2550000000000000.0
6300	615.00000000000011	-0.4	2560000000000000.0
6300	615.00000000000011	-0.35	2570000000000000.0
6300	615.00000000000011	-0.3	2580000000000000.0
6300	615.00000000000011	-0.25	2590000000000000.0
6300	615.00000000000011	-0.2	2590000000000000.0
6300	615.00000000000011	-0.15	2600000000000000.0
6300	615.00000000000011	-0.1	2610000000000000.0
6300	615.00000000000011	-0.05	2620000000000000.0
6300	615.00000000000011	0.0	2630000000000000.0
6300	615.00000000000011	0.05	2640000000000000.0
6300	615.00000000000011	0.1	2650000000000000.0
6300	615.00000000000011	0.15	2660000000000000.0
6300	615.00000000000011	0.2	2670000000000000.0
6300	615.00000000000011	0.25	2680000000000000.0
6300	615.00000000000011	0.3	2690000000000000.0
6300	615.00000000000011	0.35	2690000000000000.0
6300	615.00000000000011	0.4	2700000000000000.0
6300	615.00000000000011	0.45	2710000000000000.0
6300	615.00000000000011	0.5	2720000000000000.0
6300	615.00000000000011	0.6	2740000000000000.0
6300	615.00000000000011	0.7	2760000000000000.0
6300	615.00000000000011	0.8	2780000000000000.0
6300	615.00000000000011	0.9	2800000000000000.0
6300	620	-1.0	2490000000000000.0
6300	620	-0.95	2490000000000000.0
6300	620	-0.9	2500000000000000.0
6300	620	-0.85	2500000000000000.0
6300	620	-0.8	2510000000000000.0
6300	620	-0.75	2530000000000000.0
6300	620	-0.7	2540000000000000.0
6300	620	-0.65	2540000000000000.0
6300	620	-0.6	2550000000000000.0
6300	620	-0.55	2560000000000000.0
6300	620	-0.5	2570000000000000.0
6300	620	-0.45	2580000000000000.0
6300	620	-0.4	2590000000000000.0
6300	620	-0.35	2610000000000000.0
6300	620	-0.3	2620000000000000.0
6300	620	-0.25	2630000000000000.0
6300	620	-0.2	2640000000000000.0
6300	620	-0.15	2650000000000000.0
6300	620	-0.1	2660000000000000.0
6300	620	-0.05	2680000000000000.0
6300	620	0.0	2690000000000000.0
6300	620	0.05	2700000000000000.0
6300	620	0.1	2710000000000000.0
6300	620	0.15	2730000000000000.0
6300	620	0.2	2740000000000000.0
6300	620	0.25	2750000000000000.0
6300	620	0.3	2770000000000000.0
6300	620	0.35	2780000000000000.0
6300	620	0.4	2800000000000000.0
6300	620	0.45	2810000000000000.0
6300	620	0.5	2820000000000000.0
6300	620	0.6	2850000000000000.0
6300	620	0.7	2880000000000000.0
6300	620	0.8	2920000000000000.0
6300	620	0.9	2950000000000000.0
6300	625	-1.0	2460000000000000.0
6300	625	-0.95	2470000000000000.0
6300	625	-0.9	2480000000000000.0
6300	625	-0.85	2480000000000000.0
6300	625	-0.8	2490000000000000.0
6300	625	-0.75	2500000000000000.0
6300	625	-0.7	2510000000000000.0
6300	625	-0.65	2510000000000000.0
6300	625	-0.6	2520000000000000.0
6300	625	-0.55	2530000000000000.0
6300	625	-0.5	2540000000000000.0
6300	625	-0.45	2550000000000000.0
6300	625	-0.4	2560000000000000.0
6300	625	-0.35	2570000000000000.0
6300	625	-0.3	2580000000000000.0
6300	625	-0.25	2590000000000000.0
6300	625	-0.2	2600000000000000.0
6300	625	-0.15	2610000000000000.0
6300	625	-0.1	2620000000000000.0
6300	625	-0.05	2630000000000000.0
6300	625	0.0	2640000000000000.0
6300	625	0.05	2650000000000000.0
6300	625	0.1	2660000000000000.0
6300	625	0.15	2670000000000000.0
6300	625	0.2	2680000000000000.0
6300	625	0.25	2690000000000000.0
6300	625	0.3	2700000000000000.0
6300	625	0.35	2710000000000000.0
6300	625	0.4	2730000000000000.0
6300	625	0.45	2740000000000000.0
6300	625	0.5	2750000000000000.0
6300	625	0.6	2780000000000000.0
6300	625	0.7	2800000000000000.0
6300	625	0.8	2830000000000000.0
6300	625	0.9	2850000000000000.0
6300	630	-1.0	2460000000000000.0
6300	630	-0.95	2470000000000000.0
6300	630	-0.9	2480000000000000.0
6300	630	-0.85	2490000000000000.0
6300	630	-0.8	2490000000000000.0
6300	630	-0.75	2500000000000000.0
6300	630	-0.7	2510000000000000.0
6300	630	-0.65	2520000000000000.0
6300	630	-0.6	2530000000000000.0
6300	630	-0.55	2540000000000000.0
6300	630	-0.5	2550000000000000.0
6300	630	-0.45	2560000000000000.0
6300	630	-0.4	2570000000000000.0
6300	630	-0.35	2580000000000000.0
6300	630	-0.3	2590000000000000.0
6300	630	-0.25	2600000000000000.0
6300	630	-0.2	2610000000000000.0
6300	630	-0.15	2620000000000000.0
6300	630	-0.1	2630000000000000.0
6300	630	-0.05	2640000000000000.0
6300	630	0.0	2660000000000000.0
6300	630	0.05	2670000000000000.0
6300	630	0.1	2680000000000000.0
6300	630	0.15	2690000000000000.0
6300	630	0.2	2700000000000000.0
6300	630	0.25	2720000000000000.0
6300	630	0.3	2730000000000000.0
6300	630	0.35	2740000000000000.0
6300	630	0.4	2760000000000000.0
6300	630	0.45	2770000000000000.0
6300	630	0.5	2780000000000000.0
6300	630	0.6	2810000000000000.0
6300	630	0.7	2840000000000000.0
6300	630	0.8	2870000000000000.0
6300	630	0.9	2900000000000000.0
6300	635	-1.0	2450000000000000.0
6300	635	-0.95	2460000000000000.0
6300	635	-0.9	2470000000000000.0
6300	635	-0.85	2480000000000000.0
6300	635	-0.8	2480000000000000.0
6300	635	-0.75	2490000000000000.0
6300	635	-0.7	2500000000000000.0
6300	635	-0.65	2510000000000000.0
6300	635	-0.6	2520000000000000.0
6300	635	-0.55	2530000000000000.0
6300	635	-0.5	2540000000000000.0
6300	635	-0.45	2550000000000000.0
6300	635	-0.4	2560000000000000.0
6300	635	-0.35	2570000000000000.0
6300	635	-0.3	2580000000000000.0
6300	635	-0.25	2590000000000000.0
6300	635	-0.2	2600000000000000.0
6300	635	-0.15	2610000000000000.0
6300	635	-0.1	2620000000000000.0
6300	635	-0.05	2630000000000000.0
6300	635	0.0	2640000000000000.0
6300	635	0.05	2650000000000000.0
6300	635	0.1	2660000000000000.0
6300	635	0.15	2670000000000000.0
6300	635	0.2	2680000000000000.0
6300	635	0.25	2690000000000000.0
6300	635	0.3	2700000000000000.0
6300	635	0.35	2710000000000000.0
6300	635	0.4	2720000000000000.0
6300	635	0.45	2740000000000000.0
6300	635	0.5	2750000000000000.0
6300	635	0.6	2770000000000000.0
6300	635	0.7	2790000000000000.0
6300	635	0.8	2800000000000000.0
6300	635	0.9	2820000000000000.0
6300	640	-1.0	2440000000000000.0
6300	640	-0.95	2440000000000000.0
6300	640	-0.9	2450000000000000.0
6300	640	-0.85	2460000000000000.0
6300	640	-0.8	2470000000000000.0
6300	640	-0.75	2470000000000000.0
6300	640	-0.7	2480000000000000.0
6300	640	-0.65	2490000000000000.0
6300	640	-0.6	2500000000000000.0
6300	640	-0.55	2510000000000000.0
6300	640	-0.5	2520000000000000.0
6300	640	-0.45	2530000000000000.0
6300	640	-0.4	2540000000000000.0
6300	640	-0.35	2550000000000000.0
6300	640	-0.3	2560000000000000.0
6300	640	-0.25	2570000000000000.0
6300	640	-0.2	2580000000000000.0
6300	640	-0.15	2590000000000000.0
6300	640	-0.1	2600000000000000.0
6300	640	-0.05	2610000000000000.0
6300	640	0.0	2630000000000000.0
6300	640	0.05	2640000000000000.0
6300	640	0.1	2650000000000000.0
6300	640	0.15	2660000000000000.0
6300	640	0.2	2680000000000000.0
6300	640	0.25	2690000000000000.0
6300	640	0.3	2700000000000000.0
6300	640	0.35	2720000000000000.0
6300	640	0.4	2730000000000000.0
6300	640	0.45	2740000000000000.0
6300	640	0.5	2760000000000000.0
6300	640	0.6	2790000000000000.0
6300	640	0.7	2820000000000000.0
6300	640	0.8	2850000000000000.0
6300	640	0.9	2880000000000000.0
6300	644.99999999999989	-1.0	2420000000000000.0
6300	644.99999999999989	-0.95	2430000000000000.0
6300	644.99999999999989	-0.9	2430000000000000.0
6300	644.99999999999989	-0.85	2440000000000000.0
6300	644.99999999999989	-0.8	2450000000000000.0
6300	644.99999999999989	-0.75	2460000000000000.0
6300	644.99999999999989	-0.7	2470000000000000.0
6300	644.99999999999989	-0.65	2470000000000000.0
6300	644.99999999999989	-0.6	2480000000000000.0
6300	644.99999999999989	-0.55	2490000000000000.0
6300	644.99999999999989	-0.5	2500000000000000.0
6300	644.99999999999989	-0.45	2510000000000000.0
6300	644.99999999999989	-0.4	2520000000000000.0
6300	644.99999999999989	-0.35	2530000000000000.0
6300	644.99999999999989	-0.3	2540000000000000.0
6300	644.99999999999989	-0.25	2550000000000000.0
6300	644.99999999999989	-0.2	2560000000000000.0
6300	644.99999999999989	-0.15	2570000000000000.0
6300	644.99999999999989	-0.1	2580000000000000.0
6300	644.99999999999989	-0.05	2600000000000000.0
6300	644.99999999999989	0.0	2610000000000000.0
6300	644.99999999999989	0.05	2620000000000000.0
6300	644.99999999999989	0.1	2630000000000000.0
6300	644.99999999999989	0.15	2640000000000000.0
6300	644.99999999999989	0.2	2650000000000000.0
6300	644.99999999999989	0.25	2670000000000000.0
6300	644.99999999999989	0.3	2680000000000000.0
6300	644.99999999999989	0.35	2690000000000000.0
6300	644.99999999999989	0.4	2700000000000000.0
6300	644.99999999999989	0.45	2720000000000000.0
6300	644.99999999999989	0.5	2730000000000000.0
6300	644.99999999999989	0.6	2760000000000000.0
6300	644.99999999999989	0.7	2790000000000000.0
6300	644.99999999999989	0.8	2820000000000000.0
6300	644.99999999999989	0.9	2850000000000000.0
6300	649.99999999999989	-1.0	2410000000000000.0
6300	649.99999999999989	-0.95	2420000000000000.0
6300	649.99999999999989	-0.9	2420000000000000.0
6300	649.99999999999989	-0.85	2420000000000000.0
6300	649.99999999999989	-0.8	2430000000000000.0
6300	649.99999999999989	-0.75	2450000000000000.0
6300	649.99999999999989	-0.7	2450000000000000.0
6300	649.99999999999989	-0.65	2460000000000000.0
6300	649.99999999999989	-0.6	2470000000000000.0
6300	649.99999999999989	-0.55	2480000000000000.0
6300	649.99999999999989	-0.5	2490000000000000.0
6300	649.99999999999989	-0.45	2500000000000000.0
6300	649.99999999999989	-0.4	2510000000000000.0
6300	649.99999999999989	-0.35	2520000000000000.0
6300	649.99999999999989	-0.3	2530000000000000.0
6300	649.99999999999989	-0.25	2540000000000000.0
6300	649.99999999999989	-0.2	2550000000000000.0
6300	649.99999999999989	-0.15	2560000000000000.0
6300	649.99999999999989	-0.1	2570000000000000.0
6300	649.99999999999989	-0.05	2580000000000000.0
6300	649.99999999999989	0.0	2590000000000000.0
6300	649.99999999999989	0.05	2610000000000000.0
6300	649.99999999999989	0.1	2620000000000000.0
6300	649.99999999999989	0.15	2630000000000000.0
6300	649.99999999999989	0.2	2640000000000000.0
6300	649.99999999999989	0.25	2660000000000000.0
6300	649.99999999999989	0.3	2670000000000000.0
6300	649.99999999999989	0.35	2680000000000000.0
6300	649.99999999999989	0.4	2700000000000000.0
6300	649.99999999999989	0.45	2710000000000000.0
6300	649.99999999999989	0.5	2720000000000000.0
6300	649.99999999999989	0.6	2750000000000000.0
6300	649.99999999999989	0.7	2780000000000000.0
6300	649.99999999999989	0.8	2820000000000000.0
6300	649.99999999999989	0.9	2850000000000000.0
6300	655.00000000000011	-1.0	2240000000000000.0
6300	655.00000000000011	-0.95	2250000000000000.0
6300	655.00000000000011	-0.9	2250000000000000.0
6300	655.00000000000011	-0.85	2250000000000000.0
6300	655.00000000000011	-0.8	2260000000000000.0
6300	655.00000000000011	-0.75	2270000000000000.0
6300	655.00000000000011	-0.7	2280000000000000.0
6300	655.00000000000011	-0.65	2290000000000000.0
6300	655.00000000000011	-0.6	2300000000000000.0
6300	655.00000000000011	-0.55	2310000000000000.0
6300	655.00000000000011	-0.5	2310000000000000.0
6300	655.00000000000011	-0.45	2320000000000000.0
6300	655.00000000000011	-0.4	2330000000000000.0
6300	655.00000000000011	-0.35	2340000000000000.0
6300	655.00000000000011	-0.3	2350000000000000.0
6300	655.00000000000011	-0.25	2360000000000000.0
6300	655.00000000000011	-0.2	2370000000000000.0
6300	655.00000000000011	-0.15	2380000000000000.0
6300	655.00000000000011	-0.1	2390000000000000.0
6300	655.00000000000011	-0.05	2400000000000000.0
6300	655.00000000000011	0.0	2410000000000000.0
6300	655.00000000000011	0.05	2420000000000000.0
6300	655.00000000000011	0.1	2430000000000000.0
6300	655.00000000000011	0.15	2440000000000000.0
6300	655.00000000000011	0.2	2450000000000000.0
6300	655.00000000000011	0.25	2460000000000000.0
6300	655.00000000000011	0.3	2480000000000000.0
6300	655.00000000000011	0.35	2490000000000000.0
6300	655.00000000000011	0.4	2500000000000000.0
6300	655.00000000000011	0.45	2510000000000000.0
6300	655.00000000000011	0.5	2520000000000000.0
6300	655.00000000000011	0.6	2550000000000000.0
6300	655.00000000000011	0.7	2580000000000000.0
6300	655.00000000000011	0.8	2610000000000000.0
6300	655.00000000000011	0.9	2630000000000000.0
6300	660	-1.0	2380000000000000.0
6300	660	-0.95	2390000000000000.0
6300	660	-0.9	2400000000000000.0
6300	660	-0.85	2410000000000000.0
6300	660	-0.8	2410000000000000.0
6300	660	-0.75	2420000000000000.0
6300	660	-0.7	2430000000000000.0
6300	660	-0.65	2440000000000000.0
6300	660	-0.6	2440000000000000.0
6300	660	-0.55	2450000000000000.0
6300	660	-0.5	2460000000000000.0
6300	660	-0.45	2470000000000000.0
6300	660	-0.4	2480000000000000.0
6300	660	-0.35	2490000000000000.0
6300	660	-0.3	2500000000000000.0
6300	660	-0.25	2510000000000000.0
6300	660	-0.2	2520000000000000.0
6300	660	-0.15	2530000000000000.0
6300	660	-0.1	2550000000000000.0
6300	660	-0.05	2560000000000000.0
6300	660	0.0	2570000000000000.0
6300	660	0.05	2580000000000000.0
6300	660	0.1	2590000000000000.0
6300	660	0.15	2600000000000000.0
6300	660	0.2	2620000000000000.0
6300	660	0.25	2630000000000000.0
6300	660	0.3	2640000000000000.0
6300	660	0.35	2660000000000000.0
6300	660	0.4	2670000000000000.0
6300	660	0.45	2690000000000000.0
6300	660	0.5	2700000000000000.0
6300	660	0.6	2730000000000000.0
6300	660	0.7	2760000000000000.0
6300	660	0.8	2800000000000000.0
6300	660	0.9	2830000000000000.0
6300	665	-1.0	2390000000000000.0
6300	665	-0.95	2400000000000000.0
6300	665	-0.9	2400000000000000.0
6300	665	-0.85	2410000000000000.0
6300	665	-0.8	2420000000000000.0
6300	665	-0.75	2430000000000000.0
6300	665	-0.7	2430000000000000.0
6300	665	-0.65	2440000000000000.0
6300	665	-0.6	2450000000000000.0
6300	665	-0.55	2460000000000000.0
6300	665	-0.5	2470000000000000.0
6300	665	-0.45	2480000000000000.0
6300	665	-0.4	2490000000000000.0
6300	665	-0.35	2500000000000000.0
6300	665	-0.3	2510000000000000.0
6300	665	-0.25	2520000000000000.0
6300	665	-0.2	2530000000000000.0
6300	665	-0.15	2540000000000000.0
6300	665	-0.1	2550000000000000.0
6300	665	-0.05	2570000000000000.0
6300	665	0.0	2580000000000000.0
6300	665	0.05	2590000000000000.0
6300	665	0.1	2600000000000000.0
6300	665	0.15	2610000000000000.0
6300	665	0.2	2620000000000000.0
6300	665	0.25	2640000000000000.0
6300	665	0.3	2650000000000000.0
6300	665	0.35	2660000000000000.0
6300	665	0.4	2670000000000000.0
6300	665	0.45	2690000000000000.0
6300	665	0.5	2700000000000000.0
6300	665	0.6	2730000000000000.0
6300	665	0.7	2760000000000000.0
6300	665	0.8	2790000000000000.0
6300	665	0.9	2820000000000000.0
6300	670	-1.0	2380000000000000.0
6300	670	-0.95	2380000000000000.0
6300	670	-0.9	2390000000000000.0
6300	670	-0.85	2400000000000000.0
6300	670	-0.8	2400000000000000.0
6300	670	-0.75	2410000000000000.0
6300	670	-0.7	2420000000000000.0
6300	670	-0.65	2430000000000000.0
6300	670	-0.6	2440000000000000.0
6300	670	-0.55	2450000000000000.0
6300	670	-0.5	2460000000000000.0
6300	670	-0.45	2470000000000000.0
6300	670	-0.4	2480000000000000.0
6300	670	-0.35	2490000000000000.0
6300	670	-0.3	2500000000000000.0
6300	670	-0.25	2510000000000000.0
6300	670	-0.2	2520000000000000.0
6300	670	-0.15	2530000000000000.0
6300	670	-0.1	2540000000000000.0
6300	670	-0.05	2550000000000000.0
6300	670	0.0	2560000000000000.0
6300	670	0.05	2580000000000000.0
6300	670	0.1	2590000000000000.0
6300	670	0.15	2600000000000000.0
6300	670	0.2	2610000000000000.0
6300	670	0.25	2630000000000000.0
6300	670	0.3	2640000000000000.0
6300	670	0.35	2650000000000000.0
6300	670	0.4	2670000000000000.0
6300	670	0.45	2680000000000000.0
6300	670	0.5	2690000000000000.0
6300	670	0.6	2720000000000000.0
6300	670	0.7	2750000000000000.0
6300	670	0.8	2790000000000000.0
6300	670	0.9	2820000000000000.0
6300	675	-1.0	2370000000000000.0
6300	675	-0.95	2370000000000000.0
6300	675	-0.9	2380000000000000.0
6300	675	-0.85	2380000000000000.0
6300	675	-0.8	2390000000000000.0
6300	675	-0.75	2400000000000000.0
6300	675	-0.7	2410000000000000.0
6300	675	-0.65	2420000000000000.0
6300	675	-0.6	2430000000000000.0
6300	675	-0.55	2440000000000000.0
6300	675	-0.5	2450000000000000.0
6300	675	-0.45	2460000000000000.0
6300	675	-0.4	2470000000000000.0
6300	675	-0.35	2470000000000000.0
6300	675	-0.3	2480000000000000.0
6300	675	-0.25	2500000000000000.0
6300	675	-0.2	2510000000000000.0
6300	675	-0.15	2520000000000000.0
6300	675	-0.1	2530000000000000.0
6300	675	-0.05	2540000000000000.0
6300	675	0.0	2550000000000000.0
6300	675	0.05	2560000000000000.0
6300	675	0.1	2570000000000000.0
6300	675	0.15	2580000000000000.0
6300	675	0.2	2600000000000000.0
6300	675	0.25	2610000000000000.0
6300	675	0.3	2620000000000000.0
6300	675	0.35	2630000000000000.0
6300	675	0.4	2650000000000000.0
6300	675	0.45	2660000000000000.0
6300	675	0.5	2670000000000000.0
6300	675	0.6	2700000000000000.0
6300	675	0.7	2730000000000000.0
6300	675	0.8	2760000000000000.0
6300	675	0.9	2790000000000000.0
6300	680	-1.0	2350000000000000.0
6300	680	-0.95	2360000000000000.0
6300	680	-0.9	2370000000000000.0
6300	680	-0.85	2380000000000000.0
6300	680	-0.8	2390000000000000.0
6300	680	-0.75	2390000000000000.0
6300	680	-0.7	2400000000000000.0
6300	680	-0.65	2410000000000000.0
6300	680	-0.6	2420000000000000.0
6300	680	-0.55	2430000000000000.0
6300	680	-0.5	2430000000000000.0
6300	680	-0.45	2440000000000000.0
6300	680	-0.4	2450000000000000.0
6300	680	-0.35	2460000000000000.0
6300	680	-0.3	2470000000000000.0
6300	680	-0.25	2480000000000000.0
6300	680	-0.2	2490000000000000.0
6300	680	-0.15	2500000000000000.0
6300	680	-0.1	2510000000000000.0
6300	680	-0.05	2520000000000000.0
6300	680	0.0	2540000000000000.0
6300	680	0.05	2550000000000000.0
6300	680	0.1	2560000000000000.0
6300	680	0.15	2570000000000000.0
6300	680	0.2	2580000000000000.0
6300	680	0.25	2590000000000000.0
6300	680	0.3	2600000000000000.0
6300	680	0.35	2620000000000000.0
6300	680	0.4	2630000000000000.0
6300	680	0.45	2640000000000000.0
6300	680	0.5	2650000000000000.0
6300	680	0.6	2680000000000000.0
6300	680	0.7	2710000000000000.0
6300	680	0.8	2730000000000000.0
6300	680	0.9	2760000000000000.0
6300	685	-1.0	2340000000000000.0
6300	685	-0.95	2350000000000000.0
6300	685	-0.9	2350000000000000.0
6300	685	-0.85	2350000000000000.0
6300	685	-0.8	2360000000000000.0
6300	685	-0.75	2380000000000000.0
6300	685	-0.7	2380000000000000.0
6300	685	-0.65	2390000000000000.0
6300	685	-0.6	2400000000000000.0
6300	685	-0.55	2410000000000000.0
6300	685	-0.5	2420000000000000.0
6300	685	-0.45	2430000000000000.0
6300	685	-0.4	2440000000000000.0
6300	685	-0.35	2440000000000000.0
6300	685	-0.3	2450000000000000.0
6300	685	-0.25	2460000000000000.0
6300	685	-0.2	2470000000000000.0
6300	685	-0.15	2480000000000000.0
6300	685	-0.1	2490000000000000.0
6300	685	-0.05	2500000000000000.0
6300	685	0.0	2510000000000000.0
6300	685	0.05	2530000000000000.0
6300	685	0.1	2540000000000000.0
6300	685	0.15	2550000000000000.0
6300	685	0.2	2560000000000000.0
6300	685	0.25	2570000000000000.0
6300	685	0.3	2580000000000000.0
6300	685	0.35	2600000000000000.0
6300	685	0.4	2610000000000000.0
6300	685	0.45	2620000000000000.0
6300	685	0.5	2630000000000000.0
6300	685	0.6	2660000000000000.0
6300	685	0.7	2690000000000000.0
6300	685	0.8	2720000000000000.0
6300	685	0.9	2750000000000000.0
6300	690	-1.0	2330000000000000.0
6300	690	-0.95	2340000000000000.0
6300	690	-0.9	2340000000000000.0
6300	690	-0.85	2360000000000000.0
6300	690	-0.8	2370000000000000.0
6300	690	-0.75	2370000000000000.0
6300	690	-0.7	2370000000000000.0
6300	690	-0.65	2380000000000000.0
6300	690	-0.6	2390000000000000.0
6300	690	-0.55	2400000000000000.0
6300	690	-0.5	2410000000000000.0
6300	690	-0.45	2420000000000000.0
6300	690	-0.4	2430000000000000.0
6300	690	-0.35	2440000000000000.0
6300	690	-0.3	2450000000000000.0
6300	690	-0.25	2460000000000000.0
6300	690	-0.2	2470000000000000.0
6300	690	-0.15	2480000000000000.0
6300	690	-0.1	2490000000000000.0
6300	690	-0.05	2500000000000000.0
6300	690	0.0	2510000000000000.0
6300	690	0.05	2520000000000000.0
6300	690	0.1	2530000000000000.0
6300	690	0.15	2540000000000000.0
6300	690	0.2	2560000000000000.0
6300	690	0.25	2570000000000000.0
6300	690	0.3	2580000000000000.0
6300	690	0.35	2590000000000000.0
6300	690	0.4	2610000000000000.0
6300	690	0.45	2620000000000000.0
6300	690	0.5	2630000000000000.0
6300	690	0.6	2660000000000000.0
6300	690	0.7	2690000000000000.0
6300	690	0.8	2720000000000000.0
6300	690	0.9	2750000000000000.0
6300	695	-1.0	2320000000000000.0
6300	695	-0.95	2320000000000000.0
6300	695	-0.9	2330000000000000.0
6300	695	-0.85	2340000000000000.0
6300	695	-0.8	2340000000000000.0
6300	695	-0.75	2350000000000000.0
6300	695	-0.7	2360000000000000.0
6300	695	-0.65	2370000000000000.0
6300	695	-0.6	2380000000000000.0
6300	695	-0.55	2390000000000000.0
6300	695	-0.5	2400000000000000.0
6300	695	-0.45	2400000000000000.0
6300	695	-0.4	2410000000000000.0
6300	695	-0.35	2420000000000000.0
6300	695	-0.3	2430000000000000.0
6300	695	-0.25	2440000000000000.0
6300	695	-0.2	2450000000000000.0
6300	695	-0.15	2460000000000000.0
6300	695	-0.1	2470000000000000.0
6300	695	-0.05	2480000000000000.0
6300	695	0.0	2500000000000000.0
6300	695	0.05	2510000000000000.0
6300	695	0.1	2520000000000000.0
6300	695	0.15	2530000000000000.0
6300	695	0.2	2540000000000000.0
6300	695	0.25	2550000000000000.0
6300	695	0.3	2560000000000000.0
6300	695	0.35	2580000000000000.0
6300	695	0.4	2590000000000000.0
6300	695	0.45	2600000000000000.0
6300	695	0.5	2610000000000000.0
6300	695	0.6	2640000000000000.0
6300	695	0.7	2670000000000000.0
6300	695	0.8	2700000000000000.0
6300	695	0.9	2730000000000000.0
6300	700	-1.0	2300000000000000.0
6300	700	-0.95	2310000000000000.0
6300	700	-0.9	2320000000000000.0
6300	700	-0.85	2320000000000000.0
6300	700	-0.8	2330000000000000.0
6300	700	-0.75	2340000000000000.0
6300	700	-0.7	2340000000000000.0
6300	700	-0.65	2350000000000000.0
6300	700	-0.6	2360000000000000.0
6300	700	-0.55	2370000000000000.0
6300	700	-0.5	2380000000000000.0
6300	700	-0.45	2380000000000000.0
6300	700	-0.4	2390000000000000.0
6300	700	-0.35	2400000000000000.0
6300	700	-0.3	2410000000000000.0
6300	700	-0.25	2420000000000000.0
6300	700	-0.2	2430000000000000.0
6300	700	-0.15	2440000000000000.0
6300	700	-0.1	2450000000000000.0
6300	700	-0.05	2450000000000000.0
6300	700	0.0	2460000000000000.0
6300	700	0.05	2470000000000000.0
6300	700	0.1	2480000000000000.0
6300	700	0.15	2490000000000000.0
6300	700	0.2	2500000000000000.0
6300	700	0.25	2510000000000000.0
6300	700	0.3	2520000000000000.0
6300	700	0.35	2530000000000000.0
6300	700	0.4	2540000000000000.0
6300	700	0.45	2550000000000000.0
6300	700	0.5	2570000000000000.0
6300	700	0.6	2590000000000000.0
6300	700	0.7	2610000000000000.0
6300	700	0.8	2630000000000000.0
6300	700	0.9	2660000000000000.0
6300	705	-1.0	2290000000000000.0
6300	705	-0.95	2300000000000000.0
6300	705	-0.9	2300000000000000.0
6300	705	-0.85	2320000000000000.0
6300	705	-0.8	2330000000000000.0
6300	705	-0.75	2330000000000000.0
6300	705	-0.7	2330000000000000.0
6300	705	-0.65	2340000000000000.0
6300	705	-0.6	2350000000000000.0
6300	705	-0.55	2360000000000000.0
6300	705	-0.5	2370000000000000.0
6300	705	-0.45	2370000000000000.0
6300	705	-0.4	2380000000000000.0
6300	705	-0.35	2390000000000000.0
6300	705	-0.3	2400000000000000.0
6300	705	-0.25	2410000000000000.0
6300	705	-0.2	2420000000000000.0
6300	705	-0.15	2430000000000000.0
6300	705	-0.1	2440000000000000.0
6300	705	-0.05	2450000000000000.0
6300	705	0.0	2460000000000000.0
6300	705	0.05	2470000000000000.0
6300	705	0.1	2480000000000000.0
6300	705	0.15	2490000000000000.0
6300	705	0.2	2500000000000000.0
6300	705	0.25	2510000000000000.0
6300	705	0.3	2520000000000000.0
6300	705	0.35	2530000000000000.0
6300	705	0.4	2540000000000000.0
6300	705	0.45	2550000000000000.0
6300	705	0.5	2560000000000000.0
6300	705	0.6	2590000000000000.0
6300	705	0.7	2610000000000000.0
6300	705	0.8	2640000000000000.0
6300	705	0.9	2660000000000000.0
6300	710	-1.0	2280000000000000.0
6300	710	-0.95	2280000000000000.0
6300	710	-0.9	2290000000000000.0
6300	710	-0.85	2300000000000000.0
6300	710	-0.8	2300000000000000.0
6300	710	-0.75	2310000000000000.0
6300	710	-0.7	2320000000000000.0
6300	710	-0.65	2330000000000000.0
6300	710	-0.6	2330000000000000.0
6300	710	-0.55	2340000000000000.0
6300	710	-0.5	2350000000000000.0
6300	710	-0.45	2360000000000000.0
6300	710	-0.4	2370000000000000.0
6300	710	-0.35	2370000000000000.0
6300	710	-0.3	2380000000000000.0
6300	710	-0.25	2390000000000000.0
6300	710	-0.2	2400000000000000.0
6300	710	-0.15	2410000000000000.0
6300	710	-0.1	2420000000000000.0
6300	710	-0.05	2430000000000000.0
6300	710	0.0	2440000000000000.0
6300	710	0.05	2450000000000000.0
6300	710	0.1	2460000000000000.0
6300	710	0.15	2470000000000000.0
6300	710	0.2	2480000000000000.0
6300	710	0.25	2490000000000000.0
6300	710	0.3	2500000000000000.0
6300	710	0.35	2510000000000000.0
6300	710	0.4	2520000000000000.0
6300	710	0.45	2530000000000000.0
6300	710	0.5	2550000000000000.0
6300	710	0.6	2570000000000000.0
6300	710	0.7	2590000000000000.0
6300	710	0.8	2620000000000000.0
6300	710	0.9	2650000000000000.0
6300	715	-1.0	2260000000000000.0
6300	715	-0.95	2270000000000000.0
6300	715	-0.9	2270000000000000.0
6300	715	-0.85	2280000000000000.0
6300	715	-0.8	2290000000000000.0
6300	715	-0.75	2290000000000000.0
6300	715	-0.7	2300000000000000.0
6300	715	-0.65	2310000000000000.0
6300	715	-0.6	2310000000000000.0
6300	715	-0.55	2320000000000000.0
6300	715	-0.5	2330000000000000.0
6300	715	-0.45	2340000000000000.0
6300	715	-0.4	2350000000000000.0
6300	715	-0.35	2350000000000000.0
6300	715	-0.3	2360000000000000.0
6300	715	-0.25	2370000000000000.0
6300	715	-0.2	2380000000000000.0
6300	715	-0.15	2390000000000000.0
6300	715	-0.1	2400000000000000.0
6300	715	-0.05	2410000000000000.0
6300	715	0.0	2420000000000000.0
6300	715	0.05	2420000000000000.0
6300	715	0.1	2430000000000000.0
6300	715	0.15	2440000000000000.0
6300	715	0.2	2450000000000000.0
6300	715	0.25	2460000000000000.0
6300	715	0.3	2470000000000000.0
6300	715	0.35	2480000000000000.0
6300	715	0.4	2490000000000000.0
6300	715	0.45	2500000000000000.0
6300	715	0.5	2510000000000000.0
6300	715	0.6	2530000000000000.0
6300	715	0.7	2560000000000000.0
6300	715	0.8	2580000000000000.0
6300	715	0.9	2600000000000000.0
6300	720	-1.0	2250000000000000.0
6300	720	-0.95	2250000000000000.0
6300	720	-0.9	2260000000000000.0
6300	720	-0.85	2270000000000000.0
6300	720	-0.8	2280000000000000.0
6300	720	-0.75	2280000000000000.0
6300	720	-0.7	2280000000000000.0
6300	720	-0.65	2290000000000000.0
6300	720	-0.6	2300000000000000.0
6300	720	-0.55	2300000000000000.0
6300	720	-0.5	2310000000000000.0
6300	720	-0.45	2320000000000000.0
6300	720	-0.4	2320000000000000.0
6300	720	-0.35	2330000000000000.0
6300	720	-0.3	2340000000000000.0
6300	720	-0.25	2350000000000000.0
6300	720	-0.2	2350000000000000.0
6300	720	-0.15	2360000000000000.0
6300	720	-0.1	2370000000000000.0
6300	720	-0.05	2380000000000000.0
6300	720	0.0	2390000000000000.0
6300	720	0.05	2390000000000000.0
6300	720	0.1	2400000000000000.0
6300	720	0.15	2410000000000000.0
6300	720	0.2	2420000000000000.0
6300	720	0.25	2430000000000000.0
6300	720	0.3	2440000000000000.0
6300	720	0.35	2450000000000000.0
6300	720	0.4	2450000000000000.0
6300	720	0.45	2460000000000000.0
6300	720	0.5	2470000000000000.0
6300	720	0.6	2490000000000000.0
6300	720	0.7	2510000000000000.0
6300	720	0.8	2530000000000000.0
6300	720	0.9	2560000000000000.0
6300	725	-1.0	2240000000000000.0
6300	725	-0.95	2250000000000000.0
6300	725	-0.9	2250000000000000.0
6300	725	-0.85	2260000000000000.0
6300	725	-0.8	2260000000000000.0
6300	725	-0.75	2270000000000000.0
6300	725	-0.7	2280000000000000.0
6300	725	-0.65	2290000000000000.0
6300	725	-0.6	2290000000000000.0
6300	725	-0.55	2300000000000000.0
6300	725	-0.5	2310000000000000.0
6300	725	-0.45	2320000000000000.0
6300	725	-0.4	2320000000000000.0
6300	725	-0.35	2330000000000000.0
6300	725	-0.3	2340000000000000.0
6300	725	-0.25	2350000000000000.0
6300	725	-0.2	2360000000000000.0
6300	725	-0.15	2370000000000000.0
6300	725	-0.1	2380000000000000.0
6300	725	-0.05	2390000000000000.0
6300	725	0.0	2390000000000000.0
6300	725	0.05	2400000000000000.0
6300	725	0.1	2410000000000000.0
6300	725	0.15	2420000000000000.0
6300	725	0.2	2430000000000000.0
6300	725	0.25	2440000000000000.0
6300	725	0.3	2450000000000000.0
6300	725	0.35	2460000000000000.0
6300	725	0.4	2470000000000000.0
6300	725	0.45	2480000000000000.0
6300	725	0.5	2490000000000000.0
6300	725	0.6	2520000000000000.0
6300	725	0.7	2540000000000000.0
6300	725	0.8	2560000000000000.0
6300	725	0.9	2590000000000000.0
6300	730	-1.0	2220000000000000.0
6300	730	-0.95	2230000000000000.0
6300	730	-0.9	2230000000000000.0
6300	730	-0.85	2240000000000000.0
6300	730	-0.8	2250000000000000.0
6300	730	-0.75	2250000000000000.0
6300	730	-0.7	2260000000000000.0
6300	730	-0.65	2270000000000000.0
6300	730	-0.6	2270000000000000.0
6300	730	-0.55	2280000000000000.0
6300	730	-0.5	2290000000000000.0
6300	730	-0.45	2290000000000000.0
6300	730	-0.4	2300000000000000.0
6300	730	-0.35	2310000000000000.0
6300	730	-0.3	2320000000000000.0
6300	730	-0.25	2320000000000000.0
6300	730	-0.2	2330000000000000.0
6300	730	-0.15	2340000000000000.0
6300	730	-0.1	2350000000000000.0
6300	730	-0.05	2360000000000000.0
6300	730	0.0	2370000000000000.0
6300	730	0.05	2370000000000000.0
6300	730	0.1	2380000000000000.0
6300	730	0.15	2390000000000000.0
6300	730	0.2	2400000000000000.0
6300	730	0.25	2410000000000000.0
6300	730	0.3	2420000000000000.0
6300	730	0.35	2430000000000000.0
6300	730	0.4	2440000000000000.0
6300	730	0.45	2450000000000000.0
6300	730	0.5	2460000000000000.0
6300	730	0.6	2480000000000000.0
6300	730	0.7	2500000000000000.0
6300	730	0.8	2530000000000000.0
6300	730	0.9	2560000000000000.0
6300	735	-1.0	2210000000000000.0
6300	735	-0.95	2220000000000000.0
6300	735	-0.9	2230000000000000.0
6300	735	-0.85	2240000000000000.0
6300	735	-0.8	2240000000000000.0
6300	735	-0.75	2250000000000000.0
6300	735	-0.7	2250000000000000.0
6300	735	-0.65	2260000000000000.0
6300	735	-0.6	2270000000000000.0
6300	735	-0.55	2270000000000000.0
6300	735	-0.5	2280000000000000.0
6300	735	-0.45	2290000000000000.0
6300	735	-0.4	2300000000000000.0
6300	735	-0.35	2310000000000000.0
6300	735	-0.3	2310000000000000.0
6300	735	-0.25	2320000000000000.0
6300	735	-0.2	2330000000000000.0
6300	735	-0.15	2340000000000000.0
6300	735	-0.1	2350000000000000.0
6300	735	-0.05	2360000000000000.0
6300	735	0.0	2370000000000000.0
6300	735	0.05	2380000000000000.0
6300	735	0.1	2390000000000000.0
6300	735	0.15	2400000000000000.0
6300	735	0.2	2410000000000000.0
6300	735	0.25	2420000000000000.0
6300	735	0.3	2430000000000000.0
6300	735	0.35	2440000000000000.0
6300	735	0.4	2450000000000000.0
6300	735	0.45	2460000000000000.0
6300	735	0.5	2470000000000000.0
6300	735	0.6	2490000000000000.0
6300	735	0.7	2520000000000000.0
6300	735	0.8	2540000000000000.0
6300	735	0.9	2570000000000000.0
6300	740	-1.0	2190000000000000.0
6300	740	-0.95	2200000000000000.0
6300	740	-0.9	2200000000000000.0
6300	740	-0.85	2220000000000000.0
6300	740	-0.8	2220000000000000.0
6300	740	-0.75	2220000000000000.0
6300	740	-0.7	2230000000000000.0
6300	740	-0.65	2230000000000000.0
6300	740	-0.6	2240000000000000.0
6300	740	-0.55	2240000000000000.0
6300	740	-0.5	2250000000000000.0
6300	740	-0.45	2260000000000000.0
6300	740	-0.4	2260000000000000.0
6300	740	-0.35	2270000000000000.0
6300	740	-0.3	2280000000000000.0
6300	740	-0.25	2280000000000000.0
6300	740	-0.2	2290000000000000.0
6300	740	-0.15	2300000000000000.0
6300	740	-0.1	2310000000000000.0
6300	740	-0.05	2310000000000000.0
6300	740	0.0	2320000000000000.0
6300	740	0.05	2330000000000000.0
6300	740	0.1	2340000000000000.0
6300	740	0.15	2340000000000000.0
6300	740	0.2	2350000000000000.0
6300	740	0.25	2360000000000000.0
6300	740	0.3	2370000000000000.0
6300	740	0.35	2380000000000000.0
6300	740	0.4	2380000000000000.0
6300	740	0.45	2390000000000000.0
6300	740	0.5	2400000000000000.0
6300	740	0.6	2420000000000000.0
6300	740	0.7	2440000000000000.0
6300	740	0.8	2460000000000000.0
6300	740	0.9	2490000000000000.0
6300	745	-1.0	2190000000000000.0
6300	745	-0.95	2190000000000000.0
6300	745	-0.9	2200000000000000.0
6300	745	-0.85	2200000000000000.0
6300	745	-0.8	2210000000000000.0
6300	745	-0.75	2220000000000000.0
6300	745	-0.7	2220000000000000.0
6300	745	-0.65	2230000000000000.0
6300	745	-0.6	2230000000000000.0
6300	745	-0.55	2240000000000000.0
6300	745	-0.5	2250000000000000.0
6300	745	-0.45	2260000000000000.0
6300	745	-0.4	2260000000000000.0
6300	745	-0.35	2270000000000000.0
6300	745	-0.3	2280000000000000.0
6300	745	-0.25	2290000000000000.0
6300	745	-0.2	2300000000000000.0
6300	745	-0.15	2300000000000000.0
6300	745	-0.1	2310000000000000.0
6300	745	-0.05	2320000000000000.0
6300	745	0.0	2330000000000000.0
6300	745	0.05	2340000000000000.0
6300	745	0.1	2350000000000000.0
6300	745	0.15	2360000000000000.0
6300	745	0.2	2370000000000000.0
6300	745	0.25	2370000000000000.0
6300	745	0.3	2380000000000000.0
6300	745	0.35	2390000000000000.0
6300	745	0.4	2400000000000000.0
6300	745	0.45	2410000000000000.0
6300	745	0.5	2420000000000000.0
6300	745	0.6	2450000000000000.0
6300	745	0.7	2470000000000000.0
6300	745	0.8	2490000000000000.0
6300	745	0.9	2520000000000000.0
6300	750	-1.0	2170000000000000.0
6300	750	-0.95	2180000000000000.0
6300	750	-0.9	2180000000000000.0
6300	750	-0.85	2180000000000000.0
6300	750	-0.8	2180000000000000.0
6300	750	-0.75	2200000000000000.0
6300	750	-0.7	2210000000000000.0
6300	750	-0.65	2210000000000000.0
6300	750	-0.6	2220000000000000.0
6300	750	-0.55	2230000000000000.0
6300	750	-0.5	2230000000000000.0
6300	750	-0.45	2240000000000000.0
6300	750	-0.4	2250000000000000.0
6300	750	-0.35	2260000000000000.0
6300	750	-0.3	2260000000000000.0
6300	750	-0.25	2270000000000000.0
6300	750	-0.2	2280000000000000.0
6300	750	-0.15	2290000000000000.0
6300	750	-0.1	2300000000000000.0
6300	750	-0.05	2310000000000000.0
6300	750	0.0	2310000000000000.0
6300	750	0.05	2320000000000000.0
6300	750	0.1	2330000000000000.0
6300	750	0.15	2340000000000000.0
6300	750	0.2	2350000000000000.0
6300	750	0.25	2360000000000000.0
6300	750	0.3	2370000000000000.0
6300	750	0.35	2380000000000000.0
6300	750	0.4	2390000000000000.0
6300	750	0.45	2400000000000000.0
6300	750	0.5	2410000000000000.0
6300	750	0.6	2430000000000000.0
6300	750	0.7	2460000000000000.0
6300	750	0.8	2480000000000000.0
6300	750	0.9	2510000000000000.0
6300	755	-1.0	2160000000000000.0
6300	755	-0.95	2170000000000000.0
6300	755	-0.9	2170000000000000.0
6300	755	-0.85	2180000000000000.0
6300	755	-0.8	2190000000000000.0
6300	755	-0.75	2190000000000000.0
6300	755	-0.7	2200000000000000.0
6300	755	-0.65	2210000000000000.0
6300	755	-0.6	2210000000000000.0
6300	755	-0.55	2220000000000000.0
6300	755	-0.5	2230000000000000.0
6300	755	-0.45	2240000000000000.0
6300	755	-0.4	2240000000000000.0
6300	755	-0.35	2250000000000000.0
6300	755	-0.3	2260000000000000.0
6300	755	-0.25	2270000000000000.0
6300	755	-0.2	2280000000000000.0
6300	755	-0.15	2280000000000000.0
6300	755	-0.1	2290000000000000.0
6300	755	-0.05	2300000000000000.0
6300	755	0.0	2310000000000000.0
6300	755	0.05	2320000000000000.0
6300	755	0.1	2330000000000000.0
6300	755	0.15	2340000000000000.0
6300	755	0.2	2350000000000000.0
6300	755	0.25	2360000000000000.0
6300	755	0.3	2370000000000000.0
6300	755	0.35	2380000000000000.0
6300	755	0.4	2390000000000000.0
6300	755	0.45	2400000000000000.0
6300	755	0.5	2410000000000000.0
6300	755	0.6	2430000000000000.0
6300	755	0.7	2460000000000000.0
6300	755	0.8	2480000000000000.0
6300	755	0.9	2510000000000000.0
6300	760	-1.0	2150000000000000.0
6300	760	-0.95	2150000000000000.0
6300	760	-0.9	2160000000000000.0
6300	760	-0.85	2160000000000000.0
6300	760	-0.8	2160000000000000.0
6300	760	-0.75	2180000000000000.0
6300	760	-0.7	2180000000000000.0
6300	760	-0.65	2190000000000000.0
6300	760	-0.6	2200000000000000.0
6300	760	-0.55	2200000000000000.0
6300	760	-0.5	2210000000000000.0
6300	760	-0.45	2220000000000000.0
6300	760	-0.4	2220000000000000.0
6300	760	-0.35	2230000000000000.0
6300	760	-0.3	2240000000000000.0
6300	760	-0.25	2250000000000000.0
6300	760	-0.2	2250000000000000.0
6300	760	-0.15	2260000000000000.0
6300	760	-0.1	2270000000000000.0
6300	760	-0.05	2280000000000000.0
6300	760	0.0	2290000000000000.0
6300	760	0.05	2300000000000000.0
6300	760	0.1	2310000000000000.0
6300	760	0.15	2310000000000000.0
6300	760	0.2	2320000000000000.0
6300	760	0.25	2330000000000000.0
6300	760	0.3	2340000000000000.0
6300	760	0.35	2350000000000000.0
6300	760	0.4	2360000000000000.0
6300	760	0.45	2370000000000000.0
6300	760	0.5	2380000000000000.0
6300	760	0.6	2400000000000000.0
6300	760	0.7	2430000000000000.0
6300	760	0.8	2450000000000000.0
6300	760	0.9	2480000000000000.0
6300	765	-1.0	2130000000000000.0
6300	765	-0.95	2140000000000000.0
6300	765	-0.9	2140000000000000.0
6300	765	-0.85	2140000000000000.0
6300	765	-0.8	2150000000000000.0
6300	765	-0.75	2160000000000000.0
6300	765	-0.7	2170000000000000.0
6300	765	-0.65	2170000000000000.0
6300	765	-0.6	2180000000000000.0
6300	765	-0.55	2190000000000000.0
6300	765	-0.5	2190000000000000.0
6300	765	-0.45	2200000000000000.0
6300	765	-0.4	2210000000000000.0
6300	765	-0.35	2210000000000000.0
6300	765	-0.3	2220000000000000.0
6300	765	-0.25	2230000000000000.0
6300	765	-0.2	2240000000000000.0
6300	765	-0.15	2240000000000000.0
6300	765	-0.1	2250000000000000.0
6300	765	-0.05	2260000000000000.0
6300	765	0.0	2270000000000000.0
6300	765	0.05	2280000000000000.0
6300	765	0.1	2290000000000000.0
6300	765	0.15	2300000000000000.0
6300	765	0.2	2310000000000000.0
6300	765	0.25	2310000000000000.0
6300	765	0.3	2320000000000000.0
6300	765	0.35	2330000000000000.0
6300	765	0.4	2340000000000000.0
6300	765	0.45	2350000000000000.0
6300	765	0.5	2370000000000000.0
6300	765	0.6	2390000000000000.0
6300	765	0.7	2410000000000000.0
6300	765	0.8	2440000000000000.0
6300	765	0.9	2460000000000000.0
6300	770	-1.0	2120000000000000.0
6300	770	-0.95	2130000000000000.0
6300	770	-0.9	2130000000000000.0
6300	770	-0.85	2130000000000000.0
6300	770	-0.8	2130000000000000.0
6300	770	-0.75	2150000000000000.0
6300	770	-0.7	2150000000000000.0
6300	770	-0.65	2160000000000000.0
6300	770	-0.6	2170000000000000.0
6300	770	-0.55	2170000000000000.0
6300	770	-0.5	2180000000000000.0
6300	770	-0.45	2190000000000000.0
6300	770	-0.4	2200000000000000.0
6300	770	-0.35	2200000000000000.0
6300	770	-0.3	2210000000000000.0
6300	770	-0.25	2220000000000000.0
6300	770	-0.2	2230000000000000.0
6300	770	-0.15	2230000000000000.0
6300	770	-0.1	2240000000000000.0
6300	770	-0.05	2250000000000000.0
6300	770	0.0	2260000000000000.0
6300	770	0.05	2270000000000000.0
6300	770	0.1	2280000000000000.0
6300	770	0.15	2290000000000000.0
6300	770	0.2	2300000000000000.0
6300	770	0.25	2300000000000000.0
6300	770	0.3	2310000000000000.0
6300	770	0.35	2320000000000000.0
6300	770	0.4	2330000000000000.0
6300	770	0.45	2350000000000000.0
6300	770	0.5	2360000000000000.0
6300	770	0.6	2380000000000000.0
6300	770	0.7	2400000000000000.0
6300	770	0.8	2430000000000000.0
6300	770	0.9	2460000000000000.0
6300	775	-1.0	2110000000000000.0
6300	775	-0.95	2110000000000000.0
6300	775	-0.9	2120000000000000.0
6300	775	-0.85	2110000000000000.0
6300	775	-0.8	2120000000000000.0
6300	775	-0.75	2130000000000000.0
6300	775	-0.7	2140000000000000.0
6300	775	-0.65	2150000000000000.0
6300	775	-0.6	2150000000000000.0
6300	775	-0.55	2160000000000000.0
6300	775	-0.5	2170000000000000.0
6300	775	-0.45	2170000000000000.0
6300	775	-0.4	2180000000000000.0
6300	775	-0.35	2190000000000000.0
6300	775	-0.3	2190000000000000.0
6300	775	-0.25	2200000000000000.0
6300	775	-0.2	2210000000000000.0
6300	775	-0.15	2220000000000000.0
6300	775	-0.1	2230000000000000.0
6300	775	-0.05	2230000000000000.0
6300	775	0.0	2240000000000000.0
6300	775	0.05	2250000000000000.0
6300	775	0.1	2260000000000000.0
6300	775	0.15	2270000000000000.0
6300	775	0.2	2280000000000000.0
6300	775	0.25	2290000000000000.0
6300	775	0.3	2300000000000000.0
6300	775	0.35	2310000000000000.0
6300	775	0.4	2320000000000000.0
6300	775	0.45	2330000000000000.0
6300	775	0.5	2340000000000000.0
6300	775	0.6	2360000000000000.0
6300	775	0.7	2380000000000000.0
6300	775	0.8	2410000000000000.0
6300	775	0.9	2430000000000000.0
6300	780	-1.0	2100000000000000.0
6300	780	-0.95	2100000000000000.0
6300	780	-0.9	2110000000000000.0
6300	780	-0.85	2120000000000000.0
6300	780	-0.8	2130000000000000.0
6300	780	-0.75	2120000000000000.0
6300	780	-0.7	2130000000000000.0
6300	780	-0.65	2140000000000000.0
6300	780	-0.6	2140000000000000.0
6300	780	-0.55	2150000000000000.0
6300	780	-0.5	2160000000000000.0
6300	780	-0.45	2160000000000000.0
6300	780	-0.4	2170000000000000.0
6300	780	-0.35	2180000000000000.0
6300	780	-0.3	2190000000000000.0
6300	780	-0.25	2190000000000000.0
6300	780	-0.2	2200000000000000.0
6300	780	-0.15	2210000000000000.0
6300	780	-0.1	2220000000000000.0
6300	780	-0.05	2230000000000000.0
6300	780	0.0	2240000000000000.0
6300	780	0.05	2250000000000000.0
6300	780	0.1	2250000000000000.0
6300	780	0.15	2260000000000000.0
6300	780	0.2	2270000000000000.0
6300	780	0.25	2280000000000000.0
6300	780	0.3	2290000000000000.0
6300	780	0.35	2300000000000000.0
6300	780	0.4	2310000000000000.0
6300	780	0.45	2320000000000000.0
6300	780	0.5	2340000000000000.0
6300	780	0.6	2360000000000000.0
6300	780	0.7	2390000000000000.0
6300	780	0.8	2410000000000000.0
6300	780	0.9	2440000000000000.0
6300	785	-1.0	2080000000000000.0
6300	785	-0.95	2090000000000000.0
6300	785	-0.9	2090000000000000.0
6300	785	-0.85	2110000000000000.0
6300	785	-0.8	2110000000000000.0
6300	785	-0.75	2110000000000000.0
6300	785	-0.7	2120000000000000.0
6300	785	-0.65	2120000000000000.0
6300	785	-0.6	2130000000000000.0
6300	785	-0.55	2130000000000000.0
6300	785	-0.5	2140000000000000.0
6300	785	-0.45	2150000000000000.0
6300	785	-0.4	2150000000000000.0
6300	785	-0.35	2160000000000000.0
6300	785	-0.3	2170000000000000.0
6300	785	-0.25	2180000000000000.0
6300	785	-0.2	2180000000000000.0
6300	785	-0.15	2190000000000000.0
6300	785	-0.1	2200000000000000.0
6300	785	-0.05	2210000000000000.0
6300	785	0.0	2220000000000000.0
6300	785	0.05	2220000000000000.0
6300	785	0.1	2230000000000000.0
6300	785	0.15	2240000000000000.0
6300	785	0.2	2250000000000000.0
6300	785	0.25	2260000000000000.0
6300	785	0.3	2270000000000000.0
6300	785	0.35	2280000000000000.0
6300	785	0.4	2290000000000000.0
6300	785	0.45	2300000000000000.0
6300	785	0.5	2310000000000000.0
6300	785	0.6	2330000000000000.0
6300	785	0.7	2360000000000000.0
6300	785	0.8	2380000000000000.0
6300	785	0.9	2410000000000000.0
6300	790	-1.0	2070000000000000.0
6300	790	-0.95	2080000000000000.0
6300	790	-0.9	2080000000000000.0
6300	790	-0.85	2090000000000000.0
6300	790	-0.8	2100000000000000.0
6300	790	-0.75	2100000000000000.0
6300	790	-0.7	2100000000000000.0
6300	790	-0.65	2110000000000000.0
6300	790	-0.6	2120000000000000.0
6300	790	-0.55	2120000000000000.0
6300	790	-0.5	2130000000000000.0
6300	790	-0.45	2140000000000000.0
6300	790	-0.4	2140000000000000.0
6300	790	-0.35	2150000000000000.0
6300	790	-0.3	2160000000000000.0
6300	790	-0.25	2170000000000000.0
6300	790	-0.2	2170000000000000.0
6300	790	-0.15	2180000000000000.0
6300	790	-0.1	2190000000000000.0
6300	790	-0.05	2200000000000000.0
6300	790	0.0	2200000000000000.0
6300	790	0.05	2210000000000000.0
6300	790	0.1	2220000000000000.0
6300	790	0.15	2230000000000000.0
6300	790	0.2	2240000000000000.0
6300	790	0.25	2250000000000000.0
6300	790	0.3	2250000000000000.0
6300	790	0.35	2260000000000000.0
6300	790	0.4	2270000000000000.0
6300	790	0.45	2280000000000000.0
6300	790	0.5	2290000000000000.0
6300	790	0.6	2310000000000000.0
6300	790	0.7	2330000000000000.0
6300	790	0.8	2350000000000000.0
6300	790	0.9	2370000000000000.0
6300	795	-1.0	2050000000000000.0
6300	795	-0.95	2060000000000000.0
6300	795	-0.9	2060000000000000.0
6300	795	-0.85	2080000000000000.0
6300	795	-0.8	2080000000000000.0
6300	795	-0.75	2080000000000000.0
6300	795	-0.7	2080000000000000.0
6300	795	-0.65	2090000000000000.0
6300	795	-0.6	2100000000000000.0
6300	795	-0.55	2100000000000000.0
6300	795	-0.5	2110000000000000.0
6300	795	-0.45	2110000000000000.0
6300	795	-0.4	2120000000000000.0
6300	795	-0.35	2130000000000000.0
6300	795	-0.3	2130000000000000.0
6300	795	-0.25	2140000000000000.0
6300	795	-0.2	2150000000000000.0
6300	795	-0.15	2150000000000000.0
6300	795	-0.1	2160000000000000.0
6300	795	-0.05	2170000000000000.0
6300	795	0.0	2180000000000000.0
6300	795	0.05	2180000000000000.0
6300	795	0.1	2190000000000000.0
6300	795	0.15	2200000000000000.0
6300	795	0.2	2210000000000000.0
6300	795	0.25	2210000000000000.0
6300	795	0.3	2220000000000000.0
6300	795	0.35	2230000000000000.0
6300	795	0.4	2240000000000000.0
6300	795	0.45	2240000000000000.0
6300	795	0.5	2250000000000000.0
6300	795	0.6	2270000000000000.0
6300	795	0.7	2290000000000000.0
6300	795	0.8	2300000000000000.0
6300	795	0.9	2320000000000000.0
6300	800	-1.0	2050000000000000.0
6300	800	-0.95	2050000000000000.0
6300	800	-0.9	2060000000000000.0
6300	800	-0.85	2050000000000000.0
6300	800	-0.8	2060000000000000.0
6300	800	-0.75	2070000000000000.0
6300	800	-0.7	2080000000000000.0
6300	800	-0.65	2090000000000000.0
6300	800	-0.6	2090000000000000.0
6300	800	-0.55	2100000000000000.0
6300	800	-0.5	2110000000000000.0
6300	800	-0.45	2110000000000000.0
6300	800	-0.4	2120000000000000.0
6300	800	-0.35	2130000000000000.0
6300	800	-0.3	2130000000000000.0
6300	800	-0.25	2140000000000000.0
6300	800	-0.2	2150000000000000.0
6300	800	-0.15	2160000000000000.0
6300	800	-0.1	2160000000000000.0
6300	800	-0.05	2170000000000000.0
6300	800	0.0	2180000000000000.0
6300	800	0.05	2190000000000000.0
6300	800	0.1	2200000000000000.0
6300	800	0.15	2210000000000000.0
6300	800	0.2	2210000000000000.0
6300	800	0.25	2220000000000000.0
6300	800	0.3	2230000000000000.0
6300	800	0.35	2240000000000000.0
6300	800	0.4	2250000000000000.0
6300	800	0.45	2260000000000000.0
6300	800	0.5	2270000000000000.0
6300	800	0.6	2290000000000000.0
6300	800	0.7	2310000000000000.0
6300	800	0.8	2340000000000000.0
6300	800	0.9	2360000000000000.0
6300	805	-1.0	2030000000000000.0
6300	805	-0.95	2040000000000000.0
6300	805	-0.9	2040000000000000.0
6300	805	-0.85	2040000000000000.0
6300	805	-0.8	2040000000000000.0
6300	805	-0.75	2060000000000000.0
6300	805	-0.7	2060000000000000.0
6300	805	-0.65	2070000000000000.0
6300	805	-0.6	2080000000000000.0
6300	805	-0.55	2080000000000000.0
6300	805	-0.5	2090000000000000.0
6300	805	-0.45	2090000000000000.0
6300	805	-0.4	2100000000000000.0
6300	805	-0.35	2110000000000000.0
6300	805	-0.3	2110000000000000.0
6300	805	-0.25	2120000000000000.0
6300	805	-0.2	2130000000000000.0
6300	805	-0.15	2140000000000000.0
6300	805	-0.1	2140000000000000.0
6300	805	-0.05	2150000000000000.0
6300	805	0.0	2160000000000000.0
6300	805	0.05	2170000000000000.0
6300	805	0.1	2170000000000000.0
6300	805	0.15	2180000000000000.0
6300	805	0.2	2190000000000000.0
6300	805	0.25	2200000000000000.0
6300	805	0.3	2200000000000000.0
6300	805	0.35	2210000000000000.0
6300	805	0.4	2220000000000000.0
6300	805	0.45	2230000000000000.0
6300	805	0.5	2240000000000000.0
6300	805	0.6	2260000000000000.0
6300	805	0.7	2280000000000000.0
6300	805	0.8	2300000000000000.0
6300	805	0.9	2320000000000000.0
6300	810	-1.0	2020000000000000.0
6300	810	-0.95	2020000000000000.0
6300	810	-0.9	2030000000000000.0
6300	810	-0.85	2050000000000000.0
6300	810	-0.8	2050000000000000.0
6300	810	-0.75	2050000000000000.0
6300	810	-0.7	2050000000000000.0
6300	810	-0.65	2060000000000000.0
6300	810	-0.6	2060000000000000.0
6300	810	-0.55	2070000000000000.0
6300	810	-0.5	2080000000000000.0
6300	810	-0.45	2080000000000000.0
6300	810	-0.4	2090000000000000.0
6300	810	-0.35	2100000000000000.0
6300	810	-0.3	2100000000000000.0
6300	810	-0.25	2110000000000000.0
6300	810	-0.2	2120000000000000.0
6300	810	-0.15	2120000000000000.0
6300	810	-0.1	2130000000000000.0
6300	810	-0.05	2140000000000000.0
6300	810	0.0	2150000000000000.0
6300	810	0.05	2150000000000000.0
6300	810	0.1	2160000000000000.0
6300	810	0.15	2170000000000000.0
6300	810	0.2	2180000000000000.0
6300	810	0.25	2190000000000000.0
6300	810	0.3	2190000000000000.0
6300	810	0.35	2200000000000000.0
6300	810	0.4	2210000000000000.0
6300	810	0.45	2220000000000000.0
6300	810	0.5	2230000000000000.0
6300	810	0.6	2250000000000000.0
6300	810	0.7	2270000000000000.0
6300	810	0.8	2290000000000000.0
6300	810	0.9	2310000000000000.0
6300	815	-1.0	2010000000000000.0
6300	815	-0.95	2010000000000000.0
6300	815	-0.9	2020000000000000.0
6300	815	-0.85	2020000000000000.0
6300	815	-0.8	2020000000000000.0
6300	815	-0.75	2030000000000000.0
6300	815	-0.7	2040000000000000.0
6300	815	-0.65	2050000000000000.0
6300	815	-0.6	2050000000000000.0
6300	815	-0.55	2060000000000000.0
6300	815	-0.5	2070000000000000.0
6300	815	-0.45	2070000000000000.0
6300	815	-0.4	2080000000000000.0
6300	815	-0.35	2090000000000000.0
6300	815	-0.3	2090000000000000.0
6300	815	-0.25	2100000000000000.0
6300	815	-0.2	2110000000000000.0
6300	815	-0.15	2120000000000000.0
6300	815	-0.1	2130000000000000.0
6300	815	-0.05	2130000000000000.0
6300	815	0.0	2140000000000000.0
6300	815	0.05	2150000000000000.0
6300	815	0.1	2160000000000000.0
6300	815	0.15	2170000000000000.0
6300	815	0.2	2180000000000000.0
6300	815	0.25	2190000000000000.0
6300	815	0.3	2190000000000000.0
6300	815	0.35	2200000000000000.0
6300	815	0.4	2210000000000000.0
6300	815	0.45	2220000000000000.0
6300	815	0.5	2230000000000000.0
6300	815	0.6	2250000000000000.0
6300	815	0.7	2270000000000000.0
6300	815	0.8	2300000000000000.0
6300	815	0.9	2320000000000000.0
6300	820	-1.0	1980000000000000.0
6300	820	-0.95	1980000000000000.0
6300	820	-0.9	1990000000000000.0
6300	820	-0.85	1990000000000000.0
6300	820	-0.8	2000000000000000.0
6300	820	-0.75	2000000000000000.0
6300	820	-0.7	2010000000000000.0
6300	820	-0.65	2010000000000000.0
6300	820	-0.6	2020000000000000.0
6300	820	-0.55	2020000000000000.0
6300	820	-0.5	2030000000000000.0
6300	820	-0.45	2030000000000000.0
6300	820	-0.4	2040000000000000.0
6300	820	-0.35	2040000000000000.0
6300	820	-0.3	2050000000000000.0
6300	820	-0.25	2050000000000000.0
6300	820	-0.2	2060000000000000.0
6300	820	-0.15	2070000000000000.0
6300	820	-0.1	2070000000000000.0
6300	820	-0.05	2080000000000000.0
6300	820	0.0	2090000000000000.0
6300	820	0.05	2090000000000000.0
6300	820	0.1	2100000000000000.0
6300	820	0.15	2100000000000000.0
6300	820	0.2	2110000000000000.0
6300	820	0.25	2120000000000000.0
6300	820	0.3	2120000000000000.0
6300	820	0.35	2130000000000000.0
6300	820	0.4	2140000000000000.0
6300	820	0.45	2140000000000000.0
6300	820	0.5	2150000000000000.0
6300	820	0.6	2170000000000000.0
6300	820	0.7	2180000000000000.0
6300	820	0.8	2200000000000000.0
6300	820	0.9	2220000000000000.0
6300	825	-1.0	1980000000000000.0
6300	825	-0.95	1980000000000000.0
6300	825	-0.9	1990000000000000.0
6300	825	-0.85	1980000000000000.0
6300	825	-0.8	1990000000000000.0
6300	825	-0.75	2000000000000000.0
6300	825	-0.7	2010000000000000.0
6300	825	-0.65	2020000000000000.0
6300	825	-0.6	2020000000000000.0
6300	825	-0.55	2030000000000000.0
6300	825	-0.5	2030000000000000.0
6300	825	-0.45	2040000000000000.0
6300	825	-0.4	2050000000000000.0
6300	825	-0.35	2050000000000000.0
6300	825	-0.3	2060000000000000.0
6300	825	-0.25	2070000000000000.0
6300	825	-0.2	2070000000000000.0
6300	825	-0.15	2080000000000000.0
6300	825	-0.1	2090000000000000.0
6300	825	-0.05	2090000000000000.0
6300	825	0.0	2100000000000000.0
6300	825	0.05	2110000000000000.0
6300	825	0.1	2120000000000000.0
6300	825	0.15	2120000000000000.0
6300	825	0.2	2130000000000000.0
6300	825	0.25	2140000000000000.0
6300	825	0.3	2150000000000000.0
6300	825	0.35	2160000000000000.0
6300	825	0.4	2160000000000000.0
6300	825	0.45	2170000000000000.0
6300	825	0.5	2180000000000000.0
6300	825	0.6	2200000000000000.0
6300	825	0.7	2220000000000000.0
6300	825	0.8	2240000000000000.0
6300	825	0.9	2270000000000000.0
6300	830	-1.0	1970000000000000.0
6300	830	-0.95	1970000000000000.0
6300	830	-0.9	1980000000000000.0
6300	830	-0.85	1980000000000000.0
6300	830	-0.8	1990000000000000.0
6300	830	-0.75	1990000000000000.0
6300	830	-0.7	2000000000000000.0
6300	830	-0.65	2000000000000000.0
6300	830	-0.6	2010000000000000.0
6300	830	-0.55	2020000000000000.0
6300	830	-0.5	2020000000000000.0
6300	830	-0.45	2030000000000000.0
6300	830	-0.4	2030000000000000.0
6300	830	-0.35	2040000000000000.0
6300	830	-0.3	2050000000000000.0
6300	830	-0.25	2050000000000000.0
6300	830	-0.2	2060000000000000.0
6300	830	-0.15	2070000000000000.0
6300	830	-0.1	2080000000000000.0
6300	830	-0.05	2080000000000000.0
6300	830	0.0	2090000000000000.0
6300	830	0.05	2100000000000000.0
6300	830	0.1	2100000000000000.0
6300	830	0.15	2110000000000000.0
6300	830	0.2	2120000000000000.0
6300	830	0.25	2130000000000000.0
6300	830	0.3	2130000000000000.0
6300	830	0.35	2140000000000000.0
6300	830	0.4	2150000000000000.0
6300	830	0.45	2160000000000000.0
6300	830	0.5	2170000000000000.0
6300	830	0.6	2180000000000000.0
6300	830	0.7	2200000000000000.0
6300	830	0.8	2220000000000000.0
6300	830	0.9	2240000000000000.0
6300	835	-1.0	1950000000000000.0
6300	835	-0.95	1960000000000000.0
6300	835	-0.9	1960000000000000.0
6300	835	-0.85	1970000000000000.0
6300	835	-0.8	1970000000000000.0
6300	835	-0.75	1970000000000000.0
6300	835	-0.7	1980000000000000.0
6300	835	-0.65	1980000000000000.0
6300	835	-0.6	1990000000000000.0
6300	835	-0.55	2000000000000000.0
6300	835	-0.5	2000000000000000.0
6300	835	-0.45	2010000000000000.0
6300	835	-0.4	2010000000000000.0
6300	835	-0.35	2020000000000000.0
6300	835	-0.3	2020000000000000.0
6300	835	-0.25	2030000000000000.0
6300	835	-0.2	2040000000000000.0
6300	835	-0.15	2040000000000000.0
6300	835	-0.1	2050000000000000.0
6300	835	-0.05	2060000000000000.0
6300	835	0.0	2060000000000000.0
6300	835	0.05	2070000000000000.0
6300	835	0.1	2080000000000000.0
6300	835	0.15	2090000000000000.0
6300	835	0.2	2090000000000000.0
6300	835	0.25	2100000000000000.0
6300	835	0.3	2110000000000000.0
6300	835	0.35	2120000000000000.0
6300	835	0.4	2120000000000000.0
6300	835	0.45	2130000000000000.0
6300	835	0.5	2140000000000000.0
6300	835	0.6	2160000000000000.0
6300	835	0.7	2170000000000000.0
6300	835	0.8	2190000000000000.0
6300	835	0.9	2210000000000000.0
6300	840	-1.0	1940000000000000.0
6300	840	-0.95	1950000000000000.0
6300	840	-0.9	1950000000000000.0
6300	840	-0.85	1960000000000000.0
6300	840	-0.8	1950000000000000.0
6300	840	-0.75	1970000000000000.0
6300	840	-0.7	1970000000000000.0
6300	840	-0.65	1980000000000000.0
6300	840	-0.6	1980000000000000.0
6300	840	-0.55	1990000000000000.0
6300	840	-0.5	1990000000000000.0
6300	840	-0.45	2000000000000000.0
6300	840	-0.4	2000000000000000.0
6300	840	-0.35	2010000000000000.0
6300	840	-0.3	2020000000000000.0
6300	840	-0.25	2020000000000000.0
6300	840	-0.2	2030000000000000.0
6300	840	-0.15	2040000000000000.0
6300	840	-0.1	2040000000000000.0
6300	840	-0.05	2050000000000000.0
6300	840	0.0	2060000000000000.0
6300	840	0.05	2070000000000000.0
6300	840	0.1	2070000000000000.0
6300	840	0.15	2080000000000000.0
6300	840	0.2	2090000000000000.0
6300	840	0.25	2100000000000000.0
6300	840	0.3	2100000000000000.0
6300	840	0.35	2110000000000000.0
6300	840	0.4	2120000000000000.0
6300	840	0.45	2130000000000000.0
6300	840	0.5	2140000000000000.0
6300	840	0.6	2160000000000000.0
6300	840	0.7	2180000000000000.0
6300	840	0.8	2200000000000000.0
6300	840	0.9	2220000000000000.0
6300	845	-1.0	1930000000000000.0
6300	845	-0.95	1930000000000000.0
6300	845	-0.9	1930000000000000.0
6300	845	-0.85	1950000000000000.0
6300	845	-0.8	1950000000000000.0
6300	845	-0.75	1950000000000000.0
6300	845	-0.7	1950000000000000.0
6300	845	-0.65	1960000000000000.0
6300	845	-0.6	1960000000000000.0
6300	845	-0.55	1970000000000000.0
6300	845	-0.5	1970000000000000.0
6300	845	-0.45	1980000000000000.0
6300	845	-0.4	1980000000000000.0
6300	845	-0.35	1990000000000000.0
6300	845	-0.3	2000000000000000.0
6300	845	-0.25	2000000000000000.0
6300	845	-0.2	2010000000000000.0
6300	845	-0.15	2010000000000000.0
6300	845	-0.1	2020000000000000.0
6300	845	-0.05	2030000000000000.0
6300	845	0.0	2030000000000000.0
6300	845	0.05	2040000000000000.0
6300	845	0.1	2050000000000000.0
6300	845	0.15	2050000000000000.0
6300	845	0.2	2060000000000000.0
6300	845	0.25	2070000000000000.0
6300	845	0.3	2070000000000000.0
6300	845	0.35	2080000000000000.0
6300	845	0.4	2090000000000000.0
6300	845	0.45	2090000000000000.0
6300	845	0.5	2100000000000000.0
6300	845	0.6	2120000000000000.0
6300	845	0.7	2130000000000000.0
6300	845	0.8	2150000000000000.0
6300	845	0.9	2170000000000000.0
6300	850	-1.0	1900000000000000.0
6300	850	-0.95	1900000000000000.0
6300	850	-0.9	1900000000000000.0
6300	850	-0.85	1910000000000000.0
6300	850	-0.8	1910000000000000.0
6300	850	-0.75	1920000000000000.0
6300	850	-0.7	1920000000000000.0
6300	850	-0.65	1920000000000000.0
6300	850	-0.6	1930000000000000.0
6300	850	-0.55	1930000000000000.0
6300	850	-0.5	1940000000000000.0
6300	850	-0.45	1940000000000000.0
6300	850	-0.4	1950000000000000.0
6300	850	-0.35	1950000000000000.0
6300	850	-0.3	1950000000000000.0
6300	850	-0.25	1960000000000000.0
6300	850	-0.2	1960000000000000.0
6300	850	-0.15	1970000000000000.0
6300	850	-0.1	1970000000000000.0
6300	850	-0.05	1980000000000000.0
6300	850	0.0	1980000000000000.0
6300	850	0.05	1990000000000000.0
6300	850	0.1	1990000000000000.0
6300	850	0.15	2000000000000000.0
6300	850	0.2	2010000000000000.0
6300	850	0.25	2010000000000000.0
6300	850	0.3	2020000000000000.0
6300	850	0.35	2020000000000000.0
6300	850	0.4	2030000000000000.0
6300	850	0.45	2040000000000000.0
6300	850	0.5	2040000000000000.0
6300	850	0.6	2060000000000000.0
6300	850	0.7	2070000000000000.0
6300	850	0.8	2090000000000000.0
6300	850	0.9	2100000000000000.0
