scenario_id	condition_id	metric_id	metric_value
high_variance	condition_2	metric_1	0.0
high_variance	condition_2	metric_2	0.180914512922465
high_variance	condition_2	metric_3	0.18
high_variance	condition_2	metric_4	0.0
high_variance	condition_2	metric_5	0.22040072859745
high_variance	condition_2	metric_6	0.0
high_variance	condition_2	metric_7	0.069620253164557
high_variance	condition_2	metric_8	0.321976149914821
high_variance	condition_2	metric_9	0.28
high_variance	condition_2	metric_10	0.0142517814726841
high_variance	condition_2	metric_11	0.139846743295019
high_variance	condition_2	metric_12	0.0
high_variance	condition_2	metric_13	0.210626185958254
high_variance	condition_2	metric_14	0.0
high_variance	condition_2	metric_15	0.0711111111111111
high_variance	condition_2	metric_16	0.0506607929515418
high_variance	condition_2	metric_17	0.0
high_variance	condition_2	metric_18	0.0025706940874036
high_variance	condition_2	metric_19	0.152749490835031
high_variance	condition_2	metric_20	0.362244897959184
high_variance	condition_2	metric_21	0.0
high_variance	condition_2	metric_22	0.0
high_variance	condition_2	metric_23	0.271450858034321
high_variance	condition_2	metric_24	0.0
high_variance	condition_2	metric_25	0.0
high_variance	condition_2	metric_26	0.0
high_variance	condition_2	metric_27	0.0
high_variance	condition_2	metric_28	0.0
high_variance	condition_2	metric_29	0.14519056261343
high_variance	condition_2	metric_30	0.127049180327869
high_variance	condition_2	metric_31	0.0
high_variance	condition_2	metric_32	0.127705627705628
high_variance	condition_2	metric_33	0.00212765957446809
high_variance	condition_2	metric_34	0.0
high_variance	condition_2	metric_35	0.010989010989011
high_variance	condition_2	metric_36	0.00258397932816537
high_variance	condition_2	metric_37	0.0443548387096774
high_variance	condition_2	metric_38	0.0
high_variance	condition_2	metric_39	0.0
high_variance	condition_2	metric_40	0.0
high_variance	condition_2	metric_41	0.0
high_variance	condition_2	metric_42	0.00323624595469256
high_variance	condition_2	metric_43	0.0
high_variance	condition_2	metric_44	0.0669745958429561
high_variance	condition_2	metric_45	0.0
high_variance	condition_2	metric_46	0.00485436893203883
high_variance	condition_2	metric_47	0.00235294117647059
high_variance	condition_2	metric_48	0.16039603960396
high_variance	condition_2	metric_49	0.00266666666666667
high_variance	condition_2	metric_50	0.0
high_variance	condition_2	metric_51	0.00442477876106195
high_variance	condition_2	metric_52	0.0
high_variance	condition_2	metric_53	0.0
high_variance	condition_2	metric_54	0.00324675324675325
high_variance	condition_2	metric_55	0.0
high_variance	condition_2	metric_56	0.0949074074074074
high_variance	condition_2	metric_57	0.0
high_variance	condition_2	metric_58	0.00518134715025907
high_variance	condition_2	metric_59	0.142045454545455
high_variance	condition_2	metric_60	0.0
high_variance	condition_2	metric_61	0.0597402597402597
high_variance	condition_2	metric_62	0.0
high_variance	condition_2	metric_63	0.0
high_variance	condition_2	metric_64	0.0
high_variance	condition_2	metric_65	0.0
high_variance	condition_2	metric_66	0.180698151950719
high_variance	condition_2	metric_67	0.275229357798165
high_variance	condition_2	metric_68	0.0
high_variance	condition_2	metric_69	0.00638977635782748
high_variance	condition_2	metric_70	0.0797413793103448
high_variance	condition_2	metric_71	0.0
high_variance	condition_2	metric_72	0.0
high_variance	condition_2	metric_73	0.00199203187250996
high_variance	condition_2	metric_74	0.0
high_variance	condition_2	metric_75	0.0
high_variance	condition_2	metric_76	0.0
high_variance	condition_2	metric_77	0.0
high_variance	condition_2	metric_78	0.0
high_variance	condition_2	metric_79	0.0
high_variance	condition_2	metric_80	0.00497512437810945
high_variance	condition_2	metric_81	0.0
high_variance	condition_2	metric_82	0.128755364806867
high_variance	condition_2	metric_83	0.411764705882353
high_variance	condition_2	metric_84	0.0
high_variance	condition_2	metric_85	0.0
high_variance	condition_2	metric_86	0.00275482093663912
high_variance	condition_2	metric_87	0.0
high_variance	condition_2	metric_88	0.0
high_variance	condition_2	metric_89	0.0
high_variance	condition_2	metric_90	0.00266666666666667
high_variance	condition_2	metric_91	0.0
high_variance	condition_2	metric_92	0.0
high_variance	condition_2	metric_93	0.0
high_variance	condition_2	metric_94	0.0112994350282486
high_variance	condition_2	metric_95	0.00641025641025641
high_variance	condition_2	metric_96	0.00418410041841004
high_variance	condition_2	metric_97	0.0
high_variance	condition_2	metric_98	0.0
high_variance	condition_2	metric_99	0.135555555555556
high_variance	condition_2	metric_100	0.208092485549133
high_variance	condition_2	metric_101	0.315904139433551
high_variance	condition_2	metric_102	0.0
high_variance	condition_2	metric_103	0.0
high_variance	condition_2	metric_104	0.0
high_variance	condition_2	metric_105	0.0
high_variance	condition_2	metric_106	0.0173076923076923
high_variance	condition_2	metric_107	0.0
high_variance	condition_2	metric_108	0.31021897810219
high_variance	condition_2	metric_109	0.0
high_variance	condition_2	metric_110	0.0
high_variance	condition_2	metric_111	0.0
high_variance	condition_2	metric_112	0.0021551724137931
high_variance	condition_2	metric_113	0.286681715575621
high_variance	condition_2	metric_114	0.0
high_variance	condition_2	metric_115	0.0
high_variance	condition_2	metric_116	0.332089552238806
high_variance	condition_2	metric_117	0.396963123644252
high_variance	condition_2	metric_118	0.211656441717791
high_variance	condition_2	metric_119	0.00409836065573771
high_variance	condition_2	metric_120	0.315693430656934
high_variance	condition_2	metric_121	0.0
high_variance	condition_2	metric_122	0.0
high_variance	condition_2	metric_123	0.0
high_variance	condition_2	metric_124	0.281739130434783
high_variance	condition_2	metric_125	0.103969754253308
high_variance	condition_2	metric_126	0.0
high_variance	condition_2	metric_127	0.0
high_variance	condition_2	metric_128	0.0412757973733583
high_variance	condition_2	metric_129	0.0
high_variance	condition_2	metric_130	0.00202020202020202
high_variance	condition_2	metric_131	0.0
high_variance	condition_2	metric_132	0.0
high_variance	condition_2	metric_133	0.0
high_variance	condition_2	metric_134	0.20891364902507
high_variance	condition_2	metric_135	0.0431965442764579
high_variance	condition_2	metric_136	0.0
high_variance	condition_2	metric_137	0.0
high_variance	condition_2	metric_138	0.3345521023766
high_variance	condition_2	metric_139	0.0
high_variance	condition_2	metric_140	0.0695970695970696
high_variance	condition_2	metric_141	0.0
high_variance	condition_2	metric_142	0.244868035190616
high_variance	condition_2	metric_143	0.0
high_variance	condition_2	metric_144	0.0
high_variance	condition_2	metric_145	0.0
high_variance	condition_2	metric_146	0.296416938110749
high_variance	condition_2	metric_147	0.261654135338346
high_variance	condition_2	metric_148	0.0
high_variance	condition_2	metric_149	0.00226244343891403
high_variance	condition_2	metric_150	0.0
high_variance	condition_2	metric_151	0.0
high_variance	condition_2	metric_152	0.0
high_variance	condition_2	metric_153	0.286476868327402
high_variance	condition_2	metric_154	0.0
high_variance	condition_2	metric_155	0.00518134715025907
high_variance	condition_2	metric_156	0.0389105058365759
high_variance	condition_2	metric_157	0.00435729847494553
high_variance	condition_2	metric_158	0.132427843803056
high_variance	condition_2	metric_159	0.0
high_variance	condition_2	metric_160	0.409090909090909
high_variance	condition_2	metric_161	0.355018587360595
high_variance	condition_2	metric_162	0.101851851851852
high_variance	condition_2	metric_163	0.0
high_variance	condition_2	metric_164	0.0536082474226804
high_variance	condition_2	metric_165	0.0
high_variance	condition_2	metric_166	0.345814977973568
high_variance	condition_2	metric_167	0.0
high_variance	condition_2	metric_168	0.267045454545455
high_variance	condition_2	metric_169	0.340425531914894
high_variance	condition_2	metric_170	0.00465116279069767
high_variance	condition_2	metric_171	0.0
high_variance	condition_2	metric_172	0.336823734729494
high_variance	condition_2	metric_173	0.00425531914893617
high_variance	condition_2	metric_174	0.275735294117647
high_variance	condition_2	metric_175	0.00434782608695652
high_variance	condition_2	metric_176	0.123134328358209
high_variance	condition_2	metric_177	0.0193321616871705
high_variance	condition_2	metric_178	0.169459962756052
high_variance	condition_2	metric_179	0.0
high_variance	condition_2	metric_180	0.00284090909090909
high_variance	condition_2	metric_181	0.024822695035461
high_variance	condition_2	metric_182	0.0021505376344086
high_variance	condition_2	metric_183	0.149446494464945
high_variance	condition_2	metric_184	0.0040650406504065
high_variance	condition_2	metric_185	0.371428571428571
high_variance	condition_2	metric_186	0.0
high_variance	condition_2	metric_187	0.0
high_variance	condition_2	metric_188	0.0
high_variance	condition_2	metric_189	0.0
high_variance	condition_2	metric_190	0.0
high_variance	condition_2	metric_191	0.00289017341040462
high_variance	condition_2	metric_192	0.298676748582231
high_variance	condition_2	metric_193	0.0
high_variance	condition_2	metric_194	0.0923379174852652
high_variance	condition_2	metric_195	0.0625
high_variance	condition_2	metric_196	0.0
high_variance	condition_2	metric_197	0.0
high_variance	condition_2	metric_198	0.00227272727272727
high_variance	condition_2	metric_199	0.0
high_variance	condition_2	metric_200	0.0
high_variance	condition_2	metric_201	0.0
high_variance	condition_2	metric_202	0.148409893992933
high_variance	condition_2	metric_203	0.289355322338831
high_variance	condition_2	metric_204	0.0
high_variance	condition_2	metric_205	0.22360248447205
high_variance	condition_2	metric_206	0.0
high_variance	condition_2	metric_207	0.138433515482696
high_variance	condition_2	metric_208	0.287284144427002
high_variance	condition_2	metric_209	0.262479871175523
high_variance	condition_2	metric_210	0.0
high_variance	condition_2	metric_211	0.191275167785235
high_variance	condition_2	metric_212	0.00221729490022173
high_variance	condition_2	metric_213	0.434227330779055
high_variance	condition_2	metric_214	0.0607843137254902
high_variance	condition_2	metric_215	0.108818011257036
high_variance	condition_2	metric_216	0.00203252032520325
high_variance	condition_2	metric_217	0.0
high_variance	condition_2	metric_218	0.0972515856236787
high_variance	condition_2	metric_219	0.237261146496815
high_variance	condition_2	metric_220	0.380108991825613
high_variance	condition_2	metric_221	0.0
high_variance	condition_2	metric_222	0.0
high_variance	condition_2	metric_223	0.432325886990802
high_variance	condition_2	metric_224	0.107660455486542
high_variance	condition_2	metric_225	0.210977701543739
high_variance	condition_2	metric_226	0.123203285420945
high_variance	condition_2	metric_227	0.0
high_variance	condition_2	metric_228	0.202185792349727
high_variance	condition_2	metric_229	0.257318952234206
high_variance	condition_2	metric_230	0.0900383141762452
high_variance	condition_2	metric_231	0.0
high_variance	condition_2	metric_232	0.0090293453724605
high_variance	condition_2	metric_233	0.173758865248227
high_variance	condition_2	metric_234	0.0
high_variance	condition_2	metric_235	0.0
high_variance	condition_2	metric_236	0.0706401766004415
high_variance	condition_2	metric_237	0.250793650793651
high_variance	condition_2	metric_238	0.0056657223796034
high_variance	condition_2	metric_239	0.00420168067226891
high_variance	condition_2	metric_240	0.0
high_variance	condition_2	metric_241	0.0
high_variance	condition_2	metric_242	0.0
high_variance	condition_2	metric_243	0.0929752066115702
high_variance	condition_2	metric_244	0.121621621621622
high_variance	condition_2	metric_245	0.0
high_variance	condition_2	metric_246	0.00643776824034335
high_variance	condition_2	metric_247	0.0
high_variance	condition_2	metric_248	0.132727272727273
high_variance	condition_2	metric_249	0.0
high_variance	condition_2	metric_250	0.0
high_variance	condition_2	metric_251	0.0
high_variance	condition_2	metric_252	0.0
high_variance	condition_2	metric_253	0.0
high_variance	condition_2	metric_254	0.0
high_variance	condition_2	metric_255	0.00669642857142857
high_variance	condition_2	metric_256	0.00917431192660551
high_variance	condition_2	metric_257	0.0
high_variance	condition_2	metric_258	0.177165354330709
high_variance	condition_2	metric_259	0.289922480620155
high_variance	condition_2	metric_260	0.0
high_variance	condition_2	metric_261	0.0
high_variance	condition_2	metric_262	0.0
high_variance	condition_2	metric_263	0.0
high_variance	condition_2	metric_264	0.126159554730983
high_variance	condition_2	metric_265	0.0
high_variance	condition_2	metric_266	0.257142857142857
high_variance	condition_2	metric_267	0.451450189155107
high_variance	condition_2	metric_268	0.0
high_variance	condition_2	metric_269	0.0
high_variance	condition_2	metric_270	0.157894736842105
high_variance	condition_2	metric_271	0.0
high_variance	condition_2	metric_272	0.0
high_variance	condition_2	metric_273	0.247603833865815
high_variance	condition_2	metric_274	0.0
high_variance	condition_2	metric_275	0.0
high_variance	condition_2	metric_276	0.0877944325481799
high_variance	condition_2	metric_277	0.0
high_variance	condition_2	metric_278	0.0
high_variance	condition_2	metric_279	0.0
high_variance	condition_2	metric_280	0.0
high_variance	condition_2	metric_281	0.0
high_variance	condition_2	metric_282	0.0984251968503937
high_variance	condition_2	metric_283	0.464114832535885
high_variance	condition_2	metric_284	0.0
high_variance	condition_2	metric_285	0.0
high_variance	condition_2	metric_286	0.0
high_variance	condition_2	metric_287	0.00319488817891374
high_variance	condition_2	metric_288	0.0
high_variance	condition_2	metric_289	0.0
high_variance	condition_2	metric_290	0.0887445887445888
high_variance	condition_2	metric_291	0.0
high_variance	condition_2	metric_292	0.0917431192660551
high_variance	condition_2	metric_293	0.0
high_variance	condition_2	metric_294	0.00448430493273543
high_variance	condition_2	metric_295	0.0698529411764706
high_variance	condition_2	metric_296	0.234567901234568
high_variance	condition_2	metric_297	0.0
high_variance	condition_2	metric_298	0.0
high_variance	condition_2	metric_299	0.0
high_variance	condition_2	metric_300	0.273700305810398
high_variance	condition_2	metric_301	0.297583081570997
high_variance	condition_2	metric_302	0.0
high_variance	condition_2	metric_303	0.0
high_variance	condition_2	metric_304	0.0021551724137931
high_variance	condition_2	metric_305	0.00219298245614035
high_variance	condition_2	metric_306	0.0530821917808219
high_variance	condition_2	metric_307	0.0
high_variance	condition_2	metric_308	0.306153846153846
high_variance	condition_2	metric_309	0.0
high_variance	condition_2	metric_310	0.0
high_variance	condition_2	metric_311	0.0
high_variance	condition_2	metric_312	0.00602409638554217
high_variance	condition_2	metric_313	0.286127167630058
high_variance	condition_2	metric_314	0.0
high_variance	condition_2	metric_315	0.00490196078431373
high_variance	condition_2	metric_316	0.300763358778626
high_variance	condition_2	metric_317	0.288405797101449
high_variance	condition_2	metric_318	0.297619047619048
high_variance	condition_2	metric_319	0.0636833046471601
high_variance	condition_2	metric_320	0.275242047026279
high_variance	condition_2	metric_321	0.0
high_variance	condition_2	metric_322	0.0
high_variance	condition_2	metric_323	0.0638297872340425
high_variance	condition_2	metric_324	0.270748299319728
high_variance	condition_2	metric_325	0.147826086956522
high_variance	condition_2	metric_326	0.0
high_variance	condition_2	metric_327	0.0495689655172414
high_variance	condition_2	metric_328	0.00364298724954463
high_variance	condition_2	metric_329	0.0
high_variance	condition_2	metric_330	0.0575916230366492
high_variance	condition_2	metric_331	0.0
high_variance	condition_2	metric_332	0.0727272727272727
high_variance	condition_2	metric_333	0.0
high_variance	condition_2	metric_334	0.132947976878613
high_variance	condition_2	metric_335	0.0
high_variance	condition_2	metric_336	0.00484261501210654
high_variance	condition_2	metric_337	0.0
high_variance	condition_2	metric_338	0.309375
high_variance	condition_2	metric_339	0.0
high_variance	condition_2	metric_340	0.0602605863192182
high_variance	condition_2	metric_341	0.0
high_variance	condition_2	metric_342	0.276005547850208
high_variance	condition_2	metric_343	0.00574712643678161
high_variance	condition_2	metric_344	0.0
high_variance	condition_2	metric_345	0.0
high_variance	condition_2	metric_346	0.267459138187221
high_variance	condition_2	metric_347	0.220360824742268
high_variance	condition_2	metric_348	0.0
high_variance	condition_2	metric_349	0.0
high_variance	condition_2	metric_350	0.0
high_variance	condition_2	metric_351	0.0
high_variance	condition_2	metric_352	0.0145631067961165
high_variance	condition_2	metric_353	0.260416666666667
high_variance	condition_2	metric_354	0.0179856115107914
high_variance	condition_2	metric_355	0.0
high_variance	condition_2	metric_356	0.0996884735202492
high_variance	condition_2	metric_357	0.0
high_variance	condition_2	metric_358	0.155354449472097
high_variance	condition_2	metric_359	0.0
high_variance	condition_2	metric_360	0.31104199066874
high_variance	condition_2	metric_361	0.292825768667643
high_variance	condition_2	metric_362	0.127760252365931
high_variance	condition_2	metric_363	0.0
high_variance	condition_2	metric_364	0.0489642184557439
high_variance	condition_2	metric_365	0.00267379679144385
high_variance	condition_2	metric_366	0.296296296296296
high_variance	condition_2	metric_367	0.272727272727273
high_variance	condition_2	metric_368	0.272600834492351
high_variance	condition_2	metric_369	0.313385826771654
high_variance	condition_2	metric_370	0.0
high_variance	condition_2	metric_371	0.0
high_variance	condition_2	metric_372	0.294985250737463
high_variance	condition_2	metric_373	0.0
high_variance	condition_2	metric_374	0.265333333333333
high_variance	condition_2	metric_375	0.0
high_variance	condition_2	metric_376	0.143661971830986
high_variance	condition_2	metric_377	0.0726072607260726
high_variance	condition_2	metric_378	0.162207357859532
high_variance	condition_2	metric_379	0.0
high_variance	condition_2	metric_380	0.0025062656641604
high_variance	condition_2	metric_381	0.114825581395349
high_variance	condition_2	metric_382	0.0367775831873905
high_variance	condition_2	metric_383	0.198701298701299
high_variance	condition_2	metric_384	0.0
high_variance	condition_2	metric_385	0.264909847434119
high_variance	condition_2	metric_386	0.0
high_variance	condition_2	metric_387	0.0
high_variance	condition_2	metric_388	0.0267857142857143
high_variance	condition_2	metric_389	0.00238095238095238
high_variance	condition_2	metric_390	0.00255102040816327
high_variance	condition_2	metric_391	0.0
high_variance	condition_2	metric_392	0.259259259259259
high_variance	condition_2	metric_393	0.0414414414414414
high_variance	condition_2	metric_394	0.144906743185079
high_variance	condition_2	metric_395	0.111278195488722
high_variance	condition_2	metric_396	0.135446685878963
high_variance	condition_2	metric_397	0.0
high_variance	condition_2	metric_398	0.0311890838206628
high_variance	condition_2	metric_399	0.0
high_variance	condition_2	metric_400	0.0
high_variance	condition_3	metric_1	0.47
high_variance	condition_3	metric_2	0.686666666666667
high_variance	condition_3	metric_3	0.683333333333333
high_variance	condition_3	metric_4	0.456666666666667
high_variance	condition_3	metric_5	0.713333333333333
high_variance	condition_3	metric_6	0.468333333333333
high_variance	condition_3	metric_7	0.735
high_variance	condition_3	metric_8	0.663333333333333
high_variance	condition_3	metric_9	0.63
high_variance	condition_3	metric_10	0.691666666666667
high_variance	condition_3	metric_11	0.748333333333333
high_variance	condition_3	metric_12	0.703333333333333
high_variance	condition_3	metric_13	0.693333333333333
high_variance	condition_3	metric_14	0.743333333333333
high_variance	condition_3	metric_15	0.696666666666667
high_variance	condition_3	metric_16	0.718333333333333
high_variance	condition_3	metric_17	0.445
high_variance	condition_3	metric_18	0.646666666666667
high_variance	condition_3	metric_19	0.693333333333333
high_variance	condition_3	metric_20	0.625
high_variance	condition_3	metric_21	0.448333333333333
high_variance	condition_3	metric_22	0.673333333333333
high_variance	condition_3	metric_23	0.778333333333333
high_variance	condition_3	metric_24	0.653333333333333
high_variance	condition_3	metric_25	0.756666666666667
high_variance	condition_3	metric_26	0.668333333333333
high_variance	condition_3	metric_27	0.385
high_variance	condition_3	metric_28	0.728333333333333
high_variance	condition_3	metric_29	0.785
high_variance	condition_3	metric_30	0.71
high_variance	condition_3	metric_31	0.35
high_variance	condition_3	metric_32	0.671666666666667
high_variance	condition_3	metric_33	0.781666666666667
high_variance	condition_3	metric_34	0.41
high_variance	condition_3	metric_35	0.6
high_variance	condition_3	metric_36	0.643333333333333
high_variance	condition_3	metric_37	0.79
high_variance	condition_3	metric_38	0.525
high_variance	condition_3	metric_39	0.751666666666667
high_variance	condition_3	metric_40	0.351666666666667
high_variance	condition_3	metric_41	0.318333333333333
high_variance	condition_3	metric_42	0.513333333333333
high_variance	condition_3	metric_43	0.696666666666667
high_variance	condition_3	metric_44	0.673333333333333
high_variance	condition_3	metric_45	0.508333333333333
high_variance	condition_3	metric_46	0.683333333333333
high_variance	condition_3	metric_47	0.706666666666667
high_variance	condition_3	metric_48	0.706666666666667
high_variance	condition_3	metric_49	0.623333333333333
high_variance	condition_3	metric_50	0.581666666666667
high_variance	condition_3	metric_51	0.375
high_variance	condition_3	metric_52	0.551666666666667
high_variance	condition_3	metric_53	0.626666666666667
high_variance	condition_3	metric_54	0.511666666666667
high_variance	condition_3	metric_55	0.693333333333333
high_variance	condition_3	metric_56	0.651666666666667
high_variance	condition_3	metric_57	0.393333333333333
high_variance	condition_3	metric_58	0.64
high_variance	condition_3	metric_59	0.755
high_variance	condition_3	metric_60	0.553333333333333
high_variance	condition_3	metric_61	0.603333333333333
high_variance	condition_3	metric_62	0.465
high_variance	condition_3	metric_63	0.445
high_variance	condition_3	metric_64	0.761666666666667
high_variance	condition_3	metric_65	0.45
high_variance	condition_3	metric_66	0.665
high_variance	condition_3	metric_67	0.658333333333333
high_variance	condition_3	metric_68	0.361666666666667
high_variance	condition_3	metric_69	0.518333333333333
high_variance	condition_3	metric_70	0.711666666666667
high_variance	condition_3	metric_71	0.58
high_variance	condition_3	metric_72	0.388333333333333
high_variance	condition_3	metric_73	0.835
high_variance	condition_3	metric_74	0.546666666666667
high_variance	condition_3	metric_75	0.295
high_variance	condition_3	metric_76	0.673333333333333
high_variance	condition_3	metric_77	0.301666666666667
high_variance	condition_3	metric_78	0.446666666666667
high_variance	condition_3	metric_79	0.48
high_variance	condition_3	metric_80	0.666666666666667
high_variance	condition_3	metric_81	0.335
high_variance	condition_3	metric_82	0.676666666666667
high_variance	condition_3	metric_83	0.566666666666667
high_variance	condition_3	metric_84	0.401666666666667
high_variance	condition_3	metric_85	0.356666666666667
high_variance	condition_3	metric_86	0.603333333333333
high_variance	condition_3	metric_87	0.435
high_variance	condition_3	metric_88	0.4
high_variance	condition_3	metric_89	0.39
high_variance	condition_3	metric_90	0.623333333333333
high_variance	condition_3	metric_91	0.365
high_variance	condition_3	metric_92	0.821666666666667
high_variance	condition_3	metric_93	0.495
high_variance	condition_3	metric_94	0.291666666666667
high_variance	condition_3	metric_95	0.775
high_variance	condition_3	metric_96	0.793333333333333
high_variance	condition_3	metric_97	0.431666666666667
high_variance	condition_3	metric_98	0.57
high_variance	condition_3	metric_99	0.648333333333333
high_variance	condition_3	metric_100	0.685
high_variance	condition_3	metric_101	0.3925
high_variance	condition_3	metric_102	0.42375
high_variance	condition_3	metric_103	0.48625
high_variance	condition_3	metric_104	0.49375
high_variance	condition_3	metric_105	0.4875
high_variance	condition_3	metric_106	0.63875
high_variance	condition_3	metric_107	0.3325
high_variance	condition_3	metric_108	0.4725
high_variance	condition_3	metric_109	0.28375
high_variance	condition_3	metric_110	0.53125
high_variance	condition_3	metric_111	0.2825
high_variance	condition_3	metric_112	0.57875
high_variance	condition_3	metric_113	0.395
high_variance	condition_3	metric_114	0.26375
high_variance	condition_3	metric_115	0.44125
high_variance	condition_3	metric_116	0.4475
high_variance	condition_3	metric_117	0.3475
high_variance	condition_3	metric_118	0.6425
high_variance	condition_3	metric_119	0.6075
high_variance	condition_3	metric_120	0.46875
high_variance	condition_3	metric_121	0.40125
high_variance	condition_3	metric_122	0.36125
high_variance	condition_3	metric_123	0.51625
high_variance	condition_3	metric_124	0.51625
high_variance	condition_3	metric_125	0.5925
high_variance	condition_3	metric_126	0.3025
high_variance	condition_3	metric_127	0.46
high_variance	condition_3	metric_128	0.63875
high_variance	condition_3	metric_129	0.335
high_variance	condition_3	metric_130	0.6175
high_variance	condition_3	metric_131	0.46125
high_variance	condition_3	metric_132	0.41625
high_variance	condition_3	metric_133	0.30625
high_variance	condition_3	metric_134	0.355
high_variance	condition_3	metric_135	0.55375
high_variance	condition_3	metric_136	0.42125
high_variance	condition_3	metric_137	0.6075
high_variance	condition_3	metric_138	0.455
high_variance	condition_3	metric_139	0.44375
high_variance	condition_3	metric_140	0.635
high_variance	condition_3	metric_141	0.365
high_variance	condition_3	metric_142	0.64375
high_variance	condition_3	metric_143	0.285
high_variance	condition_3	metric_144	0.5975
high_variance	condition_3	metric_145	0.58125
high_variance	condition_3	metric_146	0.54
high_variance	condition_3	metric_147	0.61375
high_variance	condition_3	metric_148	0.465
high_variance	condition_3	metric_149	0.55125
high_variance	condition_3	metric_150	0.30125
high_variance	condition_3	metric_151	0.21375
high_variance	condition_3	metric_152	0.1475
high_variance	condition_3	metric_153	0.50125
high_variance	condition_3	metric_154	0.63875
high_variance	condition_3	metric_155	0.24
high_variance	condition_3	metric_156	0.6175
high_variance	condition_3	metric_157	0.57125
high_variance	condition_3	metric_158	0.63875
high_variance	condition_3	metric_159	0.40375
high_variance	condition_3	metric_160	0.2925
high_variance	condition_3	metric_161	0.43375
high_variance	condition_3	metric_162	0.60625
high_variance	condition_3	metric_163	0.40625
high_variance	condition_3	metric_164	0.57375
high_variance	condition_3	metric_165	0.3825
high_variance	condition_3	metric_166	0.37125
high_variance	condition_3	metric_167	0.18875
high_variance	condition_3	metric_168	0.48375
high_variance	condition_3	metric_169	0.465
high_variance	condition_3	metric_170	0.2675
high_variance	condition_3	metric_171	0.31625
high_variance	condition_3	metric_172	0.475
high_variance	condition_3	metric_173	0.2925
high_variance	condition_3	metric_174	0.4925
high_variance	condition_3	metric_175	0.28625
high_variance	condition_3	metric_176	0.5875
high_variance	condition_3	metric_177	0.6975
high_variance	condition_3	metric_178	0.5575
high_variance	condition_3	metric_179	0.45
high_variance	condition_3	metric_180	0.43875
high_variance	condition_3	metric_181	0.6875
high_variance	condition_3	metric_182	0.58
high_variance	condition_3	metric_183	0.57625
high_variance	condition_3	metric_184	0.30625
high_variance	condition_3	metric_185	0.33
high_variance	condition_3	metric_186	0.445
high_variance	condition_3	metric_187	0.39625
high_variance	condition_3	metric_188	0.61375
high_variance	condition_3	metric_189	0.46
high_variance	condition_3	metric_190	0.4425
high_variance	condition_3	metric_191	0.43125
high_variance	condition_3	metric_192	0.46375
high_variance	condition_3	metric_193	0.60125
high_variance	condition_3	metric_194	0.5775
high_variance	condition_3	metric_195	0.65625
high_variance	condition_3	metric_196	0.64125
high_variance	condition_3	metric_197	0.2625
high_variance	condition_3	metric_198	0.54875
high_variance	condition_3	metric_199	0.5125
high_variance	condition_3	metric_200	0.33125
high_variance	condition_3	metric_201	0.568333333333333
high_variance	condition_3	metric_202	0.803333333333333
high_variance	condition_3	metric_203	0.79
high_variance	condition_3	metric_204	0.511666666666667
high_variance	condition_3	metric_205	0.833333333333333
high_variance	condition_3	metric_206	0.546666666666667
high_variance	condition_3	metric_207	0.788333333333333
high_variance	condition_3	metric_208	0.756666666666667
high_variance	condition_3	metric_209	0.763333333333333
high_variance	condition_3	metric_210	0.766666666666667
high_variance	condition_3	metric_211	0.803333333333333
high_variance	condition_3	metric_212	0.75
high_variance	condition_3	metric_213	0.738333333333333
high_variance	condition_3	metric_214	0.798333333333333
high_variance	condition_3	metric_215	0.791666666666667
high_variance	condition_3	metric_216	0.818333333333333
high_variance	condition_3	metric_217	0.54
high_variance	condition_3	metric_218	0.711666666666667
high_variance	condition_3	metric_219	0.798333333333333
high_variance	condition_3	metric_220	0.758333333333333
high_variance	condition_3	metric_221	0.436666666666667
high_variance	condition_3	metric_222	0.728333333333333
high_variance	condition_3	metric_223	0.72
high_variance	condition_3	metric_224	0.718333333333333
high_variance	condition_3	metric_225	0.766666666666667
high_variance	condition_3	metric_226	0.711666666666667
high_variance	condition_3	metric_227	0.46
high_variance	condition_3	metric_228	0.73
high_variance	condition_3	metric_229	0.803333333333333
high_variance	condition_3	metric_230	0.791666666666667
high_variance	condition_3	metric_231	0.495826377295493
high_variance	condition_3	metric_232	0.731666666666667
high_variance	condition_3	metric_233	0.776666666666667
high_variance	condition_3	metric_234	0.504173622704507
high_variance	condition_3	metric_235	0.658333333333333
high_variance	condition_3	metric_236	0.701666666666667
high_variance	condition_3	metric_237	0.786666666666667
high_variance	condition_3	metric_238	0.585
high_variance	condition_3	metric_239	0.79
high_variance	condition_3	metric_240	0.433333333333333
high_variance	condition_3	metric_241	0.406666666666667
high_variance	condition_3	metric_242	0.566666666666667
high_variance	condition_3	metric_243	0.731666666666667
high_variance	condition_3	metric_244	0.758333333333333
high_variance	condition_3	metric_245	0.558333333333333
high_variance	condition_3	metric_246	0.771666666666667
high_variance	condition_3	metric_247	0.733333333333333
high_variance	condition_3	metric_248	0.795
high_variance	condition_3	metric_249	0.686666666666667
high_variance	condition_3	metric_250	0.665
high_variance	condition_3	metric_251	0.486666666666667
high_variance	condition_3	metric_252	0.573333333333333
high_variance	condition_3	metric_253	0.686666666666667
high_variance	condition_3	metric_254	0.548333333333333
high_variance	condition_3	metric_255	0.741666666666667
high_variance	condition_3	metric_256	0.72
high_variance	condition_3	metric_257	0.466666666666667
high_variance	condition_3	metric_258	0.696666666666667
high_variance	condition_3	metric_259	0.763333333333333
high_variance	condition_3	metric_260	0.59
high_variance	condition_3	metric_261	0.616666666666667
high_variance	condition_3	metric_262	0.486666666666667
high_variance	condition_3	metric_263	0.513333333333333
high_variance	condition_3	metric_264	0.785
high_variance	condition_3	metric_265	0.513333333333333
high_variance	condition_3	metric_266	0.736666666666667
high_variance	condition_3	metric_267	0.725
high_variance	condition_3	metric_268	0.46
high_variance	condition_3	metric_269	0.57
high_variance	condition_3	metric_270	0.8
high_variance	condition_3	metric_271	0.643333333333333
high_variance	condition_3	metric_272	0.508333333333333
high_variance	condition_3	metric_273	0.785
high_variance	condition_3	metric_274	0.606666666666667
high_variance	condition_3	metric_275	0.458333333333333
high_variance	condition_3	metric_276	0.71
high_variance	condition_3	metric_277	0.471666666666667
high_variance	condition_3	metric_278	0.505
high_variance	condition_3	metric_279	0.538333333333333
high_variance	condition_3	metric_280	0.75
high_variance	condition_3	metric_281	0.45575959933222
high_variance	condition_3	metric_282	0.763333333333333
high_variance	condition_3	metric_283	0.746666666666667
high_variance	condition_3	metric_284	0.53
high_variance	condition_3	metric_285	0.485
high_variance	condition_3	metric_286	0.643333333333333
high_variance	condition_3	metric_287	0.52
high_variance	condition_3	metric_288	0.483333333333333
high_variance	condition_3	metric_289	0.473333333333333
high_variance	condition_3	metric_290	0.701666666666667
high_variance	condition_3	metric_291	0.448333333333333
high_variance	condition_3	metric_292	0.825
high_variance	condition_3	metric_293	0.518333333333333
high_variance	condition_3	metric_294	0.37
high_variance	condition_3	metric_295	0.843333333333333
high_variance	condition_3	metric_296	0.826666666666667
high_variance	condition_3	metric_297	0.478333333333333
high_variance	condition_3	metric_298	0.673333333333333
high_variance	condition_3	metric_299	0.725
high_variance	condition_3	metric_300	0.791666666666667
high_variance	condition_3	metric_301	0.58125
high_variance	condition_3	metric_302	0.51
high_variance	condition_3	metric_303	0.54125
high_variance	condition_3	metric_304	0.57875
high_variance	condition_3	metric_305	0.56875
high_variance	condition_3	metric_306	0.69125
high_variance	condition_3	metric_307	0.405
high_variance	condition_3	metric_308	0.56375
high_variance	condition_3	metric_309	0.4025
high_variance	condition_3	metric_310	0.61
high_variance	condition_3	metric_311	0.37125
high_variance	condition_3	metric_312	0.61875
high_variance	condition_3	metric_313	0.6175
high_variance	condition_3	metric_314	0.404255319148936
high_variance	condition_3	metric_315	0.5075
high_variance	condition_3	metric_316	0.5725
high_variance	condition_3	metric_317	0.61375
high_variance	condition_3	metric_318	0.59
high_variance	condition_3	metric_319	0.68
high_variance	condition_3	metric_320	0.655
high_variance	condition_3	metric_321	0.44375
high_variance	condition_3	metric_322	0.30125
high_variance	condition_3	metric_323	0.605
high_variance	condition_3	metric_324	0.67
high_variance	condition_3	metric_325	0.735
high_variance	condition_3	metric_326	0.355
high_variance	condition_3	metric_327	0.55125
high_variance	condition_3	metric_328	0.68375
high_variance	condition_3	metric_329	0.4375
high_variance	condition_3	metric_330	0.675
high_variance	condition_3	metric_331	0.5175
high_variance	condition_3	metric_332	0.51
high_variance	condition_3	metric_333	0.40875
high_variance	condition_3	metric_334	0.75
high_variance	condition_3	metric_335	0.5925
high_variance	condition_3	metric_336	0.51375
high_variance	condition_3	metric_337	0.6725
high_variance	condition_3	metric_338	0.5525
high_variance	condition_3	metric_339	0.5125
high_variance	condition_3	metric_340	0.72125
high_variance	condition_3	metric_341	0.42625
high_variance	condition_3	metric_342	0.6525
high_variance	condition_3	metric_343	0.4325
high_variance	condition_3	metric_344	0.66
high_variance	condition_3	metric_345	0.625
high_variance	condition_3	metric_346	0.61625
high_variance	condition_3	metric_347	0.75625
high_variance	condition_3	metric_348	0.53
high_variance	condition_3	metric_349	0.59
high_variance	condition_3	metric_350	0.36625
high_variance	condition_3	metric_351	0.27375
high_variance	condition_3	metric_352	0.25375
high_variance	condition_3	metric_353	0.71
high_variance	condition_3	metric_354	0.6825
high_variance	condition_3	metric_355	0.305
high_variance	condition_3	metric_356	0.7225
high_variance	condition_3	metric_357	0.645
high_variance	condition_3	metric_358	0.7
high_variance	condition_3	metric_359	0.42
high_variance	condition_3	metric_360	0.55375
high_variance	condition_3	metric_361	0.60375
high_variance	condition_3	metric_362	0.69125
high_variance	condition_3	metric_363	0.45625
high_variance	condition_3	metric_364	0.63125
high_variance	condition_3	metric_365	0.46625
high_variance	condition_3	metric_366	0.59375
high_variance	condition_3	metric_367	0.17
high_variance	condition_3	metric_368	0.65375
high_variance	condition_3	metric_369	0.545
high_variance	condition_3	metric_370	0.39625
high_variance	condition_3	metric_371	0.40625
high_variance	condition_3	metric_372	0.5975
high_variance	condition_3	metric_373	0.37625
high_variance	condition_3	metric_374	0.68875
high_variance	condition_3	metric_375	0.33375
high_variance	condition_3	metric_376	0.76
high_variance	condition_3	metric_377	0.7025
high_variance	condition_3	metric_378	0.62625
high_variance	condition_3	metric_379	0.51875
high_variance	condition_3	metric_380	0.4975
high_variance	condition_3	metric_381	0.76125
high_variance	condition_3	metric_382	0.6875
high_variance	condition_3	metric_383	0.77125
high_variance	condition_3	metric_384	0.3925
high_variance	condition_3	metric_385	0.6625
high_variance	condition_3	metric_386	0.48875
high_variance	condition_3	metric_387	0.47125
high_variance	condition_3	metric_388	0.68125
high_variance	condition_3	metric_389	0.52375
high_variance	condition_3	metric_390	0.48875
high_variance	condition_3	metric_391	0.48625
high_variance	condition_3	metric_392	0.7
high_variance	condition_3	metric_393	0.665
high_variance	condition_3	metric_394	0.745
high_variance	condition_3	metric_395	0.73875
high_variance	condition_3	metric_396	0.75
high_variance	condition_3	metric_397	0.365
high_variance	condition_3	metric_398	0.62125
high_variance	condition_3	metric_399	0.595
high_variance	condition_3	metric_400	0.4275
small_sample	condition_2	metric_1	0.02617801047120419
small_sample	condition_2	metric_2	0.1210762331838565
small_sample	condition_2	metric_3	0.027906976744186046
small_sample	condition_2	metric_4	0.055299539170506916
small_sample	condition_2	metric_5	0.0
small_sample	condition_2	metric_6	0.05531914893617021
small_sample	condition_2	metric_7	0.4803921568627451
small_sample	condition_2	metric_8	0.004608294930875576
small_sample	condition_2	metric_9	0.022321428571428572
small_sample	condition_2	metric_10	0.0
small_sample	condition_2	metric_11	0.019801980198019802
small_sample	condition_2	metric_12	0.0
small_sample	condition_2	metric_13	0.020833333333333332
small_sample	condition_2	metric_14	0.03211009174311927
small_sample	condition_2	metric_15	0.1952191235059761
small_sample	condition_2	metric_16	0.13043478260869565
small_sample	condition_2	metric_17	0.06572769953051644
small_sample	condition_2	metric_18	0.0
small_sample	condition_2	metric_19	0.08040201005025126
small_sample	condition_2	metric_20	0.02564102564102564
small_sample	condition_2	metric_21	0.08733624454148471
small_sample	condition_2	metric_22	0.0
small_sample	condition_2	metric_23	0.014423076923076924
small_sample	condition_2	metric_24	0.0
small_sample	condition_2	metric_25	0.14285714285714285
small_sample	condition_2	metric_26	0.010050251256281407
small_sample	condition_2	metric_27	0.038834951456310676
small_sample	condition_2	metric_28	0.005154639175257732
small_sample	condition_2	metric_29	0.020202020202020204
small_sample	condition_2	metric_30	0.004878048780487805
small_sample	condition_2	metric_31	0.010101010101010102
small_sample	condition_2	metric_32	0.3347107438016529
small_sample	condition_2	metric_33	0.023809523809523808
small_sample	condition_2	metric_34	0.10552763819095477
small_sample	condition_2	metric_35	0.04975124378109453
small_sample	condition_2	metric_36	0.1557377049180328
small_sample	condition_2	metric_37	0.0
small_sample	condition_2	metric_38	0.0
small_sample	condition_2	metric_39	0.015463917525773196
small_sample	condition_2	metric_40	0.014150943396226415
small_sample	condition_2	metric_41	0.014563106796116505
small_sample	condition_2	metric_42	0.0
small_sample	condition_2	metric_43	0.01015228426395939
small_sample	condition_2	metric_44	0.0
small_sample	condition_2	metric_45	0.0
small_sample	condition_2	metric_46	0.013888888888888888
small_sample	condition_2	metric_47	0.0
small_sample	condition_2	metric_48	0.026785714285714284
small_sample	condition_2	metric_49	0.005
small_sample	condition_2	metric_50	0.004807692307692308
small_sample	condition_2	metric_51	0.0049261083743842365
small_sample	condition_2	metric_52	0.10204081632653061
small_sample	condition_2	metric_53	0.00980392156862745
small_sample	condition_2	metric_54	0.09722222222222222
small_sample	condition_2	metric_55	0.02403846153846154
small_sample	condition_2	metric_56	0.00980392156862745
small_sample	condition_2	metric_57	0.00975609756097561
small_sample	condition_2	metric_58	0.004424778761061947
small_sample	condition_2	metric_59	0.028169014084507043
small_sample	condition_2	metric_60	0.04568527918781726
small_sample	condition_2	metric_61	0.24528301886792453
small_sample	condition_2	metric_62	0.009174311926605505
small_sample	condition_2	metric_63	0.0639269406392694
small_sample	condition_2	metric_64	0.15048543689320387
small_sample	condition_2	metric_65	0.18848167539267016
small_sample	condition_2	metric_66	0.0
small_sample	condition_2	metric_67	0.04524886877828054
small_sample	condition_2	metric_68	0.0
small_sample	condition_2	metric_69	0.004651162790697674
small_sample	condition_2	metric_70	0.045662100456621
small_sample	condition_2	metric_71	0.02857142857142857
small_sample	condition_2	metric_72	0.107981220657277
small_sample	condition_2	metric_73	0.017937219730941704
small_sample	condition_2	metric_74	0.035398230088495575
small_sample	condition_2	metric_75	0.04245283018867924
small_sample	condition_2	metric_76	0.0684931506849315
small_sample	condition_2	metric_77	0.014285714285714285
small_sample	condition_2	metric_78	0.32558139534883723
small_sample	condition_2	metric_79	0.084070796460177
small_sample	condition_2	metric_80	0.01015228426395939
small_sample	condition_2	metric_81	0.05069124423963134
small_sample	condition_2	metric_82	0.0
small_sample	condition_2	metric_83	0.026905829596412557
small_sample	condition_2	metric_84	0.024630541871921183
small_sample	condition_2	metric_85	0.0
small_sample	condition_2	metric_86	0.0045045045045045045
small_sample	condition_2	metric_87	0.0392156862745098
small_sample	condition_2	metric_88	0.18099547511312217
small_sample	condition_2	metric_89	0.0
small_sample	condition_2	metric_90	0.03286384976525822
small_sample	condition_2	metric_91	0.01932367149758454
small_sample	condition_2	metric_92	0.004878048780487805
small_sample	condition_2	metric_93	0.13793103448275862
small_sample	condition_2	metric_94	0.009216589861751152
small_sample	condition_2	metric_95	0.043478260869565216
small_sample	condition_2	metric_96	0.009950248756218905
small_sample	condition_2	metric_97	0.029556650246305417
small_sample	condition_2	metric_98	0.0
small_sample	condition_2	metric_99	0.00966183574879227
small_sample	condition_2	metric_100	0.009523809523809525
small_sample	condition_2	metric_101	0.008097165991902834
small_sample	condition_2	metric_102	0.00425531914893617
small_sample	condition_2	metric_103	0.0
small_sample	condition_2	metric_104	0.004694835680751174
small_sample	condition_2	metric_105	0.1986062717770035
small_sample	condition_2	metric_106	0.01984126984126984
small_sample	condition_2	metric_107	0.00425531914893617
small_sample	condition_2	metric_108	0.004098360655737705
small_sample	condition_2	metric_109	0.0
small_sample	condition_2	metric_110	0.08056872037914692
small_sample	condition_2	metric_111	0.03167420814479638
small_sample	condition_2	metric_112	0.0035714285714285713
small_sample	condition_2	metric_113	0.273015873015873
small_sample	condition_2	metric_114	0.00411522633744856
small_sample	condition_2	metric_115	0.018779342723004695
small_sample	condition_2	metric_116	0.031413612565445025
small_sample	condition_2	metric_117	0.11165048543689321
small_sample	condition_2	metric_118	0.0
small_sample	condition_2	metric_119	0.0
small_sample	condition_2	metric_120	0.0035587188612099642
small_sample	condition_2	metric_121	0.010810810810810811
small_sample	condition_2	metric_122	0.0273972602739726
small_sample	condition_2	metric_123	0.012295081967213115
small_sample	condition_2	metric_124	0.04186046511627907
small_sample	condition_2	metric_125	0.003937007874015748
small_sample	condition_2	metric_126	0.14112903225806453
small_sample	condition_2	metric_127	0.004901960784313725
small_sample	condition_2	metric_128	0.015748031496062992
small_sample	condition_2	metric_129	0.06694560669456066
small_sample	condition_2	metric_130	0.01762114537444934
small_sample	condition_2	metric_131	0.05194805194805195
small_sample	condition_2	metric_132	0.02092050209205021
small_sample	condition_2	metric_133	0.19157088122605365
small_sample	condition_2	metric_134	0.0
small_sample	condition_2	metric_135	0.0043859649122807015
small_sample	condition_2	metric_136	0.058823529411764705
small_sample	condition_2	metric_137	0.01532567049808429
small_sample	condition_2	metric_138	0.008438818565400843
small_sample	condition_2	metric_139	0.07035175879396985
small_sample	condition_2	metric_140	0.0
small_sample	condition_2	metric_141	0.02608695652173913
small_sample	condition_2	metric_142	0.12093023255813953
small_sample	condition_2	metric_143	0.0
small_sample	condition_2	metric_144	0.08878504672897196
small_sample	condition_2	metric_145	0.0
small_sample	condition_2	metric_146	0.0045662100456621
small_sample	condition_2	metric_147	0.0
small_sample	condition_2	metric_148	0.1323529411764706
small_sample	condition_2	metric_149	0.0967741935483871
small_sample	condition_2	metric_150	0.034934497816593885
small_sample	condition_2	metric_151	0.0743801652892562
small_sample	condition_2	metric_152	0.0
small_sample	condition_2	metric_153	0.1415929203539823
small_sample	condition_2	metric_154	0.0
small_sample	condition_2	metric_155	0.05952380952380952
small_sample	condition_2	metric_156	0.3215339233038348
small_sample	condition_2	metric_157	0.12121212121212122
small_sample	condition_2	metric_158	0.04326923076923077
small_sample	condition_2	metric_159	0.0
small_sample	condition_2	metric_160	0.6031746031746031
small_sample	condition_2	metric_161	0.0
small_sample	condition_2	metric_162	0.0
small_sample	condition_2	metric_163	0.015706806282722512
small_sample	condition_2	metric_164	0.0
small_sample	condition_2	metric_165	0.06060606060606061
small_sample	condition_2	metric_166	0.016
small_sample	condition_2	metric_167	0.020491803278688523
small_sample	condition_2	metric_168	0.009259259259259259
small_sample	condition_2	metric_169	0.00823045267489712
small_sample	condition_2	metric_170	0.015
small_sample	condition_2	metric_171	0.0
small_sample	condition_2	metric_172	0.0091324200913242
small_sample	condition_2	metric_173	0.0391304347826087
small_sample	condition_2	metric_174	0.0
small_sample	condition_2	metric_175	0.07526881720430108
small_sample	condition_2	metric_176	0.029288702928870293
small_sample	condition_2	metric_177	0.05785123966942149
small_sample	condition_2	metric_178	0.0
small_sample	condition_2	metric_179	0.0
small_sample	condition_2	metric_180	0.0
small_sample	condition_2	metric_181	0.004366812227074236
small_sample	condition_2	metric_182	0.014018691588785047
small_sample	condition_2	metric_183	0.0653061224489796
small_sample	condition_2	metric_184	0.0
small_sample	condition_2	metric_185	0.0
small_sample	condition_2	metric_186	0.004347826086956522
small_sample	condition_2	metric_187	0.00510204081632653
small_sample	condition_2	metric_188	0.004329004329004329
small_sample	condition_2	metric_189	0.18636363636363637
small_sample	condition_2	metric_190	0.005263157894736842
small_sample	condition_2	metric_191	0.013574660633484163
small_sample	condition_2	metric_192	0.005076142131979695
small_sample	condition_2	metric_193	0.0036900369003690036
small_sample	condition_2	metric_194	0.0
small_sample	condition_2	metric_195	0.0
small_sample	condition_2	metric_196	0.041025641025641026
small_sample	condition_2	metric_197	0.0
small_sample	condition_2	metric_198	0.005
small_sample	condition_2	metric_199	0.030927835051546393
small_sample	condition_2	metric_200	0.026415094339622643
small_sample	condition_2	metric_201	0.014388489208633094
small_sample	condition_2	metric_202	0.0037174721189591076
small_sample	condition_2	metric_203	0.009009009009009009
small_sample	condition_2	metric_204	0.0
small_sample	condition_2	metric_205	0.0
small_sample	condition_2	metric_206	0.0
small_sample	condition_2	metric_207	0.0040650406504065045
small_sample	condition_2	metric_208	0.052941176470588235
small_sample	condition_2	metric_209	0.0
small_sample	condition_2	metric_210	0.014184397163120567
small_sample	condition_2	metric_211	0.0
small_sample	condition_2	metric_212	0.044897959183673466
small_sample	condition_2	metric_213	0.012396694214876033
small_sample	condition_2	metric_214	0.0622568093385214
small_sample	condition_2	metric_215	0.008695652173913044
small_sample	condition_2	metric_216	0.03980099502487562
small_sample	condition_2	metric_217	0.014925373134328358
small_sample	condition_2	metric_218	0.04035874439461883
small_sample	condition_2	metric_219	0.1724137931034483
small_sample	condition_2	metric_220	0.03389830508474576
small_sample	condition_2	metric_221	0.005025125628140704
small_sample	condition_2	metric_222	0.0038314176245210726
small_sample	condition_2	metric_223	0.006349206349206349
small_sample	condition_2	metric_224	0.0
small_sample	condition_2	metric_225	0.012875536480686695
small_sample	condition_2	metric_226	0.0196078431372549
small_sample	condition_2	metric_227	0.2844574780058651
small_sample	condition_2	metric_228	0.0
small_sample	condition_2	metric_229	0.0
small_sample	condition_2	metric_230	0.016286644951140065
small_sample	condition_2	metric_231	0.15163934426229508
small_sample	condition_2	metric_232	0.0
small_sample	condition_2	metric_233	0.23008849557522124
small_sample	condition_2	metric_234	0.0
small_sample	condition_2	metric_235	0.00390625
small_sample	condition_2	metric_236	0.0
small_sample	condition_2	metric_237	0.0036101083032490976
small_sample	condition_2	metric_238	0.007380073800738007
small_sample	condition_2	metric_239	0.019157088122605363
small_sample	condition_2	metric_240	0.0
small_sample	condition_2	metric_241	0.008620689655172414
small_sample	condition_2	metric_242	0.0
small_sample	condition_2	metric_243	0.0
small_sample	condition_2	metric_244	0.004032258064516129
small_sample	condition_2	metric_245	0.014018691588785047
small_sample	condition_2	metric_246	0.0
small_sample	condition_2	metric_247	0.003215434083601286
small_sample	condition_2	metric_248	0.06643356643356643
small_sample	condition_2	metric_249	0.04285714285714286
small_sample	condition_2	metric_250	0.08
small_sample	condition_2	metric_251	0.11864406779661017
small_sample	condition_2	metric_252	0.0
small_sample	condition_2	metric_253	0.0
small_sample	condition_2	metric_254	0.275
small_sample	condition_2	metric_255	0.0
small_sample	condition_2	metric_256	0.15
small_sample	condition_2	metric_257	0.006896551724137931
small_sample	condition_2	metric_258	0.0
small_sample	condition_2	metric_259	0.0091324200913242
small_sample	condition_2	metric_260	0.0
small_sample	condition_2	metric_261	0.009287925696594427
small_sample	condition_2	metric_262	0.0
small_sample	condition_2	metric_263	0.0425531914893617
small_sample	condition_2	metric_264	0.0
small_sample	condition_2	metric_265	0.0
small_sample	condition_2	metric_266	0.009584664536741214
small_sample	condition_2	metric_267	0.01020408163265306
small_sample	condition_2	metric_268	0.029850746268656716
small_sample	condition_2	metric_269	0.007518796992481203
small_sample	condition_2	metric_270	0.011278195488721804
small_sample	condition_2	metric_271	0.018633540372670808
small_sample	condition_2	metric_272	0.0
small_sample	condition_2	metric_273	0.010309278350515464
small_sample	condition_2	metric_274	0.006493506493506494
small_sample	condition_2	metric_275	0.0
small_sample	condition_2	metric_276	0.022304832713754646
small_sample	condition_2	metric_277	0.0
small_sample	condition_2	metric_278	0.003076923076923077
small_sample	condition_2	metric_279	0.3908355795148248
small_sample	condition_2	metric_280	0.004273504273504274
small_sample	condition_2	metric_281	0.00425531914893617
small_sample	condition_2	metric_282	0.32989690721649484
small_sample	condition_2	metric_283	0.01680672268907563
small_sample	condition_2	metric_284	0.011320754716981131
small_sample	condition_2	metric_285	0.0055248618784530384
small_sample	condition_2	metric_286	0.0037313432835820895
small_sample	condition_2	metric_287	0.0
small_sample	condition_2	metric_288	0.0
small_sample	condition_2	metric_289	0.01932367149758454
small_sample	condition_2	metric_290	0.12946428571428573
small_sample	condition_2	metric_291	0.0
small_sample	condition_2	metric_292	0.1592920353982301
small_sample	condition_2	metric_293	0.0036363636363636364
small_sample	condition_2	metric_294	0.0
small_sample	condition_2	metric_295	0.05263157894736842
small_sample	condition_2	metric_296	0.03278688524590164
small_sample	condition_2	metric_297	0.01937984496124031
small_sample	condition_2	metric_298	0.009433962264150943
small_sample	condition_2	metric_299	0.01984126984126984
small_sample	condition_2	metric_300	0.0
small_sample	condition_2	metric_301	0.25625
small_sample	condition_2	metric_302	0.018433179723502304
small_sample	condition_2	metric_303	0.5776892430278885
small_sample	condition_2	metric_304	0.057291666666666664
small_sample	condition_2	metric_305	0.028846153846153848
small_sample	condition_2	metric_306	0.19680851063829788
small_sample	condition_2	metric_307	0.07111111111111111
small_sample	condition_2	metric_308	0.10884353741496598
small_sample	condition_2	metric_309	0.449438202247191
small_sample	condition_2	metric_310	0.014285714285714285
small_sample	condition_2	metric_311	0.009950248756218905
small_sample	condition_2	metric_312	0.06511627906976744
small_sample	condition_2	metric_313	0.04142011834319527
small_sample	condition_2	metric_314	0.01015228426395939
small_sample	condition_2	metric_315	0.013452914798206279
small_sample	condition_2	metric_316	0.02512562814070352
small_sample	condition_2	metric_317	0.014423076923076924
small_sample	condition_2	metric_318	0.07211538461538461
small_sample	condition_2	metric_319	0.11790393013100436
small_sample	condition_2	metric_320	0.1291866028708134
small_sample	condition_2	metric_321	0.05142857142857143
small_sample	condition_2	metric_322	0.21256038647342995
small_sample	condition_2	metric_323	0.07692307692307693
small_sample	condition_2	metric_324	0.12121212121212122
small_sample	condition_2	metric_325	0.20710059171597633
small_sample	condition_2	metric_326	0.020942408376963352
small_sample	condition_2	metric_327	0.1583710407239819
small_sample	condition_2	metric_328	0.057692307692307696
small_sample	condition_2	metric_329	0.041666666666666664
small_sample	condition_2	metric_330	0.02577319587628866
small_sample	condition_2	metric_331	0.14285714285714285
small_sample	condition_2	metric_332	0.16019417475728157
small_sample	condition_2	metric_333	0.12244897959183673
small_sample	condition_2	metric_334	0.062146892655367235
small_sample	condition_2	metric_335	0.052083333333333336
small_sample	condition_2	metric_336	0.23076923076923078
small_sample	condition_2	metric_337	0.015463917525773196
small_sample	condition_2	metric_338	0.03864734299516908
small_sample	condition_2	metric_339	0.3047619047619048
small_sample	condition_2	metric_340	0.1630901287553648
small_sample	condition_2	metric_341	0.12087912087912088
small_sample	condition_2	metric_342	0.004761904761904762
small_sample	condition_2	metric_343	0.010101010101010102
small_sample	condition_2	metric_344	0.04522613065326633
small_sample	condition_2	metric_345	0.0047169811320754715
small_sample	condition_2	metric_346	0.0
small_sample	condition_2	metric_347	0.10267857142857142
small_sample	condition_2	metric_348	0.3574660633484163
small_sample	condition_2	metric_349	0.03349282296650718
small_sample	condition_2	metric_350	0.08571428571428572
small_sample	condition_2	metric_351	0.005555555555555556
small_sample	condition_2	metric_352	0.16101694915254236
small_sample	condition_2	metric_353	0.12755102040816327
small_sample	condition_2	metric_354	0.026595744680851064
small_sample	condition_2	metric_355	0.035897435897435895
small_sample	condition_2	metric_356	0.025380710659898477
small_sample	condition_2	metric_357	0.10526315789473684
small_sample	condition_2	metric_358	0.0392156862745098
small_sample	condition_2	metric_359	0.6425855513307985
small_sample	condition_2	metric_360	0.02247191011235955
small_sample	condition_2	metric_361	0.01
small_sample	condition_2	metric_362	0.05188679245283019
small_sample	condition_2	metric_363	0.647495361781076
small_sample	condition_2	metric_364	0.04225352112676056
small_sample	condition_2	metric_365	0.23952095808383234
small_sample	condition_2	metric_366	0.019417475728155338
small_sample	condition_2	metric_367	0.0048543689320388345
small_sample	condition_2	metric_368	0.11386138613861387
small_sample	condition_2	metric_369	0.05909090909090909
small_sample	condition_2	metric_370	0.2783882783882784
small_sample	condition_2	metric_371	0.019417475728155338
small_sample	condition_2	metric_372	0.11330049261083744
small_sample	condition_2	metric_373	0.005050505050505051
small_sample	condition_2	metric_374	0.0
small_sample	condition_2	metric_375	0.0
small_sample	condition_2	metric_376	0.10267857142857142
small_sample	condition_2	metric_377	0.519774011299435
small_sample	condition_2	metric_378	0.00975609756097561
small_sample	condition_2	metric_379	0.004830917874396135
small_sample	condition_2	metric_380	0.07602339181286549
small_sample	condition_2	metric_381	0.03349282296650718
small_sample	condition_2	metric_382	0.140625
small_sample	condition_2	metric_383	0.05188679245283019
small_sample	condition_2	metric_384	0.030456852791878174
small_sample	condition_2	metric_385	0.13636363636363635
small_sample	condition_2	metric_386	0.37073170731707317
small_sample	condition_2	metric_387	0.10734463276836158
small_sample	condition_2	metric_388	0.08648648648648649
small_sample	condition_2	metric_389	0.004830917874396135
small_sample	condition_2	metric_390	0.02857142857142857
small_sample	condition_2	metric_391	0.1377551020408163
small_sample	condition_2	metric_392	0.0
small_sample	condition_2	metric_393	0.3470319634703196
small_sample	condition_2	metric_394	0.12195121951219512
small_sample	condition_2	metric_395	0.23383084577114427
small_sample	condition_2	metric_396	0.03755868544600939
small_sample	condition_2	metric_397	0.37358490566037733
small_sample	condition_2	metric_398	0.34767025089605735
small_sample	condition_2	metric_399	0.029850746268656716
small_sample	condition_2	metric_400	0.03317535545023697
small_sample	condition_2	metric_401	0.01646090534979424
small_sample	condition_2	metric_402	0.03686635944700461
small_sample	condition_2	metric_403	0.06666666666666667
small_sample	condition_2	metric_404	0.026737967914438502
small_sample	condition_2	metric_405	0.09292035398230089
small_sample	condition_2	metric_406	0.009852216748768473
small_sample	condition_2	metric_407	0.376425855513308
small_sample	condition_2	metric_408	0.31095406360424027
small_sample	condition_2	metric_409	0.022026431718061675
small_sample	condition_2	metric_410	0.03864734299516908
small_sample	condition_2	metric_411	0.12562814070351758
small_sample	condition_2	metric_412	0.01098901098901099
small_sample	condition_2	metric_413	0.008771929824561403
small_sample	condition_2	metric_414	0.029850746268656716
small_sample	condition_2	metric_415	0.08018867924528301
small_sample	condition_2	metric_416	0.15819209039548024
small_sample	condition_2	metric_417	0.14957264957264957
small_sample	condition_2	metric_418	0.02066115702479339
small_sample	condition_2	metric_419	0.08962264150943396
small_sample	condition_2	metric_420	0.03278688524590164
small_sample	condition_2	metric_421	0.09777777777777778
small_sample	condition_2	metric_422	0.07327586206896551
small_sample	condition_2	metric_423	0.02358490566037736
small_sample	condition_2	metric_424	0.0546448087431694
small_sample	condition_2	metric_425	0.06986899563318777
small_sample	condition_2	metric_426	0.26506024096385544
small_sample	condition_2	metric_427	0.14906832298136646
small_sample	condition_2	metric_428	0.0611353711790393
small_sample	condition_2	metric_429	0.10196078431372549
small_sample	condition_2	metric_430	0.10404624277456648
small_sample	condition_2	metric_431	0.04591836734693878
small_sample	condition_2	metric_432	0.023809523809523808
small_sample	condition_2	metric_433	0.05116279069767442
small_sample	condition_2	metric_434	0.15196078431372548
small_sample	condition_2	metric_435	0.041237113402061855
small_sample	condition_2	metric_436	0.09691629955947137
small_sample	condition_2	metric_437	0.03305785123966942
small_sample	condition_2	metric_438	0.01990049751243781
small_sample	condition_2	metric_439	0.11731843575418995
small_sample	condition_2	metric_440	0.030973451327433628
small_sample	condition_2	metric_441	0.08808290155440414
small_sample	condition_2	metric_442	0.08878504672897196
small_sample	condition_2	metric_443	0.17647058823529413
small_sample	condition_2	metric_444	0.0196078431372549
small_sample	condition_2	metric_445	0.04371584699453552
small_sample	condition_2	metric_446	0.02336448598130841
small_sample	condition_2	metric_447	0.23770491803278687
small_sample	condition_2	metric_448	0.08558558558558559
small_sample	condition_2	metric_449	0.140625
small_sample	condition_2	metric_450	0.08205128205128205
small_sample	condition_2	metric_451	0.03153153153153153
small_sample	condition_2	metric_452	0.08
small_sample	condition_2	metric_453	0.045454545454545456
small_sample	condition_2	metric_454	0.03139013452914798
small_sample	condition_2	metric_455	0.07777777777777778
small_sample	condition_2	metric_456	0.014925373134328358
small_sample	condition_2	metric_457	0.14027149321266968
small_sample	condition_2	metric_458	0.13636363636363635
small_sample	condition_2	metric_459	0.06701030927835051
small_sample	condition_2	metric_460	0.2720306513409962
small_sample	condition_2	metric_461	0.045454545454545456
small_sample	condition_2	metric_462	0.0427807486631016
small_sample	condition_2	metric_463	0.19387755102040816
small_sample	condition_2	metric_464	0.017699115044247787
small_sample	condition_2	metric_465	0.07860262008733625
small_sample	condition_2	metric_466	0.05909090909090909
small_sample	condition_2	metric_467	0.2222222222222222
small_sample	condition_2	metric_468	0.13302752293577982
small_sample	condition_2	metric_469	0.0735930735930736
small_sample	condition_2	metric_470	0.366120218579235
small_sample	condition_2	metric_471	0.03626943005181347
small_sample	condition_2	metric_472	0.06521739130434782
small_sample	condition_2	metric_473	0.2426470588235294
small_sample	condition_2	metric_474	0.06315789473684211
small_sample	condition_2	metric_475	0.04046242774566474
small_sample	condition_2	metric_476	0.03608247422680412
small_sample	condition_2	metric_477	0.01951219512195122
small_sample	condition_2	metric_478	0.6633064516129032
small_sample	condition_2	metric_479	0.008032128514056224
small_sample	condition_2	metric_480	0.013215859030837005
small_sample	condition_2	metric_481	0.029850746268656716
small_sample	condition_2	metric_482	0.2876712328767123
small_sample	condition_2	metric_483	0.01818181818181818
small_sample	condition_2	metric_484	0.25842696629213485
small_sample	condition_2	metric_485	0.10909090909090909
small_sample	condition_2	metric_486	0.01
small_sample	condition_2	metric_487	0.00558659217877095
small_sample	condition_2	metric_488	0.1329479768786127
small_sample	condition_2	metric_489	0.019704433497536946
small_sample	condition_2	metric_490	0.08771929824561403
small_sample	condition_2	metric_491	0.01485148514851485
small_sample	condition_2	metric_492	0.06179775280898876
small_sample	condition_2	metric_493	0.0
small_sample	condition_2	metric_494	0.05752212389380531
small_sample	condition_2	metric_495	0.10714285714285714
small_sample	condition_2	metric_496	0.4872881355932203
small_sample	condition_2	metric_497	0.3146853146853147
small_sample	condition_2	metric_498	0.0374331550802139
small_sample	condition_2	metric_499	0.1834319526627219
small_sample	condition_2	metric_500	0.04186046511627907
small_sample	condition_2	metric_501	0.1857707509881423
small_sample	condition_2	metric_502	0.046296296296296294
small_sample	condition_2	metric_503	0.1073170731707317
small_sample	condition_2	metric_504	0.12875536480686695
small_sample	condition_2	metric_505	0.012861736334405145
small_sample	condition_2	metric_506	0.0335195530726257
small_sample	condition_2	metric_507	0.2902208201892745
small_sample	condition_2	metric_508	0.006329113924050633
small_sample	condition_2	metric_509	0.2887323943661972
small_sample	condition_2	metric_510	0.021164021164021163
small_sample	condition_2	metric_511	0.04149377593360996
small_sample	condition_2	metric_512	0.04608294930875576
small_sample	condition_2	metric_513	0.015228426395939087
small_sample	condition_2	metric_514	0.0
small_sample	condition_2	metric_515	0.28879310344827586
small_sample	condition_2	metric_516	0.26548672566371684
small_sample	condition_2	metric_517	0.10344827586206896
small_sample	condition_2	metric_518	0.004975124378109453
small_sample	condition_2	metric_519	0.06779661016949153
small_sample	condition_2	metric_520	0.08333333333333333
small_sample	condition_2	metric_521	0.1291866028708134
small_sample	condition_2	metric_522	0.024752475247524754
small_sample	condition_2	metric_523	0.01953125
small_sample	condition_2	metric_524	0.04149377593360996
small_sample	condition_2	metric_525	0.3317307692307692
small_sample	condition_2	metric_526	0.13705583756345177
small_sample	condition_2	metric_527	0.01532567049808429
small_sample	condition_2	metric_528	0.17391304347826086
small_sample	condition_2	metric_529	0.08370044052863436
small_sample	condition_2	metric_530	0.04460966542750929
small_sample	condition_2	metric_531	0.044673539518900345
small_sample	condition_2	metric_532	0.005235602094240838
small_sample	condition_2	metric_533	0.008547008547008548
small_sample	condition_2	metric_534	0.17343173431734318
small_sample	condition_2	metric_535	0.021551724137931036
small_sample	condition_2	metric_536	0.26337448559670784
small_sample	condition_2	metric_537	0.017937219730941704
small_sample	condition_2	metric_538	0.004016064257028112
small_sample	condition_2	metric_539	0.10407239819004525
small_sample	condition_2	metric_540	0.1452991452991453
small_sample	condition_2	metric_541	0.2627450980392157
small_sample	condition_2	metric_542	0.034482758620689655
small_sample	condition_2	metric_543	0.17266187050359713
small_sample	condition_2	metric_544	0.18095238095238095
small_sample	condition_2	metric_545	0.0182648401826484
small_sample	condition_2	metric_546	0.3082191780821918
small_sample	condition_2	metric_547	0.009216589861751152
small_sample	condition_2	metric_548	0.013100436681222707
small_sample	condition_2	metric_549	0.07017543859649122
small_sample	condition_2	metric_550	0.4255952380952381
small_sample	condition_2	metric_551	0.02030456852791878
small_sample	condition_2	metric_552	0.005405405405405406
small_sample	condition_2	metric_553	0.049689440993788817
small_sample	condition_2	metric_554	0.015544041450777202
small_sample	condition_2	metric_555	0.0
small_sample	condition_2	metric_556	0.018292682926829267
small_sample	condition_2	metric_557	0.0
small_sample	condition_2	metric_558	0.02127659574468085
small_sample	condition_2	metric_559	0.03821656050955414
small_sample	condition_2	metric_560	0.19428571428571428
small_sample	condition_2	metric_561	0.02867383512544803
small_sample	condition_2	metric_562	0.13574660633484162
small_sample	condition_2	metric_563	0.09364548494983277
small_sample	condition_2	metric_564	0.13574660633484162
small_sample	condition_2	metric_565	0.16877637130801687
small_sample	condition_2	metric_566	0.04744525547445255
small_sample	condition_2	metric_567	0.14356435643564355
small_sample	condition_2	metric_568	0.4815668202764977
small_sample	condition_2	metric_569	0.045871559633027525
small_sample	condition_2	metric_570	0.058823529411764705
small_sample	condition_2	metric_571	0.03015075376884422
small_sample	condition_2	metric_572	0.023923444976076555
small_sample	condition_2	metric_573	0.13440860215053763
small_sample	condition_2	metric_574	0.01090909090909091
small_sample	condition_2	metric_575	0.03888888888888889
small_sample	condition_2	metric_576	0.010309278350515464
small_sample	condition_2	metric_577	0.021929824561403508
small_sample	condition_2	metric_578	0.003401360544217687
small_sample	condition_2	metric_579	0.004132231404958678
small_sample	condition_2	metric_580	0.026905829596412557
small_sample	condition_2	metric_581	0.07428571428571429
small_sample	condition_2	metric_582	0.0
small_sample	condition_2	metric_583	0.17358490566037735
small_sample	condition_2	metric_584	0.02127659574468085
small_sample	condition_2	metric_585	0.03409090909090909
small_sample	condition_2	metric_586	0.4243243243243243
small_sample	condition_2	metric_587	0.015151515151515152
small_sample	condition_2	metric_588	0.16981132075471697
small_sample	condition_2	metric_589	0.21890547263681592
small_sample	condition_2	metric_590	0.10572687224669604
small_sample	condition_2	metric_591	0.07766990291262135
small_sample	condition_2	metric_592	0.011627906976744186
small_sample	condition_2	metric_593	0.019762845849802372
small_sample	condition_2	metric_594	0.06382978723404255
small_sample	condition_2	metric_595	0.07211538461538461
small_sample	condition_2	metric_596	0.03414634146341464
small_sample	condition_2	metric_597	0.017006802721088437
small_sample	condition_2	metric_598	0.2304147465437788
small_sample	condition_2	metric_599	0.4256926952141058
small_sample	condition_2	metric_600	0.0684931506849315
small_sample	condition_3	metric_1	0.8051948051948052
small_sample	condition_3	metric_2	0.8789237668161435
small_sample	condition_3	metric_3	0.8969957081545065
small_sample	condition_3	metric_4	0.8798283261802575
small_sample	condition_3	metric_5	0.885593220338983
small_sample	condition_3	metric_6	0.925
small_sample	condition_3	metric_7	0.9244186046511628
small_sample	condition_3	metric_8	0.9113924050632911
small_sample	condition_3	metric_9	0.9240506329113924
small_sample	condition_3	metric_10	0.8755364806866953
small_sample	condition_3	metric_11	0.8425531914893617
small_sample	condition_3	metric_12	0.8888888888888888
small_sample	condition_3	metric_13	0.8068669527896996
small_sample	condition_3	metric_14	0.8791666666666667
small_sample	condition_3	metric_15	0.8416666666666667
small_sample	condition_3	metric_16	0.8333333333333334
small_sample	condition_3	metric_17	0.8432203389830508
small_sample	condition_3	metric_18	0.8916666666666667
small_sample	condition_3	metric_19	0.8061674008810573
small_sample	condition_3	metric_20	0.852017937219731
small_sample	condition_3	metric_21	0.8781512605042017
small_sample	condition_3	metric_22	0.865546218487395
small_sample	condition_3	metric_23	0.8541666666666666
small_sample	condition_3	metric_24	0.9041666666666667
small_sample	condition_3	metric_25	0.8532110091743119
small_sample	condition_3	metric_26	0.8312236286919831
small_sample	condition_3	metric_27	0.8918918918918919
small_sample	condition_3	metric_28	0.8041666666666667
small_sample	condition_3	metric_29	0.8151260504201681
small_sample	condition_3	metric_30	0.8680851063829788
small_sample	condition_3	metric_31	0.8340425531914893
small_sample	condition_3	metric_32	0.8994413407821229
small_sample	condition_3	metric_33	0.8798283261802575
small_sample	condition_3	metric_34	0.8855721393034826
small_sample	condition_3	metric_35	0.8268398268398268
small_sample	condition_3	metric_36	0.8583333333333333
small_sample	condition_3	metric_37	0.9037656903765691
small_sample	condition_3	metric_38	0.875
small_sample	condition_3	metric_39	0.809322033898305
small_sample	condition_3	metric_40	0.8744769874476988
small_sample	condition_3	metric_41	0.8458333333333333
small_sample	condition_3	metric_42	0.9041666666666667
small_sample	condition_3	metric_43	0.826271186440678
small_sample	condition_3	metric_44	0.9121338912133892
small_sample	condition_3	metric_45	0.8823529411764706
small_sample	condition_3	metric_46	0.9342105263157895
small_sample	condition_3	metric_47	0.8326359832635983
small_sample	condition_3	metric_48	0.9276595744680851
small_sample	condition_3	metric_49	0.8291666666666667
small_sample	condition_3	metric_50	0.8625
small_sample	condition_3	metric_51	0.8669527896995708
small_sample	condition_3	metric_52	0.8502415458937198
small_sample	condition_3	metric_53	0.8416666666666667
small_sample	condition_3	metric_54	0.8441558441558441
small_sample	condition_3	metric_55	0.8565400843881856
small_sample	condition_3	metric_56	0.8487394957983193
small_sample	condition_3	metric_57	0.8787878787878788
small_sample	condition_3	metric_58	0.9414225941422594
small_sample	condition_3	metric_59	0.8625
small_sample	condition_3	metric_60	0.8138528138528138
small_sample	condition_3	metric_61	0.8163265306122449
small_sample	condition_3	metric_62	0.9
small_sample	condition_3	metric_63	0.9111111111111111
small_sample	condition_3	metric_64	0.8454106280193237
small_sample	condition_3	metric_65	0.7828282828282829
small_sample	condition_3	metric_66	0.8410041841004184
small_sample	condition_3	metric_67	0.8791666666666667
small_sample	condition_3	metric_68	0.85
small_sample	condition_3	metric_69	0.8916666666666667
small_sample	condition_3	metric_70	0.8781512605042017
small_sample	condition_3	metric_71	0.8908296943231441
small_sample	condition_3	metric_72	0.9004739336492891
small_sample	condition_3	metric_73	0.9399141630901288
small_sample	condition_3	metric_74	0.9083333333333333
small_sample	condition_3	metric_75	0.8675213675213675
small_sample	condition_3	metric_76	0.9315068493150684
small_sample	condition_3	metric_77	0.8734177215189873
small_sample	condition_3	metric_78	0.883248730964467
small_sample	condition_3	metric_79	0.8661087866108786
small_sample	condition_3	metric_80	0.8227848101265823
small_sample	condition_3	metric_81	0.8583333333333333
small_sample	condition_3	metric_82	0.8458333333333333
small_sample	condition_3	metric_83	0.9156118143459916
small_sample	condition_3	metric_84	0.8461538461538461
small_sample	condition_3	metric_85	0.8776371308016878
small_sample	condition_3	metric_86	0.9208333333333333
small_sample	condition_3	metric_87	0.8200836820083682
small_sample	condition_3	metric_88	0.8497652582159625
small_sample	condition_3	metric_89	0.8958333333333334
small_sample	condition_3	metric_90	0.869198312236287
small_sample	condition_3	metric_91	0.8601694915254238
small_sample	condition_3	metric_92	0.8755364806866953
small_sample	condition_3	metric_93	0.9090909090909091
small_sample	condition_3	metric_94	0.9227467811158798
small_sample	condition_3	metric_95	0.8646288209606987
small_sample	condition_3	metric_96	0.8923766816143498
small_sample	condition_3	metric_97	0.8312236286919831
small_sample	condition_3	metric_98	0.9102564102564102
small_sample	condition_3	metric_99	0.8798283261802575
small_sample	condition_3	metric_100	0.8702928870292888
small_sample	condition_3	metric_101	0.765625
small_sample	condition_3	metric_102	0.7381703470031545
small_sample	condition_3	metric_103	0.8301886792452831
small_sample	condition_3	metric_104	0.6773162939297125
small_sample	condition_3	metric_105	0.71875
small_sample	condition_3	metric_106	0.771875
small_sample	condition_3	metric_107	0.73125
small_sample	condition_3	metric_108	0.759375
small_sample	condition_3	metric_109	0.753125
small_sample	condition_3	metric_110	0.6381578947368421
small_sample	condition_3	metric_111	0.66875
small_sample	condition_3	metric_112	0.871875
small_sample	condition_3	metric_113	0.715625
small_sample	condition_3	metric_114	0.7586206896551724
small_sample	condition_3	metric_115	0.653125
small_sample	condition_3	metric_116	0.5854430379746836
small_sample	condition_3	metric_117	0.6120401337792643
small_sample	condition_3	metric_118	0.7
small_sample	condition_3	metric_119	0.775
small_sample	condition_3	metric_120	0.875
small_sample	condition_3	metric_121	0.5884244372990354
small_sample	condition_3	metric_122	0.665625
small_sample	condition_3	metric_123	0.77491961414791
small_sample	condition_3	metric_124	0.6498422712933754
small_sample	condition_3	metric_125	0.7931034482758621
small_sample	condition_3	metric_126	0.6915584415584416
small_sample	condition_3	metric_127	0.6363636363636364
small_sample	condition_3	metric_128	0.8064516129032258
small_sample	condition_3	metric_129	0.696875
small_sample	condition_3	metric_130	0.696875
small_sample	condition_3	metric_131	0.6886792452830188
small_sample	condition_3	metric_132	0.73125
small_sample	condition_3	metric_133	0.659375
small_sample	condition_3	metric_134	0.83125
small_sample	condition_3	metric_135	0.709375
small_sample	condition_3	metric_136	0.75
small_sample	condition_3	metric_137	0.803125
small_sample	condition_3	metric_138	0.734375
small_sample	condition_3	metric_139	0.6105610561056105
small_sample	condition_3	metric_140	0.8625
small_sample	condition_3	metric_141	0.7
small_sample	condition_3	metric_142	0.6494845360824743
small_sample	condition_3	metric_143	0.690625
small_sample	condition_3	metric_144	0.6151419558359621
small_sample	condition_3	metric_145	0.640625
small_sample	condition_3	metric_146	0.68125
small_sample	condition_3	metric_147	0.765079365079365
small_sample	condition_3	metric_148	0.7972972972972973
small_sample	condition_3	metric_149	0.5656565656565656
small_sample	condition_3	metric_150	0.690625
small_sample	condition_3	metric_151	0.7133757961783439
small_sample	condition_3	metric_152	0.6875
small_sample	condition_3	metric_153	0.6598639455782312
small_sample	condition_3	metric_154	0.7931034482758621
small_sample	condition_3	metric_155	0.5302013422818792
small_sample	condition_3	metric_156	0.71875
small_sample	condition_3	metric_157	0.725
small_sample	condition_3	metric_158	0.6503267973856209
small_sample	condition_3	metric_159	0.840625
small_sample	condition_3	metric_160	0.5725190839694656
small_sample	condition_3	metric_161	0.6025236593059937
small_sample	condition_3	metric_162	0.6823899371069182
small_sample	condition_3	metric_163	0.5949367088607594
small_sample	condition_3	metric_164	0.734375
small_sample	condition_3	metric_165	0.775
small_sample	condition_3	metric_166	0.7859424920127795
small_sample	condition_3	metric_167	0.7635782747603834
small_sample	condition_3	metric_168	0.66875
small_sample	condition_3	metric_169	0.753125
small_sample	condition_3	metric_170	0.6416938110749185
small_sample	condition_3	metric_171	0.658307210031348
small_sample	condition_3	metric_172	0.678125
small_sample	condition_3	metric_173	0.690625
small_sample	condition_3	metric_174	0.7358490566037735
small_sample	condition_3	metric_175	0.5714285714285714
small_sample	condition_3	metric_176	0.725
small_sample	condition_3	metric_177	0.7215189873417721
small_sample	condition_3	metric_178	0.6981132075471698
small_sample	condition_3	metric_179	0.7468354430379747
small_sample	condition_3	metric_180	0.753125
small_sample	condition_3	metric_181	0.7307692307692307
small_sample	condition_3	metric_182	0.6698412698412698
small_sample	condition_3	metric_183	0.7789115646258503
small_sample	condition_3	metric_184	0.7169811320754716
small_sample	condition_3	metric_185	0.7898089171974523
small_sample	condition_3	metric_186	0.715625
small_sample	condition_3	metric_187	0.609375
small_sample	condition_3	metric_188	0.71875
small_sample	condition_3	metric_189	0.6006711409395973
small_sample	condition_3	metric_190	0.6038338658146964
small_sample	condition_3	metric_191	0.6964856230031949
small_sample	condition_3	metric_192	0.6163522012578616
small_sample	condition_3	metric_193	0.8463949843260188
small_sample	condition_3	metric_194	0.76875
small_sample	condition_3	metric_195	0.7515923566878981
small_sample	condition_3	metric_196	0.62751677852349
small_sample	condition_3	metric_197	0.78125
small_sample	condition_3	metric_198	0.6238244514106583
small_sample	condition_3	metric_199	0.5968253968253968
small_sample	condition_3	metric_200	0.80625
small_sample	condition_3	metric_201	0.685
small_sample	condition_3	metric_202	0.6784810126582278
small_sample	condition_3	metric_203	0.55
small_sample	condition_3	metric_204	0.475
small_sample	condition_3	metric_205	0.7425
small_sample	condition_3	metric_206	0.5527638190954773
small_sample	condition_3	metric_207	0.6125
small_sample	condition_3	metric_208	0.4128205128205128
small_sample	condition_3	metric_209	0.6598984771573604
small_sample	condition_3	metric_210	0.6967418546365914
small_sample	condition_3	metric_211	0.6625
small_sample	condition_3	metric_212	0.6077922077922078
small_sample	condition_3	metric_213	0.5989974937343359
small_sample	condition_3	metric_214	0.6040100250626567
small_sample	condition_3	metric_215	0.57
small_sample	condition_3	metric_216	0.4948717948717949
small_sample	condition_3	metric_217	0.5025380710659898
small_sample	condition_3	metric_218	0.5404040404040404
small_sample	condition_3	metric_219	0.5510204081632653
small_sample	condition_3	metric_220	0.5772151898734177
small_sample	condition_3	metric_221	0.5089974293059126
small_sample	condition_3	metric_222	0.65
small_sample	condition_3	metric_223	0.7884130982367759
small_sample	condition_3	metric_224	0.65
small_sample	condition_3	metric_225	0.5778894472361809
small_sample	condition_3	metric_226	0.5
small_sample	condition_3	metric_227	0.61
small_sample	condition_3	metric_228	0.765
small_sample	condition_3	metric_229	0.7117794486215538
small_sample	condition_3	metric_230	0.755
small_sample	condition_3	metric_231	0.5175
small_sample	condition_3	metric_232	0.4975
small_sample	condition_3	metric_233	0.6525
small_sample	condition_3	metric_234	0.795
small_sample	condition_3	metric_235	0.6390977443609023
small_sample	condition_3	metric_236	0.645
small_sample	condition_3	metric_237	0.69
small_sample	condition_3	metric_238	0.6725
small_sample	condition_3	metric_239	0.6416040100250626
small_sample	condition_3	metric_240	0.83
small_sample	condition_3	metric_241	0.5852417302798982
small_sample	condition_3	metric_242	0.5964467005076142
small_sample	condition_3	metric_243	0.6425
small_sample	condition_3	metric_244	0.6206030150753769
small_sample	condition_3	metric_245	0.5368956743002544
small_sample	condition_3	metric_246	0.5580808080808081
small_sample	condition_3	metric_247	0.7788944723618091
small_sample	condition_3	metric_248	0.6675
small_sample	condition_3	metric_249	0.5062972292191436
small_sample	condition_3	metric_250	0.6340852130325815
small_sample	condition_3	metric_251	0.5416666666666666
small_sample	condition_3	metric_252	0.545
small_sample	condition_3	metric_253	0.535
small_sample	condition_3	metric_254	0.6525
small_sample	condition_3	metric_255	0.45
small_sample	condition_3	metric_256	0.595
small_sample	condition_3	metric_257	0.72
small_sample	condition_3	metric_258	0.4675
small_sample	condition_3	metric_259	0.5425
small_sample	condition_3	metric_260	0.45
small_sample	condition_3	metric_261	0.8
small_sample	condition_3	metric_262	0.7
small_sample	condition_3	metric_263	0.5625
small_sample	condition_3	metric_264	0.5825
small_sample	condition_3	metric_265	0.76
small_sample	condition_3	metric_266	0.775
small_sample	condition_3	metric_267	0.4898989898989899
small_sample	condition_3	metric_268	0.65
small_sample	condition_3	metric_269	0.66
small_sample	condition_3	metric_270	0.6575
small_sample	condition_3	metric_271	0.4020356234096692
small_sample	condition_3	metric_272	0.63
small_sample	condition_3	metric_273	0.4824120603015075
small_sample	condition_3	metric_274	0.765
small_sample	condition_3	metric_275	0.555
small_sample	condition_3	metric_276	0.6575
small_sample	condition_3	metric_277	0.5402010050251256
small_sample	condition_3	metric_278	0.81
small_sample	condition_3	metric_279	0.6420454545454546
small_sample	condition_3	metric_280	0.589873417721519
small_sample	condition_3	metric_281	0.585
small_sample	condition_3	metric_282	0.65
small_sample	condition_3	metric_283	0.585
small_sample	condition_3	metric_284	0.655
small_sample	condition_3	metric_285	0.4534005037783375
small_sample	condition_3	metric_286	0.6675
small_sample	condition_3	metric_287	0.6825
small_sample	condition_3	metric_288	0.785
small_sample	condition_3	metric_289	0.5100502512562815
small_sample	condition_3	metric_290	0.5401662049861495
small_sample	condition_3	metric_291	0.7225
small_sample	condition_3	metric_292	0.7125
small_sample	condition_3	metric_293	0.685
small_sample	condition_3	metric_294	0.5725
small_sample	condition_3	metric_295	0.5879396984924623
small_sample	condition_3	metric_296	0.45618556701030927
small_sample	condition_3	metric_297	0.6325
small_sample	condition_3	metric_298	0.525
small_sample	condition_3	metric_299	0.6175
small_sample	condition_3	metric_300	0.6525
small_sample	condition_3	metric_301	0.7345679012345679
small_sample	condition_3	metric_302	0.8875
small_sample	condition_3	metric_303	0.8153846153846154
small_sample	condition_3	metric_304	0.7973568281938326
small_sample	condition_3	metric_305	0.8632478632478633
small_sample	condition_3	metric_306	0.8388888888888889
small_sample	condition_3	metric_307	0.8744769874476988
small_sample	condition_3	metric_308	0.7987804878048781
small_sample	condition_3	metric_309	0.8270042194092827
small_sample	condition_3	metric_310	0.8734177215189873
small_sample	condition_3	metric_311	0.8291666666666667
small_sample	condition_3	metric_312	0.8893805309734514
small_sample	condition_3	metric_313	0.7751196172248804
small_sample	condition_3	metric_314	0.8628318584070797
small_sample	condition_3	metric_315	0.9243697478991597
small_sample	condition_3	metric_316	0.8362068965517241
small_sample	condition_3	metric_317	0.8686440677966102
small_sample	condition_3	metric_318	0.8391304347826087
small_sample	condition_3	metric_319	0.8451882845188284
small_sample	condition_3	metric_320	0.8708133971291866
small_sample	condition_3	metric_321	0.7830188679245284
small_sample	condition_3	metric_322	0.8232323232323232
small_sample	condition_3	metric_323	0.8181818181818182
small_sample	condition_3	metric_324	0.848780487804878
small_sample	condition_3	metric_325	0.7976190476190477
small_sample	condition_3	metric_326	0.8130434782608695
small_sample	condition_3	metric_327	0.8378378378378378
small_sample	condition_3	metric_328	0.8521739130434782
small_sample	condition_3	metric_329	0.8
small_sample	condition_3	metric_330	0.8217391304347826
small_sample	condition_3	metric_331	0.8155339805825242
small_sample	condition_3	metric_332	0.8357487922705314
small_sample	condition_3	metric_333	0.8514851485148515
small_sample	condition_3	metric_334	0.8691099476439791
small_sample	condition_3	metric_335	0.8161434977578476
small_sample	condition_3	metric_336	0.8296943231441049
small_sample	condition_3	metric_337	0.8414096916299559
small_sample	condition_3	metric_338	0.8468085106382979
small_sample	condition_3	metric_339	0.7724867724867724
small_sample	condition_3	metric_340	0.8227848101265823
small_sample	condition_3	metric_341	0.8040201005025126
small_sample	condition_3	metric_342	0.8708333333333333
small_sample	condition_3	metric_343	0.8235294117647058
small_sample	condition_3	metric_344	0.8225108225108225
small_sample	condition_3	metric_345	0.8828451882845189
small_sample	condition_3	metric_346	0.8888888888888888
small_sample	condition_3	metric_347	0.8375
small_sample	condition_3	metric_348	0.922077922077922
small_sample	condition_3	metric_349	0.8451882845188284
small_sample	condition_3	metric_350	0.8421052631578947
small_sample	condition_3	metric_351	0.817351598173516
small_sample	condition_3	metric_352	0.8354430379746836
small_sample	condition_3	metric_353	0.8104265402843602
small_sample	condition_3	metric_354	0.8632075471698113
small_sample	condition_3	metric_355	0.8584474885844748
small_sample	condition_3	metric_356	0.8170212765957446
small_sample	condition_3	metric_357	0.8348214285714286
small_sample	condition_3	metric_358	0.8672566371681416
small_sample	condition_3	metric_359	0.8281938325991189
small_sample	condition_3	metric_360	0.7909090909090909
small_sample	condition_3	metric_361	0.8354430379746836
small_sample	condition_3	metric_362	0.8553191489361702
small_sample	condition_3	metric_363	0.8050847457627118
small_sample	condition_3	metric_364	0.8535564853556485
small_sample	condition_3	metric_365	0.7650602409638554
small_sample	condition_3	metric_366	0.8451882845188284
small_sample	condition_3	metric_367	0.8649789029535865
small_sample	condition_3	metric_368	0.8248847926267281
small_sample	condition_3	metric_369	0.8625
small_sample	condition_3	metric_370	0.8347457627118644
small_sample	condition_3	metric_371	0.8523206751054853
small_sample	condition_3	metric_372	0.821917808219178
small_sample	condition_3	metric_373	0.8312236286919831
small_sample	condition_3	metric_374	0.9055793991416309
small_sample	condition_3	metric_375	0.8143459915611815
small_sample	condition_3	metric_376	0.8445378151260504
small_sample	condition_3	metric_377	0.794392523364486
small_sample	condition_3	metric_378	0.8458333333333333
small_sample	condition_3	metric_379	0.865546218487395
small_sample	condition_3	metric_380	0.7669902912621359
small_sample	condition_3	metric_381	0.8595744680851064
small_sample	condition_3	metric_382	0.8208955223880597
small_sample	condition_3	metric_383	0.9013452914798207
small_sample	condition_3	metric_384	0.8127659574468085
small_sample	condition_3	metric_385	0.8172043010752689
small_sample	condition_3	metric_386	0.8431372549019608
small_sample	condition_3	metric_387	0.7860696517412935
small_sample	condition_3	metric_388	0.8086124401913876
small_sample	condition_3	metric_389	0.865546218487395
small_sample	condition_3	metric_390	0.8717948717948718
small_sample	condition_3	metric_391	0.8203883495145631
small_sample	condition_3	metric_392	0.825531914893617
small_sample	condition_3	metric_393	0.8218390804597702
small_sample	condition_3	metric_394	0.821917808219178
small_sample	condition_3	metric_395	0.8191489361702128
small_sample	condition_3	metric_396	0.8541666666666666
small_sample	condition_3	metric_397	0.8177339901477833
small_sample	condition_3	metric_398	0.8465116279069768
small_sample	condition_3	metric_399	0.8823529411764706
small_sample	condition_3	metric_400	0.8571428571428571
small_sample	condition_3	metric_401	0.746875
small_sample	condition_3	metric_402	0.7108843537414966
small_sample	condition_3	metric_403	0.797153024911032
small_sample	condition_3	metric_404	0.5967213114754099
small_sample	condition_3	metric_405	0.6699346405228758
small_sample	condition_3	metric_406	0.7528089887640449
small_sample	condition_3	metric_407	0.6693877551020408
small_sample	condition_3	metric_408	0.6132075471698113
small_sample	condition_3	metric_409	0.6981132075471698
small_sample	condition_3	metric_410	0.621875
small_sample	condition_3	metric_411	0.6236559139784946
small_sample	condition_3	metric_412	0.84375
small_sample	condition_3	metric_413	0.7084639498432602
small_sample	condition_3	metric_414	0.6170886075949367
small_sample	condition_3	metric_415	0.6331168831168831
small_sample	condition_3	metric_416	0.5559701492537313
small_sample	condition_3	metric_417	0.6238244514106583
small_sample	condition_3	metric_418	0.7476340694006309
small_sample	condition_3	metric_419	0.6868327402135231
small_sample	condition_3	metric_420	0.7375
small_sample	condition_3	metric_421	0.6506410256410257
small_sample	condition_3	metric_422	0.671875
small_sample	condition_3	metric_423	0.6786885245901639
small_sample	condition_3	metric_424	0.5766666666666667
small_sample	condition_3	metric_425	0.707641196013289
small_sample	condition_3	metric_426	0.5754716981132075
small_sample	condition_3	metric_427	0.528957528957529
small_sample	condition_3	metric_428	0.7049180327868853
small_sample	condition_3	metric_429	0.7435064935064936
small_sample	condition_3	metric_430	0.5636363636363636
small_sample	condition_3	metric_431	0.6233333333333333
small_sample	condition_3	metric_432	0.6528662420382165
small_sample	condition_3	metric_433	0.6455696202531646
small_sample	condition_3	metric_434	0.6577946768060836
small_sample	condition_3	metric_435	0.6019417475728155
small_sample	condition_3	metric_436	0.640625
small_sample	condition_3	metric_437	0.740506329113924
small_sample	condition_3	metric_438	0.6194968553459119
small_sample	condition_3	metric_439	0.5602836879432624
small_sample	condition_3	metric_440	0.73
small_sample	condition_3	metric_441	0.5986394557823129
small_sample	condition_3	metric_442	0.6170886075949367
small_sample	condition_3	metric_443	0.56
small_sample	condition_3	metric_444	0.625
small_sample	condition_3	metric_445	0.587248322147651
small_sample	condition_3	metric_446	0.6720257234726688
small_sample	condition_3	metric_447	0.7072243346007605
small_sample	condition_3	metric_448	0.6928327645051194
small_sample	condition_3	metric_449	0.5789473684210527
small_sample	condition_3	metric_450	0.6172413793103448
small_sample	condition_3	metric_451	0.6761006289308176
small_sample	condition_3	metric_452	0.647887323943662
small_sample	condition_3	metric_453	0.6077170418006431
small_sample	condition_3	metric_454	0.7105263157894737
small_sample	condition_3	metric_455	0.5570469798657718
small_sample	condition_3	metric_456	0.6265822784810127
small_sample	condition_3	metric_457	0.6462585034013606
small_sample	condition_3	metric_458	0.5341365461847389
small_sample	condition_3	metric_459	0.6177474402730375
small_sample	condition_3	metric_460	0.6333333333333333
small_sample	condition_3	metric_461	0.6019108280254777
small_sample	condition_3	metric_462	0.6109215017064846
small_sample	condition_3	metric_463	0.5683453237410072
small_sample	condition_3	metric_464	0.69375
small_sample	condition_3	metric_465	0.6963696369636964
small_sample	condition_3	metric_466	0.667741935483871
small_sample	condition_3	metric_467	0.7027027027027027
small_sample	condition_3	metric_468	0.6517241379310345
small_sample	condition_3	metric_469	0.66875
small_sample	condition_3	metric_470	0.5110132158590308
small_sample	condition_3	metric_471	0.6179401993355482
small_sample	condition_3	metric_472	0.5910652920962199
small_sample	condition_3	metric_473	0.64375
small_sample	condition_3	metric_474	0.6379928315412187
small_sample	condition_3	metric_475	0.5496688741721855
small_sample	condition_3	metric_476	0.597444089456869
small_sample	condition_3	metric_477	0.6401273885350318
small_sample	condition_3	metric_478	0.7229437229437229
small_sample	condition_3	metric_479	0.774294670846395
small_sample	condition_3	metric_480	0.717948717948718
small_sample	condition_3	metric_481	0.6587837837837838
small_sample	condition_3	metric_482	0.6215139442231076
small_sample	condition_3	metric_483	0.6792452830188679
small_sample	condition_3	metric_484	0.6387096774193548
small_sample	condition_3	metric_485	0.620253164556962
small_sample	condition_3	metric_486	0.6305732484076433
small_sample	condition_3	metric_487	0.5760517799352751
small_sample	condition_3	metric_488	0.5703422053231939
small_sample	condition_3	metric_489	0.621875
small_sample	condition_3	metric_490	0.5324232081911263
small_sample	condition_3	metric_491	0.6317460317460317
small_sample	condition_3	metric_492	0.5585284280936454
small_sample	condition_3	metric_493	0.7702265372168284
small_sample	condition_3	metric_494	0.6698113207547169
small_sample	condition_3	metric_495	0.6410256410256411
small_sample	condition_3	metric_496	0.7586206896551724
small_sample	condition_3	metric_497	0.6533333333333333
small_sample	condition_3	metric_498	0.5806451612903226
small_sample	condition_3	metric_499	0.5411764705882353
small_sample	condition_3	metric_500	0.64576802507837
small_sample	condition_3	metric_501	0.5202020202020202
small_sample	condition_3	metric_502	0.5282051282051282
small_sample	condition_3	metric_503	0.4790575916230366
small_sample	condition_3	metric_504	0.5328083989501312
small_sample	condition_3	metric_505	0.7675
small_sample	condition_3	metric_506	0.46883468834688347
small_sample	condition_3	metric_507	0.5639097744360902
small_sample	condition_3	metric_508	0.4025641025641026
small_sample	condition_3	metric_509	0.507537688442211
small_sample	condition_3	metric_510	0.5167597765363129
small_sample	condition_3	metric_511	0.5968992248062015
small_sample	condition_3	metric_512	0.5447368421052632
small_sample	condition_3	metric_513	0.5038961038961038
small_sample	condition_3	metric_514	0.6992481203007519
small_sample	condition_3	metric_515	0.4824561403508772
small_sample	condition_3	metric_516	0.6225
small_sample	condition_3	metric_517	0.5213032581453634
small_sample	condition_3	metric_518	0.5089058524173028
small_sample	condition_3	metric_519	0.4411764705882353
small_sample	condition_3	metric_520	0.5
small_sample	condition_3	metric_521	0.5400593471810089
small_sample	condition_3	metric_522	0.5184210526315789
small_sample	condition_3	metric_523	0.6322418136020151
small_sample	condition_3	metric_524	0.5968992248062015
small_sample	condition_3	metric_525	0.4929078014184397
small_sample	condition_3	metric_526	0.4843304843304843
small_sample	condition_3	metric_527	0.6425
small_sample	condition_3	metric_528	0.475
small_sample	condition_3	metric_529	0.5226130653266332
small_sample	condition_3	metric_530	0.6425
small_sample	condition_3	metric_531	0.695
small_sample	condition_3	metric_532	0.47619047619047616
small_sample	condition_3	metric_533	0.58
small_sample	condition_3	metric_534	0.6222222222222222
small_sample	condition_3	metric_535	0.5675
small_sample	condition_3	metric_536	0.5028089887640449
small_sample	condition_3	metric_537	0.5488721804511278
small_sample	condition_3	metric_538	0.6310432569974554
small_sample	condition_3	metric_539	0.495
small_sample	condition_3	metric_540	0.5
small_sample	condition_3	metric_541	0.5081081081081081
small_sample	condition_3	metric_542	0.63
small_sample	condition_3	metric_543	0.575
small_sample	condition_3	metric_544	0.4777777777777778
small_sample	condition_3	metric_545	0.5388471177944862
small_sample	condition_3	metric_546	0.592375366568915
small_sample	condition_3	metric_547	0.5429292929292929
small_sample	condition_3	metric_548	0.6124661246612466
small_sample	condition_3	metric_549	0.4274193548387097
small_sample	condition_3	metric_550	0.4825
small_sample	condition_3	metric_551	0.4849246231155779
small_sample	condition_3	metric_552	0.4634760705289673
small_sample	condition_3	metric_553	0.4157608695652174
small_sample	condition_3	metric_554	0.49868766404199477
small_sample	condition_3	metric_555	0.41131105398457585
small_sample	condition_3	metric_556	0.4423076923076923
small_sample	condition_3	metric_557	0.610126582278481
small_sample	condition_3	metric_558	0.467005076142132
small_sample	condition_3	metric_559	0.40591397849462363
small_sample	condition_3	metric_560	0.4110787172011662
small_sample	condition_3	metric_561	0.716931216931217
small_sample	condition_3	metric_562	0.4823232323232323
small_sample	condition_3	metric_563	0.7486187845303868
small_sample	condition_3	metric_564	0.5410764872521246
small_sample	condition_3	metric_565	0.4949748743718593
small_sample	condition_3	metric_566	0.6574307304785895
small_sample	condition_3	metric_567	0.4576719576719577
small_sample	condition_3	metric_568	0.5625
small_sample	condition_3	metric_569	0.5416666666666666
small_sample	condition_3	metric_570	0.5360824742268041
small_sample	condition_3	metric_571	0.4825
small_sample	condition_3	metric_572	0.5298701298701298
small_sample	condition_3	metric_573	0.44972067039106145
small_sample	condition_3	metric_574	0.681704260651629
small_sample	condition_3	metric_575	0.4540682414698163
small_sample	condition_3	metric_576	0.5231607629427792
small_sample	condition_3	metric_577	0.5631313131313131
small_sample	condition_3	metric_578	0.7343358395989975
small_sample	condition_3	metric_579	0.6025
small_sample	condition_3	metric_580	0.543859649122807
small_sample	condition_3	metric_581	0.4297082228116711
small_sample	condition_3	metric_582	0.8
small_sample	condition_3	metric_583	0.5488721804511278
small_sample	condition_3	metric_584	0.5989583333333334
small_sample	condition_3	metric_585	0.4282115869017632
small_sample	condition_3	metric_586	0.5325
small_sample	condition_3	metric_587	0.65
small_sample	condition_3	metric_588	0.44
small_sample	condition_3	metric_589	0.46726190476190477
small_sample	condition_3	metric_590	0.5456989247311828
small_sample	condition_3	metric_591	0.5337078651685393
small_sample	condition_3	metric_592	0.6390977443609023
small_sample	condition_3	metric_593	0.6215538847117794
small_sample	condition_3	metric_594	0.5541561712846348
small_sample	condition_3	metric_595	0.4825
small_sample	condition_3	metric_596	0.5
small_sample	condition_3	metric_597	0.7225
small_sample	condition_3	metric_598	0.48546511627906974
small_sample	condition_3	metric_599	0.5757575757575758
small_sample	condition_3	metric_600	0.5284974093264249
