time_s	temperature_K	field_Oe	magnetic_moment_emu	moment_std_err_emu
3839651416	859.9960938	0.14690122	8.45E-06	4.28E-08
3839651426	860.0128784	100.0642166	9.99E-05	2.63E-08
3839651437	859.9954834	199.83461	0.000135856	2.09E-08
3839651448	860.001709	299.8743591	0.000155149	3.77E-08
3839651459	859.9953003	399.8773499	0.000168919	2.81E-08
3839651470	859.9959717	499.8313599	0.000180003	3.92E-08
3839651485	860.0171509	599.7609253	0.00018951	4.66E-08
3839651495	860.00177	699.7761841	0.000198337	3.97E-08
3839651506	860.0083008	799.7669678	0.0002067	1.22E-07
3839651517	859.9957275	899.7822266	0.000214836	6.55E-08
3839651528	859.9833984	999.8218994	0.000222544	5.12E-08
3839651541	860.0146484	1099.629028	0.000229949	3.48E-08
3839651552	859.9907227	1199.742188	0.00023754	6.78E-08
3839651564	860.008667	1299.830933	0.000244837	5.75E-08
3839651575	860.0049438	1400.286865	0.000252181	3.24E-08
3839651587	860.0240479	1500.228638	0.000259368	1.10E-07
3839651597	860.0128174	1600.182617	0.000266523	1.07E-07
3839651608	860.0050049	1700.185669	0.000273698	4.54E-08
3839651619	859.9935913	1800.20105	0.000280614	4.03E-08
3839651630	860.0045776	1900.314209	0.000287524	4.38E-08
3839651641	860.012085	2000.35376	0.000294434	8.00E-08
3839651652	859.9980469	2099.695801	0.00030122	7.19E-08
3839651662	860.0252075	2199.943604	0.000307988	5.96E-08
3839651673	859.9953613	2299.652832	0.000314727	7.32E-08
3839651684	859.9907227	2400.072021	0.000321515	6.31E-08
3839651695	860.0167847	2500.087402	0.000328265	6.65E-08
3839651707	859.9851074	2600.176025	0.000335066	9.74E-08
3839651719	860.0022583	2700.240234	0.00034179	5.34E-08
3839651730	859.9967041	2799.863525	0.00034853	5.09E-08
3839651741	860.0080566	2899.854492	0.000355211	1.09E-07
3839651751	860.0068359	2999.906494	0.000361962	8.16E-08
3839651762	860.008728	3099.762451	0.000368639	5.04E-08
3839651773	860.0160522	3199.630859	0.000375367	6.68E-08
3839651784	860.0202026	3299.939941	0.000381893	9.33E-08
3839651795	859.9810181	3399.722656	0.000388596	1.38E-07
3839651805	860.0092163	3499.958252	0.000395248	5.45E-08
3839651817	859.9994507	3599.75293	0.000401923	7.12E-08
3839651828	859.9989014	3699.817383	0.000408679	8.41E-08
3839651840	860.0227051	3799.83252	0.000415226	8.36E-08
3839651851	860.0203857	3899.835449	0.000421789	1.17E-07
3839651862	859.9842529	3999.507813	0.000428523	5.53E-08
3839651873	860.015686	4099.510742	0.000435038	9.99E-08
3839651884	860.0087891	4199.636719	0.00044163	6.39E-08
3839651895	859.9822998	4299.578125	0.000448048	1.04E-07
3839651906	860.0076294	4399.654785	0.000454571	7.48E-08
3839651920	859.9891968	4500.147461	0.000461115	1.02E-07
3839651931	859.9910278	4600.064941	0.00046776	1.39E-07
3839651943	860.0800781	4699.700684	0.000474248	8.75E-08
3839651954	860.0444336	4799.593262	0.000480521	1.63E-07
3839651966	860.0139771	4899.608398	0.00048708	1.40E-07
3839651978	860.0003662	4999.586914	0.000493687	1.60E-07
3839651989	860.0144043	5099.614746	0.00050023	6.23E-08
3839652001	859.9920654	5199.886719	0.000506929	9.71E-08
3839652012	859.9946899	5299.608398	0.000513252	1.12E-07
3839652024	859.989624	5399.708984	0.000519786	1.58E-07
3839652036	859.9976196	5499.491699	0.000526195	1.28E-07
3839652048	859.9572754	5599.788574	0.000532762	1.69E-07
3839652059	859.9868164	5699.522461	0.000539418	1.14E-07
3839652070	859.9742432	5799.562012	0.000545664	1.66E-07
3839652082	860.0271606	5899.932617	0.000552181	1.37E-07
3839652093	859.9891357	5999.837402	0.000558661	2.04E-07
3839652105	860.0115967	6099.558594	0.000564854	1.93E-07
3839652116	859.9909668	6199.524902	0.000571397	1.40E-07
3839652127	859.9866333	6299.527832	0.000577809	8.58E-08
3839652139	859.996582	6399.567871	0.000584157	1.69E-07
3839652151	860.006897	6499.852539	0.00059065	1.17E-07
3839652165	860.0102539	6600.308594	0.000597002	2.14E-07
3839652176	860.0075684	6700.054199	0.000603597	1.03E-07
3839652187	859.9929199	6799.519043	0.000610141	1.42E-07
3839652199	860.0134888	6899.533691	0.000616774	9.99E-08
3839652210	859.9887085	6999.793945	0.000623337	1.36E-07
3839652221	860	7099.649902	0.000629708	1.88E-07
3839652232	859.9994507	7199.714355	0.000636157	1.03E-07
3839652244	859.9935303	7299.791016	0.000642793	9.87E-08
3839652254	859.9939575	7399.62207	0.00064917	1.70E-07
3839652265	860.0100098	7499.661621	0.000655389	1.59E-07
3839652276	860.0420532	7599.65332	0.000661974	1.06E-07
3839652286	859.9927979	7699.619629	0.000668409	1.24E-07
3839652297	860.0112305	7799.609863	0.000674746	1.49E-07
3839652308	860.0115356	7899.809082	0.000681193	2.45E-07
3839652319	860.02771	7999.640137	0.000687618	1.01E-07
3839652329	860.013916	8099.753418	0.000694032	1.47E-07
3839652340	859.9897461	8199.646484	0.000700646	9.31E-08
3839652351	859.994751	8299.576172	0.000706761	1.31E-07
3839652362	860.0185547	8399.554688	0.000713168	2.89E-07
3839652373	859.989502	8499.582031	0.00071975	1.24E-07
3839652384	860.0306396	8599.854492	0.000726131	1.59E-07
3839652394	860.0152588	8699.563477	0.000732339	1.67E-07
3839652406	859.9880981	8799.651367	0.000738757	1.94E-07
3839652417	860.0075684	8899.679688	0.000745403	1.21E-07
3839652428	859.9729614	8999.731445	0.00075185	1.33E-07
3839652438	860.0074463	9099.612305	0.000758145	1.07E-07
3839652449	860.0021973	9199.664063	0.000764639	1.49E-07
3839652460	859.9863281	9299.544922	0.000770675	3.13E-07
3839652471	859.9911499	9399.523438	0.000777326	1.92E-07
3839652481	860.0123901	9499.575195	0.000783816	3.33E-07
3839652492	860.0103149	9599.59082	0.0007902	1.92E-07
3839652512	860.0100098	9699.520508	0.000797011	7.26E-08
3839652523	859.9672241	9799.755859	0.000803391	1.86E-07
3839652533	860.0081177	9899.563477	0.000809434	2.77E-07
3839652544	859.9975586	9999.566406	0.000815857	9.99E-08
3839652556	859.9963379	10099.77734	0.000822293	9.20E-08
3839652567	859.9870605	10199.46191	0.000828492	2.79E-07
3839652587	860.00354	10299.75879	0.000835045	1.83E-07
3839652597	859.9963989	10399.65137	0.000841389	3.18E-07
3839652609	860.0300293	10499.67871	0.000847869	3.09E-07
3839652620	860.0076294	10599.58398	0.000854397	2.41E-07
3839652632	859.9869385	10699.5625	0.000860759	3.14E-07
3839652643	860.0058594	10799.57813	0.000867319	2.15E-07
3839652655	859.9744263	10899.6416	0.000873738	2.70E-07
3839652666	859.9967041	10999.80371	0.000880078	3.11E-07
3839652678	859.9937134	11099.78223	0.000886384	2.75E-07
3839652689	860.0053101	11199.8584	0.000893005	1.14E-07
3839652701	859.9989624	11299.6416	0.000898938	1.99E-07
3839652712	859.9990234	11399.69336	0.000905626	3.39E-07
3839652724	859.9957275	11499.59863	0.000911954	3.96E-07
3839652735	859.9846191	11599.76074	0.000918595	2.45E-07
3839652747	860	11699.77637	0.000924626	2.54E-07
3839652758	859.9974365	11799.70508	0.000931326	3.39E-07
3839652770	860.0127563	11899.58594	0.000937724	1.76E-07
3839652782	859.9890747	11999.74805	0.000944099	4.12E-07
3839652793	860.0111694	12099.84863	0.000950464	1.59E-07
3839652804	859.9854736	12199.83984	0.000956835	1.86E-07
3839652816	860.000061	12299.74512	0.000963167	3.27E-07
3839652827	859.9827271	12399.77246	0.000969851	3.02E-07
3839652839	859.9865723	12499.65332	0.000975935	3.40E-07
3839652850	859.9970703	12599.57031	0.000982566	2.42E-07
3839652862	859.9733276	12699.69629	0.000988923	2.66E-07
3839652873	859.9886475	12799.77246	0.00099543	3.38E-07
3839652885	859.994812	12899.60352	0.001001804	2.03E-07
3839652896	859.9973145	12999.75391	0.001008012	1.92E-07
3839652908	860.0367432	13099.59766	0.001014487	3.95E-07
3839652919	859.9811401	13199.52734	0.001020947	3.60E-07
3839652931	860.0011597	13299.68945	0.001027127	2.10E-07
3839652942	859.994812	13399.72852	0.001033443	2.23E-07
3839652954	860.0087891	13499.53516	0.001039651	3.63E-07
3839652965	859.9786377	13599.58789	0.001046055	2.78E-07
3839652977	860.0064697	13699.54199	0.001052379	1.65E-07
3839652988	860.0169067	13799.59375	0.001058569	3.87E-07
3839652999	860.0141602	13899.85449	0.00105979	4.63E-06
3839653011	860.005127	13999.68555	0.001071003	2.12E-07
3839653022	859.9833984	14099.55371	0.001077664	2.51E-07
3839653043	860.0102539	14199.54492	0.00108415	2.98E-07
3839653053	860.0440674	14299.57227	0.001090428	2.97E-07
3839653064	859.9957886	14399.73438	0.001096899	3.84E-07
3839653076	859.986145	14499.75	0.001103331	2.96E-07
3839653087	860.0117188	14599.59277	0.001109856	1.39E-07
3839653099	859.9872437	14699.46191	0.001116156	1.67E-07
3839653110	859.9869995	14799.77051	0.001122339	3.63E-07
3839653122	859.977417	14899.78613	0.001128764	2.13E-07
3839653133	859.9847412	14999.80176	0.001134991	4.07E-07
3839653145	860.0081787	15099.80469	0.001141499	1.97E-07
3839653156	859.9871216	15199.74707	0.001147603	2.77E-07
3839653167	860.031311	15299.70117	0.001154078	4.32E-07
3839653178	860.039978	15399.69043	0.001160266	3.57E-07
3839653190	859.9891357	15499.71973	0.001166555	4.24E-07
3839653202	860.0314941	15599.74707	0.001173091	3.28E-07
3839653213	860.0167236	15699.78613	0.001179446	3.21E-07
3839653225	859.980835	15799.76563	0.001185671	4.43E-07
3839653236	860.0077515	15899.81543	0.001192153	4.00E-07
3839653248	859.9630127	15999.74609	0.001198331	4.58E-07
3839653259	860.001709	16099.6875	0.001204926	4.24E-07
3839653271	859.9780273	16199.69141	0.001211139	1.35E-07
3839653282	860.0071411	16299.62012	0.001217409	3.47E-07
3839653294	860.0281372	16399.74609	0.001223651	2.84E-07
3839653305	859.99646	16499.71289	0.001230351	5.37E-07
3839653316	859.9838257	16599.71484	0.001236171	5.10E-07
3839653328	860.0067749	16699.55859	0.001243072	2.24E-07
3839653339	860.0160522	16799.7832	0.001249203	2.51E-07
3839653351	859.979248	16899.73633	0.001255498	3.28E-07
3839653362	860.0015869	16999.94727	0.001261532	4.40E-07
3839653374	859.9888916	17099.82813	0.001268223	1.70E-07
3839653385	860.0517578	17199.81836	0.001274429	4.60E-07
3839653397	859.9845581	17299.66211	0.00128112	3.32E-07
3839653408	860.0042114	17399.67773	0.001286858	4.77E-07
3839653433	859.9923096	17499.65625	0.00129349	4.37E-07
3839653449	860.0040283	17599.66016	0.001299257	5.25E-07
3839653468	860.008667	17699.67383	0.001306017	2.69E-07
3839653479	860.0153809	17799.70117	0.001312367	3.53E-07
3839653491	860.0198975	17899.76758	0.001318892	2.52E-07
3839653517	859.9951782	17999.63477	0.00132569	2.41E-07
3839653528	860.0084839	18099.95508	0.001332161	3.44E-07
3839653539	859.9887695	18199.77539	0.001338617	2.27E-07
3839653550	860	18299.81445	0.001344735	2.57E-07
3839653562	859.9942627	18399.81836	0.001350799	4.29E-07
3839653574	859.9909668	18499.79492	0.001357593	2.05E-07
3839653585	860.0093384	18599.77539	0.001363748	3.74E-07
3839653597	860.0114746	18699.80273	0.001370302	1.91E-07
3839653608	859.9896851	18799.91406	0.00137645	4.81E-07
3839653620	860.0253296	18899.77148	0.001382926	4.06E-07
3839653631	860.0043335	18999.98438	0.0013891	3.95E-07
3839653643	859.9747314	19099.75195	0.001394985	4.82E-07
3839653654	860.0095825	19199.75586	0.001401831	4.56E-07
3839653666	859.9761353	19299.74609	0.001408226	2.89E-07
3839653677	859.9977417	19399.63867	0.001414138	4.98E-07
3839653689	859.9924316	19499.72852	0.001420642	3.73E-07
3839653700	860.0057983	19599.64453	0.001427147	2.86E-07
3839653712	859.9927368	19699.58789	0.001433564	2.78E-07
3839653723	860.0109863	19800.0918	0.001439936	2.73E-07
3839653735	860.0216675	19899.77734	0.00144612	3.83E-07
3839653746	859.9647217	19999.73047	0.001452344	4.24E-07
3839653758	859.9956055	20099.92969	0.001458698	5.00E-07
3839653770	859.9946289	20199.85938	0.001465368	2.09E-07
3839653781	860.0030518	20299.77734	0.001471275	2.28E-07
3839653792	860.0189819	20399.5957	0.001477787	4.04E-07
3839653804	859.9897461	20499.70898	0.001484005	4.98E-07
3839653815	859.9700317	20599.67578	0.001490279	3.69E-07
3839653826	860.0113525	20699.74023	0.001496594	5.69E-07
3839653838	859.9712524	20799.75586	0.001502966	4.67E-07
3839653849	860.0411987	20899.79492	0.00150914	5.45E-07
3839653861	860.0074463	20999.81055	0.001515281	4.92E-07
3839653872	859.9916382	21099.67969	0.001521619	3.95E-07
3839653884	859.9951782	21199.71875	0.001528379	3.34E-07
3839653895	859.9960938	21299.68555	0.001534378	6.20E-07
3839653907	859.9807129	21399.6875	0.001540858	5.01E-07
3839653918	859.9779663	21499.78906	0.001547526	2.78E-07
3839653930	859.9924316	21599.85156	0.001553413	4.63E-07
3839653942	860.0005493	21699.63672	0.001559561	4.72E-07
3839653953	860.0045166	21799.77344	0.001566161	3.97E-07
3839653966	860.0024414	21899.68945	0.001572079	3.62E-07
3839653977	860.0106201	21999.70508	0.001578788	4.19E-07
3839653989	860.0187988	22099.79492	0.001585012	2.09E-07
3839654000	860.0021973	22199.55273	0.001591269	4.02E-07
3839654012	860.0133057	22299.82422	0.001597781	2.74E-07
3839654023	860.0164185	22399.75391	0.001603901	3.89E-07
3839654035	860.0109863	22499.82031	0.001610072	3.74E-07
3839654047	860.0129395	22599.55273	0.001616164	5.30E-07
3839654058	860.0241089	22699.77539	0.00162271	6.06E-07
3839654070	859.9603882	22799.63281	0.001628808	5.25E-07
3839654081	859.9911499	22899.78125	0.001635054	2.86E-07
3839654093	860.0070801	22999.67383	0.001641609	5.00E-07
3839654105	860.0241699	23099.80078	0.001647751	5.42E-07
3839654116	859.9960327	23199.67969	0.001654225	4.12E-07
3839654127	860.031189	23299.53711	0.001660398	4.84E-07
3839654139	859.9804077	23399.57617	0.001666963	4.08E-07
3839654150	860.0136719	23499.66602	0.001673384	4.97E-07
3839654162	859.9848022	23599.58398	0.001679621	5.23E-07
3839654173	859.9950562	23699.57227	0.001685407	5.09E-07
3839654184	859.9860229	23799.65039	0.001692295	5.14E-07
3839654196	859.9845581	23899.75	0.001698586	3.84E-07
3839654207	860.013916	23999.85156	0.001704665	4.34E-07
3839654218	860.0159912	24099.68359	0.001711179	3.54E-07
3839654230	860.0147095	24199.60156	0.001717417	3.73E-07
3839654242	860.0292358	24299.54297	0.001723813	2.99E-07
3839654254	860.0076904	24399.78906	0.001730079	4.73E-07
3839654265	860.0108643	24499.80469	0.001736403	6.27E-07
3839654277	860.0042725	24599.63672	0.001742722	4.86E-07
3839654288	860.005249	24699.65234	0.001749282	3.14E-07
3839654300	859.9960938	24799.49609	0.001755142	3.13E-07
3839654311	859.9880371	24899.78125	0.001761538	3.13E-07
3839654322	860.0840454	24999.77148	0.001768023	5.26E-07
3839654334	860.0270996	25099.93359	0.00177437	6.99E-07
3839654345	859.9718018	25199.78906	0.001780922	4.24E-07
3839654357	859.9519653	25299.68164	0.001786677	8.01E-07
3839654368	860.0070801	25399.72266	0.001793451	5.11E-07
3839654380	860.0298462	25499.79883	0.001799395	5.85E-07
3839654392	860.0050049	25599.66602	0.001806282	3.01E-07
3839654403	859.9985352	25699.6582	0.001812856	4.11E-07
3839654414	859.9869385	25799.67188	0.001818349	5.83E-07
3839654426	860.0175171	25899.69922	0.001825007	2.98E-07
3839654437	859.9978027	25999.61719	0.001830716	4.93E-07
3839654449	860.0222778	26099.53516	0.001837362	5.18E-07
3839654460	859.9673462	26199.73242	0.001843742	5.72E-07
3839654471	860.0004883	26299.58984	0.001850541	2.64E-07
3839654483	860.019104	26399.76367	0.001856629	4.18E-07
3839654494	859.9743652	26499.85352	0.001862761	7.10E-07
3839654506	859.9868774	26599.79297	0.001869058	4.75E-07
3839654517	860.0060425	26699.65234	0.001875782	2.54E-07
3839654529	859.9735107	26799.69141	0.001881619	3.93E-07
3839654540	859.9863892	26899.65625	0.001887839	5.58E-07
3839654552	859.9849854	26999.68359	0.001894144	7.78E-07
3839654564	860.0181885	27099.65234	0.00190069	6.60E-07
3839654575	859.9983521	27199.72656	0.001906874	5.11E-07
3839654587	860.0073242	27299.76563	0.00191353	3.19E-07
3839654598	859.9829712	27399.74609	0.001919568	7.94E-07
3839654610	860.013916	27499.47852	0.001926018	7.09E-07
3839654621	859.9666138	27599.69141	0.001931881	6.92E-07
3839654633	859.9573975	27699.74414	0.001938212	8.49E-07
3839654644	860.0301514	27799.9043	0.001944548	4.81E-07
3839654655	860.0064087	27899.77344	0.001950478	6.12E-07
3839654666	860.0162964	27999.70313	0.00195714	5.60E-07
3839654678	859.975708	28099.70508	0.001962904	7.75E-07
3839654689	860.0005493	28199.70703	0.001969518	7.95E-07
3839654701	860.0236816	28299.81055	0.00197588	7.40E-07
3839654713	859.9907837	28399.78711	0.001982015	5.90E-07
3839654724	859.984314	28499.66797	0.001988651	5.29E-07
3839654736	860.0409546	28599.78125	0.001994851	8.44E-07
3839654747	860.0130615	28699.67578	0.002000855	7.14E-07
3839654759	859.9754639	28799.70313	0.002007741	5.90E-07
3839654770	859.9804688	28899.93945	0.002013594	5.64E-07
3839654782	859.9839478	28999.79492	0.002020105	5.21E-07
3839654793	860.0044556	29099.65039	0.002026282	5.34E-07
3839654804	860.0024414	29199.5293	0.002032518	6.05E-07
3839654816	859.9751587	29299.70313	0.002039316	4.99E-07
3839654827	860.0298462	29399.55078	0.002045365	5.13E-07
3839654839	859.9876709	29499.67383	0.002051276	7.58E-07
3839654850	859.9851685	29599.68945	0.002057609	5.14E-07
3839654862	859.9667969	29699.7168	0.002063783	7.30E-07
3839654873	860.0099487	29799.79297	0.002070264	6.23E-07
3839654885	859.9581909	29899.59961	0.002077006	5.46E-07
3839654896	859.9845581	29999.71289	0.002082796	6.83E-07
3839654908	860.0326538	30099.58203	0.002089344	5.14E-07
3839654919	859.9785767	30199.75586	0.002095403	7.06E-07
3839654931	859.9848022	30299.67383	0.002102124	4.83E-07
3839654943	859.9769897	30399.87305	0.002108288	3.93E-07
3839654954	860.0105591	30499.72852	0.002114253	4.81E-07
3839654965	860.0168457	30599.73047	0.002120397	6.44E-07
3839654977	859.9815063	30699.7832	0.002126776	7.36E-07
3839654988	859.9442749	30799.73828	0.002133118	8.99E-07
3839655000	860.0001831	30899.70313	0.002139348	6.21E-07
3839655011	860.0275269	30999.69531	0.00214577	7.74E-07
3839655023	860.0474243	31099.57617	0.002152039	4.77E-07
3839655034	859.9675903	31199.61523	0.002158228	5.28E-07
3839655046	860.008667	31299.63086	0.002164435	5.45E-07
3839655057	859.9679565	31399.71875	0.002170761	5.24E-07
3839655069	859.9917603	31499.69727	0.002177026	5.72E-07
3839655080	860.0169067	31599.58984	0.00218335	4.58E-07
3839655091	860.0402832	31699.94922	0.002189773	7.19E-07
3839655103	860.0180054	31799.73242	0.002196162	8.29E-07
3839655114	860.0482178	31899.57422	0.002202148	8.25E-07
3839655126	859.9785767	31999.79883	0.00220869	4.00E-07
3839655137	859.9978638	32099.80078	0.002214909	7.98E-07
3839655149	859.9940186	32199.77734	0.002221306	4.50E-07
3839655160	859.9752808	32299.69531	0.002227591	6.65E-07
3839655172	860.0339966	32399.61328	0.002234028	4.74E-07
3839655183	859.9812012	32499.84961	0.002240012	5.30E-07
3839655195	860.0026855	32599.62109	0.002245725	6.95E-07
3839655206	860.0042114	32699.57422	0.002252275	7.17E-07
3839655218	859.9987183	32799.625	0.002259049	5.51E-07
3839655229	859.9552612	32899.74219	0.002265562	7.75E-07
3839655241	860.0022583	32999.74219	0.002271227	6.91E-07
3839655252	859.9966431	33099.91797	0.002277439	8.54E-07
3839655264	860.0108032	33199.71484	0.002284081	7.28E-07
3839655275	859.9797363	33299.71484	0.002290546	5.41E-07
3839655287	860.0221558	33399.74219	0.002296814	6.97E-07
3839655298	860.0316162	33499.92969	0.002303236	5.16E-07
3839655310	859.9621582	33599.6875	0.002309292	6.15E-07
3839655321	859.9771118	33699.71484	0.002315775	3.35E-07
3839655333	859.9719849	33799.66797	0.002321829	4.49E-07
3839655344	860.0073853	33899.64844	0.002328235	6.93E-07
3839655356	860.0097046	33999.64844	0.002334269	6.17E-07
3839655367	859.987854	34099.73828	0.002340288	7.41E-07
3839655378	859.9800415	34199.70313	0.002346751	7.48E-07
3839655390	859.9972534	34299.69531	0.00235323	3.70E-07
3839655401	859.9874878	34399.76953	0.002359618	5.96E-07
3839655413	860.043396	34499.79688	0.002365659	4.44E-07
3839655424	860.0101318	34599.62109	0.002371683	7.48E-07
3839655436	860.0150146	34699.69531	0.002378219	5.77E-07
3839655447	860.0064697	34799.71094	0.002384418	6.82E-07
3839655459	859.9949341	34899.61719	0.002390476	5.76E-07
3839655470	860.0216675	34999.71484	0.002396955	4.63E-07
3839655482	860.0370483	35099.72266	0.002402655	6.42E-07
3839655493	859.9951172	35199.71094	0.002409736	6.99E-07
3839655505	860.0291748	35299.57813	0.002416177	5.77E-07
3839655516	860.0024414	35399.61719	0.002421665	8.31E-07
3839655527	860.0321045	35499.52344	0.002428709	4.49E-07
3839655539	859.9990845	35599.66016	0.002434456	5.22E-07
3839655551	859.9780273	35699.82031	0.002441291	7.20E-07
3839655562	859.9851074	35799.55859	0.002447358	6.20E-07
3839655574	860.0028076	35899.5625	0.002453874	5.75E-07
3839655585	860.0198364	35999.74609	0.002459878	4.57E-07
3839655597	859.9623413	36099.72656	0.002466199	6.65E-07
3839655608	860.0231934	36199.70313	0.002472329	7.21E-07
3839655620	860.0651855	36299.68359	0.002478861	7.94E-07
3839655631	859.9902344	36399.63672	0.002485507	6.86E-07
3839655643	859.9787598	36499.72266	0.002491416	6.73E-07
3839655654	859.9675293	36599.64063	0.002497452	6.26E-07
3839655666	859.953125	36699.65625	0.00250391	7.77E-07
3839655677	860.0152588	36799.74609	0.002510331	8.11E-07
3839655689	860.0192261	36899.79688	0.002516418	6.18E-07
3839655700	859.9517822	36999.70313	0.002522854	6.26E-07
3839655712	859.9761353	37099.74219	0.002528872	6.85E-07
3839655723	859.9786987	37199.73438	0.002534755	9.79E-07
3839655734	860.0460205	37299.8125	0.002541731	7.31E-07
3839655746	860.0638428	37399.875	0.002548266	8.93E-07
3839655757	860.0132446	37499.63281	0.002554066	1.21E-06
3839655769	860.0075073	37599.80859	0.002560501	5.85E-07
3839655781	860.0062866	37699.71484	0.002566702	9.20E-07
3839655792	860.0405273	37799.75391	0.002572687	8.29E-07
3839655803	859.977417	37899.69141	0.002579541	6.90E-07
3839655815	860.012146	37999.66016	0.002585904	7.61E-07
3839655826	859.9694824	38099.73438	0.002591983	9.34E-07
3839655838	860.0437622	38199.75391	0.00259833	6.35E-07
3839655849	860.0306396	38299.70313	0.002604318	8.18E-07
3839655861	860.0087891	38399.70703	0.002610628	8.30E-07
3839655872	859.9814453	38499.74609	0.00261677	9.18E-07
3839655884	859.9675903	38599.95703	0.00262328	7.54E-07
3839655895	860.0029297	38699.96094	0.002629686	6.17E-07
3839655907	859.9900513	38799.67188	0.002636044	9.28E-07
3839655918	859.9941406	38899.72656	0.002641653	6.97E-07
3839655930	859.9865112	38999.72656	0.002648595	5.63E-07
3839655941	860.0345459	39099.65625	0.002654366	8.98E-07
3839655953	860.0228271	39199.62109	0.002660895	9.28E-07
3839655964	859.9659424	39299.625	0.002667211	6.42E-07
3839655976	860.0278931	39399.67578	0.002673461	8.40E-07
3839655987	860.0118408	39499.875	0.002679568	5.62E-07
3839655999	860.0093384	39599.67188	0.002685661	8.72E-07
3839656010	859.9443359	39699.66016	0.002692475	7.85E-07
3839656022	859.9983521	39799.57813	0.002698207	8.21E-07
3839656033	860.0169678	39899.71484	0.002704873	7.60E-07
3839656045	859.9814453	39999.39063	0.002711324	7.40E-07
3839656056	860.0227661	40099.63672	0.002717046	7.18E-07
3839656068	859.9747314	40199.71484	0.002723311	8.26E-07
3839656079	860.0043945	40299.80469	0.002730221	8.03E-07
3839656091	859.9613037	40399.75391	0.002735849	7.38E-07
3839656102	860.0256348	40499.69922	0.002742607	7.38E-07
3839656113	859.9794922	40599.56641	0.002748676	9.33E-07
3839656125	860.0385132	40699.62891	0.002755161	7.27E-07
3839656136	860.0332031	40799.70703	0.002761318	7.20E-07
3839656148	860.0178223	40899.73438	0.002767786	8.67E-07
3839656159	860.0294189	40999.53906	0.002774011	6.22E-07
3839656171	859.9683838	41099.66797	0.00277948	6.47E-07
3839656182	859.9630127	41199.69531	0.002786342	7.87E-07
3839656194	860.0144653	41299.83203	0.002792719	9.86E-07
3839656205	860.0291138	41399.80078	0.002799012	9.61E-07
3839656218	860.0814819	41499.80078	0.00280497	8.91E-07
3839656230	859.9733887	41599.68359	0.002811634	9.57E-07
3839656242	859.9516602	41699.64844	0.002817904	1.02E-06
3839656253	859.9342041	41799.71094	0.002824022	8.50E-07
3839656266	859.918457	41899.8125	0.002830295	1.11E-06
3839656277	859.9484253	41999.67969	0.002836682	6.96E-07
3839656289	859.9745483	42099.61328	0.002842893	8.22E-07
3839656300	860.0348511	42199.625	0.00284973	6.80E-07
3839656314	860.0202026	42299.86328	0.002855477	9.17E-07
3839656326	860.0229492	42399.57031	0.002861743	9.97E-07
3839656337	860.0135498	42499.59766	0.002868068	5.66E-07
3839656349	860.0166016	42599.88281	0.002873728	6.05E-07
3839656361	859.9758911	42699.75391	0.002880531	8.17E-07
3839656373	860.013855	42799.92578	0.00288707	7.76E-07
3839656384	860.0054321	42899.52734	0.002893227	1.01E-06
3839656396	859.9877319	42999.61328	0.002899382	6.00E-07
3839656407	859.9675903	43099.67969	0.00290567	8.68E-07
3839656419	860.0042114	43199.66797	0.002911806	8.31E-07
3839656430	860.0037842	43299.53906	0.002918333	9.48E-07
3839656442	859.9812012	43399.61328	0.002924168	9.20E-07
3839656453	859.9934692	43499.60547	0.002930756	7.44E-07
3839656465	860.0338135	43599.67969	0.002936784	8.15E-07
3839656476	859.9237061	43699.5625	0.002943317	8.16E-07
3839656488	859.9917603	43799.61328	0.002949745	1.07E-06
3839656499	859.9896851	43899.59375	0.00295612	7.73E-07
3839656511	860.0313721	43999.59375	0.002962188	8.04E-07
3839656522	859.9723511	44099.64844	0.002969049	7.61E-07
3839656534	859.9827881	44199.56641	0.002974616	8.72E-07
3839656545	860.0285034	44299.61719	0.002980932	7.96E-07
3839656557	859.9815063	44399.58203	0.002987381	7.98E-07
3839656568	860.0289307	44499.62109	0.002993549	7.89E-07
3839656580	859.986084	44599.625	0.003000248	5.96E-07
3839656591	860.0101318	44699.73828	0.003005833	6.67E-07
3839656602	860.0457764	44799.64453	0.003011856	1.04E-06
3839656614	859.9995728	44899.94141	0.003018275	6.66E-07
3839656625	860.0341797	44999.80859	0.003025088	7.18E-07
3839656637	860.0126343	45099.72656	0.00303111	8.54E-07
3839656648	860.0258179	45199.72656	0.003036991	8.51E-07
3839656660	859.9754639	45299.85547	0.00304384	7.23E-07
3839656672	860.0401001	45399.77344	0.00304982	6.30E-07
3839656684	860.034729	45499.93359	0.003056584	1.10E-06
3839656695	859.9859009	45599.89844	0.003062588	1.04E-06
3839656707	860.0114746	45699.62109	0.003068477	1.00E-06
3839656718	859.9909058	45799.78516	0.003074699	8.58E-07
3839656729	860.0327759	45899.77344	0.003080844	8.57E-07
3839656741	859.9835815	45999.64063	0.003088263	6.22E-07
3839656752	859.9828491	46099.77734	0.003094469	6.42E-07
3839656763	859.977417	46199.78516	0.003100172	1.00E-06
3839656775	860.03302	46299.87109	0.003106588	7.43E-07
3839656786	859.9821777	46399.75	0.003113169	6.98E-07
3839656798	859.9842529	46499.73047	0.003118985	1.05E-06
3839656809	860.010437	46599.46484	0.003125603	7.83E-07
3839656821	859.9854126	46699.51563	0.003131556	1.00E-06
3839656832	860.0281372	46799.51953	0.003137886	9.45E-07
3839656844	859.9677734	46899.55859	0.003144305	8.09E-07
3839656855	859.9899902	46999.76953	0.003150061	8.67E-07
3839656867	859.9996948	47099.75	0.003156419	8.67E-07
3839656878	859.9782104	47199.67969	0.00316316	6.53E-07
3839656890	859.9730835	47299.74219	0.003169332	6.08E-07
3839656901	860.0548096	47399.73438	0.003175232	9.62E-07
3839656912	859.9437866	47499.74609	0.003182299	7.09E-07
3839656924	860.0133667	47599.60547	0.003188098	7.46E-07
3839656936	860.0167847	47699.79297	0.003194179	8.12E-07
3839656947	860.0119019	47799.70703	0.003200394	9.53E-07
3839656958	860.0096436	47899.83594	0.003206787	9.91E-07
3839656970	859.9810791	47999.67969	0.003212664	9.67E-07
3839656981	860.0187378	48099.83984	0.00321878	7.83E-07
3839656993	860.038269	48199.69922	0.00322536	1.04E-06
3839657004	859.9798584	48299.78516	0.003232219	7.28E-07
3839657016	860.0079346	48399.72656	0.003237933	9.66E-07
3839657027	860.0234985	48499.875	0.003244821	8.81E-07
3839657039	860.0378418	48599.87109	0.003251174	1.01E-06
3839657050	860.0533447	48699.55469	0.003256912	8.34E-07
3839657062	859.9726563	48799.57813	0.003263186	8.54E-07
3839657074	859.9988403	48899.66797	0.003269547	6.79E-07
3839657085	859.9779663	48999.83203	0.003275831	9.69E-07
3839657097	860.0101929	49099.6875	0.003282025	7.31E-07
3839657108	859.9893799	49199.49609	0.00328851	7.41E-07
3839657119	860.0054932	49299.69531	0.003294079	9.08E-07
3839657130	860.0111084	49399.69531	0.0033007	9.18E-07
3839657142	859.9970093	49499.57813	0.003306928	9.05E-07
3839657153	860.086731	49599.75	0.003313434	9.86E-07
3839657165	860.0026245	49699.59375	0.003319452	9.90E-07
3839657176	859.9503784	49799.60938	0.003326063	9.77E-07
3839657188	859.9978638	49899.64844	0.00333224	9.34E-07
3839657199	859.9771118	49999.65234	0.003338342	4.50E-07
3839657211	859.9875488	49899.72266	0.003331962	1.02E-06
3839657222	860.0067749	49799.52344	0.003325792	8.98E-07
3839657234	859.9668579	49699.63281	0.003319646	5.36E-07
3839657246	859.9763184	49599.65234	0.003313189	6.71E-07
3839657256	860.0567627	49499.72266	0.00330685	7.15E-07
3839657268	860.0366211	49399.55078	0.003300779	6.81E-07
3839657279	860.0036011	49299.54688	0.003294051	8.88E-07
3839657291	860.0245972	49199.67578	0.00328793	8.28E-07
3839657302	860.0140381	49099.6875	0.003281433	5.40E-07
3839657314	859.9506226	48999.59766	0.003275194	1.19E-06
3839657326	860.0289917	48899.53516	0.003269156	8.55E-07
3839657337	860.0311279	48799.54297	0.003262532	9.08E-07
3839657348	859.9626465	48699.80859	0.003256773	5.90E-07
3839657358	860.0446167	48599.52734	0.003250376	7.29E-07
3839657369	859.9737549	48499.74219	0.003243985	8.43E-07
3839657379	860.0093384	48399.875	0.003237313	8.05E-07
3839657391	859.9522095	48299.6875	0.003232076	7.71E-07
3839657401	860.0097656	48199.62109	0.003225133	9.34E-07
3839657413	860.0078125	48099.82813	0.003218855	9.22E-07
3839657425	859.9546509	47999.8125	0.003212652	9.42E-07
3839657436	860.0820313	47899.72656	0.003205692	9.20E-07
3839657447	859.9625244	47799.5625	0.00319971	8.13E-07
3839657457	860.0499268	47699.81641	0.003193539	9.07E-07
3839657469	859.9771729	47599.60547	0.003187353	6.67E-07
3839657479	859.9750366	47499.82422	0.003181073	9.61E-07
3839657491	860.0155029	47400.02734	0.003175089	6.58E-07
3839657502	860.0180664	47299.59766	0.003168231	8.28E-07
3839657512	859.9995117	47199.69141	0.003161711	1.00E-06
3839657523	859.9622192	47099.87109	0.00315626	6.91E-07
3839657533	860.008667	46999.6875	0.00314945	1.01E-06
3839657544	860.0281982	46899.62109	0.003143513	9.25E-07
3839657555	859.9902954	46799.875	0.003137304	6.40E-07
3839657565	859.9872437	46699.60156	0.0031311	5.94E-07
3839657576	860.0465088	46599.55078	0.003124694	8.80E-07
3839657588	860.0067139	46499.78125	0.003118494	9.04E-07
3839657598	859.9904175	46399.60547	0.003112486	9.16E-07
3839657609	859.9788818	46299.56641	0.003106353	1.12E-06
3839657619	860.0326538	46199.61328	0.003099958	8.91E-07
3839657631	859.9608765	46099.62109	0.00309326	9.58E-07
3839657642	859.9736938	45999.58203	0.003087302	8.20E-07
3839657654	860.0123291	45899.75	0.00308132	9.70E-07
3839657664	860.0095215	45799.51172	0.003074688	8.21E-07
3839657674	860.0366821	45699.78125	0.00306845	8.22E-07
3839657686	860.0267944	45599.81641	0.003061991	8.51E-07
3839657698	859.9710083	45499.73828	0.003056204	6.59E-07
3839657709	860.0015869	45399.96484	0.003050078	8.18E-07
3839657720	859.9256592	45299.58594	0.003043311	8.57E-07
3839657730	859.9746094	45199.82813	0.003037424	7.44E-07
3839657741	860.0167847	45099.94922	0.003031036	9.14E-07
3839657753	860.0023804	44999.69922	0.003024273	7.77E-07
3839657764	860.034668	44899.91406	0.003018555	8.48E-07
3839657774	859.9433594	44799.86328	0.003011996	7.42E-07
3839657786	860.0042725	44699.52734	0.003005741	9.69E-07
3839657797	860.0570068	44599.58984	0.00299931	5.75E-07
3839657808	859.9473267	44499.55078	0.002992839	7.37E-07
3839657820	859.9885254	44399.77734	0.002986222	1.03E-06
3839657831	860.0075684	44299.62891	0.002980705	8.76E-07
3839657841	860.0012817	44199.89453	0.002974427	7.93E-07
3839657853	860.036377	44099.63281	0.002967898	7.59E-07
3839657863	860.0568848	43999.69141	0.002961597	8.71E-07
3839657874	860.0519409	43899.77734	0.002955101	9.26E-07
3839657886	859.9934082	43799.53906	0.002949136	9.57E-07
3839657897	860.0558472	43699.60938	0.002942458	7.89E-07
3839657908	860.0018921	43599.55859	0.0029362	1.03E-06
3839657918	859.920105	43499.56641	0.002929564	1.06E-06
3839657929	860.0146484	43399.60156	0.002924032	6.21E-07
3839657941	859.9581909	43299.64844	0.00291777	1.04E-06
3839657952	860.039856	43199.69141	0.002911444	7.62E-07
3839657963	860.010437	43099.60547	0.002905631	7.19E-07
3839657977	859.9931641	42999.79688	0.002898987	8.84E-07
3839657988	860.0220947	42899.53906	0.002893054	5.86E-07
3839657999	860.0010376	42800.19531	0.002891719	4.69E-06
3839658010	860.0234985	42699.61719	0.002880491	9.22E-07
3839658021	859.9920044	42599.55469	0.002874172	7.68E-07
3839658033	860.0030518	42499.48828	0.002867251	9.12E-07
3839658045	860.0045166	42399.54688	0.002860626	5.86E-07
3839658056	859.9908447	42299.58203	0.002855086	6.44E-07
3839658068	860.081543	42199.46875	0.002848868	7.60E-07
3839658079	859.9495239	42099.53516	0.002842574	9.60E-07
3839658091	860.0753784	42000.07422	0.002836255	8.82E-07
3839658103	859.9661865	41899.61719	0.002830601	5.85E-07
3839658116	859.9872437	41799.53125	0.002823971	8.42E-07
3839658127	859.9705811	41699.63672	0.002817515	9.66E-07
3839658139	859.9779053	41599.80469	0.002811627	6.71E-07
3839658151	859.9528809	41499.58203	0.002805035	9.31E-07
3839658162	860.0405273	41399.69141	0.002798983	8.26E-07
3839658177	859.9834595	41300.25781	0.002792128	7.58E-07
3839658187	860.0081787	41199.74609	0.002786225	6.47E-07
3839658199	859.9799805	41099.54688	0.002780534	6.89E-07
3839658210	860.0270386	40999.67969	0.002774382	6.57E-07
3839658221	860.0339966	40899.63672	0.002767533	5.48E-07
3839658233	860.0062256	40799.71875	0.002761447	6.62E-07
3839658244	859.9593506	40699.51953	0.002755259	4.12E-07
3839658256	860.0083008	40599.76172	0.002748876	8.66E-07
3839658267	859.9940186	40499.78125	0.002742682	7.93E-07
3839658278	860.0211792	40399.73438	0.002736465	8.76E-07
3839658288	860.0047607	40299.71484	0.002729861	8.87E-07
3839658300	859.9816895	40199.61719	0.002723667	6.02E-07
3839658311	860.017334	40099.64844	0.002717827	6.24E-07
3839658322	860.0166016	39999.96484	0.002711363	5.58E-07
3839658333	859.9679565	39899.65625	0.002705151	7.11E-07
3839658344	860.0296631	39799.89844	0.002698419	9.56E-07
3839658355	860.0316162	39700.06641	0.002692847	9.44E-07
3839658365	860.0070801	39599.89063	0.002686314	8.51E-07
3839658376	860.0037842	39499.65625	0.002679893	7.71E-07
3839658387	859.9995728	39400.07031	0.002673674	7.54E-07
3839658398	859.9388428	39299.78516	0.002667071	7.64E-07
3839658409	859.9752808	39199.71094	0.002661047	8.18E-07
3839658420	859.9460449	39099.86328	0.00265488	9.50E-07
3839658430	860.0449219	38999.85938	0.002648181	7.55E-07
3839658442	860.005249	38899.95703	0.002642371	5.03E-07
3839658453	860.0125732	38799.86719	0.002635737	7.17E-07
3839658464	859.987915	38699.92578	0.002629632	6.56E-07
3839658476	859.9850464	38600.28906	0.002623672	4.87E-07
3839658488	859.9770508	38499.87109	0.002616839	7.65E-07
3839658499	860.0145874	38400.14844	0.002611188	6.17E-07
3839658511	860.0003662	38300.14453	0.002604412	9.12E-07
3839658522	860.015564	38200.20313	0.002598236	7.84E-07
3839658533	859.9996948	38100.25	0.002591828	6.91E-07
3839658543	860.0281372	38000.03906	0.00258609	6.76E-07
3839658554	860.0145264	37900.0625	0.002579234	8.12E-07
3839658564	859.9754639	37800.09375	0.00257369	6.59E-07
3839658575	859.9840698	37700.08984	0.002566832	6.11E-07
3839658585	860.0557861	37599.70703	0.002560508	9.49E-07
3839658597	859.9862061	37499.74219	0.002554637	5.85E-07
3839658606	859.9440308	37399.74219	0.002547928	9.11E-07
3839658617	860.0597534	37300.03125	0.002541932	7.80E-07
3839658628	859.9829712	37199.95703	0.002535562	4.02E-07
3839658639	859.9709473	37099.98828	0.002529366	4.84E-07
3839658650	860.038269	37000.09375	0.002523018	7.63E-07
3839658661	859.9814453	36899.72266	0.002516805	9.29E-07
3839658671	860.0105591	36800.16406	0.002510472	5.96E-07
3839658682	859.9696655	36700.05859	0.002503915	8.43E-07
3839658694	860.0072632	36599.96094	0.002498453	6.84E-07
3839658706	859.9979248	36500.22656	0.002491814	5.56E-07
3839658718	859.9700317	36400.1875	0.002485668	4.80E-07
3839658728	860.0025635	36300.42969	0.002479453	3.21E-07
3839658739	859.9920044	36200.25391	0.002472965	3.09E-07
3839658751	859.9897461	36100.27344	0.002466683	9.63E-07
3839658760	859.9934692	36000.00391	0.002460696	5.39E-07
3839658770	859.9852905	35900.03516	0.002453875	6.90E-07
3839658781	860.0046387	35799.70703	0.002447789	8.21E-07
3839658791	860.0205688	35699.82031	0.002441119	6.04E-07
3839658801	859.9906616	35599.78125	0.002435272	6.26E-07
3839658812	860.0073853	35499.81641	0.002428611	7.29E-07
3839658823	860.0415649	35399.77734	0.002422695	5.92E-07
3839658834	859.9918213	35299.78906	0.002416216	5.15E-07
3839658846	860.0026245	35200.26172	0.00241004	6.61E-07
3839658857	860.0060425	35099.78125	0.002403761	8.64E-07
3839658869	859.9859009	35000.07031	0.002397251	6.80E-07
3839658880	860.0274048	34899.95703	0.002391645	6.22E-07
3839658892	860.0006104	34799.91797	0.00238479	7.48E-07
3839658904	860.0128784	34699.96484	0.002378526	7.55E-07
3839658913	860.0479736	34599.92578	0.002372079	5.44E-07
3839658925	860.0565796	34499.99609	0.002365903	7.27E-07
3839658935	859.9945679	34400.05078	0.002360198	5.62E-07
3839658946	860.0100098	34300.02344	0.002353346	7.73E-07
3839658957	859.9754639	34200.07422	0.002347178	7.57E-07
3839658968	859.9682007	34100.03516	0.002341086	7.54E-07
3839658978	859.9963379	33999.94531	0.002334817	5.67E-07
3839658988	860.031189	33899.87891	0.002328067	7.09E-07
3839658999	860.0047607	33799.75391	0.002321988	6.38E-07
3839659009	859.9638672	33699.78516	0.002315835	4.08E-07
3839659019	860.03125	33599.75781	0.002309468	6.08E-07
3839659031	859.9996338	33499.96484	0.002303171	8.24E-07
3839659042	860.0256348	33399.75391	0.002297277	4.54E-07
3839659053	859.9998169	33299.78906	0.002290779	5.45E-07
3839659065	859.9943237	33199.73438	0.002284494	5.82E-07
3839659076	859.9870605	33099.66016	0.002278265	4.12E-07
3839659087	860.0058594	32999.62109	0.00227189	4.61E-07
3839659098	859.9901733	32899.93359	0.002265994	5.94E-07
3839659110	859.9990845	32800.05469	0.002259311	6.81E-07
3839659120	859.9929199	32699.88086	0.002253314	8.31E-07
3839659131	859.989624	32599.90234	0.002246989	6.17E-07
3839659142	859.9572754	32499.875	0.002240093	5.75E-07
3839659153	859.9898071	32399.85742	0.002234215	6.66E-07
3839659164	859.9906006	32299.83008	0.002227885	7.86E-07
3839659175	859.9718018	32199.64453	0.002222087	5.47E-07
3839659185	859.9733276	32099.70313	0.002215111	6.78E-07
3839659196	859.982666	31999.67773	0.002209134	5.48E-07
3839659208	860.043335	31899.49023	0.002202903	6.05E-07
3839659221	860.0449829	31799.79102	0.0021965	8.48E-07
3839659234	859.9891357	31699.55664	0.00219042	6.94E-07
3839659246	860.0544434	31600.10547	0.002184074	7.09E-07
3839659257	860.0588379	31499.53711	0.002178021	8.35E-07
3839659268	859.9845581	31399.68164	0.002171614	6.87E-07
3839659280	860.0108643	31299.56836	0.002165663	5.98E-07
3839659291	859.9985352	31199.55273	0.002159321	7.83E-07
3839659303	860.0317383	31099.53711	0.002152775	5.07E-07
3839659314	860.0456543	30999.74219	0.002146136	7.48E-07
3839659326	860.0050049	30899.83984	0.002140391	7.05E-07
3839659337	859.9844971	30800.25	0.002133842	6.56E-07
3839659347	860.0059204	30700.08789	0.002127447	6.53E-07
3839659358	859.9812012	30600.06055	0.002121452	5.56E-07
3839659370	859.9595337	30500.26953	0.002115599	4.82E-07
3839659381	859.9911499	30399.67578	0.002109263	4.94E-07
3839659392	859.9976807	30299.64844	0.002103203	4.64E-07
3839659406	860.003418	30199.76758	0.002096838	2.60E-07
3839659418	859.9817505	30099.49609	0.00209005	6.35E-07
3839659430	859.9888916	29999.67578	0.002083893	5.86E-07
3839659441	859.9902954	29899.50195	0.002077071	7.24E-07
3839659454	860.0447998	29799.80664	0.002071138	4.14E-07
3839659465	860.0056763	29699.67773	0.002065061	3.30E-07
3839659476	860.0203247	29599.66406	0.002058452	5.16E-07
3839659489	859.9873047	29499.44336	0.002052038	5.17E-07
3839659499	860.0010986	29399.64648	0.002045545	5.47E-07
3839659512	859.9987183	29299.69141	0.002039332	6.82E-07
3839659524	860.05896	29199.76367	0.002033218	5.08E-07
3839659536	860.0213013	29099.56445	0.002026907	8.20E-07
3839659547	860.0117798	28999.56055	0.002020503	4.22E-07
3839659559	860.0037842	28899.6543	0.002014061	5.70E-07
3839659571	859.9926758	28799.71484	0.00200789	7.00E-07
3839659582	859.9707031	28699.69922	0.002001599	3.05E-07
3839659594	860.0227051	28599.58594	0.00199561	4.96E-07
3839659605	859.9943848	28499.55859	0.001988703	4.60E-07
3839659616	859.9559937	28399.67773	0.001982837	5.53E-07
3839659629	859.9909058	28299.79688	0.001976817	4.20E-07
3839659640	859.9788208	28199.58594	0.001970485	4.31E-07
3839659651	859.9634399	28099.75586	0.001964022	7.86E-07
3839659662	860.0377197	27999.58203	0.001958138	4.42E-07
3839659673	859.9798584	27899.58789	0.001951888	5.01E-07
3839659685	860.0430908	27799.6582	0.001945637	4.39E-07
3839659698	860.0001831	27699.75586	0.001939082	4.92E-07
3839659710	859.9816284	27599.76367	0.001933014	5.08E-07
3839659721	860.0184326	27499.81055	0.001926534	4.74E-07
3839659732	859.9779663	27399.6582	0.001920098	3.41E-07
3839659744	860.0139771	27299.73047	0.001914313	5.86E-07
3839659756	859.9941406	27199.66602	0.001907775	5.57E-07
3839659767	860.0167236	27099.85742	0.001901884	5.40E-07
3839659777	860.0171509	27000.06445	0.001895435	4.10E-07
3839659788	860.043335	26900.18164	0.001888486	7.46E-07
3839659799	859.9595337	26799.60352	0.001882727	6.46E-07
3839659809	860.006897	26699.78711	0.001876745	3.50E-07
3839659821	859.9953613	26599.75977	0.001869917	5.35E-07
3839659832	859.9968262	26499.66992	0.001864078	3.83E-07
3839659843	859.9639893	26399.63086	0.00185761	4.52E-07
3839659854	860.0218506	26299.55273	0.001851081	6.16E-07
3839659865	860.0074463	26199.53711	0.001844708	4.65E-07
3839659876	859.9851685	26099.7793	0.001838528	6.14E-07
3839659887	860.012207	25999.75195	0.001832569	3.59E-07
3839659899	859.9678955	25899.50391	0.001825939	5.63E-07
3839659909	860.0048828	25799.61133	0.001819753	3.09E-07
3839659921	860.0444946	25699.64648	0.001813267	3.85E-07
3839659933	860.0041504	25599.77734	0.001807184	3.85E-07
3839659944	860.0033569	25499.62695	0.001801168	4.21E-07
3839659954	860.0199585	25399.63477	0.00179492	5.48E-07
3839659966	859.9873047	25299.64648	0.001789027	3.16E-07
3839659976	860.0031128	25199.86328	0.001782194	5.57E-07
3839659987	859.96698	25099.82227	0.001775984	3.57E-07
3839659998	860.0012207	24999.85742	0.001769764	4.80E-07
3839660008	859.9840088	24899.79297	0.001763005	4.25E-07
3839660019	859.9984131	24799.72852	0.001756861	6.01E-07
3839660030	859.9829102	24699.84766	0.001750445	5.94E-07
3839660040	860.0153809	24599.58789	0.001744575	4.17E-07
3839660052	859.9978638	24499.54883	0.001738349	3.17E-07
3839660063	859.9832153	24399.61719	0.00173186	5.13E-07
3839660075	860.0032959	24299.70117	0.001725739	3.00E-07
3839660086	860.0095215	24199.51563	0.001719225	4.99E-07
3839660098	859.9634399	24099.53711	0.001713251	4.55E-07
3839660109	860.0053711	23999.99805	0.00170603	7.32E-07
3839660120	859.9898682	23899.51758	0.001699975	5.32E-07
3839660132	860.027771	23799.52734	0.001693458	4.40E-07
3839660143	859.9882813	23699.89258	0.001687162	5.42E-07
3839660154	859.9763184	23599.66797	0.001681281	5.08E-07
3839660164	860.0015869	23499.82422	0.001675222	3.07E-07
3839660175	860.0087891	23399.8457	0.001668988	3.03E-07
3839660186	859.9916992	23299.61133	0.001662131	6.01E-07
3839660197	859.9719849	23199.70508	0.001656066	5.83E-07
3839660207	860.0177002	23099.60547	0.001649727	6.29E-07
3839660217	860.0154419	22999.64844	0.001643752	5.30E-07
3839660228	860.0159302	22899.76953	0.001637133	5.11E-07
3839660238	860.0206909	22799.76758	0.001631133	5.24E-07
3839660249	859.9800415	22699.64063	0.001624725	5.39E-07
3839660260	860.0007935	22600.01758	0.00161824	3.27E-07
3839660271	859.9904175	22499.73438	0.001612369	1.61E-07
3839660281	860.019043	22399.92578	0.001605673	4.22E-07
3839660292	860.0133057	22299.70313	0.001599545	5.68E-07
3839660304	860.0339355	22199.67578	0.001593488	4.63E-07
3839660316	859.9993896	22099.84375	0.001586729	4.58E-07
3839660327	860.0113525	21999.68164	0.001580747	3.57E-07
3839660339	859.9998779	21899.66602	0.001574264	3.52E-07
3839660349	859.9710693	21799.77344	0.00156787	5.54E-07
3839660360	860.0019531	21699.85547	0.001561907	4.39E-07
3839660371	860.0023804	21599.79102	0.001555687	3.12E-07
3839660381	859.9967651	21499.95898	0.001548979	4.56E-07
3839660392	860.0154419	21399.82227	0.001542947	3.88E-07
3839660403	860.0021362	21299.70898	0.001536524	3.47E-07
3839660415	860.0149536	21199.5957	0.00152992	3.67E-07
3839660426	859.9864502	21099.54492	0.001523818	4.54E-07
3839660435	860.0122681	20999.76172	0.001517392	2.71E-07
3839660447	859.994873	20899.58594	0.00151125	5.63E-07
3839660457	860.0307617	20799.64648	0.001504804	7.39E-07
3839660469	859.9963989	20699.71484	0.001498557	5.72E-07
3839660480	859.9819946	20599.5293	0.00149254	3.70E-07
3839660491	859.9921875	20499.75977	0.001486204	4.98E-07
3839660502	860.0184937	20399.66992	0.001480003	3.63E-07
3839660513	859.9864502	20299.66797	0.001473625	3.80E-07
3839660524	859.9848633	20199.81055	0.001467382	3.52E-07
3839660535	860.0172119	20099.61328	0.001460961	4.64E-07
3839660546	859.9834595	19999.76758	0.001454878	2.71E-07
3839660557	859.9780884	19899.72852	0.001448532	4.66E-07
3839660568	860.0067749	19799.87109	0.001441939	4.22E-07
3839660580	860.0264282	19699.74805	0.001435825	2.57E-07
3839660592	859.9765015	19599.78125	0.001429048	4.64E-07
3839660603	860.0007324	19499.64258	0.001423208	3.04E-07
3839660615	860.003479	19399.79883	0.001416684	4.92E-07
3839660626	859.987915	19299.59961	0.001410568	3.16E-07
3839660637	859.9940796	19199.75586	0.001404133	3.00E-07
3839660648	859.9887695	19099.74023	0.001397662	4.48E-07
3839660659	859.973999	18999.57813	0.00139141	5.16E-07
3839660671	860.012207	18899.625	0.001385412	5.15E-07
3839660682	859.9719238	18799.52344	0.001379199	3.19E-07
3839660693	859.9960938	18699.72852	0.001372722	4.64E-07
3839660704	859.9862061	18599.61523	0.001366318	2.88E-07
3839660715	859.9950562	18499.66211	0.001360197	2.45E-07
3839660725	859.9909058	18399.59766	0.001353731	3.93E-07
3839660736	859.9958496	18299.61914	0.001347679	3.35E-07
3839660747	859.9730225	18199.77539	0.001341034	3.56E-07
3839660759	860.0258179	18099.58789	0.001334473	4.19E-07
3839660771	860.0050049	17999.58594	0.001328064	4.26E-07
3839660782	860.0112915	17899.70508	0.001322335	1.89E-07
3839660793	859.9796143	17799.56836	0.001315819	2.23E-07
3839660805	859.9894409	17699.60156	0.001309193	3.05E-07
3839660817	860.0136108	17599.52344	0.001302683	2.70E-07
3839660828	859.9873657	17499.7168	0.001296611	3.76E-07
3839660840	859.9854736	17399.73828	0.001289999	4.24E-07
3839660850	860.0158081	17299.52734	0.001283732	3.27E-07
3839660860	859.9841309	17199.75781	0.001277517	2.16E-07
3839660871	860.0374146	17099.79102	0.001271034	4.87E-07
3839660882	860.0238037	16999.71484	0.001264839	4.73E-07
3839660893	859.9816895	16899.78516	0.001258442	3.12E-07
3839660904	859.996582	16799.75781	0.001252339	2.97E-07
3839660916	859.9923096	16699.74219	0.00124574	6.04E-07
3839660927	859.9890747	16599.58008	0.001239557	3.69E-07
3839660938	860.020752	16499.60156	0.001233394	2.39E-07
3839660949	859.9989014	16399.7207	0.001227131	4.93E-07
3839660959	859.9890137	16299.69336	0.001221102	2.27E-07
3839660969	860.0133667	16199.69141	0.001214785	2.06E-07
3839660980	859.9927979	16099.74805	0.001208258	2.74E-07
3839660991	859.9996338	15999.58691	0.001201746	3.96E-07
3839661003	859.984314	15899.63281	0.00119564	4.13E-07
3839661014	860.0166626	15799.54492	0.00118932	4.84E-07
3839661025	859.9989014	15699.56641	0.00118255	4.05E-07
3839661036	860.0053711	15599.64844	0.001176411	3.35E-07
3839661047	860.022583	15499.79297	0.001169878	3.94E-07
3839661059	860.0145264	15399.72852	0.001163395	3.37E-07
3839661070	860.0006104	15299.70117	0.001157137	3.20E-07
3839661083	859.9912109	15199.66113	0.001150752	3.39E-07
3839661095	859.9993286	15099.78125	0.00114447	3.68E-07
3839661106	860.0147705	14999.60547	0.001138348	4.04E-07
3839661117	860.0068359	14899.68848	0.001132315	3.92E-07
3839661129	860.0054321	14799.56348	0.001125949	3.39E-07
3839661140	859.9917603	14699.79199	0.001119357	4.22E-07
3839661151	859.9900513	14599.59277	0.001113478	3.73E-07
3839661161	859.9969482	14499.78613	0.001107291	2.84E-07
3839661173	860.0149536	14399.49023	0.001100677	4.41E-07
3839661185	859.9839478	14299.86621	0.001094116	3.37E-07
3839661197	859.9777222	14199.74023	0.001088414	2.50E-07
3839661209	860.0169067	14099.76172	0.001081827	2.62E-07
3839661221	860.0163574	13999.69824	0.001075668	3.94E-07
3839661232	860.0045776	13899.71973	0.001069152	2.36E-07
3839661243	860.003418	13799.59375	0.001062702	3.03E-07
3839661254	859.994812	13699.7998	0.001056386	4.26E-07
3839661264	859.9825439	13599.66113	0.001050269	1.77E-07
3839661281	860.0047607	13499.59766	0.001043383	3.62E-07
3839661290	860.0113525	13399.88867	0.001037249	2.40E-07
3839661311	860.0155029	13299.54199	0.001030873	2.31E-07
3839661322	859.994873	13199.52734	0.001024578	2.51E-07
3839661332	859.9744873	13099.6709	0.001018246	1.76E-07
3839661344	859.9781494	12999.60645	0.001011772	3.70E-07
3839661356	860.0016479	12899.62891	0.001005155	2.83E-07
3839661368	859.994873	12799.67383	0.000998883	2.74E-07
3839661379	860.020752	12699.78125	0.000992359	4.49E-07
3839661388	860.0053101	12600.07227	0.000985932	2.59E-07
3839661399	860.0093994	12499.60352	0.00097968	2.43E-07
3839661410	860.012207	12399.58887	0.0009731	2.64E-07
3839661421	859.9959717	12299.6709	0.000966734	3.28E-07
3839661431	859.9868164	12200.03613	0.000960779	1.51E-07
3839661442	859.9904175	12099.97168	0.000954351	2.39E-07
3839661454	859.9848633	12000.0293	0.000948183	1.57E-07
3839661466	859.9902344	11899.74512	0.000941851	1.57E-07
3839661478	860.0083618	11799.74219	0.000935257	2.41E-07
3839661489	860.0293579	11699.56836	0.000929139	2.34E-07
3839661500	860.0184326	11599.60156	0.000922867	1.43E-07
3839661511	860.0150146	11499.62305	0.000916391	1.79E-07
3839661522	859.9963989	11399.81641	0.000909966	1.97E-07
3839661532	859.9882202	11299.78809	0.000903648	2.65E-07
3839661544	859.9952393	11199.62695	0.000897314	1.62E-07
3839661556	860.0033569	11099.77051	0.000891223	1.38E-07
3839661567	860.0038452	10999.70605	0.000884776	2.74E-07
3839661577	860.0007935	10899.83789	0.000878436	1.60E-07
3839661588	860.0103149	10799.77344	0.000872279	1.84E-07
3839661599	860.0115356	10699.81934	0.000865795	1.49E-07
3839661609	859.9992676	10600	0.000859465	1.21E-07
3839661621	859.9828491	10499.8623	0.00085295	2.61E-07
3839661631	859.9852295	10400.05469	0.000846925	2.23E-07
3839661642	860.0188599	10299.7959	0.000840272	1.58E-07
3839661652	860.003418	10199.93848	0.00083385	1.95E-07
3839661663	859.9797363	10100.13184	0.000827393	2.57E-07
3839661674	860.0049438	9999.981445	0.000821078	9.77E-08
3839661684	859.9877319	9899.978516	0.000814615	1.07E-07
3839661695	859.9801025	9799.744141	0.000808321	2.23E-07
3839661706	860.0265503	9699.71582	0.000801763	2.12E-07
3839661717	859.9938354	9599.995117	0.000795336	2.55E-07
3839661727	859.9842529	9500.1875	0.000788978	1.73E-07
3839661738	860.0041504	9399.952148	0.000782728	1.13E-07
3839661749	860.0073242	9299.887695	0.00077633	1.18E-07
3839661759	859.9990845	9200.056641	0.000769785	2.28E-07
3839661770	859.982605	9100.163086	0.000763688	2.36E-07
3839661781	859.9789429	9000.331055	0.000756948	2.21E-07
3839661791	859.9872437	8899.790039	0.000750834	2.43E-07
3839661803	860.0019531	8800.007813	0.000744386	1.77E-07
3839661814	859.9970093	8699.648438	0.000738018	1.15E-07
3839661824	860.0037231	8599.939453	0.000731673	1.75E-07
3839661834	860.0063477	8499.899414	0.000725246	1.87E-07
3839661845	860.0064087	8399.982422	0.000718925	9.03E-08
3839661855	860.0271606	8300.175781	0.000712461	1.13E-07
3839661866	859.9946289	8200.099609	0.000706205	1.45E-07
3839661877	859.9796143	8100.120605	0.00069994	1.14E-07
3839661889	859.9865112	7999.897461	0.00069347	1.30E-07
3839661900	860.0028687	7899.931152	0.000686703	2.68E-07
3839661912	860.0258789	7800.234375	0.000680586	1.71E-07
3839661923	859.996582	7700.463379	0.000674022	1.03E-07
3839661935	860.0441895	7600.21582	0.000667807	1.64E-07
3839661946	860.0028076	7500.310547	0.00066125	1.15E-07
3839661958	859.9732666	7400.344238	0.000654663	1.88E-07
3839661969	860.019165	7300.09668	0.000648345	7.61E-08
3839661980	859.9830322	7199.861328	0.000641882	1.02E-07
3839661991	860.0062256	7099.638184	0.000635395	7.76E-08
3839662002	859.9906616	6999.671875	0.000629037	1.20E-07
3839662012	860.0003662	6899.864258	0.00062257	1.11E-07
3839662022	860.008667	6799.65332	0.000616121	1.15E-07
3839662032	859.9817505	6699.821289	0.000609794	8.85E-08
3839662043	859.9943237	6599.879883	0.000603328	9.47E-08
3839662053	860.0097046	6499.803223	0.000596834	1.46E-07
3839662064	859.9971924	6399.812988	0.000590272	1.28E-07
3839662075	859.9891968	6299.821777	0.000584077	8.92E-08
3839662086	859.99823	6199.89209	0.000577448	1.16E-07
3839662096	860.0004883	6099.828125	0.000570937	1.23E-07
3839662107	859.9799805	5999.898926	0.0005644	6.64E-08
3839662119	859.9884644	5899.822266	0.000558012	1.21E-07
3839662130	860.0089111	5800.113281	0.000551443	1.35E-07
3839662139	860.0028076	5700.305664	0.000545001	1.02E-07
3839662150	860.0036621	5600.229492	0.000538432	1.76E-07
3839662161	860.00354	5500.287598	0.00053196	7.40E-08
3839662172	860.0128174	5400.272461	0.000525415	9.72E-08
3839662182	859.9860229	5299.901855	0.000518919	1.46E-07
3839662193	859.9956665	5199.862305	0.000512485	1.04E-07
3839662204	860.0140381	5100.030762	0.000505919	8.39E-08
3839662215	860.0161743	5000.027832	0.000499315	1.26E-07
3839662226	859.973877	4900.281738	0.000493018	6.73E-08
3839662237	859.9970703	4799.997559	0.000486537	8.69E-08
3839662248	859.9877319	4700.165527	0.000480158	8.03E-08
3839662258	860.0019531	4600.187012	0.000473708	8.76E-08
3839662269	859.9820557	4500.220703	0.000467386	8.13E-08
3839662280	859.9960327	4400.070801	0.000460802	6.94E-08
3839662291	860.0018921	4300.15332	0.000454229	1.71E-07
3839662301	859.9979248	4200.126465	0.000447848	1.29E-07
3839662312	859.9885864	4100.318848	0.000441254	1.58E-07
3839662322	859.9921265	4000.561035	0.000434802	6.79E-08
3839662332	860.0004272	3900.312988	0.000428129	1.22E-07
3839662342	860.0028076	3800.297852	0.000421681	7.71E-08
3839662354	860.0059814	3700.355713	0.000415004	9.19E-08
3839662365	859.9969482	3600.512207	0.000408475	8.74E-08
3839662376	860.0111084	3500.484619	0.000401825	1.09E-07
3839662386	859.9899902	3400.187744	0.000395299	8.41E-08
3839662397	860.0018311	3299.939941	0.000388825	7.11E-08
3839662408	859.9985352	3199.961426	0.000382213	5.68E-08
3839662418	860.0184326	3099.958496	0.000375485	1.08E-07
3839662429	859.9795532	3000.102295	0.000369028	5.62E-08
3839662440	859.9949341	2900.062744	0.00036243	7.88E-08
3839662451	859.9919434	2800.072021	0.000355736	6.70E-08
3839662463	860.0020142	2700.338135	0.000349053	4.57E-08
3839662475	859.9876709	2600.469727	0.000342492	5.31E-08
3839662486	860.0045776	2500.368896	0.000335694	9.35E-08
3839662497	860.0016479	2400.304688	0.000329123	5.81E-08
3839662509	860.0116577	2300.350586	0.000322294	8.97E-08
3839662520	859.9891968	2200.396484	0.000315551	6.80E-08
3839662532	860.0072632	2100.405762	0.000308831	5.76E-08
3839662543	859.9864502	2000.513062	0.000301927	8.77E-08
3839662554	860.0023804	1900.473267	0.000295093	6.11E-08
3839662566	860.0021973	1800.151978	0.00028815	9.16E-08
3839662577	859.9985352	1700.075439	0.000281378	6.64E-08
3839662587	859.9998169	1600.28064	0.000274374	5.36E-08
3839662598	859.9980469	1500.253174	0.00026729	7.38E-08
3839662611	860.0157471	1399.662598	0.00026025	4.52E-08
3839662623	860.0175781	1299.696289	0.000253087	5.13E-08
3839662635	860.006897	1199.705444	0.000245854	5.59E-08
3839662645	860.0006714	1099.714844	0.000238535	4.81E-08
3839662656	859.987915	999.8341675	0.000230969	5.85E-08
3839662667	859.9750366	899.5985718	0.00022329	8.41E-08
3839662679	860.0007935	799.5588379	0.000215184	5.58E-08
3839662690	860.0019531	700.2780762	0.000206808	4.42E-08
3839662700	860.0009766	599.9690552	0.000197705	7.05E-08
3839662711	860.001709	500.34552	0.000188017	1.31E-07
3839662722	860.0032959	400.3547974	0.000176172	4.07E-08
3839662734	860.010498	300.2538452	0.000161111	3.55E-08
3839662747	860.0205688	200.3610229	0.000138711	3.92E-08
3839662759	859.9997559	100.3335342	9.57E-05	3.82E-08
3839662769	860.0021973	0.330527723	-3.21E-05	5.65E-08
3839662781	859.9984741	-99.92955017	-0.000121106	4.82E-08
3839662790	859.9871216	-200.2141113	-0.000152305	5.42E-08
3839662801	860.0033569	-299.9233093	-0.0001699	6.96E-08
3839662812	860.0141602	-399.7182007	-0.000182809	4.63E-08
3839662823	860.0050659	-499.7824097	-0.000193291	4.53E-08
3839662834	859.9956665	-599.6384888	-0.00020283	9.55E-08
3839662844	860.0097046	-699.5925903	-0.000211373	5.44E-08
3839662855	859.9998169	-799.5588379	-0.000219634	6.20E-08
3839662867	859.9906006	-899.6719971	-0.000227583	6.88E-08
3839662878	860.0045166	-999.8585815	-0.000234956	1.03E-07
3839662888	859.9793701	-1100.228882	-0.00024263	1.14E-07
3839662899	860.008728	-1200.109497	-0.000249632	1.40E-07
3839662910	859.9920654	-1299.745239	-0.000256626	6.77E-08
3839662920	859.9940186	-1399.748291	-0.000263746	6.06E-08
3839662931	860.0065918	-1500.06958	-0.000270728	6.10E-08
3839662943	860.0106201	-1599.668457	-0.000277777	5.43E-08
3839662955	860.0159302	-1699.646973	-0.000284628	5.32E-08
3839662966	859.9790649	-1799.699097	-0.000291442	1.17E-07
3839662977	859.9957275	-1899.885742	-0.000298585	6.98E-08
3839662988	860.0039673	-2000.035522	-0.000305526	1.15E-07
3839662999	860.0056152	-2099.891846	-0.000312406	5.80E-08
3839663010	859.9679565	-2199.919189	-0.000319286	7.02E-08
3839663021	859.9845581	-2299.983398	-0.000325966	5.27E-08
3839663032	859.9844971	-2399.802734	-0.0003327	7.31E-08
3839663042	860.0166626	-2499.707764	-0.000339246	7.23E-08
3839663054	859.9918213	-2599.85791	-0.000345943	6.34E-08
3839663064	859.9697876	-2699.787354	-0.000352503	6.11E-08
3839663075	859.9987183	-2799.851563	-0.000359096	5.89E-08
3839663086	860.0222778	-2899.854492	-0.000365637	6.93E-08
3839663097	860.0112915	-2999.735107	-0.000372168	8.20E-08
3839663108	859.9909668	-3099.738037	-0.000378758	6.01E-08
3839663118	860.0004883	-3199.790039	-0.000385423	8.91E-08
3839663129	860.0217896	-3299.817383	-0.000392028	9.28E-08
3839663140	859.9977417	-3399.551025	-0.000398528	9.63E-08
3839663151	859.9869385	-3499.541992	-0.000405034	7.15E-08
3839663161	860.0097046	-3599.679443	-0.000411499	1.16E-07
3839663172	859.9910889	-3699.98877	-0.000418085	8.38E-08
3839663183	859.9854126	-3799.820313	-0.000424707	9.89E-08
3839663194	859.9855957	-3899.749756	-0.000431122	7.76E-08
3839663205	859.9902954	-3999.728271	-0.000437553	9.39E-08
3839663216	860.0014038	-4099.498535	-0.000444088	6.74E-08
3839663228	860.0024414	-4199.538574	-0.000450598	8.10E-08
3839663239	859.9979248	-4299.761719	-0.000457099	1.19E-07
3839663251	859.9884033	-4399.752441	-0.000463695	9.50E-08
3839663263	859.9694824	-4500.159668	-0.000470176	9.14E-08
3839663274	860.001709	-4600.321777	-0.000476559	8.58E-08
3839663286	860.0140381	-4700.227051	-0.000482985	1.23E-07
3839663297	860.0274048	-4800.413574	-0.000489413	9.81E-08
3839663309	859.9976196	-4900.367188	-0.000495857	1.01E-07
3839663320	860.0001221	-5000.39502	-0.000502287	8.96E-08
3839663331	859.9993286	-5100.459473	-0.000508619	1.07E-07
3839663343	859.9923706	-5200.229492	-0.000515167	1.03E-07
3839663354	860.010376	-5300.379395	-0.000521557	9.37E-08
3839663366	859.9976807	-5400.272461	-0.000527867	1.09E-07
3839663377	860.0049438	-5500.471191	-0.000534314	1.23E-07
3839663389	859.993103	-5600.449707	-0.000540793	1.16E-07
3839663400	859.9836426	-5700.023926	-0.000547352	1.60E-07
3839663412	860.0012207	-5800.186523	-0.0005537	1.44E-07
3839663423	860.0007324	-5900.36084	-0.00056026	1.44E-07
3839663434	860.0101929	-6000.437012	-0.000566802	9.96E-08
3839663446	859.9938354	-6100.366699	-0.000573469	9.18E-08
3839663457	860.0175781	-6200.369629	-0.000579825	1.43E-07
3839663469	859.9911499	-6300.213867	-0.000586359	8.19E-08
3839663480	860.0039673	-6399.677734	-0.000592667	1.60E-07
3839663492	859.9985352	-6499.88916	-0.000599133	2.10E-07
3839663503	860.0110474	-6599.659668	-0.000605614	1.30E-07
3839663515	860.017334	-6699.674316	-0.000612073	1.72E-07
3839663526	860.0053101	-6799.787598	-0.000618559	1.43E-07
3839663538	860.0233154	-6899.790527	-0.000625044	1.35E-07
3839663549	859.9971313	-6999.720215	-0.000631397	7.01E-08
3839663561	859.9712524	-7099.785156	-0.000637909	7.96E-08
3839663572	860.0109863	-7199.652832	-0.000644183	1.38E-07
3839663584	859.9969482	-7299.508789	-0.000650606	1.39E-07
3839663595	860.0147095	-7399.451172	-0.000657093	1.13E-07
3839663607	860.0201416	-7499.490723	-0.000663519	1.52E-07
3839663618	860.0109253	-7599.65332	-0.000669799	7.76E-08
3839663630	859.9926758	-7699.619629	-0.000676158	2.18E-07
3839663641	860.006897	-7799.793457	-0.000682639	1.33E-07
3839663653	859.9998779	-7899.772461	-0.000689219	1.23E-07
3839663665	859.9841309	-7999.799805	-0.000695592	1.91E-07
3839663676	860.0006714	-8099.643066	-0.000701961	1.87E-07
3839663688	860.0081787	-8199.634766	-0.000708297	1.83E-07
3839663701	860.010498	-8299.735352	-0.000714609	1.41E-07
3839663714	859.9936523	-8399.517578	-0.000721067	1.40E-07
3839663725	859.9871216	-8499.741211	-0.000727579	1.42E-07
3839663736	860.0143433	-8599.633789	-0.000733893	1.47E-07
3839663747	860.0263062	-8699.808594	-0.000740211	2.11E-07
3839663759	860.0131226	-8799.787109	-0.000746618	1.74E-07
3839663771	859.9988403	-8899.704102	-0.000753222	1.66E-07
3839663782	860.0167236	-8999.952148	-0.000759438	1.61E-07
3839663793	859.9924927	-9099.74707	-0.000765784	1.57E-07
3839663805	859.9916992	-9199.946289	-0.000772312	1.19E-07
3839663817	859.9858398	-9299.59375	-0.000778487	1.94E-07
3839663828	860.0061646	-9399.584961	-0.000784923	1.58E-07
3839663839	860.0184937	-9499.746094	-0.000791227	1.34E-07
3839663850	859.9977417	-9599.651367	-0.000797729	2.28E-07
3839663862	859.992981	-9699.483398	-0.000804083	1.66E-07
3839663873	859.9955444	-9799.608398	-0.000810552	2.16E-07
3839663885	859.9716187	-9899.636719	-0.000816827	1.65E-07
3839663896	860.0032349	-9999.626953	-0.000823274	2.72E-07
3839663908	860.0274658	-10099.60547	-0.000829602	1.48E-07
3839663919	860.0184937	-10199.62012	-0.000835812	2.73E-07
3839663931	859.9997559	-10299.69727	-0.000842254	2.93E-07
3839663942	859.9785767	-10399.73633	-0.000848747	2.06E-07
3839663954	860.0192261	-10499.70313	-0.000855149	2.02E-07
3839663965	859.9820557	-10599.73047	-0.00086135	2.91E-07
3839663977	859.9742432	-10699.7334	-0.000867528	2.83E-07
3839663988	859.9976807	-10799.69922	-0.000874268	2.61E-07
3839663999	860.0020752	-10899.8252	-0.000880379	2.88E-07
3839664011	860.0001221	-10999.88965	-0.000886615	1.82E-07
3839664022	860.0042114	-11099.5498	-0.000892991	2.26E-07
3839664034	859.9923706	-11199.7002	-0.00089944	2.03E-07
3839664045	860.0181885	-11299.65332	-0.00090556	2.22E-07
3839664066	860.0103149	-11399.70605	-0.000912156	2.64E-07
3839664077	860.0129395	-11499.79395	-0.000918345	2.33E-07
3839664089	860.0053101	-11599.58887	-0.000925018	1.38E-07
3839664100	859.9855347	-11699.71484	-0.000931157	2.69E-07
3839664112	859.9961548	-11799.70508	-0.000937742	3.05E-07
3839664124	860.0032959	-11899.70898	-0.00094411	2.50E-07
3839664135	859.9893188	-11999.74805	-0.000950387	2.63E-07
3839664146	859.9699097	-12099.86133	-0.000956938	2.43E-07
3839664158	860.0018311	-12199.77832	-0.000963243	3.39E-07
3839664169	860.019104	-12299.69629	-0.000969526	1.84E-07
3839664181	859.9934082	-12399.77246	-0.00097575	2.71E-07
3839664193	860.0023193	-12499.91016	-0.000982111	1.69E-07
3839664204	860.0046387	-12599.9375	-0.000988393	3.01E-07
3839664225	860.0350342	-12699.79395	-0.000994409	2.68E-07
3839664236	859.9992065	-12799.74707	-0.001000887	3.01E-07
3839664247	859.9898071	-12900.375	-0.001007669	2.15E-07
3839664258	860.0029907	-13000.13281	-0.001013582	3.04E-07
3839664269	859.9989624	-13100.0625	-0.001020103	1.80E-07
3839664280	859.970459	-13199.78418	-0.001026407	2.52E-07
3839664291	859.9933472	-13300.10449	-0.001032732	2.92E-07
3839664311	860.0324097	-13399.56934	-0.001038744	3.17E-07
3839664321	860.0230103	-13499.37793	-0.001045269	3.60E-07
3839664341	859.9995728	-13599.88184	-0.001051496	3.52E-07
3839664350	860.0025635	-13700.16699	-0.001058028	2.81E-07
3839664362	860.0020752	-13800.15625	-0.00106441	3.15E-07
3839664372	859.9970093	-13899.75586	-0.001070711	3.33E-07
3839664383	860.0194702	-13999.95508	-0.001077153	3.80E-07
3839664403	859.939209	-14099.89746	-0.001083412	3.53E-07
3839664413	860.0106201	-14199.69238	-0.001089741	2.71E-07
3839664424	860.0014648	-14299.64551	-0.001095765	3.55E-07
3839664435	859.9959717	-14399.67285	-0.001102374	2.64E-07
3839664446	860.0380859	-14499.90918	-0.001104182	4.42E-06
3839664457	860.0117798	-14599.81348	-0.001115096	3.61E-07
3839664468	859.9853516	-14699.52344	-0.001121097	3.59E-07
3839664479	860.0007324	-14799.80859	-0.001127748	2.36E-07
3839664490	859.9924316	-14899.54199	-0.001134081	2.53E-07
3839664501	860.0217896	-14999.61719	-0.001140354	3.22E-07
3839664512	860.0189209	-15099.66992	-0.001146581	2.79E-07
3839664523	859.9942627	-15199.64844	-0.001152949	3.20E-07
3839664534	860.0143433	-15299.58984	-0.001159332	2.17E-07
3839664546	860.0101929	-15399.82617	-0.001165645	2.27E-07
3839664559	860.0012817	-15499.87695	-0.001171883	3.37E-07
3839664571	859.9924316	-15599.74707	-0.001178321	2.49E-07
3839664596	860.0029297	-15699.52832	-0.001185132	2.97E-07
3839664612	859.9994507	-15799.59277	-0.001191272	3.27E-07
3839664635	860.0001221	-15899.63281	-0.001197818	3.78E-07
3839664651	860.0123291	-15999.69727	-0.001203909	2.80E-07
3839664661	860.0020142	-16099.71289	-0.001210041	3.58E-07
3839664672	859.9653931	-16199.53223	-0.001216602	3.81E-07
3839664693	859.9894409	-16299.64551	-0.001217773	4.47E-06
3839664704	859.9804077	-16399.81836	-0.001229249	3.27E-07
3839664716	860.0164795	-16499.61328	-0.001235744	2.32E-07
3839664727	859.9822998	-16599.65234	-0.001241876	2.84E-07
3839664739	859.9959717	-16699.67969	-0.001248009	1.98E-07
3839664750	860.0135498	-16799.69727	-0.001254656	2.05E-07
3839664762	860.0039063	-16899.79688	-0.001260861	4.02E-07
3839664774	860.0022583	-16999.49414	-0.001267284	3.01E-07
3839664787	860.0081177	-17099.65625	-0.001273495	2.58E-07
3839664800	860.0074463	-17199.61133	-0.001279625	2.94E-07
3839664812	860.0018921	-17299.56445	-0.001286021	3.44E-07
3839664824	859.9838257	-17399.6543	-0.001292347	2.59E-07
3839664836	860.0009766	-17499.82813	-0.001298625	3.36E-07
3839664847	859.9881592	-17599.52344	-0.001305178	3.28E-07
3839664858	860.0325317	-17699.56445	-0.001311134	3.15E-07
3839664870	860.0033569	-17799.78711	-0.001317924	3.63E-07
3839664882	859.9844971	-17899.52148	-0.00132419	2.14E-07
3839664894	859.994873	-17999.80664	-0.001330426	2.82E-07
3839664914	860.0283203	-18099.51563	-0.001336579	2.72E-07
3839664925	859.9891968	-18199.51953	-0.001343039	3.04E-07
3839664946	860.0067139	-18299.80273	-0.001349063	3.20E-07
3839664957	860.0405884	-18399.75586	-0.001355559	3.92E-07
3839664969	860	-18499.77148	-0.001362067	2.54E-07
3839664980	859.9765625	-18599.60352	-0.001368155	2.74E-07
3839664992	860.0041504	-18699.80273	-0.001374593	3.65E-07
3839665005	859.9828491	-18799.8418	-0.001380634	4.07E-07
3839665017	860.0030518	-18899.61328	-0.001387163	1.97E-07
3839665028	859.9935913	-18999.54297	-0.001393238	3.25E-07
3839665040	859.9938965	-19099.80273	-0.001399612	3.11E-07
3839665052	860.0005493	-19199.52344	-0.001406012	3.17E-07
3839665063	860.0023804	-19299.68555	-0.001412241	3.73E-07
3839665076	860.0164795	-19400.1543	-0.0014186	4.21E-07
3839665088	860.0188599	-19499.65625	-0.001424764	4.78E-07
3839665102	859.9967041	-19599.8418	-0.001431069	2.86E-07
3839665113	859.9906616	-19699.74805	-0.001437471	3.69E-07
3839665125	860.0139771	-19799.79883	-0.001443985	2.70E-07
3839665136	859.9979858	-19899.6543	-0.001449886	3.50E-07
3839665148	859.9827881	-19999.57227	-0.001456358	3.67E-07
3839665160	860.0198364	-20099.57422	-0.001462679	3.34E-07
3839665172	859.994812	-20199.76172	-0.001469105	2.49E-07
3839665185	859.9977417	-20299.6543	-0.001475654	3.23E-07
3839665196	860.0236816	-20399.53516	-0.00148178	3.99E-07
3839665207	859.9922485	-20499.59961	-0.00148843	2.20E-07
3839665219	860.0202637	-20599.73633	-0.001494519	2.91E-07
3839665231	859.9698486	-20699.78906	-0.001500236	4.49E-07
3839665243	860.0163574	-20799.63281	-0.001506822	4.43E-07
3839665255	859.9950562	-20899.89258	-0.001512985	3.52E-07
3839665267	860.0009155	-20999.77344	-0.001519378	3.64E-07
3839665279	860.0175171	-21099.77734	-0.001525872	4.63E-07
3839665291	859.9830322	-21199.63281	-0.001532193	3.15E-07
3839665302	860.0008545	-21299.77148	-0.001538461	3.55E-07
3839665314	860.0016479	-21399.60352	-0.001544075	5.82E-07
3839665326	860.0194702	-21499.66602	-0.001550543	6.22E-07
3839665337	860.0236206	-21599.52344	-0.001556938	4.09E-07
3839665348	860.0165405	-21699.52539	-0.001563435	3.10E-07
3839665370	860.0111694	-21799.83594	-0.00156976	3.89E-07
3839665380	859.9680786	-21899.53125	-0.00157608	3.51E-07
3839665392	860.019104	-21999.49805	-0.001582382	3.04E-07
3839665403	859.9988403	-22099.54883	-0.001588672	3.53E-07
3839665415	859.9684448	-22199.49023	-0.001595088	2.22E-07
3839665427	860.0128174	-22299.64063	-0.001601498	3.42E-07
3839665439	859.9915771	-22399.70703	-0.00160742	4.95E-07
3839665451	860.0046997	-22499.78125	-0.001613967	3.58E-07
3839665463	860.0209351	-22599.55273	-0.001620091	3.88E-07
3839665474	859.9834595	-22699.54297	-0.001626415	4.63E-07
3839665499	859.9991455	-22799.80273	-0.001633408	3.13E-07
3839665514	860.0014038	-22899.52539	-0.001638706	3.45E-07
3839665525	860.005188	-22999.74805	-0.001645571	2.95E-07
3839665538	860.006897	-23099.76172	-0.001651493	3.73E-07
3839665550	860.0147705	-23199.7793	-0.001658179	3.24E-07
3839665570	859.9970703	-23299.52539	-0.001663976	3.22E-07
3839665582	859.9897461	-23399.45313	-0.001670722	3.74E-07
3839665607	860.0055542	-23499.66602	-0.001677542	3.00E-07
3839665619	860.0053101	-23599.80273	-0.0016836	5.49E-07
3839665630	859.984375	-23699.56055	-0.001690277	4.09E-07
3839665641	860.0022583	-23799.52734	-0.001696562	4.38E-07
3839665653	860.0256348	-23899.91016	-0.001703006	3.22E-07
3839665665	859.9834595	-23999.5332	-0.00170915	2.51E-07
3839665677	860.0059204	-24099.71875	-0.001715548	5.10E-07
3839665689	859.9842529	-24199.86914	-0.001722355	3.11E-07
3839665701	860.0258789	-24299.65234	-0.00172817	4.79E-07
3839665713	859.9772339	-24399.54492	-0.001734248	4.23E-07
3839665725	860.0318604	-24499.52344	-0.001740908	2.92E-07
3839665736	860.0252075	-24599.60156	-0.001746963	3.45E-07
3839665748	859.9864502	-24699.61523	-0.001753555	3.44E-07
3839665760	860.0214844	-24799.77734	-0.001759651	4.45E-07
3839665772	860.0109253	-24899.70703	-0.001766154	3.19E-07
3839665784	859.9840088	-24999.75977	-0.001772355	4.49E-07
3839665795	860.0023193	-25099.56641	-0.001778553	3.29E-07
3839665807	859.9747314	-25199.50781	-0.001784625	3.67E-07
3839665819	860.0036011	-25299.73242	-0.001791077	2.91E-07
3839665831	860.0163574	-25399.70898	-0.001797471	3.66E-07
3839665843	860.036377	-25499.72461	-0.001803949	3.65E-07
3839665855	859.9880371	-25599.66602	-0.001810265	3.21E-07
3839665867	859.9829712	-25699.79297	-0.001816484	3.30E-07
3839665880	860.0179443	-25799.77148	-0.001822387	4.34E-07
3839665892	859.9985962	-25899.77344	-0.00182915	3.58E-07
3839665903	859.9848633	-25999.54492	-0.001835465	3.98E-07
3839665915	859.9932861	-26099.69336	-0.00184213	2.92E-07
3839665926	859.9923706	-26199.64844	-0.001847863	3.89E-07
3839665938	860.0089722	-26299.72461	-0.001854397	3.60E-07
3839665951	860.0126953	-26399.55469	-0.001860463	4.30E-07
3839665963	860.0266724	-26499.57227	-0.001866514	3.90E-07
3839665974	859.9587402	-26599.72266	-0.001873203	3.74E-07
3839665986	860.0292969	-26699.92188	-0.00187916	6.36E-07
3839665998	860.0153809	-26799.70508	-0.001885377	5.79E-07
3839666010	860.0131836	-26899.7793	-0.001891321	4.85E-07
3839666021	860.0196533	-26999.61133	-0.001898081	4.51E-07
3839666033	860.0284424	-27099.8457	-0.001904645	4.40E-07
3839666045	859.9864502	-27199.73828	-0.00191033	4.37E-07
3839666057	859.9998779	-27299.57227	-0.00191686	4.39E-07
3839666069	860.050293	-27399.52344	-0.001922886	4.61E-07
3839666080	860.0064087	-27499.5293	-0.001929399	5.12E-07
3839666091	859.9832153	-27599.55664	-0.001935546	5.08E-07
3839666103	859.9813232	-27699.57227	-0.001941867	4.69E-07
3839666114	860.0363159	-27799.56055	-0.001948275	3.91E-07
3839666126	859.9884033	-27899.73438	-0.001954402	4.63E-07
3839666138	859.9718018	-27999.78711	-0.001960805	3.68E-07
3839666150	860.019043	-28099.52148	-0.001967084	5.95E-07
3839666162	859.9710693	-28199.61133	-0.001973223	6.06E-07
3839666174	860.0117188	-28299.57617	-0.001979607	3.30E-07
3839666186	860.0310059	-28399.65234	-0.001985824	6.65E-07
3839666198	860.015686	-28499.66797	-0.001992115	3.30E-07
3839666209	860.0162354	-28599.73242	-0.001998208	4.88E-07
3839666222	859.9940186	-28699.95703	-0.00200472	5.50E-07
3839666234	860.0001221	-28799.83594	-0.002011149	3.79E-07
3839666246	860.0256348	-28899.69141	-0.002017163	5.87E-07
3839666258	859.9862061	-28999.76953	-0.002023941	3.51E-07
3839666270	859.9859619	-29099.75977	-0.002030134	3.63E-07
3839666282	860.0078125	-29199.66406	-0.002036309	6.23E-07
3839666294	859.9733276	-29299.54492	-0.002042196	7.11E-07
3839666306	859.9724731	-29399.57227	-0.002049053	3.14E-07
3839666317	860.0211182	-29499.64844	-0.002055064	4.36E-07
3839666329	860.0093994	-29599.56641	-0.002061212	3.65E-07
3839666340	859.9837646	-29699.60742	-0.002067684	5.20E-07
3839666352	860.0368042	-29799.54883	-0.002074079	5.02E-07
3839666364	859.9837036	-29899.74609	-0.002080422	3.94E-07
3839666376	859.991333	-29999.81055	-0.002086542	4.10E-07
3839666388	859.9906006	-30099.63086	-0.002093123	3.86E-07
3839666400	859.9885254	-30199.68359	-0.002099212	3.32E-07
3839666412	860.0083618	-30299.73633	-0.002105765	3.39E-07
3839666424	859.9807739	-30399.89648	-0.002111458	4.60E-07
3839666436	859.9970703	-30499.61914	-0.002117971	6.13E-07
3839666448	859.9942627	-30599.68359	-0.002123697	5.32E-07
3839666460	860.0170288	-30699.55078	-0.002130322	4.20E-07
3839666472	859.9882202	-30799.76172	-0.002136583	6.26E-07
3839666484	859.9864502	-30899.76563	-0.002143149	5.50E-07
3839666496	860.0160522	-30999.79297	-0.002149648	3.62E-07
3839666508	860.0177002	-31099.67188	-0.002155815	4.12E-07
3839666520	859.9952393	-31199.8125	-0.002162005	4.91E-07
3839666532	859.9976196	-31299.72656	-0.00216845	3.08E-07
3839666544	860.0275269	-31399.7793	-0.002174544	5.11E-07
3839666556	859.963623	-31499.49023	-0.002180563	6.35E-07
3839666567	859.9938354	-31599.58984	-0.002186808	6.14E-07
3839666579	859.9805298	-31699.60547	-0.002193268	4.56E-07
3839666590	859.999939	-31799.71875	-0.002199765	3.70E-07
3839666602	859.9647217	-31899.53711	-0.002205296	4.77E-07
3839666614	859.987854	-31999.71094	-0.002212216	3.76E-07
3839666626	859.9959106	-32099.73828	-0.002218293	5.47E-07
3839666638	860.022644	-32199.50977	-0.002224864	4.78E-07
3839666650	860.0089111	-32299.69531	-0.002230639	5.13E-07
3839666662	859.9988403	-32399.60156	-0.002236909	5.73E-07
3839666673	860.0060425	-32499.54492	-0.002242962	4.53E-07
3839666685	860.0092163	-32599.76758	-0.002249675	5.79E-07
3839666696	860.0205078	-32699.62305	-0.002255618	5.19E-07
3839666708	859.9509277	-32799.94531	-0.0022618	4.86E-07
3839666719	859.9714355	-32899.65234	-0.002268437	4.11E-07
3839666731	859.9938965	-32999.59766	-0.002274879	3.96E-07
3839666743	859.9509277	-33099.74609	-0.002281108	5.35E-07
3839666755	860.0031128	-33199.77344	-0.002287213	4.33E-07
3839666768	860.0119019	-33299.875	-0.002293819	3.47E-07
3839666780	860.0084839	-33399.57031	-0.002299672	4.19E-07
3839666792	859.9921265	-33499.76953	-0.002306735	5.65E-07
3839666804	859.9927368	-33599.73438	-0.002312579	4.35E-07
3839666816	859.9846802	-33699.75391	-0.002319002	4.65E-07
3839666828	859.9602661	-33799.86328	-0.002325314	5.53E-07
3839666840	860.03302	-33899.63672	-0.00233117	4.76E-07
3839666852	860.0080566	-33999.57813	-0.002337572	4.50E-07
3839666864	860.0126343	-34099.66406	-0.002343998	6.44E-07
3839666875	859.9656982	-34199.51172	-0.002350494	4.77E-07
3839666888	860.059021	-34299.62109	-0.002356508	4.70E-07
3839666900	860.0308838	-34399.66016	-0.002362631	4.84E-07
3839666912	860.0059814	-34499.84766	-0.002368989	6.12E-07
3839666924	860.0193481	-34599.73047	-0.002375438	5.08E-07
3839666935	859.9735107	-34699.58203	-0.0023816	6.25E-07
3839666947	859.9984131	-34799.75	-0.002387306	6.41E-07
3839666960	860.024353	-34899.71484	-0.002393685	6.68E-07
3839666971	860.0097656	-34999.74219	-0.002400261	5.72E-07
3839666983	859.9832153	-35099.63281	-0.002406819	5.57E-07
3839666995	860.0164185	-35199.71094	-0.002413024	3.20E-07
3839667006	859.9825439	-35299.76172	-0.00241899	5.71E-07
3839667018	860.0053101	-35399.91406	-0.00242538	5.72E-07
3839667030	860.0028076	-35499.52344	-0.002431742	6.43E-07
3839667042	859.97052	-35599.52734	-0.002437842	5.39E-07
3839667054	859.9803467	-35699.87109	-0.002444	4.61E-07
3839667066	859.991333	-35799.66797	-0.002450389	4.85E-07
3839667077	860.0026245	-35899.57422	-0.002456651	4.40E-07
3839667089	860.0039673	-35999.57422	-0.002462523	6.89E-07
3839667101	860.0123901	-36099.76172	-0.0024694	5.83E-07
3839667113	859.9932861	-36199.77734	-0.002475934	5.03E-07
3839667125	859.973938	-36299.51172	-0.002481691	7.68E-07
3839667136	859.9760742	-36399.58594	-0.00248766	5.98E-07
3839667148	860.0046997	-36499.62891	-0.002494331	6.24E-07
3839667159	859.9819336	-36599.70313	-0.002500658	5.92E-07
3839667171	860.0006714	-36699.59766	-0.002506501	5.45E-07
3839667182	859.9777222	-36799.53516	-0.002512554	5.75E-07
3839667194	860.0025024	-36899.625	-0.002519397	5.30E-07
3839667205	859.9718018	-36999.60547	-0.002525351	6.46E-07
3839667217	859.9907227	-37099.53516	-0.002531982	5.37E-07
3839667228	859.979187	-37199.72266	-0.002538215	6.48E-07
3839667240	859.9897461	-37299.58984	-0.002543941	6.98E-07
3839667252	859.9716187	-37399.82422	-0.002550547	7.51E-07
3839667263	860.0480957	-37499.64453	-0.002556946	6.33E-07
3839667275	859.9763184	-37599.82031	-0.002563391	5.98E-07
3839667286	860.0529785	-37699.55469	-0.00256918	5.63E-07
3839667297	860.0129395	-37799.62891	-0.002575779	4.30E-07
3839667309	859.9916382	-37899.60938	-0.002582338	4.39E-07
3839667320	860.0126953	-37999.69531	-0.002588693	5.28E-07
3839667332	860.0302734	-38099.72656	-0.002594459	7.20E-07
3839667343	860.0023193	-38199.61719	-0.002600887	7.29E-07
3839667355	859.9721069	-38299.63281	-0.002607659	5.09E-07
3839667366	859.987915	-38399.71875	-0.002613959	4.81E-07
3839667378	860.0010986	-38499.57813	-0.002619823	4.76E-07
3839667390	860.0222778	-38599.54297	-0.002625843	5.46E-07
3839667402	859.975708	-38699.54688	-0.002631882	8.40E-07
3839667414	859.9940796	-38799.59766	-0.002638106	6.09E-07
3839667426	860.010437	-38899.92969	-0.00264484	4.62E-07
3839667438	860.05896	-38999.84766	-0.002651105	5.34E-07
3839667450	859.9866333	-39099.74219	-0.002657168	8.03E-07
3839667462	859.9602051	-39199.79297	-0.002663554	6.71E-07
3839667474	860.0095825	-39299.84766	-0.002669543	6.68E-07
3839667486	859.9950562	-39399.875	-0.002676356	5.22E-07
3839667498	859.9940186	-39499.52344	-0.002682512	4.85E-07
3839667509	860.0075684	-39599.5625	-0.002688801	4.25E-07
3839667521	860.0014648	-39699.76172	-0.002695199	5.19E-07
3839667532	860.0134888	-39799.62891	-0.002700811	6.29E-07
3839667544	859.9921265	-39899.74219	-0.002707103	8.54E-07
3839667556	859.9825439	-39999.75391	-0.002713465	6.40E-07
3839667568	859.9763184	-40099.58984	-0.002719993	6.34E-07
3839667579	859.9738159	-40199.8125	-0.002726248	6.28E-07
3839667591	860.017395	-40299.9375	-0.002732233	7.96E-07
3839667603	860.0182495	-40399.48438	-0.002738789	4.53E-07
3839667614	859.9714355	-40500.01563	-0.002744955	6.76E-07
3839667626	859.9810791	-40599.73828	-0.002750923	8.97E-07
3839667638	860.0506592	-40699.60547	-0.002757918	5.24E-07
3839667649	860.0059204	-40799.78125	-0.002763942	5.86E-07
3839667662	859.9603882	-40899.83203	-0.002770062	6.80E-07
3839667674	860.0320435	-40999.6875	-0.002776285	5.64E-07
3839667685	860.031189	-41099.70313	-0.002782486	6.51E-07
3839667697	860.0195313	-41199.70703	-0.002788755	7.42E-07
3839667709	860.0249023	-41299.79688	-0.002794833	6.81E-07
3839667721	859.977478	-41399.8125	-0.002801784	5.63E-07
3839667733	860.0319214	-41499.48438	-0.002807882	6.58E-07
3839667745	860.0195313	-41599.55859	-0.002813639	7.39E-07
3839667756	859.9812012	-41699.51563	-0.002819974	7.16E-07
3839667768	860.0214233	-41799.49219	-0.002826043	5.82E-07
3839667780	859.9881592	-41899.55859	-0.002832944	8.40E-07
3839667791	859.9871826	-41999.55859	-0.002838418	6.36E-07
3839667802	859.9937134	-42099.625	-0.002844646	7.72E-07
3839667814	860.005127	-42199.53125	-0.002851361	5.87E-07
3839667826	860.0280762	-42299.64063	-0.002857829	6.37E-07
3839667837	859.9594727	-42399.62109	-0.002863731	7.35E-07
3839667848	859.9893188	-42499.70703	-0.002870428	6.62E-07
3839667860	859.9782715	-42599.63672	-0.002876439	7.35E-07
3839667872	859.9995117	-42699.77344	-0.002882812	4.70E-07
3839667883	860.0386353	-42799.48828	-0.002889204	5.28E-07
3839667895	860.0170288	-42899.53906	-0.002895096	6.71E-07
3839667906	860.0363159	-42999.60156	-0.002901427	6.72E-07
3839667917	859.9918823	-43099.62891	-0.002907862	5.15E-07
3839667929	860.0228271	-43199.54688	-0.002914171	5.99E-07
3839667941	859.9711914	-43299.75781	-0.002920139	8.72E-07
3839667953	860.0554199	-43399.83594	-0.002925783	8.96E-07
3839667965	859.9741821	-43499.62891	-0.002933097	7.02E-07
3839667977	859.9822998	-43599.67969	-0.002939455	7.25E-07
3839667989	859.9735107	-43699.74609	-0.002945611	5.88E-07
3839668001	860.0021362	-43799.625	-0.002951753	5.58E-07
3839668012	860.0001221	-43899.55469	-0.00295829	6.90E-07
3839668025	860.0181885	-43999.80469	-0.002964179	5.72E-07
3839668039	859.9788208	-44099.55078	-0.002970709	7.82E-07
3839668052	860.0047607	-44199.75	-0.002976626	4.40E-07
3839668064	860.0464478	-44299.51563	-0.002982973	6.93E-07
3839668076	859.9405518	-44399.69531	-0.002989623	6.14E-07
3839668088	859.9920654	-44499.71094	-0.002995784	7.34E-07
3839668099	860.0143433	-44599.57813	-0.003002049	6.20E-07
3839668112	860.0166016	-44699.67578	-0.003008008	7.99E-07
3839668124	859.9962158	-44799.75391	-0.003014259	5.91E-07
3839668135	860.0241699	-44899.58594	-0.003020388	7.44E-07
3839668147	860.0087891	-44999.61328	-0.003027269	6.69E-07
3839668158	859.9834595	-45099.51953	-0.00303273	7.40E-07
3839668170	860.0234985	-45199.57031	-0.003039464	6.32E-07
3839668181	859.9872437	-45299.5625	-0.003046191	7.35E-07
3839668193	859.9816895	-45399.80859	-0.003052091	4.60E-07
3839668204	859.9989624	-45499.53125	-0.003058421	6.33E-07
3839668216	860.0362549	-45599.75391	-0.00306502	5.57E-07
3839668228	860.0096436	-45699.48438	-0.003071288	4.07E-07
3839668239	859.982666	-45799.66016	-0.003077228	5.44E-07
3839668251	860.0363159	-45899.71094	-0.003083528	6.82E-07
3839668263	859.9981689	-45999.80078	-0.003089934	7.02E-07
3839668276	859.9840698	-46099.85547	-0.003095596	5.57E-07
3839668287	859.9657593	-46199.52344	-0.003102644	5.33E-07
3839668299	859.9717407	-46299.80078	-0.003108316	6.33E-07
3839668310	860.0314331	-46399.51953	-0.003114498	7.13E-07
3839668322	859.9882202	-46499.73047	-0.003121209	6.23E-07
3839668333	860.0137939	-46599.58594	-0.003127653	4.89E-07
3839668345	859.9762573	-46699.73438	-0.00313366	7.47E-07
3839668357	859.9554443	-46799.76172	-0.003139704	7.99E-07
3839668369	859.9628906	-46899.58594	-0.003145895	9.35E-07
3839668381	860.0158691	-46999.78516	-0.003152377	6.71E-07
3839668393	860.0371704	-47099.70313	-0.00315853	6.77E-07
3839668405	859.9957275	-47199.82422	-0.003165421	5.95E-07
3839668417	859.9775391	-47299.80469	-0.003171365	5.24E-07
3839668429	860.0328369	-47399.57422	-0.003177721	5.33E-07
3839668441	860.0159912	-47499.51563	-0.003183357	7.80E-07
3839668452	860.0471191	-47599.57031	-0.00319017	5.03E-07
3839668464	860.0016479	-47699.62109	-0.003196327	5.18E-07
3839668476	860.0093384	-47799.52734	-0.003202735	4.28E-07
3839668488	860.0032349	-47899.69922	-0.003208737	6.84E-07
3839668500	860.0296631	-47999.93359	-0.003215376	6.24E-07
3839668512	860.0378418	-48099.75391	-0.003221488	7.75E-07
3839668524	860.0321655	-48199.76953	-0.003228102	5.01E-07
3839668535	859.9989624	-48299.78516	-0.003234155	6.51E-07
3839668547	859.9811401	-48399.78906	-0.003240715	4.51E-07
3839668559	859.9946899	-48499.52344	-0.003246757	4.96E-07
3839668571	859.9692383	-48599.53906	-0.003252917	6.25E-07
3839668583	860.0228271	-48699.67578	-0.003259538	6.44E-07
3839668595	859.9887085	-48799.75391	-0.003265715	5.52E-07
3839668606	859.9960327	-48899.57031	-0.003271284	7.70E-07
3839668618	860.0206299	-48999.71094	-0.003277715	5.39E-07
3839668630	860.0395508	-49099.53906	-0.003284461	4.99E-07
3839668641	860.0454712	-49199.57813	-0.003290557	6.56E-07
3839668654	859.960022	-49299.75391	-0.003296879	7.42E-07
3839668666	859.9769897	-49399.60156	-0.003302868	6.10E-07
3839668677	859.9872437	-49499.48047	-0.003308874	7.45E-07
3839668689	860.0159912	-49599.61719	-0.003315418	7.40E-07
3839668700	860.0251465	-49699.76563	-0.003321675	5.18E-07
3839668712	860.0141602	-49799.80469	-0.003328282	5.59E-07
3839668724	859.9877319	-49899.5	-0.003334818	5.83E-07
3839668737	860.0232544	-49999.67969	-0.00334052	6.80E-07
3839668749	859.970459	-49899.72266	-0.003334944	6.84E-07
3839668760	860.0224609	-49799.57422	-0.003327683	8.00E-07
3839668772	859.9681396	-49699.54688	-0.00332172	5.92E-07
3839668783	860.0200806	-49599.69922	-0.003315449	6.99E-07
3839668796	860	-49499.85938	-0.00330915	7.51E-07
3839668808	860.0194702	-49399.71094	-0.00330272	5.77E-07
3839668820	859.9801636	-49299.52344	-0.003296545	4.99E-07
3839668831	860.0537109	-49199.62891	-0.003289832	8.29E-07
3839668842	860.0265503	-49099.61328	-0.003284122	6.25E-07
3839668854	860.0094604	-48999.78125	-0.003277339	4.33E-07
3839668864	859.9920654	-48899.58203	-0.003270893	6.90E-07
3839668876	860.0063477	-48799.60547	-0.003265335	4.70E-07
3839668888	860.010437	-48699.72656	-0.003257953	6.10E-07
3839668899	859.9762573	-48599.44922	-0.003252191	6.80E-07
3839668911	860.0129395	-48499.875	-0.003244515	7.58E-07
3839668923	860.0390015	-48399.70313	-0.003239511	7.57E-07
3839668934	860.0180054	-48299.6875	-0.003232618	7.00E-07
3839668945	860.0057983	-48199.62109	-0.003227006	5.58E-07
3839668958	859.9894409	-48099.76953	-0.003220689	6.72E-07
3839668970	860.0046387	-47999.55469	-0.003214459	4.93E-07
3839668981	860.0144043	-47899.72656	-0.003208625	5.42E-07
3839668992	860.0197144	-47799.67188	-0.003201742	6.81E-07
3839669003	859.9567871	-47699.78125	-0.003195855	5.54E-07
3839669014	860.0158081	-47599.77344	-0.003189323	7.12E-07
3839669025	859.9696655	-47499.89453	-0.003182558	8.14E-07
3839669036	859.9831543	-47399.73438	-0.003176902	5.68E-07
3839669047	860.0024414	-47299.87891	-0.003170887	6.44E-07
3839669058	860.0604248	-47199.70313	-0.003164165	8.66E-07
3839669070	859.9926147	-47099.65234	-0.003158238	6.20E-07
3839669081	860.0306396	-46999.70703	-0.003151924	5.81E-07
3839669095	859.9742432	-46899.76953	-0.003144951	8.80E-07
3839669107	860.0582275	-46799.88672	-0.003139763	7.16E-07
3839669118	860.0026245	-46699.57813	-0.00313351	6.28E-07
3839669129	860.0088501	-46599.66406	-0.003126815	6.44E-07
3839669141	859.9799194	-46499.73047	-0.003120482	9.32E-07
3839669153	860.0251465	-46399.73047	-0.003114625	8.94E-07
3839669164	860.0133667	-46299.8125	-0.0031081	6.32E-07
3839669175	860.0177612	-46199.77344	-0.003101468	8.27E-07
3839669187	859.9900513	-46099.77734	-0.003095627	6.02E-07
3839669199	859.9995117	-45999.77734	-0.003089146	7.19E-07
3839669210	860.0465088	-45899.71094	-0.003083296	7.05E-07
3839669222	860.0269165	-45800.125	-0.003076619	4.69E-07
3839669233	860.0338745	-45699.58594	-0.003070451	6.20E-07
3839669244	860.0102539	-45599.62891	-0.00306468	6.10E-07
3839669256	859.9875488	-45499.84766	-0.003058258	5.08E-07
3839669268	859.9992065	-45399.64844	-0.003051903	9.22E-07
3839669281	860.0387573	-45299.79297	-0.003045739	5.25E-07
3839669291	859.9621582	-45199.60547	-0.003039491	5.46E-07
3839669302	859.9858398	-45099.75	-0.003032493	8.99E-07
3839669313	860.0478516	-44999.66016	-0.003026541	6.54E-07
3839669324	859.99646	-44899.68359	-0.003020718	4.81E-07
3839669335	860.0014038	-44799.70703	-0.003014191	5.62E-07
3839669347	860.0206909	-44699.55469	-0.003007628	1.01E-06
3839669359	860.0153198	-44599.625	-0.003001596	5.64E-07
3839669369	860.0168457	-44499.60938	-0.002995047	5.82E-07
3839669380	859.9561768	-44399.57031	-0.002988763	5.11E-07
3839669392	860.0328369	-44299.75	-0.002982889	5.52E-07
3839669405	860.050415	-44199.6875	-0.0029759	6.79E-07
3839669416	860.0059204	-44099.62109	-0.002970084	6.61E-07
3839669427	859.9921265	-43999.59375	-0.002964147	4.90E-07
3839669440	860.0315552	-43899.67578	-0.002957807	7.16E-07
3839669451	859.9868774	-43799.77344	-0.00295089	6.36E-07
3839669463	860.0189209	-43699.71094	-0.00294539	4.51E-07
3839669475	859.9916382	-43599.67969	-0.002938931	4.47E-07
3839669488	859.9793701	-43499.54297	-0.00293242	7.98E-07
3839669500	859.9760132	-43399.63672	-0.002925976	6.22E-07
3839669510	860.0350342	-43299.55078	-0.002919558	6.49E-07
3839669521	859.9962158	-43199.75391	-0.002913858	5.38E-07
3839669532	860.0241699	-43099.57031	-0.002907433	6.54E-07
3839669543	859.9788208	-42999.50391	-0.002900891	6.00E-07
3839669554	859.9848633	-42899.64844	-0.002895076	5.65E-07
3839669566	860.0130615	-42799.375	-0.002889342	5.21E-07
3839669577	860.0021362	-42699.41016	-0.002882529	7.60E-07
3839669589	860.0151367	-42599.72656	-0.002876138	5.33E-07
3839669600	860.0026245	-42499.54688	-0.002869324	7.36E-07
3839669612	859.9683228	-42399.81641	-0.002863468	6.11E-07
3839669623	859.9733887	-42299.59375	-0.002857358	6.59E-07
3839669634	860.0354614	-42199.72266	-0.002850818	6.07E-07
3839669646	859.9880371	-42099.66016	-0.002844751	6.17E-07
3839669658	860.008667	-41999.63281	-0.002838796	5.50E-07
3839669669	859.9594116	-41899.69141	-0.002832262	5.85E-07
3839669679	860.0338135	-41799.60156	-0.002826296	8.54E-07
3839669690	860.00354	-41699.60156	-0.002820125	5.40E-07
3839669701	859.9993896	-41599.63281	-0.002813966	4.47E-07
3839669713	859.9712524	-41499.76563	-0.002806929	6.23E-07
3839669725	859.9894409	-41399.82422	-0.002801025	4.98E-07
3839669737	859.9952393	-41299.47656	-0.002794653	5.04E-07
3839669748	859.963501	-41199.58594	-0.002787903	8.01E-07
3839669760	859.9920654	-41099.72656	-0.002781844	5.46E-07
3839669770	860.0125732	-40999.71094	-0.002775896	6.29E-07
3839669782	860.0291748	-40899.64844	-0.002769566	4.97E-07
3839669794	859.9841919	-40799.68359	-0.002763516	6.37E-07
3839669805	860.0095825	-40699.71484	-0.002756751	7.04E-07
3839669816	859.9830322	-40599.64063	-0.002750689	7.22E-07
3839669827	860.0216064	-40499.69922	-0.002744423	4.41E-07
3839669839	860.0097656	-40399.68359	-0.002738117	5.65E-07
3839669850	859.9776001	-40299.60547	-0.002731998	4.53E-07
3839669862	859.987915	-40199.56641	-0.002725746	4.40E-07
3839669874	860.0162964	-40099.53906	-0.002719333	6.67E-07
3839669885	860.0004883	-39999.57422	-0.00271273	5.81E-07
3839669896	860.017334	-39899.59375	-0.002706677	4.86E-07
3839669908	859.9937134	-39799.6875	-0.002700524	5.34E-07
3839669920	860.0132446	-39699.85938	-0.002694659	3.21E-07
3839669931	859.9890747	-39599.72266	-0.002688158	3.22E-07
3839669942	859.9846802	-39499.55859	-0.002682352	3.51E-07
3839669954	859.9713135	-39399.62891	-0.002675891	5.35E-07
3839669965	859.9871826	-39299.45703	-0.002669383	5.88E-07
3839669977	860.0046387	-39199.58594	-0.00266312	4.99E-07
3839669989	859.9889526	-39099.90234	-0.002657025	4.26E-07
3839670000	860.0013428	-38999.72656	-0.00265112	4.89E-07
3839670012	860.0140991	-38899.83594	-0.002644366	5.35E-07
3839670023	859.9795532	-38799.69922	-0.002637716	5.28E-07
3839670034	860.039978	-38699.73047	-0.002631831	7.56E-07
3839670046	859.9726563	-38599.65234	-0.002625412	4.98E-07
3839670058	859.979126	-38499.58594	-0.002619338	5.72E-07
3839670070	859.9969482	-38399.71875	-0.002612365	7.09E-07
3839670081	860.0169067	-38299.70313	-0.00260595	4.35E-07
3839670093	859.9959106	-38199.66406	-0.002600074	7.24E-07
3839670103	860.0235596	-38099.67578	-0.002594078	4.45E-07
3839670115	860.012085	-37999.69531	-0.002587527	4.94E-07
3839670126	859.9934082	-37899.65625	-0.002581536	4.57E-07
3839670137	860.0097656	-37799.51953	-0.002575312	6.36E-07
3839670149	860.0031738	-37699.63672	-0.002568902	5.71E-07
3839670160	859.9955444	-37599.53516	-0.002562485	5.11E-07
3839670171	859.9983521	-37499.53516	-0.002555836	6.06E-07
3839670182	860.0057983	-37399.61719	-0.002549893	6.75E-07
3839670193	860.0072021	-37299.5625	-0.002544049	4.16E-07
3839670205	860.0405884	-37199.5625	-0.002537328	5.50E-07
3839670218	859.9963989	-37099.77734	-0.002531049	5.18E-07
3839670230	860.0072632	-36999.65234	-0.002524974	3.97E-07
3839670242	860.0170288	-36899.78516	-0.002518499	3.89E-07
3839670252	860.0159912	-36799.78516	-0.002512084	5.94E-07
3839670264	860.0114136	-36699.58594	-0.002506095	3.86E-07
3839670276	860.0166626	-36599.57813	-0.00249993	4.73E-07
3839670287	860.013855	-36499.82422	-0.002493538	5.99E-07
3839670299	860.0131226	-36399.73438	-0.002487157	7.29E-07
3839670310	859.9794922	-36299.59766	-0.002480917	3.75E-07
3839670322	859.9743652	-36199.55859	-0.002474603	7.33E-07
3839670332	860.0123901	-36099.80078	-0.002468276	5.97E-07
3839670344	859.9649658	-35999.85547	-0.00246131	5.90E-07
3839670355	859.9920654	-35899.62109	-0.002455778	4.46E-07
3839670366	860.0105591	-35799.76563	-0.002449395	5.78E-07
3839670378	860.0171509	-35699.58984	-0.002443272	5.58E-07
3839670390	860.0060425	-35599.625	-0.002437202	4.49E-07
3839670402	859.9957275	-35499.86719	-0.002430949	3.66E-07
3839670415	860.0256348	-35399.75391	-0.002424423	5.62E-07
3839670427	859.9896851	-35299.62891	-0.002418191	5.25E-07
3839670438	860.0054321	-35199.55078	-0.002411818	4.40E-07
3839670450	859.925293	-35099.66016	-0.002405906	5.44E-07
3839670462	860.0119629	-34999.77734	-0.002399479	5.68E-07
3839670474	860.0042114	-34899.89844	-0.0023935	4.45E-07
3839670485	859.9911499	-34799.5625	-0.002387256	3.60E-07
3839670497	859.9973755	-34699.59766	-0.002380536	5.37E-07
3839670507	860.0648804	-34599.51172	-0.00237459	5.65E-07
3839670519	860.0057373	-34499.62891	-0.002368109	5.94E-07
3839670531	859.979187	-34399.83203	-0.002361848	3.48E-07
3839670544	860.0025635	-34299.82031	-0.002355734	3.61E-07
3839670554	859.9770508	-34199.51953	-0.00234943	4.71E-07
3839670567	859.9983521	-34099.76563	-0.002343206	5.41E-07
3839670579	859.9980469	-33999.73438	-0.002336343	6.22E-07
3839670590	859.977417	-33899.64844	-0.002330455	3.71E-07
3839670601	860.0310059	-33799.59375	-0.002324077	4.95E-07
3839670613	859.9796143	-33699.53125	-0.002318267	4.22E-07
3839670624	860.006897	-33599.52734	-0.00231165	5.03E-07
3839670636	860.008667	-33499.73047	-0.002305346	6.14E-07
3839670648	860.0007935	-33399.80078	-0.002298985	4.13E-07
3839670659	859.9556274	-33299.49219	-0.00229302	3.90E-07
3839670671	860.0184326	-33199.52734	-0.002286668	4.09E-07
3839670682	859.9758911	-33099.59766	-0.002280691	3.60E-07
3839670693	859.9941406	-32999.63281	-0.002274123	4.37E-07
3839670706	859.9779053	-32899.58203	-0.002267527	4.60E-07
3839670718	859.9414063	-32799.74609	-0.002261468	5.06E-07
3839670730	860.008728	-32699.91797	-0.002255492	3.02E-07
3839670742	860.0266113	-32599.85352	-0.002249288	3.38E-07
3839670753	859.947998	-32499.77539	-0.002242688	3.24E-07
3839670765	860.0167847	-32399.62695	-0.002236274	5.22E-07
3839670776	860.0306396	-32299.6582	-0.002230002	3.45E-07
3839670788	859.9959106	-32199.65625	-0.002223605	4.72E-07
3839670800	859.9729004	-32099.60352	-0.002217222	4.19E-07
3839670813	859.9904175	-31999.73633	-0.002211241	2.86E-07
3839670824	859.9957886	-31899.70898	-0.002204753	2.62E-07
3839670836	859.9771118	-31799.69336	-0.002198549	6.12E-07
3839670847	859.9857788	-31699.72656	-0.00219236	4.75E-07
3839670859	860.010437	-31599.62695	-0.002186009	5.72E-07
3839670871	860.0158081	-31500.08789	-0.002180073	3.80E-07
3839670882	859.9729614	-31399.65625	-0.002173634	4.65E-07
3839670893	860.0143433	-31299.5918	-0.002166935	4.12E-07
3839670905	859.986145	-31199.55273	-0.002161071	3.11E-07
3839670916	860.0081177	-31099.63477	-0.00215452	5.74E-07
3839670928	860.0119019	-30999.60742	-0.002148575	2.78E-07
3839670939	859.9992065	-30899.59375	-0.002142131	4.37E-07
3839670950	859.9974365	-30799.57813	-0.002136022	4.11E-07
3839670963	860.0116577	-30699.74805	-0.002129449	4.92E-07
3839670975	859.9855347	-30599.76758	-0.002123269	5.02E-07
3839670986	860.0050659	-30499.74023	-0.002117461	5.55E-07
3839670997	860.0188599	-30399.79688	-0.002110662	5.68E-07
3839671010	860.0015869	-30299.7832	-0.002104825	5.00E-07
3839671020	860.022522	-30199.57031	-0.002098065	4.33E-07
3839671032	859.96521	-30099.55664	-0.002091956	2.79E-07
3839671043	859.9852295	-29999.61719	-0.002085532	3.88E-07
3839671054	859.9807129	-29899.59961	-0.002079465	4.51E-07
3839671065	859.9916382	-29799.58398	-0.002073188	4.16E-07
3839671077	859.9971924	-29699.67773	-0.002066478	5.57E-07
3839671089	860.0053711	-29599.63867	-0.002060785	4.26E-07
3839671100	859.9852295	-29499.56445	-0.002053983	4.57E-07
3839671112	860.0117188	-29399.70703	-0.002047673	3.69E-07
3839671125	860.0056152	-29299.70313	-0.002041711	5.00E-07
3839671137	859.9875488	-29199.65234	-0.002035276	4.37E-07
3839671148	860.0031128	-29099.75977	-0.002028942	5.28E-07
3839671159	859.9869995	-28999.58398	-0.002022654	3.55E-07
3839671171	860.0022583	-28899.6543	-0.002016313	4.27E-07
3839671183	859.9924316	-28799.61523	-0.002009958	3.02E-07
3839671194	859.9914551	-28699.59961	-0.002003725	2.76E-07
3839671205	860.0200195	-28599.68164	-0.001997293	3.25E-07
3839671217	859.9899292	-28499.60742	-0.001991056	1.79E-07
3839671229	859.9957886	-28399.62695	-0.001984754	3.71E-07
3839671239	859.9785767	-28299.55273	-0.001977799	4.48E-07
3839671250	860.0029907	-28199.66016	-0.001971947	3.56E-07
3839671261	860.0241089	-28099.67969	-0.001965673	3.48E-07
3839671273	860.0016479	-27999.65234	-0.001959449	2.76E-07
3839671283	860.0214844	-27899.71094	-0.001952834	4.31E-07
3839671295	859.9778442	-27799.85547	-0.001946813	3.95E-07
3839671307	860.0032349	-27699.86523	-0.001940561	4.26E-07
3839671319	860.0151367	-27600.20313	-0.001934353	5.01E-07
3839671330	859.9960327	-27499.69922	-0.001928194	2.46E-07
3839671342	859.9888306	-27399.64648	-0.001921925	3.36E-07
3839671354	860.0145874	-27299.80273	-0.00191566	2.69E-07
3839671365	859.9813843	-27199.61719	-0.00190933	3.38E-07
3839671376	860.0090942	-27099.65234	-0.001902939	2.35E-07
3839671386	860.0081177	-26999.54883	-0.001896871	3.80E-07
3839671399	859.9769897	-26899.82813	-0.001890512	3.18E-07
3839671412	860.0288696	-26799.83984	-0.001884297	3.27E-07
3839671423	859.9725342	-26699.78711	-0.001877956	3.58E-07
3839671434	859.9920654	-26599.96484	-0.001871744	4.58E-07
3839671446	859.9927979	-26499.40039	-0.001865378	3.39E-07
3839671457	860.0136108	-26399.60547	-0.001859382	3.27E-07
3839671468	859.9919434	-26299.65234	-0.001853063	2.54E-07
3839671479	859.9960327	-26199.49023	-0.001846496	3.44E-07
3839671490	860.0115967	-26099.68164	-0.001840384	3.76E-07
3839671502	859.9729614	-25999.64258	-0.001834054	3.24E-07
3839671513	859.9975586	-25899.72461	-0.001827712	4.15E-07
3839671525	859.9754028	-25799.59961	-0.001821357	2.62E-07
3839671537	860.0113525	-25699.69336	-0.001815085	2.86E-07
3839671549	860.0193481	-25599.78906	-0.001808588	4.71E-07
3839671560	859.9777832	-25499.6875	-0.001802591	3.10E-07
3839671571	859.9862671	-25399.77148	-0.001796177	2.82E-07
3839671582	859.999939	-25299.62109	-0.001789793	3.95E-07
3839671593	860.017395	-25199.62891	-0.001783677	4.03E-07
3839671603	859.9675903	-25099.75	-0.001776939	4.08E-07
3839671614	860.0220337	-24999.53906	-0.001770947	3.57E-07
3839671626	859.9928589	-24899.69531	-0.001764561	3.50E-07
3839671638	860.0039063	-24799.75391	-0.001758492	3.46E-07
3839671649	860.0098877	-24699.58984	-0.001752395	2.75E-07
3839671660	860	-24599.73438	-0.001745814	3.25E-07
3839671671	859.9708862	-24499.53516	-0.001739609	4.52E-07
3839671683	860.019043	-24399.61719	-0.001733224	2.96E-07
3839671695	860.0106201	-24299.64063	-0.001727273	2.23E-07
3839671705	860.0259399	-24199.79688	-0.00172088	2.20E-07
3839671717	859.9838867	-24099.6582	-0.001714539	4.90E-07
3839671729	860.0056763	-23999.60547	-0.001708212	3.69E-07
3839671741	859.987854	-23899.64063	-0.00170179	2.98E-07
3839671752	860.0218506	-23799.63672	-0.001695295	3.68E-07
3839671764	860.0116577	-23699.75781	-0.001689094	3.11E-07
3839671775	860.0047607	-23599.74023	-0.001682942	2.72E-07
3839671786	859.9979248	-23499.76367	-0.001676915	2.95E-07
3839671798	859.9877319	-23399.74805	-0.001670385	2.91E-07
3839671810	860.0039673	-23299.51172	-0.00166401	2.76E-07
3839671821	860.0015869	-23199.67969	-0.001657819	2.44E-07
3839671833	859.9939575	-23099.68945	-0.001651474	2.62E-07
3839671844	859.9938354	-22999.625	-0.001645138	2.13E-07
3839671856	859.9656982	-22899.64648	-0.001639134	3.73E-07
3839671867	859.9980469	-22799.61914	-0.001632679	3.60E-07
3839671879	860.0054932	-22699.60547	-0.001626224	3.09E-07
3839671891	859.9928589	-22599.55273	-0.00161994	3.01E-07
3839671902	860.0158081	-22499.68359	-0.00161394	2.88E-07
3839671913	859.9772949	-22399.74219	-0.001607493	3.70E-07
3839671924	859.9824219	-22299.66602	-0.001601381	2.04E-07
3839671935	859.9998169	-22199.81055	-0.001595019	2.51E-07
3839671947	860.0168457	-22099.57422	-0.001588749	2.85E-07
3839671959	859.9817505	-21999.53516	-0.001582495	2.45E-07
3839671970	860.00354	-21899.53125	-0.001576361	2.58E-07
3839671982	859.9881592	-21799.58984	-0.001569761	3.12E-07
3839671994	860.0167847	-21699.64844	-0.001563506	2.83E-07
3839672005	859.9971313	-21599.79102	-0.001557311	3.27E-07
3839672017	860.0065918	-21499.49609	-0.001551018	3.62E-07
3839672028	859.9993286	-21400.34766	-0.00154471	2.40E-07
3839672039	860.0154419	-21300.25977	-0.001538304	2.75E-07
3839672052	860.0136108	-21200.45313	-0.001532056	2.40E-07
3839672064	860.0048828	-21100.40039	-0.001525631	2.06E-07
3839672076	859.9898682	-21000.34961	-0.001519347	3.16E-07
3839672088	860.0026855	-20900.15039	-0.001513139	2.39E-07
3839672100	860.0014038	-20800.42773	-0.00150656	3.14E-07
3839672112	859.9951172	-20700.16797	-0.001500378	3.54E-07
3839672123	859.9981079	-20600.36133	-0.001494235	2.51E-07
3839672134	860.0343628	-20500.34766	-0.001487697	2.99E-07
3839672147	859.9943237	-20399.71875	-0.001481657	3.17E-07
3839672159	860.0073242	-20299.77734	-0.001475239	2.95E-07
3839672170	860.0125122	-20199.58984	-0.001468821	2.50E-07
3839672181	860.0050049	-20099.73438	-0.001462761	3.11E-07
3839672193	859.9953003	-19999.74414	-0.001456285	2.25E-07
3839672204	860.0236816	-19899.66797	-0.001449838	2.52E-07
3839672216	860.0066528	-19799.78711	-0.001443564	2.86E-07
3839672228	859.9992676	-19699.60156	-0.001437363	2.67E-07
3839672239	860.0273438	-19599.53516	-0.001431007	2.23E-07
3839672251	860.019043	-19499.80273	-0.001424576	2.79E-07
3839672262	859.9938965	-19399.98242	-0.00141848	2.42E-07
3839672273	859.9829102	-19299.63672	-0.001412079	2.43E-07
3839672285	860.0012817	-19199.81836	-0.001405838	2.97E-07
3839672297	860.0196533	-19099.60547	-0.001399633	2.38E-07
3839672310	860.0266724	-18999.49219	-0.001393133	2.60E-07
3839672321	860.0009155	-18899.56445	-0.001386711	2.67E-07
3839672333	860.0113525	-18799.76758	-0.001380529	3.08E-07
3839672344	860.0136719	-18699.7168	-0.001374158	1.89E-07
3839672354	859.9891968	-18599.67773	-0.001367831	2.70E-07
3839672366	859.9835815	-18499.77148	-0.001361648	2.08E-07
3839672377	859.9769897	-18399.54883	-0.001355324	1.95E-07
3839672388	859.9891357	-18299.64453	-0.001349165	2.66E-07
3839672399	859.9859619	-18199.58008	-0.00134283	2.01E-07
3839672411	859.9802246	-18099.66211	-0.001336443	2.56E-07
3839672423	859.9937134	-17999.59766	-0.001329948	1.94E-07
3839672434	860.0072021	-17899.63281	-0.001323672	2.95E-07
3839672446	859.9971924	-17799.70117	-0.00131762	2.33E-07
3839672457	859.9934692	-17700.07813	-0.001311349	2.27E-07
3839672469	860.0298462	-17599.70898	-0.001304789	2.45E-07
3839672480	860.0215454	-17499.47266	-0.001298469	2.45E-07
3839672492	860.0056763	-17399.50781	-0.001292075	1.98E-07
3839672502	859.9901123	-17299.66211	-0.001285913	2.89E-07
3839672513	860.0180054	-17200.29688	-0.001279513	2.78E-07
3839672525	860.0053101	-17099.79102	-0.001273276	2.51E-07
3839672537	859.9993896	-16999.75195	-0.001266757	3.09E-07
3839672549	860.0181885	-16899.67578	-0.001260266	2.33E-07
3839672559	859.9766235	-16799.66016	-0.001254086	2.49E-07
3839672572	859.9881592	-16699.74219	-0.001247809	2.26E-07
3839672583	859.9996338	-16599.72656	-0.001241538	2.35E-07
3839672595	860.0123291	-16499.66406	-0.001235157	2.12E-07
3839672606	859.9871216	-16399.67188	-0.00122886	2.18E-07
3839672619	860.0290527	-16299.48535	-0.001222667	1.93E-07
3839672630	859.994812	-16199.71484	-0.001216376	1.88E-07
3839672641	859.9931641	-16099.6748	-0.00121013	1.86E-07
3839672653	860.0006714	-15999.61133	-0.00120398	2.26E-07
3839672663	860.0029297	-15899.51074	-0.001197564	2.65E-07
3839672675	860.0038452	-15799.71484	-0.001191359	2.02E-07
3839672687	859.986084	-15699.71289	-0.001184996	1.26E-07
3839672699	859.9876709	-15599.6123	-0.001178656	2.92E-07
3839672711	860.0053711	-15499.75488	-0.001172358	2.00E-07
3839672722	860.0377197	-15399.6543	-0.001166084	1.95E-07
3839672733	859.9920044	-15299.55371	-0.001159672	1.48E-07
3839672745	859.9819946	-15199.63574	-0.001153457	2.21E-07
3839672756	859.9995728	-15099.6084	-0.001147141	1.97E-07
3839672767	860.017395	-14999.55664	-0.001140762	1.95E-07
3839672779	860.0003052	-14899.59082	-0.00113444	2.00E-07
3839672790	859.9819946	-14799.63672	-0.001128151	2.31E-07
3839672802	860.0097046	-14700.6377	-0.001121711	2.69E-07
3839672813	860	-14600.40137	-0.001115466	2.06E-07
3839672825	860.0079346	-14500.23926	-0.001109231	2.37E-07
3839672836	860.003479	-14400.16406	-0.001102601	1.39E-07
3839672847	860.0098877	-14300.02539	-0.001096466	2.25E-07
3839672860	860.0125732	-14200.45117	-0.001090022	2.17E-07
3839672873	859.9940186	-14100.39941	-0.001083693	2.27E-07
3839672884	860.0244141	-14000.4082	-0.001077422	1.73E-07
3839672896	860.0153809	-13900.50293	-0.001070835	1.65E-07
3839672908	860.0081177	-13800.26758	-0.001064583	1.90E-07
3839672919	859.9953003	-13700.31348	-0.001058259	1.66E-07
3839672936	860.0065308	-13600.37109	-0.001051427	1.36E-07
3839672947	860.0023193	-13500.36914	-0.001044934	9.59E-08
3839672960	859.9989624	-13399.52051	-0.001038733	2.05E-07
3839672972	859.9823608	-13299.54199	-0.001032303	2.52E-07
3839672983	859.9968872	-13199.89453	-0.001026102	1.93E-07
3839672993	859.9922485	-13099.8916	-0.001020179	2.10E-07
3839673004	860.0026855	-12999.90039	-0.001013498	2.22E-07
3839673015	859.9804077	-12899.65234	-0.001007208	2.31E-07
3839673026	860.0170898	-12799.64941	-0.001000891	1.20E-07
3839673036	860.010376	-12699.53613	-0.000994462	1.77E-07
3839673047	860.0085449	-12599.79102	-0.000988116	1.25E-07
3839673057	859.9949951	-12499.50586	-0.000981729	1.75E-07
3839673069	860.0036011	-12399.66309	-0.000975417	1.13E-07
3839673080	860.022644	-12299.83105	-0.000968992	2.79E-07
3839673092	859.993042	-12199.9873	-0.000962665	1.75E-07
3839673104	859.9853516	-12099.62891	-0.000956354	1.80E-07
3839673114	860.0237427	-11999.80957	-0.000950011	1.38E-07
3839673126	859.9786987	-11899.64746	-0.00094351	1.31E-07
3839673136	859.9912109	-11799.65625	-0.000937154	1.61E-07
3839673147	859.9865112	-11699.66602	-0.000930737	1.87E-07
3839673159	859.9949951	-11600.04297	-0.00092446	1.73E-07
3839673169	859.9924927	-11499.79395	-0.000918049	1.37E-07
3839673180	859.9960938	-11399.82813	-0.000911732	1.36E-07
3839673191	860.0120239	-11299.77637	-0.000905537	1.87E-07
3839673201	859.9871216	-11199.71191	-0.000899055	1.91E-07
3839673211	860.0087891	-11099.68457	-0.000892689	2.10E-07
3839673222	860.0144043	-10999.69434	-0.000886309	1.38E-07
3839673232	859.9991455	-10899.88672	-0.000880118	1.83E-07
3839673243	859.9716797	-10799.89551	-0.00087387	1.96E-07
3839673254	859.9894409	-10699.9541	-0.000867236	1.42E-07
3839673265	859.9899902	-10599.58398	-0.000860934	1.47E-07
3839673276	860.022583	-10499.72754	-0.000854633	1.35E-07
3839673286	860.0126953	-10399.73633	-0.000848121	1.60E-07
3839673297	859.9974976	-10299.7832	-0.000841916	1.56E-07
3839673309	860.0096436	-10199.48633	-0.000835602	1.29E-07
3839673320	859.996582	-10099.77734	-0.000829144	1.40E-07
3839673331	860.0028687	-9999.896484	-0.000822607	1.11E-07
3839673342	859.991333	-9899.709961	-0.000816155	1.37E-07
3839673352	860.0202637	-9799.608398	-0.00080981	1.61E-07
3839673362	859.9990234	-9699.59375	-0.000803489	1.58E-07
3839673373	859.9759521	-9599.62793	-0.0007972	1.28E-07
3839673385	860.0187378	-9500.260742	-0.000790656	1.35E-07
3839673397	860.0028687	-9400.477539	-0.000784378	1.49E-07
3839673408	859.9918823	-9300.267578	-0.000778075	1.34E-07
3839673420	859.9874268	-9200.240234	-0.000771804	1.32E-07
3839673432	860.0147705	-9100.260742	-0.000765404	1.81E-07
3839673443	860.0085449	-9000.405273	-0.000759063	1.40E-07
3839673455	860.0014038	-8899.912109	-0.000752503	1.73E-07
3839673467	859.9758911	-8800.472656	-0.000746373	1.35E-07
3839673479	860.0040283	-8700.224609	-0.000739905	1.32E-07
3839673490	859.9926147	-8599.670898	-0.000733507	1.37E-07
3839673501	859.9988403	-8499.814453	-0.000727153	1.41E-07
3839673513	859.9888306	-8399.896484	-0.000720801	1.56E-07
3839673525	860.0204468	-8299.857422	-0.000714233	1.10E-07
3839673534	859.9976196	-8199.682617	-0.00070791	1.34E-07
3839673546	860.0181274	-8099.668457	-0.000701586	1.20E-07
3839673557	859.9813232	-7999.676758	-0.000695063	2.17E-07
3839673570	860.0043945	-7899.845703	-0.000688653	1.34E-07
3839673582	860.0139771	-7799.670898	-0.000682051	1.55E-07
3839673594	859.9991455	-7699.680176	-0.0006757	1.40E-07
3839673605	860.001709	-7599.689941	-0.000669362	9.71E-08
3839673617	859.9594727	-7499.687012	-0.000663013	1.15E-07
3839673628	859.9875488	-7399.842285	-0.000656512	1.25E-07
3839673638	860.0033569	-7299.839355	-0.000650037	1.28E-07
3839673648	860.0261841	-7199.812012	-0.000643569	1.07E-07
3839673659	859.9993286	-7099.846191	-0.000637304	1.21E-07
3839673672	859.9864502	-6999.94043	-0.000630887	1.03E-07
3839673682	860.0066528	-6899.49707	-0.00062453	1.29E-07
3839673694	860.0120239	-6799.628906	-0.000618037	1.34E-07
3839673704	860.0098267	-6699.637695	-0.000611706	1.03E-07
3839673714	859.9790039	-6599.610352	-0.000605276	1.27E-07
3839673725	860.003418	-6499.607422	-0.000598824	8.81E-08
3839673736	860.0053711	-6399.800781	-0.000592395	1.14E-07
3839673747	860.0048828	-6299.736328	-0.000585899	1.16E-07
3839673759	860.0270996	-6199.757813	-0.000579465	9.18E-08
3839673770	859.9952393	-6099.730469	-0.000573032	1.03E-07
3839673781	859.9893188	-5999.812988	-0.000566608	1.03E-07
3839673791	860.015564	-5899.932617	-0.000560083	1.71E-07
3839673803	860.0090332	-5799.941406	-0.000553663	9.73E-08
3839673814	860.005127	-5699.914063	-0.000547306	1.12E-07
3839673825	860.0036621	-5599.959961	-0.000540859	1.19E-07
3839673836	860.0148315	-5500.042969	-0.000534485	1.01E-07
3839673848	860.0014038	-5399.929688	-0.000527973	9.77E-08
3839673859	859.9871826	-5299.804199	-0.000521511	8.09E-08
3839673869	859.9916382	-5199.789063	-0.000515032	8.01E-08
3839673880	860.0006714	-5099.871582	-0.000508458	8.60E-08
3839673891	860.003479	-4999.697266	-0.000501908	8.57E-08
3839673902	859.9970703	-4899.693848	-0.000495477	7.88E-08
3839673912	860.0106201	-4800.119629	-0.000488948	9.17E-08
3839673924	860.005127	-4699.933105	-0.000482378	1.00E-07
3839673936	860.0045166	-4599.95459	-0.00047596	8.19E-08
3839673947	860.0007324	-4499.976074	-0.000469559	8.34E-08
3839673959	859.9727173	-4400.193359	-0.00046306	7.73E-08
3839673970	859.9851685	-4299.884277	-0.000456392	8.10E-08
3839673982	859.9938354	-4199.979492	-0.0004498	6.56E-08
3839673993	859.9848022	-4099.988281	-0.000443381	7.38E-08
3839674005	859.9810791	-3999.973389	-0.000436874	7.40E-08
3839674016	859.9995728	-3900.067871	-0.000430334	7.19E-08
3839674026	859.999939	-3799.93042	-0.000423828	6.13E-08
3839674037	860.02771	-3700.172119	-0.00041726	6.35E-08
3839674046	859.9962769	-3600.108154	-0.000410641	7.39E-08
3839674057	859.9936523	-3499.970215	-0.000404089	7.57E-08
3839674067	860.0085449	-3399.979736	-0.00039756	8.98E-08
3839674079	860.0006714	-3300.246094	-0.00039105	7.24E-08
3839674089	859.9875488	-3200.194092	-0.000384583	6.34E-08
3839674100	859.9907837	-3100.129883	-0.000377946	6.95E-08
3839674111	859.9978638	-3000.371582	-0.000371441	8.34E-08
3839674122	860.0041504	-2900.270752	-0.000364802	5.62E-08
3839674133	859.9838867	-2800.328857	-0.000358135	6.50E-08
3839674144	859.9815674	-2700.203613	-0.000351525	6.05E-08
3839674157	859.9978638	-2600.384277	-0.000344846	7.02E-08
3839674169	859.9963989	-2500.344482	-0.000338153	6.23E-08
3839674180	860.0197144	-2400.35376	-0.000331439	7.04E-08
3839674191	859.9962158	-2300.424072	-0.000324762	6.30E-08
3839674202	859.9747925	-2200.237549	-0.000318048	5.19E-08
3839674214	860.0046997	-2100.197754	-0.000311122	5.06E-08
3839674225	859.9932861	-2000.427246	-0.000304365	5.01E-08
3839674237	860.0062256	-1900.387451	-0.000297522	7.53E-08
3839674248	860.0101929	-1800.311157	-0.000290685	4.23E-08
3839674259	860.0094604	-1700.381592	-0.000283884	5.33E-08
3839674271	859.9924316	-1600.341797	-0.000276817	4.74E-08
3839674283	859.9942627	-1500.485718	-0.000269839	4.16E-08
3839674295	859.9805908	-1400.090942	-0.000262801	3.71E-08
3839674306	860.0195313	-1300.161377	-0.000255688	6.03E-08
3839674318	860.0130005	-1200.40332	-0.000248575	5.11E-08
3839674330	860.0349121	-1100.241211	-0.000241198	5.64E-08
3839674341	859.9912109	-1000.372742	-0.000233349	1.73E-07
3839674352	859.9946289	-900.2718506	-0.000225979	4.30E-08
3839674364	860.0044556	-800.3912964	-0.000217916	5.84E-08
3839674375	859.9904785	-700.3760376	-0.000209355	4.64E-08
3839674386	859.9728394	-600.2751465	-0.000200197	4.61E-08
3839674398	860.020874	-500.3088379	-0.000189968	4.76E-08
3839674408	859.9979248	-400.3180542	-0.00017809	4.06E-08
3839674419	860.022583	-300.4742126	-0.000162608	4.58E-08
3839674430	860.0151367	-200.1161804	-0.000139007	4.24E-08
3839674442	860.0056763	-100.4437027	-9.30E-05	4.23E-08
3839674453	860.0061035	-0.391736567	4.50E-05	4.34E-08
3839674464	860.0130005	99.80713654	0.000127121	4.72E-08
3839674474	859.9957275	199.83461	0.000157121	5.51E-08
3839674485	860.0023804	299.9110718	0.000174562	1.26E-07
3839674495	859.9927368	399.8896179	0.000187186	3.28E-08
3839674506	860.008667	499.7946777	0.000197701	1.20E-07
3839674517	860.0169067	599.6507568	0.00020711	4.46E-08
3839674527	859.9874878	699.751709	0.000215786	5.15E-08
3839674538	860.0025024	799.9383545	0.000223958	5.93E-08
3839674549	859.9963989	899.6965332	0.000231759	5.24E-08
3839674559	859.9995117	999.723999	0.00023926	8.72E-08
3839674570	859.9936523	1099.580078	0.000246785	7.60E-08
3839674584	860.0131836	1200.342041	0.000253904	4.62E-08
3839674595	860.0179443	1300.234863	0.000260987	4.41E-08
3839674607	860.0053711	1400.188965	0.00026791	5.09E-08
3839674619	860.0063477	1500.351074	0.000274895	5.05E-08
3839674630	860.0048828	1600.256104	0.000281946	1.86E-07
3839674642	860.0045776	1700.124512	0.000288677	4.47E-08
3839674653	859.9987793	1800.3479	0.000295549	4.61E-08
3839674664	860.0060425	1900.350952	0.000302356	3.74E-08
3839674676	859.989563	2000.35376	0.000309227	5.16E-08
3839674687	859.9817505	2100.185547	0.000315891	5.09E-08
3839674698	859.9918213	2200.200684	0.000322657	5.61E-08
3839674710	860.0043335	2300.166992	0.000329259	5.60E-08
3839674722	859.9934692	2400.170166	0.000335917	4.06E-08
3839674733	860.0184937	2500.29541	0.00034257	6.72E-08
3839674744	860.0025635	2600.249512	0.000349277	5.33E-08
3839674756	860.0076294	2700.289063	0.000355884	5.86E-08
3839674767	860.0180054	2800.255371	0.000362497	6.08E-08
3839674780	860.0187988	2900.491211	0.000369187	5.99E-08
3839674792	860.0097656	3000.224609	0.000375854	7.18E-08
3839674804	860.0215454	3100.30127	0.000382428	6.42E-08
3839674816	860.0124512	3200.34082	0.000388977	8.49E-08
3839674827	860.0117188	3300.344238	0.00039567	5.66E-08
3839674839	859.9855957	3400.371338	0.000402243	7.11E-08
3839674850	860.0109863	3500.435791	0.000408754	9.86E-08
3839674862	859.9903564	3600.279297	0.000415313	1.13E-07
3839674873	859.9805908	3700.466064	0.000421817	6.46E-08
3839674884	859.9970703	3800.224365	0.000428383	6.72E-08
3839674896	859.9960938	3900.337646	0.000434825	7.20E-08
3839674908	859.9692383	4000.193604	0.000441181	9.72E-08
3839674919	860.0059204	4100.441406	0.000447673	9.61E-08
3839674931	860.0070801	4200.432129	0.000454098	8.44E-08
3839674943	860.0188599	4300.288086	0.000460586	7.99E-08
3839674954	859.97052	4400.401367	0.000467202	8.72E-08
3839674966	860.0030518	4500.184082	0.000473739	7.11E-08
3839674978	860.0161133	4600.211914	0.000480089	1.55E-07
3839674990	859.9882202	4700.189941	0.000486676	8.32E-08
3839675002	859.9981689	4800.31543	0.000493084	1.02E-07
3839675013	860.0119629	4900.281738	0.000499658	9.53E-08
3839675025	860.0130615	5000.370605	0.000506105	6.57E-08
3839675036	860.0008545	5100.349121	0.000512571	9.60E-08
3839675047	860.0008545	5200.400879	0.000518875	1.08E-07
3839675059	860.0197754	5300.367188	0.000525322	7.12E-08
3839675070	860.0018311	5400.345703	0.000531564	1.07E-07
3839675082	859.9946899	5500.544434	0.000538133	9.29E-08
3839675093	859.9914551	5600.327148	0.000544466	9.02E-08
3839675105	860	5700.232422	0.000550845	8.68E-08
3839675116	860.0124512	5800.431152	0.000557329	1.10E-07
3839675128	860.0014648	5900.324219	0.000563768	1.17E-07
3839675139	860.0044556	6000.351563	0.000570209	1.29E-07
3839675151	860.0057373	6100.317871	0.000576663	1.04E-07
3839675163	859.9993896	6200.443359	0.000583069	1.26E-07
3839675174	859.9985962	6300.48291	0.000589564	1.30E-07
3839675185	860.0075684	6400.277832	0.000595899	1.25E-07
3839675197	859.9897461	6500.391113	0.000602301	1.01E-07
3839675208	859.9863892	6600.369141	0.000608551	9.47E-08
3839675220	860.0083008	6700.421387	0.000615175	1.06E-07
3839675232	859.9761963	6800.522461	0.000621443	1.12E-07
3839675243	860.012146	6900.01123	0.00062799	1.08E-07
3839675256	859.9817505	7000.443359	0.000634177	1.37E-07
3839675268	859.9851685	7100.481934	0.0006408	1.24E-07
3839675279	860.0021362	7200.179688	0.000647284	1.15E-07
3839675291	859.9915161	7300.207031	0.00065371	1.12E-07
3839675302	860.0266113	7400.393555	0.000660049	1.23E-07
3839675314	860.0180664	7500.396484	0.000666416	1.20E-07
3839675326	860.0058594	7600.49707	0.000672794	8.69E-08
3839675337	860.0139771	7700.439453	0.000679114	1.52E-07
3839675349	860.0001831	7800.45459	0.000685477	1.00E-07
3839675360	859.9963379	7900.408691	0.00069196	1.02E-07
3839675371	859.9820557	8000.277344	0.000698357	1.42E-07
3839675383	859.9968262	8100.463867	0.000704849	1.42E-07
3839675394	860.006897	8200.454102	0.00071134	1.12E-07
3839675406	859.982605	8300.506836	0.00071763	1.28E-07
3839675417	859.9768677	8400.313477	0.0007241	1.02E-07
3839675428	860.0040283	8500.439453	0.00073051	1.29E-07
3839675440	859.9980469	8600.294922	0.00073687	1.83E-07
3839675452	860.0053711	8700.286133	0.000743315	1.24E-07
3839675463	860.0056152	8800.435547	0.000749727	1.54E-07
3839675474	859.9943848	8900.475586	0.000756001	1.56E-07
3839675486	859.998291	9000.319336	0.000762333	1.39E-07
3839675497	860.0140991	9100.34668	0.000768516	1.64E-07
3839675509	860.0042725	9200.288086	0.000775009	1.65E-07
3839675520	860.0159302	9300.291016	0.000781408	1.12E-07
3839675532	860.0117798	9400.379883	0.000787669	1.74E-07
3839675544	859.9793701	9500.457031	0.000794095	1.62E-07
3839675555	859.9934692	9600.47168	0.000800488	1.17E-07
3839675567	859.9936523	9700.168945	0.000806735	1.13E-07
3839675578	859.9958496	9800.342773	0.000812945	1.55E-07
3839675590	860.0057373	9900.199219	0.000819502	1.32E-07
3839675601	860.0078125	10000.33691	0.000825708	1.87E-07
3839675612	859.992981	10100.2666	0.000832285	1.83E-07
3839675624	860.0043335	10200.45313	0.000838555	1.41E-07
3839675635	859.9810791	10300.44434	0.000845196	1.55E-07
3839675647	859.9956055	10400.42188	0.000851341	1.51E-07
3839675658	860.0015259	10500.29102	0.000857641	1.35E-07
3839675670	859.9844971	10600.3916	0.000863953	2.39E-07
3839675681	860.0073242	10700.37012	0.000870246	1.63E-07
3839675693	859.9991455	10800.34863	0.000876602	1.72E-07
3839675704	860.0265503	10900.35254	0.000882821	1.68E-07
3839675716	860.0059204	11000.33008	0.000889279	1.96E-07
3839675727	859.9962158	11100.37012	0.00089557	1.89E-07
3839675739	860.0050659	11200.21387	0.000902093	2.18E-07
3839675750	860.0004272	11300.18066	0.000908454	1.89E-07
3839675762	859.9920654	11400.23242	0.000914754	1.90E-07
3839675773	860.020874	11500.43066	0.000921052	2.11E-07
3839675784	860.0126953	11600.34863	0.00092747	1.50E-07
3839675797	859.9821167	11700.15625	0.000933755	2.04E-07
3839675808	860.0067139	11800.20703	0.000939984	2.09E-07
3839675819	860.0039673	11900.125	0.000946337	2.39E-07
3839675830	860.0101929	12000.15234	0.000952778	2.05E-07
3839675840	859.9920654	12099.97168	0.000958949	2.17E-07
3839675851	859.979248	12199.9873	0.000965304	1.80E-07
3839675862	859.987793	12299.8916	0.000971655	1.93E-07
3839675872	860.0039673	12399.93164	0.000977975	2.66E-07
3839675883	859.9952393	12499.93457	0.000984664	1.84E-07
3839675895	860.0037842	12599.7168	0.000990836	2.25E-07
3839675907	859.9986572	12699.97754	0.000997275	2.27E-07
3839675918	860.0152588	12799.71094	0.001003692	1.83E-07
3839675929	859.987854	12900.10645	0.001010003	1.49E-07
3839675940	860.0100708	13000.10938	0.001016702	2.32E-07
3839675950	859.996582	13100.17285	0.001022739	2.72E-07
3839675961	860.0004272	13199.56348	0.001029029	2.10E-07
3839675972	859.9963989	13299.60352	0.001035182	2.20E-07
3839675983	859.9735107	13399.93652	0.001041582	1.90E-07
3839675994	860.0123901	13500.22168	0.001047886	1.94E-07
3839676005	859.9987183	13599.95508	0.001054329	2.19E-07
3839676015	859.9920044	13699.98242	0.001060786	1.91E-07
3839676026	859.9991455	13799.97363	0.001067066	1.56E-07
3839676037	859.9951172	13899.68164	0.001073222	2.34E-07
3839676048	860.008606	14000.06543	0.001079499	1.93E-07
3839676060	859.972168	14100.16602	0.001086119	2.56E-07
3839676070	859.9968872	14199.59375	0.001092234	2.38E-07
3839676081	860.0427856	14299.81738	0.001098551	1.94E-07
3839676092	859.9851685	14399.84473	0.001105041	1.63E-07
3839676103	859.9943848	14499.54199	0.001111168	2.73E-07
3839676114	860.0020752	14599.77734	0.001117611	2.74E-07
3839676125	859.9926758	14700.19727	0.001124018	2.54E-07
3839676136	860.0218506	14799.64941	0.001130088	2.65E-07
3839676146	859.9926758	14900.01855	0.001136791	2.21E-07
3839676157	859.9956665	14999.75195	0.001142998	2.11E-07
3839676168	859.9950562	15099.53516	0.001149215	2.22E-07
3839676179	859.99823	15199.72168	0.0011555	1.93E-07
3839676189	860.0090942	15299.98242	0.001162018	2.22E-07
3839676200	860.0103149	15399.70313	0.00116822	2.62E-07
3839676211	860.0122681	15500.12305	0.001174493	2.63E-07
3839676221	860.0161133	15600.1377	0.00118107	2.68E-07
3839676232	860.0217896	15699.72559	0.001187185	3.05E-07
3839676243	860.0039673	15799.91016	0.001193562	3.10E-07
3839676253	860.0063477	15899.90137	0.001199664	3.03E-07
3839676264	860.0164795	15999.67285	0.001205866	3.39E-07
3839676284	859.9876099	16099.85938	0.001212289	2.27E-07
3839676294	860.0003662	16200.42578	0.001218633	2.52E-07
3839676306	860.0014038	16300.17188	0.001224765	2.44E-07
3839676316	859.9985352	16400.24805	0.00123095	2.89E-07
3839676327	859.9998779	16500.11523	0.001237369	2.26E-07
3839676338	860.0252686	16600.26563	0.001243536	2.37E-07
3839676349	859.996521	16699.91406	0.001250186	2.81E-07
3839676360	859.9943848	16799.84375	0.001256564	3.09E-07
3839676371	859.9822998	16899.82227	0.001262968	2.87E-07
3839676382	859.9844971	16999.53125	0.001269037	2.33E-07
3839676394	860.0010376	17100.02344	0.001275046	1.77E-07
3839676414	860.0002441	17199.87891	0.001281461	2.72E-07
3839676424	859.9935913	17299.72461	0.001287753	3.06E-07
3839676435	860.0220947	17399.82422	0.001294254	2.89E-07
3839676446	859.9752197	17499.79102	0.001300396	2.20E-07
3839676458	859.9911499	17599.60938	0.001306855	2.68E-07
3839676469	859.9780884	17699.62695	0.001308127	4.59E-06
3839676479	859.9917603	17799.83594	0.00131952	2.49E-07
3839676490	860.0258789	17899.88867	0.001326042	2.88E-07
3839676501	859.9966431	17999.94141	0.001332132	2.51E-07
3839676512	859.9904785	18099.73438	0.001338448	2.63E-07
3839676522	859.9926147	18199.78711	0.00134479	2.10E-07
3839676533	860.0049438	18300.0957	0.001350978	2.93E-07
3839676545	859.9990845	18399.78125	0.001357655	2.68E-07
3839676555	860.0010376	18499.79492	0.001363699	2.92E-07
3839676567	860.012146	18599.72656	0.001369906	1.89E-07
3839676578	859.9975586	18699.82617	0.001376418	2.15E-07
3839676589	860.0013428	18799.68359	0.00138237	2.90E-07
3839676600	859.9922485	18899.75977	0.001388704	3.23E-07
3839676611	859.9924316	18999.76367	0.001395202	4.10E-07
3839676622	859.9734497	19099.60547	0.001401418	2.74E-07
3839676633	860.0041504	19199.80469	0.001407637	2.32E-07
3839676653	859.9845581	19299.77148	0.001408993	4.59E-06
3839676664	859.9765015	19399.76367	0.001420487	2.29E-07
3839676675	860.0187988	19499.59375	0.00142685	3.28E-07
3839676686	859.9943237	19599.59766	0.001432836	2.65E-07
3839676697	859.9928589	19699.68555	0.001439105	2.26E-07
3839676708	860.0004883	19799.86133	0.001445742	3.35E-07
3839676720	860.0247192	19900.00977	0.001451798	2.40E-07
3839676732	860.0073242	19999.69531	0.001458339	2.79E-07
3839676742	860.0064697	20099.79492	0.001464639	2.56E-07
3839676753	859.9890747	20199.77344	0.001470861	4.37E-07
3839676765	859.9775391	20299.59375	0.001477045	2.44E-07
3839676777	859.9827881	20399.60938	0.001483332	2.80E-07
3839676788	859.9907837	20499.61133	0.001489576	4.70E-07
3839676808	860.0006714	20599.56641	0.001495679	3.50E-07
3839676818	860.0165405	20700.00977	0.001502247	3.39E-07
3839676829	859.9909668	20799.8418	0.001508195	2.86E-07
3839676841	860.0013428	20899.88086	0.001514755	3.47E-07
3839676851	860.0203247	20999.89453	0.001521183	3.70E-07
3839676862	860.0037842	21099.58008	0.001527516	3.32E-07
3839676873	859.9888306	21199.75391	0.001533809	3.05E-07
3839676884	860.0182495	21299.75781	0.001540123	2.53E-07
3839676895	860.0228882	21399.77344	0.001546551	2.66E-07
3839676905	859.980835	21500.13086	0.001552784	2.54E-07
3839676925	860.0239258	21599.86523	0.00155888	2.32E-07
3839676945	860.0009155	21699.59766	0.001565439	2.55E-07
3839676956	860.0220337	21799.55273	0.00157171	3.43E-07
3839676977	860.0115967	21899.67773	0.001577489	2.77E-07
3839676988	859.9902954	21999.95117	0.001584257	3.02E-07
3839677009	860.0247803	22099.59766	0.001590442	2.85E-07
3839677019	859.9954834	22199.83398	0.001596678	3.27E-07
3839677030	859.9906616	22299.61719	0.001602931	3.68E-07
3839677042	860.0068359	22399.49609	0.001609337	3.89E-07
3839677053	860.0202637	22499.75781	0.001615768	3.30E-07
3839677067	860.0075684	22599.63867	0.001621758	2.73E-07
3839677087	860.0064087	22699.74023	0.001628026	2.40E-07
3839677098	860.0037231	22799.66797	0.001634517	3.01E-07
3839677110	860.005127	22899.74609	0.001640822	3.25E-07
3839677131	859.9975586	22999.63867	0.001646886	2.72E-07
3839677155	859.9788208	23099.60547	0.001653596	2.43E-07
3839677167	859.9938965	23199.83984	0.001660546	4.04E-07
3839677178	860.0264282	23299.67188	0.001666617	2.95E-07
3839677190	860.0004272	23399.8457	0.001672839	3.86E-07
3839677201	860.007019	23499.61719	0.00167908	3.93E-07
3839677213	859.9872437	23599.70508	0.001685649	2.58E-07
3839677224	860.0200195	23699.92773	0.001691322	1.97E-07
3839677235	859.9868164	23799.72266	0.001697982	3.28E-07
3839677245	860.0328979	23900.07031	0.001704181	3.39E-07
3839677256	859.9818115	23999.69141	0.001710259	3.63E-07
3839677267	860.0116577	24100.16016	0.00171689	2.44E-07
3839677278	859.9862671	24200.25	0.001723118	2.91E-07
3839677289	859.9771729	24299.82422	0.001729194	2.77E-07
3839677300	860.00354	24400.35352	0.001735568	3.32E-07
3839677312	859.9983521	24500.0625	0.001741868	3.88E-07
3839677324	860.0177612	24600.06445	0.00174838	3.36E-07
3839677335	859.980835	24700.20313	0.001753643	3.76E-07
3839677346	860.0188599	24799.97461	0.001760853	3.94E-07
3839677356	859.9973145	24899.87695	0.001766759	3.72E-07
3839677367	860.00354	24999.98047	0.001773147	2.90E-07
3839677378	860.008606	25100.11719	0.001779447	3.51E-07
3839677389	860.003418	25199.75391	0.00178612	2.69E-07
3839677399	860.0054321	25299.79297	0.001791819	3.93E-07
3839677410	859.9956055	25399.79492	0.001798656	3.65E-07
3839677421	860.0227051	25499.55273	0.001805028	3.47E-07
3839677432	860.0016479	25599.71484	0.001811343	3.22E-07
3839677443	860.0046387	25699.90234	0.001817535	2.83E-07
3839677454	859.9699097	25799.59961	0.001823902	2.30E-07
3839677465	859.9744263	25899.77344	0.001829422	3.84E-07
3839677478	860.0114136	25999.64258	0.001836154	3.88E-07
3839677489	860.0022583	26099.6582	0.00184248	4.08E-07
3839677500	859.9866943	26199.68555	0.001849007	2.17E-07
3839677511	860.0078735	26299.8457	0.001855196	2.59E-07
3839677522	859.9996338	26399.76367	0.001861533	2.53E-07
3839677532	859.9822388	26499.61914	0.001867842	3.46E-07
3839677543	859.9935913	26599.81836	0.001874238	3.04E-07
3839677554	860.0188599	26699.9082	0.001880106	3.87E-07
3839677565	860.0046997	26799.66602	0.00188662	2.52E-07
3839677576	860.0160522	26899.73242	0.001893057	3.62E-07
3839677587	859.9906006	26999.74609	0.001899179	3.11E-07
3839677598	860.0022583	27099.9082	0.001905439	3.38E-07
3839677609	859.9830322	27199.76367	0.001911751	4.39E-07
3839677622	859.9925537	27299.66797	0.001918332	3.55E-07
3839677633	860.0065308	27399.52344	0.001924589	3.43E-07
3839677645	859.9887085	27499.57617	0.001930647	3.88E-07
3839677656	860.0181274	27599.54492	0.001937218	2.29E-07
3839677668	860.0235596	27699.60938	0.001943252	3.93E-07
3839677679	860.0002441	27799.70898	0.001948987	3.09E-07
3839677691	860.0001831	27899.61328	0.00195559	3.48E-07
3839677702	860.0097046	27999.61523	0.001962121	3.49E-07
3839677714	859.9846191	28099.50781	0.001968226	3.03E-07
3839677725	860.0249023	28199.70703	0.001974371	3.75E-07
3839677737	860.0084229	28299.59961	0.001981082	3.77E-07
3839677749	860.003479	28399.88672	0.001987057	3.57E-07
3839677760	859.9835205	28499.92773	0.00199319	3.55E-07
3839677771	860.0020142	28599.57227	0.002000128	3.61E-07
3839677783	859.9902954	28699.625	0.002005867	4.16E-07
3839677794	860.0075073	28799.66406	0.002012665	3.48E-07
3839677806	860.0009155	28899.67969	0.002018729	3.10E-07
3839677817	860.0037842	28999.67188	0.002025184	2.32E-07
3839677829	860.015564	29099.63672	0.002030882	3.39E-07
3839677840	859.9992065	29199.56836	0.002037199	4.89E-07
3839677852	859.9770508	29299.53125	0.002043673	4.02E-07
3839677863	859.980835	29399.55859	0.002049922	3.82E-07
3839677875	860.0250854	29499.88086	0.002056114	3.64E-07
3839677886	860.0004272	29600.27734	0.00206265	3.86E-07
3839677897	860.008606	29700.15625	0.002069098	3.78E-07
3839677909	859.9807739	29799.69727	0.002075214	2.70E-07
3839677919	859.9869995	29899.92969	0.002081501	4.30E-07
3839677930	860.0175781	29999.67578	0.00208787	5.62E-07
3839677942	860.0391846	30099.65625	0.002093555	3.96E-07
3839677953	860.0006104	30199.64648	0.002100645	2.18E-07
3839677964	860.0187988	30299.57617	0.002106529	3.47E-07
3839677975	859.9983521	30399.73828	0.002112683	5.85E-07
3839677986	860.0043945	30499.64258	0.002119077	2.88E-07
3839677997	860.0241089	30599.69531	0.002125453	2.96E-07
3839678008	860.0163574	30699.67188	0.002131593	4.60E-07
3839678019	859.9683838	30799.72461	0.002138012	3.89E-07
3839678030	859.9914551	30899.77734	0.002144227	3.23E-07
3839678041	860.0224609	30999.73242	0.002150628	2.84E-07
3839678052	860.0228882	31099.78125	0.002157201	3.56E-07
3839678063	859.987854	31199.56445	0.002163037	4.77E-07
3839678074	859.9892578	31299.74023	0.002169144	2.97E-07
3839678086	860.0074463	31399.74414	0.002175783	3.24E-07
3839678096	859.9912109	31499.73438	0.002181861	3.07E-07
3839678107	859.9764404	31599.67773	0.002188163	3.21E-07
3839678118	859.9846191	31699.62891	0.002194605	3.62E-07
3839678129	860.0065918	31799.68164	0.002200265	3.86E-07
3839678141	859.9796143	31899.75977	0.002207247	2.66E-07
3839678152	860.0057373	31999.8457	0.002213276	3.90E-07
3839678164	859.9971313	32099.57813	0.002219512	2.78E-07
3839678175	859.9901733	32199.77734	0.002225961	3.80E-07
3839678186	859.9996948	32299.51172	0.002231775	3.73E-07
3839678198	859.9736938	32399.65234	0.002238232	5.29E-07
3839678210	859.9854736	32499.6543	0.002244343	5.75E-07
3839678221	859.9943237	32599.68164	0.002250681	3.74E-07
3839678232	860.00177	32699.62305	0.0022572	2.73E-07
3839678242	860.015686	32799.76172	0.002263557	3.25E-07
3839678253	859.9963379	32899.72656	0.002269086	4.50E-07
3839678264	859.9621582	32999.50781	0.002275948	4.58E-07
3839678275	860.0275879	33099.52734	0.002282547	2.93E-07
3839678286	860.0058594	33199.57422	0.002288775	3.70E-07
3839678297	860.0023804	33299.72656	0.002294824	3.40E-07
3839678307	859.9994507	33399.86328	0.002301221	4.54E-07
3839678318	859.9971313	33499.64844	0.002307061	4.58E-07
3839678329	859.998291	33599.66406	0.002313597	4.02E-07
3839678340	859.9812622	33699.91016	0.002319848	3.27E-07
3839678352	859.9885254	33799.63281	0.0023258	5.80E-07
3839678363	859.9678345	33899.51172	0.002332561	5.41E-07
3839678373	859.9790039	33999.77344	0.002338722	2.94E-07
3839678384	860.0082397	34099.60547	0.002345272	3.44E-07
3839678395	860.0147705	34199.64453	0.002351524	5.23E-07
3839678406	859.9906006	34299.99219	0.002357956	4.56E-07
3839678417	859.9979858	34399.74609	0.002363863	5.22E-07
3839678428	860.0063477	34499.76563	0.002370255	4.89E-07
3839678439	859.9902344	34599.75391	0.002376578	4.18E-07
3839678450	860.0040894	34699.78125	0.002382727	2.80E-07
3839678460	860.0006104	34799.67188	0.002389239	5.08E-07
3839678472	860.0047607	34899.73828	0.002394986	6.53E-07
3839678483	859.9514771	34999.78906	0.002401642	4.07E-07
3839678495	860.0401611	35099.48828	0.00240764	5.46E-07
3839678506	859.9909058	35199.79688	0.00241389	4.08E-07
3839678517	859.9842529	35299.67578	0.002420434	5.15E-07
3839678528	860.0184326	35399.56641	0.002426734	4.73E-07
3839678539	859.9830322	35499.65625	0.002433041	4.74E-07
3839678549	860.0438232	35599.67188	0.002439084	4.18E-07
3839678560	859.987793	35699.69922	0.002445373	4.83E-07
3839678571	859.9533691	35799.53516	0.002451325	5.72E-07
3839678582	859.9943237	35899.53516	0.002457802	4.24E-07
3839678592	860.0198975	35999.76172	0.002464054	4.19E-07
3839678603	860.0194092	36099.76172	0.00247022	5.84E-07
3839678614	859.9951172	36199.9375	0.002476621	4.12E-07
3839678625	860.0168457	36299.71875	0.00248303	4.20E-07
3839678637	860.0015869	36399.79297	0.00248922	4.78E-07
3839678648	859.9899902	36499.51953	0.002495663	4.93E-07
3839678660	859.9933472	36599.85156	0.002501952	4.49E-07
3839678671	859.9971313	36699.55859	0.002507868	5.33E-07
3839678682	859.9799805	36799.5625	0.00251445	5.08E-07
3839678692	860.0075073	36899.58984	0.002521164	4.12E-07
3839678704	860.0274048	36999.54297	0.002526647	4.91E-07
3839678715	860.0233765	37099.65625	0.002533401	4.97E-07
3839678726	859.9528809	37199.47656	0.002539334	6.15E-07
3839678738	860.0215454	37299.6875	0.002545402	4.29E-07
3839678750	859.9595337	37399.82422	0.002551998	5.65E-07
3839678761	860.0089722	37499.81641	0.002558542	4.74E-07
3839678772	860.0001831	37599.73438	0.002564597	4.36E-07
3839678783	860.0203857	37699.78516	0.002570596	5.25E-07
3839678794	860.0199585	37799.8125	0.002577459	4.22E-07
3839678805	859.9971924	37899.57031	0.002583392	5.22E-07
3839678816	860.0334473	37999.57422	0.002589908	4.50E-07
3839678827	860.0256348	38099.85938	0.002596004	4.16E-07
3839678838	859.9772339	38200.04688	0.002601613	4.86E-07
3839678849	859.9719238	38299.79297	0.002608238	7.20E-07
3839678860	859.9877319	38399.79297	0.002614573	4.23E-07
3839678871	859.9929199	38500.08984	0.002620713	4.49E-07
3839678881	860.0059814	38599.8125	0.002627083	3.91E-07
3839678892	860.0023193	38699.97266	0.002633388	4.40E-07
3839678903	859.9970703	38800.14844	0.002640132	6.28E-07
3839678913	860.02948	38899.92969	0.002646026	4.52E-07
3839678924	860.0159302	38999.61719	0.00265268	2.77E-07
3839678935	860.0151978	39100.08594	0.002658237	3.60E-07
3839678945	860.0202026	39199.53906	0.002664886	4.82E-07
3839678956	860.0108643	39299.76953	0.002671367	3.83E-07
3839678967	860.0241699	39399.95703	0.00267769	5.02E-07
3839678979	860.0209351	39499.82813	0.002683851	4.34E-07
3839678990	859.9797974	39599.82031	0.002689817	6.38E-07
3839679000	860.0158081	39699.72266	0.002696205	3.89E-07
3839679011	860.0471802	39800.03125	0.002703026	4.59E-07
3839679022	860.0042725	39899.80469	0.002708928	3.05E-07
3839679032	859.9933472	39999.69531	0.002715165	4.75E-07
3839679043	859.982605	40099.87109	0.00272128	6.44E-07
3839679054	860.0183716	40199.62891	0.002727483	5.77E-07
3839679065	860.0036011	40300.07031	0.002733809	4.94E-07
3839679075	859.9921265	40399.58594	0.002740038	3.72E-07
3839679087	859.9960327	40499.58984	0.002746546	4.57E-07
3839679098	859.9884644	40599.51953	0.002752703	3.62E-07
3839679109	859.9996948	40699.66797	0.002758973	3.75E-07
3839679120	860.0027466	40799.70703	0.002765051	6.06E-07
3839679132	859.9910889	40900.00391	0.002771887	3.74E-07
3839679142	860.0136108	40999.51953	0.002777584	5.15E-07
3839679153	860.0303955	41099.82813	0.002784093	4.09E-07
3839679164	859.9994507	41199.71875	0.002790523	3.96E-07
3839679174	859.9896851	41299.85547	0.002796698	3.40E-07
3839679185	860.0078735	41400.20313	0.002802832	5.82E-07
3839679196	859.9772949	41500.09375	0.002809153	5.29E-07
3839679207	859.9884644	41599.80469	0.00281527	5.01E-07
3839679217	860.0164795	41700.23828	0.002821664	5.46E-07
3839679228	859.9786377	41800.06641	0.002827708	4.75E-07
3839679239	860.0133057	41899.93359	0.002834022	5.79E-07
3839679250	859.9833984	41999.64453	0.002839967	3.88E-07
3839679261	859.9946289	42100.11328	0.00284646	5.48E-07
3839679272	859.9915161	42200.06641	0.002852317	5.63E-07
3839679282	859.9946289	42300.12109	0.002858948	5.57E-07
3839679293	860.067688	42399.66797	0.002865163	5.38E-07
3839679305	860.0089111	42499.58594	0.002871521	5.35E-07
3839679316	859.9957275	42599.72656	0.002877603	5.68E-07
3839679327	859.9891357	42699.55469	0.002884186	4.84E-07
3839679337	859.9807739	42799.58203	0.002889996	5.61E-07
3839679349	860.0028687	42899.64844	0.00289679	6.19E-07
3839679359	859.9827881	42999.87109	0.002902856	5.75E-07
3839679370	859.9881592	43099.86328	0.002909123	5.46E-07
3839679381	859.9918823	43199.89063	0.00291538	5.33E-07
3839679393	859.9914551	43299.83203	0.00292117	5.52E-07
3839679404	860.0068359	43399.82031	0.00292784	4.51E-07
3839679415	860.0245361	43499.71484	0.002934297	4.78E-07
3839679426	859.9949341	43599.80469	0.002940519	5.09E-07
3839679437	860.0023193	43699.89063	0.002946669	5.88E-07
3839679448	859.993103	43799.99219	0.002952801	6.44E-07
3839679459	860.0461426	43899.82422	0.002958801	8.50E-07
3839679470	859.9760132	43999.75391	0.002965331	6.34E-07
3839679482	860.0272217	44099.52344	0.002971677	4.96E-07
3839679492	860.0083008	44199.72266	0.002977716	5.89E-07
3839679504	859.9937134	44299.76563	0.002984075	6.87E-07
3839679514	859.9945679	44399.99609	0.00299081	4.47E-07
3839679526	860.0014648	44499.78125	0.002997005	4.75E-07
3839679537	859.9671631	44599.78125	0.003003234	4.20E-07
3839679548	859.9793091	44699.62891	0.003009615	3.97E-07
3839679560	860.022644	44800.07031	0.003015561	5.29E-07
3839679570	860.0131226	44899.74219	0.003022335	5.02E-07
3839679581	860.0150757	45000.00391	0.003028603	6.03E-07
3839679592	860.0157471	45100.07031	0.003034325	5.93E-07
3839679603	859.9927368	45200.20703	0.003040681	5.81E-07
3839679613	860.024353	45299.58594	0.003047009	4.77E-07
3839679624	860.0305176	45399.78516	0.003052953	7.65E-07
3839679635	859.9841919	45499.97266	0.00305972	4.56E-07
3839679646	859.9769897	45600.03516	0.003065876	5.53E-07
3839679657	859.9820557	45699.75781	0.003072158	4.66E-07
3839679668	860.0040283	45799.95313	0.003078116	5.50E-07
3839679679	860.0075684	45899.96094	0.003084454	5.72E-07
3839679690	860.0043945	45999.94922	0.003090899	4.59E-07
3839679701	859.9916992	46099.69531	0.003097261	4.84E-07
3839679711	860.0246582	46199.88281	0.00310389	5.34E-07
3839679722	859.9686279	46299.88281	0.003109828	5.86E-07
3839679733	860.0093994	46399.89844	0.003115982	4.62E-07
3839679744	859.9888916	46499.59766	0.003122651	5.14E-07
3839679754	859.9943237	46600.30859	0.003128812	5.65E-07
3839679765	859.9992676	46700.08203	0.003134992	6.74E-07
3839679776	860.0299683	46799.83984	0.003140868	6.30E-07
3839679787	859.9591675	46899.79297	0.003146904	5.63E-07
3839679798	860.0105591	46999.74609	0.003153483	6.33E-07
3839679808	860.0202026	47099.98438	0.003159788	5.92E-07
3839679819	859.9970703	47200.15625	0.003165966	5.17E-07
3839679830	859.9865723	47299.67969	0.003172452	5.35E-07
3839679841	859.9835205	47400.21094	0.003178688	5.62E-07
3839679851	860.0197754	47500.30078	0.003184697	4.24E-07
3839679862	860.006958	47599.98438	0.003191177	5.90E-07
3839679872	859.9365234	47700.16016	0.003196969	7.02E-07
3839679883	859.9759521	47800.19922	0.00320363	4.98E-07
3839679894	859.9719238	47900.50781	0.00320958	4.53E-07
3839679906	860.0244141	48000.25391	0.003215898	7.33E-07
3839679916	860.0300903	48100.19531	0.003222405	4.28E-07
3839679927	860.012085	48200.33203	0.003228428	5.48E-07
3839679938	860.0197754	48300.15234	0.00323478	6.84E-07
3839679949	859.9885254	48400.28906	0.003240553	7.11E-07
3839679960	859.9822998	48500.30469	0.003246982	5.29E-07
3839679971	859.9779663	48600.22266	0.003253191	6.18E-07
3839679982	860.0169067	48700.47266	0.003260217	6.32E-07
3839679994	859.9983521	48800.44922	0.003266186	5.40E-07
3839680004	859.9907837	48900.31641	0.003272516	5.78E-07
3839680015	860.0391235	49000.23438	0.003278893	4.02E-07
3839680026	860.0210571	49100.39453	0.003285123	5.90E-07
3839680037	860.0009155	49200.26563	0.003291203	3.20E-07
3839680049	859.9790039	49300.42969	0.003297613	4.72E-07
3839680061	860.0119019	49400.30859	0.0033038	6.99E-07
3839680072	859.9926147	49500.26172	0.003309825	4.67E-07
3839680084	859.9443359	49600.28906	0.003316592	3.88E-07
3839680095	860.0223999	49700.29297	0.003321966	5.50E-07
3839680106	859.9928589	49800.33203	0.00332889	6.10E-07
3839680118	859.9910278	49900.32422	0.00333469	5.32E-07
3839680129	860.0139771	50000.20313	0.003341188	6.19E-07
